Region,year,material_category,EXP_Mt
East Asia,1970,Coal,2.938
East Asia,1970,Crop Residues,0.004383
East Asia,1970,Crops,19.226819
East Asia,1970,Excavated earthen materials (including soil) nec,0
East Asia,1970,Ferrous ores,25.296981
East Asia,1970,Grazed biomass and fodder crops,0.006059
East Asia,1970,Mixed / complex products nec.,1.296271
East Asia,1970,Natural Gas,0
East Asia,1970,Non-ferrous ores,3.796032
East Asia,1970,Non-metallic minerals - construction dominant,1.111796
East Asia,1970,Non-metallic minerals - industrial or agricultural dominant,2.795015
East Asia,1970,Non-wild animal products,0.787776
East Asia,1970,Other products mainly from fossil fuels e.g. plastics,2.9297199999999997
East Asia,1970,Petroleum,41.493
East Asia,1970,Products mainly from biomass nec.,3.028195
East Asia,1970,Products mainly from metals nec.,6.765591
East Asia,1970,Products mainly from non-metallic minerals,3.019661
East Asia,1970,Refined fossil fuels mainly for fuel e.g. LPG gasoline diesel,17.117
East Asia,1970,Waste for final treatment and disposal,0.055212
East Asia,1970,Wild catch and harvest,0
East Asia,1970,Wood,23.446804
East Asia,1971,Coal,3.728
East Asia,1971,Crop Residues,0.002971
East Asia,1971,Crops,22.36832
East Asia,1971,Excavated earthen materials (including soil) nec,0
East Asia,1971,Ferrous ores,27.014698
East Asia,1971,Grazed biomass and fodder crops,0.004104
East Asia,1971,Mixed / complex products nec.,1.7448599999999999
East Asia,1971,Natural Gas,0
East Asia,1971,Non-ferrous ores,3.794313
East Asia,1971,Non-metallic minerals - construction dominant,0.467433
East Asia,1971,Non-metallic minerals - industrial or agricultural dominant,2.063845
East Asia,1971,Non-wild animal products,0.9053410000000001
East Asia,1971,Other products mainly from fossil fuels e.g. plastics,3.1609629999999997
East Asia,1971,Petroleum,46.574
East Asia,1971,Products mainly from biomass nec.,3.313185
East Asia,1971,Products mainly from metals nec.,6.82493
East Asia,1971,Products mainly from non-metallic minerals,6.414174
East Asia,1971,Refined fossil fuels mainly for fuel e.g. LPG gasoline diesel,20.716
East Asia,1971,Waste for final treatment and disposal,0.054898999999999996
East Asia,1971,Wild catch and harvest,0
East Asia,1971,Wood,24.808847999999998
East Asia,1972,Coal,3.126
East Asia,1972,Crop Residues,0.002366
East Asia,1972,Crops,22.180432
East Asia,1972,Excavated earthen materials (including soil) nec,0
East Asia,1972,Ferrous ores,25.660279
East Asia,1972,Grazed biomass and fodder crops,0.003016
East Asia,1972,Mixed / complex products nec.,1.861168
East Asia,1972,Natural Gas,0.032404
East Asia,1972,Non-ferrous ores,3.802802
East Asia,1972,Non-metallic minerals - construction dominant,0.9110889999999999
East Asia,1972,Non-metallic minerals - industrial or agricultural dominant,2.2531
East Asia,1972,Non-wild animal products,1.0317020000000001
East Asia,1972,Other products mainly from fossil fuels e.g. plastics,3.468892
East Asia,1972,Petroleum,55.272999999999996
East Asia,1972,Products mainly from biomass nec.,3.688721
East Asia,1972,Products mainly from metals nec.,7.615438
East Asia,1972,Products mainly from non-metallic minerals,6.369002
East Asia,1972,Refined fossil fuels mainly for fuel e.g. LPG gasoline diesel,25.267
East Asia,1972,Waste for final treatment and disposal,0.054001999999999994
East Asia,1972,Wild catch and harvest,0
East Asia,1972,Wood,26.538348000000003
East Asia,1973,Coal,3.34
East Asia,1973,Crop Residues,0.001408
East Asia,1973,Crops,22.632724
East Asia,1973,Excavated earthen materials (including soil) nec,0
East Asia,1973,Ferrous ores,30.071325
East Asia,1973,Grazed biomass and fodder crops,0.001588
East Asia,1973,Mixed / complex products nec.,2.206277
East Asia,1973,Natural Gas,1.041721
East Asia,1973,Non-ferrous ores,3.898841
East Asia,1973,Non-metallic minerals - construction dominant,2.752829
East Asia,1973,Non-metallic minerals - industrial or agricultural dominant,5.143426
East Asia,1973,Non-wild animal products,1.0848069999999999
East Asia,1973,Other products mainly from fossil fuels e.g. plastics,3.46663
East Asia,1973,Petroleum,66.894
East Asia,1973,Products mainly from biomass nec.,3.977733
East Asia,1973,Products mainly from metals nec.,9.243598
East Asia,1973,Products mainly from non-metallic minerals,7.779385
East Asia,1973,Refined fossil fuels mainly for fuel e.g. LPG gasoline diesel,30.259999999999998
East Asia,1973,Waste for final treatment and disposal,0.062159
East Asia,1973,Wild catch and harvest,0
East Asia,1973,Wood,32.328496
East Asia,1974,Coal,3.957
East Asia,1974,Crop Residues,0.0010739999999999999
East Asia,1974,Crops,24.667459
East Asia,1974,Excavated earthen materials (including soil) nec,0
East Asia,1974,Ferrous ores,37.206427999999995
East Asia,1974,Grazed biomass and fodder crops,0.0012979999999999999
East Asia,1974,Mixed / complex products nec.,2.575137
East Asia,1974,Natural Gas,2.52987
East Asia,1974,Non-ferrous ores,4.950672
East Asia,1974,Non-metallic minerals - construction dominant,3.233584
East Asia,1974,Non-metallic minerals - industrial or agricultural dominant,4.901439
East Asia,1974,Non-wild animal products,0.926406
East Asia,1974,Other products mainly from fossil fuels e.g. plastics,3.4779999999999998
East Asia,1974,Petroleum,72.734
East Asia,1974,Products mainly from biomass nec.,3.209152
East Asia,1974,Products mainly from metals nec.,12.749858
East Asia,1974,Products mainly from non-metallic minerals,10.786325
East Asia,1974,Refined fossil fuels mainly for fuel e.g. LPG gasoline diesel,30.157999999999998
East Asia,1974,Waste for final treatment and disposal,0.071476
East Asia,1974,Wild catch and harvest,0
East Asia,1974,Wood,28.899052
East Asia,1975,Coal,3.678
East Asia,1975,Crop Residues,0.0014650000000000002
East Asia,1975,Crops,24.736940999999998
East Asia,1975,Excavated earthen materials (including soil) nec,0
East Asia,1975,Ferrous ores,33.871264000000004
East Asia,1975,Grazed biomass and fodder crops,0.004648
East Asia,1975,Mixed / complex products nec.,2.219216
East Asia,1975,Natural Gas,3.453505
East Asia,1975,Non-ferrous ores,3.853986
East Asia,1975,Non-metallic minerals - construction dominant,3.22161
East Asia,1975,Non-metallic minerals - industrial or agricultural dominant,4.442203
East Asia,1975,Non-wild animal products,1.021193
East Asia,1975,Other products mainly from fossil fuels e.g. plastics,3.6102350000000003
East Asia,1975,Petroleum,75.993
East Asia,1975,Products mainly from biomass nec.,3.4413289999999996
East Asia,1975,Products mainly from metals nec.,11.138406
East Asia,1975,Products mainly from non-metallic minerals,13.56556
East Asia,1975,Refined fossil fuels mainly for fuel e.g. LPG gasoline diesel,20.298
East Asia,1975,Waste for final treatment and disposal,0.058309
East Asia,1975,Wild catch and harvest,0
East Asia,1975,Wood,25.598967
East Asia,1976,Coal,3.702
East Asia,1976,Crop Residues,0.003836
East Asia,1976,Crops,28.915923
East Asia,1976,Excavated earthen materials (including soil) nec,0
East Asia,1976,Ferrous ores,40.364769
East Asia,1976,Grazed biomass and fodder crops,0.003615
East Asia,1976,Mixed / complex products nec.,3.07738
East Asia,1976,Natural Gas,4.830849
East Asia,1976,Non-ferrous ores,4.893978
East Asia,1976,Non-metallic minerals - construction dominant,3.751205
East Asia,1976,Non-metallic minerals - industrial or agricultural dominant,4.204336
East Asia,1976,Non-wild animal products,1.603931
East Asia,1976,Other products mainly from fossil fuels e.g. plastics,3.878963
East Asia,1976,Petroleum,86.122
East Asia,1976,Products mainly from biomass nec.,4.627211
East Asia,1976,Products mainly from metals nec.,16.523022
East Asia,1976,Products mainly from non-metallic minerals,16.054058
East Asia,1976,Refined fossil fuels mainly for fuel e.g. LPG gasoline diesel,23.673
East Asia,1976,Waste for final treatment and disposal,0.068289
East Asia,1976,Wild catch and harvest,1.000997
East Asia,1976,Wood,32.356794
East Asia,1977,Coal,4.179
East Asia,1977,Crop Residues,0.002417
East Asia,1977,Crops,30.76117
East Asia,1977,Excavated earthen materials (including soil) nec,0
East Asia,1977,Ferrous ores,39.802618
East Asia,1977,Grazed biomass and fodder crops,0.010173
East Asia,1977,Mixed / complex products nec.,3.605056
East Asia,1977,Natural Gas,5.689305999999999
East Asia,1977,Non-ferrous ores,6.198448
East Asia,1977,Non-metallic minerals - construction dominant,3.084616
East Asia,1977,Non-metallic minerals - industrial or agricultural dominant,5.824598
East Asia,1977,Non-wild animal products,1.587308
East Asia,1977,Other products mainly from fossil fuels e.g. plastics,4.248156
East Asia,1977,Petroleum,96.598
East Asia,1977,Products mainly from biomass nec.,4.803951
East Asia,1977,Products mainly from metals nec.,15.557938
East Asia,1977,Products mainly from non-metallic minerals,18.27088
East Asia,1977,Refined fossil fuels mainly for fuel e.g. LPG gasoline diesel,27.195999999999998
East Asia,1977,Waste for final treatment and disposal,0.07182
East Asia,1977,Wild catch and harvest,1.241281
East Asia,1977,Wood,32.71549
East Asia,1978,Coal,4.657
East Asia,1978,Crop Residues,0.001947
East Asia,1978,Crops,30.825842
East Asia,1978,Excavated earthen materials (including soil) nec,0
East Asia,1978,Ferrous ores,38.544031
East Asia,1978,Grazed biomass and fodder crops,0.013163
East Asia,1978,Mixed / complex products nec.,3.816552
East Asia,1978,Natural Gas,8.319703
East Asia,1978,Non-ferrous ores,5.2947
East Asia,1978,Non-metallic minerals - construction dominant,3.456128
East Asia,1978,Non-metallic minerals - industrial or agricultural dominant,6.140411
East Asia,1978,Non-wild animal products,1.899788
East Asia,1978,Other products mainly from fossil fuels e.g. plastics,4.491196
East Asia,1978,Petroleum,102.391
East Asia,1978,Products mainly from biomass nec.,5.319616
East Asia,1978,Products mainly from metals nec.,13.887349
East Asia,1978,Products mainly from non-metallic minerals,19.813708
East Asia,1978,Refined fossil fuels mainly for fuel e.g. LPG gasoline diesel,29.167
East Asia,1978,Waste for final treatment and disposal,0.064559
East Asia,1978,Wild catch and harvest,1.317396
East Asia,1978,Wood,33.373032
East Asia,1979,Coal,5.553
East Asia,1979,Crop Residues,0.011477
East Asia,1979,Crops,32.094268
East Asia,1979,Excavated earthen materials (including soil) nec,0
East Asia,1979,Ferrous ores,40.751304000000005
East Asia,1979,Grazed biomass and fodder crops,0.02317
East Asia,1979,Mixed / complex products nec.,4.920666
East Asia,1979,Natural Gas,11.87816
East Asia,1979,Non-ferrous ores,6.23168
East Asia,1979,Non-metallic minerals - construction dominant,4.339259
East Asia,1979,Non-metallic minerals - industrial or agricultural dominant,6.423534
East Asia,1979,Non-wild animal products,1.9931210000000001
East Asia,1979,Other products mainly from fossil fuels e.g. plastics,4.417205
East Asia,1979,Petroleum,99.554
East Asia,1979,Products mainly from biomass nec.,5.226878
East Asia,1979,Products mainly from metals nec.,16.263683999999998
East Asia,1979,Products mainly from non-metallic minerals,21.489548
East Asia,1979,Refined fossil fuels mainly for fuel e.g. LPG gasoline diesel,32.307
East Asia,1979,Waste for final treatment and disposal,0.079947
East Asia,1979,Wild catch and harvest,1.3561670000000001
East Asia,1979,Wood,33.091808
East Asia,1980,Coal,7.106
East Asia,1980,Crop Residues,0.030396000000000003
East Asia,1980,Crops,34.72805
East Asia,1980,Excavated earthen materials (including soil) nec,0
East Asia,1980,Ferrous ores,41.905113
East Asia,1980,Grazed biomass and fodder crops,0.026621000000000002
East Asia,1980,Mixed / complex products nec.,5.415403
East Asia,1980,Natural Gas,14.237917
East Asia,1980,Non-ferrous ores,7.203877
East Asia,1980,Non-metallic minerals - construction dominant,2.9893069999999997
East Asia,1980,Non-metallic minerals - industrial or agricultural dominant,6.259019
East Asia,1980,Non-wild animal products,2.207845
East Asia,1980,Other products mainly from fossil fuels e.g. plastics,4.8447439999999995
East Asia,1980,Petroleum,88.084
East Asia,1980,Products mainly from biomass nec.,5.2591339999999995
East Asia,1980,Products mainly from metals nec.,17.620801
East Asia,1980,Products mainly from non-metallic minerals,22.212172
East Asia,1980,Refined fossil fuels mainly for fuel e.g. LPG gasoline diesel,34.893
East Asia,1980,Waste for final treatment and disposal,0.148095
East Asia,1980,Wild catch and harvest,1.385119
East Asia,1980,Wood,29.922423000000002
East Asia,1981,Coal,7.92
East Asia,1981,Crop Residues,0.061687
East Asia,1981,Crops,36.4501
East Asia,1981,Excavated earthen materials (including soil) nec,0
East Asia,1981,Ferrous ores,35.118759
East Asia,1981,Grazed biomass and fodder crops,0.015801
East Asia,1981,Mixed / complex products nec.,7.000381
East Asia,1981,Natural Gas,13.773842
East Asia,1981,Non-ferrous ores,6.7727379999999995
East Asia,1981,Non-metallic minerals - construction dominant,3.375657
East Asia,1981,Non-metallic minerals - industrial or agricultural dominant,9.442966
East Asia,1981,Non-wild animal products,2.136229
East Asia,1981,Other products mainly from fossil fuels e.g. plastics,5.161631
East Asia,1981,Petroleum,83.20700000000001
East Asia,1981,Products mainly from biomass nec.,5.805854
East Asia,1981,Products mainly from metals nec.,24.43061
East Asia,1981,Products mainly from non-metallic minerals,25.245
East Asia,1981,Refined fossil fuels mainly for fuel e.g. LPG gasoline diesel,37.203
East Asia,1981,Waste for final treatment and disposal,0.126349
East Asia,1981,Wild catch and harvest,1.3180370000000001
East Asia,1981,Wood,23.83868
East Asia,1982,Coal,7.988
East Asia,1982,Crop Residues,0.043897
East Asia,1982,Crops,41.66317
East Asia,1982,Excavated earthen materials (including soil) nec,0
East Asia,1982,Ferrous ores,37.953656
East Asia,1982,Grazed biomass and fodder crops,0.01346
East Asia,1982,Mixed / complex products nec.,6.829968
East Asia,1982,Natural Gas,13.645991
East Asia,1982,Non-ferrous ores,4.3873240000000004
East Asia,1982,Non-metallic minerals - construction dominant,3.524579
East Asia,1982,Non-metallic minerals - industrial or agricultural dominant,23.139104
East Asia,1982,Non-wild animal products,2.257517
East Asia,1982,Other products mainly from fossil fuels e.g. plastics,5.060808
East Asia,1982,Petroleum,91.961
East Asia,1982,Products mainly from biomass nec.,5.65292
East Asia,1982,Products mainly from metals nec.,22.565337
East Asia,1982,Products mainly from non-metallic minerals,26.299645
East Asia,1982,Refined fossil fuels mainly for fuel e.g. LPG gasoline diesel,39.12
East Asia,1982,Waste for final treatment and disposal,0.117007
East Asia,1982,Wild catch and harvest,1.282958
East Asia,1982,Wood,23.982003
East Asia,1983,Coal,8.251
East Asia,1983,Crop Residues,0.08233
East Asia,1983,Crops,38.930212
East Asia,1983,Excavated earthen materials (including soil) nec,0
East Asia,1983,Ferrous ores,40.994115
East Asia,1983,Grazed biomass and fodder crops,0.017973
East Asia,1983,Mixed / complex products nec.,7.759249
East Asia,1983,Natural Gas,15.210652
East Asia,1983,Non-ferrous ores,6.028694
East Asia,1983,Non-metallic minerals - construction dominant,5.361405
East Asia,1983,Non-metallic minerals - industrial or agricultural dominant,27.081837999999998
East Asia,1983,Non-wild animal products,2.245047
East Asia,1983,Other products mainly from fossil fuels e.g. plastics,5.846958
East Asia,1983,Petroleum,89.631
East Asia,1983,Products mainly from biomass nec.,6.332326
East Asia,1983,Products mainly from metals nec.,22.236404999999998
East Asia,1983,Products mainly from non-metallic minerals,27.600547
East Asia,1983,Refined fossil fuels mainly for fuel e.g. LPG gasoline diesel,44.862
East Asia,1983,Waste for final treatment and disposal,0.121201
East Asia,1983,Wild catch and harvest,1.408412
East Asia,1983,Wood,24.416242
East Asia,1984,Coal,8.799
East Asia,1984,Crop Residues,0.097317
East Asia,1984,Crops,44.985916
East Asia,1984,Excavated earthen materials (including soil) nec,0
East Asia,1984,Ferrous ores,42.423745
East Asia,1984,Grazed biomass and fodder crops,0.02429
East Asia,1984,Mixed / complex products nec.,8.372317
East Asia,1984,Natural Gas,22.769973999999998
East Asia,1984,Non-ferrous ores,6.170109
East Asia,1984,Non-metallic minerals - construction dominant,4.364831
East Asia,1984,Non-metallic minerals - industrial or agricultural dominant,26.048491000000002
East Asia,1984,Non-wild animal products,2.497665
East Asia,1984,Other products mainly from fossil fuels e.g. plastics,6.75586
East Asia,1984,Petroleum,92.574
East Asia,1984,Products mainly from biomass nec.,6.685977
East Asia,1984,Products mainly from metals nec.,31.064180999999998
East Asia,1984,Products mainly from non-metallic minerals,24.020077
East Asia,1984,Refined fossil fuels mainly for fuel e.g. LPG gasoline diesel,45.661
East Asia,1984,Waste for final treatment and disposal,0.156754
East Asia,1984,Wild catch and harvest,1.451389
East Asia,1984,Wood,21.185379
East Asia,1985,Coal,9.979
East Asia,1985,Crop Residues,0.070306
East Asia,1985,Crops,51.859631
East Asia,1985,Excavated earthen materials (including soil) nec,0
East Asia,1985,Ferrous ores,42.582154
East Asia,1985,Grazed biomass and fodder crops,0.012324
East Asia,1985,Mixed / complex products nec.,7.60408
East Asia,1985,Natural Gas,24.02195
East Asia,1985,Non-ferrous ores,6.005114
East Asia,1985,Non-metallic minerals - construction dominant,3.639616
East Asia,1985,Non-metallic minerals - industrial or agricultural dominant,69.260452
East Asia,1985,Non-wild animal products,2.592305
East Asia,1985,Other products mainly from fossil fuels e.g. plastics,8.353618
East Asia,1985,Petroleum,93.958
East Asia,1985,Products mainly from biomass nec.,7.167059
East Asia,1985,Products mainly from metals nec.,30.872568
East Asia,1985,Products mainly from non-metallic minerals,23.773332
East Asia,1985,Refined fossil fuels mainly for fuel e.g. LPG gasoline diesel,40.821
East Asia,1985,Waste for final treatment and disposal,0.150292
East Asia,1985,Wild catch and harvest,1.578876
East Asia,1985,Wood,22.302419
East Asia,1986,Coal,12.238
East Asia,1986,Crop Residues,0.10352099999999999
East Asia,1986,Crops,57.870204
East Asia,1986,Excavated earthen materials (including soil) nec,0
East Asia,1986,Ferrous ores,39.79714
East Asia,1986,Grazed biomass and fodder crops,0.041072
East Asia,1986,Mixed / complex products nec.,7.80473
East Asia,1986,Natural Gas,25.113070999999998
East Asia,1986,Non-ferrous ores,6.682298
East Asia,1986,Non-metallic minerals - construction dominant,4.148633
East Asia,1986,Non-metallic minerals - industrial or agricultural dominant,73.734264
East Asia,1986,Non-wild animal products,2.983394
East Asia,1986,Other products mainly from fossil fuels e.g. plastics,8.095223
East Asia,1986,Petroleum,99.937
East Asia,1986,Products mainly from biomass nec.,8.374627
East Asia,1986,Products mainly from metals nec.,24.733691
East Asia,1986,Products mainly from non-metallic minerals,23.337127
East Asia,1986,Refined fossil fuels mainly for fuel e.g. LPG gasoline diesel,48.032000000000004
East Asia,1986,Waste for final treatment and disposal,0.165486
East Asia,1986,Wild catch and harvest,1.970189
East Asia,1986,Wood,22.968293
East Asia,1987,Coal,17.224999999999998
East Asia,1987,Crop Residues,0.09855699999999999
East Asia,1987,Crops,53.451633
East Asia,1987,Excavated earthen materials (including soil) nec,0
East Asia,1987,Ferrous ores,37.303641
East Asia,1987,Grazed biomass and fodder crops,0.046731999999999996
East Asia,1987,Mixed / complex products nec.,10.039264
East Asia,1987,Natural Gas,26.163219
East Asia,1987,Non-ferrous ores,7.282139
East Asia,1987,Non-metallic minerals - construction dominant,10.338907
East Asia,1987,Non-metallic minerals - industrial or agricultural dominant,71.088815
East Asia,1987,Non-wild animal products,3.183518
East Asia,1987,Other products mainly from fossil fuels e.g. plastics,9.415112
East Asia,1987,Petroleum,92.433
East Asia,1987,Products mainly from biomass nec.,10.121727
East Asia,1987,Products mainly from metals nec.,25.630666
East Asia,1987,Products mainly from non-metallic minerals,26.750854
East Asia,1987,Refined fossil fuels mainly for fuel e.g. LPG gasoline diesel,51.389
East Asia,1987,Waste for final treatment and disposal,0.211135
East Asia,1987,Wild catch and harvest,2.289285
East Asia,1987,Wood,26.417384
East Asia,1988,Coal,18.296
East Asia,1988,Crop Residues,0.136155
East Asia,1988,Crops,55.939948
East Asia,1988,Excavated earthen materials (including soil) nec,0
East Asia,1988,Ferrous ores,38.426339
East Asia,1988,Grazed biomass and fodder crops,0.064745
East Asia,1988,Mixed / complex products nec.,13.087651000000001
East Asia,1988,Natural Gas,26.069833
East Asia,1988,Non-ferrous ores,8.009215
East Asia,1988,Non-metallic minerals - construction dominant,9.287404
East Asia,1988,Non-metallic minerals - industrial or agricultural dominant,43.506334
East Asia,1988,Non-wild animal products,3.3994660000000003
East Asia,1988,Other products mainly from fossil fuels e.g. plastics,11.150708
East Asia,1988,Petroleum,92.867
East Asia,1988,Products mainly from biomass nec.,11.238819
East Asia,1988,Products mainly from metals nec.,30.793312
East Asia,1988,Products mainly from non-metallic minerals,29.526362
East Asia,1988,Refined fossil fuels mainly for fuel e.g. LPG gasoline diesel,52.545
East Asia,1988,Waste for final treatment and disposal,0.245437
East Asia,1988,Wild catch and harvest,2.563821
East Asia,1988,Wood,26.163441
East Asia,1989,Coal,19.653
East Asia,1989,Crop Residues,0.158533
East Asia,1989,Crops,61.452261
East Asia,1989,Excavated earthen materials (including soil) nec,0
East Asia,1989,Ferrous ores,34.026151999999996
East Asia,1989,Grazed biomass and fodder crops,0.07592
East Asia,1989,Mixed / complex products nec.,11.022968
East Asia,1989,Natural Gas,27.152034
East Asia,1989,Non-ferrous ores,9.474057
East Asia,1989,Non-metallic minerals - construction dominant,15.482075
East Asia,1989,Non-metallic minerals - industrial or agricultural dominant,25.458273
East Asia,1989,Non-wild animal products,3.338801
East Asia,1989,Other products mainly from fossil fuels e.g. plastics,12.167162
East Asia,1989,Petroleum,94.009
East Asia,1989,Products mainly from biomass nec.,12.718917
East Asia,1989,Products mainly from metals nec.,26.058683000000002
East Asia,1989,Products mainly from non-metallic minerals,34.169523
East Asia,1989,Refined fossil fuels mainly for fuel e.g. LPG gasoline diesel,62.312
East Asia,1989,Waste for final treatment and disposal,0.249687
East Asia,1989,Wild catch and harvest,2.486856
East Asia,1989,Wood,28.127758
East Asia,1990,Coal,23.584
East Asia,1990,Crop Residues,0.16622399999999998
East Asia,1990,Crops,58.478275000000004
East Asia,1990,Excavated earthen materials (including soil) nec,0
East Asia,1990,Ferrous ores,32.392207
East Asia,1990,Grazed biomass and fodder crops,0.083026
East Asia,1990,Mixed / complex products nec.,13.954137
East Asia,1990,Natural Gas,30.714033999999998
East Asia,1990,Non-ferrous ores,8.796499
East Asia,1990,Non-metallic minerals - construction dominant,16.879763
East Asia,1990,Non-metallic minerals - industrial or agricultural dominant,28.087216
East Asia,1990,Non-wild animal products,3.632869
East Asia,1990,Other products mainly from fossil fuels e.g. plastics,14.031087
East Asia,1990,Petroleum,94.628
East Asia,1990,Products mainly from biomass nec.,13.20694
East Asia,1990,Products mainly from metals nec.,31.041251
East Asia,1990,Products mainly from non-metallic minerals,37.227333
East Asia,1990,Refined fossil fuels mainly for fuel e.g. LPG gasoline diesel,65.69
East Asia,1990,Waste for final treatment and disposal,0.247229
East Asia,1990,Wild catch and harvest,2.619072
East Asia,1990,Wood,27.079563
East Asia,1991,Coal,29.906000000000002
East Asia,1991,Crop Residues,0.22591599999999998
East Asia,1991,Crops,63.500044
East Asia,1991,Excavated earthen materials (including soil) nec,0
East Asia,1991,Ferrous ores,39.938707
East Asia,1991,Grazed biomass and fodder crops,0.09559599999999999
East Asia,1991,Mixed / complex products nec.,13.465501
East Asia,1991,Natural Gas,31.864885
East Asia,1991,Non-ferrous ores,9.643855
East Asia,1991,Non-metallic minerals - construction dominant,23.318497999999998
East Asia,1991,Non-metallic minerals - industrial or agricultural dominant,29.705246
East Asia,1991,Non-wild animal products,3.883061
East Asia,1991,Other products mainly from fossil fuels e.g. plastics,16.54691
East Asia,1991,Petroleum,101.978
East Asia,1991,Products mainly from biomass nec.,14.206055
East Asia,1991,Products mainly from metals nec.,34.034423
East Asia,1991,Products mainly from non-metallic minerals,41.872586
East Asia,1991,Refined fossil fuels mainly for fuel e.g. LPG gasoline diesel,74.044
East Asia,1991,Waste for final treatment and disposal,0.279057
East Asia,1991,Wild catch and harvest,2.884043
East Asia,1991,Wood,30.031332
East Asia,1992,Coal,85.752
East Asia,1992,Crop Residues,0.24157399999999998
East Asia,1992,Crops,75.106507
East Asia,1992,Excavated earthen materials (including soil) nec,0
East Asia,1992,Ferrous ores,40.269385
East Asia,1992,Grazed biomass and fodder crops,0.100954
East Asia,1992,Mixed / complex products nec.,17.940311
East Asia,1992,Natural Gas,66.796154
East Asia,1992,Non-ferrous ores,10.058277
East Asia,1992,Non-metallic minerals - construction dominant,24.627743000000002
East Asia,1992,Non-metallic minerals - industrial or agricultural dominant,52.276929
East Asia,1992,Non-wild animal products,3.5883819999999997
East Asia,1992,Other products mainly from fossil fuels e.g. plastics,20.844339
East Asia,1992,Petroleum,116.098
East Asia,1992,Products mainly from biomass nec.,15.437543
East Asia,1992,Products mainly from metals nec.,33.095062999999996
East Asia,1992,Products mainly from non-metallic minerals,47.490256
East Asia,1992,Refined fossil fuels mainly for fuel e.g. LPG gasoline diesel,87.62
East Asia,1992,Waste for final treatment and disposal,0.310524
East Asia,1992,Wild catch and harvest,3.20759
East Asia,1992,Wood,31.358698
East Asia,1993,Coal,75.79899999999999
East Asia,1993,Crop Residues,0.24714999999999998
East Asia,1993,Crops,75.803358
East Asia,1993,Excavated earthen materials (including soil) nec,0
East Asia,1993,Ferrous ores,47.157634
East Asia,1993,Grazed biomass and fodder crops,0.098704
East Asia,1993,Mixed / complex products nec.,19.16047
East Asia,1993,Natural Gas,76.7146
East Asia,1993,Non-ferrous ores,10.568011
East Asia,1993,Non-metallic minerals - construction dominant,24.439498
East Asia,1993,Non-metallic minerals - industrial or agricultural dominant,86.195674
East Asia,1993,Non-wild animal products,3.7831669999999997
East Asia,1993,Other products mainly from fossil fuels e.g. plastics,24.554679
East Asia,1993,Petroleum,111.851
East Asia,1993,Products mainly from biomass nec.,16.269305
East Asia,1993,Products mainly from metals nec.,35.070826000000004
East Asia,1993,Products mainly from non-metallic minerals,51.183445999999996
East Asia,1993,Refined fossil fuels mainly for fuel e.g. LPG gasoline diesel,92.013
East Asia,1993,Waste for final treatment and disposal,0.379209
East Asia,1993,Wild catch and harvest,3.387478
East Asia,1993,Wood,25.087246
East Asia,1994,Coal,73.586
East Asia,1994,Crop Residues,0.274848
East Asia,1994,Crops,75.28770899999999
East Asia,1994,Excavated earthen materials (including soil) nec,0
East Asia,1994,Ferrous ores,48.128758
East Asia,1994,Grazed biomass and fodder crops,0.12384200000000001
East Asia,1994,Mixed / complex products nec.,27.599889
East Asia,1994,Natural Gas,54.413797
East Asia,1994,Non-ferrous ores,11.543839
East Asia,1994,Non-metallic minerals - construction dominant,19.504995
East Asia,1994,Non-metallic minerals - industrial or agricultural dominant,106.91996999999999
East Asia,1994,Non-wild animal products,4.29253
East Asia,1994,Other products mainly from fossil fuels e.g. plastics,29.014597000000002
East Asia,1994,Petroleum,110.119
East Asia,1994,Products mainly from biomass nec.,17.011784
East Asia,1994,Products mainly from metals nec.,38.898519
East Asia,1994,Products mainly from non-metallic minerals,59.961586000000004
East Asia,1994,Refined fossil fuels mainly for fuel e.g. LPG gasoline diesel,93.128
East Asia,1994,Waste for final treatment and disposal,0.45412399999999997
East Asia,1994,Wild catch and harvest,3.570193
East Asia,1994,Wood,24.928876
East Asia,1995,Coal,85.034
East Asia,1995,Crop Residues,0.233035
East Asia,1995,Crops,62.150195
East Asia,1995,Excavated earthen materials (including soil) nec,0
East Asia,1995,Ferrous ores,66.804728
East Asia,1995,Grazed biomass and fodder crops,0.112848
East Asia,1995,Mixed / complex products nec.,24.992992
East Asia,1995,Natural Gas,55.734777
East Asia,1995,Non-ferrous ores,15.089793
East Asia,1995,Non-metallic minerals - construction dominant,22.72148
East Asia,1995,Non-metallic minerals - industrial or agricultural dominant,125.340822
East Asia,1995,Non-wild animal products,4.603026
East Asia,1995,Other products mainly from fossil fuels e.g. plastics,33.857765
East Asia,1995,Petroleum,109.989
East Asia,1995,Products mainly from biomass nec.,17.848513
East Asia,1995,Products mainly from metals nec.,43.540331
East Asia,1995,Products mainly from non-metallic minerals,67.840996
East Asia,1995,Refined fossil fuels mainly for fuel e.g. LPG gasoline diesel,105.441
East Asia,1995,Waste for final treatment and disposal,1.104263
East Asia,1995,Wild catch and harvest,3.6391720000000003
East Asia,1995,Wood,25.986617
East Asia,1996,Coal,91.015
East Asia,1996,Crop Residues,0.320676
East Asia,1996,Crops,63.133441999999995
East Asia,1996,Excavated earthen materials (including soil) nec,0
East Asia,1996,Ferrous ores,59.765776
East Asia,1996,Grazed biomass and fodder crops,0.110342
East Asia,1996,Mixed / complex products nec.,29.379012000000003
East Asia,1996,Natural Gas,63.457652
East Asia,1996,Non-ferrous ores,15.322749
East Asia,1996,Non-metallic minerals - construction dominant,20.206238
East Asia,1996,Non-metallic minerals - industrial or agricultural dominant,89.008906
East Asia,1996,Non-wild animal products,5.127746
East Asia,1996,Other products mainly from fossil fuels e.g. plastics,37.302408
East Asia,1996,Petroleum,110.961
East Asia,1996,Products mainly from biomass nec.,18.847034
East Asia,1996,Products mainly from metals nec.,34.570443
East Asia,1996,Products mainly from non-metallic minerals,72.077055
East Asia,1996,Refined fossil fuels mainly for fuel e.g. LPG gasoline diesel,119.425
East Asia,1996,Waste for final treatment and disposal,0.557375
East Asia,1996,Wild catch and harvest,3.599638
East Asia,1996,Wood,27.927414
East Asia,1997,Coal,101.806
East Asia,1997,Crop Residues,0.474615
East Asia,1997,Crops,72.424019
East Asia,1997,Excavated earthen materials (including soil) nec,0
East Asia,1997,Ferrous ores,68.441698
East Asia,1997,Grazed biomass and fodder crops,0.195848
East Asia,1997,Mixed / complex products nec.,35.480284
East Asia,1997,Natural Gas,54.601592
East Asia,1997,Non-ferrous ores,16.750836
East Asia,1997,Non-metallic minerals - construction dominant,20.932899
East Asia,1997,Non-metallic minerals - industrial or agricultural dominant,116.42159199999999
East Asia,1997,Non-wild animal products,5.036272
East Asia,1997,Other products mainly from fossil fuels e.g. plastics,44.295010000000005
East Asia,1997,Petroleum,115.353
East Asia,1997,Products mainly from biomass nec.,19.006709
East Asia,1997,Products mainly from metals nec.,42.608175
East Asia,1997,Products mainly from non-metallic minerals,78.114773
East Asia,1997,Refined fossil fuels mainly for fuel e.g. LPG gasoline diesel,131.239
East Asia,1997,Waste for final treatment and disposal,0.532612
East Asia,1997,Wild catch and harvest,3.881317
East Asia,1997,Wood,28.403103
East Asia,1998,Coal,106.5745
East Asia,1998,Crop Residues,0.407047
East Asia,1998,Crops,68.652415
East Asia,1998,Excavated earthen materials (including soil) nec,0
East Asia,1998,Ferrous ores,72.608534
East Asia,1998,Grazed biomass and fodder crops,0.160334
East Asia,1998,Mixed / complex products nec.,40.563485
East Asia,1998,Natural Gas,59.254942
East Asia,1998,Non-ferrous ores,16.480035
East Asia,1998,Non-metallic minerals - construction dominant,17.605455
East Asia,1998,Non-metallic minerals - industrial or agricultural dominant,95.419764
East Asia,1998,Non-wild animal products,5.267061
East Asia,1998,Other products mainly from fossil fuels e.g. plastics,47.242732000000004
East Asia,1998,Petroleum,115.575
East Asia,1998,Products mainly from biomass nec.,26.961694
East Asia,1998,Products mainly from metals nec.,42.917044000000004
East Asia,1998,Products mainly from non-metallic minerals,82.573621
East Asia,1998,Refined fossil fuels mainly for fuel e.g. LPG gasoline diesel,125.21
East Asia,1998,Waste for final treatment and disposal,0.410071
East Asia,1998,Wild catch and harvest,4.295858
East Asia,1998,Wood,28.776862
East Asia,1999,Coal,113.7235
East Asia,1999,Crop Residues,0.284589
East Asia,1999,Crops,74.72114499999999
East Asia,1999,Excavated earthen materials (including soil) nec,0
East Asia,1999,Ferrous ores,69.571956
East Asia,1999,Grazed biomass and fodder crops,0.167346
East Asia,1999,Mixed / complex products nec.,35.675057
East Asia,1999,Natural Gas,67.026051
East Asia,1999,Non-ferrous ores,17.316643
East Asia,1999,Non-metallic minerals - construction dominant,17.212307
East Asia,1999,Non-metallic minerals - industrial or agricultural dominant,72.242947
East Asia,1999,Non-wild animal products,5.460710000000001
East Asia,1999,Other products mainly from fossil fuels e.g. plastics,50.726426000000004
East Asia,1999,Petroleum,112.538
East Asia,1999,Products mainly from biomass nec.,28.195182
East Asia,1999,Products mainly from metals nec.,44.512295
East Asia,1999,Products mainly from non-metallic minerals,99.893743
East Asia,1999,Refined fossil fuels mainly for fuel e.g. LPG gasoline diesel,127.3
East Asia,1999,Waste for final treatment and disposal,0.48468500000000003
East Asia,1999,Wild catch and harvest,4.470922
East Asia,1999,Wood,29.561435
East Asia,2000,Coal,150.82009
East Asia,2000,Crop Residues,0.347082
East Asia,2000,Crops,85.138681
East Asia,2000,Excavated earthen materials (including soil) nec,0
East Asia,2000,Ferrous ores,76.400372
East Asia,2000,Grazed biomass and fodder crops,0.117828
East Asia,2000,Mixed / complex products nec.,77.684566
East Asia,2000,Natural Gas,80.931485
East Asia,2000,Non-ferrous ores,19.492591
East Asia,2000,Non-metallic minerals - construction dominant,23.219654
East Asia,2000,Non-metallic minerals - industrial or agricultural dominant,79.102981
East Asia,2000,Non-wild animal products,6.443059
East Asia,2000,Other products mainly from fossil fuels e.g. plastics,55.829335
East Asia,2000,Petroleum,114.5124
East Asia,2000,Products mainly from biomass nec.,29.832872
East Asia,2000,Products mainly from metals nec.,41.910027
East Asia,2000,Products mainly from non-metallic minerals,105.302519
East Asia,2000,Refined fossil fuels mainly for fuel e.g. LPG gasoline diesel,126.894
East Asia,2000,Waste for final treatment and disposal,0.629574
East Asia,2000,Wild catch and harvest,4.634855
East Asia,2000,Wood,32.750473
East Asia,2001,Coal,192.12171
East Asia,2001,Crop Residues,0.262344
East Asia,2001,Crops,86.885135
East Asia,2001,Excavated earthen materials (including soil) nec,0
East Asia,2001,Ferrous ores,81.726316
East Asia,2001,Grazed biomass and fodder crops,0.06493499999999999
East Asia,2001,Mixed / complex products nec.,132.412607
East Asia,2001,Natural Gas,81.79257
East Asia,2001,Non-ferrous ores,21.063801
East Asia,2001,Non-metallic minerals - construction dominant,28.424025
East Asia,2001,Non-metallic minerals - industrial or agricultural dominant,122.46763700000001
East Asia,2001,Non-wild animal products,6.670214
East Asia,2001,Other products mainly from fossil fuels e.g. plastics,54.456106
East Asia,2001,Petroleum,120.7751
East Asia,2001,Products mainly from biomass nec.,30.094628
East Asia,2001,Products mainly from metals nec.,51.429542
East Asia,2001,Products mainly from non-metallic minerals,108.111046
East Asia,2001,Refined fossil fuels mainly for fuel e.g. LPG gasoline diesel,126.084
East Asia,2001,Waste for final treatment and disposal,0.784147
East Asia,2001,Wild catch and harvest,5.145504
East Asia,2001,Wood,32.94454
East Asia,2002,Coal,192.33491999999998
East Asia,2002,Crop Residues,0.12767
East Asia,2002,Crops,95.084686
East Asia,2002,Excavated earthen materials (including soil) nec,0
East Asia,2002,Ferrous ores,93.465929
East Asia,2002,Grazed biomass and fodder crops,0.064091
East Asia,2002,Mixed / complex products nec.,121.475725
East Asia,2002,Natural Gas,91.79994
East Asia,2002,Non-ferrous ores,23.336071
East Asia,2002,Non-metallic minerals - construction dominant,27.933498
East Asia,2002,Non-metallic minerals - industrial or agricultural dominant,95.039315
East Asia,2002,Non-wild animal products,6.9738750000000005
East Asia,2002,Other products mainly from fossil fuels e.g. plastics,60.092119000000004
East Asia,2002,Petroleum,127.160825
East Asia,2002,Products mainly from biomass nec.,29.038845
East Asia,2002,Products mainly from metals nec.,56.08165
East Asia,2002,Products mainly from non-metallic minerals,115.631243
East Asia,2002,Refined fossil fuels mainly for fuel e.g. LPG gasoline diesel,122.52380000000001
East Asia,2002,Waste for final treatment and disposal,0.702214
East Asia,2002,Wild catch and harvest,5.589112
East Asia,2002,Wood,35.832055
East Asia,2003,Coal,225.74282
East Asia,2003,Crop Residues,0.234305
East Asia,2003,Crops,110.950825
East Asia,2003,Excavated earthen materials (including soil) nec,0
East Asia,2003,Ferrous ores,92.111563
East Asia,2003,Grazed biomass and fodder crops,0.099923
East Asia,2003,Mixed / complex products nec.,291.940103
East Asia,2003,Natural Gas,96.635494
East Asia,2003,Non-ferrous ores,22.414768
East Asia,2003,Non-metallic minerals - construction dominant,27.76529
East Asia,2003,Non-metallic minerals - industrial or agricultural dominant,57.035075
East Asia,2003,Non-wild animal products,7.251091
East Asia,2003,Other products mainly from fossil fuels e.g. plastics,66.686992
East Asia,2003,Petroleum,131.753803
East Asia,2003,Products mainly from biomass nec.,29.413726
East Asia,2003,Products mainly from metals nec.,60.204115
East Asia,2003,Products mainly from non-metallic minerals,117.547627
East Asia,2003,Refined fossil fuels mainly for fuel e.g. LPG gasoline diesel,136.0415
East Asia,2003,Waste for final treatment and disposal,0.6964170000000001
East Asia,2003,Wild catch and harvest,5.831733
East Asia,2003,Wood,35.355587
East Asia,2004,Coal,232.49133
East Asia,2004,Crop Residues,0.10363599999999999
East Asia,2004,Crops,100.840842
East Asia,2004,Excavated earthen materials (including soil) nec,0
East Asia,2004,Ferrous ores,121.835593
East Asia,2004,Grazed biomass and fodder crops,0.087238
East Asia,2004,Mixed / complex products nec.,174.586002
East Asia,2004,Natural Gas,107.073707
East Asia,2004,Non-ferrous ores,27.458437
East Asia,2004,Non-metallic minerals - construction dominant,33.03133
East Asia,2004,Non-metallic minerals - industrial or agricultural dominant,60.153881
East Asia,2004,Non-wild animal products,6.73299
East Asia,2004,Other products mainly from fossil fuels e.g. plastics,71.768776
East Asia,2004,Petroleum,135.689187
East Asia,2004,Products mainly from biomass nec.,36.357341
East Asia,2004,Products mainly from metals nec.,68.836398
East Asia,2004,Products mainly from non-metallic minerals,133.610539
East Asia,2004,Refined fossil fuels mainly for fuel e.g. LPG gasoline diesel,146.265262
East Asia,2004,Waste for final treatment and disposal,0.6928270000000001
East Asia,2004,Wild catch and harvest,6.144014
East Asia,2004,Wood,36.259509
East Asia,2005,Coal,248.58837699999998
East Asia,2005,Crop Residues,0.123693
East Asia,2005,Crops,105.285251
East Asia,2005,Excavated earthen materials (including soil) nec,0
East Asia,2005,Ferrous ores,127.062936
East Asia,2005,Grazed biomass and fodder crops,0.066516
East Asia,2005,Mixed / complex products nec.,465.17295
East Asia,2005,Natural Gas,114.684966
East Asia,2005,Non-ferrous ores,30.195992999999998
East Asia,2005,Non-metallic minerals - construction dominant,37.477004
East Asia,2005,Non-metallic minerals - industrial or agricultural dominant,61.865659
East Asia,2005,Non-wild animal products,7.364635
East Asia,2005,Other products mainly from fossil fuels e.g. plastics,76.073371
East Asia,2005,Petroleum,136.967197
East Asia,2005,Products mainly from biomass nec.,40.482432
East Asia,2005,Products mainly from metals nec.,79.173296
East Asia,2005,Products mainly from non-metallic minerals,164.504727
East Asia,2005,Refined fossil fuels mainly for fuel e.g. LPG gasoline diesel,162.814468
East Asia,2005,Waste for final treatment and disposal,0.703713
East Asia,2005,Wild catch and harvest,6.2145719999999995
East Asia,2005,Wood,39.67467
East Asia,2006,Coal,301.203114
East Asia,2006,Crop Residues,0.13370600000000002
East Asia,2006,Crops,109.058144
East Asia,2006,Excavated earthen materials (including soil) nec,0
East Asia,2006,Ferrous ores,169.178528
East Asia,2006,Grazed biomass and fodder crops,0.061763
East Asia,2006,Mixed / complex products nec.,191.997687
East Asia,2006,Natural Gas,114.01294299999999
East Asia,2006,Non-ferrous ores,42.870576
East Asia,2006,Non-metallic minerals - construction dominant,49.687753
East Asia,2006,Non-metallic minerals - industrial or agricultural dominant,71.021197
East Asia,2006,Non-wild animal products,8.169739
East Asia,2006,Other products mainly from fossil fuels e.g. plastics,82.544039
East Asia,2006,Petroleum,139.301875
East Asia,2006,Products mainly from biomass nec.,46.549528
East Asia,2006,Products mainly from metals nec.,87.833103
East Asia,2006,Products mainly from non-metallic minerals,196.398279
East Asia,2006,Refined fossil fuels mainly for fuel e.g. LPG gasoline diesel,167.31398
East Asia,2006,Waste for final treatment and disposal,0.9045719999999999
East Asia,2006,Wild catch and harvest,6.722042
East Asia,2006,Wood,39.895622
East Asia,2007,Coal,321.427162
East Asia,2007,Crop Residues,0.147527
East Asia,2007,Crops,119.450902
East Asia,2007,Excavated earthen materials (including soil) nec,0
East Asia,2007,Ferrous ores,195.682636
East Asia,2007,Grazed biomass and fodder crops,0.073595
East Asia,2007,Mixed / complex products nec.,361.62064399999997
East Asia,2007,Natural Gas,115.023517
East Asia,2007,Non-ferrous ores,56.325123
East Asia,2007,Non-metallic minerals - construction dominant,68.201902
East Asia,2007,Non-metallic minerals - industrial or agricultural dominant,55.3004
East Asia,2007,Non-wild animal products,8.737674
East Asia,2007,Other products mainly from fossil fuels e.g. plastics,85.173957
East Asia,2007,Petroleum,132.649562
East Asia,2007,Products mainly from biomass nec.,48.964755
East Asia,2007,Products mainly from metals nec.,99.131373
East Asia,2007,Products mainly from non-metallic minerals,204.49528999999998
East Asia,2007,Refined fossil fuels mainly for fuel e.g. LPG gasoline diesel,186.43546
East Asia,2007,Waste for final treatment and disposal,0.993888
East Asia,2007,Wild catch and harvest,6.841474
East Asia,2007,Wood,40.641068
East Asia,2008,Coal,303.799931
East Asia,2008,Crop Residues,0.13966399999999998
East Asia,2008,Crops,116.810831
East Asia,2008,Excavated earthen materials (including soil) nec,0
East Asia,2008,Ferrous ores,183.256927
East Asia,2008,Grazed biomass and fodder crops,0.047085999999999996
East Asia,2008,Mixed / complex products nec.,187.591548
East Asia,2008,Natural Gas,111.478943
East Asia,2008,Non-ferrous ores,57.297042
East Asia,2008,Non-metallic minerals - construction dominant,83.311091
East Asia,2008,Non-metallic minerals - industrial or agricultural dominant,56.417652
East Asia,2008,Non-wild animal products,9.561383
East Asia,2008,Other products mainly from fossil fuels e.g. plastics,84.360439
East Asia,2008,Petroleum,129.800321
East Asia,2008,Products mainly from biomass nec.,47.951998
East Asia,2008,Products mainly from metals nec.,103.702893
East Asia,2008,Products mainly from non-metallic minerals,197.020693
East Asia,2008,Refined fossil fuels mainly for fuel e.g. LPG gasoline diesel,202.640525
East Asia,2008,Waste for final treatment and disposal,0.9823219999999999
East Asia,2008,Wild catch and harvest,6.765948
East Asia,2008,Wood,38.961896
East Asia,2009,Coal,304.979247
East Asia,2009,Crop Residues,0.13979899999999998
East Asia,2009,Crops,121.019471
East Asia,2009,Excavated earthen materials (including soil) nec,0
East Asia,2009,Ferrous ores,131.97983
East Asia,2009,Grazed biomass and fodder crops,0.02628
East Asia,2009,Mixed / complex products nec.,144.220194
East Asia,2009,Natural Gas,89.626911
East Asia,2009,Non-ferrous ores,56.820391
East Asia,2009,Non-metallic minerals - construction dominant,59.701251
East Asia,2009,Non-metallic minerals - industrial or agricultural dominant,54.5388
East Asia,2009,Non-wild animal products,9.164327
East Asia,2009,Other products mainly from fossil fuels e.g. plastics,84.761615
East Asia,2009,Petroleum,144.241275
East Asia,2009,Products mainly from biomass nec.,45.318373
East Asia,2009,Products mainly from metals nec.,66.986279
East Asia,2009,Products mainly from non-metallic minerals,178.373909
East Asia,2009,Refined fossil fuels mainly for fuel e.g. LPG gasoline diesel,216.969926
East Asia,2009,Waste for final treatment and disposal,0.901209
East Asia,2009,Wild catch and harvest,6.8244169999999995
East Asia,2009,Wood,39.338207
East Asia,2010,Coal,395.210732
East Asia,2010,Crop Residues,0.13404600000000003
East Asia,2010,Crops,122.41924
East Asia,2010,Excavated earthen materials (including soil) nec,0
East Asia,2010,Ferrous ores,164.524498
East Asia,2010,Grazed biomass and fodder crops,0.020461
East Asia,2010,Mixed / complex products nec.,219.956273
East Asia,2010,Natural Gas,98.379672
East Asia,2010,Non-ferrous ores,84.885373
East Asia,2010,Non-metallic minerals - construction dominant,72.143512
East Asia,2010,Non-metallic minerals - industrial or agricultural dominant,58.350521
East Asia,2010,Non-wild animal products,10.240761
East Asia,2010,Other products mainly from fossil fuels e.g. plastics,106.063937
East Asia,2010,Petroleum,128.760191
East Asia,2010,Products mainly from biomass nec.,48.70545
East Asia,2010,Products mainly from metals nec.,90.710442
East Asia,2010,Products mainly from non-metallic minerals,212.562784
East Asia,2010,Refined fossil fuels mainly for fuel e.g. LPG gasoline diesel,225.168149
East Asia,2010,Waste for final treatment and disposal,1.20483
East Asia,2010,Wild catch and harvest,8.224113
East Asia,2010,Wood,47.691671
East Asia,2011,Coal,361.33912899999996
East Asia,2011,Crop Residues,0.146332
East Asia,2011,Crops,129.363484
East Asia,2011,Excavated earthen materials (including soil) nec,0
East Asia,2011,Ferrous ores,187.010867
East Asia,2011,Grazed biomass and fodder crops,0.017436
East Asia,2011,Mixed / complex products nec.,276.679311
East Asia,2011,Natural Gas,109.874454
East Asia,2011,Non-ferrous ores,123.737174
East Asia,2011,Non-metallic minerals - construction dominant,87.002329
East Asia,2011,Non-metallic minerals - industrial or agricultural dominant,60.614895000000004
East Asia,2011,Non-wild animal products,10.72413
East Asia,2011,Other products mainly from fossil fuels e.g. plastics,106.64837299999999
East Asia,2011,Petroleum,129.697666
East Asia,2011,Products mainly from biomass nec.,54.003766
East Asia,2011,Products mainly from metals nec.,134.372514
East Asia,2011,Products mainly from non-metallic minerals,213.665228
East Asia,2011,Refined fossil fuels mainly for fuel e.g. LPG gasoline diesel,230.888867
East Asia,2011,Waste for final treatment and disposal,1.299959
East Asia,2011,Wild catch and harvest,8.373651
East Asia,2011,Wood,53.634368
East Asia,2012,Coal,392.89730199999997
East Asia,2012,Crop Residues,0.143974
East Asia,2012,Crops,137.636692
East Asia,2012,Excavated earthen materials (including soil) nec,0
East Asia,2012,Ferrous ores,201.028823
East Asia,2012,Grazed biomass and fodder crops,0.014446
East Asia,2012,Mixed / complex products nec.,292.25307000000004
East Asia,2012,Natural Gas,110.203244
East Asia,2012,Non-ferrous ores,134.165326
East Asia,2012,Non-metallic minerals - construction dominant,96.585672
East Asia,2012,Non-metallic minerals - industrial or agricultural dominant,57.870549
East Asia,2012,Non-wild animal products,10.875591
East Asia,2012,Other products mainly from fossil fuels e.g. plastics,109.466052
East Asia,2012,Petroleum,130.80729
East Asia,2012,Products mainly from biomass nec.,56.158266999999995
East Asia,2012,Products mainly from metals nec.,107.650221
East Asia,2012,Products mainly from non-metallic minerals,218.299789
East Asia,2012,Refined fossil fuels mainly for fuel e.g. LPG gasoline diesel,230.927708
East Asia,2012,Waste for final treatment and disposal,1.4569029999999998
East Asia,2012,Wild catch and harvest,8.249204
East Asia,2012,Wood,56.48396
East Asia,2013,Coal,512.309896
East Asia,2013,Crop Residues,0.124309
East Asia,2013,Crops,135.023571
East Asia,2013,Excavated earthen materials (including soil) nec,0
East Asia,2013,Ferrous ores,221.36186
East Asia,2013,Grazed biomass and fodder crops,0.012179
East Asia,2013,Mixed / complex products nec.,346.424372
East Asia,2013,Natural Gas,120.40064699999999
East Asia,2013,Non-ferrous ores,198.737083
East Asia,2013,Non-metallic minerals - construction dominant,101.505153
East Asia,2013,Non-metallic minerals - industrial or agricultural dominant,66.577903
East Asia,2013,Non-wild animal products,11.479603
East Asia,2013,Other products mainly from fossil fuels e.g. plastics,113.982981
East Asia,2013,Petroleum,120.68047800000001
East Asia,2013,Products mainly from biomass nec.,59.115661
East Asia,2013,Products mainly from metals nec.,90.077001
East Asia,2013,Products mainly from non-metallic minerals,241.985795
East Asia,2013,Refined fossil fuels mainly for fuel e.g. LPG gasoline diesel,232.527371
East Asia,2013,Waste for final treatment and disposal,1.475808
East Asia,2013,Wild catch and harvest,8.430717
East Asia,2013,Wood,63.167065
East Asia,2014,Coal,490.53519300000005
East Asia,2014,Crop Residues,0.128713
East Asia,2014,Crops,151.736908
East Asia,2014,Excavated earthen materials (including soil) nec,0
East Asia,2014,Ferrous ores,225.422316
East Asia,2014,Grazed biomass and fodder crops,0.013651
East Asia,2014,Mixed / complex products nec.,331.513671
East Asia,2014,Natural Gas,126.342117
East Asia,2014,Non-ferrous ores,83.464758
East Asia,2014,Non-metallic minerals - construction dominant,107.217684
East Asia,2014,Non-metallic minerals - industrial or agricultural dominant,106.82718000000001
East Asia,2014,Non-wild animal products,15.071621
East Asia,2014,Other products mainly from fossil fuels e.g. plastics,118.445143
East Asia,2014,Petroleum,117.676696
East Asia,2014,Products mainly from biomass nec.,62.776969
East Asia,2014,Products mainly from metals nec.,96.01079800000001
East Asia,2014,Products mainly from non-metallic minerals,252.339985
East Asia,2014,Refined fossil fuels mainly for fuel e.g. LPG gasoline diesel,233.421951
East Asia,2014,Waste for final treatment and disposal,1.339665
East Asia,2014,Wild catch and harvest,8.663215
East Asia,2014,Wood,67.323748
East Asia,2015,Coal,440.93586200000004
East Asia,2015,Crop Residues,0.09297
East Asia,2015,Crops,156.4211
East Asia,2015,Excavated earthen materials (including soil) nec,0
East Asia,2015,Ferrous ores,229.534183
East Asia,2015,Grazed biomass and fodder crops,0.007832
East Asia,2015,Mixed / complex products nec.,483.920496
East Asia,2015,Natural Gas,114.031691
East Asia,2015,Non-ferrous ores,88.109154
East Asia,2015,Non-metallic minerals - construction dominant,103.418967
East Asia,2015,Non-metallic minerals - industrial or agricultural dominant,82.442848
East Asia,2015,Non-wild animal products,15.175979
East Asia,2015,Other products mainly from fossil fuels e.g. plastics,112.93573
East Asia,2015,Petroleum,123.169894
East Asia,2015,Products mainly from biomass nec.,59.328438
East Asia,2015,Products mainly from metals nec.,92.593835
East Asia,2015,Products mainly from non-metallic minerals,239.037483
East Asia,2015,Refined fossil fuels mainly for fuel e.g. LPG gasoline diesel,250.15201100000002
East Asia,2015,Waste for final treatment and disposal,1.425645
East Asia,2015,Wild catch and harvest,8.130047
East Asia,2015,Wood,66.310402
East Asia,2016,Coal,459.258553
East Asia,2016,Crop Residues,0.04081
East Asia,2016,Crops,149.01419
East Asia,2016,Excavated earthen materials (including soil) nec,0
East Asia,2016,Ferrous ores,241.518543
East Asia,2016,Grazed biomass and fodder crops,0.003526
East Asia,2016,Mixed / complex products nec.,308.459272
East Asia,2016,Natural Gas,112.475807
East Asia,2016,Non-ferrous ores,73.905832
East Asia,2016,Non-metallic minerals - construction dominant,103.63300699999999
East Asia,2016,Non-metallic minerals - industrial or agricultural dominant,69.689709
East Asia,2016,Non-wild animal products,15.701941
East Asia,2016,Other products mainly from fossil fuels e.g. plastics,123.506942
East Asia,2016,Petroleum,122.589649
East Asia,2016,Products mainly from biomass nec.,62.17794
East Asia,2016,Products mainly from metals nec.,96.256962
East Asia,2016,Products mainly from non-metallic minerals,259.229256
East Asia,2016,Refined fossil fuels mainly for fuel e.g. LPG gasoline diesel,270.346357
East Asia,2016,Waste for final treatment and disposal,1.48895
East Asia,2016,Wild catch and harvest,8.228231
East Asia,2016,Wood,66.945144
East Asia,2017,Coal,468.304621
East Asia,2017,Crop Residues,0.041974
East Asia,2017,Crops,164.458582
East Asia,2017,Excavated earthen materials (including soil) nec,0
East Asia,2017,Ferrous ores,165.705065
East Asia,2017,Grazed biomass and fodder crops,0.004072
East Asia,2017,Mixed / complex products nec.,757.615986
East Asia,2017,Natural Gas,117.536643
East Asia,2017,Non-ferrous ores,78.15632699999999
East Asia,2017,Non-metallic minerals - construction dominant,109.113373
East Asia,2017,Non-metallic minerals - industrial or agricultural dominant,54.639182000000005
East Asia,2017,Non-wild animal products,15.836262
East Asia,2017,Other products mainly from fossil fuels e.g. plastics,110.082475
East Asia,2017,Petroleum,122.53776699999999
East Asia,2017,Products mainly from biomass nec.,65.35578699999999
East Asia,2017,Products mainly from metals nec.,104.569431
East Asia,2017,Products mainly from non-metallic minerals,231.803484
East Asia,2017,Refined fossil fuels mainly for fuel e.g. LPG gasoline diesel,276.223549
East Asia,2017,Waste for final treatment and disposal,1.295264
East Asia,2017,Wild catch and harvest,8.509078
East Asia,2017,Wood,70.674471
East Asia,2018,Coal,505.311141
East Asia,2018,Crop Residues,0.026283
East Asia,2018,Crops,167.559812
East Asia,2018,Excavated earthen materials (including soil) nec,0
East Asia,2018,Ferrous ores,160.452281
East Asia,2018,Grazed biomass and fodder crops,0.005941
East Asia,2018,Mixed / complex products nec.,482.37452
East Asia,2018,Natural Gas,124.772872
East Asia,2018,Non-ferrous ores,88.322701
East Asia,2018,Non-metallic minerals - construction dominant,109.416223
East Asia,2018,Non-metallic minerals - industrial or agricultural dominant,50.27654
East Asia,2018,Non-wild animal products,16.855829
East Asia,2018,Other products mainly from fossil fuels e.g. plastics,109.01268499999999
East Asia,2018,Petroleum,113.43202000000001
East Asia,2018,Products mainly from biomass nec.,69.191686
East Asia,2018,Products mainly from metals nec.,85.19789999999999
East Asia,2018,Products mainly from non-metallic minerals,240.70186700000002
East Asia,2018,Refined fossil fuels mainly for fuel e.g. LPG gasoline diesel,286.332925
East Asia,2018,Waste for final treatment and disposal,1.318416
East Asia,2018,Wild catch and harvest,8.512362
East Asia,2018,Wood,76.099246
East Asia,2019,Coal,541.138404
East Asia,2019,Crop Residues,0.035939
East Asia,2019,Crops,169.412979
East Asia,2019,Excavated earthen materials (including soil) nec,0
East Asia,2019,Ferrous ores,178.325678
East Asia,2019,Grazed biomass and fodder crops,0.003937
East Asia,2019,Mixed / complex products nec.,671.153714
East Asia,2019,Natural Gas,124.17355099999999
East Asia,2019,Non-ferrous ores,116.915434
East Asia,2019,Non-metallic minerals - construction dominant,124.483586
East Asia,2019,Non-metallic minerals - industrial or agricultural dominant,163.675565
East Asia,2019,Non-wild animal products,16.886551
East Asia,2019,Other products mainly from fossil fuels e.g. plastics,111.456481
East Asia,2019,Petroleum,104.546688
East Asia,2019,Products mainly from biomass nec.,62.391724
East Asia,2019,Products mainly from metals nec.,116.68176
East Asia,2019,Products mainly from non-metallic minerals,265.268043
East Asia,2019,Refined fossil fuels mainly for fuel e.g. LPG gasoline diesel,284.571822
East Asia,2019,Waste for final treatment and disposal,2.045434
East Asia,2019,Wild catch and harvest,8.530713
East Asia,2019,Wood,78.165344
East Asia,2020,Coal,482.297057
East Asia,2020,Crop Residues,0.057732
East Asia,2020,Crops,159.160595
East Asia,2020,Excavated earthen materials (including soil) nec,0
East Asia,2020,Ferrous ores,177.28448699999998
East Asia,2020,Grazed biomass and fodder crops,0.004031
East Asia,2020,Mixed / complex products nec.,659.331437
East Asia,2020,Natural Gas,113.890325
East Asia,2020,Non-ferrous ores,114.716482
East Asia,2020,Non-metallic minerals - construction dominant,123.06824999999999
East Asia,2020,Non-metallic minerals - industrial or agricultural dominant,163.0627
East Asia,2020,Non-wild animal products,17.197153
East Asia,2020,Other products mainly from fossil fuels e.g. plastics,104.897136
East Asia,2020,Petroleum,102.01947200000001
East Asia,2020,Products mainly from biomass nec.,61.239463
East Asia,2020,Products mainly from metals nec.,113.38439699999999
East Asia,2020,Products mainly from non-metallic minerals,264.046534
East Asia,2020,Refined fossil fuels mainly for fuel e.g. LPG gasoline diesel,249.667234
East Asia,2020,Waste for final treatment and disposal,2.0251170000000003
East Asia,2020,Wild catch and harvest,7.670641
East Asia,2020,Wood,80.400707
East Asia,2021,Coal,482.58216000000004
East Asia,2021,Crop Residues,0.028798
East Asia,2021,Crops,156.35451
East Asia,2021,Excavated earthen materials (including soil) nec,0
East Asia,2021,Ferrous ores,183.13894299999998
East Asia,2021,Grazed biomass and fodder crops,0.021107
East Asia,2021,Mixed / complex products nec.,675.462975
East Asia,2021,Natural Gas,117.525037
East Asia,2021,Non-ferrous ores,121.069852
East Asia,2021,Non-metallic minerals - construction dominant,129.49198099999998
East Asia,2021,Non-metallic minerals - industrial or agricultural dominant,169.890092
East Asia,2021,Non-wild animal products,14.436827
East Asia,2021,Other products mainly from fossil fuels e.g. plastics,107.622041
East Asia,2021,Petroleum,103.266526
East Asia,2021,Products mainly from biomass nec.,62.721356
East Asia,2021,Products mainly from metals nec.,115.416687
East Asia,2021,Products mainly from non-metallic minerals,272.671765
East Asia,2021,Refined fossil fuels mainly for fuel e.g. LPG gasoline diesel,255.917181
East Asia,2021,Waste for final treatment and disposal,2.0593
East Asia,2021,Wild catch and harvest,7.921279999999999
East Asia,2021,Wood,88.439341
East Asia,2022,Coal,485.33439
East Asia,2022,Crop Residues,0.029297
East Asia,2022,Crops,159.189623
East Asia,2022,Excavated earthen materials (including soil) nec,0
East Asia,2022,Ferrous ores,187.312231
East Asia,2022,Grazed biomass and fodder crops,0.021362
East Asia,2022,Mixed / complex products nec.,685.547912
East Asia,2022,Natural Gas,117.41375599999999
East Asia,2022,Non-ferrous ores,124.106499
East Asia,2022,Non-metallic minerals - construction dominant,134.94027
East Asia,2022,Non-metallic minerals - industrial or agricultural dominant,174.00374200000002
East Asia,2022,Non-wild animal products,14.639623
East Asia,2022,Other products mainly from fossil fuels e.g. plastics,108.989031
East Asia,2022,Petroleum,105.114869
East Asia,2022,Products mainly from biomass nec.,63.723738000000004
East Asia,2022,Products mainly from metals nec.,116.562737
East Asia,2022,Products mainly from non-metallic minerals,280.024253
East Asia,2022,Refined fossil fuels mainly for fuel e.g. LPG gasoline diesel,258.32820699999996
East Asia,2022,Waste for final treatment and disposal,2.079659
East Asia,2022,Wild catch and harvest,8.123946
East Asia,2022,Wood,89.725244
East Asia,2023,Coal,488.127409
East Asia,2023,Crop Residues,0.030002
East Asia,2023,Crops,162.244285
East Asia,2023,Excavated earthen materials (including soil) nec,0
East Asia,2023,Ferrous ores,192.10682500000001
East Asia,2023,Grazed biomass and fodder crops,0.021616000000000003
East Asia,2023,Mixed / complex products nec.,696.2279130000001
East Asia,2023,Natural Gas,117.758904
East Asia,2023,Non-ferrous ores,127.663548
East Asia,2023,Non-metallic minerals - construction dominant,140.21739
East Asia,2023,Non-metallic minerals - industrial or agricultural dominant,178.720674
East Asia,2023,Non-wild animal products,14.848561
East Asia,2023,Other products mainly from fossil fuels e.g. plastics,109.577589
East Asia,2023,Petroleum,106.50465700000001
East Asia,2023,Products mainly from biomass nec.,64.773379
East Asia,2023,Products mainly from metals nec.,117.89388100000001
East Asia,2023,Products mainly from non-metallic minerals,287.533341
East Asia,2023,Refined fossil fuels mainly for fuel e.g. LPG gasoline diesel,259.542885
East Asia,2023,Waste for final treatment and disposal,2.101655
East Asia,2023,Wild catch and harvest,8.320385
East Asia,2023,Wood,91.023697
East Asia,2024,Coal,491.436884
East Asia,2024,Crop Residues,0.030886999999999998
East Asia,2024,Crops,165.561387
East Asia,2024,Excavated earthen materials (including soil) nec,0
East Asia,2024,Ferrous ores,197.005113
East Asia,2024,Grazed biomass and fodder crops,0.021859999999999997
East Asia,2024,Mixed / complex products nec.,707.006811
East Asia,2024,Natural Gas,117.78576299999999
East Asia,2024,Non-ferrous ores,131.327031
East Asia,2024,Non-metallic minerals - construction dominant,146.013193
East Asia,2024,Non-metallic minerals - industrial or agricultural dominant,183.66772600000002
East Asia,2024,Non-wild animal products,15.053281
East Asia,2024,Other products mainly from fossil fuels e.g. plastics,110.997507
East Asia,2024,Petroleum,107.77043900000001
East Asia,2024,Products mainly from biomass nec.,65.804685
East Asia,2024,Products mainly from metals nec.,119.16847899999999
East Asia,2024,Products mainly from non-metallic minerals,295.290251
East Asia,2024,Refined fossil fuels mainly for fuel e.g. LPG gasoline diesel,261.869959
East Asia,2024,Waste for final treatment and disposal,2.123636
East Asia,2024,Wild catch and harvest,8.482734
East Asia,2024,Wood,92.337647
Europe & Russia,1970,Coal,68.988
Europe & Russia,1970,Crop Residues,0.481659
Europe & Russia,1970,Crops,55.549447
Europe & Russia,1970,Excavated earthen materials (including soil) nec,0
Europe & Russia,1970,Ferrous ores,85.04549
Europe & Russia,1970,Grazed biomass and fodder crops,0.606528
Europe & Russia,1970,Mixed / complex products nec.,4.441626
Europe & Russia,1970,Natural Gas,9.249298000000001
Europe & Russia,1970,Non-ferrous ores,9.507333000000001
Europe & Russia,1970,Non-metallic minerals - construction dominant,17.915605
Europe & Russia,1970,Non-metallic minerals - industrial or agricultural dominant,42.066552
Europe & Russia,1970,Non-wild animal products,10.123574
Europe & Russia,1970,Other products mainly from fossil fuels e.g. plastics,9.465788
Europe & Russia,1970,Petroleum,68.983
Europe & Russia,1970,Products mainly from biomass nec.,13.66406
Europe & Russia,1970,Products mainly from metals nec.,14.9147
Europe & Russia,1970,Products mainly from non-metallic minerals,31.103394
Europe & Russia,1970,Refined fossil fuels mainly for fuel e.g. LPG gasoline diesel,102.269
Europe & Russia,1970,Waste for final treatment and disposal,0.522173
Europe & Russia,1970,Wild catch and harvest,0
Europe & Russia,1970,Wood,65.41242
Europe & Russia,1971,Coal,69.158
Europe & Russia,1971,Crop Residues,0.436335
Europe & Russia,1971,Crops,58.043553
Europe & Russia,1971,Excavated earthen materials (including soil) nec,0
Europe & Russia,1971,Ferrous ores,80.390138
Europe & Russia,1971,Grazed biomass and fodder crops,0.592496
Europe & Russia,1971,Mixed / complex products nec.,4.911013
Europe & Russia,1971,Natural Gas,13.746235
Europe & Russia,1971,Non-ferrous ores,9.051523
Europe & Russia,1971,Non-metallic minerals - construction dominant,21.878094
Europe & Russia,1971,Non-metallic minerals - industrial or agricultural dominant,41.143326
Europe & Russia,1971,Non-wild animal products,11.100419
Europe & Russia,1971,Other products mainly from fossil fuels e.g. plastics,10.024068
Europe & Russia,1971,Petroleum,77.447
Europe & Russia,1971,Products mainly from biomass nec.,14.895056
Europe & Russia,1971,Products mainly from metals nec.,14.33891
Europe & Russia,1971,Products mainly from non-metallic minerals,33.411974
Europe & Russia,1971,Refined fossil fuels mainly for fuel e.g. LPG gasoline diesel,103.138
Europe & Russia,1971,Waste for final treatment and disposal,0.562161
Europe & Russia,1971,Wild catch and harvest,0
Europe & Russia,1971,Wood,61.88758
Europe & Russia,1972,Coal,70.929
Europe & Russia,1972,Crop Residues,0.39556800000000003
Europe & Russia,1972,Crops,64.308699
Europe & Russia,1972,Excavated earthen materials (including soil) nec,0
Europe & Russia,1972,Ferrous ores,88.071048
Europe & Russia,1972,Grazed biomass and fodder crops,0.645047
Europe & Russia,1972,Mixed / complex products nec.,5.367107
Europe & Russia,1972,Natural Gas,18.408259
Europe & Russia,1972,Non-ferrous ores,9.851165
Europe & Russia,1972,Non-metallic minerals - construction dominant,23.317125
Europe & Russia,1972,Non-metallic minerals - industrial or agricultural dominant,44.116423
Europe & Russia,1972,Non-wild animal products,11.509989000000001
Europe & Russia,1972,Other products mainly from fossil fuels e.g. plastics,12.060216
Europe & Russia,1972,Petroleum,81.853
Europe & Russia,1972,Products mainly from biomass nec.,16.949215
Europe & Russia,1972,Products mainly from metals nec.,16.90897
Europe & Russia,1972,Products mainly from non-metallic minerals,40.04897
Europe & Russia,1972,Refined fossil fuels mainly for fuel e.g. LPG gasoline diesel,111.405
Europe & Russia,1972,Waste for final treatment and disposal,0.583679
Europe & Russia,1972,Wild catch and harvest,0
Europe & Russia,1972,Wood,64.892752
Europe & Russia,1973,Coal,75.882
Europe & Russia,1973,Crop Residues,0.308838
Europe & Russia,1973,Crops,68.267599
Europe & Russia,1973,Excavated earthen materials (including soil) nec,0
Europe & Russia,1973,Ferrous ores,96.592914
Europe & Russia,1973,Grazed biomass and fodder crops,0.747066
Europe & Russia,1973,Mixed / complex products nec.,6.289644
Europe & Russia,1973,Natural Gas,25.240219
Europe & Russia,1973,Non-ferrous ores,11.129375
Europe & Russia,1973,Non-metallic minerals - construction dominant,26.885146
Europe & Russia,1973,Non-metallic minerals - industrial or agricultural dominant,47.078293
Europe & Russia,1973,Non-wild animal products,12.679411
Europe & Russia,1973,Other products mainly from fossil fuels e.g. plastics,14.370057000000001
Europe & Russia,1973,Petroleum,90.574
Europe & Russia,1973,Products mainly from biomass nec.,19.037633
Europe & Russia,1973,Products mainly from metals nec.,18.454183
Europe & Russia,1973,Products mainly from non-metallic minerals,47.886794
Europe & Russia,1973,Refined fossil fuels mainly for fuel e.g. LPG gasoline diesel,123.15599999999999
Europe & Russia,1973,Waste for final treatment and disposal,0.722916
Europe & Russia,1973,Wild catch and harvest,0
Europe & Russia,1973,Wood,76.523392
Europe & Russia,1974,Coal,80.693
Europe & Russia,1974,Crop Residues,0.357524
Europe & Russia,1974,Crops,70.806091
Europe & Russia,1974,Excavated earthen materials (including soil) nec,0
Europe & Russia,1974,Ferrous ores,104.859927
Europe & Russia,1974,Grazed biomass and fodder crops,0.560408
Europe & Russia,1974,Mixed / complex products nec.,6.762165
Europe & Russia,1974,Natural Gas,36.395249
Europe & Russia,1974,Non-ferrous ores,12.12423
Europe & Russia,1974,Non-metallic minerals - construction dominant,31.531594
Europe & Russia,1974,Non-metallic minerals - industrial or agricultural dominant,51.315662
Europe & Russia,1974,Non-wild animal products,13.707531
Europe & Russia,1974,Other products mainly from fossil fuels e.g. plastics,14.791977
Europe & Russia,1974,Petroleum,85.65100000000001
Europe & Russia,1974,Products mainly from biomass nec.,19.960674
Europe & Russia,1974,Products mainly from metals nec.,19.973859
Europe & Russia,1974,Products mainly from non-metallic minerals,53.915535
Europe & Russia,1974,Refined fossil fuels mainly for fuel e.g. LPG gasoline diesel,113.504
Europe & Russia,1974,Waste for final treatment and disposal,0.792231
Europe & Russia,1974,Wild catch and harvest,0
Europe & Russia,1974,Wood,76.135429
Europe & Russia,1975,Coal,76.38
Europe & Russia,1975,Crop Residues,0.450375
Europe & Russia,1975,Crops,67.193043
Europe & Russia,1975,Excavated earthen materials (including soil) nec,0
Europe & Russia,1975,Ferrous ores,95.143105
Europe & Russia,1975,Grazed biomass and fodder crops,0.605593
Europe & Russia,1975,Mixed / complex products nec.,6.32475
Europe & Russia,1975,Natural Gas,42.952569
Europe & Russia,1975,Non-ferrous ores,11.417818
Europe & Russia,1975,Non-metallic minerals - construction dominant,36.230524
Europe & Russia,1975,Non-metallic minerals - industrial or agricultural dominant,42.817315
Europe & Russia,1975,Non-wild animal products,14.256238999999999
Europe & Russia,1975,Other products mainly from fossil fuels e.g. plastics,13.351659999999999
Europe & Russia,1975,Petroleum,98.51799999999999
Europe & Russia,1975,Products mainly from biomass nec.,18.799884
Europe & Russia,1975,Products mainly from metals nec.,20.350104
Europe & Russia,1975,Products mainly from non-metallic minerals,52.725429
Europe & Russia,1975,Refined fossil fuels mainly for fuel e.g. LPG gasoline diesel,110.391
Europe & Russia,1975,Waste for final treatment and disposal,0.843898
Europe & Russia,1975,Wild catch and harvest,0
Europe & Russia,1975,Wood,62.57044
Europe & Russia,1976,Coal,76.69
Europe & Russia,1976,Crop Residues,0.564998
Europe & Russia,1976,Crops,70.285575
Europe & Russia,1976,Excavated earthen materials (including soil) nec,0
Europe & Russia,1976,Ferrous ores,96.357961
Europe & Russia,1976,Grazed biomass and fodder crops,0.68202
Europe & Russia,1976,Mixed / complex products nec.,7.26229
Europe & Russia,1976,Natural Gas,50.017244999999996
Europe & Russia,1976,Non-ferrous ores,12.387565
Europe & Russia,1976,Non-metallic minerals - construction dominant,34.335153
Europe & Russia,1976,Non-metallic minerals - industrial or agricultural dominant,48.193165
Europe & Russia,1976,Non-wild animal products,16.348869999999998
Europe & Russia,1976,Other products mainly from fossil fuels e.g. plastics,15.740504999999999
Europe & Russia,1976,Petroleum,119.287
Europe & Russia,1976,Products mainly from biomass nec.,22.100684
Europe & Russia,1976,Products mainly from metals nec.,25.069853000000002
Europe & Russia,1976,Products mainly from non-metallic minerals,58.776719
Europe & Russia,1976,Refined fossil fuels mainly for fuel e.g. LPG gasoline diesel,125.803
Europe & Russia,1976,Waste for final treatment and disposal,0.883503
Europe & Russia,1976,Wild catch and harvest,2.291869
Europe & Russia,1976,Wood,71.519809
Europe & Russia,1977,Coal,79.013
Europe & Russia,1977,Crop Residues,0.501569
Europe & Russia,1977,Crops,70.639152
Europe & Russia,1977,Excavated earthen materials (including soil) nec,0
Europe & Russia,1977,Ferrous ores,91.11001
Europe & Russia,1977,Grazed biomass and fodder crops,0.508689
Europe & Russia,1977,Mixed / complex products nec.,8.347858
Europe & Russia,1977,Natural Gas,53.033597
Europe & Russia,1977,Non-ferrous ores,12.906828
Europe & Russia,1977,Non-metallic minerals - construction dominant,42.880243
Europe & Russia,1977,Non-metallic minerals - industrial or agricultural dominant,48.633915
Europe & Russia,1977,Non-wild animal products,17.637073
Europe & Russia,1977,Other products mainly from fossil fuels e.g. plastics,17.165591
Europe & Russia,1977,Petroleum,141.444
Europe & Russia,1977,Products mainly from biomass nec.,23.241358
Europe & Russia,1977,Products mainly from metals nec.,24.720578
Europe & Russia,1977,Products mainly from non-metallic minerals,65.708536
Europe & Russia,1977,Refined fossil fuels mainly for fuel e.g. LPG gasoline diesel,126.182
Europe & Russia,1977,Waste for final treatment and disposal,1.122135
Europe & Russia,1977,Wild catch and harvest,2.223521
Europe & Russia,1977,Wood,71.363132
Europe & Russia,1978,Coal,80.313
Europe & Russia,1978,Crop Residues,0.383734
Europe & Russia,1978,Crops,75.445542
Europe & Russia,1978,Excavated earthen materials (including soil) nec,0
Europe & Russia,1978,Ferrous ores,101.943753
Europe & Russia,1978,Grazed biomass and fodder crops,0.6643410000000001
Europe & Russia,1978,Mixed / complex products nec.,7.333847
Europe & Russia,1978,Natural Gas,53.483267
Europe & Russia,1978,Non-ferrous ores,12.785968
Europe & Russia,1978,Non-metallic minerals - construction dominant,38.613055
Europe & Russia,1978,Non-metallic minerals - industrial or agricultural dominant,50.45459
Europe & Russia,1978,Non-wild animal products,18.557817
Europe & Russia,1978,Other products mainly from fossil fuels e.g. plastics,18.303447
Europe & Russia,1978,Petroleum,143.205
Europe & Russia,1978,Products mainly from biomass nec.,24.921229
Europe & Russia,1978,Products mainly from metals nec.,21.469035
Europe & Russia,1978,Products mainly from non-metallic minerals,76.57723
Europe & Russia,1978,Refined fossil fuels mainly for fuel e.g. LPG gasoline diesel,128.591
Europe & Russia,1978,Waste for final treatment and disposal,0.906567
Europe & Russia,1978,Wild catch and harvest,2.541909
Europe & Russia,1978,Wood,75.960363
Europe & Russia,1979,Coal,81.114
Europe & Russia,1979,Crop Residues,0.409141
Europe & Russia,1979,Crops,78.873195
Europe & Russia,1979,Excavated earthen materials (including soil) nec,0
Europe & Russia,1979,Ferrous ores,106.821857
Europe & Russia,1979,Grazed biomass and fodder crops,0.717645
Europe & Russia,1979,Mixed / complex products nec.,10.11497
Europe & Russia,1979,Natural Gas,61.937699
Europe & Russia,1979,Non-ferrous ores,14.039233
Europe & Russia,1979,Non-metallic minerals - construction dominant,53.793845
Europe & Russia,1979,Non-metallic minerals - industrial or agricultural dominant,55.264759
Europe & Russia,1979,Non-wild animal products,20.529578
Europe & Russia,1979,Other products mainly from fossil fuels e.g. plastics,19.836188
Europe & Russia,1979,Petroleum,167.386
Europe & Russia,1979,Products mainly from biomass nec.,26.682355
Europe & Russia,1979,Products mainly from metals nec.,23.366718
Europe & Russia,1979,Products mainly from non-metallic minerals,79.652209
Europe & Russia,1979,Refined fossil fuels mainly for fuel e.g. LPG gasoline diesel,141.504
Europe & Russia,1979,Waste for final treatment and disposal,1.1481379999999999
Europe & Russia,1979,Wild catch and harvest,2.929197
Europe & Russia,1979,Wood,79.542875
Europe & Russia,1980,Coal,79.09500000000001
Europe & Russia,1980,Crop Residues,0.483674
Europe & Russia,1980,Crops,84.354459
Europe & Russia,1980,Excavated earthen materials (including soil) nec,0
Europe & Russia,1980,Ferrous ores,96.056181
Europe & Russia,1980,Grazed biomass and fodder crops,0.5871839999999999
Europe & Russia,1980,Mixed / complex products nec.,10.156782
Europe & Russia,1980,Natural Gas,69.926168
Europe & Russia,1980,Non-ferrous ores,15.220185
Europe & Russia,1980,Non-metallic minerals - construction dominant,55.763717
Europe & Russia,1980,Non-metallic minerals - industrial or agricultural dominant,52.731597
Europe & Russia,1980,Non-wild animal products,21.451209
Europe & Russia,1980,Other products mainly from fossil fuels e.g. plastics,19.450604
Europe & Russia,1980,Petroleum,168.364
Europe & Russia,1980,Products mainly from biomass nec.,26.985517
Europe & Russia,1980,Products mainly from metals nec.,21.594198
Europe & Russia,1980,Products mainly from non-metallic minerals,78.423435
Europe & Russia,1980,Refined fossil fuels mainly for fuel e.g. LPG gasoline diesel,155.093
Europe & Russia,1980,Waste for final treatment and disposal,1.07138
Europe & Russia,1980,Wild catch and harvest,2.900472
Europe & Russia,1980,Wood,79.327466
Europe & Russia,1981,Coal,57.629000000000005
Europe & Russia,1981,Crop Residues,0.46936500000000003
Europe & Russia,1981,Crops,94.673936
Europe & Russia,1981,Excavated earthen materials (including soil) nec,0
Europe & Russia,1981,Ferrous ores,93.256007
Europe & Russia,1981,Grazed biomass and fodder crops,0.7620709999999999
Europe & Russia,1981,Mixed / complex products nec.,10.529069999999999
Europe & Russia,1981,Natural Gas,67.892954
Europe & Russia,1981,Non-ferrous ores,13.514599
Europe & Russia,1981,Non-metallic minerals - construction dominant,48.613487
Europe & Russia,1981,Non-metallic minerals - industrial or agricultural dominant,52.042077
Europe & Russia,1981,Non-wild animal products,22.488226
Europe & Russia,1981,Other products mainly from fossil fuels e.g. plastics,19.924666000000002
Europe & Russia,1981,Petroleum,175.677
Europe & Russia,1981,Products mainly from biomass nec.,28.698033
Europe & Russia,1981,Products mainly from metals nec.,23.382427
Europe & Russia,1981,Products mainly from non-metallic minerals,79.920343
Europe & Russia,1981,Refined fossil fuels mainly for fuel e.g. LPG gasoline diesel,155.493
Europe & Russia,1981,Waste for final treatment and disposal,0.9464210000000001
Europe & Russia,1981,Wild catch and harvest,3.023751
Europe & Russia,1981,Wood,77.319943
Europe & Russia,1982,Coal,65.135
Europe & Russia,1982,Crop Residues,0.506387
Europe & Russia,1982,Crops,95.833953
Europe & Russia,1982,Excavated earthen materials (including soil) nec,0
Europe & Russia,1982,Ferrous ores,79.94942
Europe & Russia,1982,Grazed biomass and fodder crops,0.671933
Europe & Russia,1982,Mixed / complex products nec.,11.534873000000001
Europe & Russia,1982,Natural Gas,63.430201000000004
Europe & Russia,1982,Non-ferrous ores,13.903406
Europe & Russia,1982,Non-metallic minerals - construction dominant,49.188676
Europe & Russia,1982,Non-metallic minerals - industrial or agricultural dominant,47.301683000000004
Europe & Russia,1982,Non-wild animal products,22.209775
Europe & Russia,1982,Other products mainly from fossil fuels e.g. plastics,19.926162
Europe & Russia,1982,Petroleum,187.856
Europe & Russia,1982,Products mainly from biomass nec.,28.886313
Europe & Russia,1982,Products mainly from metals nec.,21.958747
Europe & Russia,1982,Products mainly from non-metallic minerals,83.999787
Europe & Russia,1982,Refined fossil fuels mainly for fuel e.g. LPG gasoline diesel,166.7
Europe & Russia,1982,Waste for final treatment and disposal,1.232207
Europe & Russia,1982,Wild catch and harvest,3.046952
Europe & Russia,1982,Wood,74.349806
Europe & Russia,1983,Coal,73.449
Europe & Russia,1983,Crop Residues,0.549496
Europe & Russia,1983,Crops,101.288547
Europe & Russia,1983,Excavated earthen materials (including soil) nec,0
Europe & Russia,1983,Ferrous ores,80.947531
Europe & Russia,1983,Grazed biomass and fodder crops,0.875996
Europe & Russia,1983,Mixed / complex products nec.,12.128573
Europe & Russia,1983,Natural Gas,65.882358
Europe & Russia,1983,Non-ferrous ores,14.408673
Europe & Russia,1983,Non-metallic minerals - construction dominant,49.758515
Europe & Russia,1983,Non-metallic minerals - industrial or agricultural dominant,49.657396
Europe & Russia,1983,Non-wild animal products,23.032891
Europe & Russia,1983,Other products mainly from fossil fuels e.g. plastics,22.074748
Europe & Russia,1983,Petroleum,199.67999999999998
Europe & Russia,1983,Products mainly from biomass nec.,29.769624999999998
Europe & Russia,1983,Products mainly from metals nec.,22.530328
Europe & Russia,1983,Products mainly from non-metallic minerals,89.950548
Europe & Russia,1983,Refined fossil fuels mainly for fuel e.g. LPG gasoline diesel,181.124
Europe & Russia,1983,Waste for final treatment and disposal,0.850224
Europe & Russia,1983,Wild catch and harvest,3.372314
Europe & Russia,1983,Wood,80.623448
Europe & Russia,1984,Coal,79.675
Europe & Russia,1984,Crop Residues,0.550509
Europe & Russia,1984,Crops,108.791168
Europe & Russia,1984,Excavated earthen materials (including soil) nec,0
Europe & Russia,1984,Ferrous ores,92.74985600000001
Europe & Russia,1984,Grazed biomass and fodder crops,0.913856
Europe & Russia,1984,Mixed / complex products nec.,12.724034
Europe & Russia,1984,Natural Gas,65.46101900000001
Europe & Russia,1984,Non-ferrous ores,15.990929999999999
Europe & Russia,1984,Non-metallic minerals - construction dominant,48.872455
Europe & Russia,1984,Non-metallic minerals - industrial or agricultural dominant,57.272821
Europe & Russia,1984,Non-wild animal products,24.616863
Europe & Russia,1984,Other products mainly from fossil fuels e.g. plastics,23.581919
Europe & Russia,1984,Petroleum,214.76500000000001
Europe & Russia,1984,Products mainly from biomass nec.,32.138598
Europe & Russia,1984,Products mainly from metals nec.,23.470873
Europe & Russia,1984,Products mainly from non-metallic minerals,92.49399700000001
Europe & Russia,1984,Refined fossil fuels mainly for fuel e.g. LPG gasoline diesel,180.499
Europe & Russia,1984,Waste for final treatment and disposal,1.1738439999999999
Europe & Russia,1984,Wild catch and harvest,3.408288
Europe & Russia,1984,Wood,86.843796
Europe & Russia,1985,Coal,77.214
Europe & Russia,1985,Crop Residues,0.681321
Europe & Russia,1985,Crops,116.000834
Europe & Russia,1985,Excavated earthen materials (including soil) nec,0
Europe & Russia,1985,Ferrous ores,97.534308
Europe & Russia,1985,Grazed biomass and fodder crops,0.935898
Europe & Russia,1985,Mixed / complex products nec.,13.032808
Europe & Russia,1985,Natural Gas,66.650498
Europe & Russia,1985,Non-ferrous ores,16.679097
Europe & Russia,1985,Non-metallic minerals - construction dominant,48.627311999999996
Europe & Russia,1985,Non-metallic minerals - industrial or agricultural dominant,55.088210000000004
Europe & Russia,1985,Non-wild animal products,25.065652
Europe & Russia,1985,Other products mainly from fossil fuels e.g. plastics,24.686466
Europe & Russia,1985,Petroleum,203.87
Europe & Russia,1985,Products mainly from biomass nec.,33.859954
Europe & Russia,1985,Products mainly from metals nec.,28.841225
Europe & Russia,1985,Products mainly from non-metallic minerals,88.155257
Europe & Russia,1985,Refined fossil fuels mainly for fuel e.g. LPG gasoline diesel,172.15
Europe & Russia,1985,Waste for final treatment and disposal,0.945574
Europe & Russia,1985,Wild catch and harvest,3.653545
Europe & Russia,1985,Wood,88.75207999999999
Europe & Russia,1986,Coal,80.956
Europe & Russia,1986,Crop Residues,0.747375
Europe & Russia,1986,Crops,116.165587
Europe & Russia,1986,Excavated earthen materials (including soil) nec,0
Europe & Russia,1986,Ferrous ores,89.594234
Europe & Russia,1986,Grazed biomass and fodder crops,0.8740720000000001
Europe & Russia,1986,Mixed / complex products nec.,13.427806
Europe & Russia,1986,Natural Gas,66.48391
Europe & Russia,1986,Non-ferrous ores,14.601708
Europe & Russia,1986,Non-metallic minerals - construction dominant,49.125194
Europe & Russia,1986,Non-metallic minerals - industrial or agricultural dominant,52.605573
Europe & Russia,1986,Non-wild animal products,26.007127
Europe & Russia,1986,Other products mainly from fossil fuels e.g. plastics,25.764351
Europe & Russia,1986,Petroleum,221.803
Europe & Russia,1986,Products mainly from biomass nec.,35.25249
Europe & Russia,1986,Products mainly from metals nec.,24.137646
Europe & Russia,1986,Products mainly from non-metallic minerals,84.513635
Europe & Russia,1986,Refined fossil fuels mainly for fuel e.g. LPG gasoline diesel,196.136
Europe & Russia,1986,Waste for final treatment and disposal,0.947289
Europe & Russia,1986,Wild catch and harvest,3.990371
Europe & Russia,1986,Wood,91.98767600000001
Europe & Russia,1987,Coal,75.739
Europe & Russia,1987,Crop Residues,0.637193
Europe & Russia,1987,Crops,121.485187
Europe & Russia,1987,Excavated earthen materials (including soil) nec,0
Europe & Russia,1987,Ferrous ores,91.689085
Europe & Russia,1987,Grazed biomass and fodder crops,0.771721
Europe & Russia,1987,Mixed / complex products nec.,14.56481
Europe & Russia,1987,Natural Gas,69.241984
Europe & Russia,1987,Non-ferrous ores,15.552936
Europe & Russia,1987,Non-metallic minerals - construction dominant,47.748086
Europe & Russia,1987,Non-metallic minerals - industrial or agricultural dominant,61.677994
Europe & Russia,1987,Non-wild animal products,27.091704999999997
Europe & Russia,1987,Other products mainly from fossil fuels e.g. plastics,27.813855
Europe & Russia,1987,Petroleum,225.16299999999998
Europe & Russia,1987,Products mainly from biomass nec.,36.852064
Europe & Russia,1987,Products mainly from metals nec.,24.007841
Europe & Russia,1987,Products mainly from non-metallic minerals,86.727197
Europe & Russia,1987,Refined fossil fuels mainly for fuel e.g. LPG gasoline diesel,196.531
Europe & Russia,1987,Waste for final treatment and disposal,0.937725
Europe & Russia,1987,Wild catch and harvest,4.03108
Europe & Russia,1987,Wood,96.636771
Europe & Russia,1988,Coal,80.64
Europe & Russia,1988,Crop Residues,0.463993
Europe & Russia,1988,Crops,124.74570999999999
Europe & Russia,1988,Excavated earthen materials (including soil) nec,0
Europe & Russia,1988,Ferrous ores,98.97195
Europe & Russia,1988,Grazed biomass and fodder crops,1.127501
Europe & Russia,1988,Mixed / complex products nec.,15.401574
Europe & Russia,1988,Natural Gas,69.797258
Europe & Russia,1988,Non-ferrous ores,17.918173
Europe & Russia,1988,Non-metallic minerals - construction dominant,57.768701
Europe & Russia,1988,Non-metallic minerals - industrial or agricultural dominant,68.609866
Europe & Russia,1988,Non-wild animal products,27.239647
Europe & Russia,1988,Other products mainly from fossil fuels e.g. plastics,28.738107
Europe & Russia,1988,Petroleum,225.527
Europe & Russia,1988,Products mainly from biomass nec.,40.147335
Europe & Russia,1988,Products mainly from metals nec.,25.560406
Europe & Russia,1988,Products mainly from non-metallic minerals,88.088908
Europe & Russia,1988,Refined fossil fuels mainly for fuel e.g. LPG gasoline diesel,195.481
Europe & Russia,1988,Waste for final treatment and disposal,1.021511
Europe & Russia,1988,Wild catch and harvest,4.44262
Europe & Russia,1988,Wood,99.505478
Europe & Russia,1989,Coal,82.44
Europe & Russia,1989,Crop Residues,0.434542
Europe & Russia,1989,Crops,129.62096499999998
Europe & Russia,1989,Excavated earthen materials (including soil) nec,0
Europe & Russia,1989,Ferrous ores,102.157079
Europe & Russia,1989,Grazed biomass and fodder crops,0.9993869999999999
Europe & Russia,1989,Mixed / complex products nec.,20.71336
Europe & Russia,1989,Natural Gas,79.946038
Europe & Russia,1989,Non-ferrous ores,20.468009
Europe & Russia,1989,Non-metallic minerals - construction dominant,60.714947
Europe & Russia,1989,Non-metallic minerals - industrial or agricultural dominant,73.666944
Europe & Russia,1989,Non-wild animal products,27.115328
Europe & Russia,1989,Other products mainly from fossil fuels e.g. plastics,30.483512
Europe & Russia,1989,Petroleum,187.662
Europe & Russia,1989,Products mainly from biomass nec.,42.472275
Europe & Russia,1989,Products mainly from metals nec.,28.177533
Europe & Russia,1989,Products mainly from non-metallic minerals,96.473275
Europe & Russia,1989,Refined fossil fuels mainly for fuel e.g. LPG gasoline diesel,197.463
Europe & Russia,1989,Waste for final treatment and disposal,1.203313
Europe & Russia,1989,Wild catch and harvest,4.572052
Europe & Russia,1989,Wood,99.70446199999999
Europe & Russia,1990,Coal,74.737
Europe & Russia,1990,Crop Residues,0.470097
Europe & Russia,1990,Crops,128.793393
Europe & Russia,1990,Excavated earthen materials (including soil) nec,0
Europe & Russia,1990,Ferrous ores,102.868093
Europe & Russia,1990,Grazed biomass and fodder crops,0.832859
Europe & Russia,1990,Mixed / complex products nec.,24.415413
Europe & Russia,1990,Natural Gas,87.637636
Europe & Russia,1990,Non-ferrous ores,19.339548
Europe & Russia,1990,Non-metallic minerals - construction dominant,63.74633
Europe & Russia,1990,Non-metallic minerals - industrial or agricultural dominant,72.823028
Europe & Russia,1990,Non-wild animal products,26.547051
Europe & Russia,1990,Other products mainly from fossil fuels e.g. plastics,31.570831
Europe & Russia,1990,Petroleum,173.891
Europe & Russia,1990,Products mainly from biomass nec.,44.53855
Europe & Russia,1990,Products mainly from metals nec.,28.849022
Europe & Russia,1990,Products mainly from non-metallic minerals,99.35277
Europe & Russia,1990,Refined fossil fuels mainly for fuel e.g. LPG gasoline diesel,181.626
Europe & Russia,1990,Waste for final treatment and disposal,1.12829
Europe & Russia,1990,Wild catch and harvest,5.15904
Europe & Russia,1990,Wood,91.592687
Europe & Russia,1991,Coal,63.696999999999996
Europe & Russia,1991,Crop Residues,0.543295
Europe & Russia,1991,Crops,135.348692
Europe & Russia,1991,Excavated earthen materials (including soil) nec,0
Europe & Russia,1991,Ferrous ores,124.324661
Europe & Russia,1991,Grazed biomass and fodder crops,1.022695
Europe & Russia,1991,Mixed / complex products nec.,28.496905
Europe & Russia,1991,Natural Gas,90.330653
Europe & Russia,1991,Non-ferrous ores,21.323868
Europe & Russia,1991,Non-metallic minerals - construction dominant,88.418084
Europe & Russia,1991,Non-metallic minerals - industrial or agricultural dominant,88.367837
Europe & Russia,1991,Non-wild animal products,28.688288
Europe & Russia,1991,Other products mainly from fossil fuels e.g. plastics,41.750871000000004
Europe & Russia,1991,Petroleum,120.51
Europe & Russia,1991,Products mainly from biomass nec.,46.357759
Europe & Russia,1991,Products mainly from metals nec.,40.210472
Europe & Russia,1991,Products mainly from non-metallic minerals,125.23543
Europe & Russia,1991,Refined fossil fuels mainly for fuel e.g. LPG gasoline diesel,178.00900000000001
Europe & Russia,1991,Waste for final treatment and disposal,1.691414
Europe & Russia,1991,Wild catch and harvest,5.069161
Europe & Russia,1991,Wood,94.75909
Europe & Russia,1992,Coal,77.024
Europe & Russia,1992,Crop Residues,0.55418
Europe & Russia,1992,Crops,150.666765
Europe & Russia,1992,Excavated earthen materials (including soil) nec,0
Europe & Russia,1992,Ferrous ores,131.337139
Europe & Russia,1992,Grazed biomass and fodder crops,1.032926
Europe & Russia,1992,Mixed / complex products nec.,29.801022
Europe & Russia,1992,Natural Gas,156.911724
Europe & Russia,1992,Non-ferrous ores,24.016533
Europe & Russia,1992,Non-metallic minerals - construction dominant,96.480818
Europe & Russia,1992,Non-metallic minerals - industrial or agricultural dominant,93.223337
Europe & Russia,1992,Non-wild animal products,31.014736
Europe & Russia,1992,Other products mainly from fossil fuels e.g. plastics,45.63156
Europe & Russia,1992,Petroleum,211.206
Europe & Russia,1992,Products mainly from biomass nec.,49.854096
Europe & Russia,1992,Products mainly from metals nec.,42.06027
Europe & Russia,1992,Products mainly from non-metallic minerals,138.872091
Europe & Russia,1992,Refined fossil fuels mainly for fuel e.g. LPG gasoline diesel,194.335
Europe & Russia,1992,Waste for final treatment and disposal,1.55713
Europe & Russia,1992,Wild catch and harvest,4.933757
Europe & Russia,1992,Wood,96.990285
Europe & Russia,1993,Coal,72.863
Europe & Russia,1993,Crop Residues,0.43320400000000003
Europe & Russia,1993,Crops,137.115976
Europe & Russia,1993,Excavated earthen materials (including soil) nec,0
Europe & Russia,1993,Ferrous ores,145.119624
Europe & Russia,1993,Grazed biomass and fodder crops,1.24204
Europe & Russia,1993,Mixed / complex products nec.,53.476513
Europe & Russia,1993,Natural Gas,141.946905
Europe & Russia,1993,Non-ferrous ores,23.206798
Europe & Russia,1993,Non-metallic minerals - construction dominant,90.703777
Europe & Russia,1993,Non-metallic minerals - industrial or agricultural dominant,83.949983
Europe & Russia,1993,Non-wild animal products,31.520966
Europe & Russia,1993,Other products mainly from fossil fuels e.g. plastics,48.88793
Europe & Russia,1993,Petroleum,202.62199999999999
Europe & Russia,1993,Products mainly from biomass nec.,54.173785
Europe & Russia,1993,Products mainly from metals nec.,41.85033
Europe & Russia,1993,Products mainly from non-metallic minerals,145.719317
Europe & Russia,1993,Refined fossil fuels mainly for fuel e.g. LPG gasoline diesel,199.312
Europe & Russia,1993,Waste for final treatment and disposal,1.470671
Europe & Russia,1993,Wild catch and harvest,5.855748
Europe & Russia,1993,Wood,101.00692600000001
Europe & Russia,1994,Coal,74.59700000000001
Europe & Russia,1994,Crop Residues,0.374811
Europe & Russia,1994,Crops,146.027127
Europe & Russia,1994,Excavated earthen materials (including soil) nec,0
Europe & Russia,1994,Ferrous ores,150.83460300000002
Europe & Russia,1994,Grazed biomass and fodder crops,1.1538549999999999
Europe & Russia,1994,Mixed / complex products nec.,60.435023
Europe & Russia,1994,Natural Gas,149.18201
Europe & Russia,1994,Non-ferrous ores,24.770999
Europe & Russia,1994,Non-metallic minerals - construction dominant,106.847689
Europe & Russia,1994,Non-metallic minerals - industrial or agricultural dominant,93.266995
Europe & Russia,1994,Non-wild animal products,34.337012
Europe & Russia,1994,Other products mainly from fossil fuels e.g. plastics,54.228077999999996
Europe & Russia,1994,Petroleum,222.668
Europe & Russia,1994,Products mainly from biomass nec.,61.207872
Europe & Russia,1994,Products mainly from metals nec.,46.128647
Europe & Russia,1994,Products mainly from non-metallic minerals,169.117549
Europe & Russia,1994,Refined fossil fuels mainly for fuel e.g. LPG gasoline diesel,204.334
Europe & Russia,1994,Waste for final treatment and disposal,1.788916
Europe & Russia,1994,Wild catch and harvest,6.5754030000000006
Europe & Russia,1994,Wood,110.819587
Europe & Russia,1995,Coal,81.65599999999999
Europe & Russia,1995,Crop Residues,0.267377
Europe & Russia,1995,Crops,149.138268
Europe & Russia,1995,Excavated earthen materials (including soil) nec,0
Europe & Russia,1995,Ferrous ores,150.324331
Europe & Russia,1995,Grazed biomass and fodder crops,1.028087
Europe & Russia,1995,Mixed / complex products nec.,62.981363
Europe & Russia,1995,Natural Gas,154.169361
Europe & Russia,1995,Non-ferrous ores,27.066397
Europe & Russia,1995,Non-metallic minerals - construction dominant,108.335907
Europe & Russia,1995,Non-metallic minerals - industrial or agricultural dominant,96.575813
Europe & Russia,1995,Non-wild animal products,34.318443
Europe & Russia,1995,Other products mainly from fossil fuels e.g. plastics,53.777406
Europe & Russia,1995,Petroleum,218.625
Europe & Russia,1995,Products mainly from biomass nec.,62.908001
Europe & Russia,1995,Products mainly from metals nec.,49.178693
Europe & Russia,1995,Products mainly from non-metallic minerals,172.306298
Europe & Russia,1995,Refined fossil fuels mainly for fuel e.g. LPG gasoline diesel,201.25
Europe & Russia,1995,Waste for final treatment and disposal,1.6651129999999998
Europe & Russia,1995,Wild catch and harvest,6.548576000000001
Europe & Russia,1995,Wood,120.515911
Europe & Russia,1996,Coal,76.295
Europe & Russia,1996,Crop Residues,0.371853
Europe & Russia,1996,Crops,147.354243
Europe & Russia,1996,Excavated earthen materials (including soil) nec,0
Europe & Russia,1996,Ferrous ores,223.666452
Europe & Russia,1996,Grazed biomass and fodder crops,0.951791
Europe & Russia,1996,Mixed / complex products nec.,104.502979
Europe & Russia,1996,Natural Gas,164.06319299999998
Europe & Russia,1996,Non-ferrous ores,34.692233
Europe & Russia,1996,Non-metallic minerals - construction dominant,116.567527
Europe & Russia,1996,Non-metallic minerals - industrial or agricultural dominant,121.3006
Europe & Russia,1996,Non-wild animal products,35.243207
Europe & Russia,1996,Other products mainly from fossil fuels e.g. plastics,58.969822
Europe & Russia,1996,Petroleum,220.56
Europe & Russia,1996,Products mainly from biomass nec.,64.272777
Europe & Russia,1996,Products mainly from metals nec.,54.515932
Europe & Russia,1996,Products mainly from non-metallic minerals,194.927319
Europe & Russia,1996,Refined fossil fuels mainly for fuel e.g. LPG gasoline diesel,215.77800000000002
Europe & Russia,1996,Waste for final treatment and disposal,2.022175
Europe & Russia,1996,Wild catch and harvest,7.145224
Europe & Russia,1996,Wood,116.744361
Europe & Russia,1997,Coal,72.62100000000001
Europe & Russia,1997,Crop Residues,0.39803
Europe & Russia,1997,Crops,152.854583
Europe & Russia,1997,Excavated earthen materials (including soil) nec,0
Europe & Russia,1997,Ferrous ores,245.472677
Europe & Russia,1997,Grazed biomass and fodder crops,0.8633679999999999
Europe & Russia,1997,Mixed / complex products nec.,91.145921
Europe & Russia,1997,Natural Gas,165.135997
Europe & Russia,1997,Non-ferrous ores,38.121949
Europe & Russia,1997,Non-metallic minerals - construction dominant,121.565614
Europe & Russia,1997,Non-metallic minerals - industrial or agricultural dominant,120.480718
Europe & Russia,1997,Non-wild animal products,36.449211
Europe & Russia,1997,Other products mainly from fossil fuels e.g. plastics,64.577624
Europe & Russia,1997,Petroleum,222.034
Europe & Russia,1997,Products mainly from biomass nec.,70.97662199999999
Europe & Russia,1997,Products mainly from metals nec.,58.166243
Europe & Russia,1997,Products mainly from non-metallic minerals,207.109203
Europe & Russia,1997,Refined fossil fuels mainly for fuel e.g. LPG gasoline diesel,220.678
Europe & Russia,1997,Waste for final treatment and disposal,1.918732
Europe & Russia,1997,Wild catch and harvest,7.485361
Europe & Russia,1997,Wood,129.971621
Europe & Russia,1998,Coal,70.088
Europe & Russia,1998,Crop Residues,0.326368
Europe & Russia,1998,Crops,165.173206
Europe & Russia,1998,Excavated earthen materials (including soil) nec,0
Europe & Russia,1998,Ferrous ores,236.272211
Europe & Russia,1998,Grazed biomass and fodder crops,0.9674309999999999
Europe & Russia,1998,Mixed / complex products nec.,89.544775
Europe & Russia,1998,Natural Gas,164.830709
Europe & Russia,1998,Non-ferrous ores,38.261478
Europe & Russia,1998,Non-metallic minerals - construction dominant,125.204632
Europe & Russia,1998,Non-metallic minerals - industrial or agricultural dominant,119.121979
Europe & Russia,1998,Non-wild animal products,37.875845
Europe & Russia,1998,Other products mainly from fossil fuels e.g. plastics,68.472255
Europe & Russia,1998,Petroleum,235.831
Europe & Russia,1998,Products mainly from biomass nec.,96.523709
Europe & Russia,1998,Products mainly from metals nec.,65.433609
Europe & Russia,1998,Products mainly from non-metallic minerals,207.049963
Europe & Russia,1998,Refined fossil fuels mainly for fuel e.g. LPG gasoline diesel,216.834
Europe & Russia,1998,Waste for final treatment and disposal,1.839339
Europe & Russia,1998,Wild catch and harvest,7.159697
Europe & Russia,1998,Wood,144.785517
Europe & Russia,1999,Coal,68.341
Europe & Russia,1999,Crop Residues,0.366713
Europe & Russia,1999,Crops,174.566529
Europe & Russia,1999,Excavated earthen materials (including soil) nec,0
Europe & Russia,1999,Ferrous ores,237.072564
Europe & Russia,1999,Grazed biomass and fodder crops,1.107072
Europe & Russia,1999,Mixed / complex products nec.,102.750635
Europe & Russia,1999,Natural Gas,170.20543700000002
Europe & Russia,1999,Non-ferrous ores,39.348091000000004
Europe & Russia,1999,Non-metallic minerals - construction dominant,123.291664
Europe & Russia,1999,Non-metallic minerals - industrial or agricultural dominant,126.138376
Europe & Russia,1999,Non-wild animal products,38.838533
Europe & Russia,1999,Other products mainly from fossil fuels e.g. plastics,73.358957
Europe & Russia,1999,Petroleum,244.14100000000002
Europe & Russia,1999,Products mainly from biomass nec.,105.74221899999999
Europe & Russia,1999,Products mainly from metals nec.,66.515218
Europe & Russia,1999,Products mainly from non-metallic minerals,210.079238
Europe & Russia,1999,Refined fossil fuels mainly for fuel e.g. LPG gasoline diesel,214.471
Europe & Russia,1999,Waste for final treatment and disposal,1.720823
Europe & Russia,1999,Wild catch and harvest,7.425154
Europe & Russia,1999,Wood,153.349854
Europe & Russia,2000,Coal,76.202
Europe & Russia,2000,Crop Residues,0.40205799999999997
Europe & Russia,2000,Crops,170.105967
Europe & Russia,2000,Excavated earthen materials (including soil) nec,0
Europe & Russia,2000,Ferrous ores,271.60853
Europe & Russia,2000,Grazed biomass and fodder crops,0.89822
Europe & Russia,2000,Mixed / complex products nec.,235.40230499999998
Europe & Russia,2000,Natural Gas,169.93669899999998
Europe & Russia,2000,Non-ferrous ores,42.146621
Europe & Russia,2000,Non-metallic minerals - construction dominant,133.580195
Europe & Russia,2000,Non-metallic minerals - industrial or agricultural dominant,128.143856
Europe & Russia,2000,Non-wild animal products,39.844574
Europe & Russia,2000,Other products mainly from fossil fuels e.g. plastics,77.007567
Europe & Russia,2000,Petroleum,259.679
Europe & Russia,2000,Products mainly from biomass nec.,111.496906
Europe & Russia,2000,Products mainly from metals nec.,72.34971
Europe & Russia,2000,Products mainly from non-metallic minerals,217.384159
Europe & Russia,2000,Refined fossil fuels mainly for fuel e.g. LPG gasoline diesel,229.287
Europe & Russia,2000,Waste for final treatment and disposal,1.879835
Europe & Russia,2000,Wild catch and harvest,7.779501
Europe & Russia,2000,Wood,168.94038700000002
Europe & Russia,2001,Coal,82.411
Europe & Russia,2001,Crop Residues,0.39248
Europe & Russia,2001,Crops,168.213517
Europe & Russia,2001,Excavated earthen materials (including soil) nec,0
Europe & Russia,2001,Ferrous ores,258.607669
Europe & Russia,2001,Grazed biomass and fodder crops,0.905996
Europe & Russia,2001,Mixed / complex products nec.,525.494456
Europe & Russia,2001,Natural Gas,165.699397
Europe & Russia,2001,Non-ferrous ores,40.544657
Europe & Russia,2001,Non-metallic minerals - construction dominant,136.430096
Europe & Russia,2001,Non-metallic minerals - industrial or agricultural dominant,123.258266
Europe & Russia,2001,Non-wild animal products,37.772702
Europe & Russia,2001,Other products mainly from fossil fuels e.g. plastics,78.90458699999999
Europe & Russia,2001,Petroleum,266.75
Europe & Russia,2001,Products mainly from biomass nec.,112.218543
Europe & Russia,2001,Products mainly from metals nec.,78.502104
Europe & Russia,2001,Products mainly from non-metallic minerals,223.195678
Europe & Russia,2001,Refined fossil fuels mainly for fuel e.g. LPG gasoline diesel,236.404
Europe & Russia,2001,Waste for final treatment and disposal,2.020283
Europe & Russia,2001,Wild catch and harvest,8.122164
Europe & Russia,2001,Wood,167.043433
Europe & Russia,2002,Coal,82.267
Europe & Russia,2002,Crop Residues,0.403252
Europe & Russia,2002,Crops,188.933566
Europe & Russia,2002,Excavated earthen materials (including soil) nec,0
Europe & Russia,2002,Ferrous ores,272.545537
Europe & Russia,2002,Grazed biomass and fodder crops,0.971063
Europe & Russia,2002,Mixed / complex products nec.,427.710381
Europe & Russia,2002,Natural Gas,172.379316
Europe & Russia,2002,Non-ferrous ores,39.613248
Europe & Russia,2002,Non-metallic minerals - construction dominant,139.137436
Europe & Russia,2002,Non-metallic minerals - industrial or agricultural dominant,131.003985
Europe & Russia,2002,Non-wild animal products,39.357819
Europe & Russia,2002,Other products mainly from fossil fuels e.g. plastics,83.410397
Europe & Russia,2002,Petroleum,296.977
Europe & Russia,2002,Products mainly from biomass nec.,121.060678
Europe & Russia,2002,Products mainly from metals nec.,82.717297
Europe & Russia,2002,Products mainly from non-metallic minerals,233.61222
Europe & Russia,2002,Refined fossil fuels mainly for fuel e.g. LPG gasoline diesel,257.981
Europe & Russia,2002,Waste for final treatment and disposal,2.211714
Europe & Russia,2002,Wild catch and harvest,8.043531
Europe & Russia,2002,Wood,176.715869
Europe & Russia,2003,Coal,89.711
Europe & Russia,2003,Crop Residues,0.46779200000000004
Europe & Russia,2003,Crops,185.606994
Europe & Russia,2003,Excavated earthen materials (including soil) nec,0
Europe & Russia,2003,Ferrous ores,284.279185
Europe & Russia,2003,Grazed biomass and fodder crops,1.1528260000000001
Europe & Russia,2003,Mixed / complex products nec.,552.948257
Europe & Russia,2003,Natural Gas,178.32494599999998
Europe & Russia,2003,Non-ferrous ores,42.908509
Europe & Russia,2003,Non-metallic minerals - construction dominant,132.934097
Europe & Russia,2003,Non-metallic minerals - industrial or agricultural dominant,135.819287
Europe & Russia,2003,Non-wild animal products,42.197668
Europe & Russia,2003,Other products mainly from fossil fuels e.g. plastics,86.867712
Europe & Russia,2003,Petroleum,325.527
Europe & Russia,2003,Products mainly from biomass nec.,127.499146
Europe & Russia,2003,Products mainly from metals nec.,87.70338
Europe & Russia,2003,Products mainly from non-metallic minerals,242.580795
Europe & Russia,2003,Refined fossil fuels mainly for fuel e.g. LPG gasoline diesel,262.707
Europe & Russia,2003,Waste for final treatment and disposal,2.074629
Europe & Russia,2003,Wild catch and harvest,8.320628
Europe & Russia,2003,Wood,184.985296
Europe & Russia,2004,Coal,104.01299999999999
Europe & Russia,2004,Crop Residues,0.45604500000000003
Europe & Russia,2004,Crops,176.97786
Europe & Russia,2004,Excavated earthen materials (including soil) nec,0
Europe & Russia,2004,Ferrous ores,310.661782
Europe & Russia,2004,Grazed biomass and fodder crops,0.8789159999999999
Europe & Russia,2004,Mixed / complex products nec.,772.673554
Europe & Russia,2004,Natural Gas,188.38996699999998
Europe & Russia,2004,Non-ferrous ores,46.633858
Europe & Russia,2004,Non-metallic minerals - construction dominant,143.91149
Europe & Russia,2004,Non-metallic minerals - industrial or agricultural dominant,138.816112
Europe & Russia,2004,Non-wild animal products,45.303025
Europe & Russia,2004,Other products mainly from fossil fuels e.g. plastics,94.11595
Europe & Russia,2004,Petroleum,345.848
Europe & Russia,2004,Products mainly from biomass nec.,140.084895
Europe & Russia,2004,Products mainly from metals nec.,97.082417
Europe & Russia,2004,Products mainly from non-metallic minerals,262.059039
Europe & Russia,2004,Refined fossil fuels mainly for fuel e.g. LPG gasoline diesel,298.800037
Europe & Russia,2004,Waste for final treatment and disposal,2.165356
Europe & Russia,2004,Wild catch and harvest,8.498647
Europe & Russia,2004,Wood,199.609653
Europe & Russia,2005,Coal,120.69800000000001
Europe & Russia,2005,Crop Residues,0.379871
Europe & Russia,2005,Crops,214.613516
Europe & Russia,2005,Excavated earthen materials (including soil) nec,0
Europe & Russia,2005,Ferrous ores,309.701117
Europe & Russia,2005,Grazed biomass and fodder crops,0.928145
Europe & Russia,2005,Mixed / complex products nec.,788.913639
Europe & Russia,2005,Natural Gas,195.282485
Europe & Russia,2005,Non-ferrous ores,48.814467
Europe & Russia,2005,Non-metallic minerals - construction dominant,154.74802499999998
Europe & Russia,2005,Non-metallic minerals - industrial or agricultural dominant,140.428902
Europe & Russia,2005,Non-wild animal products,47.461507
Europe & Russia,2005,Other products mainly from fossil fuels e.g. plastics,98.820256
Europe & Russia,2005,Petroleum,329.271
Europe & Russia,2005,Products mainly from biomass nec.,144.27847
Europe & Russia,2005,Products mainly from metals nec.,99.642307
Europe & Russia,2005,Products mainly from non-metallic minerals,279.713758
Europe & Russia,2005,Refined fossil fuels mainly for fuel e.g. LPG gasoline diesel,322.081037
Europe & Russia,2005,Waste for final treatment and disposal,2.420015
Europe & Russia,2005,Wild catch and harvest,8.727615
Europe & Russia,2005,Wood,211.076144
Europe & Russia,2006,Coal,125.055
Europe & Russia,2006,Crop Residues,0.380784
Europe & Russia,2006,Crops,218.61067400000002
Europe & Russia,2006,Excavated earthen materials (including soil) nec,0
Europe & Russia,2006,Ferrous ores,340.208349
Europe & Russia,2006,Grazed biomass and fodder crops,1.0810980000000001
Europe & Russia,2006,Mixed / complex products nec.,321.22837
Europe & Russia,2006,Natural Gas,191.549322
Europe & Russia,2006,Non-ferrous ores,53.191984
Europe & Russia,2006,Non-metallic minerals - construction dominant,167.012273
Europe & Russia,2006,Non-metallic minerals - industrial or agricultural dominant,145.266927
Europe & Russia,2006,Non-wild animal products,49.970439999999996
Europe & Russia,2006,Other products mainly from fossil fuels e.g. plastics,106.805537
Europe & Russia,2006,Petroleum,318.663
Europe & Russia,2006,Products mainly from biomass nec.,147.891114
Europe & Russia,2006,Products mainly from metals nec.,107.748093
Europe & Russia,2006,Products mainly from non-metallic minerals,291.65682200000003
Europe & Russia,2006,Refined fossil fuels mainly for fuel e.g. LPG gasoline diesel,332.794024
Europe & Russia,2006,Waste for final treatment and disposal,2.5615769999999998
Europe & Russia,2006,Wild catch and harvest,8.601686
Europe & Russia,2006,Wood,223.024992
Europe & Russia,2007,Coal,128.927087
Europe & Russia,2007,Crop Residues,0.405711
Europe & Russia,2007,Crops,211.02223
Europe & Russia,2007,Excavated earthen materials (including soil) nec,0
Europe & Russia,2007,Ferrous ores,346.576373
Europe & Russia,2007,Grazed biomass and fodder crops,1.436677
Europe & Russia,2007,Mixed / complex products nec.,737.160899
Europe & Russia,2007,Natural Gas,184.363592
Europe & Russia,2007,Non-ferrous ores,55.578464
Europe & Russia,2007,Non-metallic minerals - construction dominant,175.96738
Europe & Russia,2007,Non-metallic minerals - industrial or agricultural dominant,148.82297
Europe & Russia,2007,Non-wild animal products,52.905193000000004
Europe & Russia,2007,Other products mainly from fossil fuels e.g. plastics,112.984913
Europe & Russia,2007,Petroleum,328.164
Europe & Russia,2007,Products mainly from biomass nec.,156.028539
Europe & Russia,2007,Products mainly from metals nec.,114.781963
Europe & Russia,2007,Products mainly from non-metallic minerals,295.791645
Europe & Russia,2007,Refined fossil fuels mainly for fuel e.g. LPG gasoline diesel,335.377859
Europe & Russia,2007,Waste for final treatment and disposal,2.686764
Europe & Russia,2007,Wild catch and harvest,8.94999
Europe & Russia,2007,Wood,234.705356
Europe & Russia,2008,Coal,126.368375
Europe & Russia,2008,Crop Residues,0.520101
Europe & Russia,2008,Crops,234.053299
Europe & Russia,2008,Excavated earthen materials (including soil) nec,0
Europe & Russia,2008,Ferrous ores,337.761065
Europe & Russia,2008,Grazed biomass and fodder crops,1.155907
Europe & Russia,2008,Mixed / complex products nec.,373.594849
Europe & Russia,2008,Natural Gas,189.986382
Europe & Russia,2008,Non-ferrous ores,55.619645
Europe & Russia,2008,Non-metallic minerals - construction dominant,181.395693
Europe & Russia,2008,Non-metallic minerals - industrial or agricultural dominant,146.960084
Europe & Russia,2008,Non-wild animal products,55.934684
Europe & Russia,2008,Other products mainly from fossil fuels e.g. plastics,106.25351500000001
Europe & Russia,2008,Petroleum,308.9592
Europe & Russia,2008,Products mainly from biomass nec.,151.555823
Europe & Russia,2008,Products mainly from metals nec.,116.33821999999999
Europe & Russia,2008,Products mainly from non-metallic minerals,298.673051
Europe & Russia,2008,Refined fossil fuels mainly for fuel e.g. LPG gasoline diesel,345.750292
Europe & Russia,2008,Waste for final treatment and disposal,2.999862
Europe & Russia,2008,Wild catch and harvest,9.098144
Europe & Russia,2008,Wood,222.384342
Europe & Russia,2009,Coal,134.32007199999998
Europe & Russia,2009,Crop Residues,0.507684
Europe & Russia,2009,Crops,273.308005
Europe & Russia,2009,Excavated earthen materials (including soil) nec,0
Europe & Russia,2009,Ferrous ores,277.482871
Europe & Russia,2009,Grazed biomass and fodder crops,1.212319
Europe & Russia,2009,Mixed / complex products nec.,264.214096
Europe & Russia,2009,Natural Gas,174.29155500000002
Europe & Russia,2009,Non-ferrous ores,49.350944
Europe & Russia,2009,Non-metallic minerals - construction dominant,147.769084
Europe & Russia,2009,Non-metallic minerals - industrial or agricultural dominant,112.852942
Europe & Russia,2009,Non-wild animal products,58.593624
Europe & Russia,2009,Other products mainly from fossil fuels e.g. plastics,97.357657
Europe & Russia,2009,Petroleum,311.13823
Europe & Russia,2009,Products mainly from biomass nec.,139.895537
Europe & Russia,2009,Products mainly from metals nec.,82.811702
Europe & Russia,2009,Products mainly from non-metallic minerals,259.7521
Europe & Russia,2009,Refined fossil fuels mainly for fuel e.g. LPG gasoline diesel,347.470922
Europe & Russia,2009,Waste for final treatment and disposal,2.854583
Europe & Russia,2009,Wild catch and harvest,9.618231
Europe & Russia,2009,Wood,201.304828
Europe & Russia,2010,Coal,163.259479
Europe & Russia,2010,Crop Residues,0.660791
Europe & Russia,2010,Crops,263.999254
Europe & Russia,2010,Excavated earthen materials (including soil) nec,0
Europe & Russia,2010,Ferrous ores,317.993787
Europe & Russia,2010,Grazed biomass and fodder crops,1.437602
Europe & Russia,2010,Mixed / complex products nec.,329.576878
Europe & Russia,2010,Natural Gas,196.249508
Europe & Russia,2010,Non-ferrous ores,55.184887
Europe & Russia,2010,Non-metallic minerals - construction dominant,156.98096
Europe & Russia,2010,Non-metallic minerals - industrial or agricultural dominant,142.565668
Europe & Russia,2010,Non-wild animal products,62.822333
Europe & Russia,2010,Other products mainly from fossil fuels e.g. plastics,108.264739
Europe & Russia,2010,Petroleum,305.00047
Europe & Russia,2010,Products mainly from biomass nec.,153.65414
Europe & Russia,2010,Products mainly from metals nec.,99.247322
Europe & Russia,2010,Products mainly from non-metallic minerals,288.352071
Europe & Russia,2010,Refined fossil fuels mainly for fuel e.g. LPG gasoline diesel,366.70642599999996
Europe & Russia,2010,Waste for final treatment and disposal,3.212356
Europe & Russia,2010,Wild catch and harvest,10.441512
Europe & Russia,2010,Wood,216.74501
Europe & Russia,2011,Coal,152.083574
Europe & Russia,2011,Crop Residues,0.734827
Europe & Russia,2011,Crops,266.06174
Europe & Russia,2011,Excavated earthen materials (including soil) nec,0
Europe & Russia,2011,Ferrous ores,338.172599
Europe & Russia,2011,Grazed biomass and fodder crops,1.948043
Europe & Russia,2011,Mixed / complex products nec.,453.276138
Europe & Russia,2011,Natural Gas,202.502374
Europe & Russia,2011,Non-ferrous ores,57.227251
Europe & Russia,2011,Non-metallic minerals - construction dominant,174.707416
Europe & Russia,2011,Non-metallic minerals - industrial or agricultural dominant,161.210816
Europe & Russia,2011,Non-wild animal products,66.605513
Europe & Russia,2011,Other products mainly from fossil fuels e.g. plastics,111.386375
Europe & Russia,2011,Petroleum,296.70981
Europe & Russia,2011,Products mainly from biomass nec.,156.857931
Europe & Russia,2011,Products mainly from metals nec.,112.793881
Europe & Russia,2011,Products mainly from non-metallic minerals,301.636692
Europe & Russia,2011,Refined fossil fuels mainly for fuel e.g. LPG gasoline diesel,379.771126
Europe & Russia,2011,Waste for final treatment and disposal,3.552781
Europe & Russia,2011,Wild catch and harvest,10.10743
Europe & Russia,2011,Wood,220.16522
Europe & Russia,2012,Coal,158.93594000000002
Europe & Russia,2012,Crop Residues,0.788143
Europe & Russia,2012,Crops,296.451165
Europe & Russia,2012,Excavated earthen materials (including soil) nec,0
Europe & Russia,2012,Ferrous ores,339.570925
Europe & Russia,2012,Grazed biomass and fodder crops,2.183505
Europe & Russia,2012,Mixed / complex products nec.,452.92788
Europe & Russia,2012,Natural Gas,200.095969
Europe & Russia,2012,Non-ferrous ores,58.571127
Europe & Russia,2012,Non-metallic minerals - construction dominant,170.959509
Europe & Russia,2012,Non-metallic minerals - industrial or agricultural dominant,148.344384
Europe & Russia,2012,Non-wild animal products,68.231612
Europe & Russia,2012,Other products mainly from fossil fuels e.g. plastics,110.239913
Europe & Russia,2012,Petroleum,291.54407
Europe & Russia,2012,Products mainly from biomass nec.,159.182251
Europe & Russia,2012,Products mainly from metals nec.,113.011417
Europe & Russia,2012,Products mainly from non-metallic minerals,307.058558
Europe & Russia,2012,Refined fossil fuels mainly for fuel e.g. LPG gasoline diesel,393.596539
Europe & Russia,2012,Waste for final treatment and disposal,3.719009
Europe & Russia,2012,Wild catch and harvest,10.645706
Europe & Russia,2012,Wood,225.103427
Europe & Russia,2013,Coal,172.008804
Europe & Russia,2013,Crop Residues,0.7973950000000001
Europe & Russia,2013,Crops,306.470381
Europe & Russia,2013,Excavated earthen materials (including soil) nec,0
Europe & Russia,2013,Ferrous ores,341.701702
Europe & Russia,2013,Grazed biomass and fodder crops,2.08131
Europe & Russia,2013,Mixed / complex products nec.,436.973976
Europe & Russia,2013,Natural Gas,218.89411
Europe & Russia,2013,Non-ferrous ores,60.07018
Europe & Russia,2013,Non-metallic minerals - construction dominant,173.009539
Europe & Russia,2013,Non-metallic minerals - industrial or agricultural dominant,154.56045
Europe & Russia,2013,Non-wild animal products,69.25626
Europe & Russia,2013,Other products mainly from fossil fuels e.g. plastics,113.217462
Europe & Russia,2013,Petroleum,290.88
Europe & Russia,2013,Products mainly from biomass nec.,162.203684
Europe & Russia,2013,Products mainly from metals nec.,113.327723
Europe & Russia,2013,Products mainly from non-metallic minerals,313.486122
Europe & Russia,2013,Refined fossil fuels mainly for fuel e.g. LPG gasoline diesel,404.980921
Europe & Russia,2013,Waste for final treatment and disposal,3.7279139999999997
Europe & Russia,2013,Wild catch and harvest,10.958171
Europe & Russia,2013,Wood,232.80302
Europe & Russia,2014,Coal,184.39637
Europe & Russia,2014,Crop Residues,1.038928
Europe & Russia,2014,Crops,339.039548
Europe & Russia,2014,Excavated earthen materials (including soil) nec,0
Europe & Russia,2014,Ferrous ores,337.004777
Europe & Russia,2014,Grazed biomass and fodder crops,2.205259
Europe & Russia,2014,Mixed / complex products nec.,415.570425
Europe & Russia,2014,Natural Gas,200.017473
Europe & Russia,2014,Non-ferrous ores,60.296748
Europe & Russia,2014,Non-metallic minerals - construction dominant,174.698371
Europe & Russia,2014,Non-metallic minerals - industrial or agricultural dominant,153.768854
Europe & Russia,2014,Non-wild animal products,73.155229
Europe & Russia,2014,Other products mainly from fossil fuels e.g. plastics,116.680464
Europe & Russia,2014,Petroleum,272.230494
Europe & Russia,2014,Products mainly from biomass nec.,168.816682
Europe & Russia,2014,Products mainly from metals nec.,116.031974
Europe & Russia,2014,Products mainly from non-metallic minerals,321.19531
Europe & Russia,2014,Refined fossil fuels mainly for fuel e.g. LPG gasoline diesel,419.862667
Europe & Russia,2014,Waste for final treatment and disposal,4.086866
Europe & Russia,2014,Wild catch and harvest,11.497328
Europe & Russia,2014,Wood,239.310125
Europe & Russia,2015,Coal,176.148998
Europe & Russia,2015,Crop Residues,1.07469
Europe & Russia,2015,Crops,359.60395
Europe & Russia,2015,Excavated earthen materials (including soil) nec,0
Europe & Russia,2015,Ferrous ores,326.900031
Europe & Russia,2015,Grazed biomass and fodder crops,2.5264800000000003
Europe & Russia,2015,Mixed / complex products nec.,473.691338
Europe & Russia,2015,Natural Gas,214.33016999999998
Europe & Russia,2015,Non-ferrous ores,60.205357
Europe & Russia,2015,Non-metallic minerals - construction dominant,162.929261
Europe & Russia,2015,Non-metallic minerals - industrial or agricultural dominant,144.30482
Europe & Russia,2015,Non-wild animal products,75.499396
Europe & Russia,2015,Other products mainly from fossil fuels e.g. plastics,119.132946
Europe & Russia,2015,Petroleum,294.966
Europe & Russia,2015,Products mainly from biomass nec.,172.314065
Europe & Russia,2015,Products mainly from metals nec.,113.039841
Europe & Russia,2015,Products mainly from non-metallic minerals,310.88312
Europe & Russia,2015,Refined fossil fuels mainly for fuel e.g. LPG gasoline diesel,443.520735
Europe & Russia,2015,Waste for final treatment and disposal,3.980578
Europe & Russia,2015,Wild catch and harvest,11.381134
Europe & Russia,2015,Wood,241.14955
Europe & Russia,2016,Coal,189.606854
Europe & Russia,2016,Crop Residues,0.930999
Europe & Russia,2016,Crops,370.718742
Europe & Russia,2016,Excavated earthen materials (including soil) nec,0
Europe & Russia,2016,Ferrous ores,323.66481
Europe & Russia,2016,Grazed biomass and fodder crops,2.401939
Europe & Russia,2016,Mixed / complex products nec.,714.247735
Europe & Russia,2016,Natural Gas,215.507151
Europe & Russia,2016,Non-ferrous ores,61.762097000000004
Europe & Russia,2016,Non-metallic minerals - construction dominant,168.422424
Europe & Russia,2016,Non-metallic minerals - industrial or agricultural dominant,152.068282
Europe & Russia,2016,Non-wild animal products,77.025882
Europe & Russia,2016,Other products mainly from fossil fuels e.g. plastics,127.054688
Europe & Russia,2016,Petroleum,305.867
Europe & Russia,2016,Products mainly from biomass nec.,176.907586
Europe & Russia,2016,Products mainly from metals nec.,117.345425
Europe & Russia,2016,Products mainly from non-metallic minerals,324.387982
Europe & Russia,2016,Refined fossil fuels mainly for fuel e.g. LPG gasoline diesel,440.109872
Europe & Russia,2016,Waste for final treatment and disposal,4.322599
Europe & Russia,2016,Wild catch and harvest,11.266444
Europe & Russia,2016,Wood,246.664451
Europe & Russia,2017,Coal,205.304089
Europe & Russia,2017,Crop Residues,1.066112
Europe & Russia,2017,Crops,383.078208
Europe & Russia,2017,Excavated earthen materials (including soil) nec,0
Europe & Russia,2017,Ferrous ores,248.036859
Europe & Russia,2017,Grazed biomass and fodder crops,2.335336
Europe & Russia,2017,Mixed / complex products nec.,1115.72626
Europe & Russia,2017,Natural Gas,229.908363
Europe & Russia,2017,Non-ferrous ores,60.588112
Europe & Russia,2017,Non-metallic minerals - construction dominant,174.222167
Europe & Russia,2017,Non-metallic minerals - industrial or agricultural dominant,118.43486399999999
Europe & Russia,2017,Non-wild animal products,81.124921
Europe & Russia,2017,Other products mainly from fossil fuels e.g. plastics,102.946498
Europe & Russia,2017,Petroleum,307.309406
Europe & Russia,2017,Products mainly from biomass nec.,184.241812
Europe & Russia,2017,Products mainly from metals nec.,117.5137
Europe & Russia,2017,Products mainly from non-metallic minerals,303.802014
Europe & Russia,2017,Refined fossil fuels mainly for fuel e.g. LPG gasoline diesel,439.58064
Europe & Russia,2017,Waste for final treatment and disposal,4.821821
Europe & Russia,2017,Wild catch and harvest,12.20317
Europe & Russia,2017,Wood,259.148082
Europe & Russia,2018,Coal,242.98359399999998
Europe & Russia,2018,Crop Residues,1.278207
Europe & Russia,2018,Crops,391.054183
Europe & Russia,2018,Excavated earthen materials (including soil) nec,0
Europe & Russia,2018,Ferrous ores,252.383838
Europe & Russia,2018,Grazed biomass and fodder crops,2.938091
Europe & Russia,2018,Mixed / complex products nec.,1066.290229
Europe & Russia,2018,Natural Gas,223.20628299999998
Europe & Russia,2018,Non-ferrous ores,61.6935
Europe & Russia,2018,Non-metallic minerals - construction dominant,179.239168
Europe & Russia,2018,Non-metallic minerals - industrial or agricultural dominant,118.239844
Europe & Russia,2018,Non-wild animal products,81.970287
Europe & Russia,2018,Other products mainly from fossil fuels e.g. plastics,101.780913
Europe & Russia,2018,Petroleum,319.079729
Europe & Russia,2018,Products mainly from biomass nec.,187.320835
Europe & Russia,2018,Products mainly from metals nec.,122.109627
Europe & Russia,2018,Products mainly from non-metallic minerals,317.809192
Europe & Russia,2018,Refined fossil fuels mainly for fuel e.g. LPG gasoline diesel,429.824272
Europe & Russia,2018,Waste for final treatment and disposal,4.438709
Europe & Russia,2018,Wild catch and harvest,12.534434000000001
Europe & Russia,2018,Wood,269.473368
Europe & Russia,2019,Coal,233.14927600000001
Europe & Russia,2019,Crop Residues,1.372247
Europe & Russia,2019,Crops,411.468658
Europe & Russia,2019,Excavated earthen materials (including soil) nec,0
Europe & Russia,2019,Ferrous ores,249.777691
Europe & Russia,2019,Grazed biomass and fodder crops,2.830527
Europe & Russia,2019,Mixed / complex products nec.,1087.018919
Europe & Russia,2019,Natural Gas,247.734694
Europe & Russia,2019,Non-ferrous ores,65.406251
Europe & Russia,2019,Non-metallic minerals - construction dominant,175.52615
Europe & Russia,2019,Non-metallic minerals - industrial or agricultural dominant,117.044661
Europe & Russia,2019,Non-wild animal products,83.145292
Europe & Russia,2019,Other products mainly from fossil fuels e.g. plastics,93.041822
Europe & Russia,2019,Petroleum,329.197717
Europe & Russia,2019,Products mainly from biomass nec.,186.890871
Europe & Russia,2019,Products mainly from metals nec.,116.875075
Europe & Russia,2019,Products mainly from non-metallic minerals,325.795635
Europe & Russia,2019,Refined fossil fuels mainly for fuel e.g. LPG gasoline diesel,448.039167
Europe & Russia,2019,Waste for final treatment and disposal,4.574846
Europe & Russia,2019,Wild catch and harvest,12.1977
Europe & Russia,2019,Wood,278.675949
Europe & Russia,2020,Coal,226.750659
Europe & Russia,2020,Crop Residues,1.549619
Europe & Russia,2020,Crops,425.200753
Europe & Russia,2020,Excavated earthen materials (including soil) nec,0
Europe & Russia,2020,Ferrous ores,248.06784299999998
Europe & Russia,2020,Grazed biomass and fodder crops,2.867613
Europe & Russia,2020,Mixed / complex products nec.,1055.456718
Europe & Russia,2020,Natural Gas,231.76132900000002
Europe & Russia,2020,Non-ferrous ores,63.665276
Europe & Russia,2020,Non-metallic minerals - construction dominant,172.323785
Europe & Russia,2020,Non-metallic minerals - industrial or agricultural dominant,113.932011
Europe & Russia,2020,Non-wild animal products,83.463112
Europe & Russia,2020,Other products mainly from fossil fuels e.g. plastics,88.708687
Europe & Russia,2020,Petroleum,293.756973
Europe & Russia,2020,Products mainly from biomass nec.,180.966399
Europe & Russia,2020,Products mainly from metals nec.,114.761228
Europe & Russia,2020,Products mainly from non-metallic minerals,320.011187
Europe & Russia,2020,Refined fossil fuels mainly for fuel e.g. LPG gasoline diesel,387.480945
Europe & Russia,2020,Waste for final treatment and disposal,4.446456
Europe & Russia,2020,Wild catch and harvest,12.062534
Europe & Russia,2020,Wood,279.44343000000003
Europe & Russia,2021,Coal,230.122489
Europe & Russia,2021,Crop Residues,1.940327
Europe & Russia,2021,Crops,402.09889300000003
Europe & Russia,2021,Excavated earthen materials (including soil) nec,0
Europe & Russia,2021,Ferrous ores,258.488751
Europe & Russia,2021,Grazed biomass and fodder crops,3.341673
Europe & Russia,2021,Mixed / complex products nec.,1087.685353
Europe & Russia,2021,Natural Gas,236.742258
Europe & Russia,2021,Non-ferrous ores,66.369349
Europe & Russia,2021,Non-metallic minerals - construction dominant,180.815915
Europe & Russia,2021,Non-metallic minerals - industrial or agricultural dominant,118.934425
Europe & Russia,2021,Non-wild animal products,82.551398
Europe & Russia,2021,Other products mainly from fossil fuels e.g. plastics,90.742969
Europe & Russia,2021,Petroleum,280.604312
Europe & Russia,2021,Products mainly from biomass nec.,185.987365
Europe & Russia,2021,Products mainly from metals nec.,118.027422
Europe & Russia,2021,Products mainly from non-metallic minerals,333.602347
Europe & Russia,2021,Refined fossil fuels mainly for fuel e.g. LPG gasoline diesel,422.324726
Europe & Russia,2021,Waste for final treatment and disposal,4.573643
Europe & Russia,2021,Wild catch and harvest,12.560978
Europe & Russia,2021,Wood,289.623244
Europe & Russia,2022,Coal,227.881248
Europe & Russia,2022,Crop Residues,1.953379
Europe & Russia,2022,Crops,404.936238
Europe & Russia,2022,Excavated earthen materials (including soil) nec,0
Europe & Russia,2022,Ferrous ores,264.810372
Europe & Russia,2022,Grazed biomass and fodder crops,3.3734
Europe & Russia,2022,Mixed / complex products nec.,1101.925806
Europe & Russia,2022,Natural Gas,233.903051
Europe & Russia,2022,Non-ferrous ores,68.368708
Europe & Russia,2022,Non-metallic minerals - construction dominant,184.142402
Europe & Russia,2022,Non-metallic minerals - industrial or agricultural dominant,120.28583
Europe & Russia,2022,Non-wild animal products,83.303634
Europe & Russia,2022,Other products mainly from fossil fuels e.g. plastics,91.66494200000001
Europe & Russia,2022,Petroleum,282.838031
Europe & Russia,2022,Products mainly from biomass nec.,187.634476
Europe & Russia,2022,Products mainly from metals nec.,120.593004
Europe & Russia,2022,Products mainly from non-metallic minerals,341.220413
Europe & Russia,2022,Refined fossil fuels mainly for fuel e.g. LPG gasoline diesel,424.711839
Europe & Russia,2022,Waste for final treatment and disposal,4.637886
Europe & Russia,2022,Wild catch and harvest,12.757073
Europe & Russia,2022,Wood,294.559897
Europe & Russia,2023,Coal,225.911247
Europe & Russia,2023,Crop Residues,1.9603869999999999
Europe & Russia,2023,Crops,406.592312
Europe & Russia,2023,Excavated earthen materials (including soil) nec,0
Europe & Russia,2023,Ferrous ores,271.641307
Europe & Russia,2023,Grazed biomass and fodder crops,3.3990150000000003
Europe & Russia,2023,Mixed / complex products nec.,1114.340053
Europe & Russia,2023,Natural Gas,230.444169
Europe & Russia,2023,Non-ferrous ores,70.38592
Europe & Russia,2023,Non-metallic minerals - construction dominant,188.006115
Europe & Russia,2023,Non-metallic minerals - industrial or agricultural dominant,121.678561
Europe & Russia,2023,Non-wild animal products,83.906464
Europe & Russia,2023,Other products mainly from fossil fuels e.g. plastics,92.406738
Europe & Russia,2023,Petroleum,284.140952
Europe & Russia,2023,Products mainly from biomass nec.,188.940302
Europe & Russia,2023,Products mainly from metals nec.,123.123554
Europe & Russia,2023,Products mainly from non-metallic minerals,347.91879
Europe & Russia,2023,Refined fossil fuels mainly for fuel e.g. LPG gasoline diesel,425.771668
Europe & Russia,2023,Waste for final treatment and disposal,4.694854
Europe & Russia,2023,Wild catch and harvest,12.939353
Europe & Russia,2023,Wood,299.297814
Europe & Russia,2024,Coal,224.71106699999999
Europe & Russia,2024,Crop Residues,1.973176
Europe & Russia,2024,Crops,409.646868
Europe & Russia,2024,Excavated earthen materials (including soil) nec,0
Europe & Russia,2024,Ferrous ores,279.295586
Europe & Russia,2024,Grazed biomass and fodder crops,3.430561
Europe & Russia,2024,Mixed / complex products nec.,1130.5285569999999
Europe & Russia,2024,Natural Gas,229.936936
Europe & Russia,2024,Non-ferrous ores,72.437192
Europe & Russia,2024,Non-metallic minerals - construction dominant,193.697089
Europe & Russia,2024,Non-metallic minerals - industrial or agricultural dominant,124.685712
Europe & Russia,2024,Non-wild animal products,84.657273
Europe & Russia,2024,Other products mainly from fossil fuels e.g. plastics,92.993233
Europe & Russia,2024,Petroleum,286.06728
Europe & Russia,2024,Products mainly from biomass nec.,190.583703
Europe & Russia,2024,Products mainly from metals nec.,125.63186400000001
Europe & Russia,2024,Products mainly from non-metallic minerals,357.608236
Europe & Russia,2024,Refined fossil fuels mainly for fuel e.g. LPG gasoline diesel,427.169263
Europe & Russia,2024,Waste for final treatment and disposal,4.757414
Europe & Russia,2024,Wild catch and harvest,13.141149
Europe & Russia,2024,Wood,303.462288
Latin America,1970,Coal,0.009000000000000001
Latin America,1970,Crop Residues,9e-6
Latin America,1970,Crops,40.057693
Latin America,1970,Excavated earthen materials (including soil) nec,0
Latin America,1970,Ferrous ores,71.442171
Latin America,1970,Grazed biomass and fodder crops,0.004711
Latin America,1970,Mixed / complex products nec.,0.095838
Latin America,1970,Natural Gas,0.798498
Latin America,1970,Non-ferrous ores,20.326062
Latin America,1970,Non-metallic minerals - construction dominant,0.33686
Latin America,1970,Non-metallic minerals - industrial or agricultural dominant,3.768015
Latin America,1970,Non-wild animal products,2.336647
Latin America,1970,Other products mainly from fossil fuels e.g. plastics,1.341734
Latin America,1970,Petroleum,134.28
Latin America,1970,Products mainly from biomass nec.,0.631839
Latin America,1970,Products mainly from metals nec.,0.121866
Latin America,1970,Products mainly from non-metallic minerals,0.930385
Latin America,1970,Refined fossil fuels mainly for fuel e.g. LPG gasoline diesel,84.138
Latin America,1970,Waste for final treatment and disposal,0.146619
Latin America,1970,Wild catch and harvest,0
Latin America,1970,Wood,2.05704
Latin America,1971,Coal,0.007
Latin America,1971,Crop Residues,0
Latin America,1971,Crops,39.764839
Latin America,1971,Excavated earthen materials (including soil) nec,0
Latin America,1971,Ferrous ores,71.164156
Latin America,1971,Grazed biomass and fodder crops,0.008365000000000001
Latin America,1971,Mixed / complex products nec.,0.129986
Latin America,1971,Natural Gas,0.394013
Latin America,1971,Non-ferrous ores,9.897756
Latin America,1971,Non-metallic minerals - construction dominant,0.727606
Latin America,1971,Non-metallic minerals - industrial or agricultural dominant,4.057154
Latin America,1971,Non-wild animal products,1.821078
Latin America,1971,Other products mainly from fossil fuels e.g. plastics,1.460987
Latin America,1971,Petroleum,127.781
Latin America,1971,Products mainly from biomass nec.,0.7626890000000001
Latin America,1971,Products mainly from metals nec.,0.149724
Latin America,1971,Products mainly from non-metallic minerals,1.514583
Latin America,1971,Refined fossil fuels mainly for fuel e.g. LPG gasoline diesel,87.956
Latin America,1971,Waste for final treatment and disposal,0.028026000000000002
Latin America,1971,Wild catch and harvest,0
Latin America,1971,Wood,2.107664
Latin America,1972,Coal,0.019
Latin America,1972,Crop Residues,1.5e-5
Latin America,1972,Crops,35.975299
Latin America,1972,Excavated earthen materials (including soil) nec,0
Latin America,1972,Ferrous ores,63.151241999999996
Latin America,1972,Grazed biomass and fodder crops,0.011249
Latin America,1972,Mixed / complex products nec.,0.139314
Latin America,1972,Natural Gas,0.806114
Latin America,1972,Non-ferrous ores,17.981061
Latin America,1972,Non-metallic minerals - construction dominant,0.60808
Latin America,1972,Non-metallic minerals - industrial or agricultural dominant,4.246908
Latin America,1972,Non-wild animal products,2.237207
Latin America,1972,Other products mainly from fossil fuels e.g. plastics,1.688545
Latin America,1972,Petroleum,122.43299999999999
Latin America,1972,Products mainly from biomass nec.,0.640062
Latin America,1972,Products mainly from metals nec.,0.206938
Latin America,1972,Products mainly from non-metallic minerals,1.722482
Latin America,1972,Refined fossil fuels mainly for fuel e.g. LPG gasoline diesel,86.625
Latin America,1972,Waste for final treatment and disposal,0.024203
Latin America,1972,Wild catch and harvest,0
Latin America,1972,Wood,2.345052
Latin America,1973,Coal,0.013000000000000001
Latin America,1973,Crop Residues,0
Latin America,1973,Crops,41.764322
Latin America,1973,Excavated earthen materials (including soil) nec,0
Latin America,1973,Ferrous ores,82.392244
Latin America,1973,Grazed biomass and fodder crops,0.007887
Latin America,1973,Mixed / complex products nec.,0.242883
Latin America,1973,Natural Gas,1.001349
Latin America,1973,Non-ferrous ores,27.323685
Latin America,1973,Non-metallic minerals - construction dominant,0.795971
Latin America,1973,Non-metallic minerals - industrial or agricultural dominant,4.780225
Latin America,1973,Non-wild animal products,1.826975
Latin America,1973,Other products mainly from fossil fuels e.g. plastics,1.132057
Latin America,1973,Petroleum,128.541
Latin America,1973,Products mainly from biomass nec.,0.783423
Latin America,1973,Products mainly from metals nec.,0.328138
Latin America,1973,Products mainly from non-metallic minerals,2.16739
Latin America,1973,Refined fossil fuels mainly for fuel e.g. LPG gasoline diesel,91.878
Latin America,1973,Waste for final treatment and disposal,0.250008
Latin America,1973,Wild catch and harvest,0
Latin America,1973,Wood,2.819348
Latin America,1974,Coal,0.005
Latin America,1974,Crop Residues,1.9e-5
Latin America,1974,Crops,45.365927
Latin America,1974,Excavated earthen materials (including soil) nec,0
Latin America,1974,Ferrous ores,102.565882
Latin America,1974,Grazed biomass and fodder crops,0.008434
Latin America,1974,Mixed / complex products nec.,0.249575
Latin America,1974,Natural Gas,0.955282
Latin America,1974,Non-ferrous ores,30.716998999999998
Latin America,1974,Non-metallic minerals - construction dominant,0.8659169999999999
Latin America,1974,Non-metallic minerals - industrial or agricultural dominant,6.240829000000001
Latin America,1974,Non-wild animal products,1.312278
Latin America,1974,Other products mainly from fossil fuels e.g. plastics,0.662205
Latin America,1974,Petroleum,108.77600000000001
Latin America,1974,Products mainly from biomass nec.,0.871356
Latin America,1974,Products mainly from metals nec.,0.44021
Latin America,1974,Products mainly from non-metallic minerals,3.567038
Latin America,1974,Refined fossil fuels mainly for fuel e.g. LPG gasoline diesel,83.833
Latin America,1974,Waste for final treatment and disposal,0.22578
Latin America,1974,Wild catch and harvest,0
Latin America,1974,Wood,2.35636
Latin America,1975,Coal,0.007
Latin America,1975,Crop Residues,3.14e-4
Latin America,1975,Crops,43.141515
Latin America,1975,Excavated earthen materials (including soil) nec,0
Latin America,1975,Ferrous ores,107.642755
Latin America,1975,Grazed biomass and fodder crops,0.014363
Latin America,1975,Mixed / complex products nec.,0.201752
Latin America,1975,Natural Gas,0.95366
Latin America,1975,Non-ferrous ores,16.358109
Latin America,1975,Non-metallic minerals - construction dominant,0.830412
Latin America,1975,Non-metallic minerals - industrial or agricultural dominant,5.117781
Latin America,1975,Non-wild animal products,1.344055
Latin America,1975,Other products mainly from fossil fuels e.g. plastics,0.325225
Latin America,1975,Petroleum,98.568
Latin America,1975,Products mainly from biomass nec.,0.830298
Latin America,1975,Products mainly from metals nec.,0.433978
Latin America,1975,Products mainly from non-metallic minerals,3.178318
Latin America,1975,Refined fossil fuels mainly for fuel e.g. LPG gasoline diesel,54.993
Latin America,1975,Waste for final treatment and disposal,0.120295
Latin America,1975,Wild catch and harvest,0
Latin America,1975,Wood,2.020593
Latin America,1976,Coal,0.028
Latin America,1976,Crop Residues,0.001123
Latin America,1976,Crops,48.383288
Latin America,1976,Excavated earthen materials (including soil) nec,0
Latin America,1976,Ferrous ores,98.28618
Latin America,1976,Grazed biomass and fodder crops,0.068132
Latin America,1976,Mixed / complex products nec.,0.258898
Latin America,1976,Natural Gas,1.208748
Latin America,1976,Non-ferrous ores,15.759554
Latin America,1976,Non-metallic minerals - construction dominant,1.013926
Latin America,1976,Non-metallic minerals - industrial or agricultural dominant,5.147576
Latin America,1976,Non-wild animal products,2.861464
Latin America,1976,Other products mainly from fossil fuels e.g. plastics,0.246737
Latin America,1976,Petroleum,96.12599999999999
Latin America,1976,Products mainly from biomass nec.,0.979883
Latin America,1976,Products mainly from metals nec.,0.495051
Latin America,1976,Products mainly from non-metallic minerals,3.839842
Latin America,1976,Refined fossil fuels mainly for fuel e.g. LPG gasoline diesel,65.224
Latin America,1976,Waste for final treatment and disposal,0.112773
Latin America,1976,Wild catch and harvest,0.29753999999999997
Latin America,1976,Wood,2.137951
Latin America,1977,Coal,0.119
Latin America,1977,Crop Residues,7.2e-5
Latin America,1977,Crops,59.369769
Latin America,1977,Excavated earthen materials (including soil) nec,0
Latin America,1977,Ferrous ores,85.79659
Latin America,1977,Grazed biomass and fodder crops,0.078641
Latin America,1977,Mixed / complex products nec.,1.1030790000000001
Latin America,1977,Natural Gas,1.380588
Latin America,1977,Non-ferrous ores,16.384153
Latin America,1977,Non-metallic minerals - construction dominant,1.354638
Latin America,1977,Non-metallic minerals - industrial or agricultural dominant,5.448872
Latin America,1977,Non-wild animal products,2.843119
Latin America,1977,Other products mainly from fossil fuels e.g. plastics,0.344237
Latin America,1977,Petroleum,96.342
Latin America,1977,Products mainly from biomass nec.,1.115568
Latin America,1977,Products mainly from metals nec.,0.524367
Latin America,1977,Products mainly from non-metallic minerals,4.71242
Latin America,1977,Refined fossil fuels mainly for fuel e.g. LPG gasoline diesel,62.349
Latin America,1977,Waste for final treatment and disposal,0.026966
Latin America,1977,Wild catch and harvest,0.405043
Latin America,1977,Wood,2.65941
Latin America,1978,Coal,0.194
Latin America,1978,Crop Residues,4.9999999999999996e-5
Latin America,1978,Crops,55.599246
Latin America,1978,Excavated earthen materials (including soil) nec,0
Latin America,1978,Ferrous ores,90.81955
Latin America,1978,Grazed biomass and fodder crops,0.004628
Latin America,1978,Mixed / complex products nec.,1.1771829999999999
Latin America,1978,Natural Gas,1.444232
Latin America,1978,Non-ferrous ores,16.668817
Latin America,1978,Non-metallic minerals - construction dominant,1.684971
Latin America,1978,Non-metallic minerals - industrial or agricultural dominant,5.755304
Latin America,1978,Non-wild animal products,3.481007
Latin America,1978,Other products mainly from fossil fuels e.g. plastics,0.453652
Latin America,1978,Petroleum,100.707
Latin America,1978,Products mainly from biomass nec.,1.300822
Latin America,1978,Products mainly from metals nec.,0.7218709999999999
Latin America,1978,Products mainly from non-metallic minerals,6.206612
Latin America,1978,Refined fossil fuels mainly for fuel e.g. LPG gasoline diesel,60.848
Latin America,1978,Waste for final treatment and disposal,0.019917
Latin America,1978,Wild catch and harvest,0.49152
Latin America,1978,Wood,3.4295489999999997
Latin America,1979,Coal,0.129
Latin America,1979,Crop Residues,0
Latin America,1979,Crops,57.900679
Latin America,1979,Excavated earthen materials (including soil) nec,0
Latin America,1979,Ferrous ores,104.50424699999999
Latin America,1979,Grazed biomass and fodder crops,0.013391
Latin America,1979,Mixed / complex products nec.,0.890719
Latin America,1979,Natural Gas,1.1245829999999999
Latin America,1979,Non-ferrous ores,17.792714999999998
Latin America,1979,Non-metallic minerals - construction dominant,18.908871
Latin America,1979,Non-metallic minerals - industrial or agricultural dominant,10.028289000000001
Latin America,1979,Non-wild animal products,3.417056
Latin America,1979,Other products mainly from fossil fuels e.g. plastics,0.965607
Latin America,1979,Petroleum,118.08099999999999
Latin America,1979,Products mainly from biomass nec.,1.604724
Latin America,1979,Products mainly from metals nec.,0.93069
Latin America,1979,Products mainly from non-metallic minerals,5.975616
Latin America,1979,Refined fossil fuels mainly for fuel e.g. LPG gasoline diesel,58.391
Latin America,1979,Waste for final treatment and disposal,0.040837
Latin America,1979,Wild catch and harvest,0.53385
Latin America,1979,Wood,4.65874
Latin America,1980,Coal,0.087
Latin America,1980,Crop Residues,5.13e-4
Latin America,1980,Crops,55.158692
Latin America,1980,Excavated earthen materials (including soil) nec,0
Latin America,1980,Ferrous ores,102.926713
Latin America,1980,Grazed biomass and fodder crops,0.023777
Latin America,1980,Mixed / complex products nec.,1.37937
Latin America,1980,Natural Gas,3.300706
Latin America,1980,Non-ferrous ores,17.156157999999998
Latin America,1980,Non-metallic minerals - construction dominant,1.886407
Latin America,1980,Non-metallic minerals - industrial or agricultural dominant,9.164738999999999
Latin America,1980,Non-wild animal products,3.127874
Latin America,1980,Other products mainly from fossil fuels e.g. plastics,0.9719260000000001
Latin America,1980,Petroleum,128.441
Latin America,1980,Products mainly from biomass nec.,1.935302
Latin America,1980,Products mainly from metals nec.,1.005083
Latin America,1980,Products mainly from non-metallic minerals,7.829863
Latin America,1980,Refined fossil fuels mainly for fuel e.g. LPG gasoline diesel,59.78
Latin America,1980,Waste for final treatment and disposal,0.014859
Latin America,1980,Wild catch and harvest,0.5629
Latin America,1980,Wood,5.41178
Latin America,1981,Coal,0.089
Latin America,1981,Crop Residues,0.00419
Latin America,1981,Crops,65.29292099999999
Latin America,1981,Excavated earthen materials (including soil) nec,0
Latin America,1981,Ferrous ores,106.997552
Latin America,1981,Grazed biomass and fodder crops,0.027114
Latin America,1981,Mixed / complex products nec.,1.070576
Latin America,1981,Natural Gas,3.3752820000000003
Latin America,1981,Non-ferrous ores,17.819752
Latin America,1981,Non-metallic minerals - construction dominant,1.678181
Latin America,1981,Non-metallic minerals - industrial or agricultural dominant,7.9708120000000005
Latin America,1981,Non-wild animal products,3.397938
Latin America,1981,Other products mainly from fossil fuels e.g. plastics,1.4083620000000001
Latin America,1981,Petroleum,141.798
Latin America,1981,Products mainly from biomass nec.,1.685826
Latin America,1981,Products mainly from metals nec.,1.1541
Latin America,1981,Products mainly from non-metallic minerals,7.312264
Latin America,1981,Refined fossil fuels mainly for fuel e.g. LPG gasoline diesel,54.195
Latin America,1981,Waste for final treatment and disposal,0.014126
Latin America,1981,Wild catch and harvest,0.501515
Latin America,1981,Wood,4.762378
Latin America,1982,Coal,0.21799999999999997
Latin America,1982,Crop Residues,0.00116
Latin America,1982,Crops,60.799735
Latin America,1982,Excavated earthen materials (including soil) nec,0
Latin America,1982,Ferrous ores,103.53815999999999
Latin America,1982,Grazed biomass and fodder crops,0.017733
Latin America,1982,Mixed / complex products nec.,1.304653
Latin America,1982,Natural Gas,3.330907
Latin America,1982,Non-ferrous ores,14.122200999999999
Latin America,1982,Non-metallic minerals - construction dominant,1.21711
Latin America,1982,Non-metallic minerals - industrial or agricultural dominant,7.724036
Latin America,1982,Non-wild animal products,3.936805
Latin America,1982,Other products mainly from fossil fuels e.g. plastics,1.3562269999999998
Latin America,1982,Petroleum,151.081
Latin America,1982,Products mainly from biomass nec.,1.6095059999999999
Latin America,1982,Products mainly from metals nec.,0.992655
Latin America,1982,Products mainly from non-metallic minerals,7.439608
Latin America,1982,Refined fossil fuels mainly for fuel e.g. LPG gasoline diesel,55.76
Latin America,1982,Waste for final treatment and disposal,0.036314
Latin America,1982,Wild catch and harvest,0.583097
Latin America,1982,Wood,4.763138
Latin America,1983,Coal,0.534
Latin America,1983,Crop Residues,4.4e-5
Latin America,1983,Crops,71.029937
Latin America,1983,Excavated earthen materials (including soil) nec,0
Latin America,1983,Ferrous ores,90.200304
Latin America,1983,Grazed biomass and fodder crops,0.024359000000000002
Latin America,1983,Mixed / complex products nec.,1.683963
Latin America,1983,Natural Gas,2.8964860000000003
Latin America,1983,Non-ferrous ores,15.161263
Latin America,1983,Non-metallic minerals - construction dominant,4.692946
Latin America,1983,Non-metallic minerals - industrial or agricultural dominant,8.127048
Latin America,1983,Non-wild animal products,3.212758
Latin America,1983,Other products mainly from fossil fuels e.g. plastics,1.87393
Latin America,1983,Petroleum,150.23600000000002
Latin America,1983,Products mainly from biomass nec.,1.742411
Latin America,1983,Products mainly from metals nec.,1.140725
Latin America,1983,Products mainly from non-metallic minerals,9.713906
Latin America,1983,Refined fossil fuels mainly for fuel e.g. LPG gasoline diesel,56.894999999999996
Latin America,1983,Waste for final treatment and disposal,0.032969
Latin America,1983,Wild catch and harvest,0.55274
Latin America,1983,Wood,5.64874
Latin America,1984,Coal,0.957
Latin America,1984,Crop Residues,0
Latin America,1984,Crops,68.581947
Latin America,1984,Excavated earthen materials (including soil) nec,0
Latin America,1984,Ferrous ores,112.447884
Latin America,1984,Grazed biomass and fodder crops,0.020409
Latin America,1984,Mixed / complex products nec.,1.829164
Latin America,1984,Natural Gas,2.3980680000000003
Latin America,1984,Non-ferrous ores,17.419749
Latin America,1984,Non-metallic minerals - construction dominant,5.354326
Latin America,1984,Non-metallic minerals - industrial or agricultural dominant,7.490222
Latin America,1984,Non-wild animal products,3.22325
Latin America,1984,Other products mainly from fossil fuels e.g. plastics,2.537783
Latin America,1984,Petroleum,152.067
Latin America,1984,Products mainly from biomass nec.,2.596356
Latin America,1984,Products mainly from metals nec.,1.40666
Latin America,1984,Products mainly from non-metallic minerals,13.641693
Latin America,1984,Refined fossil fuels mainly for fuel e.g. LPG gasoline diesel,57.518
Latin America,1984,Waste for final treatment and disposal,0.054137000000000005
Latin America,1984,Wild catch and harvest,0.547188
Latin America,1984,Wood,5.979744
Latin America,1985,Coal,3.536
Latin America,1985,Crop Residues,2e-6
Latin America,1985,Crops,75.523115
Latin America,1985,Excavated earthen materials (including soil) nec,0
Latin America,1985,Ferrous ores,116.178636
Latin America,1985,Grazed biomass and fodder crops,0.020445
Latin America,1985,Mixed / complex products nec.,2.004833
Latin America,1985,Natural Gas,1.355712
Latin America,1985,Non-ferrous ores,14.773138
Latin America,1985,Non-metallic minerals - construction dominant,5.068371
Latin America,1985,Non-metallic minerals - industrial or agricultural dominant,9.772292
Latin America,1985,Non-wild animal products,3.8457879999999998
Latin America,1985,Other products mainly from fossil fuels e.g. plastics,2.574301
Latin America,1985,Petroleum,142.13899999999998
Latin America,1985,Products mainly from biomass nec.,2.036912
Latin America,1985,Products mainly from metals nec.,1.642116
Latin America,1985,Products mainly from non-metallic minerals,14.46778
Latin America,1985,Refined fossil fuels mainly for fuel e.g. LPG gasoline diesel,54.674
Latin America,1985,Waste for final treatment and disposal,0.054599999999999996
Latin America,1985,Wild catch and harvest,0.685002
Latin America,1985,Wood,5.878066
Latin America,1986,Coal,6.221
Latin America,1986,Crop Residues,0.001111
Latin America,1986,Crops,64.064841
Latin America,1986,Excavated earthen materials (including soil) nec,0
Latin America,1986,Ferrous ores,98.34435900000001
Latin America,1986,Grazed biomass and fodder crops,0.007938
Latin America,1986,Mixed / complex products nec.,2.016755
Latin America,1986,Natural Gas,1.453911
Latin America,1986,Non-ferrous ores,15.882932
Latin America,1986,Non-metallic minerals - construction dominant,3.605446
Latin America,1986,Non-metallic minerals - industrial or agricultural dominant,10.574222
Latin America,1986,Non-wild animal products,4.299919
Latin America,1986,Other products mainly from fossil fuels e.g. plastics,2.639108
Latin America,1986,Petroleum,142.31
Latin America,1986,Products mainly from biomass nec.,2.211264
Latin America,1986,Products mainly from metals nec.,2.93265
Latin America,1986,Products mainly from non-metallic minerals,12.442565
Latin America,1986,Refined fossil fuels mainly for fuel e.g. LPG gasoline diesel,59.803
Latin America,1986,Waste for final treatment and disposal,0.062988
Latin America,1986,Wild catch and harvest,0.692359
Latin America,1986,Wood,6.046379
Latin America,1987,Coal,10.418999999999999
Latin America,1987,Crop Residues,0.004291
Latin America,1987,Crops,62.502761
Latin America,1987,Excavated earthen materials (including soil) nec,0
Latin America,1987,Ferrous ores,116.54051
Latin America,1987,Grazed biomass and fodder crops,0.002899
Latin America,1987,Mixed / complex products nec.,1.753039
Latin America,1987,Natural Gas,1.392946
Latin America,1987,Non-ferrous ores,15.999680999999999
Latin America,1987,Non-metallic minerals - construction dominant,3.5734999999999997
Latin America,1987,Non-metallic minerals - industrial or agricultural dominant,10.121244
Latin America,1987,Non-wild animal products,3.981066
Latin America,1987,Other products mainly from fossil fuels e.g. plastics,2.9284000000000003
Latin America,1987,Petroleum,147.324
Latin America,1987,Products mainly from biomass nec.,2.253833
Latin America,1987,Products mainly from metals nec.,1.821897
Latin America,1987,Products mainly from non-metallic minerals,13.263582
Latin America,1987,Refined fossil fuels mainly for fuel e.g. LPG gasoline diesel,57.302
Latin America,1987,Waste for final treatment and disposal,0.09901700000000001
Latin America,1987,Wild catch and harvest,0.758316
Latin America,1987,Wood,6.806133
Latin America,1988,Coal,11.494
Latin America,1988,Crop Residues,0.001122
Latin America,1988,Crops,67.038169
Latin America,1988,Excavated earthen materials (including soil) nec,0
Latin America,1988,Ferrous ores,147.94221199999998
Latin America,1988,Grazed biomass and fodder crops,0.002881
Latin America,1988,Mixed / complex products nec.,2.107985
Latin America,1988,Natural Gas,1.464066
Latin America,1988,Non-ferrous ores,19.163392
Latin America,1988,Non-metallic minerals - construction dominant,4.336788
Latin America,1988,Non-metallic minerals - industrial or agricultural dominant,12.591295
Latin America,1988,Non-wild animal products,4.12076
Latin America,1988,Other products mainly from fossil fuels e.g. plastics,3.572758
Latin America,1988,Petroleum,147.148
Latin America,1988,Products mainly from biomass nec.,2.563007
Latin America,1988,Products mainly from metals nec.,2.055316
Latin America,1988,Products mainly from non-metallic minerals,14.545249
Latin America,1988,Refined fossil fuels mainly for fuel e.g. LPG gasoline diesel,66.878
Latin America,1988,Waste for final treatment and disposal,0.015954
Latin America,1988,Wild catch and harvest,0.759101
Latin America,1988,Wood,9.006903
Latin America,1989,Coal,15.299
Latin America,1989,Crop Residues,0.0039040000000000004
Latin America,1989,Crops,66.15974
Latin America,1989,Excavated earthen materials (including soil) nec,0
Latin America,1989,Ferrous ores,158.763578
Latin America,1989,Grazed biomass and fodder crops,0.007341
Latin America,1989,Mixed / complex products nec.,2.0281249999999997
Latin America,1989,Natural Gas,1.451707
Latin America,1989,Non-ferrous ores,18.294414
Latin America,1989,Non-metallic minerals - construction dominant,4.736023
Latin America,1989,Non-metallic minerals - industrial or agricultural dominant,11.855108
Latin America,1989,Non-wild animal products,5.094366
Latin America,1989,Other products mainly from fossil fuels e.g. plastics,3.991197
Latin America,1989,Petroleum,145.827
Latin America,1989,Products mainly from biomass nec.,2.548003
Latin America,1989,Products mainly from metals nec.,2.1903230000000002
Latin America,1989,Products mainly from non-metallic minerals,16.470364
Latin America,1989,Refined fossil fuels mainly for fuel e.g. LPG gasoline diesel,65.555
Latin America,1989,Waste for final treatment and disposal,0.024381
Latin America,1989,Wild catch and harvest,0.849332
Latin America,1989,Wood,8.823461
Latin America,1990,Coal,16.336000000000002
Latin America,1990,Crop Residues,0
Latin America,1990,Crops,74.43669
Latin America,1990,Excavated earthen materials (including soil) nec,0
Latin America,1990,Ferrous ores,154.654968
Latin America,1990,Grazed biomass and fodder crops,0.006906000000000001
Latin America,1990,Mixed / complex products nec.,2.001323
Latin America,1990,Natural Gas,1.747574
Latin America,1990,Non-ferrous ores,19.597696
Latin America,1990,Non-metallic minerals - construction dominant,3.9128279999999998
Latin America,1990,Non-metallic minerals - industrial or agricultural dominant,11.161363
Latin America,1990,Non-wild animal products,5.093546
Latin America,1990,Other products mainly from fossil fuels e.g. plastics,3.911314
Latin America,1990,Petroleum,159.464
Latin America,1990,Products mainly from biomass nec.,2.646613
Latin America,1990,Products mainly from metals nec.,2.352234
Latin America,1990,Products mainly from non-metallic minerals,15.747653
Latin America,1990,Refined fossil fuels mainly for fuel e.g. LPG gasoline diesel,63.894
Latin America,1990,Waste for final treatment and disposal,0.020521
Latin America,1990,Wild catch and harvest,0.935273
Latin America,1990,Wood,9.518601
Latin America,1991,Coal,18.688000000000002
Latin America,1991,Crop Residues,1.5e-5
Latin America,1991,Crops,74.973472
Latin America,1991,Excavated earthen materials (including soil) nec,0
Latin America,1991,Ferrous ores,153.96690800000002
Latin America,1991,Grazed biomass and fodder crops,0.003092
Latin America,1991,Mixed / complex products nec.,2.331276
Latin America,1991,Natural Gas,1.727846
Latin America,1991,Non-ferrous ores,20.073998
Latin America,1991,Non-metallic minerals - construction dominant,4.957705
Latin America,1991,Non-metallic minerals - industrial or agricultural dominant,10.876483
Latin America,1991,Non-wild animal products,4.976489
Latin America,1991,Other products mainly from fossil fuels e.g. plastics,2.649086
Latin America,1991,Petroleum,172
Latin America,1991,Products mainly from biomass nec.,2.864548
Latin America,1991,Products mainly from metals nec.,2.567548
Latin America,1991,Products mainly from non-metallic minerals,14.302227
Latin America,1991,Refined fossil fuels mainly for fuel e.g. LPG gasoline diesel,70.733
Latin America,1991,Waste for final treatment and disposal,0.02896
Latin America,1991,Wild catch and harvest,1.029513
Latin America,1991,Wood,10.233295
Latin America,1992,Coal,17.236
Latin America,1992,Crop Residues,4.31e-4
Latin America,1992,Crops,79.292757
Latin America,1992,Excavated earthen materials (including soil) nec,0
Latin America,1992,Ferrous ores,147.467392
Latin America,1992,Grazed biomass and fodder crops,0.004999
Latin America,1992,Mixed / complex products nec.,3.800596
Latin America,1992,Natural Gas,1.686362
Latin America,1992,Non-ferrous ores,16.328961
Latin America,1992,Non-metallic minerals - construction dominant,8.736443
Latin America,1992,Non-metallic minerals - industrial or agricultural dominant,12.099832
Latin America,1992,Non-wild animal products,4.947204999999999
Latin America,1992,Other products mainly from fossil fuels e.g. plastics,3.976195
Latin America,1992,Petroleum,176.624
Latin America,1992,Products mainly from biomass nec.,3.103374
Latin America,1992,Products mainly from metals nec.,3.116011
Latin America,1992,Products mainly from non-metallic minerals,16.308783000000002
Latin America,1992,Refined fossil fuels mainly for fuel e.g. LPG gasoline diesel,64.991
Latin America,1992,Waste for final treatment and disposal,0.049674
Latin America,1992,Wild catch and harvest,0.95155
Latin America,1992,Wood,13.200566
Latin America,1993,Coal,21.221
Latin America,1993,Crop Residues,0.04421
Latin America,1993,Crops,77.327432
Latin America,1993,Excavated earthen materials (including soil) nec,0
Latin America,1993,Ferrous ores,152.836656
Latin America,1993,Grazed biomass and fodder crops,0.009763
Latin America,1993,Mixed / complex products nec.,3.624034
Latin America,1993,Natural Gas,1.692181
Latin America,1993,Non-ferrous ores,18.829336
Latin America,1993,Non-metallic minerals - construction dominant,10.026183
Latin America,1993,Non-metallic minerals - industrial or agricultural dominant,12.875565
Latin America,1993,Non-wild animal products,5.871539
Latin America,1993,Other products mainly from fossil fuels e.g. plastics,4.296012
Latin America,1993,Petroleum,183.371
Latin America,1993,Products mainly from biomass nec.,3.773432
Latin America,1993,Products mainly from metals nec.,4.048283
Latin America,1993,Products mainly from non-metallic minerals,16.398551
Latin America,1993,Refined fossil fuels mainly for fuel e.g. LPG gasoline diesel,72.135
Latin America,1993,Waste for final treatment and disposal,0.024682
Latin America,1993,Wild catch and harvest,1.135547
Latin America,1993,Wood,13.992592
Latin America,1994,Coal,22.866
Latin America,1994,Crop Residues,0.048848
Latin America,1994,Crops,80.747591
Latin America,1994,Excavated earthen materials (including soil) nec,0
Latin America,1994,Ferrous ores,164.052404
Latin America,1994,Grazed biomass and fodder crops,0.01836
Latin America,1994,Mixed / complex products nec.,4.615413
Latin America,1994,Natural Gas,1.915835
Latin America,1994,Non-ferrous ores,19.048531
Latin America,1994,Non-metallic minerals - construction dominant,10.493792000000001
Latin America,1994,Non-metallic minerals - industrial or agricultural dominant,13.566613
Latin America,1994,Non-wild animal products,7.244149
Latin America,1994,Other products mainly from fossil fuels e.g. plastics,5.451344
Latin America,1994,Petroleum,197.444606
Latin America,1994,Products mainly from biomass nec.,4.424101
Latin America,1994,Products mainly from metals nec.,4.123882
Latin America,1994,Products mainly from non-metallic minerals,17.279415
Latin America,1994,Refined fossil fuels mainly for fuel e.g. LPG gasoline diesel,71.214
Latin America,1994,Waste for final treatment and disposal,0.065598
Latin America,1994,Wild catch and harvest,1.360699
Latin America,1994,Wood,16.009279
Latin America,1995,Coal,22.553
Latin America,1995,Crop Residues,0.036535000000000005
Latin America,1995,Crops,90.74502
Latin America,1995,Excavated earthen materials (including soil) nec,0
Latin America,1995,Ferrous ores,174.033579
Latin America,1995,Grazed biomass and fodder crops,0.042776
Latin America,1995,Mixed / complex products nec.,6.412732999999999
Latin America,1995,Natural Gas,1.830153
Latin America,1995,Non-ferrous ores,20.485606
Latin America,1995,Non-metallic minerals - construction dominant,12.235819999999999
Latin America,1995,Non-metallic minerals - industrial or agricultural dominant,18.552028
Latin America,1995,Non-wild animal products,7.302573
Latin America,1995,Other products mainly from fossil fuels e.g. plastics,5.721865
Latin America,1995,Petroleum,215.934275
Latin America,1995,Products mainly from biomass nec.,5.135331
Latin America,1995,Products mainly from metals nec.,5.0630049999999995
Latin America,1995,Products mainly from non-metallic minerals,21.204847
Latin America,1995,Refined fossil fuels mainly for fuel e.g. LPG gasoline diesel,71.312
Latin America,1995,Waste for final treatment and disposal,0.060688
Latin America,1995,Wild catch and harvest,1.47841
Latin America,1995,Wood,18.235327
Latin America,1996,Coal,28.413
Latin America,1996,Crop Residues,4.8e-5
Latin America,1996,Crops,89.26685499999999
Latin America,1996,Excavated earthen materials (including soil) nec,0
Latin America,1996,Ferrous ores,172.887911
Latin America,1996,Grazed biomass and fodder crops,0.026772999999999998
Latin America,1996,Mixed / complex products nec.,8.386437
Latin America,1996,Natural Gas,1.683224
Latin America,1996,Non-ferrous ores,23.642112
Latin America,1996,Non-metallic minerals - construction dominant,12.755914
Latin America,1996,Non-metallic minerals - industrial or agricultural dominant,18.447258
Latin America,1996,Non-wild animal products,6.346804
Latin America,1996,Other products mainly from fossil fuels e.g. plastics,7.254622
Latin America,1996,Petroleum,235.638688
Latin America,1996,Products mainly from biomass nec.,5.269336
Latin America,1996,Products mainly from metals nec.,6.574259
Latin America,1996,Products mainly from non-metallic minerals,28.395401
Latin America,1996,Refined fossil fuels mainly for fuel e.g. LPG gasoline diesel,71.488
Latin America,1996,Waste for final treatment and disposal,0.054815
Latin America,1996,Wild catch and harvest,1.680009
Latin America,1996,Wood,17.115569
Latin America,1997,Coal,32.685
Latin America,1997,Crop Residues,0.034516000000000005
Latin America,1997,Crops,108.16963299999999
Latin America,1997,Excavated earthen materials (including soil) nec,0
Latin America,1997,Ferrous ores,177.48513
Latin America,1997,Grazed biomass and fodder crops,0.041474000000000004
Latin America,1997,Mixed / complex products nec.,9.815403
Latin America,1997,Natural Gas,1.84639
Latin America,1997,Non-ferrous ores,29.585949
Latin America,1997,Non-metallic minerals - construction dominant,13.495513
Latin America,1997,Non-metallic minerals - industrial or agricultural dominant,19.584153
Latin America,1997,Non-wild animal products,6.658563
Latin America,1997,Other products mainly from fossil fuels e.g. plastics,7.629326
Latin America,1997,Petroleum,260.267491
Latin America,1997,Products mainly from biomass nec.,5.810039
Latin America,1997,Products mainly from metals nec.,6.342339
Latin America,1997,Products mainly from non-metallic minerals,28.986242
Latin America,1997,Refined fossil fuels mainly for fuel e.g. LPG gasoline diesel,75.16
Latin America,1997,Waste for final treatment and disposal,0.041673
Latin America,1997,Wild catch and harvest,1.782616
Latin America,1997,Wood,17.821622
Latin America,1998,Coal,35.953
Latin America,1998,Crop Residues,0.020489
Latin America,1998,Crops,119.889178
Latin America,1998,Excavated earthen materials (including soil) nec,0
Latin America,1998,Ferrous ores,194.443555
Latin America,1998,Grazed biomass and fodder crops,0.01166
Latin America,1998,Mixed / complex products nec.,4.924691
Latin America,1998,Natural Gas,2.646563
Latin America,1998,Non-ferrous ores,24.555439
Latin America,1998,Non-metallic minerals - construction dominant,13.618235
Latin America,1998,Non-metallic minerals - industrial or agricultural dominant,18.123517
Latin America,1998,Non-wild animal products,5.065601
Latin America,1998,Other products mainly from fossil fuels e.g. plastics,7.871947
Latin America,1998,Petroleum,266.470347
Latin America,1998,Products mainly from biomass nec.,7.416761
Latin America,1998,Products mainly from metals nec.,6.403762
Latin America,1998,Products mainly from non-metallic minerals,28.107594
Latin America,1998,Refined fossil fuels mainly for fuel e.g. LPG gasoline diesel,81.68826
Latin America,1998,Waste for final treatment and disposal,0.059293
Latin America,1998,Wild catch and harvest,1.727475
Latin America,1998,Wood,19.014642000000002
Latin America,1999,Coal,36.829
Latin America,1999,Crop Residues,0.017623
Latin America,1999,Crops,120.205607
Latin America,1999,Excavated earthen materials (including soil) nec,0
Latin America,1999,Ferrous ores,183.926174
Latin America,1999,Grazed biomass and fodder crops,0.0075580000000000005
Latin America,1999,Mixed / complex products nec.,8.657969
Latin America,1999,Natural Gas,4.8813070000000005
Latin America,1999,Non-ferrous ores,27.049684
Latin America,1999,Non-metallic minerals - construction dominant,12.805612
Latin America,1999,Non-metallic minerals - industrial or agricultural dominant,18.86489
Latin America,1999,Non-wild animal products,6.653684
Latin America,1999,Other products mainly from fossil fuels e.g. plastics,10.003749
Latin America,1999,Petroleum,239.2382
Latin America,1999,Products mainly from biomass nec.,7.685042
Latin America,1999,Products mainly from metals nec.,7.157267
Latin America,1999,Products mainly from non-metallic minerals,31.344540000000002
Latin America,1999,Refined fossil fuels mainly for fuel e.g. LPG gasoline diesel,82.28236
Latin America,1999,Waste for final treatment and disposal,0.079864
Latin America,1999,Wild catch and harvest,1.717072
Latin America,1999,Wood,20.997383
Latin America,2000,Coal,43.547999999999995
Latin America,2000,Crop Residues,0.008821
Latin America,2000,Crops,120.503149
Latin America,2000,Excavated earthen materials (including soil) nec,0
Latin America,2000,Ferrous ores,202.20375099999998
Latin America,2000,Grazed biomass and fodder crops,0.008379
Latin America,2000,Mixed / complex products nec.,24.024314
Latin America,2000,Natural Gas,7.708258
Latin America,2000,Non-ferrous ores,26.109236
Latin America,2000,Non-metallic minerals - construction dominant,12.267081
Latin America,2000,Non-metallic minerals - industrial or agricultural dominant,19.980451000000002
Latin America,2000,Non-wild animal products,8.002137
Latin America,2000,Other products mainly from fossil fuels e.g. plastics,7.876784
Latin America,2000,Petroleum,250.20286000000002
Latin America,2000,Products mainly from biomass nec.,8.432858
Latin America,2000,Products mainly from metals nec.,8.797349
Latin America,2000,Products mainly from non-metallic minerals,32.649411
Latin America,2000,Refined fossil fuels mainly for fuel e.g. LPG gasoline diesel,93.102136
Latin America,2000,Waste for final treatment and disposal,0.058454
Latin America,2000,Wild catch and harvest,1.772906
Latin America,2000,Wood,21.307395
Latin America,2001,Coal,46.641999999999996
Latin America,2001,Crop Residues,0.024704
Latin America,2001,Crops,142.949396
Latin America,2001,Excavated earthen materials (including soil) nec,0
Latin America,2001,Ferrous ores,201.11890400000001
Latin America,2001,Grazed biomass and fodder crops,0.008265
Latin America,2001,Mixed / complex products nec.,45.319461000000004
Latin America,2001,Natural Gas,9.519495000000001
Latin America,2001,Non-ferrous ores,30.343507
Latin America,2001,Non-metallic minerals - construction dominant,13.467077999999999
Latin America,2001,Non-metallic minerals - industrial or agricultural dominant,17.870975
Latin America,2001,Non-wild animal products,8.164363
Latin America,2001,Other products mainly from fossil fuels e.g. plastics,7.792209
Latin America,2001,Petroleum,263.15999999999997
Latin America,2001,Products mainly from biomass nec.,9.118131
Latin America,2001,Products mainly from metals nec.,9.045984
Latin America,2001,Products mainly from non-metallic minerals,32.427068
Latin America,2001,Refined fossil fuels mainly for fuel e.g. LPG gasoline diesel,93.723266
Latin America,2001,Waste for final treatment and disposal,0.11327100000000001
Latin America,2001,Wild catch and harvest,2.038352
Latin America,2001,Wood,22.533264
Latin America,2002,Coal,42.247
Latin America,2002,Crop Residues,0.021822
Latin America,2002,Crops,141.799125
Latin America,2002,Excavated earthen materials (including soil) nec,0
Latin America,2002,Ferrous ores,217.35788399999998
Latin America,2002,Grazed biomass and fodder crops,0.029061
Latin America,2002,Mixed / complex products nec.,27.02936
Latin America,2002,Natural Gas,10.442179
Latin America,2002,Non-ferrous ores,28.944965
Latin America,2002,Non-metallic minerals - construction dominant,12.728839
Latin America,2002,Non-metallic minerals - industrial or agricultural dominant,15.712382
Latin America,2002,Non-wild animal products,8.283467
Latin America,2002,Other products mainly from fossil fuels e.g. plastics,7.963961
Latin America,2002,Petroleum,259.175
Latin America,2002,Products mainly from biomass nec.,10.346778
Latin America,2002,Products mainly from metals nec.,9.199248
Latin America,2002,Products mainly from non-metallic minerals,33.340759
Latin America,2002,Refined fossil fuels mainly for fuel e.g. LPG gasoline diesel,87.59016
Latin America,2002,Waste for final treatment and disposal,0.132533
Latin America,2002,Wild catch and harvest,1.969502
Latin America,2002,Wood,23.335945
Latin America,2003,Coal,52.242
Latin America,2003,Crop Residues,0.023008
Latin America,2003,Crops,154.200253
Latin America,2003,Excavated earthen materials (including soil) nec,0
Latin America,2003,Ferrous ores,223.24435799999998
Latin America,2003,Grazed biomass and fodder crops,0.03308
Latin America,2003,Mixed / complex products nec.,28.668134
Latin America,2003,Natural Gas,16.417497
Latin America,2003,Non-ferrous ores,28.691712
Latin America,2003,Non-metallic minerals - construction dominant,15.117389
Latin America,2003,Non-metallic minerals - industrial or agricultural dominant,18.021695
Latin America,2003,Non-wild animal products,9.169767
Latin America,2003,Other products mainly from fossil fuels e.g. plastics,7.64576
Latin America,2003,Petroleum,263.58137700000003
Latin America,2003,Products mainly from biomass nec.,12.652296
Latin America,2003,Products mainly from metals nec.,8.941865
Latin America,2003,Products mainly from non-metallic minerals,32.553248
Latin America,2003,Refined fossil fuels mainly for fuel e.g. LPG gasoline diesel,81.7829
Latin America,2003,Waste for final treatment and disposal,0.203653
Latin America,2003,Wild catch and harvest,2.001613
Latin America,2003,Wood,27.493369
Latin America,2004,Coal,57.651
Latin America,2004,Crop Residues,0.011868
Latin America,2004,Crops,162.69756800000002
Latin America,2004,Excavated earthen materials (including soil) nec,0
Latin America,2004,Ferrous ores,264.713824
Latin America,2004,Grazed biomass and fodder crops,0.02742
Latin America,2004,Mixed / complex products nec.,97.116399
Latin America,2004,Natural Gas,20.208581000000002
Latin America,2004,Non-ferrous ores,34.847035
Latin America,2004,Non-metallic minerals - construction dominant,18.665977
Latin America,2004,Non-metallic minerals - industrial or agricultural dominant,14.878145
Latin America,2004,Non-wild animal products,11.619815999999998
Latin America,2004,Other products mainly from fossil fuels e.g. plastics,15.921593
Latin America,2004,Petroleum,276.373377
Latin America,2004,Products mainly from biomass nec.,15.938603
Latin America,2004,Products mainly from metals nec.,25.595682999999998
Latin America,2004,Products mainly from non-metallic minerals,45.672615
Latin America,2004,Refined fossil fuels mainly for fuel e.g. LPG gasoline diesel,88.2998
Latin America,2004,Waste for final treatment and disposal,0.644031
Latin America,2004,Wild catch and harvest,2.111245
Latin America,2004,Wood,31.319769
Latin America,2005,Coal,60.821999999999996
Latin America,2005,Crop Residues,7.2e-4
Latin America,2005,Crops,177.66432400000002
Latin America,2005,Excavated earthen materials (including soil) nec,0
Latin America,2005,Ferrous ores,276.12154
Latin America,2005,Grazed biomass and fodder crops,0.017624
Latin America,2005,Mixed / complex products nec.,83.728923
Latin America,2005,Natural Gas,21.206439
Latin America,2005,Non-ferrous ores,36.370377
Latin America,2005,Non-metallic minerals - construction dominant,18.88112
Latin America,2005,Non-metallic minerals - industrial or agricultural dominant,20.62138
Latin America,2005,Non-wild animal products,13.210353
Latin America,2005,Other products mainly from fossil fuels e.g. plastics,9.756921
Latin America,2005,Petroleum,274.81437700000004
Latin America,2005,Products mainly from biomass nec.,17.709635
Latin America,2005,Products mainly from metals nec.,12.503736
Latin America,2005,Products mainly from non-metallic minerals,43.806813
Latin America,2005,Refined fossil fuels mainly for fuel e.g. LPG gasoline diesel,93.882957
Latin America,2005,Waste for final treatment and disposal,0.290184
Latin America,2005,Wild catch and harvest,2.192038
Latin America,2005,Wood,34.028486
Latin America,2006,Coal,68.852
Latin America,2006,Crop Residues,0.009611999999999999
Latin America,2006,Crops,182.63913200000002
Latin America,2006,Excavated earthen materials (including soil) nec,0
Latin America,2006,Ferrous ores,293.00682600000005
Latin America,2006,Grazed biomass and fodder crops,0.047936
Latin America,2006,Mixed / complex products nec.,21.228422
Latin America,2006,Natural Gas,24.487559
Latin America,2006,Non-ferrous ores,32.169256000000004
Latin America,2006,Non-metallic minerals - construction dominant,18.026673
Latin America,2006,Non-metallic minerals - industrial or agricultural dominant,19.667183
Latin America,2006,Non-wild animal products,12.847852
Latin America,2006,Other products mainly from fossil fuels e.g. plastics,11.13294
Latin America,2006,Petroleum,278.324463
Latin America,2006,Products mainly from biomass nec.,19.246105
Latin America,2006,Products mainly from metals nec.,14.355215000000001
Latin America,2006,Products mainly from non-metallic minerals,41.936312
Latin America,2006,Refined fossil fuels mainly for fuel e.g. LPG gasoline diesel,85.062644
Latin America,2006,Waste for final treatment and disposal,0.301738
Latin America,2006,Wild catch and harvest,2.3410610000000003
Latin America,2006,Wood,35.985702
Latin America,2007,Coal,67.25
Latin America,2007,Crop Residues,5.84e-4
Latin America,2007,Crops,204.568649
Latin America,2007,Excavated earthen materials (including soil) nec,0
Latin America,2007,Ferrous ores,313.862
Latin America,2007,Grazed biomass and fodder crops,0.059965
Latin America,2007,Mixed / complex products nec.,48.113987
Latin America,2007,Natural Gas,24.434545
Latin America,2007,Non-ferrous ores,34.435869
Latin America,2007,Non-metallic minerals - construction dominant,21.801116999999998
Latin America,2007,Non-metallic minerals - industrial or agricultural dominant,20.116001
Latin America,2007,Non-wild animal products,13.481562
Latin America,2007,Other products mainly from fossil fuels e.g. plastics,9.990278
Latin America,2007,Petroleum,261.46756500000004
Latin America,2007,Products mainly from biomass nec.,19.917823
Latin America,2007,Products mainly from metals nec.,13.286895999999999
Latin America,2007,Products mainly from non-metallic minerals,39.365153
Latin America,2007,Refined fossil fuels mainly for fuel e.g. LPG gasoline diesel,88.752909
Latin America,2007,Waste for final treatment and disposal,0.117639
Latin America,2007,Wild catch and harvest,2.313297
Latin America,2007,Wood,38.855204
Latin America,2008,Coal,72.627
Latin America,2008,Crop Residues,0.002776
Latin America,2008,Crops,198.477433
Latin America,2008,Excavated earthen materials (including soil) nec,0
Latin America,2008,Ferrous ores,334.29174
Latin America,2008,Grazed biomass and fodder crops,0.055491
Latin America,2008,Mixed / complex products nec.,31.680028
Latin America,2008,Natural Gas,23.729099
Latin America,2008,Non-ferrous ores,38.158440999999996
Latin America,2008,Non-metallic minerals - construction dominant,23.507204
Latin America,2008,Non-metallic minerals - industrial or agricultural dominant,19.947934
Latin America,2008,Non-wild animal products,13.848953999999999
Latin America,2008,Other products mainly from fossil fuels e.g. plastics,9.462633
Latin America,2008,Petroleum,255.47003899999999
Latin America,2008,Products mainly from biomass nec.,21.820888
Latin America,2008,Products mainly from metals nec.,13.454268
Latin America,2008,Products mainly from non-metallic minerals,38.992128
Latin America,2008,Refined fossil fuels mainly for fuel e.g. LPG gasoline diesel,83.768659
Latin America,2008,Waste for final treatment and disposal,0.24782099999999999
Latin America,2008,Wild catch and harvest,2.378667
Latin America,2008,Wood,42.782659
Latin America,2009,Coal,69.806
Latin America,2009,Crop Residues,0.004215
Latin America,2009,Crops,189.733741
Latin America,2009,Excavated earthen materials (including soil) nec,0
Latin America,2009,Ferrous ores,309.689215
Latin America,2009,Grazed biomass and fodder crops,0.051128
Latin America,2009,Mixed / complex products nec.,24.582487
Latin America,2009,Natural Gas,23.407263
Latin America,2009,Non-ferrous ores,31.832072
Latin America,2009,Non-metallic minerals - construction dominant,17.469753
Latin America,2009,Non-metallic minerals - industrial or agricultural dominant,17.379569
Latin America,2009,Non-wild animal products,14.25122
Latin America,2009,Other products mainly from fossil fuels e.g. plastics,9.031673
Latin America,2009,Petroleum,242.312637
Latin America,2009,Products mainly from biomass nec.,19.4089
Latin America,2009,Products mainly from metals nec.,9.010512
Latin America,2009,Products mainly from non-metallic minerals,30.568463
Latin America,2009,Refined fossil fuels mainly for fuel e.g. LPG gasoline diesel,86.992357
Latin America,2009,Waste for final treatment and disposal,0.277243
Latin America,2009,Wild catch and harvest,2.228955
Latin America,2009,Wood,42.277768
Latin America,2010,Coal,70.836
Latin America,2010,Crop Residues,0.0070160000000000005
Latin America,2010,Crops,221.666547
Latin America,2010,Excavated earthen materials (including soil) nec,0
Latin America,2010,Ferrous ores,365.128155
Latin America,2010,Grazed biomass and fodder crops,0.045493000000000006
Latin America,2010,Mixed / complex products nec.,34.445133
Latin America,2010,Natural Gas,26.073925
Latin America,2010,Non-ferrous ores,42.677472
Latin America,2010,Non-metallic minerals - construction dominant,16.951874
Latin America,2010,Non-metallic minerals - industrial or agricultural dominant,27.789255
Latin America,2010,Non-wild animal products,13.653659000000001
Latin America,2010,Other products mainly from fossil fuels e.g. plastics,9.614304
Latin America,2010,Petroleum,256.12529
Latin America,2010,Products mainly from biomass nec.,20.003261000000002
Latin America,2010,Products mainly from metals nec.,13.060258999999999
Latin America,2010,Products mainly from non-metallic minerals,33.501163
Latin America,2010,Refined fossil fuels mainly for fuel e.g. LPG gasoline diesel,72.707644
Latin America,2010,Waste for final treatment and disposal,0.099066
Latin America,2010,Wild catch and harvest,2.067028
Latin America,2010,Wood,42.991001
Latin America,2011,Coal,81.60795999999999
Latin America,2011,Crop Residues,0.015673
Latin America,2011,Crops,230.33685599999998
Latin America,2011,Excavated earthen materials (including soil) nec,0
Latin America,2011,Ferrous ores,390.902831
Latin America,2011,Grazed biomass and fodder crops,0.13182
Latin America,2011,Mixed / complex products nec.,44.234068
Latin America,2011,Natural Gas,27.251538
Latin America,2011,Non-ferrous ores,45.120796999999996
Latin America,2011,Non-metallic minerals - construction dominant,17.174287
Latin America,2011,Non-metallic minerals - industrial or agricultural dominant,32.188013
Latin America,2011,Non-wild animal products,13.876059
Latin America,2011,Other products mainly from fossil fuels e.g. plastics,10.545676
Latin America,2011,Petroleum,259.99399800000003
Latin America,2011,Products mainly from biomass nec.,21.628004
Latin America,2011,Products mainly from metals nec.,17.061465
Latin America,2011,Products mainly from non-metallic minerals,36.80314
Latin America,2011,Refined fossil fuels mainly for fuel e.g. LPG gasoline diesel,82.126322
Latin America,2011,Waste for final treatment and disposal,0.11998600000000001
Latin America,2011,Wild catch and harvest,2.396284
Latin America,2011,Wood,45.388847
Latin America,2012,Coal,84.62904
Latin America,2012,Crop Residues,0.025358
Latin America,2012,Crops,238.60519
Latin America,2012,Excavated earthen materials (including soil) nec,0
Latin America,2012,Ferrous ores,378.432509
Latin America,2012,Grazed biomass and fodder crops,0.06358
Latin America,2012,Mixed / complex products nec.,47.320928
Latin America,2012,Natural Gas,28.875153
Latin America,2012,Non-ferrous ores,45.633668
Latin America,2012,Non-metallic minerals - construction dominant,16.449353
Latin America,2012,Non-metallic minerals - industrial or agricultural dominant,29.674697000000002
Latin America,2012,Non-wild animal products,14.58577
Latin America,2012,Other products mainly from fossil fuels e.g. plastics,10.625802
Latin America,2012,Petroleum,259.998803
Latin America,2012,Products mainly from biomass nec.,22.722088
Latin America,2012,Products mainly from metals nec.,16.185374
Latin America,2012,Products mainly from non-metallic minerals,39.842657
Latin America,2012,Refined fossil fuels mainly for fuel e.g. LPG gasoline diesel,57.173139
Latin America,2012,Waste for final treatment and disposal,0.120583
Latin America,2012,Wild catch and harvest,2.435715
Latin America,2012,Wood,44.053407
Latin America,2013,Coal,76.82300000000001
Latin America,2013,Crop Residues,0.031195
Latin America,2013,Crops,256.884096
Latin America,2013,Excavated earthen materials (including soil) nec,0
Latin America,2013,Ferrous ores,389.955505
Latin America,2013,Grazed biomass and fodder crops,0.15160300000000002
Latin America,2013,Mixed / complex products nec.,39.950764
Latin America,2013,Natural Gas,31.191807
Latin America,2013,Non-ferrous ores,48.439219
Latin America,2013,Non-metallic minerals - construction dominant,17.866521
Latin America,2013,Non-metallic minerals - industrial or agricultural dominant,31.677183
Latin America,2013,Non-wild animal products,13.724217
Latin America,2013,Other products mainly from fossil fuels e.g. plastics,16.520564
Latin America,2013,Petroleum,254.38609200000002
Latin America,2013,Products mainly from biomass nec.,22.7058
Latin America,2013,Products mainly from metals nec.,17.67031
Latin America,2013,Products mainly from non-metallic minerals,40.718098
Latin America,2013,Refined fossil fuels mainly for fuel e.g. LPG gasoline diesel,53.750107
Latin America,2013,Waste for final treatment and disposal,0.116776
Latin America,2013,Wild catch and harvest,2.503668
Latin America,2013,Wood,46.419381
Latin America,2014,Coal,90.539
Latin America,2014,Crop Residues,0.035643
Latin America,2014,Crops,247.479127
Latin America,2014,Excavated earthen materials (including soil) nec,0
Latin America,2014,Ferrous ores,396.469381
Latin America,2014,Grazed biomass and fodder crops,0.155789
Latin America,2014,Mixed / complex products nec.,50.235675
Latin America,2014,Natural Gas,30.114713000000002
Latin America,2014,Non-ferrous ores,51.802690999999996
Latin America,2014,Non-metallic minerals - construction dominant,19.824078
Latin America,2014,Non-metallic minerals - industrial or agricultural dominant,36.466829
Latin America,2014,Non-wild animal products,14.419761
Latin America,2014,Other products mainly from fossil fuels e.g. plastics,10.823708
Latin America,2014,Petroleum,262.245814
Latin America,2014,Products mainly from biomass nec.,22.123349
Latin America,2014,Products mainly from metals nec.,17.217645
Latin America,2014,Products mainly from non-metallic minerals,38.559214
Latin America,2014,Refined fossil fuels mainly for fuel e.g. LPG gasoline diesel,51.82401
Latin America,2014,Waste for final treatment and disposal,0.238615
Latin America,2014,Wild catch and harvest,2.712637
Latin America,2014,Wood,51.772442
Latin America,2015,Coal,74.52199999999999
Latin America,2015,Crop Residues,0.037465000000000005
Latin America,2015,Crops,278.946119
Latin America,2015,Excavated earthen materials (including soil) nec,0
Latin America,2015,Ferrous ores,420.089635
Latin America,2015,Grazed biomass and fodder crops,0.120783
Latin America,2015,Mixed / complex products nec.,27.258331
Latin America,2015,Natural Gas,27.957916
Latin America,2015,Non-ferrous ores,54.636734999999994
Latin America,2015,Non-metallic minerals - construction dominant,24.27422
Latin America,2015,Non-metallic minerals - industrial or agricultural dominant,30.438561
Latin America,2015,Non-wild animal products,13.796695
Latin America,2015,Other products mainly from fossil fuels e.g. plastics,11.589978
Latin America,2015,Petroleum,266.731941
Latin America,2015,Products mainly from biomass nec.,22.993255
Latin America,2015,Products mainly from metals nec.,18.962509
Latin America,2015,Products mainly from non-metallic minerals,37.317475
Latin America,2015,Refined fossil fuels mainly for fuel e.g. LPG gasoline diesel,49.265792
Latin America,2015,Waste for final treatment and disposal,0.201142
Latin America,2015,Wild catch and harvest,2.577916
Latin America,2015,Wood,53.151356
Latin America,2016,Coal,85.069068
Latin America,2016,Crop Residues,0.036342000000000006
Latin America,2016,Crops,291.08599300000003
Latin America,2016,Excavated earthen materials (including soil) nec,0
Latin America,2016,Ferrous ores,429.898411
Latin America,2016,Grazed biomass and fodder crops,0.109639
Latin America,2016,Mixed / complex products nec.,35.328807
Latin America,2016,Natural Gas,25.860796
Latin America,2016,Non-ferrous ores,55.830276
Latin America,2016,Non-metallic minerals - construction dominant,23.046598
Latin America,2016,Non-metallic minerals - industrial or agricultural dominant,25.133283000000002
Latin America,2016,Non-wild animal products,14.110375
Latin America,2016,Other products mainly from fossil fuels e.g. plastics,11.094331
Latin America,2016,Petroleum,259.361497
Latin America,2016,Products mainly from biomass nec.,24.002171
Latin America,2016,Products mainly from metals nec.,17.154722
Latin America,2016,Products mainly from non-metallic minerals,38.58697
Latin America,2016,Refined fossil fuels mainly for fuel e.g. LPG gasoline diesel,48.957758999999996
Latin America,2016,Waste for final treatment and disposal,0.18842
Latin America,2016,Wild catch and harvest,2.574666
Latin America,2016,Wood,59.801418
Latin America,2017,Coal,104.34703499999999
Latin America,2017,Crop Residues,0.031639
Latin America,2017,Crops,312.868195
Latin America,2017,Excavated earthen materials (including soil) nec,0
Latin America,2017,Ferrous ores,437.856965
Latin America,2017,Grazed biomass and fodder crops,0.11759499999999999
Latin America,2017,Mixed / complex products nec.,98.447463
Latin America,2017,Natural Gas,25.39894
Latin America,2017,Non-ferrous ores,58.479421
Latin America,2017,Non-metallic minerals - construction dominant,20.981806
Latin America,2017,Non-metallic minerals - industrial or agricultural dominant,23.641325000000002
Latin America,2017,Non-wild animal products,14.931754
Latin America,2017,Other products mainly from fossil fuels e.g. plastics,10.418622000000001
Latin America,2017,Petroleum,253.839307
Latin America,2017,Products mainly from biomass nec.,24.262671
Latin America,2017,Products mainly from metals nec.,19.879774
Latin America,2017,Products mainly from non-metallic minerals,38.568881
Latin America,2017,Refined fossil fuels mainly for fuel e.g. LPG gasoline diesel,47.084324
Latin America,2017,Waste for final treatment and disposal,0.274663
Latin America,2017,Wild catch and harvest,2.7429930000000002
Latin America,2017,Wood,61.948935
Latin America,2018,Coal,84.80991900000001
Latin America,2018,Crop Residues,0.037038
Latin America,2018,Crops,305.058497
Latin America,2018,Excavated earthen materials (including soil) nec,0
Latin America,2018,Ferrous ores,443.36303399999997
Latin America,2018,Grazed biomass and fodder crops,0.208433
Latin America,2018,Mixed / complex products nec.,91.632776
Latin America,2018,Natural Gas,25.604328
Latin America,2018,Non-ferrous ores,54.272541
Latin America,2018,Non-metallic minerals - construction dominant,21.515765000000002
Latin America,2018,Non-metallic minerals - industrial or agricultural dominant,26.526170999999998
Latin America,2018,Non-wild animal products,15.605792
Latin America,2018,Other products mainly from fossil fuels e.g. plastics,11.492719
Latin America,2018,Petroleum,239.545176
Latin America,2018,Products mainly from biomass nec.,25.249885
Latin America,2018,Products mainly from metals nec.,18.623769
Latin America,2018,Products mainly from non-metallic minerals,38.648095
Latin America,2018,Refined fossil fuels mainly for fuel e.g. LPG gasoline diesel,48.095133
Latin America,2018,Waste for final treatment and disposal,0.131553
Latin America,2018,Wild catch and harvest,3.0765700000000002
Latin America,2018,Wood,67.634982
Latin America,2019,Coal,72.97294299999999
Latin America,2019,Crop Residues,0.043516
Latin America,2019,Crops,339.673231
Latin America,2019,Excavated earthen materials (including soil) nec,0
Latin America,2019,Ferrous ores,402.085641
Latin America,2019,Grazed biomass and fodder crops,0.113785
Latin America,2019,Mixed / complex products nec.,91.925505
Latin America,2019,Natural Gas,24.472094
Latin America,2019,Non-ferrous ores,53.960632000000004
Latin America,2019,Non-metallic minerals - construction dominant,23.858077
Latin America,2019,Non-metallic minerals - industrial or agricultural dominant,23.481872
Latin America,2019,Non-wild animal products,16.161446
Latin America,2019,Other products mainly from fossil fuels e.g. plastics,9.912488
Latin America,2019,Petroleum,221.890545
Latin America,2019,Products mainly from biomass nec.,24.009568
Latin America,2019,Products mainly from metals nec.,22.406765999999998
Latin America,2019,Products mainly from non-metallic minerals,39.743422
Latin America,2019,Refined fossil fuels mainly for fuel e.g. LPG gasoline diesel,37.105125
Latin America,2019,Waste for final treatment and disposal,0.13747399999999999
Latin America,2019,Wild catch and harvest,3.2686859999999998
Latin America,2019,Wood,66.07103699999999
Latin America,2020,Coal,68.96968
Latin America,2020,Crop Residues,0.051965000000000004
Latin America,2020,Crops,345.77125
Latin America,2020,Excavated earthen materials (including soil) nec,0
Latin America,2020,Ferrous ores,401.899347
Latin America,2020,Grazed biomass and fodder crops,0.12557200000000002
Latin America,2020,Mixed / complex products nec.,89.827018
Latin America,2020,Natural Gas,22.361079
Latin America,2020,Non-ferrous ores,52.516553
Latin America,2020,Non-metallic minerals - construction dominant,23.442043
Latin America,2020,Non-metallic minerals - industrial or agricultural dominant,22.901137000000002
Latin America,2020,Non-wild animal products,16.743539000000002
Latin America,2020,Other products mainly from fossil fuels e.g. plastics,9.400563
Latin America,2020,Petroleum,209.001918
Latin America,2020,Products mainly from biomass nec.,23.412424
Latin America,2020,Products mainly from metals nec.,22.059833
Latin America,2020,Products mainly from non-metallic minerals,39.194778
Latin America,2020,Refined fossil fuels mainly for fuel e.g. LPG gasoline diesel,40.904287000000004
Latin America,2020,Waste for final treatment and disposal,0.134242
Latin America,2020,Wild catch and harvest,3.2561139999999997
Latin America,2020,Wood,66.464885
Latin America,2021,Coal,49.452866
Latin America,2021,Crop Residues,0.073792
Latin America,2021,Crops,323.248176
Latin America,2021,Excavated earthen materials (including soil) nec,0
Latin America,2021,Ferrous ores,418.687336
Latin America,2021,Grazed biomass and fodder crops,0.051212
Latin America,2021,Mixed / complex products nec.,92.350165
Latin America,2021,Natural Gas,19.543893999999998
Latin America,2021,Non-ferrous ores,54.997299
Latin America,2021,Non-metallic minerals - construction dominant,24.584766
Latin America,2021,Non-metallic minerals - industrial or agricultural dominant,23.891618
Latin America,2021,Non-wild animal products,15.118722
Latin America,2021,Other products mainly from fossil fuels e.g. plastics,9.712102
Latin America,2021,Petroleum,208.925131
Latin America,2021,Products mainly from biomass nec.,23.960502
Latin America,2021,Products mainly from metals nec.,22.610149
Latin America,2021,Products mainly from non-metallic minerals,40.629492
Latin America,2021,Refined fossil fuels mainly for fuel e.g. LPG gasoline diesel,42.760947
Latin America,2021,Waste for final treatment and disposal,0.137935
Latin America,2021,Wild catch and harvest,3.382915
Latin America,2021,Wood,67.602828
Latin America,2022,Coal,48.709288
Latin America,2022,Crop Residues,0.074383
Latin America,2022,Crops,327.588725
Latin America,2022,Excavated earthen materials (including soil) nec,0
Latin America,2022,Ferrous ores,428.49821000000003
Latin America,2022,Grazed biomass and fodder crops,0.051752
Latin America,2022,Mixed / complex products nec.,93.602376
Latin America,2022,Natural Gas,19.391671
Latin America,2022,Non-ferrous ores,56.243414
Latin America,2022,Non-metallic minerals - construction dominant,25.320149
Latin America,2022,Non-metallic minerals - industrial or agricultural dominant,24.500926
Latin America,2022,Non-wild animal products,15.291201
Latin America,2022,Other products mainly from fossil fuels e.g. plastics,9.823654999999999
Latin America,2022,Petroleum,213.85981600000002
Latin America,2022,Products mainly from biomass nec.,24.235277
Latin America,2022,Products mainly from metals nec.,22.883888
Latin America,2022,Products mainly from non-metallic minerals,41.509688
Latin America,2022,Refined fossil fuels mainly for fuel e.g. LPG gasoline diesel,43.199275
Latin America,2022,Waste for final treatment and disposal,0.139774
Latin America,2022,Wild catch and harvest,3.451689
Latin America,2022,Wood,68.77094
Latin America,2023,Coal,47.593655
Latin America,2023,Crop Residues,0.074778
Latin America,2023,Crops,331.853373
Latin America,2023,Excavated earthen materials (including soil) nec,0
Latin America,2023,Ferrous ores,440.31316300000003
Latin America,2023,Grazed biomass and fodder crops,0.052174
Latin America,2023,Mixed / complex products nec.,94.71103
Latin America,2023,Natural Gas,19.241547
Latin America,2023,Non-ferrous ores,57.581969
Latin America,2023,Non-metallic minerals - construction dominant,25.911261
Latin America,2023,Non-metallic minerals - industrial or agricultural dominant,24.984296
Latin America,2023,Non-wild animal products,15.437105
Latin America,2023,Other products mainly from fossil fuels e.g. plastics,9.876176
Latin America,2023,Petroleum,217.277722
Latin America,2023,Products mainly from biomass nec.,24.459966
Latin America,2023,Products mainly from metals nec.,23.165561
Latin America,2023,Products mainly from non-metallic minerals,42.242337
Latin America,2023,Refined fossil fuels mainly for fuel e.g. LPG gasoline diesel,43.446398
Latin America,2023,Waste for final treatment and disposal,0.141277
Latin America,2023,Wild catch and harvest,3.530273
Latin America,2023,Wood,69.90946699999999
Latin America,2024,Coal,46.587176
Latin America,2024,Crop Residues,0.075297
Latin America,2024,Crops,336.343862
Latin America,2024,Excavated earthen materials (including soil) nec,0
Latin America,2024,Ferrous ores,452.691325
Latin America,2024,Grazed biomass and fodder crops,0.052536
Latin America,2024,Mixed / complex products nec.,95.702551
Latin America,2024,Natural Gas,19.18152
Latin America,2024,Non-ferrous ores,58.930001
Latin America,2024,Non-metallic minerals - construction dominant,26.297209
Latin America,2024,Non-metallic minerals - industrial or agricultural dominant,25.396547
Latin America,2024,Non-wild animal products,15.565688000000002
Latin America,2024,Other products mainly from fossil fuels e.g. plastics,9.900909
Latin America,2024,Petroleum,219.704499
Latin America,2024,Products mainly from biomass nec.,24.657929
Latin America,2024,Products mainly from metals nec.,23.441006
Latin America,2024,Products mainly from non-metallic minerals,42.851701
Latin America,2024,Refined fossil fuels mainly for fuel e.g. LPG gasoline diesel,43.623598
Latin America,2024,Waste for final treatment and disposal,0.142602
Latin America,2024,Wild catch and harvest,3.626077
Latin America,2024,Wood,71.157842
Middle East & North Africa,1970,Coal,0.06
Middle East & North Africa,1970,Crop Residues,0.008435999999999999
Middle East & North Africa,1970,Crops,8.902285000000001
Middle East & North Africa,1970,Excavated earthen materials (including soil) nec,0
Middle East & North Africa,1970,Ferrous ores,4.520884
Middle East & North Africa,1970,Grazed biomass and fodder crops,0.016807
Middle East & North Africa,1970,Mixed / complex products nec.,0.059164
Middle East & North Africa,1970,Natural Gas,1.672576
Middle East & North Africa,1970,Non-ferrous ores,0.928002
Middle East & North Africa,1970,Non-metallic minerals - construction dominant,1.107813
Middle East & North Africa,1970,Non-metallic minerals - industrial or agricultural dominant,18.85952
Middle East & North Africa,1970,Non-wild animal products,0.138058
Middle East & North Africa,1970,Other products mainly from fossil fuels e.g. plastics,0.113728
Middle East & North Africa,1970,Petroleum,826.726
Middle East & North Africa,1970,Products mainly from biomass nec.,0.36942200000000003
Middle East & North Africa,1970,Products mainly from metals nec.,0.08365
Middle East & North Africa,1970,Products mainly from non-metallic minerals,3.225446
Middle East & North Africa,1970,Refined fossil fuels mainly for fuel e.g. LPG gasoline diesel,55.495
Middle East & North Africa,1970,Waste for final treatment and disposal,0.016089
Middle East & North Africa,1970,Wild catch and harvest,0
Middle East & North Africa,1970,Wood,0.127088
Middle East & North Africa,1971,Coal,0.07700000000000001
Middle East & North Africa,1971,Crop Residues,0.008836
Middle East & North Africa,1971,Crops,7.524967
Middle East & North Africa,1971,Excavated earthen materials (including soil) nec,0
Middle East & North Africa,1971,Ferrous ores,3.537559
Middle East & North Africa,1971,Grazed biomass and fodder crops,0.016954
Middle East & North Africa,1971,Mixed / complex products nec.,0.056859
Middle East & North Africa,1971,Natural Gas,4.825984
Middle East & North Africa,1971,Non-ferrous ores,0.679073
Middle East & North Africa,1971,Non-metallic minerals - construction dominant,0.256585
Middle East & North Africa,1971,Non-metallic minerals - industrial or agricultural dominant,17.970882
Middle East & North Africa,1971,Non-wild animal products,0.13044
Middle East & North Africa,1971,Other products mainly from fossil fuels e.g. plastics,0.100115
Middle East & North Africa,1971,Petroleum,895.906
Middle East & North Africa,1971,Products mainly from biomass nec.,0.353243
Middle East & North Africa,1971,Products mainly from metals nec.,0.091782
Middle East & North Africa,1971,Products mainly from non-metallic minerals,1.895676
Middle East & North Africa,1971,Refined fossil fuels mainly for fuel e.g. LPG gasoline diesel,52.22
Middle East & North Africa,1971,Waste for final treatment and disposal,0.011938
Middle East & North Africa,1971,Wild catch and harvest,0
Middle East & North Africa,1971,Wood,0.103292
Middle East & North Africa,1972,Coal,0.019
Middle East & North Africa,1972,Crop Residues,0.004825
Middle East & North Africa,1972,Crops,8.06887
Middle East & North Africa,1972,Excavated earthen materials (including soil) nec,0
Middle East & North Africa,1972,Ferrous ores,1.250002
Middle East & North Africa,1972,Grazed biomass and fodder crops,0.031003
Middle East & North Africa,1972,Mixed / complex products nec.,0.064279
Middle East & North Africa,1972,Natural Gas,8.342727
Middle East & North Africa,1972,Non-ferrous ores,0.668981
Middle East & North Africa,1972,Non-metallic minerals - construction dominant,0.782328
Middle East & North Africa,1972,Non-metallic minerals - industrial or agricultural dominant,20.043921
Middle East & North Africa,1972,Non-wild animal products,0.15797999999999998
Middle East & North Africa,1972,Other products mainly from fossil fuels e.g. plastics,0.144106
Middle East & North Africa,1972,Petroleum,975.562
Middle East & North Africa,1972,Products mainly from biomass nec.,0.412756
Middle East & North Africa,1972,Products mainly from metals nec.,0.084938
Middle East & North Africa,1972,Products mainly from non-metallic minerals,2.423162
Middle East & North Africa,1972,Refined fossil fuels mainly for fuel e.g. LPG gasoline diesel,47.224
Middle East & North Africa,1972,Waste for final treatment and disposal,0.013296
Middle East & North Africa,1972,Wild catch and harvest,0
Middle East & North Africa,1972,Wood,0.081832
Middle East & North Africa,1973,Coal,0.031
Middle East & North Africa,1973,Crop Residues,0.00511
Middle East & North Africa,1973,Crops,9.124419
Middle East & North Africa,1973,Excavated earthen materials (including soil) nec,0
Middle East & North Africa,1973,Ferrous ores,2.482136
Middle East & North Africa,1973,Grazed biomass and fodder crops,0.012051
Middle East & North Africa,1973,Mixed / complex products nec.,0.07163
Middle East & North Africa,1973,Natural Gas,9.448568999999999
Middle East & North Africa,1973,Non-ferrous ores,0.8112240000000001
Middle East & North Africa,1973,Non-metallic minerals - construction dominant,0.875466
Middle East & North Africa,1973,Non-metallic minerals - industrial or agricultural dominant,22.572238
Middle East & North Africa,1973,Non-wild animal products,0.143024
Middle East & North Africa,1973,Other products mainly from fossil fuels e.g. plastics,0.179047
Middle East & North Africa,1973,Petroleum,1120.811
Middle East & North Africa,1973,Products mainly from biomass nec.,0.478753
Middle East & North Africa,1973,Products mainly from metals nec.,0.098574
Middle East & North Africa,1973,Products mainly from non-metallic minerals,2.775624
Middle East & North Africa,1973,Refined fossil fuels mainly for fuel e.g. LPG gasoline diesel,47.844
Middle East & North Africa,1973,Waste for final treatment and disposal,0.013274
Middle East & North Africa,1973,Wild catch and harvest,0
Middle East & North Africa,1973,Wood,0.081032
Middle East & North Africa,1974,Coal,0.034
Middle East & North Africa,1974,Crop Residues,0.005213000000000001
Middle East & North Africa,1974,Crops,7.2760110000000005
Middle East & North Africa,1974,Excavated earthen materials (including soil) nec,0
Middle East & North Africa,1974,Ferrous ores,4.481051
Middle East & North Africa,1974,Grazed biomass and fodder crops,0.009250999999999999
Middle East & North Africa,1974,Mixed / complex products nec.,0.09468
Middle East & North Africa,1974,Natural Gas,9.455074999999999
Middle East & North Africa,1974,Non-ferrous ores,0.86722
Middle East & North Africa,1974,Non-metallic minerals - construction dominant,0.538851
Middle East & North Africa,1974,Non-metallic minerals - industrial or agricultural dominant,26.581895
Middle East & North Africa,1974,Non-wild animal products,0.102708
Middle East & North Africa,1974,Other products mainly from fossil fuels e.g. plastics,0.132023
Middle East & North Africa,1974,Petroleum,1112.761
Middle East & North Africa,1974,Products mainly from biomass nec.,0.345569
Middle East & North Africa,1974,Products mainly from metals nec.,0.106999
Middle East & North Africa,1974,Products mainly from non-metallic minerals,2.041466
Middle East & North Africa,1974,Refined fossil fuels mainly for fuel e.g. LPG gasoline diesel,47.29
Middle East & North Africa,1974,Waste for final treatment and disposal,0.012014
Middle East & North Africa,1974,Wild catch and harvest,0
Middle East & North Africa,1974,Wood,0.15681900000000001
Middle East & North Africa,1975,Coal,0.018
Middle East & North Africa,1975,Crop Residues,0.0073679999999999995
Middle East & North Africa,1975,Crops,6.681288
Middle East & North Africa,1975,Excavated earthen materials (including soil) nec,0
Middle East & North Africa,1975,Ferrous ores,2.71722
Middle East & North Africa,1975,Grazed biomass and fodder crops,0.012133
Middle East & North Africa,1975,Mixed / complex products nec.,0.077017
Middle East & North Africa,1975,Natural Gas,10.679866
Middle East & North Africa,1975,Non-ferrous ores,0.662716
Middle East & North Africa,1975,Non-metallic minerals - construction dominant,0.502969
Middle East & North Africa,1975,Non-metallic minerals - industrial or agricultural dominant,19.170729
Middle East & North Africa,1975,Non-wild animal products,0.083624
Middle East & North Africa,1975,Other products mainly from fossil fuels e.g. plastics,0.19019
Middle East & North Africa,1975,Petroleum,1005.331
Middle East & North Africa,1975,Products mainly from biomass nec.,0.250939
Middle East & North Africa,1975,Products mainly from metals nec.,0.119213
Middle East & North Africa,1975,Products mainly from non-metallic minerals,1.442304
Middle East & North Africa,1975,Refined fossil fuels mainly for fuel e.g. LPG gasoline diesel,45.679
Middle East & North Africa,1975,Waste for final treatment and disposal,0.010008
Middle East & North Africa,1975,Wild catch and harvest,0
Middle East & North Africa,1975,Wood,0.132964
Middle East & North Africa,1976,Coal,0.031
Middle East & North Africa,1976,Crop Residues,0.009184
Middle East & North Africa,1976,Crops,7.311698000000001
Middle East & North Africa,1976,Excavated earthen materials (including soil) nec,0
Middle East & North Africa,1976,Ferrous ores,0.892991
Middle East & North Africa,1976,Grazed biomass and fodder crops,0.008532
Middle East & North Africa,1976,Mixed / complex products nec.,0.103011
Middle East & North Africa,1976,Natural Gas,11.731601
Middle East & North Africa,1976,Non-ferrous ores,2.253143
Middle East & North Africa,1976,Non-metallic minerals - construction dominant,0.310127
Middle East & North Africa,1976,Non-metallic minerals - industrial or agricultural dominant,22.090294
Middle East & North Africa,1976,Non-wild animal products,0.19689099999999998
Middle East & North Africa,1976,Other products mainly from fossil fuels e.g. plastics,0.245639
Middle East & North Africa,1976,Petroleum,1151.676
Middle East & North Africa,1976,Products mainly from biomass nec.,0.381453
Middle East & North Africa,1976,Products mainly from metals nec.,0.20030399999999998
Middle East & North Africa,1976,Products mainly from non-metallic minerals,1.427646
Middle East & North Africa,1976,Refined fossil fuels mainly for fuel e.g. LPG gasoline diesel,52.147
Middle East & North Africa,1976,Waste for final treatment and disposal,0.027643
Middle East & North Africa,1976,Wild catch and harvest,0.047318
Middle East & North Africa,1976,Wood,0.16001100000000001
Middle East & North Africa,1977,Coal,0.056
Middle East & North Africa,1977,Crop Residues,0.011443
Middle East & North Africa,1977,Crops,7.379659
Middle East & North Africa,1977,Excavated earthen materials (including soil) nec,0
Middle East & North Africa,1977,Ferrous ores,0.9466490000000001
Middle East & North Africa,1977,Grazed biomass and fodder crops,0.013453999999999999
Middle East & North Africa,1977,Mixed / complex products nec.,0.136021
Middle East & North Africa,1977,Natural Gas,11.704752
Middle East & North Africa,1977,Non-ferrous ores,1.039089
Middle East & North Africa,1977,Non-metallic minerals - construction dominant,0.408157
Middle East & North Africa,1977,Non-metallic minerals - industrial or agricultural dominant,24.260794999999998
Middle East & North Africa,1977,Non-wild animal products,0.194627
Middle East & North Africa,1977,Other products mainly from fossil fuels e.g. plastics,0.310624
Middle East & North Africa,1977,Petroleum,1163.625
Middle East & North Africa,1977,Products mainly from biomass nec.,0.410088
Middle East & North Africa,1977,Products mainly from metals nec.,0.208959
Middle East & North Africa,1977,Products mainly from non-metallic minerals,2.09042
Middle East & North Africa,1977,Refined fossil fuels mainly for fuel e.g. LPG gasoline diesel,54.438
Middle East & North Africa,1977,Waste for final treatment and disposal,0.016648
Middle East & North Africa,1977,Wild catch and harvest,0.050236
Middle East & North Africa,1977,Wood,0.14310900000000001
Middle East & North Africa,1978,Coal,0.057
Middle East & North Africa,1978,Crop Residues,0.005315
Middle East & North Africa,1978,Crops,7.4974940000000005
Middle East & North Africa,1978,Excavated earthen materials (including soil) nec,0
Middle East & North Africa,1978,Ferrous ores,0.551459
Middle East & North Africa,1978,Grazed biomass and fodder crops,0.011025
Middle East & North Africa,1978,Mixed / complex products nec.,0.14233300000000002
Middle East & North Africa,1978,Natural Gas,13.394234
Middle East & North Africa,1978,Non-ferrous ores,0.734527
Middle East & North Africa,1978,Non-metallic minerals - construction dominant,0.457957
Middle East & North Africa,1978,Non-metallic minerals - industrial or agricultural dominant,26.851746000000002
Middle East & North Africa,1978,Non-wild animal products,0.235856
Middle East & North Africa,1978,Other products mainly from fossil fuels e.g. plastics,0.354641
Middle East & North Africa,1978,Petroleum,1066.704
Middle East & North Africa,1978,Products mainly from biomass nec.,0.332032
Middle East & North Africa,1978,Products mainly from metals nec.,0.151327
Middle East & North Africa,1978,Products mainly from non-metallic minerals,1.7367650000000001
Middle East & North Africa,1978,Refined fossil fuels mainly for fuel e.g. LPG gasoline diesel,56.577999999999996
Middle East & North Africa,1978,Waste for final treatment and disposal,0.010712
Middle East & North Africa,1978,Wild catch and harvest,0.050536
Middle East & North Africa,1978,Wood,0.166859
Middle East & North Africa,1979,Coal,0.078
Middle East & North Africa,1979,Crop Residues,0.0057870000000000005
Middle East & North Africa,1979,Crops,7.622078
Middle East & North Africa,1979,Excavated earthen materials (including soil) nec,0
Middle East & North Africa,1979,Ferrous ores,0.505095
Middle East & North Africa,1979,Grazed biomass and fodder crops,0.012315999999999999
Middle East & North Africa,1979,Mixed / complex products nec.,0.160268
Middle East & North Africa,1979,Natural Gas,15.060092
Middle East & North Africa,1979,Non-ferrous ores,0.63387
Middle East & North Africa,1979,Non-metallic minerals - construction dominant,0.366779
Middle East & North Africa,1979,Non-metallic minerals - industrial or agricultural dominant,28.015386999999997
Middle East & North Africa,1979,Non-wild animal products,0.249423
Middle East & North Africa,1979,Other products mainly from fossil fuels e.g. plastics,0.403277
Middle East & North Africa,1979,Petroleum,1148.8700000000001
Middle East & North Africa,1979,Products mainly from biomass nec.,0.34718
Middle East & North Africa,1979,Products mainly from metals nec.,0.249941
Middle East & North Africa,1979,Products mainly from non-metallic minerals,1.577394
Middle East & North Africa,1979,Refined fossil fuels mainly for fuel e.g. LPG gasoline diesel,58.72
Middle East & North Africa,1979,Waste for final treatment and disposal,0.008893
Middle East & North Africa,1979,Wild catch and harvest,0.051931
Middle East & North Africa,1979,Wood,0.24201099999999998
Middle East & North Africa,1980,Coal,0.084
Middle East & North Africa,1980,Crop Residues,0.006262
Middle East & North Africa,1980,Crops,7.828426
Middle East & North Africa,1980,Excavated earthen materials (including soil) nec,0
Middle East & North Africa,1980,Ferrous ores,0.695524
Middle East & North Africa,1980,Grazed biomass and fodder crops,0.00314
Middle East & North Africa,1980,Mixed / complex products nec.,0.179116
Middle East & North Africa,1980,Natural Gas,7.737773000000001
Middle East & North Africa,1980,Non-ferrous ores,0.560196
Middle East & North Africa,1980,Non-metallic minerals - construction dominant,0.398973
Middle East & North Africa,1980,Non-metallic minerals - industrial or agricultural dominant,27.372381999999998
Middle East & North Africa,1980,Non-wild animal products,0.257834
Middle East & North Africa,1980,Other products mainly from fossil fuels e.g. plastics,0.536286
Middle East & North Africa,1980,Petroleum,960.425
Middle East & North Africa,1980,Products mainly from biomass nec.,0.403882
Middle East & North Africa,1980,Products mainly from metals nec.,0.357719
Middle East & North Africa,1980,Products mainly from non-metallic minerals,2.213675
Middle East & North Africa,1980,Refined fossil fuels mainly for fuel e.g. LPG gasoline diesel,64.657
Middle East & North Africa,1980,Waste for final treatment and disposal,0.007896
Middle East & North Africa,1980,Wild catch and harvest,0.049405
Middle East & North Africa,1980,Wood,0.238427
Middle East & North Africa,1981,Coal,0.061
Middle East & North Africa,1981,Crop Residues,0.004287
Middle East & North Africa,1981,Crops,7.977034
Middle East & North Africa,1981,Excavated earthen materials (including soil) nec,0
Middle East & North Africa,1981,Ferrous ores,2.194369
Middle East & North Africa,1981,Grazed biomass and fodder crops,0.0018080000000000001
Middle East & North Africa,1981,Mixed / complex products nec.,0.20197600000000002
Middle East & North Africa,1981,Natural Gas,7.384873
Middle East & North Africa,1981,Non-ferrous ores,0.579719
Middle East & North Africa,1981,Non-metallic minerals - construction dominant,0.698943
Middle East & North Africa,1981,Non-metallic minerals - industrial or agricultural dominant,26.593868
Middle East & North Africa,1981,Non-wild animal products,0.279152
Middle East & North Africa,1981,Other products mainly from fossil fuels e.g. plastics,0.633904
Middle East & North Africa,1981,Petroleum,790.0939999999999
Middle East & North Africa,1981,Products mainly from biomass nec.,0.38609899999999997
Middle East & North Africa,1981,Products mainly from metals nec.,0.38943300000000003
Middle East & North Africa,1981,Products mainly from non-metallic minerals,3.140835
Middle East & North Africa,1981,Refined fossil fuels mainly for fuel e.g. LPG gasoline diesel,65.48
Middle East & North Africa,1981,Waste for final treatment and disposal,0.010269
Middle East & North Africa,1981,Wild catch and harvest,0.10513
Middle East & North Africa,1981,Wood,0.222202
Middle East & North Africa,1982,Coal,0.028
Middle East & North Africa,1982,Crop Residues,0.001741
Middle East & North Africa,1982,Crops,7.7888340000000005
Middle East & North Africa,1982,Excavated earthen materials (including soil) nec,0
Middle East & North Africa,1982,Ferrous ores,2.389866
Middle East & North Africa,1982,Grazed biomass and fodder crops,0.003297
Middle East & North Africa,1982,Mixed / complex products nec.,0.224712
Middle East & North Africa,1982,Natural Gas,9.611295
Middle East & North Africa,1982,Non-ferrous ores,0.699125
Middle East & North Africa,1982,Non-metallic minerals - construction dominant,0.8268719999999999
Middle East & North Africa,1982,Non-metallic minerals - industrial or agricultural dominant,25.981849
Middle East & North Africa,1982,Non-wild animal products,0.22653600000000002
Middle East & North Africa,1982,Other products mainly from fossil fuels e.g. plastics,0.587708
Middle East & North Africa,1982,Petroleum,626.01
Middle East & North Africa,1982,Products mainly from biomass nec.,0.31577299999999997
Middle East & North Africa,1982,Products mainly from metals nec.,0.376422
Middle East & North Africa,1982,Products mainly from non-metallic minerals,4.251247
Middle East & North Africa,1982,Refined fossil fuels mainly for fuel e.g. LPG gasoline diesel,73.481
Middle East & North Africa,1982,Waste for final treatment and disposal,0.017088
Middle East & North Africa,1982,Wild catch and harvest,0.110548
Middle East & North Africa,1982,Wood,0.19913999999999998
Middle East & North Africa,1983,Coal,0.038
Middle East & North Africa,1983,Crop Residues,0.002957
Middle East & North Africa,1983,Crops,7.302844
Middle East & North Africa,1983,Excavated earthen materials (including soil) nec,0
Middle East & North Africa,1983,Ferrous ores,2.3521360000000002
Middle East & North Africa,1983,Grazed biomass and fodder crops,0.004037000000000001
Middle East & North Africa,1983,Mixed / complex products nec.,0.21259
Middle East & North Africa,1983,Natural Gas,11.781248
Middle East & North Africa,1983,Non-ferrous ores,0.686225
Middle East & North Africa,1983,Non-metallic minerals - construction dominant,0.322616
Middle East & North Africa,1983,Non-metallic minerals - industrial or agricultural dominant,27.989358
Middle East & North Africa,1983,Non-wild animal products,0.22553299999999998
Middle East & North Africa,1983,Other products mainly from fossil fuels e.g. plastics,0.540939
Middle East & North Africa,1983,Petroleum,542.2379999999999
Middle East & North Africa,1983,Products mainly from biomass nec.,0.30749
Middle East & North Africa,1983,Products mainly from metals nec.,0.166847
Middle East & North Africa,1983,Products mainly from non-metallic minerals,4.167257
Middle East & North Africa,1983,Refined fossil fuels mainly for fuel e.g. LPG gasoline diesel,72.791
Middle East & North Africa,1983,Waste for final treatment and disposal,0.00626
Middle East & North Africa,1983,Wild catch and harvest,0.150443
Middle East & North Africa,1983,Wood,0.20692
Middle East & North Africa,1984,Coal,0.066
Middle East & North Africa,1984,Crop Residues,0.001637
Middle East & North Africa,1984,Crops,7.4216050000000005
Middle East & North Africa,1984,Excavated earthen materials (including soil) nec,0
Middle East & North Africa,1984,Ferrous ores,2.23577
Middle East & North Africa,1984,Grazed biomass and fodder crops,0.003995
Middle East & North Africa,1984,Mixed / complex products nec.,0.253351
Middle East & North Africa,1984,Natural Gas,15.744895
Middle East & North Africa,1984,Non-ferrous ores,0.696381
Middle East & North Africa,1984,Non-metallic minerals - construction dominant,0.27364900000000003
Middle East & North Africa,1984,Non-metallic minerals - industrial or agricultural dominant,31.891818999999998
Middle East & North Africa,1984,Non-wild animal products,0.233898
Middle East & North Africa,1984,Other products mainly from fossil fuels e.g. plastics,0.497405
Middle East & North Africa,1984,Petroleum,512.557
Middle East & North Africa,1984,Products mainly from biomass nec.,0.289547
Middle East & North Africa,1984,Products mainly from metals nec.,0.199917
Middle East & North Africa,1984,Products mainly from non-metallic minerals,3.3759740000000003
Middle East & North Africa,1984,Refined fossil fuels mainly for fuel e.g. LPG gasoline diesel,82.472
Middle East & North Africa,1984,Waste for final treatment and disposal,0.008638
Middle East & North Africa,1984,Wild catch and harvest,0.172293
Middle East & North Africa,1984,Wood,0.20808000000000001
Middle East & North Africa,1985,Coal,0.063
Middle East & North Africa,1985,Crop Residues,0.031469
Middle East & North Africa,1985,Crops,7.003877
Middle East & North Africa,1985,Excavated earthen materials (including soil) nec,0
Middle East & North Africa,1985,Ferrous ores,0.931828
Middle East & North Africa,1985,Grazed biomass and fodder crops,0.005485
Middle East & North Africa,1985,Mixed / complex products nec.,0.208888
Middle East & North Africa,1985,Natural Gas,18.035649
Middle East & North Africa,1985,Non-ferrous ores,0.681166
Middle East & North Africa,1985,Non-metallic minerals - construction dominant,0.26756
Middle East & North Africa,1985,Non-metallic minerals - industrial or agricultural dominant,32.445147
Middle East & North Africa,1985,Non-wild animal products,0.225273
Middle East & North Africa,1985,Other products mainly from fossil fuels e.g. plastics,0.40087
Middle East & North Africa,1985,Petroleum,449.95799999999997
Middle East & North Africa,1985,Products mainly from biomass nec.,0.33061399999999996
Middle East & North Africa,1985,Products mainly from metals nec.,0.256293
Middle East & North Africa,1985,Products mainly from non-metallic minerals,3.945569
Middle East & North Africa,1985,Refined fossil fuels mainly for fuel e.g. LPG gasoline diesel,91.378
Middle East & North Africa,1985,Waste for final treatment and disposal,0.021790999999999998
Middle East & North Africa,1985,Wild catch and harvest,0.181068
Middle East & North Africa,1985,Wood,0.19305999999999998
Middle East & North Africa,1986,Coal,0.05
Middle East & North Africa,1986,Crop Residues,0.079127
Middle East & North Africa,1986,Crops,8.561004
Middle East & North Africa,1986,Excavated earthen materials (including soil) nec,0
Middle East & North Africa,1986,Ferrous ores,0.938496
Middle East & North Africa,1986,Grazed biomass and fodder crops,0.005817
Middle East & North Africa,1986,Mixed / complex products nec.,0.225583
Middle East & North Africa,1986,Natural Gas,17.621009
Middle East & North Africa,1986,Non-ferrous ores,0.7007950000000001
Middle East & North Africa,1986,Non-metallic minerals - construction dominant,0.30012
Middle East & North Africa,1986,Non-metallic minerals - industrial or agricultural dominant,32.090555
Middle East & North Africa,1986,Non-wild animal products,0.25776
Middle East & North Africa,1986,Other products mainly from fossil fuels e.g. plastics,0.394552
Middle East & North Africa,1986,Petroleum,536.955
Middle East & North Africa,1986,Products mainly from biomass nec.,0.310266
Middle East & North Africa,1986,Products mainly from metals nec.,0.164874
Middle East & North Africa,1986,Products mainly from non-metallic minerals,3.5030449999999997
Middle East & North Africa,1986,Refined fossil fuels mainly for fuel e.g. LPG gasoline diesel,98.233
Middle East & North Africa,1986,Waste for final treatment and disposal,0.009963
Middle East & North Africa,1986,Wild catch and harvest,0.188264
Middle East & North Africa,1986,Wood,0.19983900000000002
Middle East & North Africa,1987,Coal,0.02
Middle East & North Africa,1987,Crop Residues,0.084715
Middle East & North Africa,1987,Crops,9.259014
Middle East & North Africa,1987,Excavated earthen materials (including soil) nec,0
Middle East & North Africa,1987,Ferrous ores,0.90106
Middle East & North Africa,1987,Grazed biomass and fodder crops,0.013909
Middle East & North Africa,1987,Mixed / complex products nec.,0.24094000000000002
Middle East & North Africa,1987,Natural Gas,19.896266
Middle East & North Africa,1987,Non-ferrous ores,0.6323
Middle East & North Africa,1987,Non-metallic minerals - construction dominant,0.35096099999999997
Middle East & North Africa,1987,Non-metallic minerals - industrial or agricultural dominant,33.050667
Middle East & North Africa,1987,Non-wild animal products,0.282048
Middle East & North Africa,1987,Other products mainly from fossil fuels e.g. plastics,0.545081
Middle East & North Africa,1987,Petroleum,538.664
Middle East & North Africa,1987,Products mainly from biomass nec.,0.314305
Middle East & North Africa,1987,Products mainly from metals nec.,0.15698
Middle East & North Africa,1987,Products mainly from non-metallic minerals,5.502479
Middle East & North Africa,1987,Refined fossil fuels mainly for fuel e.g. LPG gasoline diesel,112.119
Middle East & North Africa,1987,Waste for final treatment and disposal,0.043408
Middle East & North Africa,1987,Wild catch and harvest,0.21460200000000001
Middle East & North Africa,1987,Wood,0.248259
Middle East & North Africa,1988,Coal,0.009
Middle East & North Africa,1988,Crop Residues,0.06433799999999999
Middle East & North Africa,1988,Crops,10.100868
Middle East & North Africa,1988,Excavated earthen materials (including soil) nec,0
Middle East & North Africa,1988,Ferrous ores,0.9155369999999999
Middle East & North Africa,1988,Grazed biomass and fodder crops,0.009092
Middle East & North Africa,1988,Mixed / complex products nec.,0.332727
Middle East & North Africa,1988,Natural Gas,23.045036999999997
Middle East & North Africa,1988,Non-ferrous ores,0.87525
Middle East & North Africa,1988,Non-metallic minerals - construction dominant,1.381767
Middle East & North Africa,1988,Non-metallic minerals - industrial or agricultural dominant,36.194454
Middle East & North Africa,1988,Non-wild animal products,0.307207
Middle East & North Africa,1988,Other products mainly from fossil fuels e.g. plastics,0.580891
Middle East & North Africa,1988,Petroleum,622.46
Middle East & North Africa,1988,Products mainly from biomass nec.,0.410177
Middle East & North Africa,1988,Products mainly from metals nec.,0.28606
Middle East & North Africa,1988,Products mainly from non-metallic minerals,9.638179
Middle East & North Africa,1988,Refined fossil fuels mainly for fuel e.g. LPG gasoline diesel,119.983
Middle East & North Africa,1988,Waste for final treatment and disposal,0.022167
Middle East & North Africa,1988,Wild catch and harvest,0.232704
Middle East & North Africa,1988,Wood,0.29601
Middle East & North Africa,1989,Coal,0.002
Middle East & North Africa,1989,Crop Residues,0.082479
Middle East & North Africa,1989,Crops,10.111084
Middle East & North Africa,1989,Excavated earthen materials (including soil) nec,0
Middle East & North Africa,1989,Ferrous ores,0.92172
Middle East & North Africa,1989,Grazed biomass and fodder crops,0.011882
Middle East & North Africa,1989,Mixed / complex products nec.,0.461515
Middle East & North Africa,1989,Natural Gas,25.730809
Middle East & North Africa,1989,Non-ferrous ores,0.909411
Middle East & North Africa,1989,Non-metallic minerals - construction dominant,1.456344
Middle East & North Africa,1989,Non-metallic minerals - industrial or agricultural dominant,36.047911
Middle East & North Africa,1989,Non-wild animal products,0.356451
Middle East & North Africa,1989,Other products mainly from fossil fuels e.g. plastics,0.822877
Middle East & North Africa,1989,Petroleum,683.841
Middle East & North Africa,1989,Products mainly from biomass nec.,0.500018
Middle East & North Africa,1989,Products mainly from metals nec.,0.43550300000000003
Middle East & North Africa,1989,Products mainly from non-metallic minerals,10.254087
Middle East & North Africa,1989,Refined fossil fuels mainly for fuel e.g. LPG gasoline diesel,128.63
Middle East & North Africa,1989,Waste for final treatment and disposal,0.02953
Middle East & North Africa,1989,Wild catch and harvest,0.223114
Middle East & North Africa,1989,Wood,0.28112
Middle East & North Africa,1990,Coal,0.008
Middle East & North Africa,1990,Crop Residues,0.100007
Middle East & North Africa,1990,Crops,9.416407
Middle East & North Africa,1990,Excavated earthen materials (including soil) nec,0
Middle East & North Africa,1990,Ferrous ores,0.966693
Middle East & North Africa,1990,Grazed biomass and fodder crops,0.009598
Middle East & North Africa,1990,Mixed / complex products nec.,0.475322
Middle East & North Africa,1990,Natural Gas,26.792434
Middle East & North Africa,1990,Non-ferrous ores,0.91116
Middle East & North Africa,1990,Non-metallic minerals - construction dominant,0.596117
Middle East & North Africa,1990,Non-metallic minerals - industrial or agricultural dominant,33.60203
Middle East & North Africa,1990,Non-wild animal products,0.371926
Middle East & North Africa,1990,Other products mainly from fossil fuels e.g. plastics,2.2308879999999998
Middle East & North Africa,1990,Petroleum,740.45
Middle East & North Africa,1990,Products mainly from biomass nec.,0.485597
Middle East & North Africa,1990,Products mainly from metals nec.,0.32356399999999996
Middle East & North Africa,1990,Products mainly from non-metallic minerals,14.054323
Middle East & North Africa,1990,Refined fossil fuels mainly for fuel e.g. LPG gasoline diesel,135.140352
Middle East & North Africa,1990,Waste for final treatment and disposal,0.034159999999999996
Middle East & North Africa,1990,Wild catch and harvest,0.23671999999999999
Middle East & North Africa,1990,Wood,0.300494
Middle East & North Africa,1991,Coal,0
Middle East & North Africa,1991,Crop Residues,0.00303
Middle East & North Africa,1991,Crops,9.378522
Middle East & North Africa,1991,Excavated earthen materials (including soil) nec,0
Middle East & North Africa,1991,Ferrous ores,1.204493
Middle East & North Africa,1991,Grazed biomass and fodder crops,0.14552299999999999
Middle East & North Africa,1991,Mixed / complex products nec.,0.526703
Middle East & North Africa,1991,Natural Gas,29.016741
Middle East & North Africa,1991,Non-ferrous ores,1.050336
Middle East & North Africa,1991,Non-metallic minerals - construction dominant,1.012146
Middle East & North Africa,1991,Non-metallic minerals - industrial or agricultural dominant,28.910431
Middle East & North Africa,1991,Non-wild animal products,0.458049
Middle East & North Africa,1991,Other products mainly from fossil fuels e.g. plastics,2.062137
Middle East & North Africa,1991,Petroleum,741.616
Middle East & North Africa,1991,Products mainly from biomass nec.,0.52608
Middle East & North Africa,1991,Products mainly from metals nec.,0.328003
Middle East & North Africa,1991,Products mainly from non-metallic minerals,13.402592
Middle East & North Africa,1991,Refined fossil fuels mainly for fuel e.g. LPG gasoline diesel,116.841222
Middle East & North Africa,1991,Waste for final treatment and disposal,0.022289
Middle East & North Africa,1991,Wild catch and harvest,0.254868
Middle East & North Africa,1991,Wood,0.275099
Middle East & North Africa,1992,Coal,0
Middle East & North Africa,1992,Crop Residues,0.001165
Middle East & North Africa,1992,Crops,10.410905
Middle East & North Africa,1992,Excavated earthen materials (including soil) nec,0
Middle East & North Africa,1992,Ferrous ores,1.534337
Middle East & North Africa,1992,Grazed biomass and fodder crops,0.132074
Middle East & North Africa,1992,Mixed / complex products nec.,0.561118
Middle East & North Africa,1992,Natural Gas,29.205752999999998
Middle East & North Africa,1992,Non-ferrous ores,1.259361
Middle East & North Africa,1992,Non-metallic minerals - construction dominant,1.161145
Middle East & North Africa,1992,Non-metallic minerals - industrial or agricultural dominant,34.41612
Middle East & North Africa,1992,Non-wild animal products,0.458554
Middle East & North Africa,1992,Other products mainly from fossil fuels e.g. plastics,3.4006239999999996
Middle East & North Africa,1992,Petroleum,780.08
Middle East & North Africa,1992,Products mainly from biomass nec.,0.569793
Middle East & North Africa,1992,Products mainly from metals nec.,0.291523
Middle East & North Africa,1992,Products mainly from non-metallic minerals,21.601912000000002
Middle East & North Africa,1992,Refined fossil fuels mainly for fuel e.g. LPG gasoline diesel,132.789222
Middle East & North Africa,1992,Waste for final treatment and disposal,0.019536
Middle East & North Africa,1992,Wild catch and harvest,0.248195
Middle East & North Africa,1992,Wood,0.725552
Middle East & North Africa,1993,Coal,0.218
Middle East & North Africa,1993,Crop Residues,8.5e-4
Middle East & North Africa,1993,Crops,10.540811
Middle East & North Africa,1993,Excavated earthen materials (including soil) nec,0
Middle East & North Africa,1993,Ferrous ores,1.281141
Middle East & North Africa,1993,Grazed biomass and fodder crops,0.15695399999999998
Middle East & North Africa,1993,Mixed / complex products nec.,0.580789
Middle East & North Africa,1993,Natural Gas,27.9942
Middle East & North Africa,1993,Non-ferrous ores,1.443932
Middle East & North Africa,1993,Non-metallic minerals - construction dominant,0.946192
Middle East & North Africa,1993,Non-metallic minerals - industrial or agricultural dominant,29.58516
Middle East & North Africa,1993,Non-wild animal products,0.447913
Middle East & North Africa,1993,Other products mainly from fossil fuels e.g. plastics,2.27524
Middle East & North Africa,1993,Petroleum,814.408
Middle East & North Africa,1993,Products mainly from biomass nec.,0.603498
Middle East & North Africa,1993,Products mainly from metals nec.,0.391708
Middle East & North Africa,1993,Products mainly from non-metallic minerals,12.540079
Middle East & North Africa,1993,Refined fossil fuels mainly for fuel e.g. LPG gasoline diesel,133.997092
Middle East & North Africa,1993,Waste for final treatment and disposal,0.018708
Middle East & North Africa,1993,Wild catch and harvest,0.306789
Middle East & North Africa,1993,Wood,0.385263
Middle East & North Africa,1994,Coal,0.03
Middle East & North Africa,1994,Crop Residues,0.011427000000000001
Middle East & North Africa,1994,Crops,11.417188
Middle East & North Africa,1994,Excavated earthen materials (including soil) nec,0
Middle East & North Africa,1994,Ferrous ores,1.3213409999999999
Middle East & North Africa,1994,Grazed biomass and fodder crops,0.238165
Middle East & North Africa,1994,Mixed / complex products nec.,0.545722
Middle East & North Africa,1994,Natural Gas,25.973416
Middle East & North Africa,1994,Non-ferrous ores,1.230213
Middle East & North Africa,1994,Non-metallic minerals - construction dominant,1.22814
Middle East & North Africa,1994,Non-metallic minerals - industrial or agricultural dominant,32.267443
Middle East & North Africa,1994,Non-wild animal products,0.46681500000000004
Middle East & North Africa,1994,Other products mainly from fossil fuels e.g. plastics,2.608223
Middle East & North Africa,1994,Petroleum,781.5559999999999
Middle East & North Africa,1994,Products mainly from biomass nec.,0.631672
Middle East & North Africa,1994,Products mainly from metals nec.,0.305624
Middle East & North Africa,1994,Products mainly from non-metallic minerals,13.988379
Middle East & North Africa,1994,Refined fossil fuels mainly for fuel e.g. LPG gasoline diesel,153.630092
Middle East & North Africa,1994,Waste for final treatment and disposal,0.020136
Middle East & North Africa,1994,Wild catch and harvest,0.29503
Middle East & North Africa,1994,Wood,0.488367
Middle East & North Africa,1995,Coal,0.012
Middle East & North Africa,1995,Crop Residues,7.72e-4
Middle East & North Africa,1995,Crops,12.335311
Middle East & North Africa,1995,Excavated earthen materials (including soil) nec,0
Middle East & North Africa,1995,Ferrous ores,1.9245269999999999
Middle East & North Africa,1995,Grazed biomass and fodder crops,0.254516
Middle East & North Africa,1995,Mixed / complex products nec.,0.837372
Middle East & North Africa,1995,Natural Gas,31.715137000000002
Middle East & North Africa,1995,Non-ferrous ores,1.5528549999999999
Middle East & North Africa,1995,Non-metallic minerals - construction dominant,1.4158730000000002
Middle East & North Africa,1995,Non-metallic minerals - industrial or agricultural dominant,33.657394000000004
Middle East & North Africa,1995,Non-wild animal products,0.525603
Middle East & North Africa,1995,Other products mainly from fossil fuels e.g. plastics,3.281565
Middle East & North Africa,1995,Petroleum,768.308
Middle East & North Africa,1995,Products mainly from biomass nec.,0.690642
Middle East & North Africa,1995,Products mainly from metals nec.,0.279926
Middle East & North Africa,1995,Products mainly from non-metallic minerals,15.944462
Middle East & North Africa,1995,Refined fossil fuels mainly for fuel e.g. LPG gasoline diesel,157.428092
Middle East & North Africa,1995,Waste for final treatment and disposal,0.04931
Middle East & North Africa,1995,Wild catch and harvest,0.29363100000000003
Middle East & North Africa,1995,Wood,0.408386
Middle East & North Africa,1996,Coal,0.014
Middle East & North Africa,1996,Crop Residues,7.53e-4
Middle East & North Africa,1996,Crops,11.579496
Middle East & North Africa,1996,Excavated earthen materials (including soil) nec,0
Middle East & North Africa,1996,Ferrous ores,1.9243000000000001
Middle East & North Africa,1996,Grazed biomass and fodder crops,0.251124
Middle East & North Africa,1996,Mixed / complex products nec.,0.768839
Middle East & North Africa,1996,Natural Gas,34.304671
Middle East & North Africa,1996,Non-ferrous ores,1.556824
Middle East & North Africa,1996,Non-metallic minerals - construction dominant,1.1487990000000001
Middle East & North Africa,1996,Non-metallic minerals - industrial or agricultural dominant,29.670547000000003
Middle East & North Africa,1996,Non-wild animal products,0.486653
Middle East & North Africa,1996,Other products mainly from fossil fuels e.g. plastics,3.604419
Middle East & North Africa,1996,Petroleum,766.4680000000001
Middle East & North Africa,1996,Products mainly from biomass nec.,0.567504
Middle East & North Africa,1996,Products mainly from metals nec.,0.360893
Middle East & North Africa,1996,Products mainly from non-metallic minerals,15.436817
Middle East & North Africa,1996,Refined fossil fuels mainly for fuel e.g. LPG gasoline diesel,178.6978
Middle East & North Africa,1996,Waste for final treatment and disposal,0.070893
Middle East & North Africa,1996,Wild catch and harvest,0.283709
Middle East & North Africa,1996,Wood,0.374566
Middle East & North Africa,1997,Coal,0.003
Middle East & North Africa,1997,Crop Residues,6.95e-4
Middle East & North Africa,1997,Crops,11.738391
Middle East & North Africa,1997,Excavated earthen materials (including soil) nec,0
Middle East & North Africa,1997,Ferrous ores,2.170814
Middle East & North Africa,1997,Grazed biomass and fodder crops,0.268932
Middle East & North Africa,1997,Mixed / complex products nec.,0.779735
Middle East & North Africa,1997,Natural Gas,46.684497
Middle East & North Africa,1997,Non-ferrous ores,1.314288
Middle East & North Africa,1997,Non-metallic minerals - construction dominant,2.072658
Middle East & North Africa,1997,Non-metallic minerals - industrial or agricultural dominant,35.410574000000004
Middle East & North Africa,1997,Non-wild animal products,0.546422
Middle East & North Africa,1997,Other products mainly from fossil fuels e.g. plastics,1.75186
Middle East & North Africa,1997,Petroleum,807.9010000000001
Middle East & North Africa,1997,Products mainly from biomass nec.,0.656563
Middle East & North Africa,1997,Products mainly from metals nec.,0.36797599999999997
Middle East & North Africa,1997,Products mainly from non-metallic minerals,10.634444
Middle East & North Africa,1997,Refined fossil fuels mainly for fuel e.g. LPG gasoline diesel,188.3072
Middle East & North Africa,1997,Waste for final treatment and disposal,0.058516000000000006
Middle East & North Africa,1997,Wild catch and harvest,0.303056
Middle East & North Africa,1997,Wood,0.472281
Middle East & North Africa,1998,Coal,0.002
Middle East & North Africa,1998,Crop Residues,6.709999999999999e-4
Middle East & North Africa,1998,Crops,13.87533
Middle East & North Africa,1998,Excavated earthen materials (including soil) nec,0
Middle East & North Africa,1998,Ferrous ores,2.481335
Middle East & North Africa,1998,Grazed biomass and fodder crops,0.307102
Middle East & North Africa,1998,Mixed / complex products nec.,1.127051
Middle East & North Africa,1998,Natural Gas,45.303464
Middle East & North Africa,1998,Non-ferrous ores,1.205598
Middle East & North Africa,1998,Non-metallic minerals - construction dominant,2.830075
Middle East & North Africa,1998,Non-metallic minerals - industrial or agricultural dominant,41.000225
Middle East & North Africa,1998,Non-wild animal products,0.584557
Middle East & North Africa,1998,Other products mainly from fossil fuels e.g. plastics,4.943991
Middle East & North Africa,1998,Petroleum,869.866
Middle East & North Africa,1998,Products mainly from biomass nec.,0.601122
Middle East & North Africa,1998,Products mainly from metals nec.,0.503945
Middle East & North Africa,1998,Products mainly from non-metallic minerals,19.020595
Middle East & North Africa,1998,Refined fossil fuels mainly for fuel e.g. LPG gasoline diesel,185.5564
Middle East & North Africa,1998,Waste for final treatment and disposal,0.079656
Middle East & North Africa,1998,Wild catch and harvest,0.306303
Middle East & North Africa,1998,Wood,0.470425
Middle East & North Africa,1999,Coal,0.067
Middle East & North Africa,1999,Crop Residues,0.093547
Middle East & North Africa,1999,Crops,13.909127
Middle East & North Africa,1999,Excavated earthen materials (including soil) nec,0
Middle East & North Africa,1999,Ferrous ores,3.5082459999999998
Middle East & North Africa,1999,Grazed biomass and fodder crops,0.067229
Middle East & North Africa,1999,Mixed / complex products nec.,1.734048
Middle East & North Africa,1999,Natural Gas,54.981691
Middle East & North Africa,1999,Non-ferrous ores,2.20541
Middle East & North Africa,1999,Non-metallic minerals - construction dominant,6.956118
Middle East & North Africa,1999,Non-metallic minerals - industrial or agricultural dominant,38.459386
Middle East & North Africa,1999,Non-wild animal products,0.52073
Middle East & North Africa,1999,Other products mainly from fossil fuels e.g. plastics,5.206631
Middle East & North Africa,1999,Petroleum,857.775007
Middle East & North Africa,1999,Products mainly from biomass nec.,0.6485879999999999
Middle East & North Africa,1999,Products mainly from metals nec.,0.658125
Middle East & North Africa,1999,Products mainly from non-metallic minerals,24.753824
Middle East & North Africa,1999,Refined fossil fuels mainly for fuel e.g. LPG gasoline diesel,193.6785
Middle East & North Africa,1999,Waste for final treatment and disposal,0.083903
Middle East & North Africa,1999,Wild catch and harvest,0.34206200000000003
Middle East & North Africa,1999,Wood,0.624258
Middle East & North Africa,2000,Coal,0.121
Middle East & North Africa,2000,Crop Residues,0.082983
Middle East & North Africa,2000,Crops,13.12161
Middle East & North Africa,2000,Excavated earthen materials (including soil) nec,0
Middle East & North Africa,2000,Ferrous ores,8.33248
Middle East & North Africa,2000,Grazed biomass and fodder crops,0.285992
Middle East & North Africa,2000,Mixed / complex products nec.,28.285134999999997
Middle East & North Africa,2000,Natural Gas,62.095290000000006
Middle East & North Africa,2000,Non-ferrous ores,2.364226
Middle East & North Africa,2000,Non-metallic minerals - construction dominant,4.357007
Middle East & North Africa,2000,Non-metallic minerals - industrial or agricultural dominant,37.068863
Middle East & North Africa,2000,Non-wild animal products,0.7277049999999999
Middle East & North Africa,2000,Other products mainly from fossil fuels e.g. plastics,5.248348
Middle East & North Africa,2000,Petroleum,878.781508
Middle East & North Africa,2000,Products mainly from biomass nec.,0.7722019999999999
Middle East & North Africa,2000,Products mainly from metals nec.,0.485354
Middle East & North Africa,2000,Products mainly from non-metallic minerals,26.818936
Middle East & North Africa,2000,Refined fossil fuels mainly for fuel e.g. LPG gasoline diesel,184.5912
Middle East & North Africa,2000,Waste for final treatment and disposal,0.134576
Middle East & North Africa,2000,Wild catch and harvest,0.396559
Middle East & North Africa,2000,Wood,0.851878
Middle East & North Africa,2001,Coal,0.272
Middle East & North Africa,2001,Crop Residues,0.010827
Middle East & North Africa,2001,Crops,14.909767
Middle East & North Africa,2001,Excavated earthen materials (including soil) nec,0
Middle East & North Africa,2001,Ferrous ores,7.778712
Middle East & North Africa,2001,Grazed biomass and fodder crops,0.029724999999999998
Middle East & North Africa,2001,Mixed / complex products nec.,66.869112
Middle East & North Africa,2001,Natural Gas,61.786229
Middle East & North Africa,2001,Non-ferrous ores,2.208086
Middle East & North Africa,2001,Non-metallic minerals - construction dominant,4.647844
Middle East & North Africa,2001,Non-metallic minerals - industrial or agricultural dominant,37.31338
Middle East & North Africa,2001,Non-wild animal products,0.85899
Middle East & North Africa,2001,Other products mainly from fossil fuels e.g. plastics,6.646774
Middle East & North Africa,2001,Petroleum,864.11591
Middle East & North Africa,2001,Products mainly from biomass nec.,0.998761
Middle East & North Africa,2001,Products mainly from metals nec.,0.581449
Middle East & North Africa,2001,Products mainly from non-metallic minerals,29.218598
Middle East & North Africa,2001,Refined fossil fuels mainly for fuel e.g. LPG gasoline diesel,175.3668
Middle East & North Africa,2001,Waste for final treatment and disposal,0.143036
Middle East & North Africa,2001,Wild catch and harvest,0.35659599999999997
Middle East & North Africa,2001,Wood,0.834699
Middle East & North Africa,2002,Coal,0.06
Middle East & North Africa,2002,Crop Residues,0.059266
Middle East & North Africa,2002,Crops,16.535687
Middle East & North Africa,2002,Excavated earthen materials (including soil) nec,0
Middle East & North Africa,2002,Ferrous ores,9.696254
Middle East & North Africa,2002,Grazed biomass and fodder crops,0.04605
Middle East & North Africa,2002,Mixed / complex products nec.,59.897083
Middle East & North Africa,2002,Natural Gas,65.19658199999999
Middle East & North Africa,2002,Non-ferrous ores,2.467657
Middle East & North Africa,2002,Non-metallic minerals - construction dominant,6.5669770000000005
Middle East & North Africa,2002,Non-metallic minerals - industrial or agricultural dominant,39.446384
Middle East & North Africa,2002,Non-wild animal products,0.970611
Middle East & North Africa,2002,Other products mainly from fossil fuels e.g. plastics,7.3985199999999995
Middle East & North Africa,2002,Petroleum,817.2766750000001
Middle East & North Africa,2002,Products mainly from biomass nec.,1.02586
Middle East & North Africa,2002,Products mainly from metals nec.,0.58213
Middle East & North Africa,2002,Products mainly from non-metallic minerals,30.913502
Middle East & North Africa,2002,Refined fossil fuels mainly for fuel e.g. LPG gasoline diesel,175.9273
Middle East & North Africa,2002,Waste for final treatment and disposal,0.175449
Middle East & North Africa,2002,Wild catch and harvest,0.412366
Middle East & North Africa,2002,Wood,1.033178
Middle East & North Africa,2003,Coal,0.059
Middle East & North Africa,2003,Crop Residues,0.041842
Middle East & North Africa,2003,Crops,18.887685
Middle East & North Africa,2003,Excavated earthen materials (including soil) nec,0
Middle East & North Africa,2003,Ferrous ores,10.43341
Middle East & North Africa,2003,Grazed biomass and fodder crops,0.123665
Middle East & North Africa,2003,Mixed / complex products nec.,72.270198
Middle East & North Africa,2003,Natural Gas,69.484337
Middle East & North Africa,2003,Non-ferrous ores,2.63586
Middle East & North Africa,2003,Non-metallic minerals - construction dominant,7.582524
Middle East & North Africa,2003,Non-metallic minerals - industrial or agricultural dominant,41.213767
Middle East & North Africa,2003,Non-wild animal products,1.363519
Middle East & North Africa,2003,Other products mainly from fossil fuels e.g. plastics,8.594854
Middle East & North Africa,2003,Petroleum,900.696133
Middle East & North Africa,2003,Products mainly from biomass nec.,1.188565
Middle East & North Africa,2003,Products mainly from metals nec.,0.617012
Middle East & North Africa,2003,Products mainly from non-metallic minerals,34.835142
Middle East & North Africa,2003,Refined fossil fuels mainly for fuel e.g. LPG gasoline diesel,181.265642
Middle East & North Africa,2003,Waste for final treatment and disposal,0.123761
Middle East & North Africa,2003,Wild catch and harvest,0.380555
Middle East & North Africa,2003,Wood,1.435146
Middle East & North Africa,2004,Coal,0.14900000000000002
Middle East & North Africa,2004,Crop Residues,0.092714
Middle East & North Africa,2004,Crops,19.354174
Middle East & North Africa,2004,Excavated earthen materials (including soil) nec,0
Middle East & North Africa,2004,Ferrous ores,12.322256
Middle East & North Africa,2004,Grazed biomass and fodder crops,0.180599
Middle East & North Africa,2004,Mixed / complex products nec.,113.037175
Middle East & North Africa,2004,Natural Gas,78.154038
Middle East & North Africa,2004,Non-ferrous ores,2.838302
Middle East & North Africa,2004,Non-metallic minerals - construction dominant,6.772746
Middle East & North Africa,2004,Non-metallic minerals - industrial or agricultural dominant,52.383952
Middle East & North Africa,2004,Non-wild animal products,1.356176
Middle East & North Africa,2004,Other products mainly from fossil fuels e.g. plastics,8.785567
Middle East & North Africa,2004,Petroleum,958.04346
Middle East & North Africa,2004,Products mainly from biomass nec.,1.394016
Middle East & North Africa,2004,Products mainly from metals nec.,1.080279
Middle East & North Africa,2004,Products mainly from non-metallic minerals,40.754957
Middle East & North Africa,2004,Refined fossil fuels mainly for fuel e.g. LPG gasoline diesel,184.981984
Middle East & North Africa,2004,Waste for final treatment and disposal,0.191942
Middle East & North Africa,2004,Wild catch and harvest,0.364258
Middle East & North Africa,2004,Wood,1.27496
Middle East & North Africa,2005,Coal,0.096
Middle East & North Africa,2005,Crop Residues,0.091451
Middle East & North Africa,2005,Crops,20.805854
Middle East & North Africa,2005,Excavated earthen materials (including soil) nec,0
Middle East & North Africa,2005,Ferrous ores,14.889453000000001
Middle East & North Africa,2005,Grazed biomass and fodder crops,0.045906
Middle East & North Africa,2005,Mixed / complex products nec.,178.099781
Middle East & North Africa,2005,Natural Gas,92.46698500000001
Middle East & North Africa,2005,Non-ferrous ores,3.862899
Middle East & North Africa,2005,Non-metallic minerals - construction dominant,18.833035
Middle East & North Africa,2005,Non-metallic minerals - industrial or agricultural dominant,46.895199999999996
Middle East & North Africa,2005,Non-wild animal products,1.530411
Middle East & North Africa,2005,Other products mainly from fossil fuels e.g. plastics,11.890237
Middle East & North Africa,2005,Petroleum,994.90302
Middle East & North Africa,2005,Products mainly from biomass nec.,1.63231
Middle East & North Africa,2005,Products mainly from metals nec.,2.426018
Middle East & North Africa,2005,Products mainly from non-metallic minerals,46.236154
Middle East & North Africa,2005,Refined fossil fuels mainly for fuel e.g. LPG gasoline diesel,185.533635
Middle East & North Africa,2005,Waste for final treatment and disposal,0.179591
Middle East & North Africa,2005,Wild catch and harvest,0.410246
Middle East & North Africa,2005,Wood,1.328329
Middle East & North Africa,2006,Coal,0.14
Middle East & North Africa,2006,Crop Residues,0.09808499999999999
Middle East & North Africa,2006,Crops,22.4982
Middle East & North Africa,2006,Excavated earthen materials (including soil) nec,0
Middle East & North Africa,2006,Ferrous ores,16.908138
Middle East & North Africa,2006,Grazed biomass and fodder crops,0.061924
Middle East & North Africa,2006,Mixed / complex products nec.,36.703345999999996
Middle East & North Africa,2006,Natural Gas,103.127713
Middle East & North Africa,2006,Non-ferrous ores,3.96562
Middle East & North Africa,2006,Non-metallic minerals - construction dominant,7.3497189999999994
Middle East & North Africa,2006,Non-metallic minerals - industrial or agricultural dominant,50.773931
Middle East & North Africa,2006,Non-wild animal products,1.661417
Middle East & North Africa,2006,Other products mainly from fossil fuels e.g. plastics,12.380426
Middle East & North Africa,2006,Petroleum,1002.274
Middle East & North Africa,2006,Products mainly from biomass nec.,1.923879
Middle East & North Africa,2006,Products mainly from metals nec.,1.564375
Middle East & North Africa,2006,Products mainly from non-metallic minerals,45.239601
Middle East & North Africa,2006,Refined fossil fuels mainly for fuel e.g. LPG gasoline diesel,182.243913
Middle East & North Africa,2006,Waste for final treatment and disposal,0.170615
Middle East & North Africa,2006,Wild catch and harvest,0.491289
Middle East & North Africa,2006,Wood,1.466693
Middle East & North Africa,2007,Coal,0.055900000000000005
Middle East & North Africa,2007,Crop Residues,0.114224
Middle East & North Africa,2007,Crops,24.744121
Middle East & North Africa,2007,Excavated earthen materials (including soil) nec,0
Middle East & North Africa,2007,Ferrous ores,9.786551
Middle East & North Africa,2007,Grazed biomass and fodder crops,0.055652
Middle East & North Africa,2007,Mixed / complex products nec.,140.243911
Middle East & North Africa,2007,Natural Gas,109.16229799999999
Middle East & North Africa,2007,Non-ferrous ores,3.727518
Middle East & North Africa,2007,Non-metallic minerals - construction dominant,35.109171
Middle East & North Africa,2007,Non-metallic minerals - industrial or agricultural dominant,49.265975
Middle East & North Africa,2007,Non-wild animal products,2.01161
Middle East & North Africa,2007,Other products mainly from fossil fuels e.g. plastics,14.148768
Middle East & North Africa,2007,Petroleum,1013.032866
Middle East & North Africa,2007,Products mainly from biomass nec.,2.303335
Middle East & North Africa,2007,Products mainly from metals nec.,3.088009
Middle East & North Africa,2007,Products mainly from non-metallic minerals,49.258612
Middle East & North Africa,2007,Refined fossil fuels mainly for fuel e.g. LPG gasoline diesel,175.06545
Middle East & North Africa,2007,Waste for final treatment and disposal,0.267835
Middle East & North Africa,2007,Wild catch and harvest,0.472758
Middle East & North Africa,2007,Wood,1.668687
Middle East & North Africa,2008,Coal,0.05
Middle East & North Africa,2008,Crop Residues,0.104838
Middle East & North Africa,2008,Crops,22.360448
Middle East & North Africa,2008,Excavated earthen materials (including soil) nec,0
Middle East & North Africa,2008,Ferrous ores,11.747097
Middle East & North Africa,2008,Grazed biomass and fodder crops,0.064015
Middle East & North Africa,2008,Mixed / complex products nec.,64.303624
Middle East & North Africa,2008,Natural Gas,123.281724
Middle East & North Africa,2008,Non-ferrous ores,4.74922
Middle East & North Africa,2008,Non-metallic minerals - construction dominant,33.177274
Middle East & North Africa,2008,Non-metallic minerals - industrial or agricultural dominant,49.568421
Middle East & North Africa,2008,Non-wild animal products,2.204739
Middle East & North Africa,2008,Other products mainly from fossil fuels e.g. plastics,14.50501
Middle East & North Africa,2008,Petroleum,1044.195729
Middle East & North Africa,2008,Products mainly from biomass nec.,2.445113
Middle East & North Africa,2008,Products mainly from metals nec.,3.27386
Middle East & North Africa,2008,Products mainly from non-metallic minerals,51.779052
Middle East & North Africa,2008,Refined fossil fuels mainly for fuel e.g. LPG gasoline diesel,177.324357
Middle East & North Africa,2008,Waste for final treatment and disposal,0.27879
Middle East & North Africa,2008,Wild catch and harvest,0.527282
Middle East & North Africa,2008,Wood,1.7286139999999999
Middle East & North Africa,2009,Coal,0.004399999999999999
Middle East & North Africa,2009,Crop Residues,0.11353100000000001
Middle East & North Africa,2009,Crops,22.130121
Middle East & North Africa,2009,Excavated earthen materials (including soil) nec,0
Middle East & North Africa,2009,Ferrous ores,8.25426
Middle East & North Africa,2009,Grazed biomass and fodder crops,0.10284399999999999
Middle East & North Africa,2009,Mixed / complex products nec.,28.002672
Middle East & North Africa,2009,Natural Gas,134.516876
Middle East & North Africa,2009,Non-ferrous ores,3.133785
Middle East & North Africa,2009,Non-metallic minerals - construction dominant,8.171067
Middle East & North Africa,2009,Non-metallic minerals - industrial or agricultural dominant,39.164211
Middle East & North Africa,2009,Non-wild animal products,2.182142
Middle East & North Africa,2009,Other products mainly from fossil fuels e.g. plastics,14.762446
Middle East & North Africa,2009,Petroleum,933.520705
Middle East & North Africa,2009,Products mainly from biomass nec.,2.330269
Middle East & North Africa,2009,Products mainly from metals nec.,1.345744
Middle East & North Africa,2009,Products mainly from non-metallic minerals,47.865063
Middle East & North Africa,2009,Refined fossil fuels mainly for fuel e.g. LPG gasoline diesel,177.695424
Middle East & North Africa,2009,Waste for final treatment and disposal,0.164179
Middle East & North Africa,2009,Wild catch and harvest,0.578093
Middle East & North Africa,2009,Wood,1.753114
Middle East & North Africa,2010,Coal,0.0189
Middle East & North Africa,2010,Crop Residues,0.079372
Middle East & North Africa,2010,Crops,29.379521
Middle East & North Africa,2010,Excavated earthen materials (including soil) nec,0
Middle East & North Africa,2010,Ferrous ores,32.808677
Middle East & North Africa,2010,Grazed biomass and fodder crops,0.050756
Middle East & North Africa,2010,Mixed / complex products nec.,42.680839
Middle East & North Africa,2010,Natural Gas,153.826145
Middle East & North Africa,2010,Non-ferrous ores,5.836649
Middle East & North Africa,2010,Non-metallic minerals - construction dominant,14.139675
Middle East & North Africa,2010,Non-metallic minerals - industrial or agricultural dominant,61.213174
Middle East & North Africa,2010,Non-wild animal products,2.499457
Middle East & North Africa,2010,Other products mainly from fossil fuels e.g. plastics,21.261336
Middle East & North Africa,2010,Petroleum,940.684223
Middle East & North Africa,2010,Products mainly from biomass nec.,2.908719
Middle East & North Africa,2010,Products mainly from metals nec.,1.49713
Middle East & North Africa,2010,Products mainly from non-metallic minerals,71.39232
Middle East & North Africa,2010,Refined fossil fuels mainly for fuel e.g. LPG gasoline diesel,188.78665800000002
Middle East & North Africa,2010,Waste for final treatment and disposal,0.326621
Middle East & North Africa,2010,Wild catch and harvest,0.575813
Middle East & North Africa,2010,Wood,2.197299
Middle East & North Africa,2011,Coal,0.0112
Middle East & North Africa,2011,Crop Residues,0.318979
Middle East & North Africa,2011,Crops,28.015997
Middle East & North Africa,2011,Excavated earthen materials (including soil) nec,0
Middle East & North Africa,2011,Ferrous ores,38.981779
Middle East & North Africa,2011,Grazed biomass and fodder crops,0.085564
Middle East & North Africa,2011,Mixed / complex products nec.,58.65731
Middle East & North Africa,2011,Natural Gas,158.699378
Middle East & North Africa,2011,Non-ferrous ores,5.880646
Middle East & North Africa,2011,Non-metallic minerals - construction dominant,16.88821
Middle East & North Africa,2011,Non-metallic minerals - industrial or agricultural dominant,62.055489
Middle East & North Africa,2011,Non-wild animal products,2.568091
Middle East & North Africa,2011,Other products mainly from fossil fuels e.g. plastics,21.271209
Middle East & North Africa,2011,Petroleum,988.348572
Middle East & North Africa,2011,Products mainly from biomass nec.,2.764649
Middle East & North Africa,2011,Products mainly from metals nec.,1.44818
Middle East & North Africa,2011,Products mainly from non-metallic minerals,70.415897
Middle East & North Africa,2011,Refined fossil fuels mainly for fuel e.g. LPG gasoline diesel,181.85135599999998
Middle East & North Africa,2011,Waste for final treatment and disposal,0.35932600000000003
Middle East & North Africa,2011,Wild catch and harvest,0.534747
Middle East & North Africa,2011,Wood,2.045377
Middle East & North Africa,2012,Coal,0.39238
Middle East & North Africa,2012,Crop Residues,0.275551
Middle East & North Africa,2012,Crops,23.975044
Middle East & North Africa,2012,Excavated earthen materials (including soil) nec,0
Middle East & North Africa,2012,Ferrous ores,18.706594
Middle East & North Africa,2012,Grazed biomass and fodder crops,0.099039
Middle East & North Africa,2012,Mixed / complex products nec.,87.391988
Middle East & North Africa,2012,Natural Gas,159.82569800000002
Middle East & North Africa,2012,Non-ferrous ores,6.346038
Middle East & North Africa,2012,Non-metallic minerals - construction dominant,62.400717
Middle East & North Africa,2012,Non-metallic minerals - industrial or agricultural dominant,49.26148
Middle East & North Africa,2012,Non-wild animal products,2.76419
Middle East & North Africa,2012,Other products mainly from fossil fuels e.g. plastics,22.075971
Middle East & North Africa,2012,Petroleum,1029.835945
Middle East & North Africa,2012,Products mainly from biomass nec.,2.905417
Middle East & North Africa,2012,Products mainly from metals nec.,4.064473
Middle East & North Africa,2012,Products mainly from non-metallic minerals,63.048161
Middle East & North Africa,2012,Refined fossil fuels mainly for fuel e.g. LPG gasoline diesel,184.538185
Middle East & North Africa,2012,Waste for final treatment and disposal,0.48691999999999996
Middle East & North Africa,2012,Wild catch and harvest,0.610493
Middle East & North Africa,2012,Wood,2.372385
Middle East & North Africa,2013,Coal,0.309583
Middle East & North Africa,2013,Crop Residues,0.29790500000000003
Middle East & North Africa,2013,Crops,27.301249
Middle East & North Africa,2013,Excavated earthen materials (including soil) nec,0
Middle East & North Africa,2013,Ferrous ores,51.243621
Middle East & North Africa,2013,Grazed biomass and fodder crops,0.10698300000000001
Middle East & North Africa,2013,Mixed / complex products nec.,60.181947
Middle East & North Africa,2013,Natural Gas,159.810066
Middle East & North Africa,2013,Non-ferrous ores,9.599499
Middle East & North Africa,2013,Non-metallic minerals - construction dominant,76.310325
Middle East & North Africa,2013,Non-metallic minerals - industrial or agricultural dominant,60.467939
Middle East & North Africa,2013,Non-wild animal products,3.325684
Middle East & North Africa,2013,Other products mainly from fossil fuels e.g. plastics,29.571725
Middle East & North Africa,2013,Petroleum,1016.101808
Middle East & North Africa,2013,Products mainly from biomass nec.,3.214898
Middle East & North Africa,2013,Products mainly from metals nec.,3.936639
Middle East & North Africa,2013,Products mainly from non-metallic minerals,95.667946
Middle East & North Africa,2013,Refined fossil fuels mainly for fuel e.g. LPG gasoline diesel,192.75205
Middle East & North Africa,2013,Waste for final treatment and disposal,0.40291899999999997
Middle East & North Africa,2013,Wild catch and harvest,0.726345
Middle East & North Africa,2013,Wood,2.457712
Middle East & North Africa,2014,Coal,0.20762599999999998
Middle East & North Africa,2014,Crop Residues,0.195524
Middle East & North Africa,2014,Crops,30.578364
Middle East & North Africa,2014,Excavated earthen materials (including soil) nec,0
Middle East & North Africa,2014,Ferrous ores,40.093044
Middle East & North Africa,2014,Grazed biomass and fodder crops,0.12161
Middle East & North Africa,2014,Mixed / complex products nec.,74.03707
Middle East & North Africa,2014,Natural Gas,153.172368
Middle East & North Africa,2014,Non-ferrous ores,9.235936
Middle East & North Africa,2014,Non-metallic minerals - construction dominant,78.511565
Middle East & North Africa,2014,Non-metallic minerals - industrial or agricultural dominant,53.90778
Middle East & North Africa,2014,Non-wild animal products,3.9232329999999997
Middle East & North Africa,2014,Other products mainly from fossil fuels e.g. plastics,28.581896999999998
Middle East & North Africa,2014,Petroleum,967.746608
Middle East & North Africa,2014,Products mainly from biomass nec.,3.6446330000000002
Middle East & North Africa,2014,Products mainly from metals nec.,4.2590889999999995
Middle East & North Africa,2014,Products mainly from non-metallic minerals,98.997468
Middle East & North Africa,2014,Refined fossil fuels mainly for fuel e.g. LPG gasoline diesel,203.018047
Middle East & North Africa,2014,Waste for final treatment and disposal,0.438641
Middle East & North Africa,2014,Wild catch and harvest,0.689166
Middle East & North Africa,2014,Wood,2.646858
Middle East & North Africa,2015,Coal,0.18484799999999998
Middle East & North Africa,2015,Crop Residues,0.23368
Middle East & North Africa,2015,Crops,30.350785
Middle East & North Africa,2015,Excavated earthen materials (including soil) nec,0
Middle East & North Africa,2015,Ferrous ores,33.597405
Middle East & North Africa,2015,Grazed biomass and fodder crops,0.111145
Middle East & North Africa,2015,Mixed / complex products nec.,165.653163
Middle East & North Africa,2015,Natural Gas,154.055024
Middle East & North Africa,2015,Non-ferrous ores,9.891637
Middle East & North Africa,2015,Non-metallic minerals - construction dominant,79.19095999999999
Middle East & North Africa,2015,Non-metallic minerals - industrial or agricultural dominant,51.218713
Middle East & North Africa,2015,Non-wild animal products,3.706633
Middle East & North Africa,2015,Other products mainly from fossil fuels e.g. plastics,28.642596
Middle East & North Africa,2015,Petroleum,988.4726499999999
Middle East & North Africa,2015,Products mainly from biomass nec.,3.301319
Middle East & North Africa,2015,Products mainly from metals nec.,4.505573
Middle East & North Africa,2015,Products mainly from non-metallic minerals,88.71655
Middle East & North Africa,2015,Refined fossil fuels mainly for fuel e.g. LPG gasoline diesel,226.789412
Middle East & North Africa,2015,Waste for final treatment and disposal,0.404265
Middle East & North Africa,2015,Wild catch and harvest,0.78259
Middle East & North Africa,2015,Wood,2.582608
Middle East & North Africa,2016,Coal,0.10452399999999999
Middle East & North Africa,2016,Crop Residues,0.205655
Middle East & North Africa,2016,Crops,31.328984000000002
Middle East & North Africa,2016,Excavated earthen materials (including soil) nec,0
Middle East & North Africa,2016,Ferrous ores,47.689127
Middle East & North Africa,2016,Grazed biomass and fodder crops,0.110764
Middle East & North Africa,2016,Mixed / complex products nec.,120.305285
Middle East & North Africa,2016,Natural Gas,163.518525
Middle East & North Africa,2016,Non-ferrous ores,11.463535
Middle East & North Africa,2016,Non-metallic minerals - construction dominant,97.785385
Middle East & North Africa,2016,Non-metallic minerals - industrial or agricultural dominant,57.231308
Middle East & North Africa,2016,Non-wild animal products,3.75731
Middle East & North Africa,2016,Other products mainly from fossil fuels e.g. plastics,31.793177
Middle East & North Africa,2016,Petroleum,1104.9059
Middle East & North Africa,2016,Products mainly from biomass nec.,3.871171
Middle East & North Africa,2016,Products mainly from metals nec.,4.309233
Middle East & North Africa,2016,Products mainly from non-metallic minerals,90.579179
Middle East & North Africa,2016,Refined fossil fuels mainly for fuel e.g. LPG gasoline diesel,238.237211
Middle East & North Africa,2016,Waste for final treatment and disposal,0.430543
Middle East & North Africa,2016,Wild catch and harvest,0.883823
Middle East & North Africa,2016,Wood,2.952505
Middle East & North Africa,2017,Coal,0.07179500000000001
Middle East & North Africa,2017,Crop Residues,0.312473
Middle East & North Africa,2017,Crops,32.699797
Middle East & North Africa,2017,Excavated earthen materials (including soil) nec,0
Middle East & North Africa,2017,Ferrous ores,53.988614
Middle East & North Africa,2017,Grazed biomass and fodder crops,0.162397
Middle East & North Africa,2017,Mixed / complex products nec.,266.627492
Middle East & North Africa,2017,Natural Gas,166.03212100000002
Middle East & North Africa,2017,Non-ferrous ores,11.748142
Middle East & North Africa,2017,Non-metallic minerals - construction dominant,97.183745
Middle East & North Africa,2017,Non-metallic minerals - industrial or agricultural dominant,63.379049
Middle East & North Africa,2017,Non-wild animal products,3.851602
Middle East & North Africa,2017,Other products mainly from fossil fuels e.g. plastics,33.174831
Middle East & North Africa,2017,Petroleum,1083.868375
Middle East & North Africa,2017,Products mainly from biomass nec.,3.854909
Middle East & North Africa,2017,Products mainly from metals nec.,5.071197
Middle East & North Africa,2017,Products mainly from non-metallic minerals,81.22698
Middle East & North Africa,2017,Refined fossil fuels mainly for fuel e.g. LPG gasoline diesel,239.015796
Middle East & North Africa,2017,Waste for final treatment and disposal,0.59576
Middle East & North Africa,2017,Wild catch and harvest,0.913011
Middle East & North Africa,2017,Wood,3.3402279999999998
Middle East & North Africa,2018,Coal,0.187724
Middle East & North Africa,2018,Crop Residues,0.414041
Middle East & North Africa,2018,Crops,35.029513
Middle East & North Africa,2018,Excavated earthen materials (including soil) nec,0
Middle East & North Africa,2018,Ferrous ores,49.525541000000004
Middle East & North Africa,2018,Grazed biomass and fodder crops,0.179393
Middle East & North Africa,2018,Mixed / complex products nec.,291.831631
Middle East & North Africa,2018,Natural Gas,161.360188
Middle East & North Africa,2018,Non-ferrous ores,11.512501
Middle East & North Africa,2018,Non-metallic minerals - construction dominant,115.696641
Middle East & North Africa,2018,Non-metallic minerals - industrial or agricultural dominant,61.839095
Middle East & North Africa,2018,Non-wild animal products,4.002088
Middle East & North Africa,2018,Other products mainly from fossil fuels e.g. plastics,34.320218
Middle East & North Africa,2018,Petroleum,1089.513677
Middle East & North Africa,2018,Products mainly from biomass nec.,4.393085
Middle East & North Africa,2018,Products mainly from metals nec.,5.10931
Middle East & North Africa,2018,Products mainly from non-metallic minerals,99.28941400000001
Middle East & North Africa,2018,Refined fossil fuels mainly for fuel e.g. LPG gasoline diesel,262.154983
Middle East & North Africa,2018,Waste for final treatment and disposal,0.612945
Middle East & North Africa,2018,Wild catch and harvest,1.1425159999999999
Middle East & North Africa,2018,Wood,3.349474
Middle East & North Africa,2019,Coal,0.195757
Middle East & North Africa,2019,Crop Residues,0.44527
Middle East & North Africa,2019,Crops,34.076351
Middle East & North Africa,2019,Excavated earthen materials (including soil) nec,0
Middle East & North Africa,2019,Ferrous ores,48.752502
Middle East & North Africa,2019,Grazed biomass and fodder crops,0.185692
Middle East & North Africa,2019,Mixed / complex products nec.,277.37515
Middle East & North Africa,2019,Natural Gas,165.126134
Middle East & North Africa,2019,Non-ferrous ores,11.460077
Middle East & North Africa,2019,Non-metallic minerals - construction dominant,110.109481
Middle East & North Africa,2019,Non-metallic minerals - industrial or agricultural dominant,62.955214
Middle East & North Africa,2019,Non-wild animal products,4.150267
Middle East & North Africa,2019,Other products mainly from fossil fuels e.g. plastics,35.656299
Middle East & North Africa,2019,Petroleum,1028.193231
Middle East & North Africa,2019,Products mainly from biomass nec.,4.160497
Middle East & North Africa,2019,Products mainly from metals nec.,4.751547
Middle East & North Africa,2019,Products mainly from non-metallic minerals,100.973631
Middle East & North Africa,2019,Refined fossil fuels mainly for fuel e.g. LPG gasoline diesel,218.607121
Middle East & North Africa,2019,Waste for final treatment and disposal,0.6200370000000001
Middle East & North Africa,2019,Wild catch and harvest,1.09393
Middle East & North Africa,2019,Wood,2.748698
Middle East & North Africa,2020,Coal,0.12216199999999999
Middle East & North Africa,2020,Crop Residues,0.5317270000000001
Middle East & North Africa,2020,Crops,33.035403
Middle East & North Africa,2020,Excavated earthen materials (including soil) nec,0
Middle East & North Africa,2020,Ferrous ores,49.060504
Middle East & North Africa,2020,Grazed biomass and fodder crops,0.2374
Middle East & North Africa,2020,Mixed / complex products nec.,274.599868
Middle East & North Africa,2020,Natural Gas,161.272386
Middle East & North Africa,2020,Non-ferrous ores,11.358361
Middle East & North Africa,2020,Non-metallic minerals - construction dominant,108.757502
Middle East & North Africa,2020,Non-metallic minerals - industrial or agricultural dominant,61.134145
Middle East & North Africa,2020,Non-wild animal products,4.262256
Middle East & North Africa,2020,Other products mainly from fossil fuels e.g. plastics,34.280219
Middle East & North Africa,2020,Petroleum,920.656525
Middle East & North Africa,2020,Products mainly from biomass nec.,4.109495
Middle East & North Africa,2020,Products mainly from metals nec.,4.699526
Middle East & North Africa,2020,Products mainly from non-metallic minerals,98.371599
Middle East & North Africa,2020,Refined fossil fuels mainly for fuel e.g. LPG gasoline diesel,212.823248
Middle East & North Africa,2020,Waste for final treatment and disposal,0.612167
Middle East & North Africa,2020,Wild catch and harvest,1.153884
Middle East & North Africa,2020,Wood,2.573378
Middle East & North Africa,2021,Coal,0.149036
Middle East & North Africa,2021,Crop Residues,0.651292
Middle East & North Africa,2021,Crops,34.846531999999996
Middle East & North Africa,2021,Excavated earthen materials (including soil) nec,0
Middle East & North Africa,2021,Ferrous ores,50.355137
Middle East & North Africa,2021,Grazed biomass and fodder crops,0.200682
Middle East & North Africa,2021,Mixed / complex products nec.,278.21261400000003
Middle East & North Africa,2021,Natural Gas,170.099313
Middle East & North Africa,2021,Non-ferrous ores,11.683254
Middle East & North Africa,2021,Non-metallic minerals - construction dominant,112.57145
Middle East & North Africa,2021,Non-metallic minerals - industrial or agricultural dominant,63.725721
Middle East & North Africa,2021,Non-wild animal products,3.856292
Middle East & North Africa,2021,Other products mainly from fossil fuels e.g. plastics,35.020069
Middle East & North Africa,2021,Petroleum,913.292651
Middle East & North Africa,2021,Products mainly from biomass nec.,4.1810279999999995
Middle East & North Africa,2021,Products mainly from metals nec.,4.79789
Middle East & North Africa,2021,Products mainly from non-metallic minerals,100.900165
Middle East & North Africa,2021,Refined fossil fuels mainly for fuel e.g. LPG gasoline diesel,178.699671
Middle East & North Africa,2021,Waste for final treatment and disposal,0.623294
Middle East & North Africa,2021,Wild catch and harvest,1.202094
Middle East & North Africa,2021,Wood,3.1488050000000003
Middle East & North Africa,2022,Coal,0.14919300000000002
Middle East & North Africa,2022,Crop Residues,0.657772
Middle East & North Africa,2022,Crops,35.182776
Middle East & North Africa,2022,Excavated earthen materials (including soil) nec,0
Middle East & North Africa,2022,Ferrous ores,51.073192
Middle East & North Africa,2022,Grazed biomass and fodder crops,0.202698
Middle East & North Africa,2022,Mixed / complex products nec.,281.499456
Middle East & North Africa,2022,Natural Gas,170.704735
Middle East & North Africa,2022,Non-ferrous ores,11.849597
Middle East & North Africa,2022,Non-metallic minerals - construction dominant,116.826524
Middle East & North Africa,2022,Non-metallic minerals - industrial or agricultural dominant,65.82961900000001
Middle East & North Africa,2022,Non-wild animal products,3.8887270000000003
Middle East & North Africa,2022,Other products mainly from fossil fuels e.g. plastics,35.525648000000004
Middle East & North Africa,2022,Petroleum,927.869983
Middle East & North Africa,2022,Products mainly from biomass nec.,4.220835
Middle East & North Africa,2022,Products mainly from metals nec.,4.863229
Middle East & North Africa,2022,Products mainly from non-metallic minerals,104.51856000000001
Middle East & North Africa,2022,Refined fossil fuels mainly for fuel e.g. LPG gasoline diesel,180.809233
Middle East & North Africa,2022,Waste for final treatment and disposal,0.632574
Middle East & North Africa,2022,Wild catch and harvest,1.265574
Middle East & North Africa,2022,Wood,3.16741
Middle East & North Africa,2023,Coal,0.14922000000000002
Middle East & North Africa,2023,Crop Residues,0.666088
Middle East & North Africa,2023,Crops,35.632468
Middle East & North Africa,2023,Excavated earthen materials (including soil) nec,0
Middle East & North Africa,2023,Ferrous ores,51.931884000000004
Middle East & North Africa,2023,Grazed biomass and fodder crops,0.204329
Middle East & North Africa,2023,Mixed / complex products nec.,283.96382900000003
Middle East & North Africa,2023,Natural Gas,170.888004
Middle East & North Africa,2023,Non-ferrous ores,12.037829
Middle East & North Africa,2023,Non-metallic minerals - construction dominant,119.616292
Middle East & North Africa,2023,Non-metallic minerals - industrial or agricultural dominant,67.527338
Middle East & North Africa,2023,Non-wild animal products,3.915398
Middle East & North Africa,2023,Other products mainly from fossil fuels e.g. plastics,36.077582
Middle East & North Africa,2023,Petroleum,941.085485
Middle East & North Africa,2023,Products mainly from biomass nec.,4.254512
Middle East & North Africa,2023,Products mainly from metals nec.,4.927607
Middle East & North Africa,2023,Products mainly from non-metallic minerals,107.148106
Middle East & North Africa,2023,Refined fossil fuels mainly for fuel e.g. LPG gasoline diesel,182.62283299999999
Middle East & North Africa,2023,Waste for final treatment and disposal,0.640241
Middle East & North Africa,2023,Wild catch and harvest,1.314358
Middle East & North Africa,2023,Wood,3.1843559999999997
Middle East & North Africa,2024,Coal,0.149269
Middle East & North Africa,2024,Crop Residues,0.6743450000000001
Middle East & North Africa,2024,Crops,36.183122
Middle East & North Africa,2024,Excavated earthen materials (including soil) nec,0
Middle East & North Africa,2024,Ferrous ores,52.826827
Middle East & North Africa,2024,Grazed biomass and fodder crops,0.206246
Middle East & North Africa,2024,Mixed / complex products nec.,286.402208
Middle East & North Africa,2024,Natural Gas,171.000334
Middle East & North Africa,2024,Non-ferrous ores,12.227566
Middle East & North Africa,2024,Non-metallic minerals - construction dominant,122.84039299999999
Middle East & North Africa,2024,Non-metallic minerals - industrial or agricultural dominant,69.457891
Middle East & North Africa,2024,Non-wild animal products,3.944079
Middle East & North Africa,2024,Other products mainly from fossil fuels e.g. plastics,36.668518
Middle East & North Africa,2024,Petroleum,952.846603
Middle East & North Africa,2024,Products mainly from biomass nec.,4.292509
Middle East & North Africa,2024,Products mainly from metals nec.,4.989342
Middle East & North Africa,2024,Products mainly from non-metallic minerals,110.104739
Middle East & North Africa,2024,Refined fossil fuels mainly for fuel e.g. LPG gasoline diesel,184.313951
Middle East & North Africa,2024,Waste for final treatment and disposal,0.648279
Middle East & North Africa,2024,Wild catch and harvest,1.355808
Middle East & North Africa,2024,Wood,3.2074320000000003
North America,1970,Coal,69.05999999999999
North America,1970,Crop Residues,0.131404
North America,1970,Crops,78.088678
North America,1970,Excavated earthen materials (including soil) nec,0
North America,1970,Ferrous ores,39.561152
North America,1970,Grazed biomass and fodder crops,0.35911699999999996
North America,1970,Mixed / complex products nec.,1.615265
North America,1970,Natural Gas,15.839285
North America,1970,Non-ferrous ores,4.841915
North America,1970,Non-metallic minerals - construction dominant,4.321779
North America,1970,Non-metallic minerals - industrial or agricultural dominant,19.286017
North America,1970,Non-wild animal products,2.798477
North America,1970,Other products mainly from fossil fuels e.g. plastics,1.572265
North America,1970,Petroleum,33.453
North America,1970,Products mainly from biomass nec.,2.097982
North America,1970,Products mainly from metals nec.,7.7961409999999995
North America,1970,Products mainly from non-metallic minerals,7.466146
North America,1970,Refined fossil fuels mainly for fuel e.g. LPG gasoline diesel,10.343
North America,1970,Waste for final treatment and disposal,0.01821
North America,1970,Wild catch and harvest,0
North America,1970,Wood,47.135605999999996
North America,1971,Coal,59.001999999999995
North America,1971,Crop Residues,0.09888
North America,1971,Crops,78.12869
North America,1971,Excavated earthen materials (including soil) nec,0
North America,1971,Ferrous ores,41.787482999999995
North America,1971,Grazed biomass and fodder crops,0.35360199999999997
North America,1971,Mixed / complex products nec.,1.830547
North America,1971,Natural Gas,18.484456
North America,1971,Non-ferrous ores,4.8147210000000005
North America,1971,Non-metallic minerals - construction dominant,4.326396
North America,1971,Non-metallic minerals - industrial or agricultural dominant,19.626207
North America,1971,Non-wild animal products,3.000948
North America,1971,Other products mainly from fossil fuels e.g. plastics,1.9039949999999999
North America,1971,Petroleum,36.248
North America,1971,Products mainly from biomass nec.,2.2942020000000003
North America,1971,Products mainly from metals nec.,7.886191
North America,1971,Products mainly from non-metallic minerals,10.663049000000001
North America,1971,Refined fossil fuels mainly for fuel e.g. LPG gasoline diesel,10.834999999999999
North America,1971,Waste for final treatment and disposal,0.07178
North America,1971,Wild catch and harvest,0
North America,1971,Wood,44.849085
North America,1972,Coal,59.198
North America,1972,Crop Residues,0.11304600000000001
North America,1972,Crops,95.95498699999999
North America,1972,Excavated earthen materials (including soil) nec,0
North America,1972,Ferrous ores,35.804106000000004
North America,1972,Grazed biomass and fodder crops,0.273572
North America,1972,Mixed / complex products nec.,1.963686
North America,1972,Natural Gas,20.273249
North America,1972,Non-ferrous ores,4.252824
North America,1972,Non-metallic minerals - construction dominant,4.966453
North America,1972,Non-metallic minerals - industrial or agricultural dominant,25.701914000000002
North America,1972,Non-wild animal products,2.8148
North America,1972,Other products mainly from fossil fuels e.g. plastics,2.081676
North America,1972,Petroleum,45.784000000000006
North America,1972,Products mainly from biomass nec.,3.4038690000000003
North America,1972,Products mainly from metals nec.,8.002516
North America,1972,Products mainly from non-metallic minerals,10.533659
North America,1972,Refined fossil fuels mainly for fuel e.g. LPG gasoline diesel,13.471
North America,1972,Waste for final treatment and disposal,0.063413
North America,1972,Wild catch and harvest,0
North America,1972,Wood,49.64492
North America,1973,Coal,59.554
North America,1973,Crop Residues,0.10503499999999999
North America,1973,Crops,125.667885
North America,1973,Excavated earthen materials (including soil) nec,0
North America,1973,Ferrous ores,46.692913
North America,1973,Grazed biomass and fodder crops,0.24048200000000003
North America,1973,Mixed / complex products nec.,2.312506
North America,1973,Natural Gas,20.575656
North America,1973,Non-ferrous ores,5.3118
North America,1973,Non-metallic minerals - construction dominant,5.181008
North America,1973,Non-metallic minerals - industrial or agricultural dominant,28.061763
North America,1973,Non-wild animal products,2.963227
North America,1973,Other products mainly from fossil fuels e.g. plastics,2.658615
North America,1973,Petroleum,54.477000000000004
North America,1973,Products mainly from biomass nec.,4.017656
North America,1973,Products mainly from metals nec.,10.329006
North America,1973,Products mainly from non-metallic minerals,12.54855
North America,1973,Refined fossil fuels mainly for fuel e.g. LPG gasoline diesel,14.824
North America,1973,Waste for final treatment and disposal,0.104052
North America,1973,Wild catch and harvest,0
North America,1973,Wood,52.489468
North America,1974,Coal,65.80799999999999
North America,1974,Crop Residues,0.18842399999999998
North America,1974,Crops,105.62013
North America,1974,Excavated earthen materials (including soil) nec,0
North America,1974,Ferrous ores,48.156886
North America,1974,Grazed biomass and fodder crops,0.214964
North America,1974,Mixed / complex products nec.,2.90674
North America,1974,Natural Gas,19.285704
North America,1974,Non-ferrous ores,5.42709
North America,1974,Non-metallic minerals - construction dominant,5.512544
North America,1974,Non-metallic minerals - industrial or agricultural dominant,33.602429
North America,1974,Non-wild animal products,2.869706
North America,1974,Other products mainly from fossil fuels e.g. plastics,3.022091
North America,1974,Petroleum,43.492000000000004
North America,1974,Products mainly from biomass nec.,3.9023700000000003
North America,1974,Products mainly from metals nec.,9.886441
North America,1974,Products mainly from non-metallic minerals,11.476527999999998
North America,1974,Refined fossil fuels mainly for fuel e.g. LPG gasoline diesel,12.689
North America,1974,Waste for final treatment and disposal,0.132303
North America,1974,Wild catch and harvest,0
North America,1974,Wood,54.014026
North America,1975,Coal,71.857
North America,1975,Crop Residues,0.200868
North America,1975,Crops,114.29164700000001
North America,1975,Excavated earthen materials (including soil) nec,0
North America,1975,Ferrous ores,43.873901000000004
North America,1975,Grazed biomass and fodder crops,0.213844
North America,1975,Mixed / complex products nec.,2.3864899999999998
North America,1975,Natural Gas,18.993699
North America,1975,Non-ferrous ores,4.886619
North America,1975,Non-metallic minerals - construction dominant,6.228497
North America,1975,Non-metallic minerals - industrial or agricultural dominant,30.589833
North America,1975,Non-wild animal products,2.774746
North America,1975,Other products mainly from fossil fuels e.g. plastics,2.2885280000000003
North America,1975,Petroleum,33.803
North America,1975,Products mainly from biomass nec.,4.090995
North America,1975,Products mainly from metals nec.,9.741835
North America,1975,Products mainly from non-metallic minerals,11.64744
North America,1975,Refined fossil fuels mainly for fuel e.g. LPG gasoline diesel,11.777000000000001
North America,1975,Waste for final treatment and disposal,0.11004799999999999
North America,1975,Wild catch and harvest,0
North America,1975,Wood,44.776818
North America,1976,Coal,66.223
North America,1976,Crop Residues,0.248595
North America,1976,Crops,127.410592
North America,1976,Excavated earthen materials (including soil) nec,0
North America,1976,Ferrous ores,53.278311
North America,1976,Grazed biomass and fodder crops,0.697248
North America,1976,Mixed / complex products nec.,2.481998
North America,1976,Natural Gas,18.966231
North America,1976,Non-ferrous ores,4.959745
North America,1976,Non-metallic minerals - construction dominant,6.62037
North America,1976,Non-metallic minerals - industrial or agricultural dominant,32.016746
North America,1976,Non-wild animal products,3.69694
North America,1976,Other products mainly from fossil fuels e.g. plastics,2.940038
North America,1976,Petroleum,22.798
North America,1976,Products mainly from biomass nec.,4.41104
North America,1976,Products mainly from metals nec.,10.471217
North America,1976,Products mainly from non-metallic minerals,12.583551
North America,1976,Refined fossil fuels mainly for fuel e.g. LPG gasoline diesel,11.343
North America,1976,Waste for final treatment and disposal,0.130928
North America,1976,Wild catch and harvest,0.37881699999999996
North America,1976,Wood,53.904300000000006
North America,1977,Coal,61.346
North America,1977,Crop Residues,0.14918700000000001
North America,1977,Crops,125.727874
North America,1977,Excavated earthen materials (including soil) nec,0
North America,1977,Ferrous ores,52.532177000000004
North America,1977,Grazed biomass and fodder crops,0.35348199999999996
North America,1977,Mixed / complex products nec.,2.734229
North America,1977,Natural Gas,19.560537
North America,1977,Non-ferrous ores,4.595897
North America,1977,Non-metallic minerals - construction dominant,6.575854
North America,1977,Non-metallic minerals - industrial or agricultural dominant,36.753952999999996
North America,1977,Non-wild animal products,4.045249
North America,1977,Other products mainly from fossil fuels e.g. plastics,2.9404250000000003
North America,1977,Petroleum,18.005
North America,1977,Products mainly from biomass nec.,5.255929
North America,1977,Products mainly from metals nec.,9.805163
North America,1977,Products mainly from non-metallic minerals,13.679154
North America,1977,Refined fossil fuels mainly for fuel e.g. LPG gasoline diesel,11.769
North America,1977,Waste for final treatment and disposal,0.11521400000000001
North America,1977,Wild catch and harvest,0.498517
North America,1977,Wood,56.797833999999995
North America,1978,Coal,50.581999999999994
North America,1978,Crop Residues,0.118326
North America,1978,Crops,152.988118
North America,1978,Excavated earthen materials (including soil) nec,0
North America,1978,Ferrous ores,36.375427
North America,1978,Grazed biomass and fodder crops,0.34056300000000006
North America,1978,Mixed / complex products nec.,3.2937019999999997
North America,1978,Natural Gas,17.296
North America,1978,Non-ferrous ores,5.294963
North America,1978,Non-metallic minerals - construction dominant,6.820956000000001
North America,1978,Non-metallic minerals - industrial or agricultural dominant,39.100395
North America,1978,Non-wild animal products,4.119633
North America,1978,Other products mainly from fossil fuels e.g. plastics,3.584961
North America,1978,Petroleum,20.650000000000002
North America,1978,Products mainly from biomass nec.,5.8632290000000005
North America,1978,Products mainly from metals nec.,13.198924000000002
North America,1978,Products mainly from non-metallic minerals,20.376587
North America,1978,Refined fossil fuels mainly for fuel e.g. LPG gasoline diesel,12.699
North America,1978,Waste for final treatment and disposal,0.311299
North America,1978,Wild catch and harvest,0.5898990000000001
North America,1978,Wood,58.250795
North America,1979,Coal,73.572
North America,1979,Crop Residues,0.139671
North America,1979,Crops,161.33642700000001
North America,1979,Excavated earthen materials (including soil) nec,0
North America,1979,Ferrous ores,53.130561
North America,1979,Grazed biomass and fodder crops,0.42094600000000004
North America,1979,Mixed / complex products nec.,3.870801
North America,1979,Natural Gas,19.573002
North America,1979,Non-ferrous ores,6.828074
North America,1979,Non-metallic minerals - construction dominant,7.155653
North America,1979,Non-metallic minerals - industrial or agricultural dominant,45.137378
North America,1979,Non-wild animal products,4.0075650000000005
North America,1979,Other products mainly from fossil fuels e.g. plastics,4.794182999999999
North America,1979,Petroleum,25.546
North America,1979,Products mainly from biomass nec.,6.754898
North America,1979,Products mainly from metals nec.,10.734929
North America,1979,Products mainly from non-metallic minerals,21.814793
North America,1979,Refined fossil fuels mainly for fuel e.g. LPG gasoline diesel,13.530999999999999
North America,1979,Waste for final treatment and disposal,0.421585
North America,1979,Wild catch and harvest,0.641741
North America,1979,Wood,64.635973
North America,1980,Coal,98.566
North America,1980,Crop Residues,0.175209
North America,1980,Crops,179.78465699999998
North America,1980,Excavated earthen materials (including soil) nec,0
North America,1980,Ferrous ores,50.141127000000004
North America,1980,Grazed biomass and fodder crops,0.434407
North America,1980,Mixed / complex products nec.,3.7067159999999997
North America,1980,Natural Gas,15.661875
North America,1980,Non-ferrous ores,6.682338
North America,1980,Non-metallic minerals - construction dominant,7.5200379999999996
North America,1980,Non-metallic minerals - industrial or agricultural dominant,48.512643999999995
North America,1980,Non-wild animal products,4.677563
North America,1980,Other products mainly from fossil fuels e.g. plastics,4.966355
North America,1980,Petroleum,24.116999999999997
North America,1980,Products mainly from biomass nec.,8.138733
North America,1980,Products mainly from metals nec.,10.454751
North America,1980,Products mainly from non-metallic minerals,23.4849
North America,1980,Refined fossil fuels mainly for fuel e.g. LPG gasoline diesel,15.143
North America,1980,Waste for final treatment and disposal,0.310811
North America,1980,Wild catch and harvest,0.691081
North America,1980,Wood,68.059443
North America,1981,Coal,117.938
North America,1981,Crop Residues,0.16100299999999998
North America,1981,Crops,181.987812
North America,1981,Excavated earthen materials (including soil) nec,0
North America,1981,Ferrous ores,46.39278
North America,1981,Grazed biomass and fodder crops,0.21791499999999997
North America,1981,Mixed / complex products nec.,4.566984000000001
North America,1981,Natural Gas,15.206385999999998
North America,1981,Non-ferrous ores,8.954128
North America,1981,Non-metallic minerals - construction dominant,7.679214999999999
North America,1981,Non-metallic minerals - industrial or agricultural dominant,42.578704
North America,1981,Non-wild animal products,4.880777
North America,1981,Other products mainly from fossil fuels e.g. plastics,5.344321000000001
North America,1981,Petroleum,19.253999999999998
North America,1981,Products mainly from biomass nec.,7.3775450000000005
North America,1981,Products mainly from metals nec.,13.066754
North America,1981,Products mainly from non-metallic minerals,25.6984
North America,1981,Refined fossil fuels mainly for fuel e.g. LPG gasoline diesel,19.485
North America,1981,Waste for final treatment and disposal,0.6908310000000001
North America,1981,Wild catch and harvest,0.839092
North America,1981,Wood,61.933831
North America,1982,Coal,112.417
North America,1982,Crop Residues,0.130561
North America,1982,Crops,174.077756
North America,1982,Excavated earthen materials (including soil) nec,0
North America,1982,Ferrous ores,31.648564
North America,1982,Grazed biomass and fodder crops,0.371483
North America,1982,Mixed / complex products nec.,3.968495
North America,1982,Natural Gas,15.560467000000001
North America,1982,Non-ferrous ores,5.261274
North America,1982,Non-metallic minerals - construction dominant,5.490759
North America,1982,Non-metallic minerals - industrial or agricultural dominant,37.476206
North America,1982,Non-wild animal products,4.822803
North America,1982,Other products mainly from fossil fuels e.g. plastics,4.945069
North America,1982,Petroleum,21.923000000000002
North America,1982,Products mainly from biomass nec.,7.151669
North America,1982,Products mainly from metals nec.,11.930375000000002
North America,1982,Products mainly from non-metallic minerals,25.827828
North America,1982,Refined fossil fuels mainly for fuel e.g. LPG gasoline diesel,28.393
North America,1982,Waste for final treatment and disposal,0.596862
North America,1982,Wild catch and harvest,0.9925539999999999
North America,1982,Wood,59.247882
North America,1983,Coal,87.564
North America,1983,Crop Residues,0.257
North America,1983,Crops,170.440335
North America,1983,Excavated earthen materials (including soil) nec,0
North America,1983,Ferrous ores,28.44682
North America,1983,Grazed biomass and fodder crops,0.5562239999999999
North America,1983,Mixed / complex products nec.,3.9831980000000002
North America,1983,Natural Gas,14.567069
North America,1983,Non-ferrous ores,5.4807570000000005
North America,1983,Non-metallic minerals - construction dominant,9.746058
North America,1983,Non-metallic minerals - industrial or agricultural dominant,39.610028
North America,1983,Non-wild animal products,4.798667999999999
North America,1983,Other products mainly from fossil fuels e.g. plastics,4.6457820000000005
North America,1983,Petroleum,22.098
North America,1983,Products mainly from biomass nec.,8.319168
North America,1983,Products mainly from metals nec.,11.793230999999999
North America,1983,Products mainly from non-metallic minerals,24.669936
North America,1983,Refined fossil fuels mainly for fuel e.g. LPG gasoline diesel,27.218999999999998
North America,1983,Waste for final treatment and disposal,0.244365
North America,1983,Wild catch and harvest,1.0937
North America,1983,Wood,67.631675
North America,1984,Coal,99.057
North America,1984,Crop Residues,0.41473
North America,1984,Crops,169.354505
North America,1984,Excavated earthen materials (including soil) nec,0
North America,1984,Ferrous ores,34.503745
North America,1984,Grazed biomass and fodder crops,0.440957
North America,1984,Mixed / complex products nec.,6.094456999999999
North America,1984,Natural Gas,15.376216000000001
North America,1984,Non-ferrous ores,6.801444999999999
North America,1984,Non-metallic minerals - construction dominant,10.815485
North America,1984,Non-metallic minerals - industrial or agricultural dominant,48.773641
North America,1984,Non-wild animal products,5.0058620000000005
North America,1984,Other products mainly from fossil fuels e.g. plastics,4.911042999999999
North America,1984,Petroleum,26.586999999999996
North America,1984,Products mainly from biomass nec.,8.593432
North America,1984,Products mainly from metals nec.,14.258234999999999
North America,1984,Products mainly from non-metallic minerals,29.668868
North America,1984,Refined fossil fuels mainly for fuel e.g. LPG gasoline diesel,26.309
North America,1984,Waste for final treatment and disposal,0.5717789999999999
North America,1984,Wild catch and harvest,1.331993
North America,1984,Wood,69.334323
North America,1985,Coal,111.456
North America,1985,Crop Residues,0.466986
North America,1985,Crops,135.962502
North America,1985,Excavated earthen materials (including soil) nec,0
North America,1985,Ferrous ores,36.247150000000005
North America,1985,Grazed biomass and fodder crops,0.349112
North America,1985,Mixed / complex products nec.,2.570518
North America,1985,Natural Gas,18.462083
North America,1985,Non-ferrous ores,5.702408
North America,1985,Non-metallic minerals - construction dominant,10.331645
North America,1985,Non-metallic minerals - industrial or agricultural dominant,32.885944
North America,1985,Non-wild animal products,4.9765619999999995
North America,1985,Other products mainly from fossil fuels e.g. plastics,5.05749
North America,1985,Petroleum,34.05
North America,1985,Products mainly from biomass nec.,8.586538000000001
North America,1985,Products mainly from metals nec.,10.793096
North America,1985,Products mainly from non-metallic minerals,30.476166
North America,1985,Refined fossil fuels mainly for fuel e.g. LPG gasoline diesel,28.134999999999998
North America,1985,Waste for final treatment and disposal,0.287512
North America,1985,Wild catch and harvest,1.65381
North America,1985,Wood,71.341294
North America,1986,Coal,103.484
North America,1986,Crop Residues,0.6639860000000001
North America,1986,Crops,126.60225199999999
North America,1986,Excavated earthen materials (including soil) nec,0
North America,1986,Ferrous ores,34.59579600000001
North America,1986,Grazed biomass and fodder crops,0.538953
North America,1986,Mixed / complex products nec.,2.537118
North America,1986,Natural Gas,15.223980999999998
North America,1986,Non-ferrous ores,5.866562
North America,1986,Non-metallic minerals - construction dominant,11.1292
North America,1986,Non-metallic minerals - industrial or agricultural dominant,20.800708999999998
North America,1986,Non-wild animal products,4.907513
North America,1986,Other products mainly from fossil fuels e.g. plastics,5.311659
North America,1986,Petroleum,36.445
North America,1986,Products mainly from biomass nec.,9.869306
North America,1986,Products mainly from metals nec.,9.880552999999999
North America,1986,Products mainly from non-metallic minerals,30.75705
North America,1986,Refined fossil fuels mainly for fuel e.g. LPG gasoline diesel,27.436
North America,1986,Waste for final treatment and disposal,0.315506
North America,1986,Wild catch and harvest,2.122102
North America,1986,Wood,75.170748
North America,1987,Coal,98.958
North America,1987,Crop Residues,0.803854
North America,1987,Crops,156.633131
North America,1987,Excavated earthen materials (including soil) nec,0
North America,1987,Ferrous ores,33.815547
North America,1987,Grazed biomass and fodder crops,0.432779
North America,1987,Mixed / complex products nec.,3.172344
North America,1987,Natural Gas,19.71138
North America,1987,Non-ferrous ores,7.275017
North America,1987,Non-metallic minerals - construction dominant,12.154322
North America,1987,Non-metallic minerals - industrial or agricultural dominant,19.884535
North America,1987,Non-wild animal products,4.8203949999999995
North America,1987,Other products mainly from fossil fuels e.g. plastics,6.373106999999999
North America,1987,Petroleum,38.134
North America,1987,Products mainly from biomass nec.,11.168911
North America,1987,Products mainly from metals nec.,9.616615
North America,1987,Products mainly from non-metallic minerals,32.598692
North America,1987,Refined fossil fuels mainly for fuel e.g. LPG gasoline diesel,30.211
North America,1987,Waste for final treatment and disposal,0.331253
North America,1987,Wild catch and harvest,2.318241
North America,1987,Wood,82.214286
North America,1988,Coal,117.94200000000001
North America,1988,Crop Residues,1.145602
North America,1988,Crops,165.339225
North America,1988,Excavated earthen materials (including soil) nec,0
North America,1988,Ferrous ores,36.333395
North America,1988,Grazed biomass and fodder crops,0.493562
North America,1988,Mixed / complex products nec.,16.14197
North America,1988,Natural Gas,25.395557
North America,1988,Non-ferrous ores,9.177505
North America,1988,Non-metallic minerals - construction dominant,14.532738
North America,1988,Non-metallic minerals - industrial or agricultural dominant,22.626904
North America,1988,Non-wild animal products,5.514521
North America,1988,Other products mainly from fossil fuels e.g. plastics,7.321166000000001
North America,1988,Petroleum,42.853
North America,1988,Products mainly from biomass nec.,12.932403
North America,1988,Products mainly from metals nec.,10.89807
North America,1988,Products mainly from non-metallic minerals,32.601144000000005
North America,1988,Refined fossil fuels mainly for fuel e.g. LPG gasoline diesel,34.852999999999994
North America,1988,Waste for final treatment and disposal,0.370657
North America,1988,Wild catch and harvest,2.4230430000000003
North America,1988,Wood,90.768851
North America,1989,Coal,124.256
North America,1989,Crop Residues,0.637644
North America,1989,Crops,161.453858
North America,1989,Excavated earthen materials (including soil) nec,0
North America,1989,Ferrous ores,45.879798
North America,1989,Grazed biomass and fodder crops,0.615266
North America,1989,Mixed / complex products nec.,25.667942
North America,1989,Natural Gas,27.301218
North America,1989,Non-ferrous ores,11.142885
North America,1989,Non-metallic minerals - construction dominant,12.844207
North America,1989,Non-metallic minerals - industrial or agricultural dominant,21.147333
North America,1989,Non-wild animal products,5.511457999999999
North America,1989,Other products mainly from fossil fuels e.g. plastics,9.351781
North America,1989,Petroleum,39.13
North America,1989,Products mainly from biomass nec.,14.454571000000001
North America,1989,Products mainly from metals nec.,14.168819000000001
North America,1989,Products mainly from non-metallic minerals,33.027622
North America,1989,Refined fossil fuels mainly for fuel e.g. LPG gasoline diesel,38.492999999999995
North America,1989,Waste for final treatment and disposal,0.599502
North America,1989,Wild catch and harvest,1.849896
North America,1989,Wood,89.27040500000001
North America,1990,Coal,126.991
North America,1990,Crop Residues,0.657785
North America,1990,Crops,154.114531
North America,1990,Excavated earthen materials (including soil) nec,0
North America,1990,Ferrous ores,40.272774
North America,1990,Grazed biomass and fodder crops,0.7566280000000001
North America,1990,Mixed / complex products nec.,15.753367
North America,1990,Natural Gas,28.721491
North America,1990,Non-ferrous ores,11.900588
North America,1990,Non-metallic minerals - construction dominant,14.957411
North America,1990,Non-metallic minerals - industrial or agricultural dominant,22.622518
North America,1990,Non-wild animal products,5.474001
North America,1990,Other products mainly from fossil fuels e.g. plastics,10.871351999999998
North America,1990,Petroleum,36.323
North America,1990,Products mainly from biomass nec.,15.951789000000002
North America,1990,Products mainly from metals nec.,13.701515
North America,1990,Products mainly from non-metallic minerals,34.774439
North America,1990,Refined fossil fuels mainly for fuel e.g. LPG gasoline diesel,38.533
North America,1990,Waste for final treatment and disposal,0.615345
North America,1990,Wild catch and harvest,1.704212
North America,1990,Wood,89.30437699999999
North America,1991,Coal,132.96699999999998
North America,1991,Crop Residues,0.815353
North America,1991,Crops,157.330469
North America,1991,Excavated earthen materials (including soil) nec,0
North America,1991,Ferrous ores,46.562752
North America,1991,Grazed biomass and fodder crops,0.8507419999999999
North America,1991,Mixed / complex products nec.,19.514473
North America,1991,Natural Gas,34.262142
North America,1991,Non-ferrous ores,11.589248000000001
North America,1991,Non-metallic minerals - construction dominant,12.666329000000001
North America,1991,Non-metallic minerals - industrial or agricultural dominant,38.087323
North America,1991,Non-wild animal products,5.911738
North America,1991,Other products mainly from fossil fuels e.g. plastics,11.788337
North America,1991,Petroleum,40.818999999999996
North America,1991,Products mainly from biomass nec.,16.198605
North America,1991,Products mainly from metals nec.,14.161549
North America,1991,Products mainly from non-metallic minerals,34.772149
North America,1991,Refined fossil fuels mainly for fuel e.g. LPG gasoline diesel,45.415
North America,1991,Waste for final treatment and disposal,0.401258
North America,1991,Wild catch and harvest,1.382275
North America,1991,Wood,91.212479
North America,1992,Coal,121.17500000000001
North America,1992,Crop Residues,0.796029
North America,1992,Crops,164.241628
North America,1992,Excavated earthen materials (including soil) nec,0
North America,1992,Ferrous ores,41.058431999999996
North America,1992,Grazed biomass and fodder crops,1.0598100000000001
North America,1992,Mixed / complex products nec.,13.608457
North America,1992,Natural Gas,42.760771
North America,1992,Non-ferrous ores,11.378314
North America,1992,Non-metallic minerals - construction dominant,14.104464
North America,1992,Non-metallic minerals - industrial or agricultural dominant,34.172504000000004
North America,1992,Non-wild animal products,6.869986
North America,1992,Other products mainly from fossil fuels e.g. plastics,12.206064000000001
North America,1992,Petroleum,44.441
North America,1992,Products mainly from biomass nec.,18.394975
North America,1992,Products mainly from metals nec.,14.83538
North America,1992,Products mainly from non-metallic minerals,35.186040999999996
North America,1992,Refined fossil fuels mainly for fuel e.g. LPG gasoline diesel,43.024
North America,1992,Waste for final treatment and disposal,0.50911
North America,1992,Wild catch and harvest,1.28459
North America,1992,Wood,93.019097
North America,1993,Coal,95.905
North America,1993,Crop Residues,0.8016009999999999
North America,1993,Crops,157.187048
North America,1993,Excavated earthen materials (including soil) nec,0
North America,1993,Ferrous ores,42.193662
North America,1993,Grazed biomass and fodder crops,0.938552
North America,1993,Mixed / complex products nec.,23.274186
North America,1993,Natural Gas,44.877712
North America,1993,Non-ferrous ores,10.853815
North America,1993,Non-metallic minerals - construction dominant,16.691603
North America,1993,Non-metallic minerals - industrial or agricultural dominant,32.374251
North America,1993,Non-wild animal products,6.9174240000000005
North America,1993,Other products mainly from fossil fuels e.g. plastics,13.262396
North America,1993,Petroleum,48.483999999999995
North America,1993,Products mainly from biomass nec.,19.915816
North America,1993,Products mainly from metals nec.,17.434573
North America,1993,Products mainly from non-metallic minerals,38.135072
North America,1993,Refined fossil fuels mainly for fuel e.g. LPG gasoline diesel,43.891000000000005
North America,1993,Waste for final treatment and disposal,0.539076
North America,1993,Wild catch and harvest,1.248094
North America,1993,Wood,89.448194
North America,1994,Coal,96.482
North America,1994,Crop Residues,0.033331
North America,1994,Crops,152.98781300000002
North America,1994,Excavated earthen materials (including soil) nec,0
North America,1994,Ferrous ores,45.952522
North America,1994,Grazed biomass and fodder crops,2.22797
North America,1994,Mixed / complex products nec.,29.150011
North America,1994,Natural Gas,51.569901
North America,1994,Non-ferrous ores,10.884663
North America,1994,Non-metallic minerals - construction dominant,17.414003
North America,1994,Non-metallic minerals - industrial or agricultural dominant,40.120122
North America,1994,Non-wild animal products,7.683902
North America,1994,Other products mainly from fossil fuels e.g. plastics,15.746436
North America,1994,Petroleum,53.032000000000004
North America,1994,Products mainly from biomass nec.,21.256863
North America,1994,Products mainly from metals nec.,20.128144
North America,1994,Products mainly from non-metallic minerals,42.989914
North America,1994,Refined fossil fuels mainly for fuel e.g. LPG gasoline diesel,37.976
North America,1994,Waste for final treatment and disposal,0.584217
North America,1994,Wild catch and harvest,1.2232640000000001
North America,1994,Wood,96.378828
North America,1995,Coal,114.33699999999999
North America,1995,Crop Residues,0.014633
North America,1995,Crops,181.105384
North America,1995,Excavated earthen materials (including soil) nec,0
North America,1995,Ferrous ores,48.519943999999995
North America,1995,Grazed biomass and fodder crops,2.477363
North America,1995,Mixed / complex products nec.,21.525145000000002
North America,1995,Natural Gas,55.983484
North America,1995,Non-ferrous ores,11.222938
North America,1995,Non-metallic minerals - construction dominant,18.733652
North America,1995,Non-metallic minerals - industrial or agricultural dominant,38.716613
North America,1995,Non-wild animal products,9.158741
North America,1995,Other products mainly from fossil fuels e.g. plastics,16.695944
North America,1995,Petroleum,57.548
North America,1995,Products mainly from biomass nec.,23.72287
North America,1995,Products mainly from metals nec.,19.55499
North America,1995,Products mainly from non-metallic minerals,47.749336
North America,1995,Refined fossil fuels mainly for fuel e.g. LPG gasoline diesel,37.875
North America,1995,Waste for final treatment and disposal,0.557378
North America,1995,Wild catch and harvest,1.227381
North America,1995,Wood,101.965468
North America,1996,Coal,116.536
North America,1996,Crop Residues,0.07270099999999999
North America,1996,Crops,171.104818
North America,1996,Excavated earthen materials (including soil) nec,0
North America,1996,Ferrous ores,48.24563
North America,1996,Grazed biomass and fodder crops,2.421407
North America,1996,Mixed / complex products nec.,39.188443
North America,1996,Natural Gas,56.699544
North America,1996,Non-ferrous ores,11.618472
North America,1996,Non-metallic minerals - construction dominant,16.284827
North America,1996,Non-metallic minerals - industrial or agricultural dominant,39.149596
North America,1996,Non-wild animal products,9.600369
North America,1996,Other products mainly from fossil fuels e.g. plastics,19.149357000000002
North America,1996,Petroleum,64.707
North America,1996,Products mainly from biomass nec.,23.422059
North America,1996,Products mainly from metals nec.,21.513075999999998
North America,1996,Products mainly from non-metallic minerals,49.237918
North America,1996,Refined fossil fuels mainly for fuel e.g. LPG gasoline diesel,39.807
North America,1996,Waste for final treatment and disposal,0.5958019999999999
North America,1996,Wild catch and harvest,1.293443
North America,1996,Wood,101.411262
North America,1997,Coal,112.32000000000001
North America,1997,Crop Residues,0.096109
North America,1997,Crops,160.62408499999998
North America,1997,Excavated earthen materials (including soil) nec,0
North America,1997,Ferrous ores,53.902426000000006
North America,1997,Grazed biomass and fodder crops,2.283562
North America,1997,Mixed / complex products nec.,40.007679
North America,1997,Natural Gas,57.924599
North America,1997,Non-ferrous ores,11.444351
North America,1997,Non-metallic minerals - construction dominant,18.46449
North America,1997,Non-metallic minerals - industrial or agricultural dominant,32.542062
North America,1997,Non-wild animal products,9.989459
North America,1997,Other products mainly from fossil fuels e.g. plastics,21.739024
North America,1997,Petroleum,71.154
North America,1997,Products mainly from biomass nec.,25.610814
North America,1997,Products mainly from metals nec.,26.056154
North America,1997,Products mainly from non-metallic minerals,52.142325
North America,1997,Refined fossil fuels mainly for fuel e.g. LPG gasoline diesel,41.152
North America,1997,Waste for final treatment and disposal,0.618749
North America,1997,Wild catch and harvest,1.263109
North America,1997,Wood,103.68444
North America,1998,Coal,106.57400000000001
North America,1998,Crop Residues,0.080519
North America,1998,Crops,158.07470800000002
North America,1998,Excavated earthen materials (including soil) nec,0
North America,1998,Ferrous ores,51.108987
North America,1998,Grazed biomass and fodder crops,2.2398569999999998
North America,1998,Mixed / complex products nec.,47.653068
North America,1998,Natural Gas,62.991761
North America,1998,Non-ferrous ores,11.494374
North America,1998,Non-metallic minerals - construction dominant,19.109986
North America,1998,Non-metallic minerals - industrial or agricultural dominant,43.825094
North America,1998,Non-wild animal products,10.43642
North America,1998,Other products mainly from fossil fuels e.g. plastics,23.295659
North America,1998,Petroleum,77.43499999999999
North America,1998,Products mainly from biomass nec.,34.023349
North America,1998,Products mainly from metals nec.,26.445665
North America,1998,Products mainly from non-metallic minerals,51.538968
North America,1998,Refined fossil fuels mainly for fuel e.g. LPG gasoline diesel,39.295
North America,1998,Waste for final treatment and disposal,0.5694549999999999
North America,1998,Wild catch and harvest,1.126066
North America,1998,Wood,103.38691
North America,1999,Coal,86.587
North America,1999,Crop Residues,0.081458
North America,1999,Crops,168.064685
North America,1999,Excavated earthen materials (including soil) nec,0
North America,1999,Ferrous ores,47.141103
North America,1999,Grazed biomass and fodder crops,2.5357260000000004
North America,1999,Mixed / complex products nec.,51.99509
North America,1999,Natural Gas,67.013993
North America,1999,Non-ferrous ores,12.149916
North America,1999,Non-metallic minerals - construction dominant,20.860378
North America,1999,Non-metallic minerals - industrial or agricultural dominant,37.637175
North America,1999,Non-wild animal products,10.364537
North America,1999,Other products mainly from fossil fuels e.g. plastics,25.417087000000002
North America,1999,Petroleum,72.522
North America,1999,Products mainly from biomass nec.,33.427551
North America,1999,Products mainly from metals nec.,31.411496
North America,1999,Products mainly from non-metallic minerals,53.172089
North America,1999,Refined fossil fuels mainly for fuel e.g. LPG gasoline diesel,41.698
North America,1999,Waste for final treatment and disposal,0.644522
North America,1999,Wild catch and harvest,1.237244
North America,1999,Wood,107.112904
North America,2000,Coal,85.143
North America,2000,Crop Residues,0.099337
North America,2000,Crops,173.084523
North America,2000,Excavated earthen materials (including soil) nec,0
North America,2000,Ferrous ores,29.753749
North America,2000,Grazed biomass and fodder crops,3.181659
North America,2000,Mixed / complex products nec.,65.84154099999999
North America,2000,Natural Gas,72.382345
North America,2000,Non-ferrous ores,12.25615
North America,2000,Non-metallic minerals - construction dominant,10.891684999999999
North America,2000,Non-metallic minerals - industrial or agricultural dominant,9.350161
North America,2000,Non-wild animal products,11.437849
North America,2000,Other products mainly from fossil fuels e.g. plastics,28.06121
North America,2000,Petroleum,75.937
North America,2000,Products mainly from biomass nec.,36.249565000000004
North America,2000,Products mainly from metals nec.,22.910789
North America,2000,Products mainly from non-metallic minerals,51.642326
North America,2000,Refined fossil fuels mainly for fuel e.g. LPG gasoline diesel,45.013999999999996
North America,2000,Waste for final treatment and disposal,0.6315459999999999
North America,2000,Wild catch and harvest,1.309326
North America,2000,Wood,111.39780999999999
North America,2001,Coal,73.845
North America,2001,Crop Residues,0.11440700000000001
North America,2001,Crops,171.80852399999998
North America,2001,Excavated earthen materials (including soil) nec,0
North America,2001,Ferrous ores,28.225144
North America,2001,Grazed biomass and fodder crops,2.738868
North America,2001,Mixed / complex products nec.,146.92905000000002
North America,2001,Natural Gas,79.657523
North America,2001,Non-ferrous ores,11.63082
North America,2001,Non-metallic minerals - construction dominant,10.594973000000001
North America,2001,Non-metallic minerals - industrial or agricultural dominant,9.821826999999999
North America,2001,Non-wild animal products,12.203147000000001
North America,2001,Other products mainly from fossil fuels e.g. plastics,28.619874000000003
North America,2001,Petroleum,70.664
North America,2001,Products mainly from biomass nec.,36.433199
North America,2001,Products mainly from metals nec.,22.349455
North America,2001,Products mainly from non-metallic minerals,49.288219
North America,2001,Refined fossil fuels mainly for fuel e.g. LPG gasoline diesel,49.625
North America,2001,Waste for final treatment and disposal,0.7623120000000001
North America,2001,Wild catch and harvest,1.5117360000000002
North America,2001,Wood,104.65019
North America,2002,Coal,62.851
North America,2002,Crop Residues,0.11489100000000001
North America,2002,Crops,157.17917
North America,2002,Excavated earthen materials (including soil) nec,0
North America,2002,Ferrous ores,49.353059
North America,2002,Grazed biomass and fodder crops,3.117095
North America,2002,Mixed / complex products nec.,122.904784
North America,2002,Natural Gas,82.02371600000001
North America,2002,Non-ferrous ores,11.874600000000001
North America,2002,Non-metallic minerals - construction dominant,10.532766
North America,2002,Non-metallic minerals - industrial or agricultural dominant,10.741843
North America,2002,Non-wild animal products,12.285312
North America,2002,Other products mainly from fossil fuels e.g. plastics,30.523331
North America,2002,Petroleum,71.628
North America,2002,Products mainly from biomass nec.,37.282985000000004
North America,2002,Products mainly from metals nec.,22.590449
North America,2002,Products mainly from non-metallic minerals,47.169795
North America,2002,Refined fossil fuels mainly for fuel e.g. LPG gasoline diesel,55.49
North America,2002,Waste for final treatment and disposal,0.660957
North America,2002,Wild catch and harvest,1.486891
North America,2002,Wood,106.904672
North America,2003,Coal,67.405
North America,2003,Crop Residues,0.11633500000000001
North America,2003,Crops,159.662837
North America,2003,Excavated earthen materials (including soil) nec,0
North America,2003,Ferrous ores,56.384758000000005
North America,2003,Grazed biomass and fodder crops,3.243
North America,2003,Mixed / complex products nec.,114.39348000000001
North America,2003,Natural Gas,81.093575
North America,2003,Non-ferrous ores,11.883887
North America,2003,Non-metallic minerals - construction dominant,20.876611
North America,2003,Non-metallic minerals - industrial or agricultural dominant,18.451748000000002
North America,2003,Non-wild animal products,11.467503
North America,2003,Other products mainly from fossil fuels e.g. plastics,29.604379
North America,2003,Petroleum,74.329
North America,2003,Products mainly from biomass nec.,38.132364
North America,2003,Products mainly from metals nec.,21.050327
North America,2003,Products mainly from non-metallic minerals,52.937419000000006
North America,2003,Refined fossil fuels mainly for fuel e.g. LPG gasoline diesel,57.576
North America,2003,Waste for final treatment and disposal,0.5745169999999999
North America,2003,Wild catch and harvest,1.505643
North America,2003,Wood,106.506011
North America,2004,Coal,69.406
North America,2004,Crop Residues,0.136045
North America,2004,Crops,169.192926
North America,2004,Excavated earthen materials (including soil) nec,0
North America,2004,Ferrous ores,50.531645
North America,2004,Grazed biomass and fodder crops,3.093227
North America,2004,Mixed / complex products nec.,251.80727100000001
North America,2004,Natural Gas,86.947792
North America,2004,Non-ferrous ores,11.510074
North America,2004,Non-metallic minerals - construction dominant,21.776315999999998
North America,2004,Non-metallic minerals - industrial or agricultural dominant,20.656536
North America,2004,Non-wild animal products,10.447201
North America,2004,Other products mainly from fossil fuels e.g. plastics,30.862581999999996
North America,2004,Petroleum,80.529
North America,2004,Products mainly from biomass nec.,40.298742
North America,2004,Products mainly from metals nec.,22.342908
North America,2004,Products mainly from non-metallic minerals,58.532206
North America,2004,Refined fossil fuels mainly for fuel e.g. LPG gasoline diesel,57.817
North America,2004,Waste for final treatment and disposal,0.781867
North America,2004,Wild catch and harvest,1.743221
North America,2004,Wood,111.14994
North America,2005,Coal,73.594
North America,2005,Crop Residues,0.131718
North America,2005,Crops,164.89493900000002
North America,2005,Excavated earthen materials (including soil) nec,0
North America,2005,Ferrous ores,62.147154
North America,2005,Grazed biomass and fodder crops,3.1304119999999998
North America,2005,Mixed / complex products nec.,338.334511
North America,2005,Natural Gas,85.374244
North America,2005,Non-ferrous ores,13.183682000000001
North America,2005,Non-metallic minerals - construction dominant,23.437421999999998
North America,2005,Non-metallic minerals - industrial or agricultural dominant,23.483134
North America,2005,Non-wild animal products,11.325898
North America,2005,Other products mainly from fossil fuels e.g. plastics,34.526961
North America,2005,Petroleum,82.369
North America,2005,Products mainly from biomass nec.,41.585439
North America,2005,Products mainly from metals nec.,25.095495999999997
North America,2005,Products mainly from non-metallic minerals,59.533693
North America,2005,Refined fossil fuels mainly for fuel e.g. LPG gasoline diesel,58.903
North America,2005,Waste for final treatment and disposal,0.916776
North America,2005,Wild catch and harvest,1.8041719999999999
North America,2005,Wood,112.984073
North America,2006,Coal,72.71000000000001
North America,2006,Crop Residues,0.181599
North America,2006,Crops,183.297739
North America,2006,Excavated earthen materials (including soil) nec,0
North America,2006,Ferrous ores,56.638502
North America,2006,Grazed biomass and fodder crops,2.9615289999999996
North America,2006,Mixed / complex products nec.,70.71280300000001
North America,2006,Natural Gas,82.468644
North America,2006,Non-ferrous ores,15.845386999999999
North America,2006,Non-metallic minerals - construction dominant,23.826799
North America,2006,Non-metallic minerals - industrial or agricultural dominant,32.021743
North America,2006,Non-wild animal products,12.136576999999999
North America,2006,Other products mainly from fossil fuels e.g. plastics,34.56209
North America,2006,Petroleum,86.175
North America,2006,Products mainly from biomass nec.,41.415755999999995
North America,2006,Products mainly from metals nec.,27.429631
North America,2006,Products mainly from non-metallic minerals,62.678110000000004
North America,2006,Refined fossil fuels mainly for fuel e.g. LPG gasoline diesel,69.295
North America,2006,Waste for final treatment and disposal,1.752141
North America,2006,Wild catch and harvest,1.793265
North America,2006,Wood,111.068396
North America,2007,Coal,84.463
North America,2007,Crop Residues,0.198229
North America,2007,Crops,198.52074100000002
North America,2007,Excavated earthen materials (including soil) nec,0
North America,2007,Ferrous ores,58.855441
North America,2007,Grazed biomass and fodder crops,3.076009
North America,2007,Mixed / complex products nec.,140.510197
North America,2007,Natural Gas,88.274503
North America,2007,Non-ferrous ores,15.647109
North America,2007,Non-metallic minerals - construction dominant,21.847034999999998
North America,2007,Non-metallic minerals - industrial or agricultural dominant,30.567611
North America,2007,Non-wild animal products,13.503366
North America,2007,Other products mainly from fossil fuels e.g. plastics,37.982526
North America,2007,Petroleum,81.156
North America,2007,Products mainly from biomass nec.,41.797468
North America,2007,Products mainly from metals nec.,28.746986999999997
North America,2007,Products mainly from non-metallic minerals,65.356641
North America,2007,Refined fossil fuels mainly for fuel e.g. LPG gasoline diesel,83.911
North America,2007,Waste for final treatment and disposal,1.7999049999999999
North America,2007,Wild catch and harvest,1.7765929999999999
North America,2007,Wood,111.359366
North America,2008,Coal,106.018
North America,2008,Crop Residues,0.158913
North America,2008,Crops,198.40515399999998
North America,2008,Excavated earthen materials (including soil) nec,0
North America,2008,Ferrous ores,124.028953
North America,2008,Grazed biomass and fodder crops,3.380559
North America,2008,Mixed / complex products nec.,63.98612
North America,2008,Natural Gas,87.871322
North America,2008,Non-ferrous ores,16.021008000000002
North America,2008,Non-metallic minerals - construction dominant,7.4741040000000005
North America,2008,Non-metallic minerals - industrial or agricultural dominant,34.614168
North America,2008,Non-wild animal products,15.404469
North America,2008,Other products mainly from fossil fuels e.g. plastics,34.759658
North America,2008,Petroleum,85.52600000000001
North America,2008,Products mainly from biomass nec.,42.104614
North America,2008,Products mainly from metals nec.,26.686129
North America,2008,Products mainly from non-metallic minerals,63.192326
North America,2008,Refined fossil fuels mainly for fuel e.g. LPG gasoline diesel,101.20599999999999
North America,2008,Waste for final treatment and disposal,1.106042
North America,2008,Wild catch and harvest,1.6368079999999998
North America,2008,Wood,104.541472
North America,2009,Coal,82.194
North America,2009,Crop Residues,0.131683
North America,2009,Crops,190.964586
North America,2009,Excavated earthen materials (including soil) nec,0
North America,2009,Ferrous ores,51.651540000000004
North America,2009,Grazed biomass and fodder crops,3.929693
North America,2009,Mixed / complex products nec.,75.265457
North America,2009,Natural Gas,84.730979
North America,2009,Non-ferrous ores,13.644041
North America,2009,Non-metallic minerals - construction dominant,14.033387000000001
North America,2009,Non-metallic minerals - industrial or agricultural dominant,36.844431
North America,2009,Non-wild animal products,13.704361
North America,2009,Other products mainly from fossil fuels e.g. plastics,33.963621
North America,2009,Petroleum,85.173
North America,2009,Products mainly from biomass nec.,36.043635
North America,2009,Products mainly from metals nec.,16.449002
North America,2009,Products mainly from non-metallic minerals,53.59751
North America,2009,Refined fossil fuels mainly for fuel e.g. LPG gasoline diesel,107.148
North America,2009,Waste for final treatment and disposal,1.798504
North America,2009,Wild catch and harvest,1.579604
North America,2009,Wood,94.778418
North America,2010,Coal,107.57300000000001
North America,2010,Crop Residues,0.17595200000000003
North America,2010,Crops,207.478478
North America,2010,Excavated earthen materials (including soil) nec,0
North America,2010,Ferrous ores,64.017693
North America,2010,Grazed biomass and fodder crops,4.046211
North America,2010,Mixed / complex products nec.,96.980429
North America,2010,Natural Gas,86.364663
North America,2010,Non-ferrous ores,15.189162
North America,2010,Non-metallic minerals - construction dominant,13.625782
North America,2010,Non-metallic minerals - industrial or agricultural dominant,36.935668
North America,2010,Non-wild animal products,14.388850999999999
North America,2010,Other products mainly from fossil fuels e.g. plastics,36.910129
North America,2010,Petroleum,88.719
North America,2010,Products mainly from biomass nec.,42.072528
North America,2010,Products mainly from metals nec.,22.610074
North America,2010,Products mainly from non-metallic minerals,63.392182
North America,2010,Refined fossil fuels mainly for fuel e.g. LPG gasoline diesel,117.796
North America,2010,Waste for final treatment and disposal,1.86013
North America,2010,Wild catch and harvest,1.729721
North America,2010,Wood,104.089708
North America,2011,Coal,131.035
North America,2011,Crop Residues,0.216946
North America,2011,Crops,195.899299
North America,2011,Excavated earthen materials (including soil) nec,0
North America,2011,Ferrous ores,67.153324
North America,2011,Grazed biomass and fodder crops,4.193987
North America,2011,Mixed / complex products nec.,131.943597
North America,2011,Natural Gas,91.429233
North America,2011,Non-ferrous ores,16.141119
North America,2011,Non-metallic minerals - construction dominant,14.234969
North America,2011,Non-metallic minerals - industrial or agricultural dominant,39.597546
North America,2011,Non-wild animal products,15.020738000000001
North America,2011,Other products mainly from fossil fuels e.g. plastics,38.099878
North America,2011,Petroleum,98.46300000000001
North America,2011,Products mainly from biomass nec.,44.363755000000005
North America,2011,Products mainly from metals nec.,28.47958
North America,2011,Products mainly from non-metallic minerals,70.1387
North America,2011,Refined fossil fuels mainly for fuel e.g. LPG gasoline diesel,138.64600000000002
North America,2011,Waste for final treatment and disposal,2.090942
North America,2011,Wild catch and harvest,1.9633889999999998
North America,2011,Wood,114.500384
North America,2012,Coal,149.89499999999998
North America,2012,Crop Residues,0.233433
North America,2012,Crops,185.539299
North America,2012,Excavated earthen materials (including soil) nec,0
North America,2012,Ferrous ores,67.976563
North America,2012,Grazed biomass and fodder crops,4.541850999999999
North America,2012,Mixed / complex products nec.,151.793971
North America,2012,Natural Gas,90.722253
North America,2012,Non-ferrous ores,16.046544
North America,2012,Non-metallic minerals - construction dominant,14.025865
North America,2012,Non-metallic minerals - industrial or agricultural dominant,38.13209
North America,2012,Non-wild animal products,14.811036999999999
North America,2012,Other products mainly from fossil fuels e.g. plastics,37.402356
North America,2012,Petroleum,106.941
North America,2012,Products mainly from biomass nec.,43.719173
North America,2012,Products mainly from metals nec.,26.549342
North America,2012,Products mainly from non-metallic minerals,68.056758
North America,2012,Refined fossil fuels mainly for fuel e.g. LPG gasoline diesel,151.277
North America,2012,Waste for final treatment and disposal,2.297078
North America,2012,Wild catch and harvest,1.911383
North America,2012,Wood,116.014271
North America,2013,Coal,145.844
North America,2013,Crop Residues,0.180559
North America,2013,Crops,184.368905
North America,2013,Excavated earthen materials (including soil) nec,0
North America,2013,Ferrous ores,69.555256
North America,2013,Grazed biomass and fodder crops,4.569717
North America,2013,Mixed / complex products nec.,147.54526099999998
North America,2013,Natural Gas,86.271594
North America,2013,Non-ferrous ores,16.578682
North America,2013,Non-metallic minerals - construction dominant,13.212006
North America,2013,Non-metallic minerals - industrial or agricultural dominant,35.787501
North America,2013,Non-wild animal products,15.185398
North America,2013,Other products mainly from fossil fuels e.g. plastics,37.810605
North America,2013,Petroleum,129.558
North America,2013,Products mainly from biomass nec.,46.619722
North America,2013,Products mainly from metals nec.,25.566098
North America,2013,Products mainly from non-metallic minerals,69.833117
North America,2013,Refined fossil fuels mainly for fuel e.g. LPG gasoline diesel,155.679
North America,2013,Waste for final treatment and disposal,1.880061
North America,2013,Wild catch and harvest,1.944811
North America,2013,Wood,120.366772
North America,2014,Coal,122.53999999999999
North America,2014,Crop Residues,0.13467200000000001
North America,2014,Crops,229.87978199999998
North America,2014,Excavated earthen materials (including soil) nec,0
North America,2014,Ferrous ores,72.101206
North America,2014,Grazed biomass and fodder crops,4.482846
North America,2014,Mixed / complex products nec.,150.551366
North America,2014,Natural Gas,83.222021
North America,2014,Non-ferrous ores,16.595235
North America,2014,Non-metallic minerals - construction dominant,14.796526
North America,2014,Non-metallic minerals - industrial or agricultural dominant,30.26249
North America,2014,Non-wild animal products,15.305451999999999
North America,2014,Other products mainly from fossil fuels e.g. plastics,38.089985
North America,2014,Petroleum,152.357
North America,2014,Products mainly from biomass nec.,49.257678999999996
North America,2014,Products mainly from metals nec.,27.721283999999997
North America,2014,Products mainly from non-metallic minerals,70.093176
North America,2014,Refined fossil fuels mainly for fuel e.g. LPG gasoline diesel,173.149
North America,2014,Waste for final treatment and disposal,2.004743
North America,2014,Wild catch and harvest,1.961431
North America,2014,Wood,123.302506
North America,2015,Coal,97.72
North America,2015,Crop Residues,0.132184
North America,2015,Crops,221.993164
North America,2015,Excavated earthen materials (including soil) nec,0
North America,2015,Ferrous ores,63.91812899999999
North America,2015,Grazed biomass and fodder crops,4.750033
North America,2015,Mixed / complex products nec.,190.72817
North America,2015,Natural Gas,88.637144
North America,2015,Non-ferrous ores,16.181236
North America,2015,Non-metallic minerals - construction dominant,14.887359
North America,2015,Non-metallic minerals - industrial or agricultural dominant,36.81197
North America,2015,Non-wild animal products,13.784583999999999
North America,2015,Other products mainly from fossil fuels e.g. plastics,40.30007
North America,2015,Petroleum,168.119
North America,2015,Products mainly from biomass nec.,49.548518
North America,2015,Products mainly from metals nec.,25.779054
North America,2015,Products mainly from non-metallic minerals,65.890891
North America,2015,Refined fossil fuels mainly for fuel e.g. LPG gasoline diesel,188.373
North America,2015,Waste for final treatment and disposal,1.692007
North America,2015,Wild catch and harvest,1.898122
North America,2015,Wood,124.549277
North America,2016,Coal,85.159
North America,2016,Crop Residues,0.102821
North America,2016,Crops,242.098538
North America,2016,Excavated earthen materials (including soil) nec,0
North America,2016,Ferrous ores,67.766001
North America,2016,Grazed biomass and fodder crops,5.33101
North America,2016,Mixed / complex products nec.,180.544743
North America,2016,Natural Gas,103.533598
North America,2016,Non-ferrous ores,15.490115000000001
North America,2016,Non-metallic minerals - construction dominant,13.529786000000001
North America,2016,Non-metallic minerals - industrial or agricultural dominant,31.723337
North America,2016,Non-wild animal products,14.651354
North America,2016,Other products mainly from fossil fuels e.g. plastics,29.408421
North America,2016,Petroleum,193.995
North America,2016,Products mainly from biomass nec.,49.832893999999996
North America,2016,Products mainly from metals nec.,28.536237
North America,2016,Products mainly from non-metallic minerals,74.971817
North America,2016,Refined fossil fuels mainly for fuel e.g. LPG gasoline diesel,186.39800000000002
North America,2016,Waste for final treatment and disposal,1.8061880000000001
North America,2016,Wild catch and harvest,1.8224010000000002
North America,2016,Wood,128.353733
North America,2017,Coal,119.057
North America,2017,Crop Residues,0.181392
North America,2017,Crops,242.537038
North America,2017,Excavated earthen materials (including soil) nec,0
North America,2017,Ferrous ores,66.710653
North America,2017,Grazed biomass and fodder crops,5.479623
North America,2017,Mixed / complex products nec.,318.846289
North America,2017,Natural Gas,123.75450500000001
North America,2017,Non-ferrous ores,13.833287
North America,2017,Non-metallic minerals - construction dominant,16.217993
North America,2017,Non-metallic minerals - industrial or agricultural dominant,31.356118
North America,2017,Non-wild animal products,15.367832
North America,2017,Other products mainly from fossil fuels e.g. plastics,30.815383999999998
North America,2017,Petroleum,223.24614599999998
North America,2017,Products mainly from biomass nec.,51.611245
North America,2017,Products mainly from metals nec.,26.955179
North America,2017,Products mainly from non-metallic minerals,82.109053
North America,2017,Refined fossil fuels mainly for fuel e.g. LPG gasoline diesel,212.870113
North America,2017,Waste for final treatment and disposal,1.903759
North America,2017,Wild catch and harvest,1.9434559999999999
North America,2017,Wood,127.444864
North America,2018,Coal,137.238
North America,2018,Crop Residues,0.192969
North America,2018,Crops,247.06767100000002
North America,2018,Excavated earthen materials (including soil) nec,0
North America,2018,Ferrous ores,73.07633299999999
North America,2018,Grazed biomass and fodder crops,5.107527
North America,2018,Mixed / complex products nec.,48.182717000000004
North America,2018,Natural Gas,130.212834
North America,2018,Non-ferrous ores,13.948979
North America,2018,Non-metallic minerals - construction dominant,13.457875
North America,2018,Non-metallic minerals - industrial or agricultural dominant,33.836571
North America,2018,Non-wild animal products,15.844146
North America,2018,Other products mainly from fossil fuels e.g. plastics,38.354391
North America,2018,Petroleum,282.573264
North America,2018,Products mainly from biomass nec.,54.449254
North America,2018,Products mainly from metals nec.,25.682037
North America,2018,Products mainly from non-metallic minerals,85.46115900000001
North America,2018,Refined fossil fuels mainly for fuel e.g. LPG gasoline diesel,223.607906
North America,2018,Waste for final treatment and disposal,1.866683
North America,2018,Wild catch and harvest,1.818457
North America,2018,Wood,130.136134
North America,2019,Coal,120.73599999999999
North America,2019,Crop Residues,0.220767
North America,2019,Crops,223.432327
North America,2019,Excavated earthen materials (including soil) nec,0
North America,2019,Ferrous ores,74.71495300000001
North America,2019,Grazed biomass and fodder crops,5.3938
North America,2019,Mixed / complex products nec.,131.34479100000001
North America,2019,Natural Gas,148.64389699999998
North America,2019,Non-ferrous ores,13.77898
North America,2019,Non-metallic minerals - construction dominant,14.256667
North America,2019,Non-metallic minerals - industrial or agricultural dominant,33.687894
North America,2019,Non-wild animal products,16.446984
North America,2019,Other products mainly from fossil fuels e.g. plastics,30.09568
North America,2019,Petroleum,335.97733600000004
North America,2019,Products mainly from biomass nec.,50.330278
North America,2019,Products mainly from metals nec.,23.745678
North America,2019,Products mainly from non-metallic minerals,85.905348
North America,2019,Refined fossil fuels mainly for fuel e.g. LPG gasoline diesel,223.807971
North America,2019,Waste for final treatment and disposal,1.7269480000000001
North America,2019,Wild catch and harvest,1.756418
North America,2019,Wood,120.243964
North America,2020,Coal,94.295
North America,2020,Crop Residues,0.12943
North America,2020,Crops,259.570264
North America,2020,Excavated earthen materials (including soil) nec,0
North America,2020,Ferrous ores,73.677422000000007
North America,2020,Grazed biomass and fodder crops,5.451009
North America,2020,Mixed / complex products nec.,127.062992
North America,2020,Natural Gas,156.496153
North America,2020,Non-ferrous ores,13.523634
North America,2020,Non-metallic minerals - construction dominant,14.121364
North America,2020,Non-metallic minerals - industrial or agricultural dominant,32.714965
North America,2020,Non-wild animal products,17.417609
North America,2020,Other products mainly from fossil fuels e.g. plastics,27.859909000000002
North America,2020,Petroleum,338.265904
North America,2020,Products mainly from biomass nec.,49.017357000000004
North America,2020,Products mainly from metals nec.,23.267382
North America,2020,Products mainly from non-metallic minerals,84.305412
North America,2020,Refined fossil fuels mainly for fuel e.g. LPG gasoline diesel,209.828195
North America,2020,Waste for final treatment and disposal,1.676939
North America,2020,Wild catch and harvest,1.532612
North America,2020,Wood,114.17869800000001
North America,2021,Coal,108.970713
North America,2021,Crop Residues,0.11844299999999999
North America,2021,Crops,253.23774999999998
North America,2021,Excavated earthen materials (including soil) nec,0
North America,2021,Ferrous ores,76.704137
North America,2021,Grazed biomass and fodder crops,5.814132
North America,2021,Mixed / complex products nec.,131.38680200000002
North America,2021,Natural Gas,194.245264
North America,2021,Non-ferrous ores,13.897701
North America,2021,Non-metallic minerals - construction dominant,14.573865
North America,2021,Non-metallic minerals - industrial or agricultural dominant,34.290968
North America,2021,Non-wild animal products,17.927751
North America,2021,Other products mainly from fossil fuels e.g. plastics,28.520134999999996
North America,2021,Petroleum,336.581455
North America,2021,Products mainly from biomass nec.,50.507951999999996
North America,2021,Products mainly from metals nec.,24.003202
North America,2021,Products mainly from non-metallic minerals,88.105843
North America,2021,Refined fossil fuels mainly for fuel e.g. LPG gasoline diesel,215.835687
North America,2021,Waste for final treatment and disposal,1.728927
North America,2021,Wild catch and harvest,1.593505
North America,2021,Wood,120.016023
North America,2022,Coal,107.547427
North America,2022,Crop Residues,0.120081
North America,2022,Crops,257.849288
North America,2022,Excavated earthen materials (including soil) nec,0
North America,2022,Ferrous ores,78.653485
North America,2022,Grazed biomass and fodder crops,5.9201250000000005
North America,2022,Mixed / complex products nec.,133.786401
North America,2022,Natural Gas,192.54450400000002
North America,2022,Non-ferrous ores,14.130532
North America,2022,Non-metallic minerals - construction dominant,14.924026
North America,2022,Non-metallic minerals - industrial or agricultural dominant,35.441122
North America,2022,Non-wild animal products,18.252003000000002
North America,2022,Other products mainly from fossil fuels e.g. plastics,28.653546000000002
North America,2022,Petroleum,341.997252
North America,2022,Products mainly from biomass nec.,51.418876
North America,2022,Products mainly from metals nec.,24.455897
North America,2022,Products mainly from non-metallic minerals,91.149774
North America,2022,Refined fossil fuels mainly for fuel e.g. LPG gasoline diesel,216.80612100000002
North America,2022,Waste for final treatment and disposal,1.7580740000000001
North America,2022,Wild catch and harvest,1.6371740000000001
North America,2022,Wood,123.277021
North America,2023,Coal,106.000537
North America,2023,Crop Residues,0.121591
North America,2023,Crops,262.330774
North America,2023,Excavated earthen materials (including soil) nec,0
North America,2023,Ferrous ores,80.743192
North America,2023,Grazed biomass and fodder crops,6.017989
North America,2023,Mixed / complex products nec.,135.971453
North America,2023,Natural Gas,190.170119
North America,2023,Non-ferrous ores,14.346132
North America,2023,Non-metallic minerals - construction dominant,15.191128
North America,2023,Non-metallic minerals - industrial or agricultural dominant,36.450421
North America,2023,Non-wild animal products,18.546928
North America,2023,Other products mainly from fossil fuels e.g. plastics,28.611475
North America,2023,Petroleum,344.506665
North America,2023,Products mainly from biomass nec.,52.242888
North America,2023,Products mainly from metals nec.,24.881359
North America,2023,Products mainly from non-metallic minerals,94.045116
North America,2023,Refined fossil fuels mainly for fuel e.g. LPG gasoline diesel,216.475353
North America,2023,Waste for final treatment and disposal,1.78315
North America,2023,Wild catch and harvest,1.674574
North America,2023,Wood,126.76809399999999
North America,2024,Coal,104.732341
North America,2024,Crop Residues,0.122863
North America,2024,Crops,266.073637
North America,2024,Excavated earthen materials (including soil) nec,0
North America,2024,Ferrous ores,82.839939
North America,2024,Grazed biomass and fodder crops,6.090037000000001
North America,2024,Mixed / complex products nec.,137.741682
North America,2024,Natural Gas,187.38422599999998
North America,2024,Non-ferrous ores,14.560384
North America,2024,Non-metallic minerals - construction dominant,15.386101
North America,2024,Non-metallic minerals - industrial or agricultural dominant,37.255643
North America,2024,Non-wild animal products,18.765757
North America,2024,Other products mainly from fossil fuels e.g. plastics,28.445736999999998
North America,2024,Petroleum,344.983558
North America,2024,Products mainly from biomass nec.,52.856046000000006
North America,2024,Products mainly from metals nec.,25.299162000000003
North America,2024,Products mainly from non-metallic minerals,96.386765
North America,2024,Refined fossil fuels mainly for fuel e.g. LPG gasoline diesel,215.215525
North America,2024,Waste for final treatment and disposal,1.803273
North America,2024,Wild catch and harvest,1.704777
North America,2024,Wood,129.623026
Oceania,1970,Coal,18.32
Oceania,1970,Crop Residues,0
Oceania,1970,Crops,11.233865
Oceania,1970,Excavated earthen materials (including soil) nec,0
Oceania,1970,Ferrous ores,60.423001
Oceania,1970,Grazed biomass and fodder crops,0.010137
Oceania,1970,Mixed / complex products nec.,0.044992
Oceania,1970,Natural Gas,0
Oceania,1970,Non-ferrous ores,3.819018
Oceania,1970,Non-metallic minerals - construction dominant,0.318513
Oceania,1970,Non-metallic minerals - industrial or agricultural dominant,1.154519
Oceania,1970,Non-wild animal products,3.54806
Oceania,1970,Other products mainly from fossil fuels e.g. plastics,0.039299999999999995
Oceania,1970,Petroleum,0.018
Oceania,1970,Products mainly from biomass nec.,0.38437499999999997
Oceania,1970,Products mainly from metals nec.,0.285761
Oceania,1970,Products mainly from non-metallic minerals,0.220671
Oceania,1970,Refined fossil fuels mainly for fuel e.g. LPG gasoline diesel,1.4529999999999998
Oceania,1970,Waste for final treatment and disposal,0.004899
Oceania,1970,Wild catch and harvest,0
Oceania,1970,Wood,1.922944
Oceania,1971,Coal,20.838
Oceania,1971,Crop Residues,0
Oceania,1971,Crops,14.828244
Oceania,1971,Excavated earthen materials (including soil) nec,0
Oceania,1971,Ferrous ores,54.866751
Oceania,1971,Grazed biomass and fodder crops,0.011635
Oceania,1971,Mixed / complex products nec.,0.119755
Oceania,1971,Natural Gas,0
Oceania,1971,Non-ferrous ores,5.962825
Oceania,1971,Non-metallic minerals - construction dominant,0.327235
Oceania,1971,Non-metallic minerals - industrial or agricultural dominant,0.747514
Oceania,1971,Non-wild animal products,3.4151420000000003
Oceania,1971,Other products mainly from fossil fuels e.g. plastics,0.042532
Oceania,1971,Petroleum,0.704
Oceania,1971,Products mainly from biomass nec.,0.487403
Oceania,1971,Products mainly from metals nec.,0.216942
Oceania,1971,Products mainly from non-metallic minerals,0.22981400000000002
Oceania,1971,Refined fossil fuels mainly for fuel e.g. LPG gasoline diesel,1.717
Oceania,1971,Waste for final treatment and disposal,0.007948
Oceania,1971,Wild catch and harvest,0
Oceania,1971,Wood,2.305524
Oceania,1972,Coal,23.648
Oceania,1972,Crop Residues,0
Oceania,1972,Crops,15.537628
Oceania,1972,Excavated earthen materials (including soil) nec,0
Oceania,1972,Ferrous ores,56.221145
Oceania,1972,Grazed biomass and fodder crops,0.012877
Oceania,1972,Mixed / complex products nec.,0.11714000000000001
Oceania,1972,Natural Gas,0
Oceania,1972,Non-ferrous ores,3.5388520000000003
Oceania,1972,Non-metallic minerals - construction dominant,0.24919999999999998
Oceania,1972,Non-metallic minerals - industrial or agricultural dominant,0.6137539999999999
Oceania,1972,Non-wild animal products,3.758846
Oceania,1972,Other products mainly from fossil fuels e.g. plastics,0.050257
Oceania,1972,Petroleum,0.556
Oceania,1972,Products mainly from biomass nec.,0.515428
Oceania,1972,Products mainly from metals nec.,0.24278
Oceania,1972,Products mainly from non-metallic minerals,0.23597800000000002
Oceania,1972,Refined fossil fuels mainly for fuel e.g. LPG gasoline diesel,1.7289999999999999
Oceania,1972,Waste for final treatment and disposal,0.009699
Oceania,1972,Wild catch and harvest,0
Oceania,1972,Wood,2.5555280000000002
Oceania,1973,Coal,28.44
Oceania,1973,Crop Residues,0
Oceania,1973,Crops,11.024074
Oceania,1973,Excavated earthen materials (including soil) nec,0
Oceania,1973,Ferrous ores,77.11984600000001
Oceania,1973,Grazed biomass and fodder crops,0.011715
Oceania,1973,Mixed / complex products nec.,0.161601
Oceania,1973,Natural Gas,0
Oceania,1973,Non-ferrous ores,2.13263
Oceania,1973,Non-metallic minerals - construction dominant,0.393681
Oceania,1973,Non-metallic minerals - industrial or agricultural dominant,1.6667589999999999
Oceania,1973,Non-wild animal products,3.980997
Oceania,1973,Other products mainly from fossil fuels e.g. plastics,0.065747
Oceania,1973,Petroleum,0.29500000000000004
Oceania,1973,Products mainly from biomass nec.,0.5382830000000001
Oceania,1973,Products mainly from metals nec.,0.442786
Oceania,1973,Products mainly from non-metallic minerals,0.308479
Oceania,1973,Refined fossil fuels mainly for fuel e.g. LPG gasoline diesel,2.158
Oceania,1973,Waste for final treatment and disposal,0.013372
Oceania,1973,Wild catch and harvest,0
Oceania,1973,Wood,3.246624
Oceania,1974,Coal,29.373
Oceania,1974,Crop Residues,0
Oceania,1974,Crops,10.346814
Oceania,1974,Excavated earthen materials (including soil) nec,0
Oceania,1974,Ferrous ores,87.585798
Oceania,1974,Grazed biomass and fodder crops,0.01119
Oceania,1974,Mixed / complex products nec.,0.167069
Oceania,1974,Natural Gas,0
Oceania,1974,Non-ferrous ores,2.98481
Oceania,1974,Non-metallic minerals - construction dominant,0.30381
Oceania,1974,Non-metallic minerals - industrial or agricultural dominant,1.828986
Oceania,1974,Non-wild animal products,3.339989
Oceania,1974,Other products mainly from fossil fuels e.g. plastics,0.062488999999999996
Oceania,1974,Petroleum,0.257
Oceania,1974,Products mainly from biomass nec.,0.526724
Oceania,1974,Products mainly from metals nec.,0.27164699999999997
Oceania,1974,Products mainly from non-metallic minerals,0.449066
Oceania,1974,Refined fossil fuels mainly for fuel e.g. LPG gasoline diesel,2.848
Oceania,1974,Waste for final treatment and disposal,0.007635
Oceania,1974,Wild catch and harvest,0
Oceania,1974,Wood,3.590948
Oceania,1975,Coal,30.256
Oceania,1975,Crop Residues,0
Oceania,1975,Crops,14.594424
Oceania,1975,Excavated earthen materials (including soil) nec,0
Oceania,1975,Ferrous ores,85.093183
Oceania,1975,Grazed biomass and fodder crops,0.009871
Oceania,1975,Mixed / complex products nec.,0.12739799999999998
Oceania,1975,Natural Gas,0
Oceania,1975,Non-ferrous ores,1.860158
Oceania,1975,Non-metallic minerals - construction dominant,0.21653999999999998
Oceania,1975,Non-metallic minerals - industrial or agricultural dominant,1.6952720000000001
Oceania,1975,Non-wild animal products,3.137163
Oceania,1975,Other products mainly from fossil fuels e.g. plastics,0.062441
Oceania,1975,Petroleum,0.196
Oceania,1975,Products mainly from biomass nec.,0.488456
Oceania,1975,Products mainly from metals nec.,0.239522
Oceania,1975,Products mainly from non-metallic minerals,0.409767
Oceania,1975,Refined fossil fuels mainly for fuel e.g. LPG gasoline diesel,2.489
Oceania,1975,Waste for final treatment and disposal,0.006657
Oceania,1975,Wild catch and harvest,0
Oceania,1975,Wood,3.159808
Oceania,1976,Coal,30.437
Oceania,1976,Crop Residues,0
Oceania,1976,Crops,14.838947000000001
Oceania,1976,Excavated earthen materials (including soil) nec,0
Oceania,1976,Ferrous ores,85.743695
Oceania,1976,Grazed biomass and fodder crops,0.002475
Oceania,1976,Mixed / complex products nec.,0.213841
Oceania,1976,Natural Gas,0
Oceania,1976,Non-ferrous ores,6.058966
Oceania,1976,Non-metallic minerals - construction dominant,0.164114
Oceania,1976,Non-metallic minerals - industrial or agricultural dominant,2.114108
Oceania,1976,Non-wild animal products,3.9827339999999998
Oceania,1976,Other products mainly from fossil fuels e.g. plastics,0.061917
Oceania,1976,Petroleum,0.005
Oceania,1976,Products mainly from biomass nec.,0.414142
Oceania,1976,Products mainly from metals nec.,0.188038
Oceania,1976,Products mainly from non-metallic minerals,0.321378
Oceania,1976,Refined fossil fuels mainly for fuel e.g. LPG gasoline diesel,2.612
Oceania,1976,Waste for final treatment and disposal,0.007982
Oceania,1976,Wild catch and harvest,0.074457
Oceania,1976,Wood,4.073394
Oceania,1977,Coal,35.453
Oceania,1977,Crop Residues,0
Oceania,1977,Crops,15.910143999999999
Oceania,1977,Excavated earthen materials (including soil) nec,0
Oceania,1977,Ferrous ores,84.09269800000001
Oceania,1977,Grazed biomass and fodder crops,0.003503
Oceania,1977,Mixed / complex products nec.,0.196403
Oceania,1977,Natural Gas,0
Oceania,1977,Non-ferrous ores,5.687292
Oceania,1977,Non-metallic minerals - construction dominant,0.191151
Oceania,1977,Non-metallic minerals - industrial or agricultural dominant,2.0577039999999998
Oceania,1977,Non-wild animal products,4.449938
Oceania,1977,Other products mainly from fossil fuels e.g. plastics,0.06367099999999999
Oceania,1977,Petroleum,0.011
Oceania,1977,Products mainly from biomass nec.,0.459217
Oceania,1977,Products mainly from metals nec.,0.155593
Oceania,1977,Products mainly from non-metallic minerals,0.299914
Oceania,1977,Refined fossil fuels mainly for fuel e.g. LPG gasoline diesel,2.6630000000000003
Oceania,1977,Waste for final treatment and disposal,0.00776
Oceania,1977,Wild catch and harvest,0.094756
Oceania,1977,Wood,4.926893
Oceania,1978,Coal,37.964000000000006
Oceania,1978,Crop Residues,0
Oceania,1978,Crops,17.261886999999998
Oceania,1978,Excavated earthen materials (including soil) nec,0
Oceania,1978,Ferrous ores,81.456589
Oceania,1978,Grazed biomass and fodder crops,0.002902
Oceania,1978,Mixed / complex products nec.,0.402542
Oceania,1978,Natural Gas,0
Oceania,1978,Non-ferrous ores,4.914712
Oceania,1978,Non-metallic minerals - construction dominant,0.194839
Oceania,1978,Non-metallic minerals - industrial or agricultural dominant,2.666494
Oceania,1978,Non-wild animal products,4.2307809999999995
Oceania,1978,Other products mainly from fossil fuels e.g. plastics,0.080666
Oceania,1978,Petroleum,0.178
Oceania,1978,Products mainly from biomass nec.,0.504477
Oceania,1978,Products mainly from metals nec.,0.189
Oceania,1978,Products mainly from non-metallic minerals,0.36858399999999997
Oceania,1978,Refined fossil fuels mainly for fuel e.g. LPG gasoline diesel,3.7830000000000004
Oceania,1978,Waste for final treatment and disposal,0.008391
Oceania,1978,Wild catch and harvest,0.125004
Oceania,1978,Wood,4.878812
Oceania,1979,Coal,38.312999999999995
Oceania,1979,Crop Residues,0
Oceania,1979,Crops,13.245946
Oceania,1979,Excavated earthen materials (including soil) nec,0
Oceania,1979,Ferrous ores,84.45775499999999
Oceania,1979,Grazed biomass and fodder crops,0.00335
Oceania,1979,Mixed / complex products nec.,0.636949
Oceania,1979,Natural Gas,0
Oceania,1979,Non-ferrous ores,5.258477
Oceania,1979,Non-metallic minerals - construction dominant,0.7582859999999999
Oceania,1979,Non-metallic minerals - industrial or agricultural dominant,2.602202
Oceania,1979,Non-wild animal products,4.463754
Oceania,1979,Other products mainly from fossil fuels e.g. plastics,0.09886
Oceania,1979,Petroleum,0.33799999999999997
Oceania,1979,Products mainly from biomass nec.,0.5739730000000001
Oceania,1979,Products mainly from metals nec.,0.336223
Oceania,1979,Products mainly from non-metallic minerals,0.574199
Oceania,1979,Refined fossil fuels mainly for fuel e.g. LPG gasoline diesel,3.532
Oceania,1979,Waste for final treatment and disposal,0.030179
Oceania,1979,Wild catch and harvest,0.150942
Oceania,1979,Wood,5.337208
Oceania,1980,Coal,43.256
Oceania,1980,Crop Residues,2.44e-4
Oceania,1980,Crops,23.605919
Oceania,1980,Excavated earthen materials (including soil) nec,0
Oceania,1980,Ferrous ores,85.793031
Oceania,1980,Grazed biomass and fodder crops,0.002239
Oceania,1980,Mixed / complex products nec.,0.5525289999999999
Oceania,1980,Natural Gas,0
Oceania,1980,Non-ferrous ores,6.220826000000001
Oceania,1980,Non-metallic minerals - construction dominant,1.069225
Oceania,1980,Non-metallic minerals - industrial or agricultural dominant,2.157733
Oceania,1980,Non-wild animal products,3.970076
Oceania,1980,Other products mainly from fossil fuels e.g. plastics,0.089688
Oceania,1980,Petroleum,0.17300000000000001
Oceania,1980,Products mainly from biomass nec.,0.741
Oceania,1980,Products mainly from metals nec.,0.549111
Oceania,1980,Products mainly from non-metallic minerals,0.728458
Oceania,1980,Refined fossil fuels mainly for fuel e.g. LPG gasoline diesel,3.177
Oceania,1980,Waste for final treatment and disposal,0.043574
Oceania,1980,Wild catch and harvest,0.216547
Oceania,1980,Wood,6.286124
Oceania,1981,Coal,47.71
Oceania,1981,Crop Residues,5.59e-4
Oceania,1981,Crops,17.628949000000002
Oceania,1981,Excavated earthen materials (including soil) nec,0
Oceania,1981,Ferrous ores,79.088415
Oceania,1981,Grazed biomass and fodder crops,0.002114
Oceania,1981,Mixed / complex products nec.,0.541502
Oceania,1981,Natural Gas,0
Oceania,1981,Non-ferrous ores,14.929193
Oceania,1981,Non-metallic minerals - construction dominant,1.0502960000000001
Oceania,1981,Non-metallic minerals - industrial or agricultural dominant,2.020042
Oceania,1981,Non-wild animal products,3.993842
Oceania,1981,Other products mainly from fossil fuels e.g. plastics,0.127906
Oceania,1981,Petroleum,0.146
Oceania,1981,Products mainly from biomass nec.,0.767065
Oceania,1981,Products mainly from metals nec.,0.419082
Oceania,1981,Products mainly from non-metallic minerals,0.669354
Oceania,1981,Refined fossil fuels mainly for fuel e.g. LPG gasoline diesel,3.185
Oceania,1981,Waste for final treatment and disposal,0.03608
Oceania,1981,Wild catch and harvest,0.216317
Oceania,1981,Wood,6.008168
Oceania,1982,Coal,47.402
Oceania,1982,Crop Residues,6.3e-5
Oceania,1982,Crops,19.01491
Oceania,1982,Excavated earthen materials (including soil) nec,0
Oceania,1982,Ferrous ores,82.402856
Oceania,1982,Grazed biomass and fodder crops,8.510000000000001e-4
Oceania,1982,Mixed / complex products nec.,0.44221099999999997
Oceania,1982,Natural Gas,0
Oceania,1982,Non-ferrous ores,12.170607
Oceania,1982,Non-metallic minerals - construction dominant,1.248171
Oceania,1982,Non-metallic minerals - industrial or agricultural dominant,4.3639079999999995
Oceania,1982,Non-wild animal products,4.02947
Oceania,1982,Other products mainly from fossil fuels e.g. plastics,0.15861799999999998
Oceania,1982,Petroleum,0.038
Oceania,1982,Products mainly from biomass nec.,0.726822
Oceania,1982,Products mainly from metals nec.,0.215906
Oceania,1982,Products mainly from non-metallic minerals,0.77424
Oceania,1982,Refined fossil fuels mainly for fuel e.g. LPG gasoline diesel,3.113
Oceania,1982,Waste for final treatment and disposal,0.06776299999999999
Oceania,1982,Wild catch and harvest,0.185007
Oceania,1982,Wood,5.738092
Oceania,1983,Coal,55.813
Oceania,1983,Crop Residues,2.97e-4
Oceania,1983,Crops,14.533733999999999
Oceania,1983,Excavated earthen materials (including soil) nec,0
Oceania,1983,Ferrous ores,81.07593700000001
Oceania,1983,Grazed biomass and fodder crops,0.00129
Oceania,1983,Mixed / complex products nec.,0.300168
Oceania,1983,Natural Gas,0
Oceania,1983,Non-ferrous ores,11.907541
Oceania,1983,Non-metallic minerals - construction dominant,1.600882
Oceania,1983,Non-metallic minerals - industrial or agricultural dominant,4.7735959999999995
Oceania,1983,Non-wild animal products,4.277515
Oceania,1983,Other products mainly from fossil fuels e.g. plastics,0.173299
Oceania,1983,Petroleum,0.13
Oceania,1983,Products mainly from biomass nec.,0.808908
Oceania,1983,Products mainly from metals nec.,0.173157
Oceania,1983,Products mainly from non-metallic minerals,0.788261
Oceania,1983,Refined fossil fuels mainly for fuel e.g. LPG gasoline diesel,3.423
Oceania,1983,Waste for final treatment and disposal,0.037838
Oceania,1983,Wild catch and harvest,0.197745
Oceania,1983,Wood,5.72808
Oceania,1984,Coal,66.94699999999999
Oceania,1984,Crop Residues,3.7e-5
Oceania,1984,Crops,19.622483
Oceania,1984,Excavated earthen materials (including soil) nec,0
Oceania,1984,Ferrous ores,92.277074
Oceania,1984,Grazed biomass and fodder crops,0.018644
Oceania,1984,Mixed / complex products nec.,0.414132
Oceania,1984,Natural Gas,0
Oceania,1984,Non-ferrous ores,12.492834
Oceania,1984,Non-metallic minerals - construction dominant,1.4318749999999998
Oceania,1984,Non-metallic minerals - industrial or agricultural dominant,5.094579
Oceania,1984,Non-wild animal products,3.874374
Oceania,1984,Other products mainly from fossil fuels e.g. plastics,0.161138
Oceania,1984,Petroleum,0.886
Oceania,1984,Products mainly from biomass nec.,0.656447
Oceania,1984,Products mainly from metals nec.,0.217067
Oceania,1984,Products mainly from non-metallic minerals,0.598434
Oceania,1984,Refined fossil fuels mainly for fuel e.g. LPG gasoline diesel,4.136
Oceania,1984,Waste for final treatment and disposal,0.040899000000000005
Oceania,1984,Wild catch and harvest,0.21741
Oceania,1984,Wood,6.335944
Oceania,1985,Coal,84.241
Oceania,1985,Crop Residues,2.88e-4
Oceania,1985,Crops,28.684747
Oceania,1985,Excavated earthen materials (including soil) nec,0
Oceania,1985,Ferrous ores,92.075254
Oceania,1985,Grazed biomass and fodder crops,0.004063
Oceania,1985,Mixed / complex products nec.,0.426896
Oceania,1985,Natural Gas,0
Oceania,1985,Non-ferrous ores,12.718806
Oceania,1985,Non-metallic minerals - construction dominant,1.427706
Oceania,1985,Non-metallic minerals - industrial or agricultural dominant,5.219334000000001
Oceania,1985,Non-wild animal products,3.9870929999999998
Oceania,1985,Other products mainly from fossil fuels e.g. plastics,0.17777300000000001
Oceania,1985,Petroleum,4.895
Oceania,1985,Products mainly from biomass nec.,0.603572
Oceania,1985,Products mainly from metals nec.,0.226063
Oceania,1985,Products mainly from non-metallic minerals,0.9244770000000001
Oceania,1985,Refined fossil fuels mainly for fuel e.g. LPG gasoline diesel,3.476
Oceania,1985,Waste for final treatment and disposal,0.069402
Oceania,1985,Wild catch and harvest,0.21678
Oceania,1985,Wood,6.28362
Oceania,1986,Coal,90.228
Oceania,1986,Crop Residues,2.0800000000000001e-4
Oceania,1986,Crops,27.96917
Oceania,1986,Excavated earthen materials (including soil) nec,0
Oceania,1986,Ferrous ores,86.54440199999999
Oceania,1986,Grazed biomass and fodder crops,0.011678
Oceania,1986,Mixed / complex products nec.,0.326051
Oceania,1986,Natural Gas,0
Oceania,1986,Non-ferrous ores,13.188113999999999
Oceania,1986,Non-metallic minerals - construction dominant,1.588325
Oceania,1986,Non-metallic minerals - industrial or agricultural dominant,5.671622999999999
Oceania,1986,Non-wild animal products,4.231952
Oceania,1986,Other products mainly from fossil fuels e.g. plastics,0.15889999999999999
Oceania,1986,Petroleum,4.041
Oceania,1986,Products mainly from biomass nec.,0.722642
Oceania,1986,Products mainly from metals nec.,0.244783
Oceania,1986,Products mainly from non-metallic minerals,0.935692
Oceania,1986,Refined fossil fuels mainly for fuel e.g. LPG gasoline diesel,3.789
Oceania,1986,Waste for final treatment and disposal,0.073246
Oceania,1986,Wild catch and harvest,0.241647
Oceania,1986,Wood,6.320004
Oceania,1987,Coal,96.067
Oceania,1987,Crop Residues,3.27e-4
Oceania,1987,Crops,24.257409
Oceania,1987,Excavated earthen materials (including soil) nec,0
Oceania,1987,Ferrous ores,84.949951
Oceania,1987,Grazed biomass and fodder crops,0.035412
Oceania,1987,Mixed / complex products nec.,0.43569599999999997
Oceania,1987,Natural Gas,0
Oceania,1987,Non-ferrous ores,13.899124
Oceania,1987,Non-metallic minerals - construction dominant,1.287422
Oceania,1987,Non-metallic minerals - industrial or agricultural dominant,3.1309199999999997
Oceania,1987,Non-wild animal products,4.744217
Oceania,1987,Other products mainly from fossil fuels e.g. plastics,0.16398300000000002
Oceania,1987,Petroleum,4.678999999999999
Oceania,1987,Products mainly from biomass nec.,0.925214
Oceania,1987,Products mainly from metals nec.,0.226755
Oceania,1987,Products mainly from non-metallic minerals,1.0575890000000001
Oceania,1987,Refined fossil fuels mainly for fuel e.g. LPG gasoline diesel,3.731
Oceania,1987,Waste for final treatment and disposal,0.054678
Oceania,1987,Wild catch and harvest,0.23327
Oceania,1987,Wood,6.797803
Oceania,1988,Coal,102.64
Oceania,1988,Crop Residues,4.61e-4
Oceania,1988,Crops,20.557422000000003
Oceania,1988,Excavated earthen materials (including soil) nec,0
Oceania,1988,Ferrous ores,101.259276
Oceania,1988,Grazed biomass and fodder crops,0.13476
Oceania,1988,Mixed / complex products nec.,0.255835
Oceania,1988,Natural Gas,0
Oceania,1988,Non-ferrous ores,14.526136000000001
Oceania,1988,Non-metallic minerals - construction dominant,0.152414
Oceania,1988,Non-metallic minerals - industrial or agricultural dominant,8.245062
Oceania,1988,Non-wild animal products,4.786482
Oceania,1988,Other products mainly from fossil fuels e.g. plastics,0.195102
Oceania,1988,Petroleum,5.458
Oceania,1988,Products mainly from biomass nec.,0.993852
Oceania,1988,Products mainly from metals nec.,0.294629
Oceania,1988,Products mainly from non-metallic minerals,0.941885
Oceania,1988,Refined fossil fuels mainly for fuel e.g. LPG gasoline diesel,4.463
Oceania,1988,Waste for final treatment and disposal,0.024482999999999998
Oceania,1988,Wild catch and harvest,0.30403
Oceania,1988,Wood,7.255103999999999
Oceania,1989,Coal,99.812
Oceania,1989,Crop Residues,5.03e-4
Oceania,1989,Crops,19.196613
Oceania,1989,Excavated earthen materials (including soil) nec,0
Oceania,1989,Ferrous ores,109.89742199999999
Oceania,1989,Grazed biomass and fodder crops,0.212738
Oceania,1989,Mixed / complex products nec.,0.266663
Oceania,1989,Natural Gas,0
Oceania,1989,Non-ferrous ores,15.077634
Oceania,1989,Non-metallic minerals - construction dominant,0.268285
Oceania,1989,Non-metallic minerals - industrial or agricultural dominant,8.524126
Oceania,1989,Non-wild animal products,4.550918
Oceania,1989,Other products mainly from fossil fuels e.g. plastics,0.208628
Oceania,1989,Petroleum,4.011
Oceania,1989,Products mainly from biomass nec.,1.0200369999999999
Oceania,1989,Products mainly from metals nec.,0.331541
Oceania,1989,Products mainly from non-metallic minerals,1.045835
Oceania,1989,Refined fossil fuels mainly for fuel e.g. LPG gasoline diesel,4.027
Oceania,1989,Waste for final treatment and disposal,0.057135
Oceania,1989,Wild catch and harvest,0.333968
Oceania,1989,Wood,7.624846
Oceania,1990,Coal,103.763
Oceania,1990,Crop Residues,1.7e-5
Oceania,1990,Crops,21.233134
Oceania,1990,Excavated earthen materials (including soil) nec,0
Oceania,1990,Ferrous ores,103.86263799999999
Oceania,1990,Grazed biomass and fodder crops,0.187132
Oceania,1990,Mixed / complex products nec.,0.305393
Oceania,1990,Natural Gas,1.926959
Oceania,1990,Non-ferrous ores,15.045416999999999
Oceania,1990,Non-metallic minerals - construction dominant,0.133066
Oceania,1990,Non-metallic minerals - industrial or agricultural dominant,9.516563999999999
Oceania,1990,Non-wild animal products,4.376956
Oceania,1990,Other products mainly from fossil fuels e.g. plastics,0.202099
Oceania,1990,Petroleum,10.954
Oceania,1990,Products mainly from biomass nec.,1.105294
Oceania,1990,Products mainly from metals nec.,0.464212
Oceania,1990,Products mainly from non-metallic minerals,1.164434
Oceania,1990,Refined fossil fuels mainly for fuel e.g. LPG gasoline diesel,3.8144
Oceania,1990,Waste for final treatment and disposal,0.03512
Oceania,1990,Wild catch and harvest,0.285896
Oceania,1990,Wood,6.728345
Oceania,1991,Coal,120.836
Oceania,1991,Crop Residues,1.16e-4
Oceania,1991,Crops,21.4196
Oceania,1991,Excavated earthen materials (including soil) nec,0
Oceania,1991,Ferrous ores,119.25306499999999
Oceania,1991,Grazed biomass and fodder crops,0.190703
Oceania,1991,Mixed / complex products nec.,0.332622
Oceania,1991,Natural Gas,3.26155
Oceania,1991,Non-ferrous ores,15.57152
Oceania,1991,Non-metallic minerals - construction dominant,0.267619
Oceania,1991,Non-metallic minerals - industrial or agricultural dominant,10.186575999999999
Oceania,1991,Non-wild animal products,4.585392000000001
Oceania,1991,Other products mainly from fossil fuels e.g. plastics,0.257496
Oceania,1991,Petroleum,13.169
Oceania,1991,Products mainly from biomass nec.,1.202429
Oceania,1991,Products mainly from metals nec.,0.467471
Oceania,1991,Products mainly from non-metallic minerals,1.827844
Oceania,1991,Refined fossil fuels mainly for fuel e.g. LPG gasoline diesel,4.019
Oceania,1991,Waste for final treatment and disposal,0.034084
Oceania,1991,Wild catch and harvest,0.390521
Oceania,1991,Wood,8.652744
Oceania,1992,Coal,127.094
Oceania,1992,Crop Residues,0.005015
Oceania,1992,Crops,16.992774
Oceania,1992,Excavated earthen materials (including soil) nec,0
Oceania,1992,Ferrous ores,112.97883999999999
Oceania,1992,Grazed biomass and fodder crops,0.236896
Oceania,1992,Mixed / complex products nec.,0.281845
Oceania,1992,Natural Gas,4.150102
Oceania,1992,Non-ferrous ores,16.14043
Oceania,1992,Non-metallic minerals - construction dominant,0.32670299999999997
Oceania,1992,Non-metallic minerals - industrial or agricultural dominant,10.089747000000001
Oceania,1992,Non-wild animal products,5.173099
Oceania,1992,Other products mainly from fossil fuels e.g. plastics,0.297103
Oceania,1992,Petroleum,14.154
Oceania,1992,Products mainly from biomass nec.,1.3216729999999999
Oceania,1992,Products mainly from metals nec.,0.537611
Oceania,1992,Products mainly from non-metallic minerals,1.928086
Oceania,1992,Refined fossil fuels mainly for fuel e.g. LPG gasoline diesel,3.6119999999999997
Oceania,1992,Waste for final treatment and disposal,0.046242
Oceania,1992,Wild catch and harvest,0.39410100000000003
Oceania,1992,Wood,9.313989000000001
Oceania,1993,Coal,132.601
Oceania,1993,Crop Residues,6e-6
Oceania,1993,Crops,20.440047
Oceania,1993,Excavated earthen materials (including soil) nec,0
Oceania,1993,Ferrous ores,121.621377
Oceania,1993,Grazed biomass and fodder crops,0.309705
Oceania,1993,Mixed / complex products nec.,0.465727
Oceania,1993,Natural Gas,4.876564
Oceania,1993,Non-ferrous ores,16.575952
Oceania,1993,Non-metallic minerals - construction dominant,0.37274799999999997
Oceania,1993,Non-metallic minerals - industrial or agricultural dominant,10.197686000000001
Oceania,1993,Non-wild animal products,5.064437
Oceania,1993,Other products mainly from fossil fuels e.g. plastics,0.34158499999999997
Oceania,1993,Petroleum,15.276
Oceania,1993,Products mainly from biomass nec.,1.290814
Oceania,1993,Products mainly from metals nec.,0.46560300000000004
Oceania,1993,Products mainly from non-metallic minerals,2.05572
Oceania,1993,Refined fossil fuels mainly for fuel e.g. LPG gasoline diesel,3.7070000000000003
Oceania,1993,Waste for final treatment and disposal,0.083931
Oceania,1993,Wild catch and harvest,0.392959
Oceania,1993,Wood,10.145621
Oceania,1994,Coal,132.345
Oceania,1994,Crop Residues,8.71e-4
Oceania,1994,Crops,25.135403
Oceania,1994,Excavated earthen materials (including soil) nec,0
Oceania,1994,Ferrous ores,130.264463
Oceania,1994,Grazed biomass and fodder crops,0.332921
Oceania,1994,Mixed / complex products nec.,6.014418
Oceania,1994,Natural Gas,5.654593
Oceania,1994,Non-ferrous ores,16.964367
Oceania,1994,Non-metallic minerals - construction dominant,0.39341
Oceania,1994,Non-metallic minerals - industrial or agricultural dominant,10.786328
Oceania,1994,Non-wild animal products,5.445399
Oceania,1994,Other products mainly from fossil fuels e.g. plastics,0.364805
Oceania,1994,Petroleum,15.177532
Oceania,1994,Products mainly from biomass nec.,1.514259
Oceania,1994,Products mainly from metals nec.,0.440413
Oceania,1994,Products mainly from non-metallic minerals,2.319419
Oceania,1994,Refined fossil fuels mainly for fuel e.g. LPG gasoline diesel,3.191
Oceania,1994,Waste for final treatment and disposal,0.083492
Oceania,1994,Wild catch and harvest,0.412663
Oceania,1994,Wood,11.586099
Oceania,1995,Coal,138.141
Oceania,1995,Crop Residues,0.001656
Oceania,1995,Crops,18.730853
Oceania,1995,Excavated earthen materials (including soil) nec,0
Oceania,1995,Ferrous ores,142.060355
Oceania,1995,Grazed biomass and fodder crops,0.084043
Oceania,1995,Mixed / complex products nec.,2.993306
Oceania,1995,Natural Gas,6.770731
Oceania,1995,Non-ferrous ores,17.132817
Oceania,1995,Non-metallic minerals - construction dominant,0.40997
Oceania,1995,Non-metallic minerals - industrial or agricultural dominant,11.757044
Oceania,1995,Non-wild animal products,5.69148
Oceania,1995,Other products mainly from fossil fuels e.g. plastics,0.418876
Oceania,1995,Petroleum,15.496264
Oceania,1995,Products mainly from biomass nec.,1.574827
Oceania,1995,Products mainly from metals nec.,0.5603360000000001
Oceania,1995,Products mainly from non-metallic minerals,2.722065
Oceania,1995,Refined fossil fuels mainly for fuel e.g. LPG gasoline diesel,2.9259999999999997
Oceania,1995,Waste for final treatment and disposal,0.079319
Oceania,1995,Wild catch and harvest,0.464474
Oceania,1995,Wood,12.158951
Oceania,1996,Coal,142.544
Oceania,1996,Crop Residues,0.009095
Oceania,1996,Crops,29.348146
Oceania,1996,Excavated earthen materials (including soil) nec,0
Oceania,1996,Ferrous ores,140.988635
Oceania,1996,Grazed biomass and fodder crops,0.455035
Oceania,1996,Mixed / complex products nec.,1.907293
Oceania,1996,Natural Gas,7.25739
Oceania,1996,Non-ferrous ores,17.709328
Oceania,1996,Non-metallic minerals - construction dominant,0.7682800000000001
Oceania,1996,Non-metallic minerals - industrial or agricultural dominant,11.666046999999999
Oceania,1996,Non-wild animal products,5.953732
Oceania,1996,Other products mainly from fossil fuels e.g. plastics,0.449195
Oceania,1996,Petroleum,15.70511
Oceania,1996,Products mainly from biomass nec.,1.6607480000000001
Oceania,1996,Products mainly from metals nec.,0.600005
Oceania,1996,Products mainly from non-metallic minerals,3.016375
Oceania,1996,Refined fossil fuels mainly for fuel e.g. LPG gasoline diesel,3.624
Oceania,1996,Waste for final treatment and disposal,0.09999799999999999
Oceania,1996,Wild catch and harvest,0.42433
Oceania,1996,Wood,11.79806
Oceania,1997,Coal,158.896
Oceania,1997,Crop Residues,0.010215
Oceania,1997,Crops,34.033432
Oceania,1997,Excavated earthen materials (including soil) nec,0
Oceania,1997,Ferrous ores,160.100954
Oceania,1997,Grazed biomass and fodder crops,0.124774
Oceania,1997,Mixed / complex products nec.,1.6619469999999998
Oceania,1997,Natural Gas,7.074919
Oceania,1997,Non-ferrous ores,18.442864999999998
Oceania,1997,Non-metallic minerals - construction dominant,0.792008
Oceania,1997,Non-metallic minerals - industrial or agricultural dominant,12.016727000000001
Oceania,1997,Non-wild animal products,6.614871
Oceania,1997,Other products mainly from fossil fuels e.g. plastics,0.49838
Oceania,1997,Petroleum,16.508803999999998
Oceania,1997,Products mainly from biomass nec.,1.740022
Oceania,1997,Products mainly from metals nec.,0.604402
Oceania,1997,Products mainly from non-metallic minerals,3.1391910000000003
Oceania,1997,Refined fossil fuels mainly for fuel e.g. LPG gasoline diesel,4.533
Oceania,1997,Waste for final treatment and disposal,0.031292
Oceania,1997,Wild catch and harvest,0.450321
Oceania,1997,Wood,13.096551
Oceania,1998,Coal,167.928
Oceania,1998,Crop Residues,0.008207
Oceania,1998,Crops,30.247544
Oceania,1998,Excavated earthen materials (including soil) nec,0
Oceania,1998,Ferrous ores,149.62664999999998
Oceania,1998,Grazed biomass and fodder crops,0.14109300000000002
Oceania,1998,Mixed / complex products nec.,2.926345
Oceania,1998,Natural Gas,7.336742
Oceania,1998,Non-ferrous ores,19.995207
Oceania,1998,Non-metallic minerals - construction dominant,1.277741
Oceania,1998,Non-metallic minerals - industrial or agricultural dominant,12.325669999999999
Oceania,1998,Non-wild animal products,6.442464
Oceania,1998,Other products mainly from fossil fuels e.g. plastics,0.47878899999999996
Oceania,1998,Petroleum,18.797534
Oceania,1998,Products mainly from biomass nec.,2.001567
Oceania,1998,Products mainly from metals nec.,0.675952
Oceania,1998,Products mainly from non-metallic minerals,3.347901
Oceania,1998,Refined fossil fuels mainly for fuel e.g. LPG gasoline diesel,4.3818
Oceania,1998,Waste for final treatment and disposal,0.033514
Oceania,1998,Wild catch and harvest,0.48166200000000003
Oceania,1998,Wood,15.605756999999999
Oceania,1999,Coal,173.34300000000002
Oceania,1999,Crop Residues,0.015684
Oceania,1999,Crops,33.56547
Oceania,1999,Excavated earthen materials (including soil) nec,0
Oceania,1999,Ferrous ores,151.727677
Oceania,1999,Grazed biomass and fodder crops,0.13552
Oceania,1999,Mixed / complex products nec.,1.799674
Oceania,1999,Natural Gas,7.499203
Oceania,1999,Non-ferrous ores,22.888291
Oceania,1999,Non-metallic minerals - construction dominant,1.715973
Oceania,1999,Non-metallic minerals - industrial or agricultural dominant,12.420614
Oceania,1999,Non-wild animal products,6.75579
Oceania,1999,Other products mainly from fossil fuels e.g. plastics,0.531289
Oceania,1999,Petroleum,18.944495
Oceania,1999,Products mainly from biomass nec.,2.319514
Oceania,1999,Products mainly from metals nec.,0.630241
Oceania,1999,Products mainly from non-metallic minerals,3.285591
Oceania,1999,Refined fossil fuels mainly for fuel e.g. LPG gasoline diesel,3.7067
Oceania,1999,Waste for final treatment and disposal,0.051087999999999995
Oceania,1999,Wild catch and harvest,0.48797199999999996
Oceania,1999,Wood,16.954662000000003
Oceania,2000,Coal,188.51299999999998
Oceania,2000,Crop Residues,0.034259000000000005
Oceania,2000,Crops,34.339285
Oceania,2000,Excavated earthen materials (including soil) nec,0
Oceania,2000,Ferrous ores,168.82515999999998
Oceania,2000,Grazed biomass and fodder crops,0.13346999999999998
Oceania,2000,Mixed / complex products nec.,5.767127
Oceania,2000,Natural Gas,7.599006
Oceania,2000,Non-ferrous ores,26.140553999999998
Oceania,2000,Non-metallic minerals - construction dominant,1.38918
Oceania,2000,Non-metallic minerals - industrial or agricultural dominant,12.616049
Oceania,2000,Non-wild animal products,7.195386
Oceania,2000,Other products mainly from fossil fuels e.g. plastics,0.483005
Oceania,2000,Petroleum,23.213341999999997
Oceania,2000,Products mainly from biomass nec.,2.405854
Oceania,2000,Products mainly from metals nec.,0.725944
Oceania,2000,Products mainly from non-metallic minerals,4.1005709999999995
Oceania,2000,Refined fossil fuels mainly for fuel e.g. LPG gasoline diesel,3.6367
Oceania,2000,Waste for final treatment and disposal,0.058023
Oceania,2000,Wild catch and harvest,0.436097
Oceania,2000,Wood,19.429876
Oceania,2001,Coal,193.888
Oceania,2001,Crop Residues,0.064912
Oceania,2001,Crops,30.302142
Oceania,2001,Excavated earthen materials (including soil) nec,0
Oceania,2001,Ferrous ores,170.41369799999998
Oceania,2001,Grazed biomass and fodder crops,0.126128
Oceania,2001,Mixed / complex products nec.,13.731973
Oceania,2001,Natural Gas,7.2219
Oceania,2001,Non-ferrous ores,26.721649000000003
Oceania,2001,Non-metallic minerals - construction dominant,1.51694
Oceania,2001,Non-metallic minerals - industrial or agricultural dominant,13.178799
Oceania,2001,Non-wild animal products,7.269818
Oceania,2001,Other products mainly from fossil fuels e.g. plastics,0.492716
Oceania,2001,Petroleum,26.634227000000003
Oceania,2001,Products mainly from biomass nec.,2.654042
Oceania,2001,Products mainly from metals nec.,0.7508900000000001
Oceania,2001,Products mainly from non-metallic minerals,4.136394
Oceania,2001,Refined fossil fuels mainly for fuel e.g. LPG gasoline diesel,3.987
Oceania,2001,Waste for final treatment and disposal,0.056101
Oceania,2001,Wild catch and harvest,0.427374
Oceania,2001,Wood,19.385966
Oceania,2002,Coal,206.266
Oceania,2002,Crop Residues,0.042746
Oceania,2002,Crops,30.409256
Oceania,2002,Excavated earthen materials (including soil) nec,0
Oceania,2002,Ferrous ores,180.455773
Oceania,2002,Grazed biomass and fodder crops,0.111148
Oceania,2002,Mixed / complex products nec.,12.270531
Oceania,2002,Natural Gas,7.288612
Oceania,2002,Non-ferrous ores,24.813583
Oceania,2002,Non-metallic minerals - construction dominant,2.20231
Oceania,2002,Non-metallic minerals - industrial or agricultural dominant,13.424295
Oceania,2002,Non-wild animal products,7.344523000000001
Oceania,2002,Other products mainly from fossil fuels e.g. plastics,0.529752
Oceania,2002,Petroleum,24.011997
Oceania,2002,Products mainly from biomass nec.,2.923851
Oceania,2002,Products mainly from metals nec.,0.810681
Oceania,2002,Products mainly from non-metallic minerals,4.033464
Oceania,2002,Refined fossil fuels mainly for fuel e.g. LPG gasoline diesel,4.9106
Oceania,2002,Waste for final treatment and disposal,0.04354
Oceania,2002,Wild catch and harvest,0.489169
Oceania,2002,Wood,21.078737
Oceania,2003,Coal,210.96
Oceania,2003,Crop Residues,0.105223
Oceania,2003,Crops,20.987952
Oceania,2003,Excavated earthen materials (including soil) nec,0
Oceania,2003,Ferrous ores,204.215843
Oceania,2003,Grazed biomass and fodder crops,0.099438
Oceania,2003,Mixed / complex products nec.,17.201227000000003
Oceania,2003,Natural Gas,7.506114
Oceania,2003,Non-ferrous ores,26.986165
Oceania,2003,Non-metallic minerals - construction dominant,6.632365
Oceania,2003,Non-metallic minerals - industrial or agricultural dominant,14.188952
Oceania,2003,Non-wild animal products,6.876204
Oceania,2003,Other products mainly from fossil fuels e.g. plastics,0.5559540000000001
Oceania,2003,Petroleum,20.01
Oceania,2003,Products mainly from biomass nec.,3.070739
Oceania,2003,Products mainly from metals nec.,0.784143
Oceania,2003,Products mainly from non-metallic minerals,3.130428
Oceania,2003,Refined fossil fuels mainly for fuel e.g. LPG gasoline diesel,4.627128
Oceania,2003,Waste for final treatment and disposal,0.039826
Oceania,2003,Wild catch and harvest,0.500215
Oceania,2003,Wood,20.963685
Oceania,2004,Coal,221.25099999999998
Oceania,2004,Crop Residues,0.061828999999999995
Oceania,2004,Crops,36.155277
Oceania,2004,Excavated earthen materials (including soil) nec,0
Oceania,2004,Ferrous ores,227.178638
Oceania,2004,Grazed biomass and fodder crops,0.053942000000000004
Oceania,2004,Mixed / complex products nec.,20.161379
Oceania,2004,Natural Gas,7.589962
Oceania,2004,Non-ferrous ores,37.603564
Oceania,2004,Non-metallic minerals - construction dominant,1.59264
Oceania,2004,Non-metallic minerals - industrial or agricultural dominant,14.439738
Oceania,2004,Non-wild animal products,7.191067
Oceania,2004,Other products mainly from fossil fuels e.g. plastics,0.533839
Oceania,2004,Petroleum,16.77
Oceania,2004,Products mainly from biomass nec.,3.297479
Oceania,2004,Products mainly from metals nec.,0.7893429999999999
Oceania,2004,Products mainly from non-metallic minerals,2.752974
Oceania,2004,Refined fossil fuels mainly for fuel e.g. LPG gasoline diesel,4.120024
Oceania,2004,Waste for final treatment and disposal,0.046049
Oceania,2004,Wild catch and harvest,0.5423950000000001
Oceania,2004,Wood,21.354261
Oceania,2005,Coal,234.661
Oceania,2005,Crop Residues,0.057089
Oceania,2005,Crops,28.452825
Oceania,2005,Excavated earthen materials (including soil) nec,0
Oceania,2005,Ferrous ores,257.97844299999997
Oceania,2005,Grazed biomass and fodder crops,0.033497
Oceania,2005,Mixed / complex products nec.,25.017068
Oceania,2005,Natural Gas,10.155497
Oceania,2005,Non-ferrous ores,36.196309
Oceania,2005,Non-metallic minerals - construction dominant,1.747071
Oceania,2005,Non-metallic minerals - industrial or agricultural dominant,14.723473
Oceania,2005,Non-wild animal products,7.026074
Oceania,2005,Other products mainly from fossil fuels e.g. plastics,0.565717
Oceania,2005,Petroleum,15.54
Oceania,2005,Products mainly from biomass nec.,3.295354
Oceania,2005,Products mainly from metals nec.,0.890015
Oceania,2005,Products mainly from non-metallic minerals,1.945505
Oceania,2005,Refined fossil fuels mainly for fuel e.g. LPG gasoline diesel,3.737425
Oceania,2005,Waste for final treatment and disposal,0.06609
Oceania,2005,Wild catch and harvest,0.557025
Oceania,2005,Wood,21.110215
Oceania,2006,Coal,235.185
Oceania,2006,Crop Residues,0.096724
Oceania,2006,Crops,30.58551
Oceania,2006,Excavated earthen materials (including soil) nec,0
Oceania,2006,Ferrous ores,267.937996
Oceania,2006,Grazed biomass and fodder crops,0.042402999999999996
Oceania,2006,Mixed / complex products nec.,8.50695
Oceania,2006,Natural Gas,11.536896
Oceania,2006,Non-ferrous ores,38.156782
Oceania,2006,Non-metallic minerals - construction dominant,1.712714
Oceania,2006,Non-metallic minerals - industrial or agricultural dominant,14.598543
Oceania,2006,Non-wild animal products,7.498751
Oceania,2006,Other products mainly from fossil fuels e.g. plastics,0.519563
Oceania,2006,Petroleum,13.578
Oceania,2006,Products mainly from biomass nec.,3.2828579999999996
Oceania,2006,Products mainly from metals nec.,0.93117
Oceania,2006,Products mainly from non-metallic minerals,2.111902
Oceania,2006,Refined fossil fuels mainly for fuel e.g. LPG gasoline diesel,3.927989
Oceania,2006,Waste for final treatment and disposal,0.063898
Oceania,2006,Wild catch and harvest,0.529853
Oceania,2006,Wood,23.336811
Oceania,2007,Coal,246.404
Oceania,2007,Crop Residues,0.10471599999999999
Oceania,2007,Crops,17.165734
Oceania,2007,Excavated earthen materials (including soil) nec,0
Oceania,2007,Ferrous ores,288.18489999999997
Oceania,2007,Grazed biomass and fodder crops,0.09079
Oceania,2007,Mixed / complex products nec.,14.658914
Oceania,2007,Natural Gas,13.745688
Oceania,2007,Non-ferrous ores,42.109152
Oceania,2007,Non-metallic minerals - construction dominant,1.4351200000000002
Oceania,2007,Non-metallic minerals - industrial or agricultural dominant,14.621663
Oceania,2007,Non-wild animal products,7.364974
Oceania,2007,Other products mainly from fossil fuels e.g. plastics,0.635609
Oceania,2007,Petroleum,15.852
Oceania,2007,Products mainly from biomass nec.,3.094018
Oceania,2007,Products mainly from metals nec.,0.990539
Oceania,2007,Products mainly from non-metallic minerals,2.688243
Oceania,2007,Refined fossil fuels mainly for fuel e.g. LPG gasoline diesel,3.53884
Oceania,2007,Waste for final treatment and disposal,0.086937
Oceania,2007,Wild catch and harvest,0.538026
Oceania,2007,Wood,24.927289000000002
Oceania,2008,Coal,254.75
Oceania,2008,Crop Residues,0.075465
Oceania,2008,Crops,20.98987
Oceania,2008,Excavated earthen materials (including soil) nec,0
Oceania,2008,Ferrous ores,334.482771
Oceania,2008,Grazed biomass and fodder crops,0.123089
Oceania,2008,Mixed / complex products nec.,4.922575
Oceania,2008,Natural Gas,13.118395
Oceania,2008,Non-ferrous ores,42.332815000000004
Oceania,2008,Non-metallic minerals - construction dominant,1.214225
Oceania,2008,Non-metallic minerals - industrial or agricultural dominant,6.005503
Oceania,2008,Non-wild animal products,6.913221
Oceania,2008,Other products mainly from fossil fuels e.g. plastics,0.601683
Oceania,2008,Petroleum,17.397000000000002
Oceania,2008,Products mainly from biomass nec.,2.92908
Oceania,2008,Products mainly from metals nec.,1.003274
Oceania,2008,Products mainly from non-metallic minerals,2.374618
Oceania,2008,Refined fossil fuels mainly for fuel e.g. LPG gasoline diesel,3.089116
Oceania,2008,Waste for final treatment and disposal,0.074456
Oceania,2008,Wild catch and harvest,0.486147
Oceania,2008,Wood,25.663951
Oceania,2009,Coal,263.911
Oceania,2009,Crop Residues,0.054269
Oceania,2009,Crops,29.305437
Oceania,2009,Excavated earthen materials (including soil) nec,0
Oceania,2009,Ferrous ores,392.244308
Oceania,2009,Grazed biomass and fodder crops,0.115929
Oceania,2009,Mixed / complex products nec.,4.2997630000000004
Oceania,2009,Natural Gas,14.80213
Oceania,2009,Non-ferrous ores,41.730472000000006
Oceania,2009,Non-metallic minerals - construction dominant,0.863092
Oceania,2009,Non-metallic minerals - industrial or agricultural dominant,3.672454
Oceania,2009,Non-wild animal products,7.603084
Oceania,2009,Other products mainly from fossil fuels e.g. plastics,0.647625
Oceania,2009,Petroleum,17.451
Oceania,2009,Products mainly from biomass nec.,2.858441
Oceania,2009,Products mainly from metals nec.,0.775067
Oceania,2009,Products mainly from non-metallic minerals,2.582015
Oceania,2009,Refined fossil fuels mainly for fuel e.g. LPG gasoline diesel,2.534268
Oceania,2009,Waste for final treatment and disposal,0.071423
Oceania,2009,Wild catch and harvest,0.520256
Oceania,2009,Wood,23.38916
Oceania,2010,Coal,295.03999999999996
Oceania,2010,Crop Residues,0.075597
Oceania,2010,Crops,31.061329
Oceania,2010,Excavated earthen materials (including soil) nec,0
Oceania,2010,Ferrous ores,431.089173
Oceania,2010,Grazed biomass and fodder crops,0.12183000000000001
Oceania,2010,Mixed / complex products nec.,7.382987
Oceania,2010,Natural Gas,17.159861
Oceania,2010,Non-ferrous ores,45.698273
Oceania,2010,Non-metallic minerals - construction dominant,0.8463689999999999
Oceania,2010,Non-metallic minerals - industrial or agricultural dominant,4.245489
Oceania,2010,Non-wild animal products,7.584564
Oceania,2010,Other products mainly from fossil fuels e.g. plastics,0.654173
Oceania,2010,Petroleum,17.221
Oceania,2010,Products mainly from biomass nec.,2.753743
Oceania,2010,Products mainly from metals nec.,0.8599239999999999
Oceania,2010,Products mainly from non-metallic minerals,3.1422790000000003
Oceania,2010,Refined fossil fuels mainly for fuel e.g. LPG gasoline diesel,2.329979
Oceania,2010,Waste for final treatment and disposal,0.081807
Oceania,2010,Wild catch and harvest,0.583717
Oceania,2010,Wood,26.616887
Oceania,2011,Coal,286.706
Oceania,2011,Crop Residues,0.06323
Oceania,2011,Crops,34.091677000000004
Oceania,2011,Excavated earthen materials (including soil) nec,0
Oceania,2011,Ferrous ores,467.783657
Oceania,2011,Grazed biomass and fodder crops,0.088076
Oceania,2011,Mixed / complex products nec.,11.037349
Oceania,2011,Natural Gas,19.168482
Oceania,2011,Non-ferrous ores,54.963172
Oceania,2011,Non-metallic minerals - construction dominant,0.528746
Oceania,2011,Non-metallic minerals - industrial or agricultural dominant,4.660531000000001
Oceania,2011,Non-wild animal products,6.18219
Oceania,2011,Other products mainly from fossil fuels e.g. plastics,0.668068
Oceania,2011,Petroleum,17.756
Oceania,2011,Products mainly from biomass nec.,2.6836949999999997
Oceania,2011,Products mainly from metals nec.,1.128894
Oceania,2011,Products mainly from non-metallic minerals,2.836955
Oceania,2011,Refined fossil fuels mainly for fuel e.g. LPG gasoline diesel,2.2859
Oceania,2011,Waste for final treatment and disposal,0.111641
Oceania,2011,Wild catch and harvest,0.602112
Oceania,2011,Wood,29.08015
Oceania,2012,Coal,303.732
Oceania,2012,Crop Residues,0.091917
Oceania,2012,Crops,44.35725
Oceania,2012,Excavated earthen materials (including soil) nec,0
Oceania,2012,Ferrous ores,526.466455
Oceania,2012,Grazed biomass and fodder crops,0.081535
Oceania,2012,Mixed / complex products nec.,10.138623
Oceania,2012,Natural Gas,18.120361
Oceania,2012,Non-ferrous ores,51.858498000000004
Oceania,2012,Non-metallic minerals - construction dominant,0.650316
Oceania,2012,Non-metallic minerals - industrial or agricultural dominant,4.866525
Oceania,2012,Non-wild animal products,8.024718
Oceania,2012,Other products mainly from fossil fuels e.g. plastics,0.799825
Oceania,2012,Petroleum,16.464281
Oceania,2012,Products mainly from biomass nec.,2.997221
Oceania,2012,Products mainly from metals nec.,0.910712
Oceania,2012,Products mainly from non-metallic minerals,3.444838
Oceania,2012,Refined fossil fuels mainly for fuel e.g. LPG gasoline diesel,2.465574
Oceania,2012,Waste for final treatment and disposal,0.10142999999999999
Oceania,2012,Wild catch and harvest,0.645975
Oceania,2012,Wood,27.70805
Oceania,2013,Coal,338.397
Oceania,2013,Crop Residues,0.16464199999999998
Oceania,2013,Crops,39.079675
Oceania,2013,Excavated earthen materials (including soil) nec,0
Oceania,2013,Ferrous ores,613.81399
Oceania,2013,Grazed biomass and fodder crops,0.07771299999999999
Oceania,2013,Mixed / complex products nec.,8.109171
Oceania,2013,Natural Gas,22.573822
Oceania,2013,Non-ferrous ores,58.937414999999994
Oceania,2013,Non-metallic minerals - construction dominant,0.593962
Oceania,2013,Non-metallic minerals - industrial or agricultural dominant,2.17864
Oceania,2013,Non-wild animal products,8.701498
Oceania,2013,Other products mainly from fossil fuels e.g. plastics,0.657685
Oceania,2013,Petroleum,14.860992999999999
Oceania,2013,Products mainly from biomass nec.,3.290207
Oceania,2013,Products mainly from metals nec.,0.9827870000000001
Oceania,2013,Products mainly from non-metallic minerals,3.125851
Oceania,2013,Refined fossil fuels mainly for fuel e.g. LPG gasoline diesel,2.41811
Oceania,2013,Waste for final treatment and disposal,0.100539
Oceania,2013,Wild catch and harvest,0.620903
Oceania,2013,Wood,29.854436
Oceania,2014,Coal,376.791
Oceania,2014,Crop Residues,0.125447
Oceania,2014,Crops,38.58651
Oceania,2014,Excavated earthen materials (including soil) nec,0
Oceania,2014,Ferrous ores,757.496814
Oceania,2014,Grazed biomass and fodder crops,1.0372919999999999
Oceania,2014,Mixed / complex products nec.,9.000748
Oceania,2014,Natural Gas,26.084081
Oceania,2014,Non-ferrous ores,60.307832999999995
Oceania,2014,Non-metallic minerals - construction dominant,0.518593
Oceania,2014,Non-metallic minerals - industrial or agricultural dominant,2.353121
Oceania,2014,Non-wild animal products,9.910207
Oceania,2014,Other products mainly from fossil fuels e.g. plastics,0.713973
Oceania,2014,Petroleum,14.326141999999999
Oceania,2014,Products mainly from biomass nec.,3.338904
Oceania,2014,Products mainly from metals nec.,0.985796
Oceania,2014,Products mainly from non-metallic minerals,2.053821
Oceania,2014,Refined fossil fuels mainly for fuel e.g. LPG gasoline diesel,2.266764
Oceania,2014,Waste for final treatment and disposal,0.10888
Oceania,2014,Wild catch and harvest,0.66784
Oceania,2014,Wood,32.771603
Oceania,2015,Coal,393.71700000000004
Oceania,2015,Crop Residues,0.113068
Oceania,2015,Crops,38.777625
Oceania,2015,Excavated earthen materials (including soil) nec,0
Oceania,2015,Ferrous ores,812.211041
Oceania,2015,Grazed biomass and fodder crops,1.257172
Oceania,2015,Mixed / complex products nec.,9.645104
Oceania,2015,Natural Gas,31.672411
Oceania,2015,Non-ferrous ores,61.732143
Oceania,2015,Non-metallic minerals - construction dominant,0.30998
Oceania,2015,Non-metallic minerals - industrial or agricultural dominant,5.102759
Oceania,2015,Non-wild animal products,10.105252
Oceania,2015,Other products mainly from fossil fuels e.g. plastics,0.6540279999999999
Oceania,2015,Petroleum,15.063534
Oceania,2015,Products mainly from biomass nec.,3.298258
Oceania,2015,Products mainly from metals nec.,1.0127979999999999
Oceania,2015,Products mainly from non-metallic minerals,3.249827
Oceania,2015,Refined fossil fuels mainly for fuel e.g. LPG gasoline diesel,2.2056240000000003
Oceania,2015,Waste for final treatment and disposal,0.108905
Oceania,2015,Wild catch and harvest,0.677052
Oceania,2015,Wood,33.646775999999996
Oceania,2016,Coal,390.488
Oceania,2016,Crop Residues,0.104515
Oceania,2016,Crops,38.430335
Oceania,2016,Excavated earthen materials (including soil) nec,0
Oceania,2016,Ferrous ores,855.678005
Oceania,2016,Grazed biomass and fodder crops,1.260295
Oceania,2016,Mixed / complex products nec.,11.169254
Oceania,2016,Natural Gas,43.759606000000005
Oceania,2016,Non-ferrous ores,61.88107
Oceania,2016,Non-metallic minerals - construction dominant,0.156832
Oceania,2016,Non-metallic minerals - industrial or agricultural dominant,5.485512000000001
Oceania,2016,Non-wild animal products,9.647337
Oceania,2016,Other products mainly from fossil fuels e.g. plastics,0.6720659999999999
Oceania,2016,Petroleum,13.786957
Oceania,2016,Products mainly from biomass nec.,3.297215
Oceania,2016,Products mainly from metals nec.,0.964842
Oceania,2016,Products mainly from non-metallic minerals,2.297746
Oceania,2016,Refined fossil fuels mainly for fuel e.g. LPG gasoline diesel,2.607538
Oceania,2016,Waste for final treatment and disposal,0.12355200000000001
Oceania,2016,Wild catch and harvest,0.688699
Oceania,2016,Wood,34.668129
Oceania,2017,Coal,380.12377399999997
Oceania,2017,Crop Residues,0.103089
Oceania,2017,Crops,48.777919999999995
Oceania,2017,Excavated earthen materials (including soil) nec,0
Oceania,2017,Ferrous ores,829.7561069999999
Oceania,2017,Grazed biomass and fodder crops,1.454788
Oceania,2017,Mixed / complex products nec.,7.837685
Oceania,2017,Natural Gas,58.870854
Oceania,2017,Non-ferrous ores,50.577191
Oceania,2017,Non-metallic minerals - construction dominant,0.161778
Oceania,2017,Non-metallic minerals - industrial or agricultural dominant,5.4671199999999995
Oceania,2017,Non-wild animal products,9.150089
Oceania,2017,Other products mainly from fossil fuels e.g. plastics,0.396718
Oceania,2017,Petroleum,12.621232
Oceania,2017,Products mainly from biomass nec.,3.1873989999999996
Oceania,2017,Products mainly from metals nec.,0.51787
Oceania,2017,Products mainly from non-metallic minerals,1.772713
Oceania,2017,Refined fossil fuels mainly for fuel e.g. LPG gasoline diesel,3.054689
Oceania,2017,Waste for final treatment and disposal,0.116563
Oceania,2017,Wild catch and harvest,0.692532
Oceania,2017,Wood,39.152997
Oceania,2018,Coal,383.22193000000004
Oceania,2018,Crop Residues,0.115607
Oceania,2018,Crops,32.631578
Oceania,2018,Excavated earthen materials (including soil) nec,0
Oceania,2018,Ferrous ores,837.322272
Oceania,2018,Grazed biomass and fodder crops,1.452324
Oceania,2018,Mixed / complex products nec.,9.053313000000001
Oceania,2018,Natural Gas,67.15229500000001
Oceania,2018,Non-ferrous ores,54.890724999999996
Oceania,2018,Non-metallic minerals - construction dominant,0.34597900000000004
Oceania,2018,Non-metallic minerals - industrial or agricultural dominant,5.534934
Oceania,2018,Non-wild animal products,9.614754
Oceania,2018,Other products mainly from fossil fuels e.g. plastics,0.353852
Oceania,2018,Petroleum,12.478089
Oceania,2018,Products mainly from biomass nec.,3.228134
Oceania,2018,Products mainly from metals nec.,0.461957
Oceania,2018,Products mainly from non-metallic minerals,1.88499
Oceania,2018,Refined fossil fuels mainly for fuel e.g. LPG gasoline diesel,2.985135
Oceania,2018,Waste for final treatment and disposal,0.12710000000000002
Oceania,2018,Wild catch and harvest,0.6840470000000001
Oceania,2018,Wood,41.746033
Oceania,2019,Coal,394.383758
Oceania,2019,Crop Residues,0.159636
Oceania,2019,Crops,24.429923000000002
Oceania,2019,Excavated earthen materials (including soil) nec,0
Oceania,2019,Ferrous ores,839.6200269999999
Oceania,2019,Grazed biomass and fodder crops,1.090486
Oceania,2019,Mixed / complex products nec.,38.144292
Oceania,2019,Natural Gas,80.923774
Oceania,2019,Non-ferrous ores,62.992061
Oceania,2019,Non-metallic minerals - construction dominant,0.583448
Oceania,2019,Non-metallic minerals - industrial or agricultural dominant,3.491988
Oceania,2019,Non-wild animal products,9.888463999999999
Oceania,2019,Other products mainly from fossil fuels e.g. plastics,0.368236
Oceania,2019,Petroleum,13.561752
Oceania,2019,Products mainly from biomass nec.,3.165555
Oceania,2019,Products mainly from metals nec.,0.48283800000000004
Oceania,2019,Products mainly from non-metallic minerals,1.7057719999999998
Oceania,2019,Refined fossil fuels mainly for fuel e.g. LPG gasoline diesel,3.333913
Oceania,2019,Waste for final treatment and disposal,0.174571
Oceania,2019,Wild catch and harvest,0.80771
Oceania,2019,Wood,38.563843
Oceania,2020,Coal,389.909995
Oceania,2020,Crop Residues,0.186014
Oceania,2020,Crops,27.447203000000002
Oceania,2020,Excavated earthen materials (including soil) nec,0
Oceania,2020,Ferrous ores,845.55133
Oceania,2020,Grazed biomass and fodder crops,1.186091
Oceania,2020,Mixed / complex products nec.,37.55628
Oceania,2020,Natural Gas,85.074309
Oceania,2020,Non-ferrous ores,62.184724
Oceania,2020,Non-metallic minerals - construction dominant,0.5773309999999999
Oceania,2020,Non-metallic minerals - industrial or agricultural dominant,3.485223
Oceania,2020,Non-wild animal products,9.364772
Oceania,2020,Other products mainly from fossil fuels e.g. plastics,0.33669899999999997
Oceania,2020,Petroleum,15.178297
Oceania,2020,Products mainly from biomass nec.,3.133582
Oceania,2020,Products mainly from metals nec.,0.478259
Oceania,2020,Products mainly from non-metallic minerals,1.70064
Oceania,2020,Refined fossil fuels mainly for fuel e.g. LPG gasoline diesel,4.46767
Oceania,2020,Waste for final treatment and disposal,0.171728
Oceania,2020,Wild catch and harvest,0.7454230000000001
Oceania,2020,Wood,33.492405
Oceania,2021,Coal,364.566368
Oceania,2021,Crop Residues,0.16503700000000002
Oceania,2021,Crops,53.768275
Oceania,2021,Excavated earthen materials (including soil) nec,0
Oceania,2021,Ferrous ores,885.0858430000001
Oceania,2021,Grazed biomass and fodder crops,1.5715869999999998
Oceania,2021,Mixed / complex products nec.,38.56738
Oceania,2021,Natural Gas,83.577343
Oceania,2021,Non-ferrous ores,65.861682
Oceania,2021,Non-metallic minerals - construction dominant,0.59345
Oceania,2021,Non-metallic minerals - industrial or agricultural dominant,3.5344689999999996
Oceania,2021,Non-wild animal products,12.506001
Oceania,2021,Other products mainly from fossil fuels e.g. plastics,0.333836
Oceania,2021,Petroleum,14.411702
Oceania,2021,Products mainly from biomass nec.,3.203258
Oceania,2021,Products mainly from metals nec.,0.503676
Oceania,2021,Products mainly from non-metallic minerals,1.734409
Oceania,2021,Refined fossil fuels mainly for fuel e.g. LPG gasoline diesel,3.853963
Oceania,2021,Waste for final treatment and disposal,0.176387
Oceania,2021,Wild catch and harvest,0.769019
Oceania,2021,Wood,34.557877
Oceania,2022,Coal,363.11224899999996
Oceania,2022,Crop Residues,0.16739500000000002
Oceania,2022,Crops,54.837763
Oceania,2022,Excavated earthen materials (including soil) nec,0
Oceania,2022,Ferrous ores,907.521295
Oceania,2022,Grazed biomass and fodder crops,1.596531
Oceania,2022,Mixed / complex products nec.,39.160484000000004
Oceania,2022,Natural Gas,81.471768
Oceania,2022,Non-ferrous ores,67.535976
Oceania,2022,Non-metallic minerals - construction dominant,0.613586
Oceania,2022,Non-metallic minerals - industrial or agricultural dominant,3.5717440000000003
Oceania,2022,Non-wild animal products,12.667259
Oceania,2022,Other products mainly from fossil fuels e.g. plastics,0.332829
Oceania,2022,Petroleum,14.660929
Oceania,2022,Products mainly from biomass nec.,3.248883
Oceania,2022,Products mainly from metals nec.,0.515566
Oceania,2022,Products mainly from non-metallic minerals,1.7720369999999999
Oceania,2022,Refined fossil fuels mainly for fuel e.g. LPG gasoline diesel,3.8427350000000002
Oceania,2022,Waste for final treatment and disposal,0.17916300000000002
Oceania,2022,Wild catch and harvest,0.789663
Oceania,2022,Wood,35.306286
Oceania,2023,Coal,361.93440699999996
Oceania,2023,Crop Residues,0.170071
Oceania,2023,Crops,55.957929
Oceania,2023,Excavated earthen materials (including soil) nec,0
Oceania,2023,Ferrous ores,935.256962
Oceania,2023,Grazed biomass and fodder crops,1.622695
Oceania,2023,Mixed / complex products nec.,39.793607
Oceania,2023,Natural Gas,79.456957
Oceania,2023,Non-ferrous ores,69.46910299999999
Oceania,2023,Non-metallic minerals - construction dominant,0.632722
Oceania,2023,Non-metallic minerals - industrial or agricultural dominant,3.610909
Oceania,2023,Non-wild animal products,12.823056999999999
Oceania,2023,Other products mainly from fossil fuels e.g. plastics,0.332779
Oceania,2023,Petroleum,14.996756000000001
Oceania,2023,Products mainly from biomass nec.,3.294871
Oceania,2023,Products mainly from metals nec.,0.529228
Oceania,2023,Products mainly from non-metallic minerals,1.809339
Oceania,2023,Refined fossil fuels mainly for fuel e.g. LPG gasoline diesel,3.842416
Oceania,2023,Waste for final treatment and disposal,0.182117
Oceania,2023,Wild catch and harvest,0.81044
Oceania,2023,Wood,36.198139999999995
Oceania,2024,Coal,359.935363
Oceania,2024,Crop Residues,0.172807
Oceania,2024,Crops,57.096484000000004
Oceania,2024,Excavated earthen materials (including soil) nec,0
Oceania,2024,Ferrous ores,964.847952
Oceania,2024,Grazed biomass and fodder crops,1.649105
Oceania,2024,Mixed / complex products nec.,40.371717
Oceania,2024,Natural Gas,75.736073
Oceania,2024,Non-ferrous ores,71.392852
Oceania,2024,Non-metallic minerals - construction dominant,0.6496449999999999
Oceania,2024,Non-metallic minerals - industrial or agricultural dominant,3.648079
Oceania,2024,Non-wild animal products,12.976167
Oceania,2024,Other products mainly from fossil fuels e.g. plastics,0.328708
Oceania,2024,Petroleum,15.281972999999999
Oceania,2024,Products mainly from biomass nec.,3.340707
Oceania,2024,Products mainly from metals nec.,0.542885
Oceania,2024,Products mainly from non-metallic minerals,1.843197
Oceania,2024,Refined fossil fuels mainly for fuel e.g. LPG gasoline diesel,3.796112
Oceania,2024,Waste for final treatment and disposal,0.184775
Oceania,2024,Wild catch and harvest,0.8300379999999999
Oceania,2024,Wood,37.119792000000004
South Asia,1970,Coal,0.25
South Asia,1970,Crop Residues,0
South Asia,1970,Crops,3.921203
South Asia,1970,Excavated earthen materials (including soil) nec,0
South Asia,1970,Ferrous ores,20.751701
South Asia,1970,Grazed biomass and fodder crops,0
South Asia,1970,Mixed / complex products nec.,0.008959
South Asia,1970,Natural Gas,1.592659
South Asia,1970,Non-ferrous ores,0.765455
South Asia,1970,Non-metallic minerals - construction dominant,0
South Asia,1970,Non-metallic minerals - industrial or agricultural dominant,0.144733
South Asia,1970,Non-wild animal products,0.020313
South Asia,1970,Other products mainly from fossil fuels e.g. plastics,0.017595
South Asia,1970,Petroleum,0
South Asia,1970,Products mainly from biomass nec.,0.046935000000000004
South Asia,1970,Products mainly from metals nec.,3.3e-5
South Asia,1970,Products mainly from non-metallic minerals,0.33298700000000003
South Asia,1970,Refined fossil fuels mainly for fuel e.g. LPG gasoline diesel,0.5680000000000001
South Asia,1970,Waste for final treatment and disposal,0
South Asia,1970,Wild catch and harvest,0
South Asia,1970,Wood,0.095924
South Asia,1971,Coal,0.262
South Asia,1971,Crop Residues,0
South Asia,1971,Crops,3.818989
South Asia,1971,Excavated earthen materials (including soil) nec,0
South Asia,1971,Ferrous ores,19.829458
South Asia,1971,Grazed biomass and fodder crops,5.6e-5
South Asia,1971,Mixed / complex products nec.,0.007775
South Asia,1971,Natural Gas,1.544987
South Asia,1971,Non-ferrous ores,0.7637459999999999
South Asia,1971,Non-metallic minerals - construction dominant,4.5200000000000004e-4
South Asia,1971,Non-metallic minerals - industrial or agricultural dominant,0.085971
South Asia,1971,Non-wild animal products,0.018394
South Asia,1971,Other products mainly from fossil fuels e.g. plastics,0.017733000000000002
South Asia,1971,Petroleum,0
South Asia,1971,Products mainly from biomass nec.,0.039224
South Asia,1971,Products mainly from metals nec.,0.018015
South Asia,1971,Products mainly from non-metallic minerals,0.169985
South Asia,1971,Refined fossil fuels mainly for fuel e.g. LPG gasoline diesel,0.303
South Asia,1971,Waste for final treatment and disposal,0
South Asia,1971,Wild catch and harvest,0
South Asia,1971,Wood,0.113164
South Asia,1972,Coal,0.267
South Asia,1972,Crop Residues,5e-5
South Asia,1972,Crops,3.670947
South Asia,1972,Excavated earthen materials (including soil) nec,0
South Asia,1972,Ferrous ores,22.118142000000002
South Asia,1972,Grazed biomass and fodder crops,4e-5
South Asia,1972,Mixed / complex products nec.,0.018293
South Asia,1972,Natural Gas,1.751399
South Asia,1972,Non-ferrous ores,0.551621
South Asia,1972,Non-metallic minerals - construction dominant,2e-6
South Asia,1972,Non-metallic minerals - industrial or agricultural dominant,0.17999
South Asia,1972,Non-wild animal products,0.018586000000000002
South Asia,1972,Other products mainly from fossil fuels e.g. plastics,0.021408
South Asia,1972,Petroleum,0
South Asia,1972,Products mainly from biomass nec.,0.046026
South Asia,1972,Products mainly from metals nec.,0.014993
South Asia,1972,Products mainly from non-metallic minerals,0.356257
South Asia,1972,Refined fossil fuels mainly for fuel e.g. LPG gasoline diesel,0.335
South Asia,1972,Waste for final treatment and disposal,0
South Asia,1972,Wild catch and harvest,0
South Asia,1972,Wood,0.138296
South Asia,1973,Coal,0.492
South Asia,1973,Crop Residues,0
South Asia,1973,Crops,4.296173
South Asia,1973,Excavated earthen materials (including soil) nec,0
South Asia,1973,Ferrous ores,21.912447
South Asia,1973,Grazed biomass and fodder crops,0
South Asia,1973,Mixed / complex products nec.,0.009946
South Asia,1973,Natural Gas,1.681285
South Asia,1973,Non-ferrous ores,0.720686
South Asia,1973,Non-metallic minerals - construction dominant,3.6e-5
South Asia,1973,Non-metallic minerals - industrial or agricultural dominant,0.087642
South Asia,1973,Non-wild animal products,0.021723
South Asia,1973,Other products mainly from fossil fuels e.g. plastics,0.016644
South Asia,1973,Petroleum,0.018
South Asia,1973,Products mainly from biomass nec.,0.056503000000000005
South Asia,1973,Products mainly from metals nec.,0.01862
South Asia,1973,Products mainly from non-metallic minerals,0.257339
South Asia,1973,Refined fossil fuels mainly for fuel e.g. LPG gasoline diesel,0.33999999999999997
South Asia,1973,Waste for final treatment and disposal,0
South Asia,1973,Wild catch and harvest,0
South Asia,1973,Wood,0.1428
South Asia,1974,Coal,0.389
South Asia,1974,Crop Residues,1.75e-4
South Asia,1974,Crops,3.759009
South Asia,1974,Excavated earthen materials (including soil) nec,0
South Asia,1974,Ferrous ores,22.200697
South Asia,1974,Grazed biomass and fodder crops,1.98e-4
South Asia,1974,Mixed / complex products nec.,0.014384
South Asia,1974,Natural Gas,1.750218
South Asia,1974,Non-ferrous ores,1.059532
South Asia,1974,Non-metallic minerals - construction dominant,3.41e-4
South Asia,1974,Non-metallic minerals - industrial or agricultural dominant,0.137362
South Asia,1974,Non-wild animal products,0.020728999999999997
South Asia,1974,Other products mainly from fossil fuels e.g. plastics,0.024692000000000002
South Asia,1974,Petroleum,0
South Asia,1974,Products mainly from biomass nec.,0.059191999999999995
South Asia,1974,Products mainly from metals nec.,0.029039
South Asia,1974,Products mainly from non-metallic minerals,0.31979
South Asia,1974,Refined fossil fuels mainly for fuel e.g. LPG gasoline diesel,0.317
South Asia,1974,Waste for final treatment and disposal,0
South Asia,1974,Wild catch and harvest,0
South Asia,1974,Wood,0.225072
South Asia,1975,Coal,0.431
South Asia,1975,Crop Residues,5.09e-4
South Asia,1975,Crops,4.287719
South Asia,1975,Excavated earthen materials (including soil) nec,0
South Asia,1975,Ferrous ores,23.140009
South Asia,1975,Grazed biomass and fodder crops,0
South Asia,1975,Mixed / complex products nec.,0.036374
South Asia,1975,Natural Gas,1.754502
South Asia,1975,Non-ferrous ores,0.814537
South Asia,1975,Non-metallic minerals - construction dominant,7.570000000000001e-4
South Asia,1975,Non-metallic minerals - industrial or agricultural dominant,0.199418
South Asia,1975,Non-wild animal products,0.025161
South Asia,1975,Other products mainly from fossil fuels e.g. plastics,0.043237
South Asia,1975,Petroleum,0
South Asia,1975,Products mainly from biomass nec.,0.037486
South Asia,1975,Products mainly from metals nec.,0.031185
South Asia,1975,Products mainly from non-metallic minerals,0.414986
South Asia,1975,Refined fossil fuels mainly for fuel e.g. LPG gasoline diesel,0.303
South Asia,1975,Waste for final treatment and disposal,1e-6
South Asia,1975,Wild catch and harvest,0
South Asia,1975,Wood,0.153066
South Asia,1976,Coal,0.484
South Asia,1976,Crop Residues,6.39e-4
South Asia,1976,Crops,5.580902
South Asia,1976,Excavated earthen materials (including soil) nec,0
South Asia,1976,Ferrous ores,24.659066000000003
South Asia,1976,Grazed biomass and fodder crops,1.8e-5
South Asia,1976,Mixed / complex products nec.,0.040609
South Asia,1976,Natural Gas,1.538129
South Asia,1976,Non-ferrous ores,0.7638210000000001
South Asia,1976,Non-metallic minerals - construction dominant,0.0026709999999999998
South Asia,1976,Non-metallic minerals - industrial or agricultural dominant,0.071551
South Asia,1976,Non-wild animal products,0.039879
South Asia,1976,Other products mainly from fossil fuels e.g. plastics,0.10066
South Asia,1976,Petroleum,0
South Asia,1976,Products mainly from biomass nec.,0.08697800000000001
South Asia,1976,Products mainly from metals nec.,0.037492
South Asia,1976,Products mainly from non-metallic minerals,0.665004
South Asia,1976,Refined fossil fuels mainly for fuel e.g. LPG gasoline diesel,0.279
South Asia,1976,Waste for final treatment and disposal,0
South Asia,1976,Wild catch and harvest,0.072138
South Asia,1976,Wood,0.10806
South Asia,1977,Coal,0.624
South Asia,1977,Crop Residues,1.63e-4
South Asia,1977,Crops,3.9467909999999997
South Asia,1977,Excavated earthen materials (including soil) nec,0
South Asia,1977,Ferrous ores,24.493999000000002
South Asia,1977,Grazed biomass and fodder crops,3.4e-5
South Asia,1977,Mixed / complex products nec.,0.073892
South Asia,1977,Natural Gas,1.455691
South Asia,1977,Non-ferrous ores,0.614822
South Asia,1977,Non-metallic minerals - construction dominant,0.019101
South Asia,1977,Non-metallic minerals - industrial or agricultural dominant,0.27822600000000003
South Asia,1977,Non-wild animal products,0.052339
South Asia,1977,Other products mainly from fossil fuels e.g. plastics,0.073718
South Asia,1977,Petroleum,0
South Asia,1977,Products mainly from biomass nec.,0.111872
South Asia,1977,Products mainly from metals nec.,0.031293
South Asia,1977,Products mainly from non-metallic minerals,0.523255
South Asia,1977,Refined fossil fuels mainly for fuel e.g. LPG gasoline diesel,0.305
South Asia,1977,Waste for final treatment and disposal,4.5e-4
South Asia,1977,Wild catch and harvest,0.076346
South Asia,1977,Wood,0.139496
South Asia,1978,Coal,0.453
South Asia,1978,Crop Residues,4.91e-4
South Asia,1978,Crops,4.344965
South Asia,1978,Excavated earthen materials (including soil) nec,0
South Asia,1978,Ferrous ores,20.483289
South Asia,1978,Grazed biomass and fodder crops,6.6e-5
South Asia,1978,Mixed / complex products nec.,0.03846
South Asia,1978,Natural Gas,1.483194
South Asia,1978,Non-ferrous ores,0.944627
South Asia,1978,Non-metallic minerals - construction dominant,0.023931
South Asia,1978,Non-metallic minerals - industrial or agricultural dominant,0.073829
South Asia,1978,Non-wild animal products,0.038081000000000004
South Asia,1978,Other products mainly from fossil fuels e.g. plastics,0.033512999999999994
South Asia,1978,Petroleum,0
South Asia,1978,Products mainly from biomass nec.,0.094349
South Asia,1978,Products mainly from metals nec.,0.082969
South Asia,1978,Products mainly from non-metallic minerals,0.122726
South Asia,1978,Refined fossil fuels mainly for fuel e.g. LPG gasoline diesel,0.28300000000000003
South Asia,1978,Waste for final treatment and disposal,1.44e-4
South Asia,1978,Wild catch and harvest,0.090878
South Asia,1978,Wood,0.164939
South Asia,1979,Coal,0.096
South Asia,1979,Crop Residues,3.86e-4
South Asia,1979,Crops,5.678971
South Asia,1979,Excavated earthen materials (including soil) nec,0
South Asia,1979,Ferrous ores,24.812339
South Asia,1979,Grazed biomass and fodder crops,1.2e-4
South Asia,1979,Mixed / complex products nec.,0.038003999999999996
South Asia,1979,Natural Gas,1.366325
South Asia,1979,Non-ferrous ores,1.063384
South Asia,1979,Non-metallic minerals - construction dominant,0.011904
South Asia,1979,Non-metallic minerals - industrial or agricultural dominant,0.046985
South Asia,1979,Non-wild animal products,0.049877000000000005
South Asia,1979,Other products mainly from fossil fuels e.g. plastics,0.032907
South Asia,1979,Petroleum,0
South Asia,1979,Products mainly from biomass nec.,0.113414
South Asia,1979,Products mainly from metals nec.,0.085549
South Asia,1979,Products mainly from non-metallic minerals,0.130768
South Asia,1979,Refined fossil fuels mainly for fuel e.g. LPG gasoline diesel,0.266
South Asia,1979,Waste for final treatment and disposal,5.06e-4
South Asia,1979,Wild catch and harvest,0.10872
South Asia,1979,Wood,0.14068
South Asia,1980,Coal,0.108
South Asia,1980,Crop Residues,6.16e-4
South Asia,1980,Crops,4.2932690000000004
South Asia,1980,Excavated earthen materials (including soil) nec,0
South Asia,1980,Ferrous ores,25.537792
South Asia,1980,Grazed biomass and fodder crops,0
South Asia,1980,Mixed / complex products nec.,0.038665
South Asia,1980,Natural Gas,1.736361
South Asia,1980,Non-ferrous ores,1.043042
South Asia,1980,Non-metallic minerals - construction dominant,0.044164999999999996
South Asia,1980,Non-metallic minerals - industrial or agricultural dominant,0.120366
South Asia,1980,Non-wild animal products,0.047233000000000004
South Asia,1980,Other products mainly from fossil fuels e.g. plastics,0.032418
South Asia,1980,Petroleum,0
South Asia,1980,Products mainly from biomass nec.,0.06542099999999999
South Asia,1980,Products mainly from metals nec.,0.074722
South Asia,1980,Products mainly from non-metallic minerals,0.139993
South Asia,1980,Refined fossil fuels mainly for fuel e.g. LPG gasoline diesel,0.44899999999999995
South Asia,1980,Waste for final treatment and disposal,2.59e-4
South Asia,1980,Wild catch and harvest,0.09701699999999999
South Asia,1980,Wood,0.171677
South Asia,1981,Coal,0.118
South Asia,1981,Crop Residues,1.67e-4
South Asia,1981,Crops,4.938541
South Asia,1981,Excavated earthen materials (including soil) nec,0
South Asia,1981,Ferrous ores,19.723005
South Asia,1981,Grazed biomass and fodder crops,1.7e-4
South Asia,1981,Mixed / complex products nec.,0.053627
South Asia,1981,Natural Gas,1.619404
South Asia,1981,Non-ferrous ores,0.5190980000000001
South Asia,1981,Non-metallic minerals - construction dominant,0.01554
South Asia,1981,Non-metallic minerals - industrial or agricultural dominant,0.128443
South Asia,1981,Non-wild animal products,0.056769
South Asia,1981,Other products mainly from fossil fuels e.g. plastics,0.036475
South Asia,1981,Petroleum,0
South Asia,1981,Products mainly from biomass nec.,0.054726
South Asia,1981,Products mainly from metals nec.,0.07064000000000001
South Asia,1981,Products mainly from non-metallic minerals,0.12257900000000001
South Asia,1981,Refined fossil fuels mainly for fuel e.g. LPG gasoline diesel,0.604
South Asia,1981,Waste for final treatment and disposal,1.9e-5
South Asia,1981,Wild catch and harvest,0.095066
South Asia,1981,Wood,0.149208
South Asia,1982,Coal,0.18
South Asia,1982,Crop Residues,6.1e-4
South Asia,1982,Crops,4.722278
South Asia,1982,Excavated earthen materials (including soil) nec,0
South Asia,1982,Ferrous ores,20.157462
South Asia,1982,Grazed biomass and fodder crops,1.65e-4
South Asia,1982,Mixed / complex products nec.,0.050036
South Asia,1982,Natural Gas,1.528609
South Asia,1982,Non-ferrous ores,0.638793
South Asia,1982,Non-metallic minerals - construction dominant,0.02499
South Asia,1982,Non-metallic minerals - industrial or agricultural dominant,0.254186
South Asia,1982,Non-wild animal products,0.061234000000000004
South Asia,1982,Other products mainly from fossil fuels e.g. plastics,0.033915
South Asia,1982,Petroleum,4.391
South Asia,1982,Products mainly from biomass nec.,0.073348
South Asia,1982,Products mainly from metals nec.,0.07584199999999999
South Asia,1982,Products mainly from non-metallic minerals,0.130444
South Asia,1982,Refined fossil fuels mainly for fuel e.g. LPG gasoline diesel,1.111
South Asia,1982,Waste for final treatment and disposal,1.47e-4
South Asia,1982,Wild catch and harvest,0.096551
South Asia,1982,Wood,0.145068
South Asia,1983,Coal,0.08
South Asia,1983,Crop Residues,1.25e-4
South Asia,1983,Crops,4.931196
South Asia,1983,Excavated earthen materials (including soil) nec,0
South Asia,1983,Ferrous ores,22.298813999999997
South Asia,1983,Grazed biomass and fodder crops,0.005555
South Asia,1983,Mixed / complex products nec.,0.088484
South Asia,1983,Natural Gas,1.53381
South Asia,1983,Non-ferrous ores,0.652802
South Asia,1983,Non-metallic minerals - construction dominant,0.5441
South Asia,1983,Non-metallic minerals - industrial or agricultural dominant,0.886891
South Asia,1983,Non-wild animal products,0.076801
South Asia,1983,Other products mainly from fossil fuels e.g. plastics,0.042912
South Asia,1983,Petroleum,4.723
South Asia,1983,Products mainly from biomass nec.,0.087194
South Asia,1983,Products mainly from metals nec.,0.11755399999999999
South Asia,1983,Products mainly from non-metallic minerals,0.149479
South Asia,1983,Refined fossil fuels mainly for fuel e.g. LPG gasoline diesel,1.46
South Asia,1983,Waste for final treatment and disposal,0.0010010000000000002
South Asia,1983,Wild catch and harvest,0.110268
South Asia,1983,Wood,0.145328
South Asia,1984,Coal,0.09
South Asia,1984,Crop Residues,4.93e-4
South Asia,1984,Crops,4.41215
South Asia,1984,Excavated earthen materials (including soil) nec,0
South Asia,1984,Ferrous ores,25.909453000000003
South Asia,1984,Grazed biomass and fodder crops,4.42e-4
South Asia,1984,Mixed / complex products nec.,0.109397
South Asia,1984,Natural Gas,1.53381
South Asia,1984,Non-ferrous ores,1.00813
South Asia,1984,Non-metallic minerals - construction dominant,0.7255699999999999
South Asia,1984,Non-metallic minerals - industrial or agricultural dominant,0.7610469999999999
South Asia,1984,Non-wild animal products,0.06923
South Asia,1984,Other products mainly from fossil fuels e.g. plastics,0.07008400000000001
South Asia,1984,Petroleum,6.76
South Asia,1984,Products mainly from biomass nec.,0.126856
South Asia,1984,Products mainly from metals nec.,0.131333
South Asia,1984,Products mainly from non-metallic minerals,0.221747
South Asia,1984,Refined fossil fuels mainly for fuel e.g. LPG gasoline diesel,1.324
South Asia,1984,Waste for final treatment and disposal,1.31e-4
South Asia,1984,Wild catch and harvest,0.125762
South Asia,1984,Wood,0.16012800000000002
South Asia,1985,Coal,0.215
South Asia,1985,Crop Residues,9.37e-4
South Asia,1985,Crops,4.145607
South Asia,1985,Excavated earthen materials (including soil) nec,0
South Asia,1985,Ferrous ores,30.341325
South Asia,1985,Grazed biomass and fodder crops,1.71e-4
South Asia,1985,Mixed / complex products nec.,0.123926
South Asia,1985,Natural Gas,1.53381
South Asia,1985,Non-ferrous ores,0.9412200000000001
South Asia,1985,Non-metallic minerals - construction dominant,0.6414489999999999
South Asia,1985,Non-metallic minerals - industrial or agricultural dominant,0.902992
South Asia,1985,Non-wild animal products,0.067458
South Asia,1985,Other products mainly from fossil fuels e.g. plastics,0.060646
South Asia,1985,Petroleum,2.044
South Asia,1985,Products mainly from biomass nec.,0.09953999999999999
South Asia,1985,Products mainly from metals nec.,0.129132
South Asia,1985,Products mainly from non-metallic minerals,0.18421
South Asia,1985,Refined fossil fuels mainly for fuel e.g. LPG gasoline diesel,2.092
South Asia,1985,Waste for final treatment and disposal,8.86e-4
South Asia,1985,Wild catch and harvest,0.130301
South Asia,1985,Wood,0.057908
South Asia,1986,Coal,0.134
South Asia,1986,Crop Residues,7.5e-5
South Asia,1986,Crops,4.743773
South Asia,1986,Excavated earthen materials (including soil) nec,0
South Asia,1986,Ferrous ores,28.342613
South Asia,1986,Grazed biomass and fodder crops,2e-6
South Asia,1986,Mixed / complex products nec.,0.115722
South Asia,1986,Natural Gas,1.53381
South Asia,1986,Non-ferrous ores,0.6705369999999999
South Asia,1986,Non-metallic minerals - construction dominant,0.688396
South Asia,1986,Non-metallic minerals - industrial or agricultural dominant,0.331651
South Asia,1986,Non-wild animal products,0.056986999999999996
South Asia,1986,Other products mainly from fossil fuels e.g. plastics,0.067446999999999993
South Asia,1986,Petroleum,0
South Asia,1986,Products mainly from biomass nec.,0.06435400000000001
South Asia,1986,Products mainly from metals nec.,0.13436299999999998
South Asia,1986,Products mainly from non-metallic minerals,0.181521
South Asia,1986,Refined fossil fuels mainly for fuel e.g. LPG gasoline diesel,2.711
South Asia,1986,Waste for final treatment and disposal,6.56e-4
South Asia,1986,Wild catch and harvest,0.137895
South Asia,1986,Wood,0.035849
South Asia,1987,Coal,0.24
South Asia,1987,Crop Residues,3.3e-5
South Asia,1987,Crops,3.967449
South Asia,1987,Excavated earthen materials (including soil) nec,0
South Asia,1987,Ferrous ores,29.646405
South Asia,1987,Grazed biomass and fodder crops,1.8e-5
South Asia,1987,Mixed / complex products nec.,0.222487
South Asia,1987,Natural Gas,1.11069
South Asia,1987,Non-ferrous ores,0.815213
South Asia,1987,Non-metallic minerals - construction dominant,0.888759
South Asia,1987,Non-metallic minerals - industrial or agricultural dominant,0.597692
South Asia,1987,Non-wild animal products,0.070218
South Asia,1987,Other products mainly from fossil fuels e.g. plastics,0.112298
South Asia,1987,Petroleum,0
South Asia,1987,Products mainly from biomass nec.,0.056960000000000004
South Asia,1987,Products mainly from metals nec.,0.150733
South Asia,1987,Products mainly from non-metallic minerals,0.189053
South Asia,1987,Refined fossil fuels mainly for fuel e.g. LPG gasoline diesel,3.7020000000000004
South Asia,1987,Waste for final treatment and disposal,1.4900000000000002e-4
South Asia,1987,Wild catch and harvest,0.13361599999999998
South Asia,1987,Wood,0.025653000000000002
South Asia,1988,Coal,0.193
South Asia,1988,Crop Residues,0
South Asia,1988,Crops,4.093614
South Asia,1988,Excavated earthen materials (including soil) nec,0
South Asia,1988,Ferrous ores,33.378243
South Asia,1988,Grazed biomass and fodder crops,8.45e-4
South Asia,1988,Mixed / complex products nec.,0.329957
South Asia,1988,Natural Gas,0.8815
South Asia,1988,Non-ferrous ores,1.6853280000000002
South Asia,1988,Non-metallic minerals - construction dominant,0.937534
South Asia,1988,Non-metallic minerals - industrial or agricultural dominant,1.139937
South Asia,1988,Non-wild animal products,0.065275
South Asia,1988,Other products mainly from fossil fuels e.g. plastics,0.156569
South Asia,1988,Petroleum,0.02
South Asia,1988,Products mainly from biomass nec.,0.057056
South Asia,1988,Products mainly from metals nec.,0.191641
South Asia,1988,Products mainly from non-metallic minerals,0.29804
South Asia,1988,Refined fossil fuels mainly for fuel e.g. LPG gasoline diesel,2.561
South Asia,1988,Waste for final treatment and disposal,7.35e-4
South Asia,1988,Wild catch and harvest,0.152385
South Asia,1988,Wood,0.060794999999999995
South Asia,1989,Coal,0.201
South Asia,1989,Crop Residues,4.7e-5
South Asia,1989,Crops,5.78109
South Asia,1989,Excavated earthen materials (including soil) nec,0
South Asia,1989,Ferrous ores,35.859539
South Asia,1989,Grazed biomass and fodder crops,0.001639
South Asia,1989,Mixed / complex products nec.,0.729261
South Asia,1989,Natural Gas,0.05289
South Asia,1989,Non-ferrous ores,1.562921
South Asia,1989,Non-metallic minerals - construction dominant,1.02612
South Asia,1989,Non-metallic minerals - industrial or agricultural dominant,1.426533
South Asia,1989,Non-wild animal products,0.063433
South Asia,1989,Other products mainly from fossil fuels e.g. plastics,0.226021
South Asia,1989,Petroleum,0.309
South Asia,1989,Products mainly from biomass nec.,0.088395
South Asia,1989,Products mainly from metals nec.,0.207566
South Asia,1989,Products mainly from non-metallic minerals,0.480642
South Asia,1989,Refined fossil fuels mainly for fuel e.g. LPG gasoline diesel,2.481
South Asia,1989,Waste for final treatment and disposal,0.0013210000000000001
South Asia,1989,Wild catch and harvest,0.159335
South Asia,1989,Wood,0.07885299999999999
South Asia,1990,Coal,0.10200000000000001
South Asia,1990,Crop Residues,0
South Asia,1990,Crops,5.921617
South Asia,1990,Excavated earthen materials (including soil) nec,0
South Asia,1990,Ferrous ores,33.171057999999995
South Asia,1990,Grazed biomass and fodder crops,1.9e-4
South Asia,1990,Mixed / complex products nec.,0.43010099999999996
South Asia,1990,Natural Gas,0
South Asia,1990,Non-ferrous ores,1.257978
South Asia,1990,Non-metallic minerals - construction dominant,1.0325520000000001
South Asia,1990,Non-metallic minerals - industrial or agricultural dominant,1.170279
South Asia,1990,Non-wild animal products,0.056303
South Asia,1990,Other products mainly from fossil fuels e.g. plastics,0.251921
South Asia,1990,Petroleum,0.625
South Asia,1990,Products mainly from biomass nec.,0.085547
South Asia,1990,Products mainly from metals nec.,0.267016
South Asia,1990,Products mainly from non-metallic minerals,0.626564
South Asia,1990,Refined fossil fuels mainly for fuel e.g. LPG gasoline diesel,2.315
South Asia,1990,Waste for final treatment and disposal,2.52e-4
South Asia,1990,Wild catch and harvest,0.190811
South Asia,1990,Wood,0.092656
South Asia,1991,Coal,0.092
South Asia,1991,Crop Residues,0
South Asia,1991,Crops,7.169630000000001
South Asia,1991,Excavated earthen materials (including soil) nec,0
South Asia,1991,Ferrous ores,30.386602
South Asia,1991,Grazed biomass and fodder crops,0
South Asia,1991,Mixed / complex products nec.,0.43182200000000004
South Asia,1991,Natural Gas,0
South Asia,1991,Non-ferrous ores,1.345424
South Asia,1991,Non-metallic minerals - construction dominant,1.233107
South Asia,1991,Non-metallic minerals - industrial or agricultural dominant,1.4572230000000002
South Asia,1991,Non-wild animal products,0.078403
South Asia,1991,Other products mainly from fossil fuels e.g. plastics,0.295863
South Asia,1991,Petroleum,0.649
South Asia,1991,Products mainly from biomass nec.,0.105642
South Asia,1991,Products mainly from metals nec.,0.28280900000000003
South Asia,1991,Products mainly from non-metallic minerals,0.883379
South Asia,1991,Refined fossil fuels mainly for fuel e.g. LPG gasoline diesel,1.986
South Asia,1991,Waste for final treatment and disposal,2.34e-4
South Asia,1991,Wild catch and harvest,0.238676
South Asia,1991,Wood,0.112169
South Asia,1992,Coal,0.183
South Asia,1992,Crop Residues,0
South Asia,1992,Crops,7.075373
South Asia,1992,Excavated earthen materials (including soil) nec,0
South Asia,1992,Ferrous ores,23.669433
South Asia,1992,Grazed biomass and fodder crops,0
South Asia,1992,Mixed / complex products nec.,0.381575
South Asia,1992,Natural Gas,0
South Asia,1992,Non-ferrous ores,1.472601
South Asia,1992,Non-metallic minerals - construction dominant,1.303443
South Asia,1992,Non-metallic minerals - industrial or agricultural dominant,0.827169
South Asia,1992,Non-wild animal products,0.065127
South Asia,1992,Other products mainly from fossil fuels e.g. plastics,0.39585200000000004
South Asia,1992,Petroleum,0.675
South Asia,1992,Products mainly from biomass nec.,0.113538
South Asia,1992,Products mainly from metals nec.,0.307061
South Asia,1992,Products mainly from non-metallic minerals,1.31117
South Asia,1992,Refined fossil fuels mainly for fuel e.g. LPG gasoline diesel,1.832
South Asia,1992,Waste for final treatment and disposal,2.17e-4
South Asia,1992,Wild catch and harvest,0.255784
South Asia,1992,Wood,0.055732000000000004
South Asia,1993,Coal,0.154
South Asia,1993,Crop Residues,0
South Asia,1993,Crops,8.461044
South Asia,1993,Excavated earthen materials (including soil) nec,0
South Asia,1993,Ferrous ores,29.75161
South Asia,1993,Grazed biomass and fodder crops,0
South Asia,1993,Mixed / complex products nec.,0.611078
South Asia,1993,Natural Gas,0
South Asia,1993,Non-ferrous ores,1.729972
South Asia,1993,Non-metallic minerals - construction dominant,1.538871
South Asia,1993,Non-metallic minerals - industrial or agricultural dominant,1.363772
South Asia,1993,Non-wild animal products,0.07327700000000001
South Asia,1993,Other products mainly from fossil fuels e.g. plastics,0.447639
South Asia,1993,Petroleum,0.699
South Asia,1993,Products mainly from biomass nec.,0.18737600000000001
South Asia,1993,Products mainly from metals nec.,0.27745699999999995
South Asia,1993,Products mainly from non-metallic minerals,2.454119
South Asia,1993,Refined fossil fuels mainly for fuel e.g. LPG gasoline diesel,2.0789999999999997
South Asia,1993,Waste for final treatment and disposal,4.0799999999999994e-4
South Asia,1993,Wild catch and harvest,0.305896
South Asia,1993,Wood,0.025454
South Asia,1994,Coal,0.142
South Asia,1994,Crop Residues,0
South Asia,1994,Crops,7.452014999999999
South Asia,1994,Excavated earthen materials (including soil) nec,0
South Asia,1994,Ferrous ores,28.512386
South Asia,1994,Grazed biomass and fodder crops,5e-4
South Asia,1994,Mixed / complex products nec.,1.191486
South Asia,1994,Natural Gas,0
South Asia,1994,Non-ferrous ores,1.797391
South Asia,1994,Non-metallic minerals - construction dominant,2.084167
South Asia,1994,Non-metallic minerals - industrial or agricultural dominant,1.715271
South Asia,1994,Non-wild animal products,0.097062
South Asia,1994,Other products mainly from fossil fuels e.g. plastics,0.584858
South Asia,1994,Petroleum,0.67
South Asia,1994,Products mainly from biomass nec.,0.213222
South Asia,1994,Products mainly from metals nec.,0.311232
South Asia,1994,Products mainly from non-metallic minerals,2.669474
South Asia,1994,Refined fossil fuels mainly for fuel e.g. LPG gasoline diesel,2.641
South Asia,1994,Waste for final treatment and disposal,8.29e-4
South Asia,1994,Wild catch and harvest,0.37816500000000003
South Asia,1994,Wood,0.052353000000000004
South Asia,1995,Coal,0.144
South Asia,1995,Crop Residues,0
South Asia,1995,Crops,14.186291
South Asia,1995,Excavated earthen materials (including soil) nec,0
South Asia,1995,Ferrous ores,34.393021
South Asia,1995,Grazed biomass and fodder crops,0
South Asia,1995,Mixed / complex products nec.,0.580634
South Asia,1995,Natural Gas,0
South Asia,1995,Non-ferrous ores,1.563737
South Asia,1995,Non-metallic minerals - construction dominant,2.557208
South Asia,1995,Non-metallic minerals - industrial or agricultural dominant,2.021442
South Asia,1995,Non-wild animal products,0.103064
South Asia,1995,Other products mainly from fossil fuels e.g. plastics,0.5581389999999999
South Asia,1995,Petroleum,0.491
South Asia,1995,Products mainly from biomass nec.,0.163278
South Asia,1995,Products mainly from metals nec.,0.343951
South Asia,1995,Products mainly from non-metallic minerals,1.772008
South Asia,1995,Refined fossil fuels mainly for fuel e.g. LPG gasoline diesel,2.6630000000000003
South Asia,1995,Waste for final treatment and disposal,0.008378
South Asia,1995,Wild catch and harvest,0.361952
South Asia,1995,Wood,0.06664
South Asia,1996,Coal,0.16
South Asia,1996,Crop Residues,0
South Asia,1996,Crops,14.228427
South Asia,1996,Excavated earthen materials (including soil) nec,0
South Asia,1996,Ferrous ores,20.408989000000002
South Asia,1996,Grazed biomass and fodder crops,2e-5
South Asia,1996,Mixed / complex products nec.,1.030273
South Asia,1996,Natural Gas,0
South Asia,1996,Non-ferrous ores,1.835928
South Asia,1996,Non-metallic minerals - construction dominant,2.658367
South Asia,1996,Non-metallic minerals - industrial or agricultural dominant,1.74478
South Asia,1996,Non-wild animal products,0.09459100000000001
South Asia,1996,Other products mainly from fossil fuels e.g. plastics,0.65211
South Asia,1996,Petroleum,0.412
South Asia,1996,Products mainly from biomass nec.,0.235869
South Asia,1996,Products mainly from metals nec.,0.37692400000000004
South Asia,1996,Products mainly from non-metallic minerals,2.031057
South Asia,1996,Refined fossil fuels mainly for fuel e.g. LPG gasoline diesel,3.0460000000000003
South Asia,1996,Waste for final treatment and disposal,8.16e-4
South Asia,1996,Wild catch and harvest,0.461059
South Asia,1996,Wood,0.058388
South Asia,1997,Coal,0.388
South Asia,1997,Crop Residues,2.7e-5
South Asia,1997,Crops,10.706334
South Asia,1997,Excavated earthen materials (including soil) nec,0
South Asia,1997,Ferrous ores,32.830751
South Asia,1997,Grazed biomass and fodder crops,3e-6
South Asia,1997,Mixed / complex products nec.,1.095463
South Asia,1997,Natural Gas,0
South Asia,1997,Non-ferrous ores,1.647099
South Asia,1997,Non-metallic minerals - construction dominant,1.589704
South Asia,1997,Non-metallic minerals - industrial or agricultural dominant,1.242655
South Asia,1997,Non-wild animal products,0.082539
South Asia,1997,Other products mainly from fossil fuels e.g. plastics,0.793196
South Asia,1997,Petroleum,0.579
South Asia,1997,Products mainly from biomass nec.,0.287151
South Asia,1997,Products mainly from metals nec.,0.409815
South Asia,1997,Products mainly from non-metallic minerals,2.7331190000000003
South Asia,1997,Refined fossil fuels mainly for fuel e.g. LPG gasoline diesel,2.426
South Asia,1997,Waste for final treatment and disposal,5.65e-4
South Asia,1997,Wild catch and harvest,0.47343599999999997
South Asia,1997,Wood,0.07628399999999999
South Asia,1998,Coal,0.764
South Asia,1998,Crop Residues,1.7e-5
South Asia,1998,Crops,11.401802
South Asia,1998,Excavated earthen materials (including soil) nec,0
South Asia,1998,Ferrous ores,24.771583999999997
South Asia,1998,Grazed biomass and fodder crops,0
South Asia,1998,Mixed / complex products nec.,1.382764
South Asia,1998,Natural Gas,0
South Asia,1998,Non-ferrous ores,1.263932
South Asia,1998,Non-metallic minerals - construction dominant,1.789197
South Asia,1998,Non-metallic minerals - industrial or agricultural dominant,1.657095
South Asia,1998,Non-wild animal products,0.057441
South Asia,1998,Other products mainly from fossil fuels e.g. plastics,0.7701319999999999
South Asia,1998,Petroleum,0.235
South Asia,1998,Products mainly from biomass nec.,0.266891
South Asia,1998,Products mainly from metals nec.,0.409397
South Asia,1998,Products mainly from non-metallic minerals,2.326442
South Asia,1998,Refined fossil fuels mainly for fuel e.g. LPG gasoline diesel,1.129
South Asia,1998,Waste for final treatment and disposal,4.15e-4
South Asia,1998,Wild catch and harvest,0.37523999999999996
South Asia,1998,Wood,0.157405
South Asia,1999,Coal,1.19
South Asia,1999,Crop Residues,1.2099999999999999e-4
South Asia,1999,Crops,7.997452
South Asia,1999,Excavated earthen materials (including soil) nec,0
South Asia,1999,Ferrous ores,18.885715
South Asia,1999,Grazed biomass and fodder crops,8.5e-5
South Asia,1999,Mixed / complex products nec.,1.638247
South Asia,1999,Natural Gas,0
South Asia,1999,Non-ferrous ores,1.810292
South Asia,1999,Non-metallic minerals - construction dominant,2.5515719999999997
South Asia,1999,Non-metallic minerals - industrial or agricultural dominant,0.947454
South Asia,1999,Non-wild animal products,0.083071
South Asia,1999,Other products mainly from fossil fuels e.g. plastics,1.17205
South Asia,1999,Petroleum,0.157
South Asia,1999,Products mainly from biomass nec.,0.365227
South Asia,1999,Products mainly from metals nec.,0.516865
South Asia,1999,Products mainly from non-metallic minerals,3.076715
South Asia,1999,Refined fossil fuels mainly for fuel e.g. LPG gasoline diesel,0.644
South Asia,1999,Waste for final treatment and disposal,0.062248
South Asia,1999,Wild catch and harvest,0.454422
South Asia,1999,Wood,0.202981
South Asia,2000,Coal,1.326
South Asia,2000,Crop Residues,1.7e-5
South Asia,2000,Crops,9.53527
South Asia,2000,Excavated earthen materials (including soil) nec,0
South Asia,2000,Ferrous ores,25.033763
South Asia,2000,Grazed biomass and fodder crops,5e-6
South Asia,2000,Mixed / complex products nec.,3.134351
South Asia,2000,Natural Gas,0
South Asia,2000,Non-ferrous ores,2.665501
South Asia,2000,Non-metallic minerals - construction dominant,2.864078
South Asia,2000,Non-metallic minerals - industrial or agricultural dominant,1.833774
South Asia,2000,Non-wild animal products,0.101005
South Asia,2000,Other products mainly from fossil fuels e.g. plastics,1.583609
South Asia,2000,Petroleum,0
South Asia,2000,Products mainly from biomass nec.,0.328432
South Asia,2000,Products mainly from metals nec.,0.55606
South Asia,2000,Products mainly from non-metallic minerals,4.943013
South Asia,2000,Refined fossil fuels mainly for fuel e.g. LPG gasoline diesel,6.071000000000001
South Asia,2000,Waste for final treatment and disposal,0.012909
South Asia,2000,Wild catch and harvest,0.580203
South Asia,2000,Wood,0.203793
South Asia,2001,Coal,1.933
South Asia,2001,Crop Residues,2.17e-4
South Asia,2001,Crops,13.393264
South Asia,2001,Excavated earthen materials (including soil) nec,0
South Asia,2001,Ferrous ores,22.831728
South Asia,2001,Grazed biomass and fodder crops,3.59e-4
South Asia,2001,Mixed / complex products nec.,9.461345
South Asia,2001,Natural Gas,0
South Asia,2001,Non-ferrous ores,3.153371
South Asia,2001,Non-metallic minerals - construction dominant,3.237677
South Asia,2001,Non-metallic minerals - industrial or agricultural dominant,2.5996770000000002
South Asia,2001,Non-wild animal products,0.10594400000000001
South Asia,2001,Other products mainly from fossil fuels e.g. plastics,1.8231760000000001
South Asia,2001,Petroleum,0
South Asia,2001,Products mainly from biomass nec.,0.44978599999999996
South Asia,2001,Products mainly from metals nec.,0.767531
South Asia,2001,Products mainly from non-metallic minerals,4.852442
South Asia,2001,Refined fossil fuels mainly for fuel e.g. LPG gasoline diesel,8.360000000000001
South Asia,2001,Waste for final treatment and disposal,0.023828000000000002
South Asia,2001,Wild catch and harvest,0.540071
South Asia,2001,Wood,0.164214
South Asia,2002,Coal,1.5419999999999998
South Asia,2002,Crop Residues,5.18e-4
South Asia,2002,Crops,16.830022
South Asia,2002,Excavated earthen materials (including soil) nec,0
South Asia,2002,Ferrous ores,54.965054
South Asia,2002,Grazed biomass and fodder crops,4.77e-4
South Asia,2002,Mixed / complex products nec.,8.111817
South Asia,2002,Natural Gas,0
South Asia,2002,Non-ferrous ores,5.165705
South Asia,2002,Non-metallic minerals - construction dominant,4.069294
South Asia,2002,Non-metallic minerals - industrial or agricultural dominant,2.298965
South Asia,2002,Non-wild animal products,0.126515
South Asia,2002,Other products mainly from fossil fuels e.g. plastics,2.25656
South Asia,2002,Petroleum,0
South Asia,2002,Products mainly from biomass nec.,0.559282
South Asia,2002,Products mainly from metals nec.,0.770402
South Asia,2002,Products mainly from non-metallic minerals,6.368826
South Asia,2002,Refined fossil fuels mainly for fuel e.g. LPG gasoline diesel,8.626999999999999
South Asia,2002,Waste for final treatment and disposal,0.060967
South Asia,2002,Wild catch and harvest,0.6061030000000001
South Asia,2002,Wood,0.17128000000000002
South Asia,2003,Coal,1.651606
South Asia,2003,Crop Residues,2.23e-4
South Asia,2003,Crops,18.267113000000002
South Asia,2003,Excavated earthen materials (including soil) nec,0
South Asia,2003,Ferrous ores,55.519842999999995
South Asia,2003,Grazed biomass and fodder crops,5.1e-5
South Asia,2003,Mixed / complex products nec.,10.293592
South Asia,2003,Natural Gas,0
South Asia,2003,Non-ferrous ores,3.073822
South Asia,2003,Non-metallic minerals - construction dominant,4.05337
South Asia,2003,Non-metallic minerals - industrial or agricultural dominant,2.510118
South Asia,2003,Non-wild animal products,0.201622
South Asia,2003,Other products mainly from fossil fuels e.g. plastics,2.596737
South Asia,2003,Petroleum,0
South Asia,2003,Products mainly from biomass nec.,0.648705
South Asia,2003,Products mainly from metals nec.,0.967878
South Asia,2003,Products mainly from non-metallic minerals,10.074919
South Asia,2003,Refined fossil fuels mainly for fuel e.g. LPG gasoline diesel,13.736979999999999
South Asia,2003,Waste for final treatment and disposal,0.197439
South Asia,2003,Wild catch and harvest,0.49954699999999996
South Asia,2003,Wood,0.283482
South Asia,2004,Coal,1.394362
South Asia,2004,Crop Residues,1.08e-4
South Asia,2004,Crops,16.357093
South Asia,2004,Excavated earthen materials (including soil) nec,0
South Asia,2004,Ferrous ores,67.707228
South Asia,2004,Grazed biomass and fodder crops,8.1e-5
South Asia,2004,Mixed / complex products nec.,17.798285999999997
South Asia,2004,Natural Gas,0
South Asia,2004,Non-ferrous ores,3.5490589999999997
South Asia,2004,Non-metallic minerals - construction dominant,4.695657000000001
South Asia,2004,Non-metallic minerals - industrial or agricultural dominant,3.877357
South Asia,2004,Non-wild animal products,0.247036
South Asia,2004,Other products mainly from fossil fuels e.g. plastics,3.0016670000000003
South Asia,2004,Petroleum,0
South Asia,2004,Products mainly from biomass nec.,0.81452
South Asia,2004,Products mainly from metals nec.,1.1904000000000001
South Asia,2004,Products mainly from non-metallic minerals,9.858502999999999
South Asia,2004,Refined fossil fuels mainly for fuel e.g. LPG gasoline diesel,17.650561
South Asia,2004,Waste for final treatment and disposal,0.30850500000000003
South Asia,2004,Wild catch and harvest,0.5674680000000001
South Asia,2004,Wood,0.542674
South Asia,2005,Coal,2.037377
South Asia,2005,Crop Residues,1.45e-4
South Asia,2005,Crops,17.513433
South Asia,2005,Excavated earthen materials (including soil) nec,0
South Asia,2005,Ferrous ores,101.524891
South Asia,2005,Grazed biomass and fodder crops,6.2e-5
South Asia,2005,Mixed / complex products nec.,30.127954
South Asia,2005,Natural Gas,0
South Asia,2005,Non-ferrous ores,6.701389000000001
South Asia,2005,Non-metallic minerals - construction dominant,5.600421
South Asia,2005,Non-metallic minerals - industrial or agricultural dominant,6.129103
South Asia,2005,Non-wild animal products,0.313012
South Asia,2005,Other products mainly from fossil fuels e.g. plastics,3.2935779999999997
South Asia,2005,Petroleum,0
South Asia,2005,Products mainly from biomass nec.,1.067807
South Asia,2005,Products mainly from metals nec.,1.490408
South Asia,2005,Products mainly from non-metallic minerals,12.095577
South Asia,2005,Refined fossil fuels mainly for fuel e.g. LPG gasoline diesel,20.448189
South Asia,2005,Waste for final treatment and disposal,0.420794
South Asia,2005,Wild catch and harvest,0.642676
South Asia,2005,Wood,0.59526
South Asia,2006,Coal,1.619545
South Asia,2006,Crop Residues,0.001288
South Asia,2006,Crops,20.901268
South Asia,2006,Excavated earthen materials (including soil) nec,0
South Asia,2006,Ferrous ores,96.272892
South Asia,2006,Grazed biomass and fodder crops,4.6e-5
South Asia,2006,Mixed / complex products nec.,14.462503
South Asia,2006,Natural Gas,0
South Asia,2006,Non-ferrous ores,10.365964
South Asia,2006,Non-metallic minerals - construction dominant,7.05985
South Asia,2006,Non-metallic minerals - industrial or agricultural dominant,4.190908
South Asia,2006,Non-wild animal products,0.284458
South Asia,2006,Other products mainly from fossil fuels e.g. plastics,3.7703569999999997
South Asia,2006,Petroleum,0
South Asia,2006,Products mainly from biomass nec.,1.0782530000000001
South Asia,2006,Products mainly from metals nec.,1.706855
South Asia,2006,Products mainly from non-metallic minerals,14.219291
South Asia,2006,Refined fossil fuels mainly for fuel e.g. LPG gasoline diesel,33.161640000000006
South Asia,2006,Waste for final treatment and disposal,0.14994100000000002
South Asia,2006,Wild catch and harvest,0.7166250000000001
South Asia,2006,Wood,0.569246
South Asia,2007,Coal,1.702366
South Asia,2007,Crop Residues,7.15e-4
South Asia,2007,Crops,29.78259
South Asia,2007,Excavated earthen materials (including soil) nec,0
South Asia,2007,Ferrous ores,85.247416
South Asia,2007,Grazed biomass and fodder crops,2.02e-4
South Asia,2007,Mixed / complex products nec.,28.215778999999998
South Asia,2007,Natural Gas,0
South Asia,2007,Non-ferrous ores,12.820076
South Asia,2007,Non-metallic minerals - construction dominant,8.126333
South Asia,2007,Non-metallic minerals - industrial or agricultural dominant,4.964953
South Asia,2007,Non-wild animal products,0.325882
South Asia,2007,Other products mainly from fossil fuels e.g. plastics,3.634141
South Asia,2007,Petroleum,0
South Asia,2007,Products mainly from biomass nec.,1.105287
South Asia,2007,Products mainly from metals nec.,1.790637
South Asia,2007,Products mainly from non-metallic minerals,10.63982
South Asia,2007,Refined fossil fuels mainly for fuel e.g. LPG gasoline diesel,38.712199999999996
South Asia,2007,Waste for final treatment and disposal,0.21599000000000002
South Asia,2007,Wild catch and harvest,0.578688
South Asia,2007,Wood,0.567968
South Asia,2008,Coal,1.735976
South Asia,2008,Crop Residues,3.0199999999999997e-4
South Asia,2008,Crops,24.603106
South Asia,2008,Excavated earthen materials (including soil) nec,0
South Asia,2008,Ferrous ores,74.626136
South Asia,2008,Grazed biomass and fodder crops,3.37e-4
South Asia,2008,Mixed / complex products nec.,13.911688999999999
South Asia,2008,Natural Gas,0
South Asia,2008,Non-ferrous ores,8.541068
South Asia,2008,Non-metallic minerals - construction dominant,8.635083
South Asia,2008,Non-metallic minerals - industrial or agricultural dominant,5.486877
South Asia,2008,Non-wild animal products,0.359651
South Asia,2008,Other products mainly from fossil fuels e.g. plastics,3.821642
South Asia,2008,Petroleum,0
South Asia,2008,Products mainly from biomass nec.,1.344026
South Asia,2008,Products mainly from metals nec.,2.48212
South Asia,2008,Products mainly from non-metallic minerals,11.660378
South Asia,2008,Refined fossil fuels mainly for fuel e.g. LPG gasoline diesel,39.05905
South Asia,2008,Waste for final treatment and disposal,0.500962
South Asia,2008,Wild catch and harvest,0.546757
South Asia,2008,Wood,0.735105
South Asia,2009,Coal,2.4850760000000003
South Asia,2009,Crop Residues,0.001076
South Asia,2009,Crops,18.695962
South Asia,2009,Excavated earthen materials (including soil) nec,0
South Asia,2009,Ferrous ores,106.607604
South Asia,2009,Grazed biomass and fodder crops,3.6e-5
South Asia,2009,Mixed / complex products nec.,12.541179000000001
South Asia,2009,Natural Gas,0
South Asia,2009,Non-ferrous ores,3.839493
South Asia,2009,Non-metallic minerals - construction dominant,9.949136
South Asia,2009,Non-metallic minerals - industrial or agricultural dominant,5.9503129999999995
South Asia,2009,Non-wild animal products,0.37121
South Asia,2009,Other products mainly from fossil fuels e.g. plastics,3.949218
South Asia,2009,Petroleum,0
South Asia,2009,Products mainly from biomass nec.,1.258041
South Asia,2009,Products mainly from metals nec.,1.706376
South Asia,2009,Products mainly from non-metallic minerals,10.594535
South Asia,2009,Refined fossil fuels mainly for fuel e.g. LPG gasoline diesel,49.68000000000001
South Asia,2009,Waste for final treatment and disposal,0.490408
South Asia,2009,Wild catch and harvest,0.714405
South Asia,2009,Wood,0.602921
South Asia,2010,Coal,4.487818
South Asia,2010,Crop Residues,3.6700000000000003e-4
South Asia,2010,Crops,22.120352
South Asia,2010,Excavated earthen materials (including soil) nec,0
South Asia,2010,Ferrous ores,144.700879
South Asia,2010,Grazed biomass and fodder crops,2.6e-4
South Asia,2010,Mixed / complex products nec.,17.983359
South Asia,2010,Natural Gas,0
South Asia,2010,Non-ferrous ores,4.785643
South Asia,2010,Non-metallic minerals - construction dominant,7.494952
South Asia,2010,Non-metallic minerals - industrial or agricultural dominant,3.407282
South Asia,2010,Non-wild animal products,0.345669
South Asia,2010,Other products mainly from fossil fuels e.g. plastics,4.459862
South Asia,2010,Petroleum,0.085
South Asia,2010,Products mainly from biomass nec.,1.453732
South Asia,2010,Products mainly from metals nec.,1.615238
South Asia,2010,Products mainly from non-metallic minerals,10.240590000000001
South Asia,2010,Refined fossil fuels mainly for fuel e.g. LPG gasoline diesel,58.95399999999999
South Asia,2010,Waste for final treatment and disposal,0.126422
South Asia,2010,Wild catch and harvest,0.8180900000000001
South Asia,2010,Wood,0.726715
South Asia,2011,Coal,2.151354
South Asia,2011,Crop Residues,7.3e-4
South Asia,2011,Crops,31.199623
South Asia,2011,Excavated earthen materials (including soil) nec,0
South Asia,2011,Ferrous ores,51.587704
South Asia,2011,Grazed biomass and fodder crops,1.28e-4
South Asia,2011,Mixed / complex products nec.,33.118485
South Asia,2011,Natural Gas,0
South Asia,2011,Non-ferrous ores,4.098232
South Asia,2011,Non-metallic minerals - construction dominant,12.322815
South Asia,2011,Non-metallic minerals - industrial or agricultural dominant,7.867132000000001
South Asia,2011,Non-wild animal products,0.307421
South Asia,2011,Other products mainly from fossil fuels e.g. plastics,6.961261
South Asia,2011,Petroleum,0.039
South Asia,2011,Products mainly from biomass nec.,1.727674
South Asia,2011,Products mainly from metals nec.,3.625356
South Asia,2011,Products mainly from non-metallic minerals,14.224166
South Asia,2011,Refined fossil fuels mainly for fuel e.g. LPG gasoline diesel,61.0005
South Asia,2011,Waste for final treatment and disposal,0.45422199999999996
South Asia,2011,Wild catch and harvest,1.032453
South Asia,2011,Wood,0.8109999999999999
South Asia,2012,Coal,3.1816079999999998
South Asia,2012,Crop Residues,8.11e-4
South Asia,2012,Crops,40.941887
South Asia,2012,Excavated earthen materials (including soil) nec,0
South Asia,2012,Ferrous ores,40.754527
South Asia,2012,Grazed biomass and fodder crops,5.2e-5
South Asia,2012,Mixed / complex products nec.,28.83181
South Asia,2012,Natural Gas,0
South Asia,2012,Non-ferrous ores,5.332582
South Asia,2012,Non-metallic minerals - construction dominant,13.514173
South Asia,2012,Non-metallic minerals - industrial or agricultural dominant,9.238283000000001
South Asia,2012,Non-wild animal products,0.376971
South Asia,2012,Other products mainly from fossil fuels e.g. plastics,6.582751
South Asia,2012,Petroleum,0.011
South Asia,2012,Products mainly from biomass nec.,1.810554
South Asia,2012,Products mainly from metals nec.,3.304874
South Asia,2012,Products mainly from non-metallic minerals,13.974860999999999
South Asia,2012,Refined fossil fuels mainly for fuel e.g. LPG gasoline diesel,64.907
South Asia,2012,Waste for final treatment and disposal,0.20868799999999998
South Asia,2012,Wild catch and harvest,1.018244
South Asia,2012,Wood,0.8302499999999999
South Asia,2013,Coal,2.426202
South Asia,2013,Crop Residues,0.0017610000000000002
South Asia,2013,Crops,45.262026
South Asia,2013,Excavated earthen materials (including soil) nec,0
South Asia,2013,Ferrous ores,32.437455
South Asia,2013,Grazed biomass and fodder crops,4.5e-5
South Asia,2013,Mixed / complex products nec.,33.381665000000005
South Asia,2013,Natural Gas,0
South Asia,2013,Non-ferrous ores,9.029835
South Asia,2013,Non-metallic minerals - construction dominant,14.300399
South Asia,2013,Non-metallic minerals - industrial or agricultural dominant,11.954965
South Asia,2013,Non-wild animal products,0.546847
South Asia,2013,Other products mainly from fossil fuels e.g. plastics,7.463722
South Asia,2013,Petroleum,0
South Asia,2013,Products mainly from biomass nec.,2.051231
South Asia,2013,Products mainly from metals nec.,3.172753
South Asia,2013,Products mainly from non-metallic minerals,16.582333
South Asia,2013,Refined fossil fuels mainly for fuel e.g. LPG gasoline diesel,66.255983
South Asia,2013,Waste for final treatment and disposal,0.211337
South Asia,2013,Wild catch and harvest,1.034587
South Asia,2013,Wood,0.960416
South Asia,2014,Coal,1.5195740000000002
South Asia,2014,Crop Residues,0.002032
South Asia,2014,Crops,38.630571
South Asia,2014,Excavated earthen materials (including soil) nec,0
South Asia,2014,Ferrous ores,24.581072
South Asia,2014,Grazed biomass and fodder crops,1.4e-5
South Asia,2014,Mixed / complex products nec.,28.751585
South Asia,2014,Natural Gas,0
South Asia,2014,Non-ferrous ores,9.868864
South Asia,2014,Non-metallic minerals - construction dominant,16.587627
South Asia,2014,Non-metallic minerals - industrial or agricultural dominant,10.419783
South Asia,2014,Non-wild animal products,2.0638479999999997
South Asia,2014,Other products mainly from fossil fuels e.g. plastics,6.871733
South Asia,2014,Petroleum,0
South Asia,2014,Products mainly from biomass nec.,2.117439
South Asia,2014,Products mainly from metals nec.,3.399135
South Asia,2014,Products mainly from non-metallic minerals,17.777381
South Asia,2014,Refined fossil fuels mainly for fuel e.g. LPG gasoline diesel,59.298712
South Asia,2014,Waste for final treatment and disposal,0.214021
South Asia,2014,Wild catch and harvest,1.104794
South Asia,2014,Wood,0.980772
South Asia,2015,Coal,1.680403
South Asia,2015,Crop Residues,0.00603
South Asia,2015,Crops,29.757694
South Asia,2015,Excavated earthen materials (including soil) nec,0
South Asia,2015,Ferrous ores,15.85685
South Asia,2015,Grazed biomass and fodder crops,6e-6
South Asia,2015,Mixed / complex products nec.,23.716977
South Asia,2015,Natural Gas,0
South Asia,2015,Non-ferrous ores,12.207135000000001
South Asia,2015,Non-metallic minerals - construction dominant,16.246479
South Asia,2015,Non-metallic minerals - industrial or agricultural dominant,11.725337000000001
South Asia,2015,Non-wild animal products,1.792656
South Asia,2015,Other products mainly from fossil fuels e.g. plastics,6.977702
South Asia,2015,Petroleum,0
South Asia,2015,Products mainly from biomass nec.,2.086726
South Asia,2015,Products mainly from metals nec.,3.3321259999999997
South Asia,2015,Products mainly from non-metallic minerals,16.870418
South Asia,2015,Refined fossil fuels mainly for fuel e.g. LPG gasoline diesel,59.758
South Asia,2015,Waste for final treatment and disposal,0.267096
South Asia,2015,Wild catch and harvest,1.018646
South Asia,2015,Wood,0.8972939999999999
South Asia,2016,Coal,2.511
South Asia,2016,Crop Residues,2.96e-4
South Asia,2016,Crops,27.856594
South Asia,2016,Excavated earthen materials (including soil) nec,0
South Asia,2016,Ferrous ores,36.065087
South Asia,2016,Grazed biomass and fodder crops,3e-6
South Asia,2016,Mixed / complex products nec.,22.689686
South Asia,2016,Natural Gas,0
South Asia,2016,Non-ferrous ores,7.6279699999999995
South Asia,2016,Non-metallic minerals - construction dominant,18.986901
South Asia,2016,Non-metallic minerals - industrial or agricultural dominant,13.790932000000002
South Asia,2016,Non-wild animal products,1.779032
South Asia,2016,Other products mainly from fossil fuels e.g. plastics,7.757551
South Asia,2016,Petroleum,0
South Asia,2016,Products mainly from biomass nec.,2.2311490000000003
South Asia,2016,Products mainly from metals nec.,3.422053
South Asia,2016,Products mainly from non-metallic minerals,17.809114
South Asia,2016,Refined fossil fuels mainly for fuel e.g. LPG gasoline diesel,61.9492
South Asia,2016,Waste for final treatment and disposal,0.28646900000000003
South Asia,2016,Wild catch and harvest,1.125354
South Asia,2016,Wood,1.095863
South Asia,2017,Coal,2.5399309999999997
South Asia,2017,Crop Residues,0.003699
South Asia,2017,Crops,30.679149000000002
South Asia,2017,Excavated earthen materials (including soil) nec,0
South Asia,2017,Ferrous ores,43.727962999999995
South Asia,2017,Grazed biomass and fodder crops,0.042276999999999995
South Asia,2017,Mixed / complex products nec.,85.71391399999999
South Asia,2017,Natural Gas,0
South Asia,2017,Non-ferrous ores,6.444819
South Asia,2017,Non-metallic minerals - construction dominant,20.075539000000003
South Asia,2017,Non-metallic minerals - industrial or agricultural dominant,17.594795
South Asia,2017,Non-wild animal products,2.107768
South Asia,2017,Other products mainly from fossil fuels e.g. plastics,7.654389
South Asia,2017,Petroleum,0
South Asia,2017,Products mainly from biomass nec.,2.444197
South Asia,2017,Products mainly from metals nec.,3.2970099999999998
South Asia,2017,Products mainly from non-metallic minerals,17.267902
South Asia,2017,Refined fossil fuels mainly for fuel e.g. LPG gasoline diesel,73.91600000000001
South Asia,2017,Waste for final treatment and disposal,0.263019
South Asia,2017,Wild catch and harvest,1.393572
South Asia,2017,Wood,1.267816
South Asia,2018,Coal,2.496916
South Asia,2018,Crop Residues,0.018164
South Asia,2018,Crops,32.385988
South Asia,2018,Excavated earthen materials (including soil) nec,0
South Asia,2018,Ferrous ores,29.612261
South Asia,2018,Grazed biomass and fodder crops,2.7e-5
South Asia,2018,Mixed / complex products nec.,94.108926
South Asia,2018,Natural Gas,0
South Asia,2018,Non-ferrous ores,6.088671
South Asia,2018,Non-metallic minerals - construction dominant,22.433188
South Asia,2018,Non-metallic minerals - industrial or agricultural dominant,21.030552
South Asia,2018,Non-wild animal products,1.932515
South Asia,2018,Other products mainly from fossil fuels e.g. plastics,8.963661
South Asia,2018,Petroleum,0
South Asia,2018,Products mainly from biomass nec.,3.163495
South Asia,2018,Products mainly from metals nec.,3.574973
South Asia,2018,Products mainly from non-metallic minerals,22.412150999999998
South Asia,2018,Refined fossil fuels mainly for fuel e.g. LPG gasoline diesel,68.5552
South Asia,2018,Waste for final treatment and disposal,0.294845
South Asia,2018,Wild catch and harvest,1.4305539999999999
South Asia,2018,Wood,1.986742
South Asia,2019,Coal,1.9376099999999998
South Asia,2019,Crop Residues,0.025921
South Asia,2019,Crops,32.932667
South Asia,2019,Excavated earthen materials (including soil) nec,0
South Asia,2019,Ferrous ores,46.144926
South Asia,2019,Grazed biomass and fodder crops,0.002746
South Asia,2019,Mixed / complex products nec.,103.003634
South Asia,2019,Natural Gas,0
South Asia,2019,Non-ferrous ores,6.11932
South Asia,2019,Non-metallic minerals - construction dominant,25.575754
South Asia,2019,Non-metallic minerals - industrial or agricultural dominant,21.205983
South Asia,2019,Non-wild animal products,1.866797
South Asia,2019,Other products mainly from fossil fuels e.g. plastics,8.702831
South Asia,2019,Petroleum,0
South Asia,2019,Products mainly from biomass nec.,3.1044400000000003
South Asia,2019,Products mainly from metals nec.,3.885761
South Asia,2019,Products mainly from non-metallic minerals,20.036633
South Asia,2019,Refined fossil fuels mainly for fuel e.g. LPG gasoline diesel,65.233485
South Asia,2019,Waste for final treatment and disposal,0.307928
South Asia,2019,Wild catch and harvest,1.3705559999999999
South Asia,2019,Wood,1.879345
South Asia,2020,Coal,3.38132
South Asia,2020,Crop Residues,0.012555
South Asia,2020,Crops,42.371051
South Asia,2020,Excavated earthen materials (including soil) nec,0
South Asia,2020,Ferrous ores,46.287729
South Asia,2020,Grazed biomass and fodder crops,4.7e-5
South Asia,2020,Mixed / complex products nec.,101.172704
South Asia,2020,Natural Gas,0
South Asia,2020,Non-ferrous ores,5.966887
South Asia,2020,Non-metallic minerals - construction dominant,25.301517999999998
South Asia,2020,Non-metallic minerals - industrial or agricultural dominant,20.459206000000002
South Asia,2020,Non-wild animal products,1.699607
South Asia,2020,Other products mainly from fossil fuels e.g. plastics,8.668756
South Asia,2020,Petroleum,0
South Asia,2020,Products mainly from biomass nec.,3.0651710000000003
South Asia,2020,Products mainly from metals nec.,3.8128379999999997
South Asia,2020,Products mainly from non-metallic minerals,19.614794
South Asia,2020,Refined fossil fuels mainly for fuel e.g. LPG gasoline diesel,56.350753999999995
South Asia,2020,Waste for final treatment and disposal,0.303943
South Asia,2020,Wild catch and harvest,1.144091
South Asia,2020,Wood,2.553397
South Asia,2021,Coal,3.4186929999999998
South Asia,2021,Crop Residues,0.07205099999999999
South Asia,2021,Crops,62.149614
South Asia,2021,Excavated earthen materials (including soil) nec,0
South Asia,2021,Ferrous ores,48.556377
South Asia,2021,Grazed biomass and fodder crops,4.9e-5
South Asia,2021,Mixed / complex products nec.,105.603696
South Asia,2021,Natural Gas,0
South Asia,2021,Non-ferrous ores,6.303355
South Asia,2021,Non-metallic minerals - construction dominant,26.277772
South Asia,2021,Non-metallic minerals - industrial or agricultural dominant,21.959955
South Asia,2021,Non-wild animal products,1.778056
South Asia,2021,Other products mainly from fossil fuels e.g. plastics,8.683079000000001
South Asia,2021,Petroleum,0
South Asia,2021,Products mainly from biomass nec.,3.198004
South Asia,2021,Products mainly from metals nec.,3.981224
South Asia,2021,Products mainly from non-metallic minerals,20.920746
South Asia,2021,Refined fossil fuels mainly for fuel e.g. LPG gasoline diesel,56.404785
South Asia,2021,Waste for final treatment and disposal,0.313545
South Asia,2021,Wild catch and harvest,1.168587
South Asia,2021,Wood,3.784215
South Asia,2022,Coal,3.438237
South Asia,2022,Crop Residues,0.07381
South Asia,2022,Crops,64.035113
South Asia,2022,Excavated earthen materials (including soil) nec,0
South Asia,2022,Ferrous ores,49.913565
South Asia,2022,Grazed biomass and fodder crops,5.1e-5
South Asia,2022,Mixed / complex products nec.,108.90996
South Asia,2022,Natural Gas,0
South Asia,2022,Non-ferrous ores,6.4809
South Asia,2022,Non-metallic minerals - construction dominant,27.357248000000002
South Asia,2022,Non-metallic minerals - industrial or agricultural dominant,23.380733
South Asia,2022,Non-wild animal products,1.824611
South Asia,2022,Other products mainly from fossil fuels e.g. plastics,8.689494999999999
South Asia,2022,Petroleum,0
South Asia,2022,Products mainly from biomass nec.,3.28133
South Asia,2022,Products mainly from metals nec.,4.071735
South Asia,2022,Products mainly from non-metallic minerals,22.362125000000002
South Asia,2022,Refined fossil fuels mainly for fuel e.g. LPG gasoline diesel,56.431180999999995
South Asia,2022,Waste for final treatment and disposal,0.320645
South Asia,2022,Wild catch and harvest,1.193016
South Asia,2022,Wood,3.885151
South Asia,2023,Coal,3.4691769999999997
South Asia,2023,Crop Residues,0.07613299999999999
South Asia,2023,Crops,66.109915
South Asia,2023,Excavated earthen materials (including soil) nec,0
South Asia,2023,Ferrous ores,51.446816999999996
South Asia,2023,Grazed biomass and fodder crops,5.1e-5
South Asia,2023,Mixed / complex products nec.,111.987416
South Asia,2023,Natural Gas,0
South Asia,2023,Non-ferrous ores,6.6711670000000005
South Asia,2023,Non-metallic minerals - construction dominant,28.293553
South Asia,2023,Non-metallic minerals - industrial or agricultural dominant,24.615795
South Asia,2023,Non-wild animal products,1.871703
South Asia,2023,Other products mainly from fossil fuels e.g. plastics,8.692194
South Asia,2023,Petroleum,0
South Asia,2023,Products mainly from biomass nec.,3.365672
South Asia,2023,Products mainly from metals nec.,4.167293999999999
South Asia,2023,Products mainly from non-metallic minerals,23.568822
South Asia,2023,Refined fossil fuels mainly for fuel e.g. LPG gasoline diesel,56.437737000000006
South Asia,2023,Waste for final treatment and disposal,0.327287
South Asia,2023,Wild catch and harvest,1.21439
South Asia,2023,Wood,3.9808049999999997
South Asia,2024,Coal,3.489623
South Asia,2024,Crop Residues,0.078901
South Asia,2024,Crops,68.458416
South Asia,2024,Excavated earthen materials (including soil) nec,0
South Asia,2024,Ferrous ores,53.053385
South Asia,2024,Grazed biomass and fodder crops,5.2e-5
South Asia,2024,Mixed / complex products nec.,115.218488
South Asia,2024,Natural Gas,0
South Asia,2024,Non-ferrous ores,6.8576239999999995
South Asia,2024,Non-metallic minerals - construction dominant,29.337027
South Asia,2024,Non-metallic minerals - industrial or agricultural dominant,25.969365999999997
South Asia,2024,Non-wild animal products,1.92229
South Asia,2024,Other products mainly from fossil fuels e.g. plastics,8.693856
South Asia,2024,Petroleum,0
South Asia,2024,Products mainly from biomass nec.,3.456334
South Asia,2024,Products mainly from metals nec.,4.260895
South Asia,2024,Products mainly from non-metallic minerals,24.912343
South Asia,2024,Refined fossil fuels mainly for fuel e.g. LPG gasoline diesel,56.446218
South Asia,2024,Waste for final treatment and disposal,0.334328
South Asia,2024,Wild catch and harvest,1.234176
South Asia,2024,Wood,4.087157
Sub-Saharan Africa,1970,Coal,2.43
Sub-Saharan Africa,1970,Crop Residues,7e-5
Sub-Saharan Africa,1970,Crops,12.318304
Sub-Saharan Africa,1970,Excavated earthen materials (including soil) nec,0
Sub-Saharan Africa,1970,Ferrous ores,32.194545999999995
Sub-Saharan Africa,1970,Grazed biomass and fodder crops,0.003385
Sub-Saharan Africa,1970,Mixed / complex products nec.,0.04251
Sub-Saharan Africa,1970,Natural Gas,0
Sub-Saharan Africa,1970,Non-ferrous ores,5.984603
Sub-Saharan Africa,1970,Non-metallic minerals - construction dominant,0.324624
Sub-Saharan Africa,1970,Non-metallic minerals - industrial or agricultural dominant,3.751812
Sub-Saharan Africa,1970,Non-wild animal products,0.930295
Sub-Saharan Africa,1970,Other products mainly from fossil fuels e.g. plastics,0.016344
Sub-Saharan Africa,1970,Petroleum,60.018
Sub-Saharan Africa,1970,Products mainly from biomass nec.,0.534802
Sub-Saharan Africa,1970,Products mainly from metals nec.,0.059831
Sub-Saharan Africa,1970,Products mainly from non-metallic minerals,1.186386
Sub-Saharan Africa,1970,Refined fossil fuels mainly for fuel e.g. LPG gasoline diesel,3.004
Sub-Saharan Africa,1970,Waste for final treatment and disposal,0.003326
Sub-Saharan Africa,1970,Wild catch and harvest,0
Sub-Saharan Africa,1970,Wood,5.986324
Sub-Saharan Africa,1971,Coal,2.182
Sub-Saharan Africa,1971,Crop Residues,5.8e-5
Sub-Saharan Africa,1971,Crops,12.134879
Sub-Saharan Africa,1971,Excavated earthen materials (including soil) nec,0
Sub-Saharan Africa,1971,Ferrous ores,34.741307
Sub-Saharan Africa,1971,Grazed biomass and fodder crops,0.001977
Sub-Saharan Africa,1971,Mixed / complex products nec.,0.040912
Sub-Saharan Africa,1971,Natural Gas,0
Sub-Saharan Africa,1971,Non-ferrous ores,3.011996
Sub-Saharan Africa,1971,Non-metallic minerals - construction dominant,0.11197800000000001
Sub-Saharan Africa,1971,Non-metallic minerals - industrial or agricultural dominant,3.258849
Sub-Saharan Africa,1971,Non-wild animal products,0.958394
Sub-Saharan Africa,1971,Other products mainly from fossil fuels e.g. plastics,0.033925000000000004
Sub-Saharan Africa,1971,Petroleum,82.064
Sub-Saharan Africa,1971,Products mainly from biomass nec.,0.5052960000000001
Sub-Saharan Africa,1971,Products mainly from metals nec.,0.033742999999999995
Sub-Saharan Africa,1971,Products mainly from non-metallic minerals,0.225129
Sub-Saharan Africa,1971,Refined fossil fuels mainly for fuel e.g. LPG gasoline diesel,3.257
Sub-Saharan Africa,1971,Waste for final treatment and disposal,5.55e-4
Sub-Saharan Africa,1971,Wild catch and harvest,0
Sub-Saharan Africa,1971,Wood,5.947888
Sub-Saharan Africa,1972,Coal,1.684
Sub-Saharan Africa,1972,Crop Residues,0.001475
Sub-Saharan Africa,1972,Crops,15.447018
Sub-Saharan Africa,1972,Excavated earthen materials (including soil) nec,0
Sub-Saharan Africa,1972,Ferrous ores,39.065214
Sub-Saharan Africa,1972,Grazed biomass and fodder crops,0.003325
Sub-Saharan Africa,1972,Mixed / complex products nec.,0.042015
Sub-Saharan Africa,1972,Natural Gas,0
Sub-Saharan Africa,1972,Non-ferrous ores,2.313119
Sub-Saharan Africa,1972,Non-metallic minerals - construction dominant,0.092567
Sub-Saharan Africa,1972,Non-metallic minerals - industrial or agricultural dominant,3.38876
Sub-Saharan Africa,1972,Non-wild animal products,1.140362
Sub-Saharan Africa,1972,Other products mainly from fossil fuels e.g. plastics,0.031317000000000005
Sub-Saharan Africa,1972,Petroleum,100.666
Sub-Saharan Africa,1972,Products mainly from biomass nec.,0.615524
Sub-Saharan Africa,1972,Products mainly from metals nec.,0.060687000000000005
Sub-Saharan Africa,1972,Products mainly from non-metallic minerals,0.2864
Sub-Saharan Africa,1972,Refined fossil fuels mainly for fuel e.g. LPG gasoline diesel,3.761
Sub-Saharan Africa,1972,Waste for final treatment and disposal,0.003537
Sub-Saharan Africa,1972,Wild catch and harvest,0
Sub-Saharan Africa,1972,Wood,6.38114
Sub-Saharan Africa,1973,Coal,2.124
Sub-Saharan Africa,1973,Crop Residues,5.37e-4
Sub-Saharan Africa,1973,Crops,13.321499
Sub-Saharan Africa,1973,Excavated earthen materials (including soil) nec,0
Sub-Saharan Africa,1973,Ferrous ores,33.782225
Sub-Saharan Africa,1973,Grazed biomass and fodder crops,0.003193
Sub-Saharan Africa,1973,Mixed / complex products nec.,0.050717000000000005
Sub-Saharan Africa,1973,Natural Gas,0
Sub-Saharan Africa,1973,Non-ferrous ores,2.183487
Sub-Saharan Africa,1973,Non-metallic minerals - construction dominant,0.142486
Sub-Saharan Africa,1973,Non-metallic minerals - industrial or agricultural dominant,3.485508
Sub-Saharan Africa,1973,Non-wild animal products,1.069389
Sub-Saharan Africa,1973,Other products mainly from fossil fuels e.g. plastics,0.032277
Sub-Saharan Africa,1973,Petroleum,114.884
Sub-Saharan Africa,1973,Products mainly from biomass nec.,0.664747
Sub-Saharan Africa,1973,Products mainly from metals nec.,0.031448
Sub-Saharan Africa,1973,Products mainly from non-metallic minerals,0.502547
Sub-Saharan Africa,1973,Refined fossil fuels mainly for fuel e.g. LPG gasoline diesel,3.655
Sub-Saharan Africa,1973,Waste for final treatment and disposal,0.002715
Sub-Saharan Africa,1973,Wild catch and harvest,0
Sub-Saharan Africa,1973,Wood,7.427064
Sub-Saharan Africa,1974,Coal,2.6220000000000003
Sub-Saharan Africa,1974,Crop Residues,0
Sub-Saharan Africa,1974,Crops,13.602899
Sub-Saharan Africa,1974,Excavated earthen materials (including soil) nec,0
Sub-Saharan Africa,1974,Ferrous ores,36.68428
Sub-Saharan Africa,1974,Grazed biomass and fodder crops,0.003589
Sub-Saharan Africa,1974,Mixed / complex products nec.,0.6624340000000001
Sub-Saharan Africa,1974,Natural Gas,0
Sub-Saharan Africa,1974,Non-ferrous ores,5.162444
Sub-Saharan Africa,1974,Non-metallic minerals - construction dominant,0.421829
Sub-Saharan Africa,1974,Non-metallic minerals - industrial or agricultural dominant,5.882403
Sub-Saharan Africa,1974,Non-wild animal products,0.927301
Sub-Saharan Africa,1974,Other products mainly from fossil fuels e.g. plastics,0.055936
Sub-Saharan Africa,1974,Petroleum,128.394
Sub-Saharan Africa,1974,Products mainly from biomass nec.,0.640749
Sub-Saharan Africa,1974,Products mainly from metals nec.,0.083885
Sub-Saharan Africa,1974,Products mainly from non-metallic minerals,2.31532
Sub-Saharan Africa,1974,Refined fossil fuels mainly for fuel e.g. LPG gasoline diesel,3.57
Sub-Saharan Africa,1974,Waste for final treatment and disposal,0.006644
Sub-Saharan Africa,1974,Wild catch and harvest,0
Sub-Saharan Africa,1974,Wood,6.3081570000000005
Sub-Saharan Africa,1975,Coal,3.282
Sub-Saharan Africa,1975,Crop Residues,0
Sub-Saharan Africa,1975,Crops,14.022084
Sub-Saharan Africa,1975,Excavated earthen materials (including soil) nec,0
Sub-Saharan Africa,1975,Ferrous ores,23.335507
Sub-Saharan Africa,1975,Grazed biomass and fodder crops,0.005642
Sub-Saharan Africa,1975,Mixed / complex products nec.,0.6621480000000001
Sub-Saharan Africa,1975,Natural Gas,0
Sub-Saharan Africa,1975,Non-ferrous ores,7.29231
Sub-Saharan Africa,1975,Non-metallic minerals - construction dominant,0.291599
Sub-Saharan Africa,1975,Non-metallic minerals - industrial or agricultural dominant,4.089701
Sub-Saharan Africa,1975,Non-wild animal products,0.809757
Sub-Saharan Africa,1975,Other products mainly from fossil fuels e.g. plastics,0.07030399999999999
Sub-Saharan Africa,1975,Petroleum,103.916
Sub-Saharan Africa,1975,Products mainly from biomass nec.,0.6367419999999999
Sub-Saharan Africa,1975,Products mainly from metals nec.,0.08795499999999999
Sub-Saharan Africa,1975,Products mainly from non-metallic minerals,2.797454
Sub-Saharan Africa,1975,Refined fossil fuels mainly for fuel e.g. LPG gasoline diesel,3.55
Sub-Saharan Africa,1975,Waste for final treatment and disposal,0.0056370000000000005
Sub-Saharan Africa,1975,Wild catch and harvest,0
Sub-Saharan Africa,1975,Wood,5.143171
Sub-Saharan Africa,1976,Coal,6.4030000000000005
Sub-Saharan Africa,1976,Crop Residues,0
Sub-Saharan Africa,1976,Crops,13.099407000000001
Sub-Saharan Africa,1976,Excavated earthen materials (including soil) nec,0
Sub-Saharan Africa,1976,Ferrous ores,27.436652
Sub-Saharan Africa,1976,Grazed biomass and fodder crops,0.0041860000000000005
Sub-Saharan Africa,1976,Mixed / complex products nec.,0.464826
Sub-Saharan Africa,1976,Natural Gas,0
Sub-Saharan Africa,1976,Non-ferrous ores,7.796524
Sub-Saharan Africa,1976,Non-metallic minerals - construction dominant,0.266816
Sub-Saharan Africa,1976,Non-metallic minerals - industrial or agricultural dominant,3.3425350000000003
Sub-Saharan Africa,1976,Non-wild animal products,0.990642
Sub-Saharan Africa,1976,Other products mainly from fossil fuels e.g. plastics,0.072471
Sub-Saharan Africa,1976,Petroleum,119.83099999999999
Sub-Saharan Africa,1976,Products mainly from biomass nec.,0.758186
Sub-Saharan Africa,1976,Products mainly from metals nec.,0.09497299999999999
Sub-Saharan Africa,1976,Products mainly from non-metallic minerals,4.23851
Sub-Saharan Africa,1976,Refined fossil fuels mainly for fuel e.g. LPG gasoline diesel,4.02
Sub-Saharan Africa,1976,Waste for final treatment and disposal,0.008310999999999999
Sub-Saharan Africa,1976,Wild catch and harvest,0.113009
Sub-Saharan Africa,1976,Wood,6.3786059999999996
Sub-Saharan Africa,1977,Coal,13.135
Sub-Saharan Africa,1977,Crop Residues,9.42e-4
Sub-Saharan Africa,1977,Crops,12.496119
Sub-Saharan Africa,1977,Excavated earthen materials (including soil) nec,0
Sub-Saharan Africa,1977,Ferrous ores,32.548558
Sub-Saharan Africa,1977,Grazed biomass and fodder crops,0.008553999999999999
Sub-Saharan Africa,1977,Mixed / complex products nec.,0.581666
Sub-Saharan Africa,1977,Natural Gas,0
Sub-Saharan Africa,1977,Non-ferrous ores,6.881356
Sub-Saharan Africa,1977,Non-metallic minerals - construction dominant,0.37779
Sub-Saharan Africa,1977,Non-metallic minerals - industrial or agricultural dominant,6.3934239999999996
Sub-Saharan Africa,1977,Non-wild animal products,0.9386140000000001
Sub-Saharan Africa,1977,Other products mainly from fossil fuels e.g. plastics,0.062155
Sub-Saharan Africa,1977,Petroleum,118.015
Sub-Saharan Africa,1977,Products mainly from biomass nec.,0.742409
Sub-Saharan Africa,1977,Products mainly from metals nec.,0.12260700000000001
Sub-Saharan Africa,1977,Products mainly from non-metallic minerals,5.144113
Sub-Saharan Africa,1977,Refined fossil fuels mainly for fuel e.g. LPG gasoline diesel,3.924
Sub-Saharan Africa,1977,Waste for final treatment and disposal,0.027969
Sub-Saharan Africa,1977,Wild catch and harvest,0.143644
Sub-Saharan Africa,1977,Wood,6.516356
Sub-Saharan Africa,1978,Coal,15.67
Sub-Saharan Africa,1978,Crop Residues,4.24e-4
Sub-Saharan Africa,1978,Crops,12.5307
Sub-Saharan Africa,1978,Excavated earthen materials (including soil) nec,0
Sub-Saharan Africa,1978,Ferrous ores,35.851478
Sub-Saharan Africa,1978,Grazed biomass and fodder crops,0.0053820000000000005
Sub-Saharan Africa,1978,Mixed / complex products nec.,0.753466
Sub-Saharan Africa,1978,Natural Gas,0
Sub-Saharan Africa,1978,Non-ferrous ores,6.5640789999999996
Sub-Saharan Africa,1978,Non-metallic minerals - construction dominant,0.356692
Sub-Saharan Africa,1978,Non-metallic minerals - industrial or agricultural dominant,6.524207
Sub-Saharan Africa,1978,Non-wild animal products,0.921748
Sub-Saharan Africa,1978,Other products mainly from fossil fuels e.g. plastics,0.067945
Sub-Saharan Africa,1978,Petroleum,108.008
Sub-Saharan Africa,1978,Products mainly from biomass nec.,0.724607
Sub-Saharan Africa,1978,Products mainly from metals nec.,0.110724
Sub-Saharan Africa,1978,Products mainly from non-metallic minerals,6.914777
Sub-Saharan Africa,1978,Refined fossil fuels mainly for fuel e.g. LPG gasoline diesel,3.311
Sub-Saharan Africa,1978,Waste for final treatment and disposal,0.042819
Sub-Saharan Africa,1978,Wild catch and harvest,0.179861
Sub-Saharan Africa,1978,Wood,6.516727
Sub-Saharan Africa,1979,Coal,23.715
Sub-Saharan Africa,1979,Crop Residues,1.6e-5
Sub-Saharan Africa,1979,Crops,12.382836
Sub-Saharan Africa,1979,Excavated earthen materials (including soil) nec,0
Sub-Saharan Africa,1979,Ferrous ores,38.881105000000005
Sub-Saharan Africa,1979,Grazed biomass and fodder crops,7.650000000000001e-4
Sub-Saharan Africa,1979,Mixed / complex products nec.,1.426643
Sub-Saharan Africa,1979,Natural Gas,0
Sub-Saharan Africa,1979,Non-ferrous ores,9.56312
Sub-Saharan Africa,1979,Non-metallic minerals - construction dominant,0.360098
Sub-Saharan Africa,1979,Non-metallic minerals - industrial or agricultural dominant,6.687785
Sub-Saharan Africa,1979,Non-wild animal products,1.03197
Sub-Saharan Africa,1979,Other products mainly from fossil fuels e.g. plastics,0.098036
Sub-Saharan Africa,1979,Petroleum,127.795
Sub-Saharan Africa,1979,Products mainly from biomass nec.,0.88897
Sub-Saharan Africa,1979,Products mainly from metals nec.,0.197542
Sub-Saharan Africa,1979,Products mainly from non-metallic minerals,7.20911
Sub-Saharan Africa,1979,Refined fossil fuels mainly for fuel e.g. LPG gasoline diesel,3.273
Sub-Saharan Africa,1979,Waste for final treatment and disposal,0.031929
Sub-Saharan Africa,1979,Wild catch and harvest,0.176261
Sub-Saharan Africa,1979,Wood,6.430988
Sub-Saharan Africa,1980,Coal,29.477999999999998
Sub-Saharan Africa,1980,Crop Residues,0
Sub-Saharan Africa,1980,Crops,13.08416
Sub-Saharan Africa,1980,Excavated earthen materials (including soil) nec,0
Sub-Saharan Africa,1980,Ferrous ores,34.493797
Sub-Saharan Africa,1980,Grazed biomass and fodder crops,0.002599
Sub-Saharan Africa,1980,Mixed / complex products nec.,7.12444
Sub-Saharan Africa,1980,Natural Gas,0
Sub-Saharan Africa,1980,Non-ferrous ores,6.051819
Sub-Saharan Africa,1980,Non-metallic minerals - construction dominant,0.656046
Sub-Saharan Africa,1980,Non-metallic minerals - industrial or agricultural dominant,6.789664
Sub-Saharan Africa,1980,Non-wild animal products,0.971253
Sub-Saharan Africa,1980,Other products mainly from fossil fuels e.g. plastics,0.140397
Sub-Saharan Africa,1980,Petroleum,116.37400000000001
Sub-Saharan Africa,1980,Products mainly from biomass nec.,0.784375
Sub-Saharan Africa,1980,Products mainly from metals nec.,0.12548600000000001
Sub-Saharan Africa,1980,Products mainly from non-metallic minerals,8.827886
Sub-Saharan Africa,1980,Refined fossil fuels mainly for fuel e.g. LPG gasoline diesel,4.114
Sub-Saharan Africa,1980,Waste for final treatment and disposal,0.021403
Sub-Saharan Africa,1980,Wild catch and harvest,0.177175
Sub-Saharan Africa,1980,Wood,6.025892000000001
Sub-Saharan Africa,1981,Coal,30.352
Sub-Saharan Africa,1981,Crop Residues,0
Sub-Saharan Africa,1981,Crops,13.936354
Sub-Saharan Africa,1981,Excavated earthen materials (including soil) nec,0
Sub-Saharan Africa,1981,Ferrous ores,40.138942
Sub-Saharan Africa,1981,Grazed biomass and fodder crops,0.00425
Sub-Saharan Africa,1981,Mixed / complex products nec.,5.978467
Sub-Saharan Africa,1981,Natural Gas,0
Sub-Saharan Africa,1981,Non-ferrous ores,12.836490999999999
Sub-Saharan Africa,1981,Non-metallic minerals - construction dominant,0.768074
Sub-Saharan Africa,1981,Non-metallic minerals - industrial or agricultural dominant,5.898284
Sub-Saharan Africa,1981,Non-wild animal products,0.9698030000000001
Sub-Saharan Africa,1981,Other products mainly from fossil fuels e.g. plastics,0.17471
Sub-Saharan Africa,1981,Petroleum,81.43299999999999
Sub-Saharan Africa,1981,Products mainly from biomass nec.,0.719612
Sub-Saharan Africa,1981,Products mainly from metals nec.,0.24049900000000002
Sub-Saharan Africa,1981,Products mainly from non-metallic minerals,9.338813
Sub-Saharan Africa,1981,Refined fossil fuels mainly for fuel e.g. LPG gasoline diesel,3.61
Sub-Saharan Africa,1981,Waste for final treatment and disposal,0.01461
Sub-Saharan Africa,1981,Wild catch and harvest,0.205996
Sub-Saharan Africa,1981,Wood,4.779096
Sub-Saharan Africa,1982,Coal,28.364
Sub-Saharan Africa,1982,Crop Residues,8.95e-4
Sub-Saharan Africa,1982,Crops,14.084366000000001
Sub-Saharan Africa,1982,Excavated earthen materials (including soil) nec,0
Sub-Saharan Africa,1982,Ferrous ores,21.014373000000003
Sub-Saharan Africa,1982,Grazed biomass and fodder crops,0.0030859999999999998
Sub-Saharan Africa,1982,Mixed / complex products nec.,5.978936
Sub-Saharan Africa,1982,Natural Gas,0
Sub-Saharan Africa,1982,Non-ferrous ores,4.364308
Sub-Saharan Africa,1982,Non-metallic minerals - construction dominant,0.406167
Sub-Saharan Africa,1982,Non-metallic minerals - industrial or agricultural dominant,1.87249
Sub-Saharan Africa,1982,Non-wild animal products,0.902261
Sub-Saharan Africa,1982,Other products mainly from fossil fuels e.g. plastics,0.21061100000000002
Sub-Saharan Africa,1982,Petroleum,78.855
Sub-Saharan Africa,1982,Products mainly from biomass nec.,0.686544
Sub-Saharan Africa,1982,Products mainly from metals nec.,0.116361
Sub-Saharan Africa,1982,Products mainly from non-metallic minerals,7.595818
Sub-Saharan Africa,1982,Refined fossil fuels mainly for fuel e.g. LPG gasoline diesel,2.801
Sub-Saharan Africa,1982,Waste for final treatment and disposal,0.0071010000000000005
Sub-Saharan Africa,1982,Wild catch and harvest,0.218134
Sub-Saharan Africa,1982,Wood,4.958596
Sub-Saharan Africa,1983,Coal,30.262
Sub-Saharan Africa,1983,Crop Residues,0.001493
Sub-Saharan Africa,1983,Crops,10.988112000000001
Sub-Saharan Africa,1983,Excavated earthen materials (including soil) nec,0
Sub-Saharan Africa,1983,Ferrous ores,28.330600999999998
Sub-Saharan Africa,1983,Grazed biomass and fodder crops,0.002738
Sub-Saharan Africa,1983,Mixed / complex products nec.,5.662908
Sub-Saharan Africa,1983,Natural Gas,0
Sub-Saharan Africa,1983,Non-ferrous ores,5.277268
Sub-Saharan Africa,1983,Non-metallic minerals - construction dominant,1.112362
Sub-Saharan Africa,1983,Non-metallic minerals - industrial or agricultural dominant,4.431991
Sub-Saharan Africa,1983,Non-wild animal products,0.860943
Sub-Saharan Africa,1983,Other products mainly from fossil fuels e.g. plastics,0.124067
Sub-Saharan Africa,1983,Petroleum,77.02
Sub-Saharan Africa,1983,Products mainly from biomass nec.,0.590704
Sub-Saharan Africa,1983,Products mainly from metals nec.,0.13128
Sub-Saharan Africa,1983,Products mainly from non-metallic minerals,7.243492
Sub-Saharan Africa,1983,Refined fossil fuels mainly for fuel e.g. LPG gasoline diesel,3.003
Sub-Saharan Africa,1983,Waste for final treatment and disposal,0.022358000000000003
Sub-Saharan Africa,1983,Wild catch and harvest,0.222114
Sub-Saharan Africa,1983,Wood,4.805508
Sub-Saharan Africa,1984,Coal,38.367000000000004
Sub-Saharan Africa,1984,Crop Residues,6.65e-4
Sub-Saharan Africa,1984,Crops,9.094281
Sub-Saharan Africa,1984,Excavated earthen materials (including soil) nec,0
Sub-Saharan Africa,1984,Ferrous ores,36.453517
Sub-Saharan Africa,1984,Grazed biomass and fodder crops,0.008183000000000001
Sub-Saharan Africa,1984,Mixed / complex products nec.,5.65482
Sub-Saharan Africa,1984,Natural Gas,0
Sub-Saharan Africa,1984,Non-ferrous ores,4.738354
Sub-Saharan Africa,1984,Non-metallic minerals - construction dominant,0.44358600000000004
Sub-Saharan Africa,1984,Non-metallic minerals - industrial or agricultural dominant,3.244982
Sub-Saharan Africa,1984,Non-wild animal products,0.81126
Sub-Saharan Africa,1984,Other products mainly from fossil fuels e.g. plastics,0.127494
Sub-Saharan Africa,1984,Petroleum,85.07000000000001
Sub-Saharan Africa,1984,Products mainly from biomass nec.,0.529821
Sub-Saharan Africa,1984,Products mainly from metals nec.,0.118151
Sub-Saharan Africa,1984,Products mainly from non-metallic minerals,7.73503
Sub-Saharan Africa,1984,Refined fossil fuels mainly for fuel e.g. LPG gasoline diesel,2.809
Sub-Saharan Africa,1984,Waste for final treatment and disposal,0.052403
Sub-Saharan Africa,1984,Wild catch and harvest,0.212488
Sub-Saharan Africa,1984,Wood,5.267608
Sub-Saharan Africa,1985,Coal,44.407000000000004
Sub-Saharan Africa,1985,Crop Residues,0
Sub-Saharan Africa,1985,Crops,10.001162
Sub-Saharan Africa,1985,Excavated earthen materials (including soil) nec,0
Sub-Saharan Africa,1985,Ferrous ores,0.6097710000000001
Sub-Saharan Africa,1985,Grazed biomass and fodder crops,0.002274
Sub-Saharan Africa,1985,Mixed / complex products nec.,0.084772
Sub-Saharan Africa,1985,Natural Gas,0
Sub-Saharan Africa,1985,Non-ferrous ores,0.149874
Sub-Saharan Africa,1985,Non-metallic minerals - construction dominant,0.024522000000000002
Sub-Saharan Africa,1985,Non-metallic minerals - industrial or agricultural dominant,0.604573
Sub-Saharan Africa,1985,Non-wild animal products,0.7570129999999999
Sub-Saharan Africa,1985,Other products mainly from fossil fuels e.g. plastics,0.123375
Sub-Saharan Africa,1985,Petroleum,93.707
Sub-Saharan Africa,1985,Products mainly from biomass nec.,0.561679
Sub-Saharan Africa,1985,Products mainly from metals nec.,0.034817
Sub-Saharan Africa,1985,Products mainly from non-metallic minerals,0.9197609999999999
Sub-Saharan Africa,1985,Refined fossil fuels mainly for fuel e.g. LPG gasoline diesel,2.843
Sub-Saharan Africa,1985,Waste for final treatment and disposal,0.002916
Sub-Saharan Africa,1985,Wild catch and harvest,0.247119
Sub-Saharan Africa,1985,Wood,4.811143
Sub-Saharan Africa,1986,Coal,43.115
Sub-Saharan Africa,1986,Crop Residues,0.0011200000000000001
Sub-Saharan Africa,1986,Crops,12.615352999999999
Sub-Saharan Africa,1986,Excavated earthen materials (including soil) nec,0
Sub-Saharan Africa,1986,Ferrous ores,0.593261
Sub-Saharan Africa,1986,Grazed biomass and fodder crops,0.002886
Sub-Saharan Africa,1986,Mixed / complex products nec.,0.072944
Sub-Saharan Africa,1986,Natural Gas,0
Sub-Saharan Africa,1986,Non-ferrous ores,0.101351
Sub-Saharan Africa,1986,Non-metallic minerals - construction dominant,0.138881
Sub-Saharan Africa,1986,Non-metallic minerals - industrial or agricultural dominant,4.45241
Sub-Saharan Africa,1986,Non-wild animal products,0.661593
Sub-Saharan Africa,1986,Other products mainly from fossil fuels e.g. plastics,0.11913900000000001
Sub-Saharan Africa,1986,Petroleum,96.274
Sub-Saharan Africa,1986,Products mainly from biomass nec.,0.765927
Sub-Saharan Africa,1986,Products mainly from metals nec.,0.024094
Sub-Saharan Africa,1986,Products mainly from non-metallic minerals,1.034359
Sub-Saharan Africa,1986,Refined fossil fuels mainly for fuel e.g. LPG gasoline diesel,2.743
Sub-Saharan Africa,1986,Waste for final treatment and disposal,0.005738
Sub-Saharan Africa,1986,Wild catch and harvest,0.26214899999999997
Sub-Saharan Africa,1986,Wood,4.6170670000000005
Sub-Saharan Africa,1987,Coal,42.859
Sub-Saharan Africa,1987,Crop Residues,8.49e-4
Sub-Saharan Africa,1987,Crops,14.010016
Sub-Saharan Africa,1987,Excavated earthen materials (including soil) nec,0
Sub-Saharan Africa,1987,Ferrous ores,0.03403
Sub-Saharan Africa,1987,Grazed biomass and fodder crops,0.010642
Sub-Saharan Africa,1987,Mixed / complex products nec.,0.033109
Sub-Saharan Africa,1987,Natural Gas,0
Sub-Saharan Africa,1987,Non-ferrous ores,0.054123
Sub-Saharan Africa,1987,Non-metallic minerals - construction dominant,0.19289299999999998
Sub-Saharan Africa,1987,Non-metallic minerals - industrial or agricultural dominant,4.30178
Sub-Saharan Africa,1987,Non-wild animal products,0.753232
Sub-Saharan Africa,1987,Other products mainly from fossil fuels e.g. plastics,0.13256600000000002
Sub-Saharan Africa,1987,Petroleum,93.461
Sub-Saharan Africa,1987,Products mainly from biomass nec.,0.807381
Sub-Saharan Africa,1987,Products mainly from metals nec.,0.023666
Sub-Saharan Africa,1987,Products mainly from non-metallic minerals,0.88049
Sub-Saharan Africa,1987,Refined fossil fuels mainly for fuel e.g. LPG gasoline diesel,2.751
Sub-Saharan Africa,1987,Waste for final treatment and disposal,0.0011040000000000002
Sub-Saharan Africa,1987,Wild catch and harvest,0.245611
Sub-Saharan Africa,1987,Wood,4.713755
Sub-Saharan Africa,1988,Coal,43.119
Sub-Saharan Africa,1988,Crop Residues,9.599999999999999e-4
Sub-Saharan Africa,1988,Crops,11.653109
Sub-Saharan Africa,1988,Excavated earthen materials (including soil) nec,0
Sub-Saharan Africa,1988,Ferrous ores,0.027028000000000003
Sub-Saharan Africa,1988,Grazed biomass and fodder crops,0.0031550000000000003
Sub-Saharan Africa,1988,Mixed / complex products nec.,0.022807
Sub-Saharan Africa,1988,Natural Gas,0
Sub-Saharan Africa,1988,Non-ferrous ores,0.0044069999999999995
Sub-Saharan Africa,1988,Non-metallic minerals - construction dominant,0.054678000000000004
Sub-Saharan Africa,1988,Non-metallic minerals - industrial or agricultural dominant,3.7196860000000003
Sub-Saharan Africa,1988,Non-wild animal products,0.643394
Sub-Saharan Africa,1988,Other products mainly from fossil fuels e.g. plastics,0.123853
Sub-Saharan Africa,1988,Petroleum,98.311
Sub-Saharan Africa,1988,Products mainly from biomass nec.,0.7579210000000001
Sub-Saharan Africa,1988,Products mainly from metals nec.,0.007775000000000001
Sub-Saharan Africa,1988,Products mainly from non-metallic minerals,0.44557599999999997
Sub-Saharan Africa,1988,Refined fossil fuels mainly for fuel e.g. LPG gasoline diesel,2.695
Sub-Saharan Africa,1988,Waste for final treatment and disposal,6.88e-4
Sub-Saharan Africa,1988,Wild catch and harvest,0.222313
Sub-Saharan Africa,1988,Wood,5.873976
Sub-Saharan Africa,1989,Coal,42.62
Sub-Saharan Africa,1989,Crop Residues,4.24e-4
Sub-Saharan Africa,1989,Crops,15.268797
Sub-Saharan Africa,1989,Excavated earthen materials (including soil) nec,0
Sub-Saharan Africa,1989,Ferrous ores,0.013323
Sub-Saharan Africa,1989,Grazed biomass and fodder crops,0.001598
Sub-Saharan Africa,1989,Mixed / complex products nec.,0.037137
Sub-Saharan Africa,1989,Natural Gas,0
Sub-Saharan Africa,1989,Non-ferrous ores,0.07874300000000001
Sub-Saharan Africa,1989,Non-metallic minerals - construction dominant,0.151249
Sub-Saharan Africa,1989,Non-metallic minerals - industrial or agricultural dominant,5.1519639999999995
Sub-Saharan Africa,1989,Non-wild animal products,0.640679
Sub-Saharan Africa,1989,Other products mainly from fossil fuels e.g. plastics,0.11755
Sub-Saharan Africa,1989,Petroleum,120.976
Sub-Saharan Africa,1989,Products mainly from biomass nec.,0.687012
Sub-Saharan Africa,1989,Products mainly from metals nec.,0.024967
Sub-Saharan Africa,1989,Products mainly from non-metallic minerals,0.642004
Sub-Saharan Africa,1989,Refined fossil fuels mainly for fuel e.g. LPG gasoline diesel,2.69
Sub-Saharan Africa,1989,Waste for final treatment and disposal,4.64e-4
Sub-Saharan Africa,1989,Wild catch and harvest,0.24718199999999999
Sub-Saharan Africa,1989,Wood,4.987529
Sub-Saharan Africa,1990,Coal,50.006
Sub-Saharan Africa,1990,Crop Residues,1.1e-4
Sub-Saharan Africa,1990,Crops,14.071863
Sub-Saharan Africa,1990,Excavated earthen materials (including soil) nec,0
Sub-Saharan Africa,1990,Ferrous ores,0.524082
Sub-Saharan Africa,1990,Grazed biomass and fodder crops,0.003334
Sub-Saharan Africa,1990,Mixed / complex products nec.,0.08344
Sub-Saharan Africa,1990,Natural Gas,0
Sub-Saharan Africa,1990,Non-ferrous ores,0.193465
Sub-Saharan Africa,1990,Non-metallic minerals - construction dominant,0.291228
Sub-Saharan Africa,1990,Non-metallic minerals - industrial or agricultural dominant,4.784221
Sub-Saharan Africa,1990,Non-wild animal products,0.676971
Sub-Saharan Africa,1990,Other products mainly from fossil fuels e.g. plastics,0.257827
Sub-Saharan Africa,1990,Petroleum,125.01299999999999
Sub-Saharan Africa,1990,Products mainly from biomass nec.,0.678951
Sub-Saharan Africa,1990,Products mainly from metals nec.,0.046542
Sub-Saharan Africa,1990,Products mainly from non-metallic minerals,0.940956
Sub-Saharan Africa,1990,Refined fossil fuels mainly for fuel e.g. LPG gasoline diesel,7.958
Sub-Saharan Africa,1990,Waste for final treatment and disposal,0.003859
Sub-Saharan Africa,1990,Wild catch and harvest,0.279371
Sub-Saharan Africa,1990,Wood,5.028156
Sub-Saharan Africa,1991,Coal,47.543
Sub-Saharan Africa,1991,Crop Residues,2.75e-4
Sub-Saharan Africa,1991,Crops,10.958324
Sub-Saharan Africa,1991,Excavated earthen materials (including soil) nec,0
Sub-Saharan Africa,1991,Ferrous ores,0.533191
Sub-Saharan Africa,1991,Grazed biomass and fodder crops,0.003052
Sub-Saharan Africa,1991,Mixed / complex products nec.,0.149989
Sub-Saharan Africa,1991,Natural Gas,0
Sub-Saharan Africa,1991,Non-ferrous ores,0.16902699999999998
Sub-Saharan Africa,1991,Non-metallic minerals - construction dominant,0.217419
Sub-Saharan Africa,1991,Non-metallic minerals - industrial or agricultural dominant,5.187445
Sub-Saharan Africa,1991,Non-wild animal products,0.752561
Sub-Saharan Africa,1991,Other products mainly from fossil fuels e.g. plastics,0.15775999999999998
Sub-Saharan Africa,1991,Petroleum,131.038
Sub-Saharan Africa,1991,Products mainly from biomass nec.,0.7855880000000001
Sub-Saharan Africa,1991,Products mainly from metals nec.,0.018871
Sub-Saharan Africa,1991,Products mainly from non-metallic minerals,0.839461
Sub-Saharan Africa,1991,Refined fossil fuels mainly for fuel e.g. LPG gasoline diesel,7.969
Sub-Saharan Africa,1991,Waste for final treatment and disposal,6.4e-4
Sub-Saharan Africa,1991,Wild catch and harvest,0.297818
Sub-Saharan Africa,1991,Wood,4.854783
Sub-Saharan Africa,1992,Coal,52.14
Sub-Saharan Africa,1992,Crop Residues,3.48e-4
Sub-Saharan Africa,1992,Crops,10.69493
Sub-Saharan Africa,1992,Excavated earthen materials (including soil) nec,0
Sub-Saharan Africa,1992,Ferrous ores,14.741879
Sub-Saharan Africa,1992,Grazed biomass and fodder crops,0.0049689999999999995
Sub-Saharan Africa,1992,Mixed / complex products nec.,3.688673
Sub-Saharan Africa,1992,Natural Gas,0
Sub-Saharan Africa,1992,Non-ferrous ores,3.7449529999999998
Sub-Saharan Africa,1992,Non-metallic minerals - construction dominant,0.656704
Sub-Saharan Africa,1992,Non-metallic minerals - industrial or agricultural dominant,3.682286
Sub-Saharan Africa,1992,Non-wild animal products,0.7609400000000001
Sub-Saharan Africa,1992,Other products mainly from fossil fuels e.g. plastics,0.282379
Sub-Saharan Africa,1992,Petroleum,137.048
Sub-Saharan Africa,1992,Products mainly from biomass nec.,0.723604
Sub-Saharan Africa,1992,Products mainly from metals nec.,0.410044
Sub-Saharan Africa,1992,Products mainly from non-metallic minerals,4.796327
Sub-Saharan Africa,1992,Refined fossil fuels mainly for fuel e.g. LPG gasoline diesel,7.226
Sub-Saharan Africa,1992,Waste for final treatment and disposal,0.007171
Sub-Saharan Africa,1992,Wild catch and harvest,0.547857
Sub-Saharan Africa,1992,Wood,5.583192
Sub-Saharan Africa,1993,Coal,51.756
Sub-Saharan Africa,1993,Crop Residues,2.0999999999999998e-4
Sub-Saharan Africa,1993,Crops,11.502320000000001
Sub-Saharan Africa,1993,Excavated earthen materials (including soil) nec,0
Sub-Saharan Africa,1993,Ferrous ores,16.703678999999998
Sub-Saharan Africa,1993,Grazed biomass and fodder crops,0.002267
Sub-Saharan Africa,1993,Mixed / complex products nec.,7.439837
Sub-Saharan Africa,1993,Natural Gas,0
Sub-Saharan Africa,1993,Non-ferrous ores,5.995378
Sub-Saharan Africa,1993,Non-metallic minerals - construction dominant,0.7897240000000001
Sub-Saharan Africa,1993,Non-metallic minerals - industrial or agricultural dominant,3.4455799999999996
Sub-Saharan Africa,1993,Non-wild animal products,0.816346
Sub-Saharan Africa,1993,Other products mainly from fossil fuels e.g. plastics,0.24399200000000001
Sub-Saharan Africa,1993,Petroleum,139.063
Sub-Saharan Africa,1993,Products mainly from biomass nec.,0.768162
Sub-Saharan Africa,1993,Products mainly from metals nec.,0.36283099999999996
Sub-Saharan Africa,1993,Products mainly from non-metallic minerals,6.290925
Sub-Saharan Africa,1993,Refined fossil fuels mainly for fuel e.g. LPG gasoline diesel,7.987
Sub-Saharan Africa,1993,Waste for final treatment and disposal,0.005265000000000001
Sub-Saharan Africa,1993,Wild catch and harvest,0.554234
Sub-Saharan Africa,1993,Wood,5.823355
Sub-Saharan Africa,1994,Coal,54.9
Sub-Saharan Africa,1994,Crop Residues,0.001544
Sub-Saharan Africa,1994,Crops,16.160352
Sub-Saharan Africa,1994,Excavated earthen materials (including soil) nec,0
Sub-Saharan Africa,1994,Ferrous ores,22.770219
Sub-Saharan Africa,1994,Grazed biomass and fodder crops,0.002036
Sub-Saharan Africa,1994,Mixed / complex products nec.,8.576063
Sub-Saharan Africa,1994,Natural Gas,0
Sub-Saharan Africa,1994,Non-ferrous ores,7.372213
Sub-Saharan Africa,1994,Non-metallic minerals - construction dominant,0.926381
Sub-Saharan Africa,1994,Non-metallic minerals - industrial or agricultural dominant,5.424322
Sub-Saharan Africa,1994,Non-wild animal products,0.920462
Sub-Saharan Africa,1994,Other products mainly from fossil fuels e.g. plastics,0.46992
Sub-Saharan Africa,1994,Petroleum,143.861
Sub-Saharan Africa,1994,Products mainly from biomass nec.,0.862318
Sub-Saharan Africa,1994,Products mainly from metals nec.,0.319756
Sub-Saharan Africa,1994,Products mainly from non-metallic minerals,4.246777
Sub-Saharan Africa,1994,Refined fossil fuels mainly for fuel e.g. LPG gasoline diesel,7.211
Sub-Saharan Africa,1994,Waste for final treatment and disposal,0.0075769999999999995
Sub-Saharan Africa,1994,Wild catch and harvest,0.68542
Sub-Saharan Africa,1994,Wood,7.269233
Sub-Saharan Africa,1995,Coal,59.884
Sub-Saharan Africa,1995,Crop Residues,0.001603
Sub-Saharan Africa,1995,Crops,13.109445000000001
Sub-Saharan Africa,1995,Excavated earthen materials (including soil) nec,0
Sub-Saharan Africa,1995,Ferrous ores,32.994559
Sub-Saharan Africa,1995,Grazed biomass and fodder crops,0.0022689999999999997
Sub-Saharan Africa,1995,Mixed / complex products nec.,4.043214
Sub-Saharan Africa,1995,Natural Gas,0
Sub-Saharan Africa,1995,Non-ferrous ores,17.45655
Sub-Saharan Africa,1995,Non-metallic minerals - construction dominant,0.54518
Sub-Saharan Africa,1995,Non-metallic minerals - industrial or agricultural dominant,4.758441
Sub-Saharan Africa,1995,Non-wild animal products,0.99815
Sub-Saharan Africa,1995,Other products mainly from fossil fuels e.g. plastics,0.395531
Sub-Saharan Africa,1995,Petroleum,149.349254
Sub-Saharan Africa,1995,Products mainly from biomass nec.,0.997633
Sub-Saharan Africa,1995,Products mainly from metals nec.,0.417279
Sub-Saharan Africa,1995,Products mainly from non-metallic minerals,3.751984
Sub-Saharan Africa,1995,Refined fossil fuels mainly for fuel e.g. LPG gasoline diesel,8.092
Sub-Saharan Africa,1995,Waste for final treatment and disposal,0.022864
Sub-Saharan Africa,1995,Wild catch and harvest,0.600622
Sub-Saharan Africa,1995,Wood,7.100051
Sub-Saharan Africa,1996,Coal,60.395999999999994
Sub-Saharan Africa,1996,Crop Residues,0.001337
Sub-Saharan Africa,1996,Crops,15.49662
Sub-Saharan Africa,1996,Excavated earthen materials (including soil) nec,0
Sub-Saharan Africa,1996,Ferrous ores,27.468485
Sub-Saharan Africa,1996,Grazed biomass and fodder crops,0.002892
Sub-Saharan Africa,1996,Mixed / complex products nec.,2.157648
Sub-Saharan Africa,1996,Natural Gas,0
Sub-Saharan Africa,1996,Non-ferrous ores,20.587099
Sub-Saharan Africa,1996,Non-metallic minerals - construction dominant,0.831225
Sub-Saharan Africa,1996,Non-metallic minerals - industrial or agricultural dominant,6.6460930000000005
Sub-Saharan Africa,1996,Non-wild animal products,1.019913
Sub-Saharan Africa,1996,Other products mainly from fossil fuels e.g. plastics,0.46666599999999997
Sub-Saharan Africa,1996,Petroleum,163.096838
Sub-Saharan Africa,1996,Products mainly from biomass nec.,0.950763
Sub-Saharan Africa,1996,Products mainly from metals nec.,0.449396
Sub-Saharan Africa,1996,Products mainly from non-metallic minerals,3.962172
Sub-Saharan Africa,1996,Refined fossil fuels mainly for fuel e.g. LPG gasoline diesel,9.448
Sub-Saharan Africa,1996,Waste for final treatment and disposal,0.035028000000000004
Sub-Saharan Africa,1996,Wild catch and harvest,0.599444
Sub-Saharan Africa,1996,Wood,8.289642
Sub-Saharan Africa,1997,Coal,64.67118
Sub-Saharan Africa,1997,Crop Residues,0.00595
Sub-Saharan Africa,1997,Crops,15.730858
Sub-Saharan Africa,1997,Excavated earthen materials (including soil) nec,0
Sub-Saharan Africa,1997,Ferrous ores,18.198867
Sub-Saharan Africa,1997,Grazed biomass and fodder crops,0.003746
Sub-Saharan Africa,1997,Mixed / complex products nec.,2.9171449999999997
Sub-Saharan Africa,1997,Natural Gas,0
Sub-Saharan Africa,1997,Non-ferrous ores,16.728955
Sub-Saharan Africa,1997,Non-metallic minerals - construction dominant,1.015644
Sub-Saharan Africa,1997,Non-metallic minerals - industrial or agricultural dominant,5.405658
Sub-Saharan Africa,1997,Non-wild animal products,0.977662
Sub-Saharan Africa,1997,Other products mainly from fossil fuels e.g. plastics,0.541395
Sub-Saharan Africa,1997,Petroleum,178.716722
Sub-Saharan Africa,1997,Products mainly from biomass nec.,1.16095
Sub-Saharan Africa,1997,Products mainly from metals nec.,0.5619299999999999
Sub-Saharan Africa,1997,Products mainly from non-metallic minerals,4.081672
Sub-Saharan Africa,1997,Refined fossil fuels mainly for fuel e.g. LPG gasoline diesel,12.297
Sub-Saharan Africa,1997,Waste for final treatment and disposal,0.0355
Sub-Saharan Africa,1997,Wild catch and harvest,0.608329
Sub-Saharan Africa,1997,Wood,8.191929
Sub-Saharan Africa,1998,Coal,61.832181
Sub-Saharan Africa,1998,Crop Residues,0.001385
Sub-Saharan Africa,1998,Crops,15.835642
Sub-Saharan Africa,1998,Excavated earthen materials (including soil) nec,0
Sub-Saharan Africa,1998,Ferrous ores,18.258560000000003
Sub-Saharan Africa,1998,Grazed biomass and fodder crops,0.002338
Sub-Saharan Africa,1998,Mixed / complex products nec.,3.017651
Sub-Saharan Africa,1998,Natural Gas,0
Sub-Saharan Africa,1998,Non-ferrous ores,19.117915
Sub-Saharan Africa,1998,Non-metallic minerals - construction dominant,0.919415
Sub-Saharan Africa,1998,Non-metallic minerals - industrial or agricultural dominant,5.226208
Sub-Saharan Africa,1998,Non-wild animal products,1.0860049999999999
Sub-Saharan Africa,1998,Other products mainly from fossil fuels e.g. plastics,0.57309
Sub-Saharan Africa,1998,Petroleum,175.015488
Sub-Saharan Africa,1998,Products mainly from biomass nec.,1.595032
Sub-Saharan Africa,1998,Products mainly from metals nec.,0.619479
Sub-Saharan Africa,1998,Products mainly from non-metallic minerals,3.869274
Sub-Saharan Africa,1998,Refined fossil fuels mainly for fuel e.g. LPG gasoline diesel,9.714
Sub-Saharan Africa,1998,Waste for final treatment and disposal,0.025717999999999998
Sub-Saharan Africa,1998,Wild catch and harvest,0.714869
Sub-Saharan Africa,1998,Wood,9.302929
Sub-Saharan Africa,1999,Coal,66.750439
Sub-Saharan Africa,1999,Crop Residues,0.00159
Sub-Saharan Africa,1999,Crops,14.920422
Sub-Saharan Africa,1999,Excavated earthen materials (including soil) nec,0
Sub-Saharan Africa,1999,Ferrous ores,25.495787
Sub-Saharan Africa,1999,Grazed biomass and fodder crops,0.001318
Sub-Saharan Africa,1999,Mixed / complex products nec.,0.363467
Sub-Saharan Africa,1999,Natural Gas,0.495756
Sub-Saharan Africa,1999,Non-ferrous ores,18.821546
Sub-Saharan Africa,1999,Non-metallic minerals - construction dominant,1.6933340000000001
Sub-Saharan Africa,1999,Non-metallic minerals - industrial or agricultural dominant,5.25315
Sub-Saharan Africa,1999,Non-wild animal products,0.98562
Sub-Saharan Africa,1999,Other products mainly from fossil fuels e.g. plastics,0.827091
Sub-Saharan Africa,1999,Petroleum,176.56614100000002
Sub-Saharan Africa,1999,Products mainly from biomass nec.,1.448891
Sub-Saharan Africa,1999,Products mainly from metals nec.,0.860202
Sub-Saharan Africa,1999,Products mainly from non-metallic minerals,4.36176
Sub-Saharan Africa,1999,Refined fossil fuels mainly for fuel e.g. LPG gasoline diesel,11.452
Sub-Saharan Africa,1999,Waste for final treatment and disposal,0.053319
Sub-Saharan Africa,1999,Wild catch and harvest,0.79003
Sub-Saharan Africa,1999,Wood,9.834878999999999
Sub-Saharan Africa,2000,Coal,70.36314
Sub-Saharan Africa,2000,Crop Residues,6.53e-4
Sub-Saharan Africa,2000,Crops,16.010181
Sub-Saharan Africa,2000,Excavated earthen materials (including soil) nec,0
Sub-Saharan Africa,2000,Ferrous ores,37.281868
Sub-Saharan Africa,2000,Grazed biomass and fodder crops,0.002111
Sub-Saharan Africa,2000,Mixed / complex products nec.,8.578841
Sub-Saharan Africa,2000,Natural Gas,3.624375
Sub-Saharan Africa,2000,Non-ferrous ores,16.051339
Sub-Saharan Africa,2000,Non-metallic minerals - construction dominant,2.131704
Sub-Saharan Africa,2000,Non-metallic minerals - industrial or agricultural dominant,5.209529
Sub-Saharan Africa,2000,Non-wild animal products,1.065459
Sub-Saharan Africa,2000,Other products mainly from fossil fuels e.g. plastics,0.784337
Sub-Saharan Africa,2000,Petroleum,190.501
Sub-Saharan Africa,2000,Products mainly from biomass nec.,1.601219
Sub-Saharan Africa,2000,Products mainly from metals nec.,0.7792570000000001
Sub-Saharan Africa,2000,Products mainly from non-metallic minerals,5.899128999999999
Sub-Saharan Africa,2000,Refined fossil fuels mainly for fuel e.g. LPG gasoline diesel,12.20351
Sub-Saharan Africa,2000,Waste for final treatment and disposal,0.046048
Sub-Saharan Africa,2000,Wild catch and harvest,0.836372
Sub-Saharan Africa,2000,Wood,11.884739999999999
Sub-Saharan Africa,2001,Coal,69.56358999999999
Sub-Saharan Africa,2001,Crop Residues,2.7e-4
Sub-Saharan Africa,2001,Crops,15.931524000000001
Sub-Saharan Africa,2001,Excavated earthen materials (including soil) nec,0
Sub-Saharan Africa,2001,Ferrous ores,40.244819
Sub-Saharan Africa,2001,Grazed biomass and fodder crops,0.002389
Sub-Saharan Africa,2001,Mixed / complex products nec.,9.145155
Sub-Saharan Africa,2001,Natural Gas,5.821779
Sub-Saharan Africa,2001,Non-ferrous ores,15.69605
Sub-Saharan Africa,2001,Non-metallic minerals - construction dominant,2.1494
Sub-Saharan Africa,2001,Non-metallic minerals - industrial or agricultural dominant,5.458245
Sub-Saharan Africa,2001,Non-wild animal products,1.055024
Sub-Saharan Africa,2001,Other products mainly from fossil fuels e.g. plastics,1.4585219999999999
Sub-Saharan Africa,2001,Petroleum,192.019
Sub-Saharan Africa,2001,Products mainly from biomass nec.,1.850661
Sub-Saharan Africa,2001,Products mainly from metals nec.,0.811012
Sub-Saharan Africa,2001,Products mainly from non-metallic minerals,7.062208
Sub-Saharan Africa,2001,Refined fossil fuels mainly for fuel e.g. LPG gasoline diesel,14.114279999999999
Sub-Saharan Africa,2001,Waste for final treatment and disposal,0.027155
Sub-Saharan Africa,2001,Wild catch and harvest,0.797419
Sub-Saharan Africa,2001,Wood,11.105999
Sub-Saharan Africa,2002,Coal,69.74069
Sub-Saharan Africa,2002,Crop Residues,7.99e-4
Sub-Saharan Africa,2002,Crops,15.879946
Sub-Saharan Africa,2002,Excavated earthen materials (including soil) nec,0
Sub-Saharan Africa,2002,Ferrous ores,42.739358
Sub-Saharan Africa,2002,Grazed biomass and fodder crops,0.006549
Sub-Saharan Africa,2002,Mixed / complex products nec.,8.399602
Sub-Saharan Africa,2002,Natural Gas,5.25233
Sub-Saharan Africa,2002,Non-ferrous ores,15.79252
Sub-Saharan Africa,2002,Non-metallic minerals - construction dominant,2.426264
Sub-Saharan Africa,2002,Non-metallic minerals - industrial or agricultural dominant,6.145074
Sub-Saharan Africa,2002,Non-wild animal products,1.139986
Sub-Saharan Africa,2002,Other products mainly from fossil fuels e.g. plastics,1.700456
Sub-Saharan Africa,2002,Petroleum,186.652
Sub-Saharan Africa,2002,Products mainly from biomass nec.,1.786185
Sub-Saharan Africa,2002,Products mainly from metals nec.,0.948072
Sub-Saharan Africa,2002,Products mainly from non-metallic minerals,6.643834
Sub-Saharan Africa,2002,Refined fossil fuels mainly for fuel e.g. LPG gasoline diesel,16.049996
Sub-Saharan Africa,2002,Waste for final treatment and disposal,0.032914
Sub-Saharan Africa,2002,Wild catch and harvest,0.85592
Sub-Saharan Africa,2002,Wood,11.575047
Sub-Saharan Africa,2003,Coal,72.04604
Sub-Saharan Africa,2003,Crop Residues,0.001108
Sub-Saharan Africa,2003,Crops,16.029625
Sub-Saharan Africa,2003,Excavated earthen materials (including soil) nec,0
Sub-Saharan Africa,2003,Ferrous ores,45.745197000000005
Sub-Saharan Africa,2003,Grazed biomass and fodder crops,0.005475
Sub-Saharan Africa,2003,Mixed / complex products nec.,14.145771
Sub-Saharan Africa,2003,Natural Gas,7.556729
Sub-Saharan Africa,2003,Non-ferrous ores,9.26235
Sub-Saharan Africa,2003,Non-metallic minerals - construction dominant,3.868427
Sub-Saharan Africa,2003,Non-metallic minerals - industrial or agricultural dominant,5.3083
Sub-Saharan Africa,2003,Non-wild animal products,1.06385
Sub-Saharan Africa,2003,Other products mainly from fossil fuels e.g. plastics,1.81761
Sub-Saharan Africa,2003,Petroleum,207.693093
Sub-Saharan Africa,2003,Products mainly from biomass nec.,2.12294
Sub-Saharan Africa,2003,Products mainly from metals nec.,1.095439
Sub-Saharan Africa,2003,Products mainly from non-metallic minerals,7.71147
Sub-Saharan Africa,2003,Refined fossil fuels mainly for fuel e.g. LPG gasoline diesel,10.338221
Sub-Saharan Africa,2003,Waste for final treatment and disposal,0.029363
Sub-Saharan Africa,2003,Wild catch and harvest,0.9076719999999999
Sub-Saharan Africa,2003,Wood,13.181695
Sub-Saharan Africa,2004,Coal,68.518
Sub-Saharan Africa,2004,Crop Residues,0.0012840000000000002
Sub-Saharan Africa,2004,Crops,17.376934000000002
Sub-Saharan Africa,2004,Excavated earthen materials (including soil) nec,0
Sub-Saharan Africa,2004,Ferrous ores,42.205709
Sub-Saharan Africa,2004,Grazed biomass and fodder crops,0.004092999999999999
Sub-Saharan Africa,2004,Mixed / complex products nec.,8.75775
Sub-Saharan Africa,2004,Natural Gas,9.695746
Sub-Saharan Africa,2004,Non-ferrous ores,11.099304
Sub-Saharan Africa,2004,Non-metallic minerals - construction dominant,2.608584
Sub-Saharan Africa,2004,Non-metallic minerals - industrial or agricultural dominant,7.162407
Sub-Saharan Africa,2004,Non-wild animal products,1.104243
Sub-Saharan Africa,2004,Other products mainly from fossil fuels e.g. plastics,2.203046
Sub-Saharan Africa,2004,Petroleum,238.81851899999998
Sub-Saharan Africa,2004,Products mainly from biomass nec.,2.179
Sub-Saharan Africa,2004,Products mainly from metals nec.,1.335177
Sub-Saharan Africa,2004,Products mainly from non-metallic minerals,7.770961000000001
Sub-Saharan Africa,2004,Refined fossil fuels mainly for fuel e.g. LPG gasoline diesel,11.004602
Sub-Saharan Africa,2004,Waste for final treatment and disposal,0.036607
Sub-Saharan Africa,2004,Wild catch and harvest,0.887002
Sub-Saharan Africa,2004,Wood,13.121530000000002
Sub-Saharan Africa,2005,Coal,71.92299999999999
Sub-Saharan Africa,2005,Crop Residues,0.001923
Sub-Saharan Africa,2005,Crops,18.756901
Sub-Saharan Africa,2005,Excavated earthen materials (including soil) nec,0
Sub-Saharan Africa,2005,Ferrous ores,48.775238
Sub-Saharan Africa,2005,Grazed biomass and fodder crops,0.002725
Sub-Saharan Africa,2005,Mixed / complex products nec.,8.701075
Sub-Saharan Africa,2005,Natural Gas,10.327648
Sub-Saharan Africa,2005,Non-ferrous ores,16.356597
Sub-Saharan Africa,2005,Non-metallic minerals - construction dominant,2.829741
Sub-Saharan Africa,2005,Non-metallic minerals - industrial or agricultural dominant,4.56965
Sub-Saharan Africa,2005,Non-wild animal products,1.111588
Sub-Saharan Africa,2005,Other products mainly from fossil fuels e.g. plastics,2.598122
Sub-Saharan Africa,2005,Petroleum,249.263636
Sub-Saharan Africa,2005,Products mainly from biomass nec.,2.0882389999999997
Sub-Saharan Africa,2005,Products mainly from metals nec.,1.455197
Sub-Saharan Africa,2005,Products mainly from non-metallic minerals,9.4135
Sub-Saharan Africa,2005,Refined fossil fuels mainly for fuel e.g. LPG gasoline diesel,15.852730000000001
Sub-Saharan Africa,2005,Waste for final treatment and disposal,0.061022
Sub-Saharan Africa,2005,Wild catch and harvest,0.9113600000000001
Sub-Saharan Africa,2005,Wood,14.169599999999999
Sub-Saharan Africa,2006,Coal,69.228
Sub-Saharan Africa,2006,Crop Residues,0.0030859999999999998
Sub-Saharan Africa,2006,Crops,17.913398
Sub-Saharan Africa,2006,Excavated earthen materials (including soil) nec,0
Sub-Saharan Africa,2006,Ferrous ores,32.665028
Sub-Saharan Africa,2006,Grazed biomass and fodder crops,0.004529
Sub-Saharan Africa,2006,Mixed / complex products nec.,5.0744560000000005
Sub-Saharan Africa,2006,Natural Gas,13.003587999999999
Sub-Saharan Africa,2006,Non-ferrous ores,12.961044000000001
Sub-Saharan Africa,2006,Non-metallic minerals - construction dominant,1.7311100000000001
Sub-Saharan Africa,2006,Non-metallic minerals - industrial or agricultural dominant,4.0026399999999995
Sub-Saharan Africa,2006,Non-wild animal products,1.104784
Sub-Saharan Africa,2006,Other products mainly from fossil fuels e.g. plastics,1.900255
Sub-Saharan Africa,2006,Petroleum,255.91427199999998
Sub-Saharan Africa,2006,Products mainly from biomass nec.,1.965775
Sub-Saharan Africa,2006,Products mainly from metals nec.,1.456277
Sub-Saharan Africa,2006,Products mainly from non-metallic minerals,7.518356
Sub-Saharan Africa,2006,Refined fossil fuels mainly for fuel e.g. LPG gasoline diesel,12.306428
Sub-Saharan Africa,2006,Waste for final treatment and disposal,0.12176100000000001
Sub-Saharan Africa,2006,Wild catch and harvest,1.043915
Sub-Saharan Africa,2006,Wood,12.858714
Sub-Saharan Africa,2007,Coal,67.46079999999999
Sub-Saharan Africa,2007,Crop Residues,4.3200000000000004e-4
Sub-Saharan Africa,2007,Crops,18.79022
Sub-Saharan Africa,2007,Excavated earthen materials (including soil) nec,0
Sub-Saharan Africa,2007,Ferrous ores,60.189452
Sub-Saharan Africa,2007,Grazed biomass and fodder crops,0.004064
Sub-Saharan Africa,2007,Mixed / complex products nec.,7.01123
Sub-Saharan Africa,2007,Natural Gas,18.881747
Sub-Saharan Africa,2007,Non-ferrous ores,17.805419
Sub-Saharan Africa,2007,Non-metallic minerals - construction dominant,3.566015
Sub-Saharan Africa,2007,Non-metallic minerals - industrial or agricultural dominant,4.475315
Sub-Saharan Africa,2007,Non-wild animal products,1.135762
Sub-Saharan Africa,2007,Other products mainly from fossil fuels e.g. plastics,2.211311
Sub-Saharan Africa,2007,Petroleum,271.405802
Sub-Saharan Africa,2007,Products mainly from biomass nec.,2.277893
Sub-Saharan Africa,2007,Products mainly from metals nec.,1.579517
Sub-Saharan Africa,2007,Products mainly from non-metallic minerals,10.106895
Sub-Saharan Africa,2007,Refined fossil fuels mainly for fuel e.g. LPG gasoline diesel,11.706372
Sub-Saharan Africa,2007,Waste for final treatment and disposal,0.249679
Sub-Saharan Africa,2007,Wild catch and harvest,0.974945
Sub-Saharan Africa,2007,Wood,12.822409
Sub-Saharan Africa,2008,Coal,58.38951
Sub-Saharan Africa,2008,Crop Residues,0.001564
Sub-Saharan Africa,2008,Crops,18.245294
Sub-Saharan Africa,2008,Excavated earthen materials (including soil) nec,0
Sub-Saharan Africa,2008,Ferrous ores,48.257996
Sub-Saharan Africa,2008,Grazed biomass and fodder crops,0.009687000000000001
Sub-Saharan Africa,2008,Mixed / complex products nec.,5.215737
Sub-Saharan Africa,2008,Natural Gas,20.990841
Sub-Saharan Africa,2008,Non-ferrous ores,20.397567000000002
Sub-Saharan Africa,2008,Non-metallic minerals - construction dominant,2.225781
Sub-Saharan Africa,2008,Non-metallic minerals - industrial or agricultural dominant,5.995913
Sub-Saharan Africa,2008,Non-wild animal products,1.18164
Sub-Saharan Africa,2008,Other products mainly from fossil fuels e.g. plastics,2.346511
Sub-Saharan Africa,2008,Petroleum,267.934173
Sub-Saharan Africa,2008,Products mainly from biomass nec.,2.401646
Sub-Saharan Africa,2008,Products mainly from metals nec.,1.9805599999999999
Sub-Saharan Africa,2008,Products mainly from non-metallic minerals,10.237393
Sub-Saharan Africa,2008,Refined fossil fuels mainly for fuel e.g. LPG gasoline diesel,10.735913
Sub-Saharan Africa,2008,Waste for final treatment and disposal,0.09528
Sub-Saharan Africa,2008,Wild catch and harvest,0.9387840000000001
Sub-Saharan Africa,2008,Wood,12.553521
Sub-Saharan Africa,2009,Coal,66.6365
Sub-Saharan Africa,2009,Crop Residues,4.3999999999999996e-4
Sub-Saharan Africa,2009,Crops,19.611427
Sub-Saharan Africa,2009,Excavated earthen materials (including soil) nec,0
Sub-Saharan Africa,2009,Ferrous ores,52.78897
Sub-Saharan Africa,2009,Grazed biomass and fodder crops,0.00677
Sub-Saharan Africa,2009,Mixed / complex products nec.,5.260005
Sub-Saharan Africa,2009,Natural Gas,15.554967
Sub-Saharan Africa,2009,Non-ferrous ores,17.840543
Sub-Saharan Africa,2009,Non-metallic minerals - construction dominant,2.777404
Sub-Saharan Africa,2009,Non-metallic minerals - industrial or agricultural dominant,4.61307
Sub-Saharan Africa,2009,Non-wild animal products,1.237154
Sub-Saharan Africa,2009,Other products mainly from fossil fuels e.g. plastics,2.400978
Sub-Saharan Africa,2009,Petroleum,267.4982
Sub-Saharan Africa,2009,Products mainly from biomass nec.,1.981175
Sub-Saharan Africa,2009,Products mainly from metals nec.,1.539203
Sub-Saharan Africa,2009,Products mainly from non-metallic minerals,10.474497
Sub-Saharan Africa,2009,Refined fossil fuels mainly for fuel e.g. LPG gasoline diesel,9.415221
Sub-Saharan Africa,2009,Waste for final treatment and disposal,0.061011
Sub-Saharan Africa,2009,Wild catch and harvest,0.904818
Sub-Saharan Africa,2009,Wood,10.102523999999999
Sub-Saharan Africa,2010,Coal,71.072
Sub-Saharan Africa,2010,Crop Residues,5.16e-4
Sub-Saharan Africa,2010,Crops,20.146906
Sub-Saharan Africa,2010,Excavated earthen materials (including soil) nec,0
Sub-Saharan Africa,2010,Ferrous ores,65.747045
Sub-Saharan Africa,2010,Grazed biomass and fodder crops,0.001267
Sub-Saharan Africa,2010,Mixed / complex products nec.,14.326437
Sub-Saharan Africa,2010,Natural Gas,20.112956999999998
Sub-Saharan Africa,2010,Non-ferrous ores,23.233192
Sub-Saharan Africa,2010,Non-metallic minerals - construction dominant,2.64255
Sub-Saharan Africa,2010,Non-metallic minerals - industrial or agricultural dominant,5.728001
Sub-Saharan Africa,2010,Non-wild animal products,1.438836
Sub-Saharan Africa,2010,Other products mainly from fossil fuels e.g. plastics,3.179638
Sub-Saharan Africa,2010,Petroleum,280.5695
Sub-Saharan Africa,2010,Products mainly from biomass nec.,2.006447
Sub-Saharan Africa,2010,Products mainly from metals nec.,7.913689
Sub-Saharan Africa,2010,Products mainly from non-metallic minerals,13.289252
Sub-Saharan Africa,2010,Refined fossil fuels mainly for fuel e.g. LPG gasoline diesel,8.750589
Sub-Saharan Africa,2010,Waste for final treatment and disposal,0.082571
Sub-Saharan Africa,2010,Wild catch and harvest,0.925475
Sub-Saharan Africa,2010,Wood,10.642839
Sub-Saharan Africa,2011,Coal,71.098
Sub-Saharan Africa,2011,Crop Residues,0.012114999999999999
Sub-Saharan Africa,2011,Crops,22.347006
Sub-Saharan Africa,2011,Excavated earthen materials (including soil) nec,0
Sub-Saharan Africa,2011,Ferrous ores,63.984046
Sub-Saharan Africa,2011,Grazed biomass and fodder crops,0.003697
Sub-Saharan Africa,2011,Mixed / complex products nec.,22.935921999999998
Sub-Saharan Africa,2011,Natural Gas,21.493156
Sub-Saharan Africa,2011,Non-ferrous ores,21.046919
Sub-Saharan Africa,2011,Non-metallic minerals - construction dominant,2.753321
Sub-Saharan Africa,2011,Non-metallic minerals - industrial or agricultural dominant,5.856594
Sub-Saharan Africa,2011,Non-wild animal products,1.462598
Sub-Saharan Africa,2011,Other products mainly from fossil fuels e.g. plastics,3.646223
Sub-Saharan Africa,2011,Petroleum,265.4932
Sub-Saharan Africa,2011,Products mainly from biomass nec.,1.925683
Sub-Saharan Africa,2011,Products mainly from metals nec.,5.764774999999999
Sub-Saharan Africa,2011,Products mainly from non-metallic minerals,12.507628
Sub-Saharan Africa,2011,Refined fossil fuels mainly for fuel e.g. LPG gasoline diesel,8.362009
Sub-Saharan Africa,2011,Waste for final treatment and disposal,0.153714
Sub-Saharan Africa,2011,Wild catch and harvest,1.05187
Sub-Saharan Africa,2011,Wood,10.98053
Sub-Saharan Africa,2012,Coal,79.39
Sub-Saharan Africa,2012,Crop Residues,0.013751
Sub-Saharan Africa,2012,Crops,22.296601
Sub-Saharan Africa,2012,Excavated earthen materials (including soil) nec,0
Sub-Saharan Africa,2012,Ferrous ores,80.564815
Sub-Saharan Africa,2012,Grazed biomass and fodder crops,0.024471
Sub-Saharan Africa,2012,Mixed / complex products nec.,16.474644
Sub-Saharan Africa,2012,Natural Gas,23.285491999999998
Sub-Saharan Africa,2012,Non-ferrous ores,20.983627000000002
Sub-Saharan Africa,2012,Non-metallic minerals - construction dominant,2.918199
Sub-Saharan Africa,2012,Non-metallic minerals - industrial or agricultural dominant,6.113058
Sub-Saharan Africa,2012,Non-wild animal products,1.523898
Sub-Saharan Africa,2012,Other products mainly from fossil fuels e.g. plastics,3.541081
Sub-Saharan Africa,2012,Petroleum,257.2539
Sub-Saharan Africa,2012,Products mainly from biomass nec.,2.127233
Sub-Saharan Africa,2012,Products mainly from metals nec.,4.155318
Sub-Saharan Africa,2012,Products mainly from non-metallic minerals,13.181856999999999
Sub-Saharan Africa,2012,Refined fossil fuels mainly for fuel e.g. LPG gasoline diesel,8.031013
Sub-Saharan Africa,2012,Waste for final treatment and disposal,0.142347
Sub-Saharan Africa,2012,Wild catch and harvest,1.117066
Sub-Saharan Africa,2012,Wood,10.109216
Sub-Saharan Africa,2013,Coal,79.980521
Sub-Saharan Africa,2013,Crop Residues,0.010569
Sub-Saharan Africa,2013,Crops,26.503165000000003
Sub-Saharan Africa,2013,Excavated earthen materials (including soil) nec,0
Sub-Saharan Africa,2013,Ferrous ores,90.450395
Sub-Saharan Africa,2013,Grazed biomass and fodder crops,0.075096
Sub-Saharan Africa,2013,Mixed / complex products nec.,11.809113
Sub-Saharan Africa,2013,Natural Gas,21.506291
Sub-Saharan Africa,2013,Non-ferrous ores,41.98518
Sub-Saharan Africa,2013,Non-metallic minerals - construction dominant,3.269759
Sub-Saharan Africa,2013,Non-metallic minerals - industrial or agricultural dominant,6.1347689999999995
Sub-Saharan Africa,2013,Non-wild animal products,2.0761410000000002
Sub-Saharan Africa,2013,Other products mainly from fossil fuels e.g. plastics,3.495294
Sub-Saharan Africa,2013,Petroleum,243.3937
Sub-Saharan Africa,2013,Products mainly from biomass nec.,2.598083
Sub-Saharan Africa,2013,Products mainly from metals nec.,4.3122180000000006
Sub-Saharan Africa,2013,Products mainly from non-metallic minerals,14.430516
Sub-Saharan Africa,2013,Refined fossil fuels mainly for fuel e.g. LPG gasoline diesel,10.653744
Sub-Saharan Africa,2013,Waste for final treatment and disposal,0.12436
Sub-Saharan Africa,2013,Wild catch and harvest,1.164196
Sub-Saharan Africa,2013,Wood,8.699834
Sub-Saharan Africa,2014,Coal,83.205377
Sub-Saharan Africa,2014,Crop Residues,0.014839
Sub-Saharan Africa,2014,Crops,27.701548
Sub-Saharan Africa,2014,Excavated earthen materials (including soil) nec,0
Sub-Saharan Africa,2014,Ferrous ores,91.93437200000001
Sub-Saharan Africa,2014,Grazed biomass and fodder crops,0.096934
Sub-Saharan Africa,2014,Mixed / complex products nec.,24.643848000000002
Sub-Saharan Africa,2014,Natural Gas,23.471982999999998
Sub-Saharan Africa,2014,Non-ferrous ores,51.452982
Sub-Saharan Africa,2014,Non-metallic minerals - construction dominant,4.422029
Sub-Saharan Africa,2014,Non-metallic minerals - industrial or agricultural dominant,6.865872
Sub-Saharan Africa,2014,Non-wild animal products,2.171468
Sub-Saharan Africa,2014,Other products mainly from fossil fuels e.g. plastics,2.722916
Sub-Saharan Africa,2014,Petroleum,244.914088
Sub-Saharan Africa,2014,Products mainly from biomass nec.,2.676052
Sub-Saharan Africa,2014,Products mainly from metals nec.,3.176633
Sub-Saharan Africa,2014,Products mainly from non-metallic minerals,15.155659
Sub-Saharan Africa,2014,Refined fossil fuels mainly for fuel e.g. LPG gasoline diesel,18.838467
Sub-Saharan Africa,2014,Waste for final treatment and disposal,0.087399
Sub-Saharan Africa,2014,Wild catch and harvest,1.1829830000000001
Sub-Saharan Africa,2014,Wood,10.308918
Sub-Saharan Africa,2015,Coal,84.20072
Sub-Saharan Africa,2015,Crop Residues,0.00837
Sub-Saharan Africa,2015,Crops,26.888595
Sub-Saharan Africa,2015,Excavated earthen materials (including soil) nec,0
Sub-Saharan Africa,2015,Ferrous ores,86.711788
Sub-Saharan Africa,2015,Grazed biomass and fodder crops,0.102754
Sub-Saharan Africa,2015,Mixed / complex products nec.,26.642237
Sub-Saharan Africa,2015,Natural Gas,23.82442
Sub-Saharan Africa,2015,Non-ferrous ores,48.172587
Sub-Saharan Africa,2015,Non-metallic minerals - construction dominant,2.6844740000000002
Sub-Saharan Africa,2015,Non-metallic minerals - industrial or agricultural dominant,6.968292
Sub-Saharan Africa,2015,Non-wild animal products,2.185784
Sub-Saharan Africa,2015,Other products mainly from fossil fuels e.g. plastics,2.946196
Sub-Saharan Africa,2015,Petroleum,251.40237
Sub-Saharan Africa,2015,Products mainly from biomass nec.,2.819857
Sub-Saharan Africa,2015,Products mainly from metals nec.,6.414798
Sub-Saharan Africa,2015,Products mainly from non-metallic minerals,13.447088
Sub-Saharan Africa,2015,Refined fossil fuels mainly for fuel e.g. LPG gasoline diesel,15.263641
Sub-Saharan Africa,2015,Waste for final treatment and disposal,0.08221200000000001
Sub-Saharan Africa,2015,Wild catch and harvest,1.549461
Sub-Saharan Africa,2015,Wood,11.420663
Sub-Saharan Africa,2016,Coal,85.540571
Sub-Saharan Africa,2016,Crop Residues,0.007045
Sub-Saharan Africa,2016,Crops,26.7726
Sub-Saharan Africa,2016,Excavated earthen materials (including soil) nec,0
Sub-Saharan Africa,2016,Ferrous ores,81.808573
Sub-Saharan Africa,2016,Grazed biomass and fodder crops,0.10169199999999999
Sub-Saharan Africa,2016,Mixed / complex products nec.,20.084404
Sub-Saharan Africa,2016,Natural Gas,22.889117
Sub-Saharan Africa,2016,Non-ferrous ores,51.752427
Sub-Saharan Africa,2016,Non-metallic minerals - construction dominant,2.258975
Sub-Saharan Africa,2016,Non-metallic minerals - industrial or agricultural dominant,94.15242599999999
Sub-Saharan Africa,2016,Non-wild animal products,2.164256
Sub-Saharan Africa,2016,Other products mainly from fossil fuels e.g. plastics,2.9442180000000002
Sub-Saharan Africa,2016,Petroleum,226.59537600000002
Sub-Saharan Africa,2016,Products mainly from biomass nec.,3.277948
Sub-Saharan Africa,2016,Products mainly from metals nec.,2.850544
Sub-Saharan Africa,2016,Products mainly from non-metallic minerals,17.384095
Sub-Saharan Africa,2016,Refined fossil fuels mainly for fuel e.g. LPG gasoline diesel,10.83888
Sub-Saharan Africa,2016,Waste for final treatment and disposal,0.092283
Sub-Saharan Africa,2016,Wild catch and harvest,1.569537
Sub-Saharan Africa,2016,Wood,12.503924
Sub-Saharan Africa,2017,Coal,101.03265499999999
Sub-Saharan Africa,2017,Crop Residues,0.00778
Sub-Saharan Africa,2017,Crops,30.769345
Sub-Saharan Africa,2017,Excavated earthen materials (including soil) nec,0
Sub-Saharan Africa,2017,Ferrous ores,86.696558
Sub-Saharan Africa,2017,Grazed biomass and fodder crops,0.092584
Sub-Saharan Africa,2017,Mixed / complex products nec.,38.492827
Sub-Saharan Africa,2017,Natural Gas,28.193896
Sub-Saharan Africa,2017,Non-ferrous ores,60.302899000000004
Sub-Saharan Africa,2017,Non-metallic minerals - construction dominant,2.566958
Sub-Saharan Africa,2017,Non-metallic minerals - industrial or agricultural dominant,194.76205099999999
Sub-Saharan Africa,2017,Non-wild animal products,2.45124
Sub-Saharan Africa,2017,Other products mainly from fossil fuels e.g. plastics,2.798349
Sub-Saharan Africa,2017,Petroleum,224.203037
Sub-Saharan Africa,2017,Products mainly from biomass nec.,3.058464
Sub-Saharan Africa,2017,Products mainly from metals nec.,2.1539129999999997
Sub-Saharan Africa,2017,Products mainly from non-metallic minerals,15.155009
Sub-Saharan Africa,2017,Refined fossil fuels mainly for fuel e.g. LPG gasoline diesel,11.524991
Sub-Saharan Africa,2017,Waste for final treatment and disposal,0.132656
Sub-Saharan Africa,2017,Wild catch and harvest,1.667844
Sub-Saharan Africa,2017,Wood,12.606542000000001
Sub-Saharan Africa,2018,Coal,110.10801599999999
Sub-Saharan Africa,2018,Crop Residues,0.013219000000000002
Sub-Saharan Africa,2018,Crops,32.669722
Sub-Saharan Africa,2018,Excavated earthen materials (including soil) nec,0
Sub-Saharan Africa,2018,Ferrous ores,82.98928699999999
Sub-Saharan Africa,2018,Grazed biomass and fodder crops,0.257423
Sub-Saharan Africa,2018,Mixed / complex products nec.,39.949555000000004
Sub-Saharan Africa,2018,Natural Gas,29.032894000000002
Sub-Saharan Africa,2018,Non-ferrous ores,65.258957
Sub-Saharan Africa,2018,Non-metallic minerals - construction dominant,2.583956
Sub-Saharan Africa,2018,Non-metallic minerals - industrial or agricultural dominant,8.320866
Sub-Saharan Africa,2018,Non-wild animal products,2.356016
Sub-Saharan Africa,2018,Other products mainly from fossil fuels e.g. plastics,3.221779
Sub-Saharan Africa,2018,Petroleum,222.532012
Sub-Saharan Africa,2018,Products mainly from biomass nec.,3.067532
Sub-Saharan Africa,2018,Products mainly from metals nec.,4.208534
Sub-Saharan Africa,2018,Products mainly from non-metallic minerals,15.892987
Sub-Saharan Africa,2018,Refined fossil fuels mainly for fuel e.g. LPG gasoline diesel,10.274008
Sub-Saharan Africa,2018,Waste for final treatment and disposal,0.459725
Sub-Saharan Africa,2018,Wild catch and harvest,1.87716
Sub-Saharan Africa,2018,Wood,12.488027
Sub-Saharan Africa,2019,Coal,89.909667
Sub-Saharan Africa,2019,Crop Residues,0.014442
Sub-Saharan Africa,2019,Crops,33.033311
Sub-Saharan Africa,2019,Excavated earthen materials (including soil) nec,0
Sub-Saharan Africa,2019,Ferrous ores,87.654066
Sub-Saharan Africa,2019,Grazed biomass and fodder crops,0.362944
Sub-Saharan Africa,2019,Mixed / complex products nec.,37.0563
Sub-Saharan Africa,2019,Natural Gas,29.113985000000003
Sub-Saharan Africa,2019,Non-ferrous ores,72.22529300000001
Sub-Saharan Africa,2019,Non-metallic minerals - construction dominant,2.767913
Sub-Saharan Africa,2019,Non-metallic minerals - industrial or agricultural dominant,12.253691
Sub-Saharan Africa,2019,Non-wild animal products,2.2644159999999998
Sub-Saharan Africa,2019,Other products mainly from fossil fuels e.g. plastics,2.876926
Sub-Saharan Africa,2019,Petroleum,227.540985
Sub-Saharan Africa,2019,Products mainly from biomass nec.,2.679032
Sub-Saharan Africa,2019,Products mainly from metals nec.,4.07271
Sub-Saharan Africa,2019,Products mainly from non-metallic minerals,15.159142
Sub-Saharan Africa,2019,Refined fossil fuels mainly for fuel e.g. LPG gasoline diesel,9.322277999999999
Sub-Saharan Africa,2019,Waste for final treatment and disposal,0.448144
Sub-Saharan Africa,2019,Wild catch and harvest,2.014781
Sub-Saharan Africa,2019,Wood,10.957463
Sub-Saharan Africa,2020,Coal,80.98479400000001
Sub-Saharan Africa,2020,Crop Residues,0.011061999999999999
Sub-Saharan Africa,2020,Crops,34.1184
Sub-Saharan Africa,2020,Excavated earthen materials (including soil) nec,0
Sub-Saharan Africa,2020,Ferrous ores,87.908156
Sub-Saharan Africa,2020,Grazed biomass and fodder crops,0.262667
Sub-Saharan Africa,2020,Mixed / complex products nec.,36.217618
Sub-Saharan Africa,2020,Natural Gas,29.003460999999998
Sub-Saharan Africa,2020,Non-ferrous ores,70.593208
Sub-Saharan Africa,2020,Non-metallic minerals - construction dominant,2.724176
Sub-Saharan Africa,2020,Non-metallic minerals - industrial or agricultural dominant,12.056535
Sub-Saharan Africa,2020,Non-wild animal products,2.31366
Sub-Saharan Africa,2020,Other products mainly from fossil fuels e.g. plastics,2.78783
Sub-Saharan Africa,2020,Petroleum,197.292629
Sub-Saharan Africa,2020,Products mainly from biomass nec.,2.616047
Sub-Saharan Africa,2020,Products mainly from metals nec.,4.011825
Sub-Saharan Africa,2020,Products mainly from non-metallic minerals,14.967172999999999
Sub-Saharan Africa,2020,Refined fossil fuels mainly for fuel e.g. LPG gasoline diesel,8.17658
Sub-Saharan Africa,2020,Waste for final treatment and disposal,0.43397800000000003
Sub-Saharan Africa,2020,Wild catch and harvest,1.630967
Sub-Saharan Africa,2020,Wood,9.09208
Sub-Saharan Africa,2021,Coal,82.99527900000001
Sub-Saharan Africa,2021,Crop Residues,0.012313
Sub-Saharan Africa,2021,Crops,37.352975
Sub-Saharan Africa,2021,Excavated earthen materials (including soil) nec,0
Sub-Saharan Africa,2021,Ferrous ores,91.715636
Sub-Saharan Africa,2021,Grazed biomass and fodder crops,0.273836
Sub-Saharan Africa,2021,Mixed / complex products nec.,37.444091
Sub-Saharan Africa,2021,Natural Gas,30.033150000000003
Sub-Saharan Africa,2021,Non-ferrous ores,74.482659
Sub-Saharan Africa,2021,Non-metallic minerals - construction dominant,2.8906300000000003
Sub-Saharan Africa,2021,Non-metallic minerals - industrial or agricultural dominant,12.392938000000001
Sub-Saharan Africa,2021,Non-wild animal products,1.818861
Sub-Saharan Africa,2021,Other products mainly from fossil fuels e.g. plastics,2.8534960000000003
Sub-Saharan Africa,2021,Petroleum,193.203898
Sub-Saharan Africa,2021,Products mainly from biomass nec.,2.693522
Sub-Saharan Africa,2021,Products mainly from metals nec.,4.1917860000000005
Sub-Saharan Africa,2021,Products mainly from non-metallic minerals,15.627658
Sub-Saharan Africa,2021,Refined fossil fuels mainly for fuel e.g. LPG gasoline diesel,7.107832999999999
Sub-Saharan Africa,2021,Waste for final treatment and disposal,0.45248900000000003
Sub-Saharan Africa,2021,Wild catch and harvest,1.734376
Sub-Saharan Africa,2021,Wood,10.78961
Sub-Saharan Africa,2022,Coal,84.210349
Sub-Saharan Africa,2022,Crop Residues,0.012447
Sub-Saharan Africa,2022,Crops,38.092411
Sub-Saharan Africa,2022,Excavated earthen materials (including soil) nec,0
Sub-Saharan Africa,2022,Ferrous ores,93.92403800000001
Sub-Saharan Africa,2022,Grazed biomass and fodder crops,0.27749
Sub-Saharan Africa,2022,Mixed / complex products nec.,38.133214
Sub-Saharan Africa,2022,Natural Gas,29.998119000000003
Sub-Saharan Africa,2022,Non-ferrous ores,76.71157000000001
Sub-Saharan Africa,2022,Non-metallic minerals - construction dominant,3.014284
Sub-Saharan Africa,2022,Non-metallic minerals - industrial or agricultural dominant,12.612593
Sub-Saharan Africa,2022,Non-wild animal products,1.850799
Sub-Saharan Africa,2022,Other products mainly from fossil fuels e.g. plastics,2.86802
Sub-Saharan Africa,2022,Petroleum,197.037378
Sub-Saharan Africa,2022,Products mainly from biomass nec.,2.735175
Sub-Saharan Africa,2022,Products mainly from metals nec.,4.291536
Sub-Saharan Africa,2022,Products mainly from non-metallic minerals,16.100497
Sub-Saharan Africa,2022,Refined fossil fuels mainly for fuel e.g. LPG gasoline diesel,7.155041000000001
Sub-Saharan Africa,2022,Waste for final treatment and disposal,0.46334400000000003
Sub-Saharan Africa,2022,Wild catch and harvest,1.7979690000000002
Sub-Saharan Africa,2022,Wood,11.051639
Sub-Saharan Africa,2023,Coal,84.83185200000001
Sub-Saharan Africa,2023,Crop Residues,0.012535000000000001
Sub-Saharan Africa,2023,Crops,38.731995
Sub-Saharan Africa,2023,Excavated earthen materials (including soil) nec,0
Sub-Saharan Africa,2023,Ferrous ores,96.531722
Sub-Saharan Africa,2023,Grazed biomass and fodder crops,0.280362
Sub-Saharan Africa,2023,Mixed / complex products nec.,38.713901
Sub-Saharan Africa,2023,Natural Gas,29.901732
Sub-Saharan Africa,2023,Non-ferrous ores,79.046731
Sub-Saharan Africa,2023,Non-metallic minerals - construction dominant,3.120136
Sub-Saharan Africa,2023,Non-metallic minerals - industrial or agricultural dominant,12.797909
Sub-Saharan Africa,2023,Non-wild animal products,1.878236
Sub-Saharan Africa,2023,Other products mainly from fossil fuels e.g. plastics,2.877728
Sub-Saharan Africa,2023,Petroleum,200.215798
Sub-Saharan Africa,2023,Products mainly from biomass nec.,2.769902
Sub-Saharan Africa,2023,Products mainly from metals nec.,4.397073
Sub-Saharan Africa,2023,Products mainly from non-metallic minerals,16.473771
Sub-Saharan Africa,2023,Refined fossil fuels mainly for fuel e.g. LPG gasoline diesel,7.186742
Sub-Saharan Africa,2023,Waste for final treatment and disposal,0.473235
Sub-Saharan Africa,2023,Wild catch and harvest,1.858557
Sub-Saharan Africa,2023,Wood,11.33769
Sub-Saharan Africa,2024,Coal,85.676752
Sub-Saharan Africa,2024,Crop Residues,0.012697
Sub-Saharan Africa,2024,Crops,39.49416
Sub-Saharan Africa,2024,Excavated earthen materials (including soil) nec,0
Sub-Saharan Africa,2024,Ferrous ores,99.306881
Sub-Saharan Africa,2024,Grazed biomass and fodder crops,0.284495
Sub-Saharan Africa,2024,Mixed / complex products nec.,39.421782
Sub-Saharan Africa,2024,Natural Gas,29.833313
Sub-Saharan Africa,2024,Non-ferrous ores,81.358563
Sub-Saharan Africa,2024,Non-metallic minerals - construction dominant,3.244744
Sub-Saharan Africa,2024,Non-metallic minerals - industrial or agricultural dominant,13.006594
Sub-Saharan Africa,2024,Non-wild animal products,1.911803
Sub-Saharan Africa,2024,Other products mainly from fossil fuels e.g. plastics,2.888257
Sub-Saharan Africa,2024,Petroleum,203.31363199999998
Sub-Saharan Africa,2024,Products mainly from biomass nec.,2.815124
Sub-Saharan Africa,2024,Products mainly from metals nec.,4.5033199999999995
Sub-Saharan Africa,2024,Products mainly from non-metallic minerals,16.956741
Sub-Saharan Africa,2024,Refined fossil fuels mainly for fuel e.g. LPG gasoline diesel,7.221155
Sub-Saharan Africa,2024,Waste for final treatment and disposal,0.48355800000000004
Sub-Saharan Africa,2024,Wild catch and harvest,1.915581
Sub-Saharan Africa,2024,Wood,11.699087
