Region,year,material_category,DE_Mt
East Asia,1970,Coal,475.82
East Asia,1970,Crop Residues,591.155262
East Asia,1970,Crops,698.698553
East Asia,1970,Ferrous ores,60.765
East Asia,1970,Grazed biomass and fodder crops,663.742885
East Asia,1970,Natural Gas,5.758614000000001
East Asia,1970,Non-ferrous ores,147.73075500000002
East Asia,1970,Non-metallic minerals - construction dominant,1337.5925169999998
East Asia,1970,Non-metallic minerals - industrial or agricultural dominant,41.478221999999995
East Asia,1970,Petroleum,82.55499999999999
East Asia,1970,Wild catch and harvest,10.656534
East Asia,1970,Wood,480.060407
East Asia,1971,Coal,475.11
East Asia,1971,Crop Residues,606.009574
East Asia,1971,Crops,713.308135
East Asia,1971,Ferrous ores,68.775
East Asia,1971,Grazed biomass and fodder crops,673.472683
East Asia,1971,Natural Gas,6.650118
East Asia,1971,Non-ferrous ores,164.386463
East Asia,1971,Non-metallic minerals - construction dominant,1525.239785
East Asia,1971,Non-metallic minerals - industrial or agricultural dominant,43.076842
East Asia,1971,Petroleum,95.39
East Asia,1971,Wild catch and harvest,11.173785
East Asia,1971,Wood,482.836295
East Asia,1972,Coal,486.609
East Asia,1972,Crop Residues,583.912782
East Asia,1972,Crops,698.775466
East Asia,1972,Ferrous ores,73.455
East Asia,1972,Grazed biomass and fodder crops,678.484575
East Asia,1972,Natural Gas,7.502994
East Asia,1972,Non-ferrous ores,197.55349
East Asia,1972,Non-metallic minerals - construction dominant,1656.145198
East Asia,1972,Non-metallic minerals - industrial or agricultural dominant,45.142296
East Asia,1972,Petroleum,115.152
East Asia,1972,Wild catch and harvest,11.952078
East Asia,1972,Wood,490.183282
East Asia,1973,Coal,492.835
East Asia,1973,Crop Residues,657.409224
East Asia,1973,Crops,780.341756
East Asia,1973,Ferrous ores,69.742
East Asia,1973,Grazed biomass and fodder crops,679.345124
East Asia,1973,Natural Gas,9.96993
East Asia,1973,Non-ferrous ores,198.774152
East Asia,1973,Non-metallic minerals - construction dominant,1806.134436
East Asia,1973,Non-metallic minerals - industrial or agricultural dominant,49.842113000000005
East Asia,1973,Petroleum,138.145
East Asia,1973,Wild catch and harvest,12.653472
East Asia,1973,Wood,498.706679
East Asia,1974,Coal,488.887
East Asia,1974,Crop Residues,671.517195
East Asia,1974,Crops,791.086962
East Asia,1974,Ferrous ores,73.453
East Asia,1974,Grazed biomass and fodder crops,686.453157
East Asia,1974,Natural Gas,12.86064
East Asia,1974,Non-ferrous ores,201.360578
East Asia,1974,Non-metallic minerals - construction dominant,1766.666953
East Asia,1974,Non-metallic minerals - industrial or agricultural dominant,58.259341000000006
East Asia,1974,Petroleum,147.713
East Asia,1974,Wild catch and harvest,12.442618
East Asia,1974,Wood,497.69226399999997
East Asia,1975,Coal,560.428
East Asia,1975,Crop Residues,703.056598
East Asia,1975,Crops,820.039161
East Asia,1975,Ferrous ores,77.978
East Asia,1975,Grazed biomass and fodder crops,683.0232599999999
East Asia,1975,Natural Gas,15.513732
East Asia,1975,Non-ferrous ores,205.181379
East Asia,1975,Non-metallic minerals - construction dominant,1747.524412
East Asia,1975,Non-metallic minerals - industrial or agricultural dominant,64.657251
East Asia,1975,Petroleum,156.713
East Asia,1975,Wild catch and harvest,12.706107000000001
East Asia,1975,Wood,497.82009
East Asia,1976,Coal,563.629
East Asia,1976,Crop Residues,716.66823
East Asia,1976,Crops,836.826353
East Asia,1976,Ferrous ores,74.356
East Asia,1976,Grazed biomass and fodder crops,678.165608
East Asia,1976,Natural Gas,18.221742
East Asia,1976,Non-ferrous ores,216.420278
East Asia,1976,Non-metallic minerals - construction dominant,1962.214635
East Asia,1976,Non-metallic minerals - industrial or agricultural dominant,65.370446
East Asia,1976,Petroleum,181.888
East Asia,1976,Wild catch and harvest,13.088349
East Asia,1976,Wood,514.7739270000001
East Asia,1977,Coal,634.204
East Asia,1977,Crop Residues,725.070603
East Asia,1977,Crops,861.7322829999999
East Asia,1977,Ferrous ores,69.082
East Asia,1977,Grazed biomass and fodder crops,668.805277
East Asia,1977,Natural Gas,21.423852
East Asia,1977,Non-ferrous ores,237.80677699999998
East Asia,1977,Non-metallic minerals - construction dominant,2117.319657
East Asia,1977,Non-metallic minerals - industrial or agricultural dominant,60.171129
East Asia,1977,Petroleum,198.868
East Asia,1977,Wild catch and harvest,13.776670000000001
East Asia,1977,Wood,511.471388
East Asia,1978,Coal,703.675
East Asia,1978,Crop Residues,791.6045849999999
East Asia,1978,Crops,925.168167
East Asia,1978,Ferrous ores,78.988
East Asia,1978,Grazed biomass and fodder crops,668.945542
East Asia,1978,Natural Gas,25.886178
East Asia,1978,Non-ferrous ores,246.918317
East Asia,1978,Non-metallic minerals - construction dominant,2343.182823
East Asia,1978,Non-metallic minerals - industrial or agricultural dominant,66.95086500000001
East Asia,1978,Petroleum,208.893
East Asia,1978,Wild catch and harvest,13.918662
East Asia,1978,Wood,507.218626
East Asia,1979,Coal,722.678
East Asia,1979,Crop Residues,806.67499
East Asia,1979,Crops,937.274334
East Asia,1979,Ferrous ores,84.036873
East Asia,1979,Grazed biomass and fodder crops,674.31196
East Asia,1979,Natural Gas,29.266326
East Asia,1979,Non-ferrous ores,257.781858
East Asia,1979,Non-metallic minerals - construction dominant,2438.645331
East Asia,1979,Non-metallic minerals - industrial or agricultural dominant,66.789158
East Asia,1979,Petroleum,214.416
East Asia,1979,Wild catch and harvest,13.711276
East Asia,1979,Wood,505.816696
East Asia,1980,Coal,710.9019999999999
East Asia,1980,Crop Residues,807.1881010000001
East Asia,1980,Crops,934.7462879999999
East Asia,1980,Ferrous ores,84.627349
East Asia,1980,Grazed biomass and fodder crops,682.703559
East Asia,1980,Natural Gas,32.022107999999996
East Asia,1980,Non-ferrous ores,275.791622
East Asia,1980,Non-metallic minerals - construction dominant,2513.498508
East Asia,1980,Non-metallic minerals - industrial or agricultural dominant,71.04224500000001
East Asia,1980,Petroleum,212.264192
East Asia,1980,Wild catch and harvest,14.226982
East Asia,1980,Wood,503.388692
East Asia,1981,Coal,715.653
East Asia,1981,Crop Residues,834.153234
East Asia,1981,Crops,974.6496619999999
East Asia,1981,Ferrous ores,79.722633
East Asia,1981,Grazed biomass and fodder crops,693.058748
East Asia,1981,Natural Gas,32.394834
East Asia,1981,Non-ferrous ores,288.561698
East Asia,1981,Non-metallic minerals - construction dominant,2535.064518
East Asia,1981,Non-metallic minerals - industrial or agricultural dominant,72.740772
East Asia,1981,Petroleum,203.678481
East Asia,1981,Wild catch and harvest,15.50775
East Asia,1981,Wood,494.46598
East Asia,1982,Coal,764.019
East Asia,1982,Crop Residues,888.45309
East Asia,1982,Crops,1045.012353
East Asia,1982,Ferrous ores,116.81966499999999
East Asia,1982,Grazed biomass and fodder crops,709.454617
East Asia,1982,Natural Gas,32.302998
East Asia,1982,Non-ferrous ores,297.156297
East Asia,1982,Non-metallic minerals - construction dominant,2603.908087
East Asia,1982,Non-metallic minerals - industrial or agricultural dominant,74.781418
East Asia,1982,Petroleum,193.940288
East Asia,1982,Wild catch and harvest,16.217277
East Asia,1982,Wood,494.95538
East Asia,1983,Coal,812.1809999999999
East Asia,1983,Crop Residues,945.186419
East Asia,1983,Crops,1088.6879
East Asia,1983,Ferrous ores,122.892355
East Asia,1983,Grazed biomass and fodder crops,739.999383
East Asia,1983,Natural Gas,36.049788
East Asia,1983,Non-ferrous ores,292.49119
East Asia,1983,Non-metallic minerals - construction dominant,2944.8772360000003
East Asia,1983,Non-metallic minerals - industrial or agricultural dominant,78.867096
East Asia,1983,Petroleum,202.76828799999998
East Asia,1983,Wild catch and harvest,17.163928
East Asia,1983,Wood,491.580428
East Asia,1984,Coal,888.812
East Asia,1984,Crop Residues,1000.934606
East Asia,1984,Crops,1152.266817
East Asia,1984,Ferrous ores,135.996039
East Asia,1984,Grazed biomass and fodder crops,749.917167
East Asia,1984,Natural Gas,45.576342
East Asia,1984,Non-ferrous ores,298.216655
East Asia,1984,Non-metallic minerals - construction dominant,3214.03841
East Asia,1984,Non-metallic minerals - industrial or agricultural dominant,83.579588
East Asia,1984,Petroleum,216.552288
East Asia,1984,Wild catch and harvest,18.111532
East Asia,1984,Wood,490.445846
East Asia,1985,Coal,917.191
East Asia,1985,Crop Residues,957.98303
East Asia,1985,Crops,1135.291936
East Asia,1985,Ferrous ores,147.24051500000002
East Asia,1985,Grazed biomass and fodder crops,772.2152609999999
East Asia,1985,Natural Gas,48.671676
East Asia,1985,Non-ferrous ores,317.83949
East Asia,1985,Non-metallic minerals - construction dominant,3497.488586
East Asia,1985,Non-metallic minerals - industrial or agricultural dominant,80.110952
East Asia,1985,Petroleum,227.24719199999998
East Asia,1985,Wild catch and harvest,18.123138
East Asia,1985,Wood,484.380278
East Asia,1986,Coal,940.269
East Asia,1986,Crop Residues,979.75635
East Asia,1986,Crops,1162.422532
East Asia,1986,Ferrous ores,158.735573
East Asia,1986,Grazed biomass and fodder crops,797.322007
East Asia,1986,Natural Gas,52.148016000000005
East Asia,1986,Non-ferrous ores,336.158867
East Asia,1986,Non-metallic minerals - construction dominant,4010.801446
East Asia,1986,Non-metallic minerals - industrial or agricultural dominant,103.043086
East Asia,1986,Petroleum,239.227192
East Asia,1986,Wild catch and harvest,19.520097
East Asia,1986,Wood,485.125657
East Asia,1987,Coal,970.525
East Asia,1987,Crop Residues,1005.909582
East Asia,1987,Crops,1191.116725
East Asia,1987,Ferrous ores,170.61516600000002
East Asia,1987,Grazed biomass and fodder crops,821.9630070000001
East Asia,1987,Natural Gas,55.215630000000004
East Asia,1987,Non-ferrous ores,363.451215
East Asia,1987,Non-metallic minerals - construction dominant,4347.7559120000005
East Asia,1987,Non-metallic minerals - industrial or agricultural dominant,120.941345
East Asia,1987,Petroleum,235.124192
East Asia,1987,Wild catch and harvest,20.393729
East Asia,1987,Wood,487.614236
East Asia,1988,Coal,1018.955
East Asia,1988,Crop Residues,1015.863632
East Asia,1988,Crops,1216.208557
East Asia,1988,Ferrous ores,178.193274
East Asia,1988,Grazed biomass and fodder crops,837.126213
East Asia,1988,Natural Gas,59.317128
East Asia,1988,Non-ferrous ores,375.954914
East Asia,1988,Non-metallic minerals - construction dominant,4887.818041
East Asia,1988,Non-metallic minerals - industrial or agricultural dominant,133.08587599999998
East Asia,1988,Petroleum,240.673192
East Asia,1988,Wild catch and harvest,20.60725
East Asia,1988,Wood,485.827832
East Asia,1989,Coal,1090.048
East Asia,1989,Crop Residues,1047.543604
East Asia,1989,Crops,1258.716888
East Asia,1989,Ferrous ores,182.252325
East Asia,1989,Grazed biomass and fodder crops,857.359107
East Asia,1989,Natural Gas,62.434494
East Asia,1989,Non-ferrous ores,390.782633
East Asia,1989,Non-metallic minerals - construction dominant,4986.566696
East Asia,1989,Non-metallic minerals - industrial or agricultural dominant,150.95453799999999
East Asia,1989,Petroleum,247.963192
East Asia,1989,Wild catch and harvest,20.581968
East Asia,1989,Wood,484.385268
East Asia,1990,Coal,1103.021
East Asia,1990,Crop Residues,1134.110925
East Asia,1990,Crops,1316.9633900000001
East Asia,1990,Ferrous ores,189.791347
East Asia,1990,Grazed biomass and fodder crops,872.2253890000001
East Asia,1990,Natural Gas,70.024878
East Asia,1990,Non-ferrous ores,385.98348400000003
East Asia,1990,Non-metallic minerals - construction dominant,4980.537656
East Asia,1990,Non-metallic minerals - industrial or agricultural dominant,146.135185
East Asia,1990,Petroleum,256.639096
East Asia,1990,Wild catch and harvest,20.514781
East Asia,1990,Wood,483.250456
East Asia,1991,Coal,1105.951
East Asia,1991,Crop Residues,1146.210241
East Asia,1991,Crops,1338.446754
East Asia,1991,Ferrous ores,201.100155
East Asia,1991,Grazed biomass and fodder crops,895.103533
East Asia,1991,Natural Gas,76.784778
East Asia,1991,Non-ferrous ores,380.264488
East Asia,1991,Non-metallic minerals - construction dominant,5453.258566
East Asia,1991,Non-metallic minerals - industrial or agricultural dominant,155.770827
East Asia,1991,Petroleum,271.523096
East Asia,1991,Wild catch and harvest,20.120864
East Asia,1991,Wood,477.147878
East Asia,1992,Coal,1266.317
East Asia,1992,Crop Residues,1244.807644
East Asia,1992,Crops,1456.280617
East Asia,1992,Ferrous ores,234.93436499999999
East Asia,1992,Grazed biomass and fodder crops,956.2576449999999
East Asia,1992,Natural Gas,151.47018
East Asia,1992,Non-ferrous ores,583.289046
East Asia,1992,Non-metallic minerals - construction dominant,6585.273877
East Asia,1992,Non-metallic minerals - industrial or agricultural dominant,170.521785
East Asia,1992,Petroleum,305.508606
East Asia,1992,Wild catch and harvest,20.31563
East Asia,1992,Wood,471.50014100000004
East Asia,1993,Coal,1294.886
East Asia,1993,Crop Residues,1263.2834110000001
East Asia,1993,Crops,1494.0655980000001
East Asia,1993,Ferrous ores,255.50430500000002
East Asia,1993,Grazed biomass and fodder crops,971.210174
East Asia,1993,Natural Gas,167.781726
East Asia,1993,Non-ferrous ores,575.9437889999999
East Asia,1993,Non-metallic minerals - construction dominant,7292.523602
East Asia,1993,Non-metallic minerals - industrial or agricultural dominant,171.60196200000001
East Asia,1993,Petroleum,305.32509699999997
East Asia,1993,Wild catch and harvest,20.812532
East Asia,1993,Wood,460.042803
East Asia,1994,Coal,1374.9195
East Asia,1994,Crop Residues,1246.714184
East Asia,1994,Crops,1502.8675600000001
East Asia,1994,Ferrous ores,266.58124300000003
East Asia,1994,Grazed biomass and fodder crops,1001.704364
East Asia,1994,Natural Gas,155.838798
East Asia,1994,Non-ferrous ores,566.216172
East Asia,1994,Non-metallic minerals - construction dominant,7994.468665
East Asia,1994,Non-metallic minerals - industrial or agricultural dominant,175.914587
East Asia,1994,Petroleum,309.894587
East Asia,1994,Wild catch and harvest,21.79949
East Asia,1994,Wood,448.80098
East Asia,1995,Coal,1495.857
East Asia,1995,Crop Residues,1300.89661
East Asia,1995,Crops,1579.506907
East Asia,1995,Ferrous ores,281.99685700000003
East Asia,1995,Grazed biomass and fodder crops,1049.113447
East Asia,1995,Natural Gas,169.00725599999998
East Asia,1995,Non-ferrous ores,596.19673
East Asia,1995,Non-metallic minerals - construction dominant,8654.818452
East Asia,1995,Non-metallic minerals - industrial or agricultural dominant,188.966919
East Asia,1995,Petroleum,317.189058
East Asia,1995,Wild catch and harvest,23.028128
East Asia,1995,Wood,441.184478
East Asia,1996,Coal,1530.6567
East Asia,1996,Crop Residues,1387.353795
East Asia,1996,Crops,1685.293706
East Asia,1996,Ferrous ores,269.96022800000003
East Asia,1996,Grazed biomass and fodder crops,1096.5825049999999
East Asia,1996,Natural Gas,175.068486
East Asia,1996,Non-ferrous ores,632.238888
East Asia,1996,Non-metallic minerals - construction dominant,8920.664336
East Asia,1996,Non-metallic minerals - industrial or agricultural dominant,189.9205
East Asia,1996,Petroleum,327.578606
East Asia,1996,Wild catch and harvest,23.494823999999998
East Asia,1996,Wood,439.31474199999997
East Asia,1997,Coal,1466.5984
East Asia,1997,Crop Residues,1351.767332
East Asia,1997,Crops,1698.6704470000002
East Asia,1997,Ferrous ores,286.08610000000004
East Asia,1997,Grazed biomass and fodder crops,974.5727680000001
East Asia,1997,Natural Gas,171.84063600000002
East Asia,1997,Non-ferrous ores,692.314239
East Asia,1997,Non-metallic minerals - construction dominant,9164.638211
East Asia,1997,Non-metallic minerals - industrial or agricultural dominant,182.962704
East Asia,1997,Petroleum,336.978077
East Asia,1997,Wild catch and harvest,24.575012
East Asia,1997,Wood,434.082807
East Asia,1998,Coal,1452.478
East Asia,1998,Crop Residues,1402.459867
East Asia,1998,Crops,1723.584353
East Asia,1998,Ferrous ores,260.765979
East Asia,1998,Grazed biomass and fodder crops,1020.8971700000001
East Asia,1998,Natural Gas,173.660922
East Asia,1998,Non-ferrous ores,708.973683
East Asia,1998,Non-metallic minerals - construction dominant,8860.816993
East Asia,1998,Non-metallic minerals - industrial or agricultural dominant,149.669576
East Asia,1998,Petroleum,337.060058
East Asia,1998,Wild catch and harvest,24.896859
East Asia,1998,Wood,427.77180500000003
East Asia,1999,Coal,1420.349
East Asia,1999,Crop Residues,1438.105198
East Asia,1999,Crops,1803.9489820000001
East Asia,1999,Ferrous ores,251.87149
East Asia,1999,Grazed biomass and fodder crops,1031.028698
East Asia,1999,Natural Gas,191.170188
East Asia,1999,Non-ferrous ores,725.13137
East Asia,1999,Non-metallic minerals - construction dominant,9057.746792
East Asia,1999,Non-metallic minerals - industrial or agricultural dominant,150.445619
East Asia,1999,Petroleum,334.66305800000004
East Asia,1999,Wild catch and harvest,25.460084
East Asia,1999,Wood,422.43741
East Asia,2000,Coal,1540.42609
East Asia,2000,Crop Residues,1375.029565
East Asia,2000,Crops,1851.057781
East Asia,2000,Ferrous ores,245.16249299999998
East Asia,2000,Grazed biomass and fodder crops,1044.7703629999999
East Asia,2000,Natural Gas,200.80944
East Asia,2000,Non-ferrous ores,785.72634
East Asia,2000,Non-metallic minerals - construction dominant,9404.35222
East Asia,2000,Non-metallic minerals - industrial or agricultural dominant,158.424161
East Asia,2000,Petroleum,348.477129
East Asia,2000,Wild catch and harvest,25.439638
East Asia,2000,Wood,416.023331
East Asia,2001,Coal,1651.81381
East Asia,2001,Crop Residues,1408.411588
East Asia,2001,Crops,1895.112358
East Asia,2001,Ferrous ores,238.309786
East Asia,2001,Grazed biomass and fodder crops,1022.9342819999999
East Asia,2001,Natural Gas,215.009735
East Asia,2001,Non-ferrous ores,796.312034
East Asia,2001,Non-metallic minerals - construction dominant,9939.389169
East Asia,2001,Non-metallic minerals - industrial or agricultural dominant,155.812218
East Asia,2001,Petroleum,354.619129
East Asia,2001,Wild catch and harvest,25.619388
East Asia,2001,Wood,402.459724
East Asia,2002,Coal,1739.48352
East Asia,2002,Crop Residues,1454.728984
East Asia,2002,Crops,1979.507463
East Asia,2002,Ferrous ores,256.420684
East Asia,2002,Grazed biomass and fodder crops,994.781533
East Asia,2002,Natural Gas,220.67690100000002
East Asia,2002,Non-ferrous ores,829.514495
East Asia,2002,Non-metallic minerals - construction dominant,10561.904078
East Asia,2002,Non-metallic minerals - industrial or agricultural dominant,161.499659
East Asia,2002,Petroleum,366.01621
East Asia,2002,Wild catch and harvest,25.737370000000002
East Asia,2002,Wood,402.299636
East Asia,2003,Coal,2030.12442
East Asia,2003,Crop Residues,1459.037162
East Asia,2003,Crops,2002.76108
East Asia,2003,Ferrous ores,286.770286
East Asia,2003,Grazed biomass and fodder crops,987.6080330000001
East Asia,2003,Natural Gas,238.308034
East Asia,2003,Non-ferrous ores,870.978063
East Asia,2003,Non-metallic minerals - construction dominant,11621.20098
East Asia,2003,Non-metallic minerals - industrial or agricultural dominant,175.082933
East Asia,2003,Petroleum,377.706755
East Asia,2003,Wild catch and harvest,26.615159000000002
East Asia,2003,Wood,404.520856
East Asia,2004,Coal,2327.5966
East Asia,2004,Crop Residues,1548.906897
East Asia,2004,Crops,2086.620059
East Asia,2004,Ferrous ores,337.3456
East Asia,2004,Grazed biomass and fodder crops,991.388724
East Asia,2004,Natural Gas,253.489288
East Asia,2004,Non-ferrous ores,930.834269
East Asia,2004,Non-metallic minerals - construction dominant,12496.293669
East Asia,2004,Non-metallic minerals - industrial or agricultural dominant,194.253455
East Asia,2004,Petroleum,390.591574
East Asia,2004,Wild catch and harvest,26.752812
East Asia,2004,Wood,403.162674
East Asia,2005,Coal,2591.9914
East Asia,2005,Crop Residues,1600.111221
East Asia,2005,Crops,2131.768496
East Asia,2005,Ferrous ores,447.909021
East Asia,2005,Grazed biomass and fodder crops,995.983262
East Asia,2005,Natural Gas,268.438239
East Asia,2005,Non-ferrous ores,975.80411
East Asia,2005,Non-metallic minerals - construction dominant,13136.301288
East Asia,2005,Non-metallic minerals - industrial or agricultural dominant,207.285933
East Asia,2005,Petroleum,392.48179
East Asia,2005,Wild catch and harvest,26.719355
East Asia,2005,Wood,399.049156
East Asia,2006,Coal,2852.55372
East Asia,2006,Crop Residues,1655.982362
East Asia,2006,Crops,2193.688428
East Asia,2006,Ferrous ores,614.414051
East Asia,2006,Grazed biomass and fodder crops,996.74357
East Asia,2006,Natural Gas,280.939912
East Asia,2006,Non-ferrous ores,1022.202485
East Asia,2006,Non-metallic minerals - construction dominant,14276.078389
East Asia,2006,Non-metallic minerals - industrial or agricultural dominant,228.894264
East Asia,2006,Petroleum,393.61885
East Asia,2006,Wild catch and harvest,27.787603
East Asia,2006,Wood,391.760881
East Asia,2007,Coal,3053.72132
East Asia,2007,Crop Residues,1693.76728
East Asia,2007,Crops,2269.097495
East Asia,2007,Ferrous ores,736.058332
East Asia,2007,Grazed biomass and fodder crops,981.513901
East Asia,2007,Natural Gas,295.041443
East Asia,2007,Non-ferrous ores,1083.820403
East Asia,2007,Non-metallic minerals - construction dominant,15271.749115999999
East Asia,2007,Non-metallic minerals - industrial or agricultural dominant,260.104967
East Asia,2007,Petroleum,400.60809
East Asia,2007,Wild catch and harvest,28.023997
East Asia,2007,Wood,401.58075299999996
East Asia,2008,Coal,3188.66327
East Asia,2008,Crop Residues,1797.717448
East Asia,2008,Crops,2398.834718
East Asia,2008,Ferrous ores,884.4459240000001
East Asia,2008,Grazed biomass and fodder crops,993.216729
East Asia,2008,Natural Gas,312.370422
East Asia,2008,Non-ferrous ores,1109.439126
East Asia,2008,Non-metallic minerals - construction dominant,15504.177769
East Asia,2008,Non-metallic minerals - industrial or agricultural dominant,271.320495
East Asia,2008,Petroleum,407.373623
East Asia,2008,Wild catch and harvest,27.763526
East Asia,2008,Wood,417.979307
East Asia,2009,Coal,3401.13608
East Asia,2009,Crop Residues,1800.652045
East Asia,2009,Crops,2415.3219249999997
East Asia,2009,Ferrous ores,942.1059489999999
East Asia,2009,Grazed biomass and fodder crops,966.692417
East Asia,2009,Natural Gas,291.077133
East Asia,2009,Non-ferrous ores,1245.846394
East Asia,2009,Non-metallic minerals - construction dominant,17232.878029
East Asia,2009,Non-metallic minerals - industrial or agricultural dominant,275.695854
East Asia,2009,Petroleum,414.318533
East Asia,2009,Wild catch and harvest,27.160716
East Asia,2009,Wood,422.147412
East Asia,2010,Coal,3728.56452
East Asia,2010,Crop Residues,1887.579324
East Asia,2010,Crops,2491.966305
East Asia,2010,Ferrous ores,1152.5024199999998
East Asia,2010,Grazed biomass and fodder crops,952.425041
East Asia,2010,Natural Gas,312.977028
East Asia,2010,Non-ferrous ores,1352.713354
East Asia,2010,Non-metallic minerals - construction dominant,19269.406746
East Asia,2010,Non-metallic minerals - industrial or agricultural dominant,322.60549999999995
East Asia,2010,Petroleum,429.981253
East Asia,2010,Wild catch and harvest,27.422341
East Asia,2010,Wood,434.96678299999996
East Asia,2011,Coal,4146.62755
East Asia,2011,Crop Residues,2024.5848959999998
East Asia,2011,Crops,2647.49958
East Asia,2011,Ferrous ores,1413.341081
East Asia,2011,Grazed biomass and fodder crops,935.811721
East Asia,2011,Natural Gas,338.731392
East Asia,2011,Non-ferrous ores,1431.444055
East Asia,2011,Non-metallic minerals - construction dominant,20743.146737000003
East Asia,2011,Non-metallic minerals - industrial or agricultural dominant,417.93201500000004
East Asia,2011,Petroleum,424.725253
East Asia,2011,Wild catch and harvest,27.81775
East Asia,2011,Wood,438.95455499999997
East Asia,2012,Coal,4231.21359
East Asia,2012,Crop Residues,2086.64207
East Asia,2012,Crops,2726.976606
East Asia,2012,Ferrous ores,1401.6413109999999
East Asia,2012,Grazed biomass and fodder crops,930.5237569999999
East Asia,2012,Natural Gas,344.048673
East Asia,2012,Non-ferrous ores,1528.8644669999999
East Asia,2012,Non-metallic minerals - construction dominant,22408.638032
East Asia,2012,Non-metallic minerals - industrial or agricultural dominant,454.049113
East Asia,2012,Petroleum,430.055313
East Asia,2012,Wild catch and harvest,27.791339
East Asia,2012,Wood,436.857489
East Asia,2013,Coal,4327.086
East Asia,2013,Crop Residues,2145.87042
East Asia,2013,Crops,2784.959747
East Asia,2013,Ferrous ores,1554.263762
East Asia,2013,Grazed biomass and fodder crops,913.316584
East Asia,2013,Natural Gas,357.43775800000003
East Asia,2013,Non-ferrous ores,1674.9625740000001
East Asia,2013,Non-metallic minerals - construction dominant,23912.403144
East Asia,2013,Non-metallic minerals - industrial or agricultural dominant,480.888397
East Asia,2013,Petroleum,433.045724
East Asia,2013,Wild catch and harvest,28.201039
East Asia,2013,Wood,449.422211
East Asia,2014,Coal,4197.469
East Asia,2014,Crop Residues,2142.529156
East Asia,2014,Crops,2808.405223
East Asia,2014,Ferrous ores,1602.107111
East Asia,2014,Grazed biomass and fodder crops,930.138944
East Asia,2014,Natural Gas,363.07502900000003
East Asia,2014,Non-ferrous ores,1664.51939
East Asia,2014,Non-metallic minerals - construction dominant,25023.202874
East Asia,2014,Non-metallic minerals - industrial or agricultural dominant,488.17362799999995
East Asia,2014,Petroleum,433.193425
East Asia,2014,Wild catch and harvest,29.598941
East Asia,2014,Wood,447.10877800000003
East Asia,2015,Coal,4087.3791699999997
East Asia,2015,Crop Residues,2251.911503
East Asia,2015,Crops,2872.687118
East Asia,2015,Ferrous ores,1437.709564
East Asia,2015,Grazed biomass and fodder crops,948.1784610000001
East Asia,2015,Natural Gas,368.643072
East Asia,2015,Non-ferrous ores,1706.425038
East Asia,2015,Non-metallic minerals - construction dominant,24219.710577
East Asia,2015,Non-metallic minerals - industrial or agricultural dominant,544.049388
East Asia,2015,Petroleum,440.259543
East Asia,2015,Wild catch and harvest,29.604021
East Asia,2015,Wood,430.530484
East Asia,2016,Coal,3774.57185
East Asia,2016,Crop Residues,2241.938057
East Asia,2016,Crops,2858.816132
East Asia,2016,Ferrous ores,1335.249762
East Asia,2016,Grazed biomass and fodder crops,965.379943
East Asia,2016,Natural Gas,375.131464
East Asia,2016,Non-ferrous ores,1749.344717
East Asia,2016,Non-metallic minerals - construction dominant,25009.509329
East Asia,2016,Non-metallic minerals - industrial or agricultural dominant,558.786561
East Asia,2016,Petroleum,418.33474
East Asia,2016,Wild catch and harvest,27.900742
East Asia,2016,Wood,438.107904
East Asia,2017,Coal,3948.360591
East Asia,2017,Crop Residues,2357.875309
East Asia,2017,Crops,2969.155112
East Asia,2017,Ferrous ores,1292.220143
East Asia,2017,Grazed biomass and fodder crops,962.839286
East Asia,2017,Natural Gas,385.84421299999997
East Asia,2017,Non-ferrous ores,1696.808761
East Asia,2017,Non-metallic minerals - construction dominant,24496.158223000002
East Asia,2017,Non-metallic minerals - industrial or agricultural dominant,551.632882
East Asia,2017,Petroleum,414.402719
East Asia,2017,Wild catch and harvest,28.592359000000002
East Asia,2017,Wood,435.494826
East Asia,2018,Coal,4196.344296
East Asia,2018,Crop Residues,2392.303453
East Asia,2018,Crops,3034.334027
East Asia,2018,Ferrous ores,825.719223
East Asia,2018,Grazed biomass and fodder crops,927.032713
East Asia,2018,Natural Gas,399.758259
East Asia,2018,Non-ferrous ores,1708.964861
East Asia,2018,Non-metallic minerals - construction dominant,23962.384554
East Asia,2018,Non-metallic minerals - industrial or agricultural dominant,523.349402
East Asia,2018,Petroleum,411.698226
East Asia,2018,Wild catch and harvest,28.294810000000002
East Asia,2018,Wood,452.29542100000003
East Asia,2019,Coal,4383.296950999999
East Asia,2019,Crop Residues,2377.6175909999997
East Asia,2019,Crops,3036.41964
East Asia,2019,Ferrous ores,915.696868
East Asia,2019,Grazed biomass and fodder crops,942.149728
East Asia,2019,Natural Gas,414.238928
East Asia,2019,Non-ferrous ores,1735.492197
East Asia,2019,Non-metallic minerals - construction dominant,24968.701688999998
East Asia,2019,Non-metallic minerals - industrial or agricultural dominant,522.477732
East Asia,2019,Petroleum,408.433729
East Asia,2019,Wild catch and harvest,27.381574
East Asia,2019,Wood,451.07901999999996
East Asia,2020,Coal,4388.567957
East Asia,2020,Crop Residues,2352.379465
East Asia,2020,Crops,3000.704995
East Asia,2020,Ferrous ores,935.444119
East Asia,2020,Grazed biomass and fodder crops,938.3046039999999
East Asia,2020,Natural Gas,416.871648
East Asia,2020,Non-ferrous ores,1670.0499300000001
East Asia,2020,Non-metallic minerals - construction dominant,25695.604145999998
East Asia,2020,Non-metallic minerals - industrial or agricultural dominant,518.658538
East Asia,2020,Petroleum,399.712938
East Asia,2020,Wild catch and harvest,26.706972
East Asia,2020,Wood,450.629472
East Asia,2021,Coal,4558.840152
East Asia,2021,Crop Residues,2371.4990439999997
East Asia,2021,Crops,3024.3302200000003
East Asia,2021,Ferrous ores,995.9413450000001
East Asia,2021,Grazed biomass and fodder crops,947.678628
East Asia,2021,Natural Gas,430.567236
East Asia,2021,Non-ferrous ores,1768.58918
East Asia,2021,Non-metallic minerals - construction dominant,26604.694561
East Asia,2021,Non-metallic minerals - industrial or agricultural dominant,542.627307
East Asia,2021,Petroleum,413.20534399999997
East Asia,2021,Wild catch and harvest,27.705949
East Asia,2021,Wood,451.62467599999997
East Asia,2022,Coal,4600.369927
East Asia,2022,Crop Residues,2412.8906779999998
East Asia,2022,Crops,3085.897683
East Asia,2022,Ferrous ores,1025.618525
East Asia,2022,Grazed biomass and fodder crops,934.822706
East Asia,2022,Natural Gas,433.518102
East Asia,2022,Non-ferrous ores,1802.16997
East Asia,2022,Non-metallic minerals - construction dominant,27233.309668
East Asia,2022,Non-metallic minerals - industrial or agricultural dominant,556.854149
East Asia,2022,Petroleum,419.130795
East Asia,2022,Wild catch and harvest,28.657573
East Asia,2022,Wood,463.578699
East Asia,2023,Coal,4661.754679
East Asia,2023,Crop Residues,2460.941677
East Asia,2023,Crops,3158.894818
East Asia,2023,Ferrous ores,1062.7309890000001
East Asia,2023,Grazed biomass and fodder crops,924.674134
East Asia,2023,Natural Gas,435.843458
East Asia,2023,Non-ferrous ores,1838.786603
East Asia,2023,Non-metallic minerals - construction dominant,28143.550446999998
East Asia,2023,Non-metallic minerals - industrial or agricultural dominant,575.931391
East Asia,2023,Petroleum,425.40903099999997
East Asia,2023,Wild catch and harvest,29.612083000000002
East Asia,2023,Wood,478.203375
East Asia,2024,Coal,4731.595645
East Asia,2024,Crop Residues,2510.408628
East Asia,2024,Crops,3238.244887
East Asia,2024,Ferrous ores,1104.716438
East Asia,2024,Grazed biomass and fodder crops,921.231738
East Asia,2024,Natural Gas,444.996323
East Asia,2024,Non-ferrous ores,1894.161297
East Asia,2024,Non-metallic minerals - construction dominant,29184.93194
East Asia,2024,Non-metallic minerals - industrial or agricultural dominant,597.949364
East Asia,2024,Petroleum,433.627586
East Asia,2024,Wild catch and harvest,30.551866999999998
East Asia,2024,Wood,493.242055
Europe & Russia,1970,Coal,1819.814003
Europe & Russia,1970,Crop Residues,637.063245
Europe & Russia,1970,Crops,1010.657075
Europe & Russia,1970,Ferrous ores,342.32
Europe & Russia,1970,Grazed biomass and fodder crops,1414.735709
Europe & Russia,1970,Natural Gas,196.659288
Europe & Russia,1970,Non-ferrous ores,461.699427
Europe & Russia,1970,Non-metallic minerals - construction dominant,3753.938495
Europe & Russia,1970,Non-metallic minerals - industrial or agricultural dominant,229.177703
Europe & Russia,1970,Oil shale and tar sands,24.3
Europe & Russia,1970,Petroleum,395.399
Europe & Russia,1970,Wild catch and harvest,12.139731
Europe & Russia,1970,Wood,414.731444
Europe & Russia,1971,Coal,1824.737463
Europe & Russia,1971,Crop Residues,656.605794
Europe & Russia,1971,Crops,1022.23286
Europe & Russia,1971,Ferrous ores,347.932
Europe & Russia,1971,Grazed biomass and fodder crops,1428.108007
Europe & Russia,1971,Natural Gas,226.981098
Europe & Russia,1971,Non-ferrous ores,487.500849
Europe & Russia,1971,Non-metallic minerals - construction dominant,3951.935946
Europe & Russia,1971,Non-metallic minerals - industrial or agricultural dominant,234.142759
Europe & Russia,1971,Oil shale and tar sands,26.1
Europe & Russia,1971,Petroleum,418.73
Europe & Russia,1971,Wild catch and harvest,12.145283000000001
Europe & Russia,1971,Wood,414.27572
Europe & Russia,1972,Coal,1815.6954
Europe & Russia,1972,Crop Residues,638.374553
Europe & Russia,1972,Crops,1011.112417
Europe & Russia,1972,Ferrous ores,347.569
Europe & Russia,1972,Grazed biomass and fodder crops,1448.723791
Europe & Russia,1972,Natural Gas,251.709444
Europe & Russia,1972,Non-ferrous ores,524.678411
Europe & Russia,1972,Non-metallic minerals - construction dominant,4063.1479320000003
Europe & Russia,1972,Non-metallic minerals - industrial or agricultural dominant,240.79850100000002
Europe & Russia,1972,Oil shale and tar sands,29.3
Europe & Russia,1972,Petroleum,443.564
Europe & Russia,1972,Wild catch and harvest,12.690909999999999
Europe & Russia,1972,Wood,403.576484
Europe & Russia,1973,Coal,1836.9533999999999
Europe & Russia,1973,Crop Residues,743.202359
Europe & Russia,1973,Crops,1129.882263
Europe & Russia,1973,Ferrous ores,356.023
Europe & Russia,1973,Grazed biomass and fodder crops,1482.136757
Europe & Russia,1973,Natural Gas,274.96925999999996
Europe & Russia,1973,Non-ferrous ores,553.639991
Europe & Russia,1973,Non-metallic minerals - construction dominant,4310.510305
Europe & Russia,1973,Non-metallic minerals - industrial or agricultural dominant,276.850243
Europe & Russia,1973,Oil shale and tar sands,31.1
Europe & Russia,1973,Petroleum,472.55600000000004
Europe & Russia,1973,Wild catch and harvest,13.51821
Europe & Russia,1973,Wood,411.805728
Europe & Russia,1974,Coal,1821.3663999999999
Europe & Russia,1974,Crop Residues,695.567048
Europe & Russia,1974,Crops,1077.532367
Europe & Russia,1974,Ferrous ores,363.132
Europe & Russia,1974,Grazed biomass and fodder crops,1521.146522
Europe & Russia,1974,Natural Gas,306.06494399999997
Europe & Russia,1974,Non-ferrous ores,511.55426
Europe & Russia,1974,Non-metallic minerals - construction dominant,4185.26308
Europe & Russia,1974,Non-metallic minerals - industrial or agricultural dominant,289.320897
Europe & Russia,1974,Oil shale and tar sands,33.3
Europe & Russia,1974,Petroleum,503.025
Europe & Russia,1974,Wild catch and harvest,13.663874
Europe & Russia,1974,Wood,414.812804
Europe & Russia,1975,Coal,1893.0245
Europe & Russia,1975,Crop Residues,604.0585649999999
Europe & Russia,1975,Crops,1009.050146
Europe & Russia,1975,Ferrous ores,359.412
Europe & Russia,1975,Grazed biomass and fodder crops,1536.183673
Europe & Russia,1975,Natural Gas,330.437502
Europe & Russia,1975,Non-ferrous ores,472.788318
Europe & Russia,1975,Non-metallic minerals - construction dominant,4147.885167
Europe & Russia,1975,Non-metallic minerals - industrial or agricultural dominant,299.782582
Europe & Russia,1975,Oil shale and tar sands,34.5
Europe & Russia,1975,Petroleum,543.244
Europe & Russia,1975,Wild catch and harvest,13.947930999999999
Europe & Russia,1975,Wood,404.59276
Europe & Russia,1976,Coal,1896.911
Europe & Russia,1976,Crop Residues,747.528728
Europe & Russia,1976,Crops,1131.953821
Europe & Russia,1976,Ferrous ores,361.53
Europe & Russia,1976,Grazed biomass and fodder crops,1533.987946
Europe & Russia,1976,Natural Gas,359.647488
Europe & Russia,1976,Non-ferrous ores,479.815948
Europe & Russia,1976,Non-metallic minerals - construction dominant,4178.913491
Europe & Russia,1976,Non-metallic minerals - industrial or agricultural dominant,347.399784
Europe & Russia,1976,Oil shale and tar sands,35
Europe & Russia,1976,Petroleum,586.8299999999999
Europe & Russia,1976,Wild catch and harvest,14.604314
Europe & Russia,1976,Wood,401.752644
Europe & Russia,1977,Coal,1924.79
Europe & Russia,1977,Crop Residues,713.581919
Europe & Russia,1977,Crops,1114.673604
Europe & Russia,1977,Ferrous ores,346.182
Europe & Russia,1977,Grazed biomass and fodder crops,1523.382388
Europe & Russia,1977,Natural Gas,377.109
Europe & Russia,1977,Non-ferrous ores,474.828889
Europe & Russia,1977,Non-metallic minerals - construction dominant,4225.7679849999995
Europe & Russia,1977,Non-metallic minerals - industrial or agricultural dominant,333.159013
Europe & Russia,1977,Oil shale and tar sands,36.3
Europe & Russia,1977,Petroleum,638.038
Europe & Russia,1977,Wild catch and harvest,13.757041000000001
Europe & Russia,1977,Wood,396.83660000000003
Europe & Russia,1978,Coal,1926.733
Europe & Russia,1978,Crop Residues,786.345045
Europe & Russia,1978,Crops,1186.576164
Europe & Russia,1978,Ferrous ores,343.32
Europe & Russia,1978,Grazed biomass and fodder crops,1538.5354419999999
Europe & Russia,1978,Natural Gas,399.657258
Europe & Russia,1978,Non-ferrous ores,488.243204
Europe & Russia,1978,Non-metallic minerals - construction dominant,4270.627389
Europe & Russia,1978,Non-metallic minerals - industrial or agricultural dominant,334.151977
Europe & Russia,1978,Oil shale and tar sands,36.9
Europe & Russia,1978,Petroleum,682.9599999999999
Europe & Russia,1978,Wild catch and harvest,13.273858
Europe & Russia,1978,Wood,390.66931999999997
Europe & Russia,1979,Coal,1963.7740000000001
Europe & Russia,1979,Crop Residues,693.943761
Europe & Russia,1979,Crops,1128.720989
Europe & Russia,1979,Ferrous ores,339.896573
Europe & Russia,1979,Grazed biomass and fodder crops,1550.61454
Europe & Russia,1979,Natural Gas,428.020218
Europe & Russia,1979,Non-ferrous ores,492.278498
Europe & Russia,1979,Non-metallic minerals - construction dominant,4263.396341
Europe & Russia,1979,Non-metallic minerals - industrial or agricultural dominant,335.489043
Europe & Russia,1979,Oil shale and tar sands,37.5
Europe & Russia,1979,Petroleum,722.2890000000001
Europe & Russia,1979,Wild catch and harvest,13.919556
Europe & Russia,1979,Wood,393.81543999999997
Europe & Russia,1980,Coal,1949.9337
Europe & Russia,1980,Crop Residues,702.761051
Europe & Russia,1980,Crops,1096.6794459999999
Europe & Russia,1980,Ferrous ores,337.508423
Europe & Russia,1980,Grazed biomass and fodder crops,1558.557528
Europe & Russia,1980,Natural Gas,445.313178
Europe & Russia,1980,Non-ferrous ores,478.757937
Europe & Russia,1980,Non-metallic minerals - construction dominant,4282.96481
Europe & Russia,1980,Non-metallic minerals - industrial or agricultural dominant,367.880748
Europe & Russia,1980,Oil shale and tar sands,37.5
Europe & Russia,1980,Petroleum,747.3059999999999
Europe & Russia,1980,Wild catch and harvest,14.068515
Europe & Russia,1980,Wood,399.06688
Europe & Russia,1981,Coal,1954.1506450000002
Europe & Russia,1981,Crop Residues,646.18042
Europe & Russia,1981,Crops,1089.621351
Europe & Russia,1981,Ferrous ores,323.015497
Europe & Russia,1981,Grazed biomass and fodder crops,1550.740739
Europe & Russia,1981,Natural Gas,465.687594
Europe & Russia,1981,Non-ferrous ores,474.99868599999996
Europe & Russia,1981,Non-metallic minerals - construction dominant,4102.335369
Europe & Russia,1981,Non-metallic minerals - industrial or agricultural dominant,346.847452
Europe & Russia,1981,Oil shale and tar sands,37.2
Europe & Russia,1981,Petroleum,763.659
Europe & Russia,1981,Wild catch and harvest,13.986281
Europe & Russia,1981,Wood,399.604568
Europe & Russia,1982,Coal,2007.962
Europe & Russia,1982,Crop Residues,736.251724
Europe & Russia,1982,Crops,1173.054559
Europe & Russia,1982,Ferrous ores,313.09437
Europe & Russia,1982,Grazed biomass and fodder crops,1560.6190100000001
Europe & Russia,1982,Natural Gas,470.529504
Europe & Russia,1982,Non-ferrous ores,490.869894
Europe & Russia,1982,Non-metallic minerals - construction dominant,4000.867055
Europe & Russia,1982,Non-metallic minerals - industrial or agricultural dominant,354.70941600000003
Europe & Russia,1982,Oil shale and tar sands,35.61
Europe & Russia,1982,Petroleum,782.864
Europe & Russia,1982,Wild catch and harvest,13.838312
Europe & Russia,1982,Wood,398.493004
Europe & Russia,1983,Coal,2017.833
Europe & Russia,1983,Crop Residues,733.40058
Europe & Russia,1983,Crops,1139.29137
Europe & Russia,1983,Ferrous ores,309.220893
Europe & Russia,1983,Grazed biomass and fodder crops,1552.665254
Europe & Russia,1983,Natural Gas,494.941086
Europe & Russia,1983,Non-ferrous ores,546.609079
Europe & Russia,1983,Non-metallic minerals - construction dominant,4023.0804940000003
Europe & Russia,1983,Non-metallic minerals - industrial or agricultural dominant,355.533356
Europe & Russia,1983,Oil shale and tar sands,33.39
Europe & Russia,1983,Petroleum,806.863
Europe & Russia,1983,Wild catch and harvest,13.998645999999999
Europe & Russia,1983,Wood,399.83652
Europe & Russia,1984,Coal,1975.555
Europe & Russia,1984,Crop Residues,750.489592
Europe & Russia,1984,Crops,1215.731118
Europe & Russia,1984,Ferrous ores,316.842909
Europe & Russia,1984,Grazed biomass and fodder crops,1579.515077
Europe & Russia,1984,Natural Gas,517.9885380000001
Europe & Russia,1984,Non-ferrous ores,536.3842450000001
Europe & Russia,1984,Non-metallic minerals - construction dominant,3941.750107
Europe & Russia,1984,Non-metallic minerals - industrial or agricultural dominant,382.441985
Europe & Russia,1984,Oil shale and tar sands,33.298
Europe & Russia,1984,Petroleum,811.973
Europe & Russia,1984,Wild catch and harvest,14.752426
Europe & Russia,1984,Wood,410.51
Europe & Russia,1985,Coal,2059.786
Europe & Russia,1985,Crop Residues,752.259495
Europe & Russia,1985,Crops,1181.010149
Europe & Russia,1985,Ferrous ores,317.799955
Europe & Russia,1985,Grazed biomass and fodder crops,1570.196582
Europe & Russia,1985,Natural Gas,556.3057319999999
Europe & Russia,1985,Non-ferrous ores,556.400397
Europe & Russia,1985,Non-metallic minerals - construction dominant,4036.4428239999997
Europe & Russia,1985,Non-metallic minerals - industrial or agricultural dominant,387.521475
Europe & Russia,1985,Oil shale and tar sands,32.205
Europe & Russia,1985,Petroleum,806.1840000000001
Europe & Russia,1985,Wild catch and harvest,14.598986
Europe & Russia,1985,Wood,408.56312
Europe & Russia,1986,Coal,2119.877
Europe & Russia,1986,Crop Residues,789.891571
Europe & Russia,1986,Crops,1219.057749
Europe & Russia,1986,Ferrous ores,328.038582
Europe & Russia,1986,Grazed biomass and fodder crops,1563.118753
Europe & Russia,1986,Natural Gas,545.82228
Europe & Russia,1986,Non-ferrous ores,552.466282
Europe & Russia,1986,Non-metallic minerals - construction dominant,4178.678382
Europe & Russia,1986,Non-metallic minerals - industrial or agricultural dominant,397.381029
Europe & Russia,1986,Oil shale and tar sands,30.330000000000002
Europe & Russia,1986,Petroleum,829.601
Europe & Russia,1986,Wild catch and harvest,15.018682
Europe & Russia,1986,Wood,413.432512
Europe & Russia,1987,Coal,2117.435
Europe & Russia,1987,Crop Residues,791.267254
Europe & Russia,1987,Crops,1206.723379
Europe & Russia,1987,Ferrous ores,322.934512
Europe & Russia,1987,Grazed biomass and fodder crops,1551.734126
Europe & Russia,1987,Natural Gas,600.528564
Europe & Russia,1987,Non-ferrous ores,554.460788
Europe & Russia,1987,Non-metallic minerals - construction dominant,4314.343274
Europe & Russia,1987,Non-metallic minerals - industrial or agricultural dominant,413.436769
Europe & Russia,1987,Oil shale and tar sands,30.324
Europe & Russia,1987,Petroleum,843.645
Europe & Russia,1987,Wild catch and harvest,15.352129
Europe & Russia,1987,Wood,418.564008
Europe & Russia,1988,Coal,2121.051
Europe & Russia,1988,Crop Residues,767.371974
Europe & Russia,1988,Crops,1183.63623
Europe & Russia,1988,Ferrous ores,309.957845
Europe & Russia,1988,Grazed biomass and fodder crops,1524.337284
Europe & Russia,1988,Natural Gas,622.715922
Europe & Russia,1988,Non-ferrous ores,578.2984280000001
Europe & Russia,1988,Non-metallic minerals - construction dominant,4479.120503
Europe & Russia,1988,Non-metallic minerals - industrial or agricultural dominant,435.74496899999997
Europe & Russia,1988,Oil shale and tar sands,28.676000000000002
Europe & Russia,1988,Petroleum,845.198
Europe & Russia,1988,Wild catch and harvest,9.85827
Europe & Russia,1988,Wood,436.090803
Europe & Russia,1989,Coal,2081.922
Europe & Russia,1989,Crop Residues,807.243975
Europe & Russia,1989,Crops,1233.480917
Europe & Russia,1989,Ferrous ores,299.589996
Europe & Russia,1989,Grazed biomass and fodder crops,1532.2457650000001
Europe & Russia,1989,Natural Gas,646.5767040000001
Europe & Russia,1989,Non-ferrous ores,589.478201
Europe & Russia,1989,Non-metallic minerals - construction dominant,4545.34094
Europe & Russia,1989,Non-metallic minerals - industrial or agricultural dominant,427.413569
Europe & Russia,1989,Oil shale and tar sands,28.199
Europe & Russia,1989,Petroleum,827.135
Europe & Russia,1989,Wild catch and harvest,9.310369
Europe & Russia,1989,Wood,444.173558
Europe & Russia,1990,Coal,1865.474
Europe & Russia,1990,Crop Residues,809.626013
Europe & Russia,1990,Crops,1224.022971
Europe & Russia,1990,Ferrous ores,288.844196
Europe & Russia,1990,Grazed biomass and fodder crops,1523.098011
Europe & Russia,1990,Natural Gas,653.020272
Europe & Russia,1990,Non-ferrous ores,569.158032
Europe & Russia,1990,Non-metallic minerals - construction dominant,4469.4894730000005
Europe & Russia,1990,Non-metallic minerals - industrial or agricultural dominant,372.263818
Europe & Russia,1990,Oil shale and tar sands,27.137
Europe & Russia,1990,Petroleum,789.384
Europe & Russia,1990,Wild catch and harvest,8.306312
Europe & Russia,1990,Wood,455.96028
Europe & Russia,1991,Coal,1682.454
Europe & Russia,1991,Crop Residues,740.500013
Europe & Russia,1991,Crops,1137.633462
Europe & Russia,1991,Ferrous ores,247.818284
Europe & Russia,1991,Grazed biomass and fodder crops,1479.849758
Europe & Russia,1991,Natural Gas,659.26296
Europe & Russia,1991,Non-ferrous ores,490.009661
Europe & Russia,1991,Non-metallic minerals - construction dominant,4133.930359
Europe & Russia,1991,Non-metallic minerals - industrial or agricultural dominant,331.879863
Europe & Russia,1991,Oil shale and tar sands,26.039
Europe & Russia,1991,Petroleum,744.0759999999999
Europe & Russia,1991,Wild catch and harvest,8.23319
Europe & Russia,1991,Wood,403.432172
Europe & Russia,1992,Coal,1347.076109
Europe & Russia,1992,Crop Residues,647.653735
Europe & Russia,1992,Crops,1065.614898
Europe & Russia,1992,Ferrous ores,202.533337
Europe & Russia,1992,Grazed biomass and fodder crops,1273.734226
Europe & Russia,1992,Natural Gas,613.970851
Europe & Russia,1992,Non-ferrous ores,343.094606
Europe & Russia,1992,Non-metallic minerals - construction dominant,4172.069279
Europe & Russia,1992,Non-metallic minerals - industrial or agricultural dominant,291.850983
Europe & Russia,1992,Oil shale and tar sands,18.856
Europe & Russia,1992,Petroleum,648.1909999999999
Europe & Russia,1992,Wild catch and harvest,12.68731
Europe & Russia,1992,Wood,349.998639
Europe & Russia,1993,Coal,1248.986108
Europe & Russia,1993,Crop Residues,667.645552
Europe & Russia,1993,Crops,1091.440036
Europe & Russia,1993,Ferrous ores,181.176438
Europe & Russia,1993,Grazed biomass and fodder crops,1221.697928
Europe & Russia,1993,Natural Gas,607.3137
Europe & Russia,1993,Non-ferrous ores,321.681392
Europe & Russia,1993,Non-metallic minerals - construction dominant,4162.202839
Europe & Russia,1993,Non-metallic minerals - industrial or agricultural dominant,222.246294
Europe & Russia,1993,Oil shale and tar sands,14.928999999999998
Europe & Russia,1993,Petroleum,616.323167
Europe & Russia,1993,Wild catch and harvest,11.909073
Europe & Russia,1993,Wood,317.221467
Europe & Russia,1994,Coal,1163.408107
Europe & Russia,1994,Crop Residues,588.598427
Europe & Russia,1994,Crops,980.375757
Europe & Russia,1994,Ferrous ores,166.12265399999998
Europe & Russia,1994,Grazed biomass and fodder crops,1182.981237
Europe & Russia,1994,Natural Gas,600.389892
Europe & Russia,1994,Non-ferrous ores,295.220914
Europe & Russia,1994,Non-metallic minerals - construction dominant,4128.818452
Europe & Russia,1994,Non-metallic minerals - industrial or agricultural dominant,244.072264
Europe & Russia,1994,Oil shale and tar sands,14.54
Europe & Russia,1994,Petroleum,623.161702
Europe & Russia,1994,Wild catch and harvest,11.940834
Europe & Russia,1994,Wood,294.294307
Europe & Russia,1995,Coal,1153.309113
Europe & Russia,1995,Crop Residues,591.797592
Europe & Russia,1995,Crops,1001.845013
Europe & Russia,1995,Ferrous ores,169.78207799999998
Europe & Russia,1995,Grazed biomass and fodder crops,1130.759868
Europe & Russia,1995,Natural Gas,600.276521
Europe & Russia,1995,Non-ferrous ores,285.358011
Europe & Russia,1995,Non-metallic minerals - construction dominant,4075.24132
Europe & Russia,1995,Non-metallic minerals - industrial or agricultural dominant,258.488491
Europe & Russia,1995,Oil shale and tar sands,13.32
Europe & Russia,1995,Petroleum,622.8891920000001
Europe & Russia,1995,Wild catch and harvest,12.94319
Europe & Russia,1995,Wood,311.446569
Europe & Russia,1996,Coal,1137.619112
Europe & Russia,1996,Crop Residues,592.5290229999999
Europe & Russia,1996,Crops,1042.772775
Europe & Russia,1996,Ferrous ores,160.46156
Europe & Russia,1996,Grazed biomass and fodder crops,1094.999168
Europe & Russia,1996,Natural Gas,628.4931839999999
Europe & Russia,1996,Non-ferrous ores,279.672857
Europe & Russia,1996,Non-metallic minerals - construction dominant,3854.881703
Europe & Russia,1996,Non-metallic minerals - industrial or agricultural dominant,252.16622800000002
Europe & Russia,1996,Oil shale and tar sands,14.745
Europe & Russia,1996,Petroleum,641.692702
Europe & Russia,1996,Wild catch and harvest,12.741746000000001
Europe & Russia,1996,Wood,299.75232
Europe & Russia,1997,Coal,1104.636105
Europe & Russia,1997,Crop Residues,670.391122
Europe & Russia,1997,Crops,1075.092962
Europe & Russia,1997,Ferrous ores,159.430466
Europe & Russia,1997,Grazed biomass and fodder crops,1053.618445
Europe & Russia,1997,Natural Gas,603.773082
Europe & Russia,1997,Non-ferrous ores,283.723556
Europe & Russia,1997,Non-metallic minerals - construction dominant,3907.052988
Europe & Russia,1997,Non-metallic minerals - industrial or agricultural dominant,256.886326
Europe & Russia,1997,Oil shale and tar sands,14.392999999999999
Europe & Russia,1997,Petroleum,637.5462110000001
Europe & Russia,1997,Wild catch and harvest,13.110657
Europe & Russia,1997,Wood,333.486237
Europe & Russia,1998,Coal,1033.696128
Europe & Russia,1998,Crop Residues,571.068561
Europe & Russia,1998,Crops,1008.907377
Europe & Russia,1998,Ferrous ores,158.695763
Europe & Russia,1998,Grazed biomass and fodder crops,1007.408856
Europe & Russia,1998,Natural Gas,616.298094
Europe & Russia,1998,Non-ferrous ores,272.97947999999997
Europe & Russia,1998,Non-metallic minerals - construction dominant,4413.0315470000005
Europe & Russia,1998,Non-metallic minerals - industrial or agricultural dominant,266.301714
Europe & Russia,1998,Oil shale and tar sands,12.474
Europe & Russia,1998,Petroleum,631.5732109999999
Europe & Russia,1998,Wild catch and harvest,12.710951999999999
Europe & Russia,1998,Wood,324.997876
Europe & Russia,1999,Coal,1014.377115
Europe & Russia,1999,Crop Residues,562.671454
Europe & Russia,1999,Crops,1005.125236
Europe & Russia,1999,Ferrous ores,162.462492
Europe & Russia,1999,Grazed biomass and fodder crops,977.974335
Europe & Russia,1999,Natural Gas,621.514494
Europe & Russia,1999,Non-ferrous ores,277.008311
Europe & Russia,1999,Non-metallic minerals - construction dominant,4760.725733
Europe & Russia,1999,Non-metallic minerals - industrial or agricultural dominant,277.588913
Europe & Russia,1999,Oil shale and tar sands,10.687
Europe & Russia,1999,Petroleum,638.1162109999999
Europe & Russia,1999,Wild catch and harvest,12.223259
Europe & Russia,1999,Wood,341.948001
Europe & Russia,2000,Coal,1016.017073
Europe & Russia,2000,Crop Residues,579.098205
Europe & Russia,2000,Crops,1017.865785
Europe & Russia,2000,Ferrous ores,177.126806
Europe & Russia,2000,Grazed biomass and fodder crops,965.424453
Europe & Russia,2000,Natural Gas,622.284084
Europe & Russia,2000,Non-ferrous ores,290.742446
Europe & Russia,2000,Non-metallic minerals - construction dominant,4827.955202
Europe & Russia,2000,Non-metallic minerals - industrial or agricultural dominant,276.603135
Europe & Russia,2000,Oil shale and tar sands,11.727
Europe & Russia,2000,Petroleum,660.271698
Europe & Russia,2000,Wild catch and harvest,12.373619
Europe & Russia,2000,Wood,369.914214
Europe & Russia,2001,Coal,1032.67413
Europe & Russia,2001,Crop Residues,646.255951
Europe & Russia,2001,Crops,1026.825459
Europe & Russia,2001,Ferrous ores,169.892622
Europe & Russia,2001,Grazed biomass and fodder crops,933.994074
Europe & Russia,2001,Natural Gas,623.474748
Europe & Russia,2001,Non-ferrous ores,294.88732600000003
Europe & Russia,2001,Non-metallic minerals - construction dominant,4674.899486
Europe & Russia,2001,Non-metallic minerals - industrial or agricultural dominant,269.365179
Europe & Russia,2001,Oil shale and tar sands,11.838
Europe & Russia,2001,Petroleum,674.660889
Europe & Russia,2001,Wild catch and harvest,12.258488999999999
Europe & Russia,2001,Wood,360.264625
Europe & Russia,2002,Coal,1016.312784
Europe & Russia,2002,Crop Residues,650.023628
Europe & Russia,2002,Crops,1050.861753
Europe & Russia,2002,Ferrous ores,177.600653
Europe & Russia,2002,Grazed biomass and fodder crops,921.0991769999999
Europe & Russia,2002,Natural Gas,638.445402
Europe & Russia,2002,Non-ferrous ores,308.837667
Europe & Russia,2002,Non-metallic minerals - construction dominant,4690.999373
Europe & Russia,2002,Non-metallic minerals - industrial or agricultural dominant,280.00452
Europe & Russia,2002,Oil shale and tar sands,12.4
Europe & Russia,2002,Petroleum,703.815889
Europe & Russia,2002,Wild catch and harvest,11.79598
Europe & Russia,2002,Wood,364.517925
Europe & Russia,2003,Coal,1030.182613
Europe & Russia,2003,Crop Residues,580.499802
Europe & Russia,2003,Crops,963.435172
Europe & Russia,2003,Ferrous ores,188.99906000000001
Europe & Russia,2003,Grazed biomass and fodder crops,904.606972
Europe & Russia,2003,Natural Gas,657.224118
Europe & Russia,2003,Non-ferrous ores,310.586881
Europe & Russia,2003,Non-metallic minerals - construction dominant,4816.563014
Europe & Russia,2003,Non-metallic minerals - industrial or agricultural dominant,295.36609
Europe & Russia,2003,Oil shale and tar sands,14.892
Europe & Russia,2003,Petroleum,731.13669
Europe & Russia,2003,Wild catch and harvest,11.368022999999999
Europe & Russia,2003,Wood,379.04510799999997
Europe & Russia,2004,Coal,1016.9680119999999
Europe & Russia,2004,Crop Residues,722.4267209999999
Europe & Russia,2004,Crops,1116.59316
Europe & Russia,2004,Ferrous ores,199.604517
Europe & Russia,2004,Grazed biomass and fodder crops,884.384467
Europe & Russia,2004,Natural Gas,671.670018
Europe & Russia,2004,Non-ferrous ores,309.28983
Europe & Russia,2004,Non-metallic minerals - construction dominant,5036.69684
Europe & Russia,2004,Non-metallic minerals - industrial or agricultural dominant,304.435646
Europe & Russia,2004,Oil shale and tar sands,13.993
Europe & Russia,2004,Petroleum,748.805491
Europe & Russia,2004,Wild catch and harvest,11.183853000000001
Europe & Russia,2004,Wood,389.203002
Europe & Russia,2005,Coal,1034.386373
Europe & Russia,2005,Crop Residues,675.9543150000001
Europe & Russia,2005,Crops,1063.132805
Europe & Russia,2005,Ferrous ores,204.787492
Europe & Russia,2005,Grazed biomass and fodder crops,866.906065
Europe & Russia,2005,Natural Gas,668.168244
Europe & Russia,2005,Non-ferrous ores,316.444485
Europe & Russia,2005,Non-metallic minerals - construction dominant,5232.412686
Europe & Russia,2005,Non-metallic minerals - industrial or agricultural dominant,314.597623
Europe & Russia,2005,Oil shale and tar sands,14.591
Europe & Russia,2005,Petroleum,735.055441
Europe & Russia,2005,Wild catch and harvest,10.690217
Europe & Russia,2005,Wood,407.525157
Europe & Russia,2006,Coal,1031.772093
Europe & Russia,2006,Crop Residues,660.474636
Europe & Russia,2006,Crops,1030.956379
Europe & Russia,2006,Ferrous ores,215.603987
Europe & Russia,2006,Grazed biomass and fodder crops,854.054401
Europe & Russia,2006,Natural Gas,671.46984
Europe & Russia,2006,Non-ferrous ores,314.66475199999996
Europe & Russia,2006,Non-metallic minerals - construction dominant,5601.929081
Europe & Russia,2006,Non-metallic minerals - industrial or agricultural dominant,297.063175
Europe & Russia,2006,Oil shale and tar sands,14.095
Europe & Russia,2006,Petroleum,724.540249
Europe & Russia,2006,Wild catch and harvest,10.577113
Europe & Russia,2006,Wood,401.291709
Europe & Russia,2007,Coal,1097.680102
Europe & Russia,2007,Crop Residues,632.031051
Europe & Russia,2007,Crops,1001.131169
Europe & Russia,2007,Ferrous ores,224.377927
Europe & Russia,2007,Grazed biomass and fodder crops,854.129742
Europe & Russia,2007,Natural Gas,659.099538
Europe & Russia,2007,Non-ferrous ores,313.967022
Europe & Russia,2007,Non-metallic minerals - construction dominant,5937.466988
Europe & Russia,2007,Non-metallic minerals - industrial or agricultural dominant,298.19722
Europe & Russia,2007,Oil shale and tar sands,16.544
Europe & Russia,2007,Petroleum,730.437249
Europe & Russia,2007,Wild catch and harvest,10.643833
Europe & Russia,2007,Wood,429.011734
Europe & Russia,2008,Coal,1101.673481
Europe & Russia,2008,Crop Residues,793.892295
Europe & Russia,2008,Crops,1116.49339
Europe & Russia,2008,Ferrous ores,214.637449
Europe & Russia,2008,Grazed biomass and fodder crops,849.236459
Europe & Russia,2008,Natural Gas,682.054344
Europe & Russia,2008,Non-ferrous ores,334.72862200000003
Europe & Russia,2008,Non-metallic minerals - construction dominant,5606.591614
Europe & Russia,2008,Non-metallic minerals - industrial or agricultural dominant,295.166049
Europe & Russia,2008,Oil shale and tar sands,16.117
Europe & Russia,2008,Petroleum,716.466149
Europe & Russia,2008,Wild catch and harvest,10.325137
Europe & Russia,2008,Wood,385.89790999999997
Europe & Russia,2009,Coal,1042.663278
Europe & Russia,2009,Crop Residues,745.242728
Europe & Russia,2009,Crops,1100.811527
Europe & Russia,2009,Ferrous ores,194.639734
Europe & Russia,2009,Grazed biomass and fodder crops,838.419178
Europe & Russia,2009,Natural Gas,623.422586
Europe & Russia,2009,Non-ferrous ores,324.213914
Europe & Russia,2009,Non-metallic minerals - construction dominant,4899.955637
Europe & Russia,2009,Non-metallic minerals - industrial or agricultural dominant,261.914106
Europe & Russia,2009,Oil shale and tar sands,14.939
Europe & Russia,2009,Petroleum,710.347879
Europe & Russia,2009,Wild catch and harvest,10.291047
Europe & Russia,2009,Wood,361.479675
Europe & Russia,2010,Coal,1044.329522
Europe & Russia,2010,Crop Residues,657.83038
Europe & Russia,2010,Crops,1005.723084
Europe & Russia,2010,Ferrous ores,221.030058
Europe & Russia,2010,Grazed biomass and fodder crops,827.725937
Europe & Russia,2010,Natural Gas,678.781206
Europe & Russia,2010,Non-ferrous ores,341.503713
Europe & Russia,2010,Non-metallic minerals - construction dominant,4976.405702
Europe & Russia,2010,Non-metallic minerals - industrial or agricultural dominant,344.277224
Europe & Russia,2010,Oil shale and tar sands,17.933
Europe & Russia,2010,Petroleum,706.517199
Europe & Russia,2010,Wild catch and harvest,10.661019
Europe & Russia,2010,Wood,407.089155
Europe & Russia,2011,Coal,1083.955809
Europe & Russia,2011,Crop Residues,818.239144
Europe & Russia,2011,Crops,1160.552504
Europe & Russia,2011,Ferrous ores,235.761975
Europe & Russia,2011,Grazed biomass and fodder crops,811.462903
Europe & Russia,2011,Natural Gas,672.107225
Europe & Russia,2011,Non-ferrous ores,357.353922
Europe & Russia,2011,Non-metallic minerals - construction dominant,5389.21678
Europe & Russia,2011,Non-metallic minerals - industrial or agricultural dominant,387.057974
Europe & Russia,2011,Oil shale and tar sands,18.734
Europe & Russia,2011,Petroleum,696.936779
Europe & Russia,2011,Wild catch and harvest,9.820905
Europe & Russia,2011,Wood,417.969962
Europe & Russia,2012,Coal,1110.750114
Europe & Russia,2012,Crop Residues,727.5043049999999
Europe & Russia,2012,Crops,1067.679654
Europe & Russia,2012,Ferrous ores,223.03289
Europe & Russia,2012,Grazed biomass and fodder crops,815.727948
Europe & Russia,2012,Natural Gas,663.0678359999999
Europe & Russia,2012,Non-ferrous ores,378.29128
Europe & Russia,2012,Non-metallic minerals - construction dominant,5007.482751
Europe & Russia,2012,Non-metallic minerals - industrial or agricultural dominant,376.111613
Europe & Russia,2012,Oil shale and tar sands,18.796
Europe & Russia,2012,Petroleum,688.418969
Europe & Russia,2012,Wild catch and harvest,9.476383
Europe & Russia,2012,Wood,423.07482600000003
Europe & Russia,2013,Coal,1065.449105
Europe & Russia,2013,Crop Residues,855.589756
Europe & Russia,2013,Crops,1141.705825
Europe & Russia,2013,Ferrous ores,235.11822899999999
Europe & Russia,2013,Grazed biomass and fodder crops,822.699312
Europe & Russia,2013,Natural Gas,669.066019
Europe & Russia,2013,Non-ferrous ores,400.560815
Europe & Russia,2013,Non-metallic minerals - construction dominant,5101.501554
Europe & Russia,2013,Non-metallic minerals - industrial or agricultural dominant,395.568514
Europe & Russia,2013,Oil shale and tar sands,20.511
Europe & Russia,2013,Petroleum,682.579879
Europe & Russia,2013,Wild catch and harvest,9.876195000000001
Europe & Russia,2013,Wood,426.159849
Europe & Russia,2014,Coal,1025.208101
Europe & Russia,2014,Crop Residues,897.0202
Europe & Russia,2014,Crops,1212.5409
Europe & Russia,2014,Ferrous ores,236.032624
Europe & Russia,2014,Grazed biomass and fodder crops,826.818216
Europe & Russia,2014,Natural Gas,637.420983
Europe & Russia,2014,Non-ferrous ores,417.166923
Europe & Russia,2014,Non-metallic minerals - construction dominant,5089.032652
Europe & Russia,2014,Non-metallic minerals - industrial or agricultural dominant,383.44998
Europe & Russia,2014,Oil shale and tar sands,20.995
Europe & Russia,2014,Petroleum,686.753469
Europe & Russia,2014,Wild catch and harvest,10.281268
Europe & Russia,2014,Wood,434.177704
Europe & Russia,2015,Coal,1009.048093
Europe & Russia,2015,Crop Residues,863.938176
Europe & Russia,2015,Crops,1160.070945
Europe & Russia,2015,Ferrous ores,214.416892
Europe & Russia,2015,Grazed biomass and fodder crops,827.774457
Europe & Russia,2015,Natural Gas,628.24716
Europe & Russia,2015,Non-ferrous ores,411.317582
Europe & Russia,2015,Non-metallic minerals - construction dominant,5254.922354
Europe & Russia,2015,Non-metallic minerals - industrial or agricultural dominant,327.097548
Europe & Russia,2015,Oil shale and tar sands,19.616
Europe & Russia,2015,Petroleum,701.9242489999999
Europe & Russia,2015,Wild catch and harvest,10.599152
Europe & Russia,2015,Wood,440.734868
Europe & Russia,2016,Coal,1000.838184
Europe & Russia,2016,Crop Residues,910.252309
Europe & Russia,2016,Crops,1197.77342
Europe & Russia,2016,Ferrous ores,209.657148
Europe & Russia,2016,Grazed biomass and fodder crops,825.295888
Europe & Russia,2016,Natural Gas,639.883775
Europe & Russia,2016,Non-ferrous ores,414.368939
Europe & Russia,2016,Non-metallic minerals - construction dominant,4991.865683
Europe & Russia,2016,Non-metallic minerals - industrial or agricultural dominant,375.370856
Europe & Russia,2016,Oil shale and tar sands,17.057
Europe & Russia,2016,Petroleum,716.808249
Europe & Russia,2016,Wild catch and harvest,9.962190999999999
Europe & Russia,2016,Wood,450.970244
Europe & Russia,2017,Coal,1024.420566
Europe & Russia,2017,Crop Residues,928.033055
Europe & Russia,2017,Crops,1255.428163
Europe & Russia,2017,Ferrous ores,204.002876
Europe & Russia,2017,Grazed biomass and fodder crops,821.47034
Europe & Russia,2017,Natural Gas,677.0317719999999
Europe & Russia,2017,Non-ferrous ores,446.034968
Europe & Russia,2017,Non-metallic minerals - construction dominant,4755.757464
Europe & Russia,2017,Non-metallic minerals - industrial or agricultural dominant,398.30912
Europe & Russia,2017,Oil shale and tar sands,21.625213
Europe & Russia,2017,Petroleum,712.918529
Europe & Russia,2017,Wild catch and harvest,11.094186
Europe & Russia,2017,Wood,454.50305299999997
Europe & Russia,2018,Coal,1070.324933
Europe & Russia,2018,Crop Residues,916.105743
Europe & Russia,2018,Crops,1189.791432
Europe & Russia,2018,Ferrous ores,214.405329
Europe & Russia,2018,Grazed biomass and fodder crops,809.639548
Europe & Russia,2018,Natural Gas,682.3484090000001
Europe & Russia,2018,Non-ferrous ores,461.700145
Europe & Russia,2018,Non-metallic minerals - construction dominant,5386.759618
Europe & Russia,2018,Non-metallic minerals - industrial or agricultural dominant,407.338689
Europe & Russia,2018,Oil shale and tar sands,21.883023
Europe & Russia,2018,Petroleum,720.7080669999999
Europe & Russia,2018,Wild catch and harvest,11.037118
Europe & Russia,2018,Wood,487.849857
Europe & Russia,2019,Coal,1000.642213
Europe & Russia,2019,Crop Residues,966.783609
Europe & Russia,2019,Crops,1243.148501
Europe & Russia,2019,Ferrous ores,233.84637
Europe & Russia,2019,Grazed biomass and fodder crops,802.635846
Europe & Russia,2019,Natural Gas,699.818683
Europe & Russia,2019,Non-ferrous ores,472.96539
Europe & Russia,2019,Non-metallic minerals - construction dominant,5368.940404
Europe & Russia,2019,Non-metallic minerals - industrial or agricultural dominant,414.337851
Europe & Russia,2019,Oil shale and tar sands,15.917098000000001
Europe & Russia,2019,Petroleum,721.2383249999999
Europe & Russia,2019,Wild catch and harvest,10.505426
Europe & Russia,2019,Wood,477.972852
Europe & Russia,2020,Coal,887.530764
Europe & Russia,2020,Crop Residues,926.378154
Europe & Russia,2020,Crops,1192.820567
Europe & Russia,2020,Ferrous ores,246.32039600000002
Europe & Russia,2020,Grazed biomass and fodder crops,793.858517
Europe & Russia,2020,Natural Gas,661.745894
Europe & Russia,2020,Non-ferrous ores,481.702291
Europe & Russia,2020,Non-metallic minerals - construction dominant,5386.4381220000005
Europe & Russia,2020,Non-metallic minerals - industrial or agricultural dominant,384.566283
Europe & Russia,2020,Oil shale and tar sands,12.024613
Europe & Russia,2020,Petroleum,713.1030030000001
Europe & Russia,2020,Wild catch and harvest,10.924643
Europe & Russia,2020,Wood,467.17419
Europe & Russia,2021,Coal,909.320734
Europe & Russia,2021,Crop Residues,993.379335
Europe & Russia,2021,Crops,1242.2823700000001
Europe & Russia,2021,Ferrous ores,257.638107
Europe & Russia,2021,Grazed biomass and fodder crops,784.821783
Europe & Russia,2021,Natural Gas,671.854957
Europe & Russia,2021,Non-ferrous ores,496.547795
Europe & Russia,2021,Non-metallic minerals - construction dominant,5821.830796
Europe & Russia,2021,Non-metallic minerals - industrial or agricultural dominant,415.124268
Europe & Russia,2021,Oil shale and tar sands,12.40825
Europe & Russia,2021,Petroleum,731.372885
Europe & Russia,2021,Wild catch and harvest,11.43096
Europe & Russia,2021,Wood,480.753101
Europe & Russia,2022,Coal,891.099591
Europe & Russia,2022,Crop Residues,985.409675
Europe & Russia,2022,Crops,1230.567251
Europe & Russia,2022,Ferrous ores,261.210146
Europe & Russia,2022,Grazed biomass and fodder crops,777.869022
Europe & Russia,2022,Natural Gas,638.588719
Europe & Russia,2022,Non-ferrous ores,490.601238
Europe & Russia,2022,Non-metallic minerals - construction dominant,5913.4912779999995
Europe & Russia,2022,Non-metallic minerals - industrial or agricultural dominant,418.693987
Europe & Russia,2022,Oil shale and tar sands,12.594928
Europe & Russia,2022,Petroleum,723.320804
Europe & Russia,2022,Wild catch and harvest,11.382541999999999
Europe & Russia,2022,Wood,474.581932
Europe & Russia,2023,Coal,880.341759
Europe & Russia,2023,Crop Residues,979.466511
Europe & Russia,2023,Crops,1221.203461
Europe & Russia,2023,Ferrous ores,264.686287
Europe & Russia,2023,Grazed biomass and fodder crops,771.610969
Europe & Russia,2023,Natural Gas,621.751439
Europe & Russia,2023,Non-ferrous ores,494.66202200000004
Europe & Russia,2023,Non-metallic minerals - construction dominant,6071.192617
Europe & Russia,2023,Non-metallic minerals - industrial or agricultural dominant,426.955947
Europe & Russia,2023,Oil shale and tar sands,12.711601
Europe & Russia,2023,Petroleum,720.927776
Europe & Russia,2023,Wild catch and harvest,11.471993
Europe & Russia,2023,Wood,473.679931
Europe & Russia,2024,Coal,875.169221
Europe & Russia,2024,Crop Residues,985.298921
Europe & Russia,2024,Crops,1229.460538
Europe & Russia,2024,Ferrous ores,273.692786
Europe & Russia,2024,Grazed biomass and fodder crops,771.597002
Europe & Russia,2024,Natural Gas,618.8242730000001
Europe & Russia,2024,Non-ferrous ores,503.09037
Europe & Russia,2024,Non-metallic minerals - construction dominant,6320.633151
Europe & Russia,2024,Non-metallic minerals - industrial or agricultural dominant,443.026082
Europe & Russia,2024,Oil shale and tar sands,12.787439000000001
Europe & Russia,2024,Petroleum,724.0213540000001
Europe & Russia,2024,Wild catch and harvest,11.639514
Europe & Russia,2024,Wood,479.649354
Latin America,1970,Coal,9.799407
Latin America,1970,Crop Residues,374.043085
Latin America,1970,Crops,485.228078
Latin America,1970,Ferrous ores,87.805
Latin America,1970,Grazed biomass and fodder crops,949.070376
Latin America,1970,Natural Gas,22.282884
Latin America,1970,Non-ferrous ores,167.897527
Latin America,1970,Non-metallic minerals - construction dominant,304.155968
Latin America,1970,Non-metallic minerals - industrial or agricultural dominant,30.272814
Latin America,1970,Petroleum,274.063
Latin America,1970,Wild catch and harvest,15.278998
Latin America,1970,Wood,148.305438
Latin America,1971,Coal,9.775985
Latin America,1971,Crop Residues,363.640769
Latin America,1971,Crops,466.097464
Latin America,1971,Ferrous ores,85.63199999999999
Latin America,1971,Grazed biomass and fodder crops,965.4613830000001
Latin America,1971,Natural Gas,22.631094
Latin America,1971,Non-ferrous ores,167.505356
Latin America,1971,Non-metallic minerals - construction dominant,319.15927899999997
Latin America,1971,Non-metallic minerals - industrial or agricultural dominant,39.994021
Latin America,1971,Petroleum,268.354
Latin America,1971,Wild catch and harvest,13.715067
Latin America,1971,Wood,151.640212
Latin America,1972,Coal,9.854431
Latin America,1972,Crop Residues,349.37374
Latin America,1972,Crops,462.17932
Latin America,1972,Ferrous ores,80.469
Latin America,1972,Grazed biomass and fodder crops,995.786919
Latin America,1972,Natural Gas,23.847516
Latin America,1972,Non-ferrous ores,178.93937
Latin America,1972,Non-metallic minerals - construction dominant,332.39172
Latin America,1972,Non-metallic minerals - industrial or agricultural dominant,27.419503
Latin America,1972,Petroleum,257.576
Latin America,1972,Wild catch and harvest,7.328246
Latin America,1972,Wood,152.9078
Latin America,1973,Coal,9.741419
Latin America,1973,Crop Residues,375.248024
Latin America,1973,Crops,480.063328
Latin America,1973,Ferrous ores,96.891
Latin America,1973,Grazed biomass and fodder crops,1020.7525390000001
Latin America,1973,Natural Gas,26.584452
Latin America,1973,Non-ferrous ores,179.904352
Latin America,1973,Non-metallic minerals - construction dominant,374.362525
Latin America,1973,Non-metallic minerals - industrial or agricultural dominant,26.074216999999997
Latin America,1973,Petroleum,273.392
Latin America,1973,Wild catch and harvest,5.139971
Latin America,1973,Wood,154.214928
Latin America,1974,Coal,12.139132
Latin America,1974,Crop Residues,394.360956
Latin America,1974,Crops,504.083997
Latin America,1974,Ferrous ores,125.575
Latin America,1974,Grazed biomass and fodder crops,1054.775906
Latin America,1974,Natural Gas,27.535752
Latin America,1974,Non-ferrous ores,198.754865
Latin America,1974,Non-metallic minerals - construction dominant,393.70572699999997
Latin America,1974,Non-metallic minerals - industrial or agricultural dominant,33.631719
Latin America,1974,Petroleum,258.769
Latin America,1974,Wild catch and harvest,7.343912
Latin America,1974,Wood,156.680687
Latin America,1975,Coal,11.691611
Latin America,1975,Crop Residues,396.730796
Latin America,1975,Crops,508.860041
Latin America,1975,Ferrous ores,138.409
Latin America,1975,Grazed biomass and fodder crops,1083.122581
Latin America,1975,Natural Gas,27.77355
Latin America,1975,Non-ferrous ores,182.589623
Latin America,1975,Non-metallic minerals - construction dominant,433.701767
Latin America,1975,Non-metallic minerals - industrial or agricultural dominant,31.640608
Latin America,1975,Petroleum,231.27200000000002
Latin America,1975,Wild catch and harvest,6.536792
Latin America,1975,Wood,162.405087
Latin America,1976,Coal,11.961532
Latin America,1976,Crop Residues,411.782527
Latin America,1976,Crops,531.170381
Latin America,1976,Ferrous ores,132.596
Latin America,1976,Grazed biomass and fodder crops,1127.407563
Latin America,1976,Natural Gas,27.618246
Latin America,1976,Non-ferrous ores,204.07627
Latin America,1976,Non-metallic minerals - construction dominant,539.335664
Latin America,1976,Non-metallic minerals - industrial or agricultural dominant,33.243149
Latin America,1976,Petroleum,235.176
Latin America,1976,Wild catch and harvest,8.123625
Latin America,1976,Wood,167.07952
Latin America,1977,Coal,13.248207
Latin America,1977,Crop Residues,444.116874
Latin America,1977,Crops,562.464581
Latin America,1977,Ferrous ores,116.905
Latin America,1977,Grazed biomass and fodder crops,1161.887525
Latin America,1977,Natural Gas,29.923344
Latin America,1977,Non-ferrous ores,218.886894
Latin America,1977,Non-metallic minerals - construction dominant,560.847958
Latin America,1977,Non-metallic minerals - industrial or agricultural dominant,38.018272
Latin America,1977,Petroleum,243.785
Latin America,1977,Wild catch and harvest,6.651553
Latin America,1977,Wood,170.873028
Latin America,1978,Coal,14.052447
Latin America,1978,Crop Residues,452.412826
Latin America,1978,Crops,585.3228809999999
Latin America,1978,Ferrous ores,117.502
Latin America,1978,Grazed biomass and fodder crops,1152.730595
Latin America,1978,Natural Gas,33.68826
Latin America,1978,Non-ferrous ores,225.074391
Latin America,1978,Non-metallic minerals - construction dominant,683.3252120000001
Latin America,1978,Non-metallic minerals - industrial or agricultural dominant,58.117742
Latin America,1978,Petroleum,257.06
Latin America,1978,Wild catch and harvest,8.75422
Latin America,1978,Wood,176.41764
Latin America,1979,Coal,14.571515999999999
Latin America,1979,Crop Residues,458.676083
Latin America,1979,Crops,601.339526
Latin America,1979,Ferrous ores,139.596412
Latin America,1979,Grazed biomass and fodder crops,1161.728766
Latin America,1979,Natural Gas,38.945555999999996
Latin America,1979,Non-ferrous ores,232.876783
Latin America,1979,Non-metallic minerals - construction dominant,699.853564
Latin America,1979,Non-metallic minerals - industrial or agricultural dominant,70.125047
Latin America,1979,Petroleum,285.156
Latin America,1979,Wild catch and harvest,9.842496
Latin America,1979,Wood,188.274145
Latin America,1980,Coal,14.14956
Latin America,1980,Crop Residues,469.669081
Latin America,1980,Crops,610.488767
Latin America,1980,Ferrous ores,154.065552
Latin America,1980,Grazed biomass and fodder crops,1204.549188
Latin America,1980,Natural Gas,44.257554
Latin America,1980,Non-ferrous ores,259.333684
Latin America,1980,Non-metallic minerals - construction dominant,754.854283
Latin America,1980,Non-metallic minerals - industrial or agricultural dominant,87.487568
Latin America,1980,Petroleum,307.63300000000004
Latin America,1980,Wild catch and harvest,9.324673
Latin America,1980,Wood,194.850615
Latin America,1981,Coal,14.80145
Latin America,1981,Crop Residues,509.615179
Latin America,1981,Crops,634.298637
Latin America,1981,Ferrous ores,137.015512
Latin America,1981,Grazed biomass and fodder crops,1220.204641
Latin America,1981,Natural Gas,45.544536
Latin America,1981,Non-ferrous ores,277.29983
Latin America,1981,Non-metallic minerals - construction dominant,792.561809
Latin America,1981,Non-metallic minerals - industrial or agricultural dominant,104.128591
Latin America,1981,Petroleum,327.514
Latin America,1981,Wild catch and harvest,9.980099
Latin America,1981,Wood,195.423637
Latin America,1982,Coal,16.3328
Latin America,1982,Crop Residues,527.7185460000001
Latin America,1982,Crops,680.680434
Latin America,1982,Ferrous ores,126.29429
Latin America,1982,Grazed biomass and fodder crops,1226.846616
Latin America,1982,Natural Gas,49.249836
Latin America,1982,Non-ferrous ores,305.449839
Latin America,1982,Non-metallic minerals - construction dominant,734.792127
Latin America,1982,Non-metallic minerals - industrial or agricultural dominant,86.409402
Latin America,1982,Petroleum,340.983
Latin America,1982,Wild catch and harvest,11.187027
Latin America,1982,Wood,197.565399
Latin America,1983,Coal,18.118726
Latin America,1983,Crop Residues,534.866383
Latin America,1983,Crops,693.229237
Latin America,1983,Ferrous ores,117.398884
Latin America,1983,Grazed biomass and fodder crops,1233.199986
Latin America,1983,Natural Gas,51.15744
Latin America,1983,Non-ferrous ores,323.844637
Latin America,1983,Non-metallic minerals - construction dominant,643.8195959999999
Latin America,1983,Non-metallic minerals - industrial or agricultural dominant,64.086984
Latin America,1983,Petroleum,336.067
Latin America,1983,Wild catch and harvest,9.057313
Latin America,1983,Wood,202.410725
Latin America,1984,Coal,21.115038
Latin America,1984,Crop Residues,563.169023
Latin America,1984,Crops,727.065103
Latin America,1984,Ferrous ores,145.64071
Latin America,1984,Grazed biomass and fodder crops,1246.518495
Latin America,1984,Natural Gas,52.818048
Latin America,1984,Non-ferrous ores,347.996851
Latin America,1984,Non-metallic minerals - construction dominant,637.929452
Latin America,1984,Non-metallic minerals - industrial or agricultural dominant,68.013161
Latin America,1984,Petroleum,347.353
Latin America,1984,Wild catch and harvest,11.862938
Latin America,1984,Wood,205.95943599999998
Latin America,1985,Coal,23.582917
Latin America,1985,Crop Residues,589.90738
Latin America,1985,Crops,753.543367
Latin America,1985,Ferrous ores,163.445345
Latin America,1985,Grazed biomass and fodder crops,1255.863506
Latin America,1985,Natural Gas,53.188776000000004
Latin America,1985,Non-ferrous ores,368.722716
Latin America,1985,Non-metallic minerals - construction dominant,697.17154
Latin America,1985,Non-metallic minerals - industrial or agricultural dominant,71.085261
Latin America,1985,Petroleum,343.235
Latin America,1985,Wild catch and harvest,13.676093999999999
Latin America,1985,Wood,209.250396
Latin America,1986,Coal,25.820166
Latin America,1986,Crop Residues,572.9699009999999
Latin America,1986,Crops,749.196041
Latin America,1986,Ferrous ores,166.831965
Latin America,1986,Grazed biomass and fodder crops,1269.64858
Latin America,1986,Natural Gas,52.916922
Latin America,1986,Non-ferrous ores,374.57414
Latin America,1986,Non-metallic minerals - construction dominant,791.018823
Latin America,1986,Non-metallic minerals - industrial or agricultural dominant,48.527095
Latin America,1986,Petroleum,350.26800000000003
Latin America,1986,Wild catch and harvest,15.649314
Latin America,1986,Wood,213.55278
Latin America,1987,Coal,28.622338000000003
Latin America,1987,Crop Residues,607.150022
Latin America,1987,Crops,795.203406
Latin America,1987,Ferrous ores,172.960554
Latin America,1987,Grazed biomass and fodder crops,1280.605521
Latin America,1987,Natural Gas,55.317941999999995
Latin America,1987,Non-ferrous ores,406.84433
Latin America,1987,Non-metallic minerals - construction dominant,845.093038
Latin America,1987,Non-metallic minerals - industrial or agricultural dominant,52.027150999999996
Latin America,1987,Petroleum,355.53
Latin America,1987,Wild catch and harvest,13.740014
Latin America,1987,Wood,218.124741
Latin America,1988,Coal,31.551621
Latin America,1988,Crop Residues,602.192341
Latin America,1988,Crops,791.1977919999999
Latin America,1988,Ferrous ores,187.041878
Latin America,1988,Grazed biomass and fodder crops,1307.880563
Latin America,1988,Natural Gas,58.664142
Latin America,1988,Non-ferrous ores,427.20813300000003
Latin America,1988,Non-metallic minerals - construction dominant,862.713835
Latin America,1988,Non-metallic minerals - industrial or agricultural dominant,53.027115
Latin America,1988,Petroleum,364.78
Latin America,1988,Wild catch and harvest,16.139439
Latin America,1988,Wood,221.866685
Latin America,1989,Coal,35.635481
Latin America,1989,Crop Residues,597.830927
Latin America,1989,Crops,797.617195
Latin America,1989,Ferrous ores,199.549241
Latin America,1989,Grazed biomass and fodder crops,1338.1191350000001
Latin America,1989,Natural Gas,73.3635
Latin America,1989,Non-ferrous ores,409.524183
Latin America,1989,Non-metallic minerals - construction dominant,834.349053
Latin America,1989,Non-metallic minerals - industrial or agricultural dominant,49.242151
Latin America,1989,Petroleum,368.912
Latin America,1989,Wild catch and harvest,17.583657
Latin America,1989,Wood,227.831571
Latin America,1990,Coal,37.66972
Latin America,1990,Crop Residues,598.460345
Latin America,1990,Crops,802.926879
Latin America,1990,Ferrous ores,193.827828
Latin America,1990,Grazed biomass and fodder crops,1344.387404
Latin America,1990,Natural Gas,62.746071
Latin America,1990,Non-ferrous ores,459.597582
Latin America,1990,Non-metallic minerals - construction dominant,910.308506
Latin America,1990,Non-metallic minerals - industrial or agricultural dominant,48.32914
Latin America,1990,Petroleum,380.78700000000003
Latin America,1990,Wild catch and harvest,15.738462
Latin America,1990,Wood,228.20020300000002
Latin America,1991,Coal,36.293209999999995
Latin America,1991,Crop Residues,604.9782220000001
Latin America,1991,Crops,809.598805
Latin America,1991,Ferrous ores,192.529065
Latin America,1991,Grazed biomass and fodder crops,1359.812218
Latin America,1991,Natural Gas,64.617568
Latin America,1991,Non-ferrous ores,468.796244
Latin America,1991,Non-metallic minerals - construction dominant,945.100005
Latin America,1991,Non-metallic minerals - industrial or agricultural dominant,47.577000000000005
Latin America,1991,Petroleum,400.874
Latin America,1991,Wild catch and harvest,16.70238
Latin America,1991,Wood,233.148833
Latin America,1992,Coal,37.034179
Latin America,1992,Crop Residues,639.599736
Latin America,1992,Crops,826.854412
Latin America,1992,Ferrous ores,188.053654
Latin America,1992,Grazed biomass and fodder crops,1374.731812
Latin America,1992,Natural Gas,56.013503
Latin America,1992,Non-ferrous ores,494.48220899999995
Latin America,1992,Non-metallic minerals - construction dominant,1036.494556
Latin America,1992,Non-metallic minerals - industrial or agricultural dominant,46.134893999999996
Latin America,1992,Petroleum,408.51300000000003
Latin America,1992,Wild catch and harvest,17.607641
Latin America,1992,Wood,238.80306
Latin America,1993,Coal,37.78788
Latin America,1993,Crop Residues,606.250528
Latin America,1993,Crops,778.549591
Latin America,1993,Ferrous ores,192.743067
Latin America,1993,Grazed biomass and fodder crops,1383.358432
Latin America,1993,Natural Gas,62.324226
Latin America,1993,Non-ferrous ores,520.572052
Latin America,1993,Non-metallic minerals - construction dominant,1043.791846
Latin America,1993,Non-metallic minerals - industrial or agricultural dominant,47.961155999999995
Latin America,1993,Petroleum,413.1425
Latin America,1993,Wild catch and harvest,19.283952
Latin America,1993,Wood,239.987299
Latin America,1994,Coal,42.518574
Latin America,1994,Crop Residues,650.300955
Latin America,1994,Crops,840.145024
Latin America,1994,Ferrous ores,220.133299
Latin America,1994,Grazed biomass and fodder crops,1403.739086
Latin America,1994,Natural Gas,67.633344
Latin America,1994,Non-ferrous ores,565.35635
Latin America,1994,Non-metallic minerals - construction dominant,1115.283764
Latin America,1994,Non-metallic minerals - industrial or agricultural dominant,49.29855
Latin America,1994,Petroleum,423.284568
Latin America,1994,Wild catch and harvest,24.292769
Latin America,1994,Wood,247.943193
Latin America,1995,Coal,45.647
Latin America,1995,Crop Residues,681.596078
Latin America,1995,Crops,873.813508
Latin America,1995,Ferrous ores,229.350296
Latin America,1995,Grazed biomass and fodder crops,1411.18586
Latin America,1995,Natural Gas,73.564521
Latin America,1995,Non-ferrous ores,625.518239
Latin America,1995,Non-metallic minerals - construction dominant,1081.466173
Latin America,1995,Non-metallic minerals - industrial or agricultural dominant,52.174307999999996
Latin America,1995,Petroleum,442.21058999999997
Latin America,1995,Wild catch and harvest,21.811358000000002
Latin America,1995,Wood,253.31256
Latin America,1996,Coal,50.100691999999995
Latin America,1996,Crop Residues,679.074474
Latin America,1996,Crops,888.006383
Latin America,1996,Ferrous ores,218.619596
Latin America,1996,Grazed biomass and fodder crops,1386.559815
Latin America,1996,Natural Gas,82.518607
Latin America,1996,Non-ferrous ores,705.867802
Latin America,1996,Non-metallic minerals - construction dominant,1166.415416
Latin America,1996,Non-metallic minerals - industrial or agricultural dominant,58.658791
Latin America,1996,Petroleum,468.555999
Latin America,1996,Wild catch and harvest,21.743442
Latin America,1996,Wood,252.86489
Latin America,1997,Coal,55.103072999999995
Latin America,1997,Crop Residues,720.308265
Latin America,1997,Crops,933.08943
Latin America,1997,Ferrous ores,229.512664
Latin America,1997,Grazed biomass and fodder crops,1397.64654
Latin America,1997,Natural Gas,87.175517
Latin America,1997,Non-ferrous ores,773.974197
Latin America,1997,Non-metallic minerals - construction dominant,1256.918388
Latin America,1997,Non-metallic minerals - industrial or agricultural dominant,57.481156999999996
Latin America,1997,Petroleum,493.95500000000004
Latin America,1997,Wild catch and harvest,19.139911
Latin America,1997,Wood,256.300067
Latin America,1998,Coal,59.185652
Latin America,1998,Crop Residues,747.713656
Latin America,1998,Crops,954.572231
Latin America,1998,Ferrous ores,241.72409000000002
Latin America,1998,Grazed biomass and fodder crops,1396.89
Latin America,1998,Natural Gas,96.448146
Latin America,1998,Non-ferrous ores,852.6609550000001
Latin America,1998,Non-metallic minerals - construction dominant,1330.357147
Latin America,1998,Non-metallic minerals - industrial or agricultural dominant,56.489613
Latin America,1998,Petroleum,516.336
Latin America,1998,Wild catch and harvest,12.468743
Latin America,1998,Wood,259.501911
Latin America,1999,Coal,56.548542000000005
Latin America,1999,Crop Residues,731.093238
Latin America,1999,Crops,950.795398
Latin America,1999,Ferrous ores,232.456259
Latin America,1999,Grazed biomass and fodder crops,1401.65839
Latin America,1999,Natural Gas,101.400335
Latin America,1999,Non-ferrous ores,991.509965
Latin America,1999,Non-metallic minerals - construction dominant,1331.073108
Latin America,1999,Non-metallic minerals - industrial or agricultural dominant,57.196486
Latin America,1999,Petroleum,504.827289
Latin America,1999,Wild catch and harvest,18.419435
Latin America,1999,Wood,266.134486
Latin America,2000,Coal,64.941159
Latin America,2000,Crop Residues,742.898447
Latin America,2000,Crops,952.900809
Latin America,2000,Ferrous ores,252.343218
Latin America,2000,Grazed biomass and fodder crops,1420.001291
Latin America,2000,Natural Gas,100.610205
Latin America,2000,Non-ferrous ores,1061.538542
Latin America,2000,Non-metallic minerals - construction dominant,1352.328378
Latin America,2000,Non-metallic minerals - industrial or agricultural dominant,57.877656
Latin America,2000,Petroleum,517.560698
Latin America,2000,Wild catch and harvest,20.301174
Latin America,2000,Wood,271.114223
Latin America,2001,Coal,69.694067
Latin America,2001,Crop Residues,801.591779
Latin America,2001,Crops,1001.250905
Latin America,2001,Ferrous ores,241.09920300000002
Latin America,2001,Grazed biomass and fodder crops,1449.522414
Latin America,2001,Natural Gas,105.111867
Latin America,2001,Non-ferrous ores,1139.5901099999999
Latin America,2001,Non-metallic minerals - construction dominant,1329.190012
Latin America,2001,Non-metallic minerals - industrial or agricultural dominant,57.498268
Latin America,2001,Petroleum,533.330095
Latin America,2001,Wild catch and harvest,17.255673
Latin America,2001,Wood,263.651336
Latin America,2002,Coal,64.11420799999999
Latin America,2002,Crop Residues,806.916975
Latin America,2002,Crops,1033.4189230000002
Latin America,2002,Ferrous ores,253.768405
Latin America,2002,Grazed biomass and fodder crops,1499.600109
Latin America,2002,Natural Gas,107.039215
Latin America,2002,Non-ferrous ores,1138.0743499999999
Latin America,2002,Non-metallic minerals - construction dominant,1301.9594809999999
Latin America,2002,Non-metallic minerals - industrial or agricultural dominant,53.577264
Latin America,2002,Petroleum,523.567431
Latin America,2002,Wild catch and harvest,18.238079
Latin America,2002,Wood,270.07253199999997
Latin America,2003,Coal,74.60472800000001
Latin America,2003,Crop Residues,889.349147
Latin America,2003,Crops,1100.620392
Latin America,2003,Ferrous ores,278.739222
Latin America,2003,Grazed biomass and fodder crops,1558.986296
Latin America,2003,Natural Gas,116.960128
Latin America,2003,Non-ferrous ores,1198.306103
Latin America,2003,Non-metallic minerals - construction dominant,1242.53533
Latin America,2003,Non-metallic minerals - industrial or agricultural dominant,57.759749
Latin America,2003,Petroleum,523.609114
Latin America,2003,Wild catch and harvest,14.908923
Latin America,2003,Wood,285.388619
Latin America,2004,Coal,79.78611
Latin America,2004,Crop Residues,899.205828
Latin America,2004,Crops,1128.812319
Latin America,2004,Ferrous ores,308.056024
Latin America,2004,Grazed biomass and fodder crops,1596.629459
Latin America,2004,Natural Gas,126.57368699999999
Latin America,2004,Non-ferrous ores,1323.464413
Latin America,2004,Non-metallic minerals - construction dominant,1354.639834
Latin America,2004,Non-metallic minerals - industrial or agricultural dominant,61.944108
Latin America,2004,Petroleum,525.754228
Latin America,2004,Wild catch and harvest,19.934823
Latin America,2004,Wood,283.880142
Latin America,2005,Coal,86.625452
Latin America,2005,Crop Residues,898.997653
Latin America,2005,Crops,1132.846069
Latin America,2005,Ferrous ores,331.266632
Latin America,2005,Grazed biomass and fodder crops,1612.354245
Latin America,2005,Natural Gas,131.717945
Latin America,2005,Non-ferrous ores,1376.236387
Latin America,2005,Non-metallic minerals - construction dominant,1473.417596
Latin America,2005,Non-metallic minerals - industrial or agricultural dominant,63.863356
Latin America,2005,Petroleum,538.549089
Latin America,2005,Wild catch and harvest,19.062856
Latin America,2005,Wood,280.030255
Latin America,2006,Coal,94.454119
Latin America,2006,Crop Residues,942.4469950000001
Latin America,2006,Crops,1196.242821
Latin America,2006,Ferrous ores,369.695004
Latin America,2006,Grazed biomass and fodder crops,1618.0922859999998
Latin America,2006,Natural Gas,139.104884
Latin America,2006,Non-ferrous ores,1415.3611349999999
Latin America,2006,Non-metallic minerals - construction dominant,1567.59863
Latin America,2006,Non-metallic minerals - industrial or agricultural dominant,61.509046
Latin America,2006,Petroleum,561.073567
Latin America,2006,Wild catch and harvest,17.128332
Latin America,2006,Wood,279.187131
Latin America,2007,Coal,98.673
Latin America,2007,Crop Residues,1063.736946
Latin America,2007,Crops,1314.012091
Latin America,2007,Ferrous ores,406.85887099999997
Latin America,2007,Grazed biomass and fodder crops,1604.35101
Latin America,2007,Natural Gas,141.03829
Latin America,2007,Non-ferrous ores,1479.353094
Latin America,2007,Non-metallic minerals - construction dominant,1687.342517
Latin America,2007,Non-metallic minerals - industrial or agricultural dominant,65.515631
Latin America,2007,Petroleum,521.845458
Latin America,2007,Wild catch and harvest,16.729583
Latin America,2007,Wood,287.459386
Latin America,2008,Coal,100.491119
Latin America,2008,Crop Residues,1160.38429
Latin America,2008,Crops,1431.232511
Latin America,2008,Ferrous ores,404.976072
Latin America,2008,Grazed biomass and fodder crops,1616.0735300000001
Latin America,2008,Natural Gas,143.384911
Latin America,2008,Non-ferrous ores,1462.135532
Latin America,2008,Non-metallic minerals - construction dominant,1717.152575
Latin America,2008,Non-metallic minerals - industrial or agricultural dominant,67.924384
Latin America,2008,Petroleum,514.615732
Latin America,2008,Wild catch and harvest,16.782882
Latin America,2008,Wood,286.725638
Latin America,2009,Coal,95.603752
Latin America,2009,Crop Residues,1096.030814
Latin America,2009,Crops,1425.662153
Latin America,2009,Ferrous ores,377.383254
Latin America,2009,Grazed biomass and fodder crops,1624.0985680000001
Latin America,2009,Natural Gas,143.132782
Latin America,2009,Non-ferrous ores,1497.44145
Latin America,2009,Non-metallic minerals - construction dominant,1651.9685299999999
Latin America,2009,Non-metallic minerals - industrial or agricultural dominant,64.23284
Latin America,2009,Petroleum,515.06262
Latin America,2009,Wild catch and harvest,15.919822
Latin America,2009,Wood,283.793587
Latin America,2010,Coal,98.58399999999999
Latin America,2010,Crop Residues,1204.6851729999998
Latin America,2010,Crops,1500.755797
Latin America,2010,Ferrous ores,425.201525
Latin America,2010,Grazed biomass and fodder crops,1613.958466
Latin America,2010,Natural Gas,150.040132
Latin America,2010,Non-ferrous ores,1531.257423
Latin America,2010,Non-metallic minerals - construction dominant,1780.947373
Latin America,2010,Non-metallic minerals - industrial or agricultural dominant,62.571891
Latin America,2010,Petroleum,522.240445
Latin America,2010,Wild catch and harvest,12.482765
Latin America,2010,Wood,289.86143
Latin America,2011,Coal,113.847
Latin America,2011,Crop Residues,1233.1364290000001
Latin America,2011,Crops,1544.140342
Latin America,2011,Ferrous ores,518.3482
Latin America,2011,Grazed biomass and fodder crops,1619.865647
Latin America,2011,Natural Gas,151.078649
Latin America,2011,Non-ferrous ores,1582.482546
Latin America,2011,Non-metallic minerals - construction dominant,2205.800779
Latin America,2011,Non-metallic minerals - industrial or agricultural dominant,107.028981
Latin America,2011,Petroleum,535.854508
Latin America,2011,Wild catch and harvest,16.806677999999998
Latin America,2011,Wood,305.645318
Latin America,2012,Coal,113.625
Latin America,2012,Crop Residues,1246.569153
Latin America,2012,Crops,1532.624297
Latin America,2012,Ferrous ores,466.187672
Latin America,2012,Grazed biomass and fodder crops,1619.49479
Latin America,2012,Natural Gas,154.368346
Latin America,2012,Non-ferrous ores,1674.089605
Latin America,2012,Non-metallic minerals - construction dominant,2413.411419
Latin America,2012,Non-metallic minerals - industrial or agricultural dominant,111.57637
Latin America,2012,Petroleum,529.878542
Latin America,2012,Wild catch and harvest,12.753932
Latin America,2012,Wood,315.733744
Latin America,2013,Coal,113.544
Latin America,2013,Crop Residues,1368.980045
Latin America,2013,Crops,1650.396706
Latin America,2013,Ferrous ores,382.235658
Latin America,2013,Grazed biomass and fodder crops,1623.469551
Latin America,2013,Natural Gas,154.62246199999998
Latin America,2013,Non-ferrous ores,1759.9464289999999
Latin America,2013,Non-metallic minerals - construction dominant,2426.119428
Latin America,2013,Non-metallic minerals - industrial or agricultural dominant,115.082766
Latin America,2013,Petroleum,531.582834
Latin America,2013,Wild catch and harvest,13.325515
Latin America,2013,Wood,315.10610099999997
Latin America,2014,Coal,117.549
Latin America,2014,Crop Residues,1377.133323
Latin America,2014,Crops,1645.653123
Latin America,2014,Ferrous ores,475.222353
Latin America,2014,Grazed biomass and fodder crops,1632.605945
Latin America,2014,Natural Gas,154.121253
Latin America,2014,Non-ferrous ores,1788.957333
Latin America,2014,Non-metallic minerals - construction dominant,2263.7235729999998
Latin America,2014,Non-metallic minerals - industrial or agricultural dominant,114.30497199999999
Latin America,2014,Petroleum,534.703456
Latin America,2014,Wild catch and harvest,11.377852
Latin America,2014,Wood,315.761002
Latin America,2015,Coal,108.484
Latin America,2015,Crop Residues,1424.25624
Latin America,2015,Crops,1688.039934
Latin America,2015,Ferrous ores,487.42462800000004
Latin America,2015,Grazed biomass and fodder crops,1638.54153
Latin America,2015,Natural Gas,150.315583
Latin America,2015,Non-ferrous ores,1866.999397
Latin America,2015,Non-metallic minerals - construction dominant,2184.258963
Latin America,2015,Non-metallic minerals - industrial or agricultural dominant,106.75765
Latin America,2015,Petroleum,525.303008
Latin America,2015,Wild catch and harvest,11.674978
Latin America,2015,Wood,310.554234
Latin America,2016,Coal,113.809
Latin America,2016,Crop Residues,1391.4045740000001
Latin America,2016,Crops,1682.038671
Latin America,2016,Ferrous ores,473.226177
Latin America,2016,Grazed biomass and fodder crops,1654.669506
Latin America,2016,Natural Gas,154.73997599999998
Latin America,2016,Non-ferrous ores,1985.889582
Latin America,2016,Non-metallic minerals - construction dominant,2117.4738700000003
Latin America,2016,Non-metallic minerals - industrial or agricultural dominant,108.534182
Latin America,2016,Petroleum,510.58477799999997
Latin America,2016,Wild catch and harvest,10.238552
Latin America,2016,Wood,323.577698
Latin America,2017,Coal,110.394874
Latin America,2017,Crop Residues,1509.765347
Latin America,2017,Crops,1723.9247579999999
Latin America,2017,Ferrous ores,501.145538
Latin America,2017,Grazed biomass and fodder crops,1656.889175
Latin America,2017,Natural Gas,150.352608
Latin America,2017,Non-ferrous ores,1982.041935
Latin America,2017,Non-metallic minerals - construction dominant,2120.903078
Latin America,2017,Non-metallic minerals - industrial or agricultural dominant,104.789111
Latin America,2017,Petroleum,482.163861
Latin America,2017,Wild catch and harvest,11.275799
Latin America,2017,Wood,329.851803
Latin America,2018,Coal,102.76019600000001
Latin America,2018,Crop Residues,1436.625084
Latin America,2018,Crops,1688.07448
Latin America,2018,Ferrous ores,498.78974999999997
Latin America,2018,Grazed biomass and fodder crops,1660.703684
Latin America,2018,Natural Gas,149.788002
Latin America,2018,Non-ferrous ores,2048.89752
Latin America,2018,Non-metallic minerals - construction dominant,2164.708448
Latin America,2018,Non-metallic minerals - industrial or agricultural dominant,108.585591
Latin America,2018,Petroleum,442.668073
Latin America,2018,Wild catch and harvest,14.396631000000001
Latin America,2018,Wood,337.555284
Latin America,2019,Coal,100.79328000000001
Latin America,2019,Crop Residues,1543.7603290000002
Latin America,2019,Crops,1749.931852
Latin America,2019,Ferrous ores,451.082177
Latin America,2019,Grazed biomass and fodder crops,1678.565753
Latin America,2019,Natural Gas,141.645762
Latin America,2019,Non-ferrous ores,2086.343136
Latin America,2019,Non-metallic minerals - construction dominant,2225.976396
Latin America,2019,Non-metallic minerals - industrial or agricultural dominant,105.559947
Latin America,2019,Petroleum,420.759122
Latin America,2019,Wild catch and harvest,12.176935
Latin America,2019,Wood,326.663899
Latin America,2020,Coal,65.436805
Latin America,2020,Crop Residues,1556.005459
Latin America,2020,Crops,1746.540364
Latin America,2020,Ferrous ores,441.833579
Latin America,2020,Grazed biomass and fodder crops,1696.705834
Latin America,2020,Natural Gas,129.237971
Latin America,2020,Non-ferrous ores,2021.110258
Latin America,2020,Non-metallic minerals - construction dominant,2169.997473
Latin America,2020,Non-metallic minerals - industrial or agricultural dominant,100.479493
Latin America,2020,Petroleum,419.854461
Latin America,2020,Wild catch and harvest,12.397003999999999
Latin America,2020,Wood,325.315623
Latin America,2021,Coal,69.389426
Latin America,2021,Crop Residues,1510.733376
Latin America,2021,Crops,1702.399673
Latin America,2021,Ferrous ores,459.981633
Latin America,2021,Grazed biomass and fodder crops,1723.568292
Latin America,2021,Natural Gas,138.153904
Latin America,2021,Non-ferrous ores,2064.366947
Latin America,2021,Non-metallic minerals - construction dominant,2341.111268
Latin America,2021,Non-metallic minerals - industrial or agricultural dominant,107.415136
Latin America,2021,Petroleum,430.95769
Latin America,2021,Wild catch and harvest,13.073325
Latin America,2021,Wood,325.525142
Latin America,2022,Coal,68.604692
Latin America,2022,Crop Residues,1527.1079809999999
Latin America,2022,Crops,1717.1330309999998
Latin America,2022,Ferrous ores,470.006184
Latin America,2022,Grazed biomass and fodder crops,1719.481164
Latin America,2022,Natural Gas,138.641517
Latin America,2022,Non-ferrous ores,2106.064936
Latin America,2022,Non-metallic minerals - construction dominant,2422.578759
Latin America,2022,Non-metallic minerals - industrial or agricultural dominant,110.579702
Latin America,2022,Petroleum,435.552668
Latin America,2022,Wild catch and harvest,13.378783
Latin America,2022,Wood,328.39153699999997
Latin America,2023,Coal,67.396537
Latin America,2023,Crop Residues,1541.593959
Latin America,2023,Crops,1729.220186
Latin America,2023,Ferrous ores,481.882267
Latin America,2023,Grazed biomass and fodder crops,1712.26261
Latin America,2023,Natural Gas,138.640573
Latin America,2023,Non-ferrous ores,2150.083074
Latin America,2023,Non-metallic minerals - construction dominant,2512.0238489999997
Latin America,2023,Non-metallic minerals - industrial or agricultural dominant,113.97552400000001
Latin America,2023,Petroleum,438.65545499999996
Latin America,2023,Wild catch and harvest,13.638236
Latin America,2023,Wood,330.897419
Latin America,2024,Coal,65.964439
Latin America,2024,Crop Residues,1554.437424
Latin America,2024,Crops,1739.000559
Latin America,2024,Ferrous ores,494.594371
Latin America,2024,Grazed biomass and fodder crops,1695.8975790000002
Latin America,2024,Natural Gas,137.96957
Latin America,2024,Non-ferrous ores,2196.731485
Latin America,2024,Non-metallic minerals - construction dominant,2584.701687
Latin America,2024,Non-metallic minerals - industrial or agricultural dominant,116.63947
Latin America,2024,Petroleum,440.592158
Latin America,2024,Wild catch and harvest,13.688641
Latin America,2024,Wood,331.31732700000003
Middle East & North Africa,1970,Coal,2.498
Middle East & North Africa,1970,Crop Residues,95.029613
Middle East & North Africa,1970,Crops,115.480973
Middle East & North Africa,1970,Ferrous ores,4.96
Middle East & North Africa,1970,Grazed biomass and fodder crops,150.98597
Middle East & North Africa,1970,Natural Gas,14.280660000000001
Middle East & North Africa,1970,Non-ferrous ores,3.553601
Middle East & North Africa,1970,Non-metallic minerals - construction dominant,186.081457
Middle East & North Africa,1970,Non-metallic minerals - industrial or agricultural dominant,22.51478
Middle East & North Africa,1970,Oil shale and tar sands,0
Middle East & North Africa,1970,Petroleum,924.334
Middle East & North Africa,1970,Wild catch and harvest,0.699346
Middle East & North Africa,1970,Wood,29.193372
Middle East & North Africa,1971,Coal,2.5549999999999997
Middle East & North Africa,1971,Crop Residues,95.167035
Middle East & North Africa,1971,Crops,117.958162
Middle East & North Africa,1971,Ferrous ores,5.179
Middle East & North Africa,1971,Grazed biomass and fodder crops,152.73925
Middle East & North Africa,1971,Natural Gas,17.355996
Middle East & North Africa,1971,Non-ferrous ores,3.592654
Middle East & North Africa,1971,Non-metallic minerals - construction dominant,206.480065
Middle East & North Africa,1971,Non-metallic minerals - industrial or agricultural dominant,22.831577
Middle East & North Africa,1971,Oil shale and tar sands,0
Middle East & North Africa,1971,Petroleum,1004.429
Middle East & North Africa,1971,Wild catch and harvest,0.712864
Middle East & North Africa,1971,Wood,29.70512
Middle East & North Africa,1972,Coal,2.787
Middle East & North Africa,1972,Crop Residues,100.115449
Middle East & North Africa,1972,Crops,121.481891
Middle East & North Africa,1972,Ferrous ores,5.222
Middle East & North Africa,1972,Grazed biomass and fodder crops,152.602618
Middle East & North Africa,1972,Natural Gas,22.870746
Middle East & North Africa,1972,Non-ferrous ores,3.930922
Middle East & North Africa,1972,Non-metallic minerals - construction dominant,249.049105
Middle East & North Africa,1972,Non-metallic minerals - industrial or agricultural dominant,26.307596
Middle East & North Africa,1972,Oil shale and tar sands,0
Middle East & North Africa,1972,Petroleum,1080.3229999999999
Middle East & North Africa,1972,Wild catch and harvest,0.805167
Middle East & North Africa,1972,Wood,29.787008
Middle East & North Africa,1973,Coal,2.944
Middle East & North Africa,1973,Crop Residues,93.761886
Middle East & North Africa,1973,Crops,115.42724
Middle East & North Africa,1973,Ferrous ores,5.825
Middle East & North Africa,1973,Grazed biomass and fodder crops,154.267016
Middle East & North Africa,1973,Natural Gas,26.305614
Middle East & North Africa,1973,Non-ferrous ores,3.804657
Middle East & North Africa,1973,Non-metallic minerals - construction dominant,267.568481
Middle East & North Africa,1973,Non-metallic minerals - industrial or agricultural dominant,28.890465000000003
Middle East & North Africa,1973,Oil shale and tar sands,0
Middle East & North Africa,1973,Petroleum,1229.725
Middle East & North Africa,1973,Wild catch and harvest,0.927293
Middle East & North Africa,1973,Wood,29.68267
Middle East & North Africa,1974,Coal,3.0229999999999997
Middle East & North Africa,1974,Crop Residues,101.26106300000001
Middle East & North Africa,1974,Crops,127.402751
Middle East & North Africa,1974,Ferrous ores,7.181
Middle East & North Africa,1974,Grazed biomass and fodder crops,157.270527
Middle East & North Africa,1974,Natural Gas,28.240074
Middle East & North Africa,1974,Non-ferrous ores,4.105643
Middle East & North Africa,1974,Non-metallic minerals - construction dominant,324.338747
Middle East & North Africa,1974,Non-metallic minerals - industrial or agricultural dominant,33.644773
Middle East & North Africa,1974,Oil shale and tar sands,0
Middle East & North Africa,1974,Petroleum,1226.184
Middle East & North Africa,1974,Wild catch and harvest,0.935269
Middle East & North Africa,1974,Wood,30.060465
Middle East & North Africa,1975,Coal,3.155
Middle East & North Africa,1975,Crop Residues,103.5983
Middle East & North Africa,1975,Crops,129.685933
Middle East & North Africa,1975,Ferrous ores,6.4670000000000005
Middle East & North Africa,1975,Grazed biomass and fodder crops,159.455905
Middle East & North Africa,1975,Natural Gas,31.087044
Middle East & North Africa,1975,Non-ferrous ores,4.012221
Middle East & North Africa,1975,Non-metallic minerals - construction dominant,367.771709
Middle East & North Africa,1975,Non-metallic minerals - industrial or agricultural dominant,27.395847
Middle East & North Africa,1975,Oil shale and tar sands,0
Middle East & North Africa,1975,Petroleum,1117.317
Middle East & North Africa,1975,Wild catch and harvest,0.9399919999999999
Middle East & North Africa,1975,Wood,30.3096
Middle East & North Africa,1976,Coal,2.77
Middle East & North Africa,1976,Crop Residues,113.02474
Middle East & North Africa,1976,Crops,141.089604
Middle East & North Africa,1976,Ferrous ores,5.986000000000001
Middle East & North Africa,1976,Grazed biomass and fodder crops,160.568265
Middle East & North Africa,1976,Natural Gas,33.30747
Middle East & North Africa,1976,Non-ferrous ores,3.062249
Middle East & North Africa,1976,Non-metallic minerals - construction dominant,440.762592
Middle East & North Africa,1976,Non-metallic minerals - industrial or agricultural dominant,47.243207
Middle East & North Africa,1976,Oil shale and tar sands,0
Middle East & North Africa,1976,Petroleum,1279.0240000000001
Middle East & North Africa,1976,Wild catch and harvest,0.991647
Middle East & North Africa,1976,Wood,30.499261
Middle East & North Africa,1977,Coal,2.9099999999999997
Middle East & North Africa,1977,Crop Residues,105.546664
Middle East & North Africa,1977,Crops,137.708198
Middle East & North Africa,1977,Ferrous ores,6.443
Middle East & North Africa,1977,Grazed biomass and fodder crops,162.982594
Middle East & North Africa,1977,Natural Gas,32.142942
Middle East & North Africa,1977,Non-ferrous ores,2.852912
Middle East & North Africa,1977,Non-metallic minerals - construction dominant,501.121787
Middle East & North Africa,1977,Non-metallic minerals - industrial or agricultural dominant,32.68171
Middle East & North Africa,1977,Oil shale and tar sands,0
Middle East & North Africa,1977,Petroleum,1303.247
Middle East & North Africa,1977,Wild catch and harvest,1.033777
Middle East & North Africa,1977,Wood,30.738527
Middle East & North Africa,1978,Coal,2.7159999999999997
Middle East & North Africa,1978,Crop Residues,111.126574
Middle East & North Africa,1978,Crops,144.079419
Middle East & North Africa,1978,Ferrous ores,6.108
Middle East & North Africa,1978,Grazed biomass and fodder crops,167.488098
Middle East & North Africa,1978,Natural Gas,42.385302
Middle East & North Africa,1978,Non-ferrous ores,2.8820479999999997
Middle East & North Africa,1978,Non-metallic minerals - construction dominant,650.553943
Middle East & North Africa,1978,Non-metallic minerals - industrial or agricultural dominant,36.054432
Middle East & North Africa,1978,Oil shale and tar sands,0
Middle East & North Africa,1978,Petroleum,1214.144
Middle East & North Africa,1978,Wild catch and harvest,1.032298
Middle East & North Africa,1978,Wood,31.246597
Middle East & North Africa,1979,Coal,2.9579999999999997
Middle East & North Africa,1979,Crop Residues,112.62076
Middle East & North Africa,1979,Crops,144.470729
Middle East & North Africa,1979,Ferrous ores,5.363429
Middle East & North Africa,1979,Grazed biomass and fodder crops,169.292138
Middle East & North Africa,1979,Natural Gas,46.228986
Middle East & North Africa,1979,Non-ferrous ores,2.381262
Middle East & North Africa,1979,Non-metallic minerals - construction dominant,677.67205
Middle East & North Africa,1979,Non-metallic minerals - industrial or agricultural dominant,38.618482
Middle East & North Africa,1979,Oil shale and tar sands,0
Middle East & North Africa,1979,Petroleum,1309.042
Middle East & North Africa,1979,Wild catch and harvest,1.068708
Middle East & North Africa,1979,Wood,31.624049
Middle East & North Africa,1980,Coal,3.177
Middle East & North Africa,1980,Crop Residues,120.359607
Middle East & North Africa,1980,Crops,152.755906
Middle East & North Africa,1980,Ferrous ores,6.297505
Middle East & North Africa,1980,Grazed biomass and fodder crops,169.713518
Middle East & North Africa,1980,Natural Gas,51.830712
Middle East & North Africa,1980,Non-ferrous ores,2.358768
Middle East & North Africa,1980,Non-metallic minerals - construction dominant,684.217597
Middle East & North Africa,1980,Non-metallic minerals - industrial or agricultural dominant,40.692413
Middle East & North Africa,1980,Oil shale and tar sands,0
Middle East & North Africa,1980,Petroleum,1121.15
Middle East & North Africa,1980,Wild catch and harvest,1.053207
Middle East & North Africa,1980,Wood,31.95243
Middle East & North Africa,1981,Coal,3.186
Middle East & North Africa,1981,Crop Residues,121.869734
Middle East & North Africa,1981,Crops,159.158578
Middle East & North Africa,1981,Ferrous ores,6.494064
Middle East & North Africa,1981,Grazed biomass and fodder crops,171.55593100000002
Middle East & North Africa,1981,Natural Gas,54.19737
Middle East & North Africa,1981,Non-ferrous ores,2.915226
Middle East & North Africa,1981,Non-metallic minerals - construction dominant,726.190547
Middle East & North Africa,1981,Non-metallic minerals - industrial or agricultural dominant,45.458283
Middle East & North Africa,1981,Oil shale and tar sands,0
Middle East & North Africa,1981,Petroleum,959.499
Middle East & North Africa,1981,Wild catch and harvest,1.07312
Middle East & North Africa,1981,Wood,32.604635
Middle East & North Africa,1982,Coal,3.516
Middle East & North Africa,1982,Crop Residues,130.292105
Middle East & North Africa,1982,Crops,172.220627
Middle East & North Africa,1982,Ferrous ores,7.349528
Middle East & North Africa,1982,Grazed biomass and fodder crops,169.898381
Middle East & North Africa,1982,Natural Gas,44.721828
Middle East & North Africa,1982,Non-ferrous ores,6.05733
Middle East & North Africa,1982,Non-metallic minerals - construction dominant,793.24488
Middle East & North Africa,1982,Non-metallic minerals - industrial or agricultural dominant,48.18041
Middle East & North Africa,1982,Oil shale and tar sands,0
Middle East & North Africa,1982,Petroleum,817.8870000000001
Middle East & North Africa,1982,Wild catch and harvest,1.146035
Middle East & North Africa,1982,Wood,33.034801
Middle East & North Africa,1983,Coal,3.3979999999999997
Middle East & North Africa,1983,Crop Residues,124.366958
Middle East & North Africa,1983,Crops,167.642426
Middle East & North Africa,1983,Ferrous ores,7.901067
Middle East & North Africa,1983,Grazed biomass and fodder crops,174.746844
Middle East & North Africa,1983,Natural Gas,49.636134
Middle East & North Africa,1983,Non-ferrous ores,7.8030349999999995
Middle East & North Africa,1983,Non-metallic minerals - construction dominant,913.50956
Middle East & North Africa,1983,Non-metallic minerals - industrial or agricultural dominant,57.196312
Middle East & North Africa,1983,Oil shale and tar sands,0
Middle East & North Africa,1983,Petroleum,751.767
Middle East & North Africa,1983,Wild catch and harvest,1.245535
Middle East & North Africa,1983,Wood,33.70378
Middle East & North Africa,1984,Coal,3.768
Middle East & North Africa,1984,Crop Residues,126.214786
Middle East & North Africa,1984,Crops,171.827205
Middle East & North Africa,1984,Ferrous ores,8.735564
Middle East & North Africa,1984,Grazed biomass and fodder crops,175.623369
Middle East & North Africa,1984,Natural Gas,75.072276
Middle East & North Africa,1984,Non-ferrous ores,8.007907
Middle East & North Africa,1984,Non-metallic minerals - construction dominant,940.872987
Middle East & North Africa,1984,Non-metallic minerals - industrial or agricultural dominant,54.755467
Middle East & North Africa,1984,Oil shale and tar sands,0
Middle East & North Africa,1984,Petroleum,714.925
Middle East & North Africa,1984,Wild catch and harvest,1.304888
Middle East & North Africa,1984,Wood,34.481535
Middle East & North Africa,1985,Coal,4.142
Middle East & North Africa,1985,Crop Residues,137.983336
Middle East & North Africa,1985,Crops,185.75063
Middle East & North Africa,1985,Ferrous ores,8.786083
Middle East & North Africa,1985,Grazed biomass and fodder crops,178.44497
Middle East & North Africa,1985,Natural Gas,82.482426
Middle East & North Africa,1985,Non-ferrous ores,8.181244
Middle East & North Africa,1985,Non-metallic minerals - construction dominant,909.767019
Middle East & North Africa,1985,Non-metallic minerals - industrial or agricultural dominant,53.996683000000004
Middle East & North Africa,1985,Oil shale and tar sands,0
Middle East & North Africa,1985,Petroleum,678.346
Middle East & North Africa,1985,Wild catch and harvest,1.406211
Middle East & North Africa,1985,Wood,35.221274
Middle East & North Africa,1986,Coal,4.0489999999999995
Middle East & North Africa,1986,Crop Residues,147.212012
Middle East & North Africa,1986,Crops,194.691663
Middle East & North Africa,1986,Ferrous ores,8.669893
Middle East & North Africa,1986,Grazed biomass and fodder crops,185.796271
Middle East & North Africa,1986,Natural Gas,92.359368
Middle East & North Africa,1986,Non-ferrous ores,8.660081
Middle East & North Africa,1986,Non-metallic minerals - construction dominant,820.366777
Middle East & North Africa,1986,Non-metallic minerals - industrial or agricultural dominant,56.633978
Middle East & North Africa,1986,Oil shale and tar sands,0
Middle East & North Africa,1986,Petroleum,784.336
Middle East & North Africa,1986,Wild catch and harvest,1.521461
Middle East & North Africa,1986,Wood,35.753002
Middle East & North Africa,1987,Coal,3.993
Middle East & North Africa,1987,Crop Residues,148.39441200000002
Middle East & North Africa,1987,Crops,204.502139
Middle East & North Africa,1987,Ferrous ores,7.633878
Middle East & North Africa,1987,Grazed biomass and fodder crops,189.931269
Middle East & North Africa,1987,Natural Gas,99.80649000000001
Middle East & North Africa,1987,Non-ferrous ores,8.012836
Middle East & North Africa,1987,Non-metallic minerals - construction dominant,865.098209
Middle East & North Africa,1987,Non-metallic minerals - industrial or agricultural dominant,56.42763
Middle East & North Africa,1987,Oil shale and tar sands,0
Middle East & North Africa,1987,Petroleum,798.556
Middle East & North Africa,1987,Wild catch and harvest,1.600793
Middle East & North Africa,1987,Wood,36.422249
Middle East & North Africa,1988,Coal,4.545
Middle East & North Africa,1988,Crop Residues,151.695943
Middle East & North Africa,1988,Crops,198.748808
Middle East & North Africa,1988,Ferrous ores,7.722872
Middle East & North Africa,1988,Grazed biomass and fodder crops,191.972848
Middle East & North Africa,1988,Natural Gas,109.36179
Middle East & North Africa,1988,Non-ferrous ores,9.099368
Middle East & North Africa,1988,Non-metallic minerals - construction dominant,855.184
Middle East & North Africa,1988,Non-metallic minerals - industrial or agricultural dominant,60.836489
Middle East & North Africa,1988,Oil shale and tar sands,0
Middle East & North Africa,1988,Petroleum,907.323
Middle East & North Africa,1988,Wild catch and harvest,1.764496
Middle East & North Africa,1988,Wood,34.413264
Middle East & North Africa,1989,Coal,3.905
Middle East & North Africa,1989,Crop Residues,153.608632
Middle East & North Africa,1989,Crops,203.149474
Middle East & North Africa,1989,Ferrous ores,8.071296
Middle East & North Africa,1989,Grazed biomass and fodder crops,199.701492
Middle East & North Africa,1989,Natural Gas,119.047482
Middle East & North Africa,1989,Non-ferrous ores,13.990365
Middle East & North Africa,1989,Non-metallic minerals - construction dominant,887.698192
Middle East & North Africa,1989,Non-metallic minerals - industrial or agricultural dominant,55.898846
Middle East & North Africa,1989,Oil shale and tar sands,0
Middle East & North Africa,1989,Petroleum,977.41
Middle East & North Africa,1989,Wild catch and harvest,1.713849
Middle East & North Africa,1989,Wood,35.614583
Middle East & North Africa,1990,Coal,4.107
Middle East & North Africa,1990,Crop Residues,164.855355
Middle East & North Africa,1990,Crops,216.926298
Middle East & North Africa,1990,Ferrous ores,8.403435
Middle East & North Africa,1990,Grazed biomass and fodder crops,195.37188899999998
Middle East & North Africa,1990,Natural Gas,132.240294
Middle East & North Africa,1990,Non-ferrous ores,14.605287
Middle East & North Africa,1990,Non-metallic minerals - construction dominant,912.812783
Middle East & North Africa,1990,Non-metallic minerals - industrial or agricultural dominant,101.184676
Middle East & North Africa,1990,Oil shale and tar sands,0.303
Middle East & North Africa,1990,Petroleum,1039.73
Middle East & North Africa,1990,Wild catch and harvest,1.695125
Middle East & North Africa,1990,Wood,36.695535
Middle East & North Africa,1991,Coal,4.463
Middle East & North Africa,1991,Crop Residues,179.76841
Middle East & North Africa,1991,Crops,225.512116
Middle East & North Africa,1991,Ferrous ores,8.757202
Middle East & North Africa,1991,Grazed biomass and fodder crops,194.307244
Middle East & North Africa,1991,Natural Gas,147.402558
Middle East & North Africa,1991,Non-ferrous ores,18.031819
Middle East & North Africa,1991,Non-metallic minerals - construction dominant,912.354308
Middle East & North Africa,1991,Non-metallic minerals - industrial or agricultural dominant,105.71111499999999
Middle East & North Africa,1991,Oil shale and tar sands,0.336
Middle East & North Africa,1991,Petroleum,1027.726
Middle East & North Africa,1991,Wild catch and harvest,1.772929
Middle East & North Africa,1991,Wood,37.774178
Middle East & North Africa,1992,Coal,4.493
Middle East & North Africa,1992,Crop Residues,182.95001200000002
Middle East & North Africa,1992,Crops,239.265049
Middle East & North Africa,1992,Ferrous ores,9.780087
Middle East & North Africa,1992,Grazed biomass and fodder crops,212.839168
Middle East & North Africa,1992,Natural Gas,157.879368
Middle East & North Africa,1992,Non-ferrous ores,23.844993
Middle East & North Africa,1992,Non-metallic minerals - construction dominant,1017.145798
Middle East & North Africa,1992,Non-metallic minerals - industrial or agricultural dominant,108.200774
Middle East & North Africa,1992,Oil shale and tar sands,0.355
Middle East & North Africa,1992,Petroleum,1108.876
Middle East & North Africa,1992,Wild catch and harvest,1.902416
Middle East & North Africa,1992,Wood,38.281936
Middle East & North Africa,1993,Coal,5.422
Middle East & North Africa,1993,Crop Residues,185.020525
Middle East & North Africa,1993,Crops,240.99443
Middle East & North Africa,1993,Ferrous ores,13.917691000000001
Middle East & North Africa,1993,Grazed biomass and fodder crops,211.593584
Middle East & North Africa,1993,Natural Gas,170.735994
Middle East & North Africa,1993,Non-ferrous ores,22.353794999999998
Middle East & North Africa,1993,Non-metallic minerals - construction dominant,1091.953895
Middle East & North Africa,1993,Non-metallic minerals - industrial or agricultural dominant,93.187361
Middle East & North Africa,1993,Oil shale and tar sands,0.399
Middle East & North Africa,1993,Petroleum,1158.794
Middle East & North Africa,1993,Wild catch and harvest,2.027729
Middle East & North Africa,1993,Wood,38.673499
Middle East & North Africa,1994,Coal,4.989
Middle East & North Africa,1994,Crop Residues,192.364662
Middle East & North Africa,1994,Crops,253.579091
Middle East & North Africa,1994,Ferrous ores,11.388376
Middle East & North Africa,1994,Grazed biomass and fodder crops,212.115304
Middle East & North Africa,1994,Natural Gas,179.406684
Middle East & North Africa,1994,Non-ferrous ores,25.063867
Middle East & North Africa,1994,Non-metallic minerals - construction dominant,1111.097891
Middle East & North Africa,1994,Non-metallic minerals - industrial or agricultural dominant,57.001252
Middle East & North Africa,1994,Oil shale and tar sands,0.381
Middle East & North Africa,1994,Petroleum,1162.343
Middle East & North Africa,1994,Wild catch and harvest,2.06955
Middle East & North Africa,1994,Wood,39.403793
Middle East & North Africa,1995,Coal,5.405
Middle East & North Africa,1995,Crop Residues,193.219892
Middle East & North Africa,1995,Crops,259.008591
Middle East & North Africa,1995,Ferrous ores,11.958582
Middle East & North Africa,1995,Grazed biomass and fodder crops,214.378621
Middle East & North Africa,1995,Natural Gas,178.734024
Middle East & North Africa,1995,Non-ferrous ores,28.649211
Middle East & North Africa,1995,Non-metallic minerals - construction dominant,1147.770835
Middle East & North Africa,1995,Non-metallic minerals - industrial or agricultural dominant,60.08228
Middle East & North Africa,1995,Oil shale and tar sands,0.47
Middle East & North Africa,1995,Petroleum,1150.827
Middle East & North Africa,1995,Wild catch and harvest,2.130755
Middle East & North Africa,1995,Wood,39.507485
Middle East & North Africa,1996,Coal,5.095
Middle East & North Africa,1996,Crop Residues,211.903067
Middle East & North Africa,1996,Crops,278.066779
Middle East & North Africa,1996,Ferrous ores,12.894791
Middle East & North Africa,1996,Grazed biomass and fodder crops,216.34833
Middle East & North Africa,1996,Natural Gas,188.839994
Middle East & North Africa,1996,Non-ferrous ores,28.815973
Middle East & North Africa,1996,Non-metallic minerals - construction dominant,1216.856446
Middle East & North Africa,1996,Non-metallic minerals - industrial or agricultural dominant,64.088228
Middle East & North Africa,1996,Oil shale and tar sands,0.421
Middle East & North Africa,1996,Petroleum,1159.204
Middle East & North Africa,1996,Wild catch and harvest,2.014662
Middle East & North Africa,1996,Wood,42.986667
Middle East & North Africa,1997,Coal,4.516
Middle East & North Africa,1997,Crop Residues,192.236101
Middle East & North Africa,1997,Crops,260.635443
Middle East & North Africa,1997,Ferrous ores,11.249299
Middle East & North Africa,1997,Grazed biomass and fodder crops,221.407007
Middle East & North Africa,1997,Natural Gas,203.872443
Middle East & North Africa,1997,Non-ferrous ores,26.034436
Middle East & North Africa,1997,Non-metallic minerals - construction dominant,1210.796915
Middle East & North Africa,1997,Non-metallic minerals - industrial or agricultural dominant,67.151602
Middle East & North Africa,1997,Oil shale and tar sands,0.472
Middle East & North Africa,1997,Petroleum,1205.461
Middle East & North Africa,1997,Wild catch and harvest,2.202005
Middle East & North Africa,1997,Wood,44.341234
Middle East & North Africa,1998,Coal,4.975
Middle East & North Africa,1998,Crop Residues,219.384508
Middle East & North Africa,1998,Crops,292.819631
Middle East & North Africa,1998,Ferrous ores,13.554478999999999
Middle East & North Africa,1998,Grazed biomass and fodder crops,225.122646
Middle East & North Africa,1998,Natural Gas,210.687447
Middle East & North Africa,1998,Non-ferrous ores,28.836630999999997
Middle East & North Africa,1998,Non-metallic minerals - construction dominant,1275.49457
Middle East & North Africa,1998,Non-metallic minerals - industrial or agricultural dominant,72.508704
Middle East & North Africa,1998,Oil shale and tar sands,0.471
Middle East & North Africa,1998,Petroleum,1275.747
Middle East & North Africa,1998,Wild catch and harvest,2.174241
Middle East & North Africa,1998,Wood,45.676119
Middle East & North Africa,1999,Coal,4.391001
Middle East & North Africa,1999,Crop Residues,210.955486
Middle East & North Africa,1999,Crops,291.952006
Middle East & North Africa,1999,Ferrous ores,16.274143
Middle East & North Africa,1999,Grazed biomass and fodder crops,228.888273
Middle East & North Africa,1999,Natural Gas,227.674868
Middle East & North Africa,1999,Non-ferrous ores,33.325808
Middle East & North Africa,1999,Non-metallic minerals - construction dominant,1312.993047
Middle East & North Africa,1999,Non-metallic minerals - industrial or agricultural dominant,76.767436
Middle East & North Africa,1999,Oil shale and tar sands,0.495
Middle East & North Africa,1999,Petroleum,1281.998674
Middle East & North Africa,1999,Wild catch and harvest,2.282098
Middle East & North Africa,1999,Wood,46.34781
Middle East & North Africa,2000,Coal,4.338000999999999
Middle East & North Africa,2000,Crop Residues,202.507237
Middle East & North Africa,2000,Crops,279.444429
Middle East & North Africa,2000,Ferrous ores,17.102002
Middle East & North Africa,2000,Grazed biomass and fodder crops,233.951045
Middle East & North Africa,2000,Natural Gas,242.943898
Middle East & North Africa,2000,Non-ferrous ores,38.143931
Middle East & North Africa,2000,Non-metallic minerals - construction dominant,1357.060754
Middle East & North Africa,2000,Non-metallic minerals - industrial or agricultural dominant,71.72829
Middle East & North Africa,2000,Oil shale and tar sands,0.39
Middle East & North Africa,2000,Petroleum,1324.991954
Middle East & North Africa,2000,Wild catch and harvest,2.339728
Middle East & North Africa,2000,Wood,46.595884000000005
Middle East & North Africa,2001,Coal,4.495334
Middle East & North Africa,2001,Crop Residues,205.809891
Middle East & North Africa,2001,Crops,280.771321
Middle East & North Africa,2001,Ferrous ores,19.034912
Middle East & North Africa,2001,Grazed biomass and fodder crops,236.420572
Middle East & North Africa,2001,Natural Gas,243.389594
Middle East & North Africa,2001,Non-ferrous ores,38.418341
Middle East & North Africa,2001,Non-metallic minerals - construction dominant,1441.9666889999999
Middle East & North Africa,2001,Non-metallic minerals - industrial or agricultural dominant,74.953802
Middle East & North Africa,2001,Oil shale and tar sands,0.415
Middle East & North Africa,2001,Petroleum,1302.957093
Middle East & North Africa,2001,Wild catch and harvest,2.424662
Middle East & North Africa,2001,Wood,47.863806000000004
Middle East & North Africa,2002,Coal,4.392666999999999
Middle East & North Africa,2002,Crop Residues,226.57771
Middle East & North Africa,2002,Crops,305.807243
Middle East & North Africa,2002,Ferrous ores,21.681766
Middle East & North Africa,2002,Grazed biomass and fodder crops,238.548381
Middle East & North Africa,2002,Natural Gas,268.524637
Middle East & North Africa,2002,Non-ferrous ores,40.040918
Middle East & North Africa,2002,Non-metallic minerals - construction dominant,1632.045111
Middle East & North Africa,2002,Non-metallic minerals - industrial or agricultural dominant,81.391117
Middle East & North Africa,2002,Oil shale and tar sands,0.458
Middle East & North Africa,2002,Petroleum,1251.440321
Middle East & North Africa,2002,Wild catch and harvest,2.305897
Middle East & North Africa,2002,Wood,47.823642
Middle East & North Africa,2003,Coal,4.463834
Middle East & North Africa,2003,Crop Residues,245.924617
Middle East & North Africa,2003,Crops,326.493801
Middle East & North Africa,2003,Ferrous ores,23.550956
Middle East & North Africa,2003,Grazed biomass and fodder crops,243.599212
Middle East & North Africa,2003,Natural Gas,287.462246
Middle East & North Africa,2003,Non-ferrous ores,43.482557
Middle East & North Africa,2003,Non-metallic minerals - construction dominant,1702.835144
Middle East & North Africa,2003,Non-metallic minerals - industrial or agricultural dominant,83.308311
Middle East & North Africa,2003,Oil shale and tar sands,0.437
Middle East & North Africa,2003,Petroleum,1356.814764
Middle East & North Africa,2003,Wild catch and harvest,2.276655
Middle East & North Africa,2003,Wood,48.116023
Middle East & North Africa,2004,Coal,5.876001
Middle East & North Africa,2004,Crop Residues,258.265695
Middle East & North Africa,2004,Crops,337.46148
Middle East & North Africa,2004,Ferrous ores,23.543186
Middle East & North Africa,2004,Grazed biomass and fodder crops,248.874531
Middle East & North Africa,2004,Natural Gas,317.161749
Middle East & North Africa,2004,Non-ferrous ores,47.045803
Middle East & North Africa,2004,Non-metallic minerals - construction dominant,1790.235837
Middle East & North Africa,2004,Non-metallic minerals - industrial or agricultural dominant,87.377757
Middle East & North Africa,2004,Oil shale and tar sands,0.439
Middle East & North Africa,2004,Petroleum,1416.684856
Middle East & North Africa,2004,Wild catch and harvest,2.2596030000000003
Middle East & North Africa,2004,Wood,44.645181
Middle East & North Africa,2005,Coal,6.4776560000000005
Middle East & North Africa,2005,Crop Residues,255.772934
Middle East & North Africa,2005,Crops,339.989831
Middle East & North Africa,2005,Ferrous ores,31.022275
Middle East & North Africa,2005,Grazed biomass and fodder crops,254.84561
Middle East & North Africa,2005,Natural Gas,361.186219
Middle East & North Africa,2005,Non-ferrous ores,48.76553
Middle East & North Africa,2005,Non-metallic minerals - construction dominant,1916.52486
Middle East & North Africa,2005,Non-metallic minerals - industrial or agricultural dominant,88.47421800000001
Middle East & North Africa,2005,Oil shale and tar sands,0.429
Middle East & North Africa,2005,Petroleum,1453.87749
Middle East & North Africa,2005,Wild catch and harvest,2.275864
Middle East & North Africa,2005,Wood,45.242505
Middle East & North Africa,2006,Coal,5.337851
Middle East & North Africa,2006,Crop Residues,260.113704
Middle East & North Africa,2006,Crops,344.925055
Middle East & North Africa,2006,Ferrous ores,37.47412
Middle East & North Africa,2006,Grazed biomass and fodder crops,264.687864
Middle East & North Africa,2006,Natural Gas,385.735352
Middle East & North Africa,2006,Non-ferrous ores,54.985447
Middle East & North Africa,2006,Non-metallic minerals - construction dominant,2114.718217
Middle East & North Africa,2006,Non-metallic minerals - industrial or agricultural dominant,87.62984
Middle East & North Africa,2006,Oil shale and tar sands,0.452
Middle East & North Africa,2006,Petroleum,1466.1887629999999
Middle East & North Africa,2006,Wild catch and harvest,2.365662
Middle East & North Africa,2006,Wood,45.470665000000004
Middle East & North Africa,2007,Coal,5.831046
Middle East & North Africa,2007,Crop Residues,261.354034
Middle East & North Africa,2007,Crops,354.446256
Middle East & North Africa,2007,Ferrous ores,37.454246999999995
Middle East & North Africa,2007,Grazed biomass and fodder crops,270.881365
Middle East & North Africa,2007,Natural Gas,399.451285
Middle East & North Africa,2007,Non-ferrous ores,59.939211
Middle East & North Africa,2007,Non-metallic minerals - construction dominant,2272.050464
Middle East & North Africa,2007,Non-metallic minerals - industrial or agricultural dominant,93.393702
Middle East & North Africa,2007,Oil shale and tar sands,0.429
Middle East & North Africa,2007,Petroleum,1452.0857800000001
Middle East & North Africa,2007,Wild catch and harvest,2.305531
Middle East & North Africa,2007,Wood,47.910167
Middle East & North Africa,2008,Coal,5.366242
Middle East & North Africa,2008,Crop Residues,244.971144
Middle East & North Africa,2008,Crops,341.157815
Middle East & North Africa,2008,Ferrous ores,35.349606
Middle East & North Africa,2008,Grazed biomass and fodder crops,269.855332
Middle East & North Africa,2008,Natural Gas,428.8596
Middle East & North Africa,2008,Non-ferrous ores,64.384529
Middle East & North Africa,2008,Non-metallic minerals - construction dominant,2482.33841
Middle East & North Africa,2008,Non-metallic minerals - industrial or agricultural dominant,92.25703
Middle East & North Africa,2008,Oil shale and tar sands,0.427
Middle East & North Africa,2008,Petroleum,1506.809757
Middle East & North Africa,2008,Wild catch and harvest,2.353366
Middle East & North Africa,2008,Wood,49.059392
Middle East & North Africa,2009,Coal,4.818713
Middle East & North Africa,2009,Crop Residues,261.469992
Middle East & North Africa,2009,Crops,351.821066
Middle East & North Africa,2009,Ferrous ores,36.892736
Middle East & North Africa,2009,Grazed biomass and fodder crops,273.158212
Middle East & North Africa,2009,Natural Gas,439.251991
Middle East & North Africa,2009,Non-ferrous ores,65.529595
Middle East & North Africa,2009,Non-metallic minerals - construction dominant,2571.371995
Middle East & North Africa,2009,Non-metallic minerals - industrial or agricultural dominant,83.379678
Middle East & North Africa,2009,Oil shale and tar sands,0.444
Middle East & North Africa,2009,Petroleum,1415.653711
Middle East & North Africa,2009,Wild catch and harvest,2.456326
Middle East & North Africa,2009,Wood,49.229349
Middle East & North Africa,2010,Coal,4.684001
Middle East & North Africa,2010,Crop Residues,253.051301
Middle East & North Africa,2010,Crops,352.093917
Middle East & North Africa,2010,Ferrous ores,41.750303
Middle East & North Africa,2010,Grazed biomass and fodder crops,274.263687
Middle East & North Africa,2010,Natural Gas,476.280494
Middle East & North Africa,2010,Non-ferrous ores,74.99293
Middle East & North Africa,2010,Non-metallic minerals - construction dominant,2562.363281
Middle East & North Africa,2010,Non-metallic minerals - industrial or agricultural dominant,97.535521
Middle East & North Africa,2010,Oil shale and tar sands,0.432
Middle East & North Africa,2010,Petroleum,1451.257541
Middle East & North Africa,2010,Wild catch and harvest,2.4278399999999998
Middle East & North Africa,2010,Wood,49.43101
Middle East & North Africa,2011,Coal,4.954216
Middle East & North Africa,2011,Crop Residues,271.78657300000003
Middle East & North Africa,2011,Crops,373.258117
Middle East & North Africa,2011,Ferrous ores,45.51922
Middle East & North Africa,2011,Grazed biomass and fodder crops,284.016634
Middle East & North Africa,2011,Natural Gas,500.825767
Middle East & North Africa,2011,Non-ferrous ores,78.730943
Middle East & North Africa,2011,Non-metallic minerals - construction dominant,2595.843361
Middle East & North Africa,2011,Non-metallic minerals - industrial or agricultural dominant,95.49471
Middle East & North Africa,2011,Oil shale and tar sands,0.416
Middle East & North Africa,2011,Petroleum,1490.716702
Middle East & North Africa,2011,Wild catch and harvest,2.391484
Middle East & North Africa,2011,Wood,49.696297
Middle East & North Africa,2012,Coal,4.4959999999999996
Middle East & North Africa,2012,Crop Residues,269.622882
Middle East & North Africa,2012,Crops,373.579345
Middle East & North Africa,2012,Ferrous ores,47.922393
Middle East & North Africa,2012,Grazed biomass and fodder crops,290.12713
Middle East & North Africa,2012,Natural Gas,520.21884
Middle East & North Africa,2012,Non-ferrous ores,81.827365
Middle East & North Africa,2012,Non-metallic minerals - construction dominant,2699.2488550000003
Middle East & North Africa,2012,Non-metallic minerals - industrial or agricultural dominant,97.292811
Middle East & North Africa,2012,Oil shale and tar sands,0.423
Middle East & North Africa,2012,Petroleum,1540.646148
Middle East & North Africa,2012,Wild catch and harvest,2.619945
Middle East & North Africa,2012,Wood,50.393965
Middle East & North Africa,2013,Coal,4.950167
Middle East & North Africa,2013,Crop Residues,289.652048
Middle East & North Africa,2013,Crops,395.811596
Middle East & North Africa,2013,Ferrous ores,53.079417
Middle East & North Africa,2013,Grazed biomass and fodder crops,294.415989
Middle East & North Africa,2013,Natural Gas,521.136615
Middle East & North Africa,2013,Non-ferrous ores,85.408552
Middle East & North Africa,2013,Non-metallic minerals - construction dominant,2565.69985
Middle East & North Africa,2013,Non-metallic minerals - industrial or agricultural dominant,90.61247
Middle East & North Africa,2013,Oil shale and tar sands,0.421
Middle East & North Africa,2013,Petroleum,1509.431368
Middle East & North Africa,2013,Wild catch and harvest,2.698802
Middle East & North Africa,2013,Wood,50.647517
Middle East & North Africa,2014,Coal,5.085
Middle East & North Africa,2014,Crop Residues,283.984052
Middle East & North Africa,2014,Crops,391.922346
Middle East & North Africa,2014,Ferrous ores,58.177949
Middle East & North Africa,2014,Grazed biomass and fodder crops,291.511535
Middle East & North Africa,2014,Natural Gas,558.837519
Middle East & North Africa,2014,Non-ferrous ores,86.12503
Middle East & North Africa,2014,Non-metallic minerals - construction dominant,2545.262039
Middle East & North Africa,2014,Non-metallic minerals - industrial or agricultural dominant,89.025157
Middle East & North Africa,2014,Oil shale and tar sands,0.396
Middle East & North Africa,2014,Petroleum,1480.590195
Middle East & North Africa,2014,Wild catch and harvest,2.770983
Middle East & North Africa,2014,Wood,50.644712
Middle East & North Africa,2015,Coal,5.653
Middle East & North Africa,2015,Crop Residues,290.597786
Middle East & North Africa,2015,Crops,401.440902
Middle East & North Africa,2015,Ferrous ores,61.534898
Middle East & North Africa,2015,Grazed biomass and fodder crops,295.169672
Middle East & North Africa,2015,Natural Gas,573.481869
Middle East & North Africa,2015,Non-ferrous ores,94.134957
Middle East & North Africa,2015,Non-metallic minerals - construction dominant,2550.265729
Middle East & North Africa,2015,Non-metallic minerals - industrial or agricultural dominant,84.160506
Middle East & North Africa,2015,Oil shale and tar sands,0.42
Middle East & North Africa,2015,Petroleum,1529.061955
Middle East & North Africa,2015,Wild catch and harvest,2.834968
Middle East & North Africa,2015,Wood,50.613800999999995
Middle East & North Africa,2016,Coal,5.796542
Middle East & North Africa,2016,Crop Residues,294.081006
Middle East & North Africa,2016,Crops,402.867946
Middle East & North Africa,2016,Ferrous ores,68.641735
Middle East & North Africa,2016,Grazed biomass and fodder crops,300.06570600000003
Middle East & North Africa,2016,Natural Gas,601.32014
Middle East & North Africa,2016,Non-ferrous ores,118.9144
Middle East & North Africa,2016,Non-metallic minerals - construction dominant,2677.433252
Middle East & North Africa,2016,Non-metallic minerals - industrial or agricultural dominant,91.876035
Middle East & North Africa,2016,Oil shale and tar sands,0.423
Middle East & North Africa,2016,Petroleum,1660.442144
Middle East & North Africa,2016,Wild catch and harvest,2.961864
Middle East & North Africa,2016,Wood,50.568069
Middle East & North Africa,2017,Coal,6.143229000000001
Middle East & North Africa,2017,Crop Residues,304.10088
Middle East & North Africa,2017,Crops,413.808015
Middle East & North Africa,2017,Ferrous ores,78.989612
Middle East & North Africa,2017,Grazed biomass and fodder crops,298.520391
Middle East & North Africa,2017,Natural Gas,617.249917
Middle East & North Africa,2017,Non-ferrous ores,125.942201
Middle East & North Africa,2017,Non-metallic minerals - construction dominant,2824.26757
Middle East & North Africa,2017,Non-metallic minerals - industrial or agricultural dominant,98.756152
Middle East & North Africa,2017,Oil shale and tar sands,0.449107
Middle East & North Africa,2017,Petroleum,1652.2391519999999
Middle East & North Africa,2017,Wild catch and harvest,3.181497
Middle East & North Africa,2017,Wood,50.533465
Middle East & North Africa,2018,Coal,7.6951909999999994
Middle East & North Africa,2018,Crop Residues,283.077365
Middle East & North Africa,2018,Crops,391.037948
Middle East & North Africa,2018,Ferrous ores,96.675375
Middle East & North Africa,2018,Grazed biomass and fodder crops,302.737292
Middle East & North Africa,2018,Natural Gas,627.749368
Middle East & North Africa,2018,Non-ferrous ores,125.087503
Middle East & North Africa,2018,Non-metallic minerals - construction dominant,2878.311928
Middle East & North Africa,2018,Non-metallic minerals - industrial or agricultural dominant,106.527096
Middle East & North Africa,2018,Oil shale and tar sands,0.41458
Middle East & North Africa,2018,Petroleum,1660.581027
Middle East & North Africa,2018,Wild catch and harvest,3.435904
Middle East & North Africa,2018,Wood,50.565205
Middle East & North Africa,2019,Coal,10.270091
Middle East & North Africa,2019,Crop Residues,308.673425
Middle East & North Africa,2019,Crops,411.65497
Middle East & North Africa,2019,Ferrous ores,95.10696100000001
Middle East & North Africa,2019,Grazed biomass and fodder crops,296.516269
Middle East & North Africa,2019,Natural Gas,653.978065
Middle East & North Africa,2019,Non-ferrous ores,136.339283
Middle East & North Africa,2019,Non-metallic minerals - construction dominant,2946.530949
Middle East & North Africa,2019,Non-metallic minerals - industrial or agricultural dominant,109.508213
Middle East & North Africa,2019,Oil shale and tar sands,0.402781
Middle East & North Africa,2019,Petroleum,1585.41973
Middle East & North Africa,2019,Wild catch and harvest,3.660696
Middle East & North Africa,2019,Wood,50.632425999999995
Middle East & North Africa,2020,Coal,10.340623
Middle East & North Africa,2020,Crop Residues,308.848539
Middle East & North Africa,2020,Crops,421.302753
Middle East & North Africa,2020,Ferrous ores,95.062157
Middle East & North Africa,2020,Grazed biomass and fodder crops,305.157031
Middle East & North Africa,2020,Natural Gas,631.935797
Middle East & North Africa,2020,Non-ferrous ores,141.750912
Middle East & North Africa,2020,Non-metallic minerals - construction dominant,2925.172435
Middle East & North Africa,2020,Non-metallic minerals - industrial or agricultural dominant,101.735443
Middle East & North Africa,2020,Oil shale and tar sands,0.39299
Middle East & North Africa,2020,Petroleum,1494.455614
Middle East & North Africa,2020,Wild catch and harvest,3.731283
Middle East & North Africa,2020,Wood,50.552619
Middle East & North Africa,2021,Coal,10.089976
Middle East & North Africa,2021,Crop Residues,319.135172
Middle East & North Africa,2021,Crops,431.207872
Middle East & North Africa,2021,Ferrous ores,99.45242900000001
Middle East & North Africa,2021,Grazed biomass and fodder crops,310.44076
Middle East & North Africa,2021,Natural Gas,640.868439
Middle East & North Africa,2021,Non-ferrous ores,148.497366
Middle East & North Africa,2021,Non-metallic minerals - construction dominant,3097.728398
Middle East & North Africa,2021,Non-metallic minerals - industrial or agricultural dominant,106.974596
Middle East & North Africa,2021,Oil shale and tar sands,0.405378
Middle East & North Africa,2021,Petroleum,1527.851163
Middle East & North Africa,2021,Wild catch and harvest,3.820194
Middle East & North Africa,2021,Wood,50.644588999999996
Middle East & North Africa,2022,Coal,10.439845
Middle East & North Africa,2022,Crop Residues,322.227441
Middle East & North Africa,2022,Crops,437.279844
Middle East & North Africa,2022,Ferrous ores,102.334641
Middle East & North Africa,2022,Grazed biomass and fodder crops,311.411296
Middle East & North Africa,2022,Natural Gas,649.972518
Middle East & North Africa,2022,Non-ferrous ores,150.374913
Middle East & North Africa,2022,Non-metallic minerals - construction dominant,3330.9730919999997
Middle East & North Africa,2022,Non-metallic minerals - industrial or agricultural dominant,112.744586
Middle East & North Africa,2022,Oil shale and tar sands,0.411477
Middle East & North Africa,2022,Petroleum,1552.7229750000001
Middle East & North Africa,2022,Wild catch and harvest,3.931307
Middle East & North Africa,2022,Wood,50.411148
Middle East & North Africa,2023,Coal,10.413214
Middle East & North Africa,2023,Crop Residues,320.790923
Middle East & North Africa,2023,Crops,433.950451
Middle East & North Africa,2023,Ferrous ores,105.15742499999999
Middle East & North Africa,2023,Grazed biomass and fodder crops,303.60247
Middle East & North Africa,2023,Natural Gas,651.569055
Middle East & North Africa,2023,Non-ferrous ores,151.499834
Middle East & North Africa,2023,Non-metallic minerals - construction dominant,3466.777677
Middle East & North Africa,2023,Non-metallic minerals - industrial or agricultural dominant,115.667474
Middle East & North Africa,2023,Oil shale and tar sands,0.415289
Middle East & North Africa,2023,Petroleum,1571.715962
Middle East & North Africa,2023,Wild catch and harvest,3.977919
Middle East & North Africa,2023,Wood,48.617567
Middle East & North Africa,2024,Coal,10.477139
Middle East & North Africa,2024,Crop Residues,320.238902
Middle East & North Africa,2024,Crops,433.11731100000003
Middle East & North Africa,2024,Ferrous ores,108.124579
Middle East & North Africa,2024,Grazed biomass and fodder crops,298.015048
Middle East & North Africa,2024,Natural Gas,654.612795
Middle East & North Africa,2024,Non-ferrous ores,155.915033
Middle East & North Africa,2024,Non-metallic minerals - construction dominant,3635.322429
Middle East & North Africa,2024,Non-metallic minerals - industrial or agricultural dominant,120.491136
Middle East & North Africa,2024,Oil shale and tar sands,0.417766
Middle East & North Africa,2024,Petroleum,1589.932684
Middle East & North Africa,2024,Wild catch and harvest,4.040876
Middle East & North Africa,2024,Wood,48.042054
North America,1970,Coal,571.677
North America,1970,Crop Residues,235.206504
North America,1970,Crops,366.699787
North America,1970,Ferrous ores,138.99200000000002
North America,1970,Grazed biomass and fodder crops,764.3061419999999
North America,1970,Natural Gas,418.69360800000004
North America,1970,Non-ferrous ores,547.785839
North America,1970,Non-metallic minerals - construction dominant,2668.326221
North America,1970,Non-metallic minerals - industrial or agricultural dominant,207.262446
North America,1970,Oil shale and tar sands,23.827375
North America,1970,Petroleum,598.4159999999999
North America,1970,Wild catch and harvest,3.399836
North America,1970,Wood,261.958685
North America,1971,Coal,526.484
North America,1971,Crop Residues,287.725147
North America,1971,Crops,432.60439
North America,1971,Ferrous ores,125.255
North America,1971,Grazed biomass and fodder crops,780.4634
North America,1971,Natural Gas,432.936288
North America,1971,Non-ferrous ores,505.947138
North America,1971,Non-metallic minerals - construction dominant,2809.611634
North America,1971,Non-metallic minerals - industrial or agricultural dominant,205.11192499999999
North America,1971,Oil shale and tar sands,30.64567
North America,1971,Petroleum,595.109
North America,1971,Wild catch and harvest,3.424999
North America,1971,Wood,264.191848
North America,1972,Coal,566.307
North America,1972,Crop Residues,282.49566699999997
North America,1972,Crops,425.28608099999997
North America,1972,Ferrous ores,115.379
North America,1972,Grazed biomass and fodder crops,800.968915
North America,1972,Natural Gas,439.477812
North America,1972,Non-ferrous ores,536.228951
North America,1972,Non-metallic minerals - construction dominant,2901.8043220000004
North America,1972,Non-metallic minerals - industrial or agricultural dominant,219.028403
North America,1972,Oil shale and tar sands,37.112053
North America,1972,Petroleum,607.9369999999999
North America,1972,Wild catch and harvest,3.105459
North America,1972,Wood,265.556059
North America,1973,Coal,564.431
North America,1973,Crop Residues,295.85992799999997
North America,1973,Crops,441.39548
North America,1973,Ferrous ores,136.57399999999998
North America,1973,Grazed biomass and fodder crops,825.286152
North America,1973,Natural Gas,444.094974
North America,1973,Non-ferrous ores,557.121232
North America,1973,Non-metallic minerals - construction dominant,3143.1422820000003
North America,1973,Non-metallic minerals - industrial or agricultural dominant,231.437476
North America,1973,Oil shale and tar sands,36.378903
North America,1973,Petroleum,608.279
North America,1973,Wild catch and harvest,3.083805
North America,1973,Wood,279.066
North America,1974,Coal,575.581
North America,1974,Crop Residues,253.854569
North America,1974,Crops,393.49219899999997
North America,1974,Ferrous ores,132.494
North America,1974,Grazed biomass and fodder crops,865.16064
North America,1974,Natural Gas,418.89009599999997
North America,1974,Non-ferrous ores,536.389134
North America,1974,Non-metallic minerals - construction dominant,3130.570463
North America,1974,Non-metallic minerals - industrial or agricultural dominant,253.923793
North America,1974,Oil shale and tar sands,33.28501
North America,1974,Petroleum,579.376
North America,1974,Wild catch and harvest,3.0793269999999997
North America,1974,Wood,276.554805
North America,1975,Coal,620.28
North America,1975,Crop Residues,304.957773
North America,1975,Crops,464.472864
North America,1975,Ferrous ores,125.025
North America,1975,Grazed biomass and fodder crops,893.86096
North America,1975,Natural Gas,397.812546
North America,1975,Non-ferrous ores,490.62110999999993
North America,1975,Non-metallic minerals - construction dominant,2703.251487
North America,1975,Non-metallic minerals - industrial or agricultural dominant,244.857277
North America,1975,Oil shale and tar sands,31.08556
North America,1975,Petroleum,545.201
North America,1975,Wild catch and harvest,3.0371040000000002
North America,1975,Wood,244.773245
North America,1976,Coal,647.943183
North America,1976,Crop Residues,312.283142
North America,1976,Crops,473.978569
North America,1976,Ferrous ores,136.69299999999998
North America,1976,Grazed biomass and fodder crops,867.97178
North America,1976,Natural Gas,397.93172400000003
North America,1976,Non-ferrous ores,523.416603
North America,1976,Non-metallic minerals - construction dominant,2674.990314
North America,1976,Non-metallic minerals - industrial or agricultural dominant,254.83267999999998
North America,1976,Oil shale and tar sands,34.472713
North America,1976,Petroleum,525.929
North America,1976,Wild catch and harvest,3.222869
North America,1976,Wood,274.243605
North America,1977,Coal,662.110408
North America,1977,Crop Residues,333.221917
North America,1977,Crops,494.204997
North America,1977,Ferrous ores,110.266
North America,1977,Grazed biomass and fodder crops,833.1431
North America,1977,Natural Gas,400.600296
North America,1977,Non-ferrous ores,487.357508
North America,1977,Non-metallic minerals - construction dominant,2898.8908220000003
North America,1977,Non-metallic minerals - industrial or agricultural dominant,294.091268
North America,1977,Oil shale and tar sands,38.798298
North America,1977,Petroleum,530.515
North America,1977,Wild catch and harvest,3.364021
North America,1977,Wood,282.609245
North America,1978,Coal,639.6324569999999
North America,1978,Crop Residues,343.73929599999997
North America,1978,Crops,507.71502599999997
North America,1978,Ferrous ores,125.823
North America,1978,Grazed biomass and fodder crops,790.896747
North America,1978,Natural Gas,398.447766
North America,1978,Non-ferrous ores,462.834386
North America,1978,Non-metallic minerals - construction dominant,3207.916981
North America,1978,Non-metallic minerals - industrial or agricultural dominant,304.596535
North America,1978,Oil shale and tar sands,46.100472
North America,1978,Petroleum,549.921
North America,1978,Wild catch and harvest,3.9095180000000003
North America,1978,Wood,310.90596
North America,1979,Coal,743.109087
North America,1979,Crop Residues,374.553816
North America,1979,Crops,539.6534819999999
North America,1979,Ferrous ores,146.708286
North America,1979,Grazed biomass and fodder crops,755.3284
North America,1979,Natural Gas,413.22942
North America,1979,Non-ferrous ores,469.66221499999995
North America,1979,Non-metallic minerals - construction dominant,3220.061485
North America,1979,Non-metallic minerals - industrial or agricultural dominant,300.392531
North America,1979,Oil shale and tar sands,73.300337
North America,1979,Petroleum,552.1949999999999
North America,1979,Wild catch and harvest,4.0446029999999995
North America,1979,Wood,324.080965
North America,1980,Coal,790.361
North America,1980,Crop Residues,334.679425
North America,1980,Crops,496.41062700000003
North America,1980,Ferrous ores,119.798
North America,1980,Grazed biomass and fodder crops,758.83266
North America,1980,Natural Gas,403.49120400000004
North America,1980,Non-ferrous ores,448.673338
North America,1980,Non-metallic minerals - construction dominant,2822.56666
North America,1980,Non-metallic minerals - industrial or agricultural dominant,291.216593
North America,1980,Oil shale and tar sands,91.980999
North America,1980,Petroleum,551.091
North America,1980,Wild catch and harvest,4.005187
North America,1980,Wood,312.13565
North America,1981,Coal,788.4879999999999
North America,1981,Crop Residues,402.337509
North America,1981,Crops,579.4214519999999
North America,1981,Ferrous ores,123.899
North America,1981,Grazed biomass and fodder crops,777.654587
North America,1981,Natural Gas,398.768364
North America,1981,Non-ferrous ores,510.532944
North America,1981,Non-metallic minerals - construction dominant,2500.711418
North America,1981,Non-metallic minerals - industrial or agricultural dominant,271.17738499999996
North America,1981,Oil shale and tar sands,79.957339
North America,1981,Petroleum,542.771
North America,1981,Wild catch and harvest,4.1342419999999995
North America,1981,Wood,304.452844
North America,1982,Coal,804.441
North America,1982,Crop Residues,410.465137
North America,1982,Crops,586.229561
North America,1982,Ferrous ores,69.199561
North America,1982,Grazed biomass and fodder crops,784.23496
North America,1982,Natural Gas,375.169446
North America,1982,Non-ferrous ores,424.49002199999995
North America,1982,Non-metallic minerals - construction dominant,2328.453949
North America,1982,Non-metallic minerals - industrial or agricultural dominant,215.734656
North America,1982,Oil shale and tar sands,100.896103
North America,1982,Petroleum,541.8
North America,1982,Wild catch and harvest,4.36464
North America,1982,Wood,297.655084
North America,1983,Coal,755.502
North America,1983,Crop Residues,281.956022
North America,1983,Crops,431.433175
North America,1983,Ferrous ores,71.123678
North America,1983,Grazed biomass and fodder crops,779.494947
North America,1983,Natural Gas,342.997578
North America,1983,Non-ferrous ores,407.141818
North America,1983,Non-metallic minerals - construction dominant,2551.78932
North America,1983,Non-metallic minerals - industrial or agricultural dominant,234.475497
North America,1983,Oil shale and tar sands,132.509531
North America,1983,Petroleum,545.605
North America,1983,Wild catch and harvest,4.466178
North America,1983,Wood,332.976644
North America,1984,Coal,871.438
North America,1984,Crop Residues,379.04798999999997
North America,1984,Crops,546.715094
North America,1984,Ferrous ores,92.021907
North America,1984,Grazed biomass and fodder crops,768.2108400000001
North America,1984,Natural Gas,371.910726
North America,1984,Non-ferrous ores,465.379772
North America,1984,Non-metallic minerals - construction dominant,2755.481759
North America,1984,Non-metallic minerals - industrial or agricultural dominant,259.176268
North America,1984,Oil shale and tar sands,96.057313
North America,1984,Petroleum,566.133
North America,1984,Wild catch and harvest,4.972542
North America,1984,Wood,357.037335
North America,1985,Coal,863.8829999999999
North America,1985,Crop Residues,417.237068
North America,1985,Crops,593.701419
North America,1985,Ferrous ores,89.03460100000001
North America,1985,Grazed biomass and fodder crops,743.93095
North America,1985,Natural Gas,357.220926
North America,1985,Non-ferrous ores,475.211462
North America,1985,Non-metallic minerals - construction dominant,3050.201572
North America,1985,Non-metallic minerals - industrial or agricultural dominant,264.165492
North America,1985,Oil shale and tar sands,120.896435
North America,1985,Petroleum,568.398
North America,1985,Wild catch and harvest,5.125293
North America,1985,Wood,352.27501
North America,1986,Coal,866.307
North America,1986,Crop Residues,393.248039
North America,1986,Crops,566.113334
North America,1986,Ferrous ores,75.614884
North America,1986,Grazed biomass and fodder crops,716.6856399999999
North America,1986,Natural Gas,345.515958
North America,1986,Non-ferrous ores,514.926795
North America,1986,Non-metallic minerals - construction dominant,3111.890935
North America,1986,Non-metallic minerals - industrial or agricultural dominant,258.928935
North America,1986,Oil shale and tar sands,133.228018
North America,1986,Petroleum,552.524
North America,1986,Wild catch and harvest,5.371775
North America,1986,Wood,378.269694
North America,1987,Coal,896.236
North America,1987,Crop Residues,362.401957
North America,1987,Crops,537.343758
North America,1987,Ferrous ores,84.628
North America,1987,Grazed biomass and fodder crops,695.73938
North America,1987,Natural Gas,360.77968799999996
North America,1987,Non-ferrous ores,589.166292
North America,1987,Non-metallic minerals - construction dominant,3392.367307
North America,1987,Non-metallic minerals - industrial or agricultural dominant,294.878192
North America,1987,Oil shale and tar sands,130.046147
North America,1987,Petroleum,550.11
North America,1987,Wild catch and harvest,6.1425469999999995
North America,1987,Wood,386.14268
North America,1988,Coal,934.213
North America,1988,Crop Residues,278.024381
North America,1988,Crops,430.966146
North America,1988,Ferrous ores,97.868
North America,1988,Grazed biomass and fodder crops,682.4179999999999
North America,1988,Natural Gas,377.375274
North America,1988,Non-ferrous ores,671.582622
North America,1988,Non-metallic minerals - construction dominant,3476.244703
North America,1988,Non-metallic minerals - industrial or agricultural dominant,296.095421
North America,1988,Oil shale and tar sands,144.87044
North America,1988,Petroleum,545.726
North America,1988,Wild catch and harvest,6.229003
North America,1988,Wood,385.14908
North America,1989,Coal,961.742
North America,1989,Crop Residues,358.592544
North America,1989,Crops,533.860358
North America,1989,Ferrous ores,99.541
North America,1989,Grazed biomass and fodder crops,666.2416000000001
North America,1989,Natural Gas,387.41882400000003
North America,1989,Non-ferrous ores,757.959562
North America,1989,Non-metallic minerals - construction dominant,3261.9847879999998
North America,1989,Non-metallic minerals - industrial or agricultural dominant,295.160596
North America,1989,Oil shale and tar sands,147.80304
North America,1989,Petroleum,521.604
North America,1989,Wild catch and harvest,5.982929
North America,1989,Wood,385.73988
North America,1990,Coal,1003.36
North America,1990,Crop Residues,392.37170100000003
North America,1990,Crops,575.629929
North America,1990,Ferrous ores,91.263
North America,1990,Grazed biomass and fodder crops,662.53984
North America,1990,Natural Gas,424.362618
North America,1990,Non-ferrous ores,816.040411
North America,1990,Non-metallic minerals - construction dominant,3302.552942
North America,1990,Non-metallic minerals - industrial or agricultural dominant,304.101289
North America,1990,Oil shale and tar sands,150.662325
North America,1990,Petroleum,493.183
North America,1990,Wild catch and harvest,6.185386
North America,1990,Wood,381.39944
North America,1991,Coal,976.141
North America,1991,Crop Residues,369.42728800000003
North America,1991,Crops,549.684074
North America,1991,Ferrous ores,93.144
North America,1991,Grazed biomass and fodder crops,666.3563999999999
North America,1991,Natural Gas,425.82724199999996
North America,1991,Non-ferrous ores,822.6536450000001
North America,1991,Non-metallic minerals - construction dominant,3021.673301
North America,1991,Non-metallic minerals - industrial or agricultural dominant,275.86373000000003
North America,1991,Oil shale and tar sands,164.357567
North America,1991,Petroleum,491.971
North America,1991,Wild catch and harvest,5.669994000000001
North America,1991,Wood,373.72304
North America,1992,Coal,972.01
North America,1992,Crop Residues,429.178078
North America,1992,Crops,625.141026
North America,1992,Ferrous ores,88.29
North America,1992,Grazed biomass and fodder crops,676.32954
North America,1992,Natural Gas,436.31422200000003
North America,1992,Non-ferrous ores,874.320133
North America,1992,Non-metallic minerals - construction dominant,3066.160573
North America,1992,Non-metallic minerals - industrial or agricultural dominant,275.652772
North America,1992,Oil shale and tar sands,171.674404
North America,1992,Petroleum,489.74
North America,1992,Wild catch and harvest,5.56308
North America,1992,Wood,372.56647999999996
North America,1993,Coal,928.2189999999999
North America,1993,Crop Residues,348.270172
North America,1993,Crops,527.448237
North America,1993,Ferrous ores,86.181
North America,1993,Grazed biomass and fodder crops,685.5645000000001
North America,1993,Natural Gas,449.171496
North America,1993,Non-ferrous ores,867.587758
North America,1993,Non-metallic minerals - construction dominant,3263.8483589999996
North America,1993,Non-metallic minerals - industrial or agricultural dominant,268.980449
North America,1993,Oil shale and tar sands,175.985326
North America,1993,Petroleum,478.35299999999995
North America,1993,Wild catch and harvest,5.613194
North America,1993,Wood,371.016116
North America,1994,Coal,1011.929
North America,1994,Crop Residues,447.516356
North America,1994,Crops,656.077675
North America,1994,Ferrous ores,95.02000000000001
North America,1994,Grazed biomass and fodder crops,696.6889
North America,1994,Natural Gas,472.749498
North America,1994,Non-ferrous ores,871.0841539999999
North America,1994,Non-metallic minerals - construction dominant,3452.921547
North America,1994,Non-metallic minerals - industrial or agricultural dominant,285.574302
North America,1994,Oil shale and tar sands,189.284667
North America,1994,Petroleum,471.897
North America,1994,Wild catch and harvest,5.600213
North America,1994,Wood,376.089244
North America,1995,Coal,1013.737
North America,1995,Crop Residues,373.219524
North America,1995,Crops,562.891569
North America,1995,Ferrous ores,99.78899999999999
North America,1995,Grazed biomass and fodder crops,711.10559
North America,1995,Natural Gas,472.970304
North America,1995,Non-ferrous ores,903.056073
North America,1995,Non-metallic minerals - construction dominant,3522.172188
North America,1995,Non-metallic minerals - industrial or agricultural dominant,304.039931
North America,1995,Oil shale and tar sands,203.331821
North America,1995,Petroleum,471.96399999999994
North America,1995,Wild catch and harvest,5.7324470000000005
North America,1995,Wood,376.94984
North America,1996,Coal,1042.4180000000001
North America,1996,Crop Residues,431.669066
North America,1996,Crops,634.15419
North America,1996,Ferrous ores,97.77199999999999
North America,1996,Grazed biomass and fodder crops,719.49291
North America,1996,Natural Gas,480.881556
North America,1996,Non-ferrous ores,924.431977
North America,1996,Non-metallic minerals - construction dominant,3515.429142
North America,1996,Non-metallic minerals - industrial or agricultural dominant,278.115867
North America,1996,Oil shale and tar sands,203.331821
North America,1996,Petroleum,473.12
North America,1996,Wild catch and harvest,5.7550230000000004
North America,1996,Wood,372.73604
North America,1997,Coal,1069.158
North America,1997,Crop Residues,435.92397700000004
North America,1997,Crops,644.441724
North America,1997,Ferrous ores,100.24799999999999
North America,1997,Grazed biomass and fodder crops,708.14225
North America,1997,Natural Gas,484.638516
North America,1997,Non-ferrous ores,979.287972
North America,1997,Non-metallic minerals - construction dominant,3742.739734
North America,1997,Non-metallic minerals - industrial or agricultural dominant,310.521651
North America,1997,Oil shale and tar sands,209.314325
North America,1997,Petroleum,475.87
North America,1997,Wild catch and harvest,5.988087
North America,1997,Wood,373.928684
North America,1998,Coal,1090.76
North America,1998,Crop Residues,451.383081
North America,1998,Crops,664.6352549999999
North America,1998,Ferrous ores,100.739
North America,1998,Grazed biomass and fodder crops,696.50231
North America,1998,Natural Gas,489.375198
North America,1998,Non-ferrous ores,989.804961
North America,1998,Non-metallic minerals - construction dominant,3915.843686
North America,1998,Non-metallic minerals - industrial or agricultural dominant,314.933288
North America,1998,Oil shale and tar sands,222.686981
North America,1998,Petroleum,469.243
North America,1998,Wild catch and harvest,5.681996
North America,1998,Wood,370.04688
North America,1999,Coal,1070.618
North America,1999,Crop Residues,443.814702
North America,1999,Crops,657.215482
North America,1999,Ferrous ores,89.343
North America,1999,Grazed biomass and fodder crops,691.81737
North America,1999,Natural Gas,489.211326
North America,1999,Non-ferrous ores,904.492944
North America,1999,Non-metallic minerals - construction dominant,4053.792828
North America,1999,Non-metallic minerals - industrial or agricultural dominant,317.291454
North America,1999,Oil shale and tar sands,233.845524
North America,1999,Petroleum,447.5
North America,1999,Wild catch and harvest,5.821789000000001
North America,1999,Wood,378.6118
North America,2000,Coal,1042.823
North America,2000,Crop Residues,450.273746
North America,2000,Crops,675.3273280000001
North America,2000,Ferrous ores,99.82900000000001
North America,2000,Grazed biomass and fodder crops,686.62727
North America,2000,Natural Gas,498.488652
North America,2000,Non-ferrous ores,903.285879
North America,2000,Non-metallic minerals - construction dominant,4126.884852
North America,2000,Non-metallic minerals - industrial or agricultural dominant,321.644642
North America,2000,Oil shale and tar sands,231.866019
North America,2000,Petroleum,452.101
North America,2000,Wild catch and harvest,5.62747
North America,2000,Wood,381.69624
North America,2001,Coal,1093.827
North America,2001,Crop Residues,428.937747
North America,2001,Crops,633.382786
North America,2001,Ferrous ores,75.344
North America,2001,Grazed biomass and fodder crops,685.23631
North America,2001,Natural Gas,511.25232600000004
North America,2001,Non-ferrous ores,875.371897
North America,2001,Non-metallic minerals - construction dominant,4020.103143
North America,2001,Non-metallic minerals - industrial or agricultural dominant,301.036314
North America,2001,Oil shale and tar sands,252.467534
North America,2001,Petroleum,449.394
North America,2001,Wild catch and harvest,5.965452
North America,2001,Wood,362.71692
North America,2002,Coal,1060.356
North America,2002,Crop Residues,392.51448
North America,2002,Crops,597.58723
North America,2002,Ferrous ores,80.274
North America,2002,Grazed biomass and fodder crops,684.2942899999999
North America,2002,Natural Gas,497.925126
North America,2002,Non-ferrous ores,783.812008
North America,2002,Non-metallic minerals - construction dominant,3968.9886930000002
North America,2002,Non-metallic minerals - industrial or agricultural dominant,301.817913
North America,2002,Oil shale and tar sands,317.673895
North America,2002,Petroleum,448.68600000000004
North America,2002,Wild catch and harvest,6.096106
North America,2002,Wood,368.04532
North America,2003,Coal,1035.411
North America,2003,Crop Residues,443.37883999999997
North America,2003,Crops,657.23249
North America,2003,Ferrous ores,81.56700000000001
North America,2003,Grazed biomass and fodder crops,682.84168
North America,2003,Natural Gas,500.884722
North America,2003,Non-ferrous ores,745.772179
North America,2003,Non-metallic minerals - construction dominant,3937.901156
North America,2003,Non-metallic minerals - industrial or agricultural dominant,307.75917000000004
North America,2003,Oil shale and tar sands,311.867347
North America,2003,Petroleum,448.98699999999997
North America,2003,Wild catch and harvest,6.204384999999999
North America,2003,Wood,358.234053
North America,2004,Coal,1075.854
North America,2004,Crop Residues,497.05778
North America,2004,Crops,720.7650060000001
North America,2004,Ferrous ores,83.32
North America,2004,Grazed biomass and fodder crops,686.09472
North America,2004,Natural Gas,489.211812
North America,2004,Non-ferrous ores,747.482491
North America,2004,Non-metallic minerals - construction dominant,4243.218481
North America,2004,Non-metallic minerals - industrial or agricultural dominant,337.08695
North America,2004,Oil shale and tar sands,332.219591
North America,2004,Petroleum,442.796
North America,2004,Wild catch and harvest,6.33285
North America,2004,Wood,379.850428
North America,2005,Coal,1097.8629999999998
North America,2005,Crop Residues,480.781883
North America,2005,Crops,688.22474
North America,2005,Ferrous ores,82.643
North America,2005,Grazed biomass and fodder crops,694.0867599999999
North America,2005,Natural Gas,482.46134400000005
North America,2005,Non-ferrous ores,758.182535
North America,2005,Non-metallic minerals - construction dominant,4521.226900000001
North America,2005,Non-metallic minerals - industrial or agricultural dominant,340.172429
North America,2005,Oil shale and tar sands,318.436371
North America,2005,Petroleum,422.544
North America,2005,Wild catch and harvest,6.247492
North America,2005,Wood,379.98185800000005
North America,2006,Coal,1126.029
North America,2006,Crop Residues,455.335443
North America,2006,Crops,667.824879
North America,2006,Ferrous ores,86.79400000000001
North America,2006,Grazed biomass and fodder crops,703.666354
North America,2006,Natural Gas,491.17949999999996
North America,2006,Non-ferrous ores,774.706659
North America,2006,Non-metallic minerals - construction dominant,4341.00661
North America,2006,Non-metallic minerals - industrial or agricultural dominant,340.089917
North America,2006,Oil shale and tar sands,410.153436
North America,2006,Petroleum,428.57899999999995
North America,2006,Wild catch and harvest,6.200297999999999
North America,2006,Wood,364.08740800000004
North America,2007,Coal,1115.131
North America,2007,Crop Residues,504.90513599999997
North America,2007,Crops,725.892523
North America,2007,Ferrous ores,85.658
North America,2007,Grazed biomass and fodder crops,699.89622
North America,2007,Natural Gas,502.981038
North America,2007,Non-ferrous ores,752.5143949999999
North America,2007,Non-metallic minerals - construction dominant,3909.280029
North America,2007,Non-metallic minerals - industrial or agricultural dominant,342.687571
North America,2007,Oil shale and tar sands,551.343463
North America,2007,Petroleum,422.063
North America,2007,Wild catch and harvest,5.989046999999999
North America,2007,Wood,336.062804
North America,2008,Coal,1131.2869660000001
North America,2008,Crop Residues,507.28144299999997
North America,2008,Crops,719.7498449999999
North America,2008,Ferrous ores,85.702
North America,2008,Grazed biomass and fodder crops,694.41555
North America,2008,Natural Gas,513.74349
North America,2008,Non-ferrous ores,782.314947
North America,2008,Non-metallic minerals - construction dominant,3457.137443
North America,2008,Non-metallic minerals - industrial or agricultural dominant,341.52128300000004
North America,2008,Oil shale and tar sands,518.879581
North America,2008,Petroleum,417.06499999999994
North America,2008,Wild catch and harvest,5.320426
North America,2008,Wood,297.666314
North America,2009,Coal,1037.4752760000001
North America,2009,Crop Residues,526.351709
North America,2009,Crops,748.251073
North America,2009,Ferrous ores,58.399
North America,2009,Grazed biomass and fodder crops,683.46366
North America,2009,Natural Gas,513.83241
North America,2009,Non-ferrous ores,708.2918830000001
North America,2009,Non-metallic minerals - construction dominant,2827.158416
North America,2009,Non-metallic minerals - industrial or agricultural dominant,299.994536
North America,2009,Oil shale and tar sands,608.177251
North America,2009,Petroleum,431.447
North America,2009,Wild catch and harvest,5.113703999999999
North America,2009,Wood,258.077493
North America,2010,Coal,1051.846
North America,2010,Crop Residues,511.140845
North America,2010,Crops,726.812106
North America,2010,Ferrous ores,86.501
North America,2010,Grazed biomass and fodder crops,678.3380599999999
North America,2010,Natural Gas,522.6911279999999
North America,2010,Non-ferrous ores,718.489327
North America,2010,Non-metallic minerals - construction dominant,2903.581913
North America,2010,Non-metallic minerals - industrial or agricultural dominant,334.00146700000005
North America,2010,Oil shale and tar sands,633.778849
North America,2010,Petroleum,447.593
North America,2010,Wild catch and harvest,5.37314
North America,2010,Wood,292.790296
North America,2011,Coal,1061.655
North America,2011,Crop Residues,495.77441699999997
North America,2011,Crops,706.234058
North America,2011,Ferrous ores,88.273
North America,2011,Grazed biomass and fodder crops,668.7972
North America,2011,Natural Gas,554.1696000000001
North America,2011,Non-ferrous ores,739.780123
North America,2011,Non-metallic minerals - construction dominant,2885.9975150000005
North America,2011,Non-metallic minerals - industrial or agricultural dominant,374.661155
North America,2011,Oil shale and tar sands,687.577396
North America,2011,Petroleum,467.865
North America,2011,Wild catch and harvest,5.922376
North America,2011,Wood,306.998047
North America,2012,Coal,989.264
North America,2012,Crop Residues,477.97522000000004
North America,2012,Crops,695.354379
North America,2012,Ferrous ores,93.4271
North America,2012,Grazed biomass and fodder crops,659.2306
North America,2012,Natural Gas,576.539388
North America,2012,Non-ferrous ores,756.021074
North America,2012,Non-metallic minerals - construction dominant,3033.764254
North America,2012,Non-metallic minerals - industrial or agricultural dominant,355.847585
North America,2012,Oil shale and tar sands,727.020866
North America,2012,Petroleum,527.341
North America,2012,Wild catch and harvest,5.7990889999999995
North America,2012,Wood,302.725648
North America,2013,Coal,963.433
North America,2013,Crop Residues,565.208769
North America,2013,Crops,792.765756
North America,2013,Ferrous ores,95.5697
North America,2013,Grazed biomass and fodder crops,652.96032
North America,2013,Natural Gas,582.401358
North America,2013,Non-ferrous ores,797.8392100000001
North America,2013,Non-metallic minerals - construction dominant,2966.386571
North America,2013,Non-metallic minerals - industrial or agricultural dominant,375.04497200000003
North America,2013,Oil shale and tar sands,748.927388
North America,2013,Petroleum,591.509
North America,2013,Wild catch and harvest,6.028271999999999
North America,2013,Wood,310.353519
North America,2014,Coal,974.822
North America,2014,Crop Residues,573.873955
North America,2014,Crops,802.241353
North America,2014,Ferrous ores,100.29599999999999
North America,2014,Grazed biomass and fodder crops,642.52522
North America,2014,Natural Gas,622.8468
North America,2014,Non-ferrous ores,819.573533
North America,2014,Non-metallic minerals - construction dominant,3034.888399
North America,2014,Non-metallic minerals - industrial or agricultural dominant,411.756761
North America,2014,Oil shale and tar sands,768.179907
North America,2014,Petroleum,681.037
North America,2014,Wild catch and harvest,5.854349999999999
North America,2014,Wood,312.326759
North America,2015,Coal,874.779
North America,2015,Crop Residues,569.653917
North America,2015,Crops,798.189045
North America,2015,Ferrous ores,92.773
North America,2015,Grazed biomass and fodder crops,643.767659
North America,2015,Natural Gas,649.6392420000001
North America,2015,Non-ferrous ores,809.140682
North America,2015,Non-metallic minerals - construction dominant,3264.9100059999996
North America,2015,Non-metallic minerals - industrial or agricultural dominant,311.883852
North America,2015,Oil shale and tar sands,779.954296
North America,2015,Petroleum,728.802
North America,2015,Wild catch and harvest,5.8659349999999995
North America,2015,Wood,312.25870199999997
North America,2016,Coal,719.248
North America,2016,Crop Residues,648.157828
North America,2016,Crops,892.956131
North America,2016,Ferrous ores,90.799
North America,2016,Grazed biomass and fodder crops,659.738477
North America,2016,Natural Gas,654.426684
North America,2016,Non-ferrous ores,824.788735
North America,2016,Non-metallic minerals - construction dominant,3287.370657
North America,2016,Non-metallic minerals - industrial or agricultural dominant,386.09583699999996
North America,2016,Oil shale and tar sands,687.152169
North America,2016,Petroleum,712.384
North America,2016,Wild catch and harvest,5.93339
North America,2016,Wood,335.568064
North America,2017,Coal,764.239
North America,2017,Crop Residues,600.8792609999999
North America,2017,Crops,830.093522
North America,2017,Ferrous ores,99.73599999999999
North America,2017,Grazed biomass and fodder crops,669.4870960000001
North America,2017,Natural Gas,671.242968
North America,2017,Non-ferrous ores,789.062504
North America,2017,Non-metallic minerals - construction dominant,3317.8134680000003
North America,2017,Non-metallic minerals - industrial or agricultural dominant,432.31172200000003
North America,2017,Oil shale and tar sands,835.424425
North America,2017,Petroleum,755.221
North America,2017,Wild catch and harvest,6.010598000000001
North America,2017,Wood,338.09884
North America,2018,Coal,742.82
North America,2018,Crop Residues,600.26479200000006
North America,2018,Crops,826.077707
North America,2018,Ferrous ores,101.858
North America,2018,Grazed biomass and fodder crops,674.809148
North America,2018,Natural Gas,727.998782
North America,2018,Non-ferrous ores,767.2736639999999
North America,2018,Non-metallic minerals - construction dominant,3303.91474
North America,2018,Non-metallic minerals - industrial or agricultural dominant,449.261408
North America,2018,Oil shale and tar sands,818.180737
North America,2018,Petroleum,871.0127
North America,2018,Wild catch and harvest,5.845295
North America,2018,Wood,349.308244
North America,2019,Coal,693.4715
North America,2019,Crop Residues,565.687139
North America,2019,Crops,777.1233480000001
North America,2019,Ferrous ores,105.81299999999999
North America,2019,Grazed biomass and fodder crops,677.466425
North America,2019,Natural Gas,802.769616
North America,2019,Non-ferrous ores,753.038039
North America,2019,Non-metallic minerals - construction dominant,3223.675718
North America,2019,Non-metallic minerals - industrial or agricultural dominant,449.18647899999996
North America,2019,Oil shale and tar sands,932.786232
North America,2019,Petroleum,948.0527189999999
North America,2019,Wild catch and harvest,5.706014
North America,2019,Wood,337.834165
North America,2020,Coal,530.6089000000001
North America,2020,Crop Residues,592.937317
North America,2020,Crops,816.719272
North America,2020,Ferrous ores,98.159572
North America,2020,Grazed biomass and fodder crops,670.330768
North America,2020,Natural Gas,789.450245
North America,2020,Non-ferrous ores,718.223376
North America,2020,Non-metallic minerals - construction dominant,3196.4669240000003
North America,2020,Non-metallic minerals - industrial or agricultural dominant,435.620516
North America,2020,Oil shale and tar sands,914.052622
North America,2020,Petroleum,899.194722
North America,2020,Wild catch and harvest,5.058294
North America,2020,Wood,319.37905
North America,2021,Coal,571.379746
North America,2021,Crop Residues,587.409222
North America,2021,Crops,811.971184
North America,2021,Ferrous ores,102.348984
North America,2021,Grazed biomass and fodder crops,669.258964
North America,2021,Natural Gas,800.491572
North America,2021,Non-ferrous ores,756.5217739999999
North America,2021,Non-metallic minerals - construction dominant,3292.78867
North America,2021,Non-metallic minerals - industrial or agricultural dominant,451.160932
North America,2021,Oil shale and tar sands,961.454567
North America,2021,Petroleum,912.349024
North America,2021,Wild catch and harvest,5.285379
North America,2021,Wood,332.64331500000003
North America,2022,Coal,569.094375
North America,2022,Crop Residues,598.738654
North America,2022,Crops,829.6627679999999
North America,2022,Ferrous ores,105.285082
North America,2022,Grazed biomass and fodder crops,679.158067
North America,2022,Natural Gas,806.2470599999999
North America,2022,Non-ferrous ores,779.235765
North America,2022,Non-metallic minerals - construction dominant,3376.459434
North America,2022,Non-metallic minerals - industrial or agricultural dominant,465.133833
North America,2022,Oil shale and tar sands,976.905581
North America,2022,Petroleum,924.796968
North America,2022,Wild catch and harvest,5.499218
North America,2022,Wood,340.547211
North America,2023,Coal,561.0427669999999
North America,2023,Crop Residues,606.843697
North America,2023,Crops,842.023144
North America,2023,Ferrous ores,107.85805400000001
North America,2023,Grazed biomass and fodder crops,680.887594
North America,2023,Natural Gas,803.515823
North America,2023,Non-ferrous ores,796.3048679999999
North America,2023,Non-metallic minerals - construction dominant,3433.001969
North America,2023,Non-metallic minerals - industrial or agricultural dominant,475.24357399999997
North America,2023,Oil shale and tar sands,983.48747
North America,2023,Petroleum,928.3898509999999
North America,2023,Wild catch and harvest,5.606664
North America,2023,Wood,344.86681600000003
North America,2024,Coal,550.222364
North America,2024,Crop Residues,612.260242
North America,2024,Crops,849.909161
North America,2024,Ferrous ores,110.065717
North America,2024,Grazed biomass and fodder crops,677.332453
North America,2024,Natural Gas,795.830958
North America,2024,Non-ferrous ores,809.673884
North America,2024,Non-metallic minerals - construction dominant,3468.54362
North America,2024,Non-metallic minerals - industrial or agricultural dominant,481.984785
North America,2024,Oil shale and tar sands,984.241771
North America,2024,Petroleum,926.5613069999999
North America,2024,Wild catch and harvest,5.673302
North America,2024,Wood,346.710344
Oceania,1970,Coal,72.10199999999999
Oceania,1970,Crop Residues,27.833783
Oceania,1970,Crops,43.357466
Oceania,1970,Ferrous ores,51.331
Oceania,1970,Grazed biomass and fodder crops,332.094721
Oceania,1970,Natural Gas,1.082754
Oceania,1970,Non-ferrous ores,51.060534999999994
Oceania,1970,Non-metallic minerals - construction dominant,132.770451
Oceania,1970,Non-metallic minerals - industrial or agricultural dominant,5.642283
Oceania,1970,Petroleum,8.574
Oceania,1970,Wild catch and harvest,0.149013
Oceania,1970,Wood,17.167500999999998
Oceania,1971,Coal,69.379
Oceania,1971,Crop Residues,30.694143
Oceania,1971,Crops,47.008917
Oceania,1971,Ferrous ores,62.639
Oceania,1971,Grazed biomass and fodder crops,338.449565
Oceania,1971,Natural Gas,1.596654
Oceania,1971,Non-ferrous ores,56.851058
Oceania,1971,Non-metallic minerals - construction dominant,134.082728
Oceania,1971,Non-metallic minerals - industrial or agricultural dominant,7.500736
Oceania,1971,Petroleum,16.094
Oceania,1971,Wild catch and harvest,0.178364
Oceania,1971,Wood,17.705309
Oceania,1972,Coal,80.694
Oceania,1972,Crop Residues,26.898671
Oceania,1972,Crops,42.658736
Oceania,1972,Ferrous ores,65.78099999999999
Oceania,1972,Grazed biomass and fodder crops,352.23719900000003
Oceania,1972,Natural Gas,2.292966
Oceania,1972,Non-ferrous ores,79.884624
Oceania,1972,Non-metallic minerals - construction dominant,140.61691399999998
Oceania,1972,Non-metallic minerals - industrial or agricultural dominant,5.5079959999999994
Oceania,1972,Petroleum,16.901
Oceania,1972,Wild catch and harvest,0.177375
Oceania,1972,Wood,17.72468
Oceania,1973,Coal,82.072
Oceania,1973,Crop Residues,32.38314
Oceania,1973,Crops,49.165301
Oceania,1973,Ferrous ores,87.01
Oceania,1973,Grazed biomass and fodder crops,348.103022
Oceania,1973,Natural Gas,2.557638
Oceania,1973,Non-ferrous ores,92.183231
Oceania,1973,Non-metallic minerals - construction dominant,146.481629
Oceania,1973,Non-metallic minerals - industrial or agricultural dominant,6.736719
Oceania,1973,Petroleum,20.269
Oceania,1973,Wild catch and harvest,0.263566
Oceania,1973,Wood,18.764242
Oceania,1974,Coal,82.25800000000001
Oceania,1974,Crop Residues,32.435155
Oceania,1974,Crops,49.124523
Oceania,1974,Ferrous ores,99.303
Oceania,1974,Grazed biomass and fodder crops,363.374565
Oceania,1974,Natural Gas,3.031254
Oceania,1974,Non-ferrous ores,96.533712
Oceania,1974,Non-metallic minerals - construction dominant,154.781598
Oceania,1974,Non-metallic minerals - industrial or agricultural dominant,9.141008
Oceania,1974,Petroleum,19.704
Oceania,1974,Wild catch and harvest,0.284929
Oceania,1974,Wood,18.186837999999998
Oceania,1975,Coal,92.456
Oceania,1975,Crop Residues,34.750302999999995
Oceania,1975,Crops,52.505228
Oceania,1975,Ferrous ores,99.948
Oceania,1975,Grazed biomass and fodder crops,378.39829799999995
Oceania,1975,Natural Gas,3.2841359999999997
Oceania,1975,Non-ferrous ores,98.790954
Oceania,1975,Non-metallic minerals - construction dominant,150.088837
Oceania,1975,Non-metallic minerals - industrial or agricultural dominant,9.90893
Oceania,1975,Petroleum,19.704
Oceania,1975,Wild catch and harvest,0.208683
Oceania,1975,Wood,19.409391
Oceania,1976,Coal,93.027
Oceania,1976,Crop Residues,35.63427
Oceania,1976,Crops,53.847062
Oceania,1976,Ferrous ores,95.728
Oceania,1976,Grazed biomass and fodder crops,379.392662
Oceania,1976,Natural Gas,4.00455
Oceania,1976,Non-ferrous ores,104.578401
Oceania,1976,Non-metallic minerals - construction dominant,144.410193
Oceania,1976,Non-metallic minerals - industrial or agricultural dominant,12.223525
Oceania,1976,Petroleum,20.668999999999997
Oceania,1976,Wild catch and harvest,0.248162
Oceania,1976,Wood,20.145653
Oceania,1977,Coal,101.802
Oceania,1977,Crop Residues,33.743154
Oceania,1977,Crops,51.638202
Oceania,1977,Ferrous ores,98.891
Oceania,1977,Grazed biomass and fodder crops,360.297206
Oceania,1977,Natural Gas,5.04324
Oceania,1977,Non-ferrous ores,109.821659
Oceania,1977,Non-metallic minerals - construction dominant,145.173532
Oceania,1977,Non-metallic minerals - industrial or agricultural dominant,12.031267
Oceania,1977,Petroleum,21.607
Oceania,1977,Wild catch and harvest,0.256573
Oceania,1977,Wood,20.654426
Oceania,1978,Coal,101.18900000000001
Oceania,1978,Crop Residues,41.933357
Oceania,1978,Crops,61.066403
Oceania,1978,Ferrous ores,87.08
Oceania,1978,Grazed biomass and fodder crops,345.016174
Oceania,1978,Natural Gas,6.03504
Oceania,1978,Non-ferrous ores,107.78711
Oceania,1978,Non-metallic minerals - construction dominant,143.733084
Oceania,1978,Non-metallic minerals - industrial or agricultural dominant,13.20327
Oceania,1978,Petroleum,22.320999999999998
Oceania,1978,Wild catch and harvest,0.310383
Oceania,1978,Wood,20.54581
Oceania,1979,Coal,108.04299999999999
Oceania,1979,Crop Residues,40.974430999999996
Oceania,1979,Crops,60.194806
Oceania,1979,Ferrous ores,95.244475
Oceania,1979,Grazed biomass and fodder crops,332.30731199999997
Oceania,1979,Natural Gas,6.326478
Oceania,1979,Non-ferrous ores,108.62162
Oceania,1979,Non-metallic minerals - construction dominant,150.84618700000001
Oceania,1979,Non-metallic minerals - industrial or agricultural dominant,12.052406
Oceania,1979,Petroleum,21.89
Oceania,1979,Wild catch and harvest,0.334303
Oceania,1979,Wood,20.242365
Oceania,1980,Coal,106.64200000000001
Oceania,1980,Crop Residues,36.568657
Oceania,1980,Crops,55.803583
Oceania,1980,Ferrous ores,99.172449
Oceania,1980,Grazed biomass and fodder crops,331.853229
Oceania,1980,Natural Gas,7.167707999999999
Oceania,1980,Non-ferrous ores,104.66266599999999
Oceania,1980,Non-metallic minerals - construction dominant,179.744831
Oceania,1980,Non-metallic minerals - industrial or agricultural dominant,13.569017
Oceania,1980,Petroleum,21.776
Oceania,1980,Wild catch and harvest,0.37353400000000003
Oceania,1980,Wood,22.471382000000002
Oceania,1981,Coal,123.17699999999999
Oceania,1981,Crop Residues,44.040816
Oceania,1981,Crops,65.135723
Oceania,1981,Ferrous ores,87.91452
Oceania,1981,Grazed biomass and fodder crops,325.005408
Oceania,1981,Natural Gas,8.241389999999999
Oceania,1981,Non-ferrous ores,105.37337
Oceania,1981,Non-metallic minerals - construction dominant,176.32329199999998
Oceania,1981,Non-metallic minerals - industrial or agricultural dominant,13.602376999999999
Oceania,1981,Petroleum,20.404
Oceania,1981,Wild catch and harvest,0.386225
Oceania,1981,Wood,22.787625
Oceania,1982,Coal,128.447
Oceania,1982,Crop Residues,36.380072
Oceania,1982,Crops,56.085634
Oceania,1982,Ferrous ores,90.48540100000001
Oceania,1982,Grazed biomass and fodder crops,322.923476
Oceania,1982,Natural Gas,9.657954
Oceania,1982,Non-ferrous ores,108.927274
Oceania,1982,Non-metallic minerals - construction dominant,184.003485
Oceania,1982,Non-metallic minerals - industrial or agricultural dominant,11.649901
Oceania,1982,Petroleum,20.355999999999998
Oceania,1982,Wild catch and harvest,0.377863
Oceania,1982,Wood,21.785507
Oceania,1983,Coal,140.996
Oceania,1983,Crop Residues,49.044143
Oceania,1983,Crops,70.723708
Oceania,1983,Ferrous ores,73.240679
Oceania,1983,Grazed biomass and fodder crops,306.38487
Oceania,1983,Natural Gas,9.874962
Oceania,1983,Non-ferrous ores,110.243137
Oceania,1983,Non-metallic minerals - construction dominant,163.654089
Oceania,1983,Non-metallic minerals - industrial or agricultural dominant,33.650249
Oceania,1983,Petroleum,19.901
Oceania,1983,Wild catch and harvest,0.412402
Oceania,1983,Wood,21.083546000000002
Oceania,1984,Coal,150.213
Oceania,1984,Crop Residues,50.380504
Oceania,1984,Crops,73.161281
Oceania,1984,Ferrous ores,91.463113
Oceania,1984,Grazed biomass and fodder crops,308.579171
Oceania,1984,Natural Gas,10.846620000000001
Oceania,1984,Non-ferrous ores,120.576781
Oceania,1984,Non-metallic minerals - construction dominant,172.77322
Oceania,1984,Non-metallic minerals - industrial or agricultural dominant,48.342641
Oceania,1984,Petroleum,23.144000000000002
Oceania,1984,Wild catch and harvest,0.444956
Oceania,1984,Wood,21.681232
Oceania,1985,Coal,163.252
Oceania,1985,Crop Residues,46.880708
Oceania,1985,Crops,68.379155
Oceania,1985,Ferrous ores,99.983575
Oceania,1985,Grazed biomass and fodder crops,318.187911
Oceania,1985,Natural Gas,13.54059
Oceania,1985,Non-ferrous ores,141.317226
Oceania,1985,Non-metallic minerals - construction dominant,161.523076
Oceania,1985,Non-metallic minerals - industrial or agricultural dominant,47.209039999999995
Oceania,1985,Petroleum,27.738
Oceania,1985,Wild catch and harvest,0.440096
Oceania,1985,Wood,23.018835000000003
Oceania,1986,Coal,173.882
Oceania,1986,Crop Residues,47.18575
Oceania,1986,Crops,69.287926
Oceania,1986,Ferrous ores,96.616163
Oceania,1986,Grazed biomass and fodder crops,322.856198
Oceania,1986,Natural Gas,13.290696
Oceania,1986,Non-ferrous ores,150.494406
Oceania,1986,Non-metallic minerals - construction dominant,163.00984400000002
Oceania,1986,Non-metallic minerals - industrial or agricultural dominant,19.455365
Oceania,1986,Petroleum,29.277
Oceania,1986,Wild catch and harvest,0.479254
Oceania,1986,Wood,23.758337
Oceania,1987,Coal,197.37300000000002
Oceania,1987,Crop Residues,42.335829
Oceania,1987,Crops,63.910993
Oceania,1987,Ferrous ores,104.042008
Oceania,1987,Grazed biomass and fodder crops,311.768861
Oceania,1987,Natural Gas,13.511304
Oceania,1987,Non-ferrous ores,170.494624
Oceania,1987,Non-metallic minerals - construction dominant,156.62814400000002
Oceania,1987,Non-metallic minerals - industrial or agricultural dominant,20.274599
Oceania,1987,Petroleum,28.602
Oceania,1987,Wild catch and harvest,0.531064
Oceania,1987,Wood,23.545793999999997
Oceania,1988,Coal,178.024
Oceania,1988,Crop Residues,45.424496
Oceania,1988,Crops,68.638391
Oceania,1988,Ferrous ores,98.435593
Oceania,1988,Grazed biomass and fodder crops,314.46984199999997
Oceania,1988,Natural Gas,14.04162
Oceania,1988,Non-ferrous ores,199.692836
Oceania,1988,Non-metallic minerals - construction dominant,156.38006900000002
Oceania,1988,Non-metallic minerals - industrial or agricultural dominant,20.292172
Oceania,1988,Petroleum,28.791999999999998
Oceania,1988,Wild catch and harvest,0.560112
Oceania,1988,Wood,23.913676
Oceania,1989,Coal,198.173
Oceania,1989,Crop Residues,45.682604
Oceania,1989,Crops,69.380606
Oceania,1989,Ferrous ores,107.366635
Oceania,1989,Grazed biomass and fodder crops,319.45975899999996
Oceania,1989,Natural Gas,14.359644
Oceania,1989,Non-ferrous ores,225.930028
Oceania,1989,Non-metallic minerals - construction dominant,161.767897
Oceania,1989,Non-metallic minerals - industrial or agricultural dominant,20.358901000000003
Oceania,1989,Petroleum,26.391
Oceania,1989,Wild catch and harvest,0.6059
Oceania,1989,Wood,24.23357
Oceania,1990,Coal,207.14000000000001
Oceania,1990,Crop Residues,44.892962
Oceania,1990,Crops,67.95385
Oceania,1990,Ferrous ores,112.805153
Oceania,1990,Grazed biomass and fodder crops,328.635509
Oceania,1990,Natural Gas,17.648622
Oceania,1990,Non-ferrous ores,246.85275199999998
Oceania,1990,Non-metallic minerals - construction dominant,164.06577800000002
Oceania,1990,Non-metallic minerals - industrial or agricultural dominant,21.033439
Oceania,1990,Petroleum,33.891999999999996
Oceania,1990,Wild catch and harvest,0.657529
Oceania,1990,Wood,26.077782
Oceania,1991,Coal,222.296
Oceania,1991,Crop Residues,43.034262
Oceania,1991,Crops,64.76159700000001
Oceania,1991,Ferrous ores,119.937849
Oceania,1991,Grazed biomass and fodder crops,326.136434
Oceania,1991,Natural Gas,18.505368
Oceania,1991,Non-ferrous ores,259.593745
Oceania,1991,Non-metallic minerals - construction dominant,160.965531
Oceania,1991,Non-metallic minerals - industrial or agricultural dominant,24.452032
Oceania,1991,Petroleum,34.521
Oceania,1991,Wild catch and harvest,0.724152
Oceania,1991,Wood,26.121635
Oceania,1992,Coal,231.357
Oceania,1992,Crop Residues,41.402638
Oceania,1992,Crops,62.595855
Oceania,1992,Ferrous ores,115.049111
Oceania,1992,Grazed biomass and fodder crops,317.204268
Oceania,1992,Natural Gas,20.04201
Oceania,1992,Non-ferrous ores,270.093563
Oceania,1992,Non-metallic minerals - construction dominant,164.236943
Oceania,1992,Non-metallic minerals - industrial or agricultural dominant,21.866241
Oceania,1992,Petroleum,34.141999999999996
Oceania,1992,Wild catch and harvest,0.776438
Oceania,1992,Wood,26.50862
Oceania,1993,Coal,229.402
Oceania,1993,Crop Residues,49.694789
Oceania,1993,Crops,74.671604
Oceania,1993,Ferrous ores,122.92278300000001
Oceania,1993,Grazed biomass and fodder crops,311.701429
Oceania,1993,Natural Gas,21.168594
Oceania,1993,Non-ferrous ores,262.593834
Oceania,1993,Non-metallic minerals - construction dominant,177.121727
Oceania,1993,Non-metallic minerals - industrial or agricultural dominant,22.855035
Oceania,1993,Petroleum,34.101
Oceania,1993,Wild catch and harvest,0.754362
Oceania,1993,Wood,28.210121
Oceania,1994,Coal,228.43499999999997
Oceania,1994,Crop Residues,54.064175
Oceania,1994,Crops,81.450906
Oceania,1994,Ferrous ores,130.573115
Oceania,1994,Grazed biomass and fodder crops,321.123385
Oceania,1994,Natural Gas,22.283496
Oceania,1994,Non-ferrous ores,268.794976
Oceania,1994,Non-metallic minerals - construction dominant,174.48684599999999
Oceania,1994,Non-metallic minerals - industrial or agricultural dominant,23.022944
Oceania,1994,Petroleum,32.753417
Oceania,1994,Wild catch and harvest,0.7757040000000001
Oceania,1994,Wood,29.863297000000003
Oceania,1995,Coal,245.384
Oceania,1995,Crop Residues,47.415569
Oceania,1995,Crops,74.501985
Oceania,1995,Ferrous ores,145.29819700000002
Oceania,1995,Grazed biomass and fodder crops,315.825622
Oceania,1995,Natural Gas,24.206887000000002
Oceania,1995,Non-ferrous ores,268.47921
Oceania,1995,Non-metallic minerals - construction dominant,180.20297399999998
Oceania,1995,Non-metallic minerals - industrial or agricultural dominant,23.163214
Oceania,1995,Petroleum,33.289149
Oceania,1995,Wild catch and harvest,0.910726
Oceania,1995,Wood,30.773895
Oceania,1996,Coal,250.75900000000001
Oceania,1996,Crop Residues,60.024338
Oceania,1996,Crops,90.021047
Oceania,1996,Ferrous ores,154.47171500000002
Oceania,1996,Grazed biomass and fodder crops,317.420004
Oceania,1996,Natural Gas,25.242179999999998
Oceania,1996,Non-ferrous ores,299.071415
Oceania,1996,Non-metallic minerals - construction dominant,182.814603
Oceania,1996,Non-metallic minerals - industrial or agricultural dominant,22.783206
Oceania,1996,Petroleum,33.584764
Oceania,1996,Wild catch and harvest,0.745985
Oceania,1996,Wood,30.596194
Oceania,1997,Coal,268.02500000000003
Oceania,1997,Crop Residues,69.016379
Oceania,1997,Crops,100.92863
Oceania,1997,Ferrous ores,158.76372800000001
Oceania,1997,Grazed biomass and fodder crops,319.27317700000003
Oceania,1997,Natural Gas,25.399841000000002
Oceania,1997,Non-ferrous ores,307.65389
Oceania,1997,Non-metallic minerals - construction dominant,183.577117
Oceania,1997,Non-metallic minerals - industrial or agricultural dominant,24.281678999999997
Oceania,1997,Petroleum,33.136688
Oceania,1997,Wild catch and harvest,1.016137
Oceania,1997,Wood,32.345086
Oceania,1998,Coal,290.478
Oceania,1998,Crop Residues,65.146895
Oceania,1998,Crops,96.36843499999999
Oceania,1998,Ferrous ores,162.955325
Oceania,1998,Grazed biomass and fodder crops,315.235634
Oceania,1998,Natural Gas,25.820102000000002
Oceania,1998,Non-ferrous ores,322.287867
Oceania,1998,Non-metallic minerals - construction dominant,184.026932
Oceania,1998,Non-metallic minerals - industrial or agricultural dominant,23.081950000000003
Oceania,1998,Petroleum,35.556534
Oceania,1998,Wild catch and harvest,1.0662179999999999
Oceania,1998,Wood,32.136724
Oceania,1999,Coal,294.509
Oceania,1999,Crop Residues,69.498827
Oceania,1999,Crops,101.405731
Oceania,1999,Ferrous ores,153.861376
Oceania,1999,Grazed biomass and fodder crops,313.564305
Oceania,1999,Natural Gas,27.143402
Oceania,1999,Non-ferrous ores,340.84344000000004
Oceania,1999,Non-metallic minerals - construction dominant,185.378949
Oceania,1999,Non-metallic minerals - industrial or agricultural dominant,22.788781999999998
Oceania,1999,Petroleum,30.377495
Oceania,1999,Wild catch and harvest,1.015385
Oceania,1999,Wood,33.130021
Oceania,2000,Coal,310.18
Oceania,2000,Crop Residues,70.475663
Oceania,2000,Crops,101.948448
Oceania,2000,Ferrous ores,174.19978
Oceania,2000,Grazed biomass and fodder crops,319.847235
Oceania,2000,Natural Gas,28.222405000000002
Oceania,2000,Non-ferrous ores,367.171179
Oceania,2000,Non-metallic minerals - construction dominant,185.495897
Oceania,2000,Non-metallic minerals - industrial or agricultural dominant,22.117227
Oceania,2000,Petroleum,37.600342
Oceania,2000,Wild catch and harvest,0.969669
Oceania,2000,Wood,35.488241
Oceania,2001,Coal,333.089
Oceania,2001,Crop Residues,61.92193
Oceania,2001,Crops,90.691839
Oceania,2001,Ferrous ores,183.0714
Oceania,2001,Grazed biomass and fodder crops,316.367669
Oceania,2001,Natural Gas,28.945837
Oceania,2001,Non-ferrous ores,366.726969
Oceania,2001,Non-metallic minerals - construction dominant,196.164436
Oceania,2001,Non-metallic minerals - industrial or agricultural dominant,24.532182000000002
Oceania,2001,Petroleum,37.979227
Oceania,2001,Wild catch and harvest,1.034502
Oceania,2001,Wood,35.773268
Oceania,2002,Coal,344.357
Oceania,2002,Crop Residues,66.31235000000001
Oceania,2002,Crops,96.558053
Oceania,2002,Ferrous ores,190.49994999999998
Oceania,2002,Grazed biomass and fodder crops,316.579324
Oceania,2002,Natural Gas,29.749807
Oceania,2002,Non-ferrous ores,358.339403
Oceania,2002,Non-metallic minerals - construction dominant,191.214944
Oceania,2002,Non-metallic minerals - industrial or agricultural dominant,25.452414
Oceania,2002,Petroleum,35.5
Oceania,2002,Wild catch and harvest,1.063806
Oceania,2002,Wood,35.723535
Oceania,2003,Coal,346.841
Oceania,2003,Crop Residues,50.063769
Oceania,2003,Crops,79.55099600000001
Oceania,2003,Ferrous ores,214.827913
Oceania,2003,Grazed biomass and fodder crops,305.620159
Oceania,2003,Natural Gas,28.125621
Oceania,2003,Non-ferrous ores,366.74361
Oceania,2003,Non-metallic minerals - construction dominant,204.75983399999998
Oceania,2003,Non-metallic minerals - industrial or agricultural dominant,26.210857
Oceania,2003,Petroleum,34.24
Oceania,2003,Wild catch and harvest,1.147356
Oceania,2003,Wood,36.782748999999995
Oceania,2004,Coal,355.45899999999995
Oceania,2004,Crop Residues,71.942597
Oceania,2004,Crops,105.524742
Oceania,2004,Ferrous ores,236.33141700000002
Oceania,2004,Grazed biomass and fodder crops,310.88521499999996
Oceania,2004,Natural Gas,27.941695999999997
Oceania,2004,Non-ferrous ores,358.59684799999997
Oceania,2004,Non-metallic minerals - construction dominant,223.55194
Oceania,2004,Non-metallic minerals - industrial or agricultural dominant,25.37636
Oceania,2004,Petroleum,30.336000000000002
Oceania,2004,Wild catch and harvest,1.328757
Oceania,2004,Wood,36.320628
Oceania,2005,Coal,375.85699999999997
Oceania,2005,Crop Residues,67.33976200000001
Oceania,2005,Crops,100.29227599999999
Oceania,2005,Ferrous ores,263.304411
Oceania,2005,Grazed biomass and fodder crops,312.707564
Oceania,2005,Natural Gas,29.065942999999997
Oceania,2005,Non-ferrous ores,371.033796
Oceania,2005,Non-metallic minerals - construction dominant,213.659918
Oceania,2005,Non-metallic minerals - industrial or agricultural dominant,29.370843
Oceania,2005,Petroleum,27.871000000000002
Oceania,2005,Wild catch and harvest,1.3409
Oceania,2005,Wood,36.185521
Oceania,2006,Coal,380.327
Oceania,2006,Crop Residues,71.213729
Oceania,2006,Crops,104.149531
Oceania,2006,Ferrous ores,276.31482700000004
Oceania,2006,Grazed biomass and fodder crops,310.991504
Oceania,2006,Natural Gas,33.080793
Oceania,2006,Non-ferrous ores,354.197128
Oceania,2006,Non-metallic minerals - construction dominant,219.741993
Oceania,2006,Non-metallic minerals - industrial or agricultural dominant,30.890218
Oceania,2006,Petroleum,25.883000000000003
Oceania,2006,Wild catch and harvest,1.236747
Oceania,2006,Wood,36.49403
Oceania,2007,Coal,395.87399999999997
Oceania,2007,Crop Residues,51.073682
Oceania,2007,Crops,79.731502
Oceania,2007,Ferrous ores,300.098216
Oceania,2007,Grazed biomass and fodder crops,304.778597
Oceania,2007,Natural Gas,35.193799000000006
Oceania,2007,Non-ferrous ores,354.522653
Oceania,2007,Non-metallic minerals - construction dominant,244.618045
Oceania,2007,Non-metallic minerals - industrial or agricultural dominant,26.654836
Oceania,2007,Petroleum,28.533
Oceania,2007,Wild catch and harvest,1.247897
Oceania,2007,Wood,37.554933
Oceania,2008,Coal,397.082
Oceania,2008,Crop Residues,56.979351
Oceania,2008,Crops,85.827442
Oceania,2008,Ferrous ores,342.425126
Oceania,2008,Grazed biomass and fodder crops,293.093208
Oceania,2008,Natural Gas,36.375078
Oceania,2008,Non-ferrous ores,345.683608
Oceania,2008,Non-metallic minerals - construction dominant,229.660617
Oceania,2008,Non-metallic minerals - industrial or agricultural dominant,24.740892
Oceania,2008,Petroleum,27.53
Oceania,2008,Wild catch and harvest,1.128019
Oceania,2008,Wood,37.743187
Oceania,2009,Coal,412.411
Oceania,2009,Crop Residues,64.109287
Oceania,2009,Crops,93.617947
Oceania,2009,Ferrous ores,392.592461
Oceania,2009,Grazed biomass and fodder crops,294.835225
Oceania,2009,Natural Gas,38.114452
Oceania,2009,Non-ferrous ores,345.642178
Oceania,2009,Non-metallic minerals - construction dominant,259.110138
Oceania,2009,Non-metallic minerals - industrial or agricultural dominant,21.041919
Oceania,2009,Petroleum,27.908
Oceania,2009,Wild catch and harvest,1.1221130000000001
Oceania,2009,Wood,36.457408
Oceania,2010,Coal,441.21799999999996
Oceania,2010,Crop Residues,63.225694000000004
Oceania,2010,Crops,92.66536099999999
Oceania,2010,Ferrous ores,435.11382100000003
Oceania,2010,Grazed biomass and fodder crops,284.759513
Oceania,2010,Natural Gas,40.580148
Oceania,2010,Non-ferrous ores,369.095908
Oceania,2010,Non-metallic minerals - construction dominant,212.441967
Oceania,2010,Non-metallic minerals - industrial or agricultural dominant,22.095472
Oceania,2010,Petroleum,27.202
Oceania,2010,Wild catch and harvest,1.118318
Oceania,2010,Wood,39.742907
Oceania,2011,Coal,419.762
Oceania,2011,Crop Residues,67.75048699999999
Oceania,2011,Crops,95.272328
Oceania,2011,Ferrous ores,479.53445899999997
Oceania,2011,Grazed biomass and fodder crops,298.316807
Oceania,2011,Natural Gas,42.921589
Oceania,2011,Non-ferrous ores,375.666349
Oceania,2011,Non-metallic minerals - construction dominant,222.06626500000002
Oceania,2011,Non-metallic minerals - industrial or agricultural dominant,27.069566
Oceania,2011,Petroleum,25.512999999999998
Oceania,2011,Wild catch and harvest,1.098103
Oceania,2011,Wood,41.18209
Oceania,2012,Coal,439.622
Oceania,2012,Crop Residues,73.157865
Oceania,2012,Crops,101.039633
Oceania,2012,Ferrous ores,521.751176
Oceania,2012,Grazed biomass and fodder crops,299.85839999999996
Oceania,2012,Natural Gas,41.48725
Oceania,2012,Non-ferrous ores,378.142028
Oceania,2012,Non-metallic minerals - construction dominant,217.24050499999998
Oceania,2012,Non-metallic minerals - industrial or agricultural dominant,26.475049
Oceania,2012,Petroleum,24.566279
Oceania,2012,Wild catch and harvest,1.201872
Oceania,2012,Wood,39.679227000000004
Oceania,2013,Coal,463.055
Oceania,2013,Crop Residues,67.82533600000001
Oceania,2013,Crops,95.31750799999999
Oceania,2013,Ferrous ores,612.886317
Oceania,2013,Grazed biomass and fodder crops,305.296731
Oceania,2013,Natural Gas,48.67807
Oceania,2013,Non-ferrous ores,400.815339
Oceania,2013,Non-metallic minerals - construction dominant,208.06852700000002
Oceania,2013,Non-metallic minerals - industrial or agricultural dominant,30.032923
Oceania,2013,Petroleum,21.609002
Oceania,2013,Wild catch and harvest,1.148426
Oceania,2013,Wood,40.600371
Oceania,2014,Coal,492.779
Oceania,2014,Crop Residues,72.685351
Oceania,2014,Crops,101.38681700000001
Oceania,2014,Ferrous ores,742.927613
Oceania,2014,Grazed biomass and fodder crops,301.54957
Oceania,2014,Natural Gas,51.220476
Oceania,2014,Non-ferrous ores,396.629317
Oceania,2014,Non-metallic minerals - construction dominant,285.716411
Oceania,2014,Non-metallic minerals - industrial or agricultural dominant,28.097289999999997
Oceania,2014,Petroleum,21.005783
Oceania,2014,Wild catch and harvest,1.23898
Oceania,2014,Wood,42.563866
Oceania,2015,Coal,515.822
Oceania,2015,Crop Residues,71.350998
Oceania,2015,Crops,101.06912799999999
Oceania,2015,Ferrous ores,813.075485
Oceania,2015,Grazed biomass and fodder crops,288.03644
Oceania,2015,Natural Gas,54.131057999999996
Oceania,2015,Non-ferrous ores,397.454161
Oceania,2015,Non-metallic minerals - construction dominant,277.229936
Oceania,2015,Non-metallic minerals - industrial or agricultural dominant,22.185632000000002
Oceania,2015,Petroleum,20.429534
Oceania,2015,Wild catch and harvest,1.303783
Oceania,2015,Wood,43.116512
Oceania,2016,Coal,503.209
Oceania,2016,Crop Residues,70.83139200000001
Oceania,2016,Crops,101.606725
Oceania,2016,Ferrous ores,861.521452
Oceania,2016,Grazed biomass and fodder crops,271.18886299999997
Oceania,2016,Natural Gas,70.070994
Oceania,2016,Non-ferrous ores,396.874636
Oceania,2016,Non-metallic minerals - construction dominant,248.042257
Oceania,2016,Non-metallic minerals - industrial or agricultural dominant,21.46565
Oceania,2016,Petroleum,19.585981
Oceania,2016,Wild catch and harvest,1.368315
Oceania,2016,Wood,44.735334
Oceania,2017,Coal,502.385563
Oceania,2017,Crop Residues,89.02536599999999
Oceania,2017,Crops,122.719713
Oceania,2017,Ferrous ores,889.364738
Oceania,2017,Grazed biomass and fodder crops,280.889862
Oceania,2017,Natural Gas,86.50107
Oceania,2017,Non-ferrous ores,403.596703
Oceania,2017,Non-metallic minerals - construction dominant,286.000645
Oceania,2017,Non-metallic minerals - industrial or agricultural dominant,24.019811999999998
Oceania,2017,Petroleum,17.152703
Oceania,2017,Wild catch and harvest,1.3659890000000001
Oceania,2017,Wood,49.934206
Oceania,2018,Coal,488.32079799999997
Oceania,2018,Crop Residues,72.174442
Oceania,2018,Crops,101.850956
Oceania,2018,Ferrous ores,911.818648
Oceania,2018,Grazed biomass and fodder crops,280.698508
Oceania,2018,Natural Gas,95.878124
Oceania,2018,Non-ferrous ores,430.543498
Oceania,2018,Non-metallic minerals - construction dominant,302.61371399999996
Oceania,2018,Non-metallic minerals - industrial or agricultural dominant,23.784996
Oceania,2018,Petroleum,16.095961
Oceania,2018,Wild catch and harvest,1.453878
Oceania,2018,Wood,50.641245
Oceania,2019,Coal,506.802983
Oceania,2019,Crop Residues,63.285942999999996
Oceania,2019,Crops,92.15617900000001
Oceania,2019,Ferrous ores,921.045579
Oceania,2019,Grazed biomass and fodder crops,268.347751
Oceania,2019,Natural Gas,111.36466399999999
Oceania,2019,Non-ferrous ores,449.959967
Oceania,2019,Non-metallic minerals - construction dominant,307.981001
Oceania,2019,Non-metallic minerals - industrial or agricultural dominant,21.851557999999997
Oceania,2019,Petroleum,18.238759
Oceania,2019,Wild catch and harvest,1.544476
Oceania,2019,Wood,50.477334
Oceania,2020,Coal,495.59968200000003
Oceania,2020,Crop Residues,58.690699
Oceania,2020,Crops,86.502143
Oceania,2020,Ferrous ores,922.063223
Oceania,2020,Grazed biomass and fodder crops,258.770524
Oceania,2020,Natural Gas,119.243999
Oceania,2020,Non-ferrous ores,431.434479
Oceania,2020,Non-metallic minerals - construction dominant,308.848627
Oceania,2020,Non-metallic minerals - industrial or agricultural dominant,21.814830999999998
Oceania,2020,Petroleum,21.687785
Oceania,2020,Wild catch and harvest,1.412889
Oceania,2020,Wood,48.055241
Oceania,2021,Coal,463.091611
Oceania,2021,Crop Residues,85.52041399999999
Oceania,2021,Crops,117.84300300000001
Oceania,2021,Ferrous ores,963.898085
Oceania,2021,Grazed biomass and fodder crops,266.899754
Oceania,2021,Natural Gas,114.94065599999999
Oceania,2021,Non-ferrous ores,453.685963
Oceania,2021,Non-metallic minerals - construction dominant,316.863105
Oceania,2021,Non-metallic minerals - industrial or agricultural dominant,22.488234
Oceania,2021,Petroleum,19.584594
Oceania,2021,Wild catch and harvest,1.451818
Oceania,2021,Wood,46.595497
Oceania,2022,Coal,460.136584
Oceania,2022,Crop Residues,87.613758
Oceania,2022,Crops,121.000204
Oceania,2022,Ferrous ores,988.8777349999999
Oceania,2022,Grazed biomass and fodder crops,273.685702
Oceania,2022,Natural Gas,113.345287
Oceania,2022,Non-ferrous ores,464.14711600000004
Oceania,2022,Non-metallic minerals - construction dominant,327.258317
Oceania,2022,Non-metallic minerals - industrial or agricultural dominant,23.281791000000002
Oceania,2022,Petroleum,19.877216
Oceania,2022,Wild catch and harvest,1.489908
Oceania,2022,Wood,47.587896
Oceania,2023,Coal,456.55325600000003
Oceania,2023,Crop Residues,89.182684
Oceania,2023,Crops,123.256742
Oceania,2023,Ferrous ores,1017.814282
Oceania,2023,Grazed biomass and fodder crops,278.06515
Oceania,2023,Natural Gas,111.61288099999999
Oceania,2023,Non-ferrous ores,471.57771499999996
Oceania,2023,Non-metallic minerals - construction dominant,335.011905
Oceania,2023,Non-metallic minerals - industrial or agricultural dominant,23.80095
Oceania,2023,Petroleum,20.030619
Oceania,2023,Wild catch and harvest,1.530181
Oceania,2023,Wood,48.455666
Oceania,2024,Coal,452.859972
Oceania,2024,Crop Residues,90.52273
Oceania,2024,Crops,125.219238
Oceania,2024,Ferrous ores,1048.397402
Oceania,2024,Grazed biomass and fodder crops,281.31471
Oceania,2024,Natural Gas,106.98554
Oceania,2024,Non-ferrous ores,479.798197
Oceania,2024,Non-metallic minerals - construction dominant,342.81499
Oceania,2024,Non-metallic minerals - industrial or agricultural dominant,24.330559
Oceania,2024,Petroleum,20.105953
Oceania,2024,Wild catch and harvest,1.570489
Oceania,2024,Wood,49.204937
South Asia,1970,Coal,73.293
South Asia,1970,Crop Residues,385.108482
South Asia,1970,Crops,380.964129
South Asia,1970,Ferrous ores,31.366
South Asia,1970,Grazed biomass and fodder crops,384.531015
South Asia,1970,Natural Gas,2.043666
South Asia,1970,Non-ferrous ores,5.222588999999999
South Asia,1970,Non-metallic minerals - construction dominant,438.967442
South Asia,1970,Non-metallic minerals - industrial or agricultural dominant,7.160439
South Asia,1970,Petroleum,0
South Asia,1970,Wild catch and harvest,1.8278020000000001
South Asia,1970,Wood,164.620586
South Asia,1971,Coal,74.591
South Asia,1971,Crop Residues,369.240806
South Asia,1971,Crops,372.85313499999995
South Asia,1971,Ferrous ores,33.45
South Asia,1971,Grazed biomass and fodder crops,385.71888
South Asia,1971,Natural Gas,2.135394
South Asia,1971,Non-ferrous ores,6.049269
South Asia,1971,Non-metallic minerals - construction dominant,447.253398
South Asia,1971,Non-metallic minerals - industrial or agricultural dominant,7.682519
South Asia,1971,Petroleum,0.001
South Asia,1971,Wild catch and harvest,1.901069
South Asia,1971,Wood,169.537961
South Asia,1972,Coal,78.555
South Asia,1972,Crop Residues,348.708767
South Asia,1972,Crops,351.774314
South Asia,1972,Ferrous ores,35.476
South Asia,1972,Grazed biomass and fodder crops,383.990774
South Asia,1972,Natural Gas,2.656278
South Asia,1972,Non-ferrous ores,6.437242
South Asia,1972,Non-metallic minerals - construction dominant,459.99073
South Asia,1972,Non-metallic minerals - industrial or agricultural dominant,8.583523999999999
South Asia,1972,Petroleum,0.001
South Asia,1972,Wild catch and harvest,1.859744
South Asia,1972,Wood,174.94395999999998
South Asia,1973,Coal,79.908
South Asia,1973,Crop Residues,386.94259
South Asia,1973,Crops,380.74058199999996
South Asia,1973,Ferrous ores,35.562
South Asia,1973,Grazed biomass and fodder crops,385.555177
South Asia,1973,Natural Gas,2.70306
South Asia,1973,Non-ferrous ores,5.950855
South Asia,1973,Non-metallic minerals - construction dominant,467.21161
South Asia,1973,Non-metallic minerals - industrial or agricultural dominant,9.293682
South Asia,1973,Petroleum,0.002
South Asia,1973,Wild catch and harvest,2.035807
South Asia,1973,Wood,179.295954
South Asia,1974,Coal,89.522
South Asia,1974,Crop Residues,373.19044
South Asia,1974,Crops,384.52117000000004
South Asia,1974,Ferrous ores,35.485
South Asia,1974,Grazed biomass and fodder crops,389.618202
South Asia,1974,Natural Gas,2.915604
South Asia,1974,Non-ferrous ores,6.4580850000000005
South Asia,1974,Non-metallic minerals - construction dominant,460.111206
South Asia,1974,Non-metallic minerals - industrial or agricultural dominant,8.350624
South Asia,1974,Petroleum,0.002
South Asia,1974,Wild catch and harvest,2.182723
South Asia,1974,Wood,183.79742100000001
South Asia,1975,Coal,100.492
South Asia,1975,Crop Residues,419.770403
South Asia,1975,Crops,418.215913
South Asia,1975,Ferrous ores,41.794
South Asia,1975,Grazed biomass and fodder crops,393.80145500000003
South Asia,1975,Natural Gas,2.92068
South Asia,1975,Non-ferrous ores,7.217998000000001
South Asia,1975,Non-metallic minerals - construction dominant,468.52144
South Asia,1975,Non-metallic minerals - industrial or agricultural dominant,9.637593
South Asia,1975,Petroleum,0.002
South Asia,1975,Wild catch and harvest,1.9780429999999998
South Asia,1975,Wood,185.32689299999998
South Asia,1976,Coal,102.674
South Asia,1976,Crop Residues,405.03589600000004
South Asia,1976,Crops,410.007457
South Asia,1976,Ferrous ores,43.868
South Asia,1976,Grazed biomass and fodder crops,398.142304
South Asia,1976,Natural Gas,3.008034
South Asia,1976,Non-ferrous ores,7.782527
South Asia,1976,Non-metallic minerals - construction dominant,501.613659
South Asia,1976,Non-metallic minerals - industrial or agricultural dominant,6.975472
South Asia,1976,Petroleum,0.229
South Asia,1976,Wild catch and harvest,1.9441609999999998
South Asia,1976,Wood,189.747193
South Asia,1977,Coal,102.086
South Asia,1977,Crop Residues,437.976381
South Asia,1977,Crops,440.702806
South Asia,1977,Ferrous ores,42.598
South Asia,1977,Grazed biomass and fodder crops,400.74638699999997
South Asia,1977,Natural Gas,3.159018
South Asia,1977,Non-ferrous ores,8.321575
South Asia,1977,Non-metallic minerals - construction dominant,519.8759739999999
South Asia,1977,Non-metallic minerals - industrial or agricultural dominant,9.702698999999999
South Asia,1977,Petroleum,1.4389999999999998
South Asia,1977,Wild catch and harvest,2.015367
South Asia,1977,Wood,191.900584
South Asia,1978,Coal,96.668
South Asia,1978,Crop Residues,465.85010900000003
South Asia,1978,Crops,475.127868
South Asia,1978,Ferrous ores,38.838
South Asia,1978,Grazed biomass and fodder crops,410.350382
South Asia,1978,Natural Gas,3.2391
South Asia,1978,Non-ferrous ores,7.809637
South Asia,1978,Non-metallic minerals - construction dominant,537.935929
South Asia,1978,Non-metallic minerals - industrial or agricultural dominant,11.68693
South Asia,1978,Petroleum,2.969
South Asia,1978,Wild catch and harvest,1.9847620000000001
South Asia,1978,Wood,194.412863
South Asia,1979,Coal,97.938
South Asia,1979,Crop Residues,422.501929
South Asia,1979,Crops,436.532459
South Asia,1979,Ferrous ores,38.859
South Asia,1979,Grazed biomass and fodder crops,418.03462
South Asia,1979,Natural Gas,3.347298
South Asia,1979,Non-ferrous ores,8.678387
South Asia,1979,Non-metallic minerals - construction dominant,545.937003
South Asia,1979,Non-metallic minerals - industrial or agricultural dominant,11.988708
South Asia,1979,Petroleum,4.408
South Asia,1979,Wild catch and harvest,1.9857879999999999
South Asia,1979,Wood,201.96571999999998
South Asia,1980,Coal,110.34405199999999
South Asia,1980,Crop Residues,427.64056800000003
South Asia,1980,Crops,425.95326900000003
South Asia,1980,Ferrous ores,41.936
South Asia,1980,Grazed biomass and fodder crops,410.910213
South Asia,1980,Natural Gas,3.562704
South Asia,1980,Non-ferrous ores,8.131689
South Asia,1980,Non-metallic minerals - construction dominant,552.9408249999999
South Asia,1980,Non-metallic minerals - industrial or agricultural dominant,13.339109
South Asia,1980,Petroleum,4.537
South Asia,1980,Wild catch and harvest,2.042155
South Asia,1980,Wood,204.779211
South Asia,1981,Coal,120.626092
South Asia,1981,Crop Residues,465.79845
South Asia,1981,Crops,467.037279
South Asia,1981,Ferrous ores,41.46
South Asia,1981,Grazed biomass and fodder crops,417.766596
South Asia,1981,Natural Gas,3.713202
South Asia,1981,Non-ferrous ores,8.106262
South Asia,1981,Non-metallic minerals - construction dominant,585.356016
South Asia,1981,Non-metallic minerals - industrial or agricultural dominant,14.224478
South Asia,1981,Petroleum,7.029
South Asia,1981,Wild catch and harvest,2.084586
South Asia,1981,Wood,207.869176
South Asia,1982,Coal,128.609132
South Asia,1982,Crop Residues,464.559364
South Asia,1982,Crops,489.267434
South Asia,1982,Ferrous ores,41.997
South Asia,1982,Grazed biomass and fodder crops,427.431437
South Asia,1982,Natural Gas,4.458456
South Asia,1982,Non-ferrous ores,7.805205
South Asia,1982,Non-metallic minerals - construction dominant,614.512812
South Asia,1982,Non-metallic minerals - industrial or agricultural dominant,13.061478
South Asia,1982,Petroleum,11.523
South Asia,1982,Wild catch and harvest,2.015612
South Asia,1982,Wood,212.65134899999998
South Asia,1983,Coal,135.751172
South Asia,1983,Crop Residues,523.204496
South Asia,1983,Crops,530.747622
South Asia,1983,Ferrous ores,38.672
South Asia,1983,Grazed biomass and fodder crops,431.374402
South Asia,1983,Natural Gas,4.9977
South Asia,1983,Non-ferrous ores,9.711404
South Asia,1983,Non-metallic minerals - construction dominant,626.024014
South Asia,1983,Non-metallic minerals - industrial or agricultural dominant,12.123657999999999
South Asia,1983,Petroleum,16.826957
South Asia,1983,Wild catch and harvest,2.102996
South Asia,1983,Wood,216.02738
South Asia,1984,Coal,146.41840200000001
South Asia,1984,Crop Residues,512.768737
South Asia,1984,Crops,521.848009
South Asia,1984,Ferrous ores,41.943
South Asia,1984,Grazed biomass and fodder crops,434.256553
South Asia,1984,Natural Gas,5.798916
South Asia,1984,Non-ferrous ores,10.205353
South Asia,1984,Non-metallic minerals - construction dominant,651.1332460000001
South Asia,1984,Non-metallic minerals - industrial or agricultural dominant,13.664698999999999
South Asia,1984,Petroleum,19.311914
South Asia,1984,Wild catch and harvest,2.146986
South Asia,1984,Wood,220.785334
South Asia,1985,Coal,152.62840500000001
South Asia,1985,Crop Residues,503.613086
South Asia,1985,Crops,521.8290030000001
South Asia,1985,Ferrous ores,44.186
South Asia,1985,Grazed biomass and fodder crops,437.497367
South Asia,1985,Natural Gas,6.4978739999999995
South Asia,1985,Non-ferrous ores,11.145376
South Asia,1985,Non-metallic minerals - construction dominant,690.7083269999999
South Asia,1985,Non-metallic minerals - industrial or agricultural dominant,15.905931
South Asia,1985,Petroleum,20.811893
South Asia,1985,Wild catch and harvest,2.108748
South Asia,1985,Wood,224.754581
South Asia,1986,Coal,168.120803
South Asia,1986,Crop Residues,500.478665
South Asia,1986,Crops,521.950127
South Asia,1986,Ferrous ores,51.61
South Asia,1986,Grazed biomass and fodder crops,441.132201
South Asia,1986,Natural Gas,7.87707
South Asia,1986,Non-ferrous ores,12.293774
South Asia,1986,Non-metallic minerals - construction dominant,730.372646
South Asia,1986,Non-metallic minerals - industrial or agricultural dominant,16.01597
South Asia,1986,Petroleum,21.574893
South Asia,1986,Wild catch and harvest,2.2251440000000002
South Asia,1986,Wood,228.640402
South Asia,1987,Coal,181.937833
South Asia,1987,Crop Residues,498.46398500000004
South Asia,1987,Crops,529.422454
South Asia,1987,Ferrous ores,49.417481
South Asia,1987,Grazed biomass and fodder crops,445.209741
South Asia,1987,Natural Gas,8.120732
South Asia,1987,Non-ferrous ores,13.25987
South Asia,1987,Non-metallic minerals - construction dominant,752.536489
South Asia,1987,Non-metallic minerals - industrial or agricultural dominant,15.357852999999999
South Asia,1987,Petroleum,20.461893
South Asia,1987,Wild catch and harvest,2.112723
South Asia,1987,Wood,232.464599
South Asia,1988,Coal,198.627838
South Asia,1988,Crop Residues,566.590029
South Asia,1988,Crops,576.854493
South Asia,1988,Ferrous ores,49.962876
South Asia,1988,Grazed biomass and fodder crops,449.715036
South Asia,1988,Natural Gas,9.185226
South Asia,1988,Non-ferrous ores,14.688753
South Asia,1988,Non-metallic minerals - construction dominant,804.217354
South Asia,1988,Non-metallic minerals - industrial or agricultural dominant,15.840608
South Asia,1988,Petroleum,21.456872
South Asia,1988,Wild catch and harvest,2.20571
South Asia,1988,Wood,233.80954000000003
South Asia,1989,Coal,204.18021
South Asia,1989,Crop Residues,609.7777199999999
South Asia,1989,Crops,609.3538169999999
South Asia,1989,Ferrous ores,51.434
South Asia,1989,Grazed biomass and fodder crops,453.723051
South Asia,1989,Natural Gas,9.718174
South Asia,1989,Non-ferrous ores,15.4014
South Asia,1989,Non-metallic minerals - construction dominant,851.559392
South Asia,1989,Non-metallic minerals - industrial or agricultural dominant,16.503609
South Asia,1989,Petroleum,22.299892999999997
South Asia,1989,Wild catch and harvest,2.388839
South Asia,1989,Wood,236.651966
South Asia,1990,Coal,219.554582
South Asia,1990,Crop Residues,611.968691
South Asia,1990,Crops,629.697095
South Asia,1990,Ferrous ores,53.702
South Asia,1990,Grazed biomass and fodder crops,457.67649
South Asia,1990,Natural Gas,10.638464
South Asia,1990,Non-ferrous ores,16.123608
South Asia,1990,Non-metallic minerals - construction dominant,877.04712
South Asia,1990,Non-metallic minerals - industrial or agricultural dominant,16.446594
South Asia,1990,Petroleum,23.106829
South Asia,1990,Wild catch and harvest,2.525728
South Asia,1990,Wood,246.52806099999998
South Asia,1991,Coal,239.030954
South Asia,1991,Crop Residues,611.469655
South Asia,1991,Crops,654.4629689999999
South Asia,1991,Ferrous ores,56.915
South Asia,1991,Grazed biomass and fodder crops,461.183399
South Asia,1991,Natural Gas,12.078842
South Asia,1991,Non-ferrous ores,14.853138
South Asia,1991,Non-metallic minerals - construction dominant,909.4194669999999
South Asia,1991,Non-metallic minerals - industrial or agricultural dominant,17.428499000000002
South Asia,1991,Petroleum,21.59385
South Asia,1991,Wild catch and harvest,2.541228
South Asia,1991,Wood,252.77392
South Asia,1992,Coal,248.914178
South Asia,1992,Crop Residues,658.822259
South Asia,1992,Crops,683.879942
South Asia,1992,Ferrous ores,57.495
South Asia,1992,Grazed biomass and fodder crops,466.488431
South Asia,1992,Natural Gas,13.62199
South Asia,1992,Non-ferrous ores,16.154501999999997
South Asia,1992,Non-metallic minerals - construction dominant,924.156904
South Asia,1992,Non-metallic minerals - industrial or agricultural dominant,21.192543
South Asia,1992,Petroleum,19.015807
South Asia,1992,Wild catch and harvest,2.468685
South Asia,1992,Wood,254.57299799999998
South Asia,1993,Coal,256.273001
South Asia,1993,Crop Residues,644.4274839999999
South Asia,1993,Crops,673.4668350000001
South Asia,1993,Ferrous ores,59.645
South Asia,1993,Grazed biomass and fodder crops,468.042324
South Asia,1993,Natural Gas,13.80813
South Asia,1993,Non-ferrous ores,16.27817
South Asia,1993,Non-metallic minerals - construction dominant,956.011067
South Asia,1993,Non-metallic minerals - industrial or agricultural dominant,21.461325
South Asia,1993,Petroleum,17.261786
South Asia,1993,Wild catch and harvest,2.769076
South Asia,1993,Wood,257.17305600000003
South Asia,1994,Coal,266.16700099999997
South Asia,1994,Crop Residues,650.4224829999999
South Asia,1994,Crops,683.66415
South Asia,1994,Ferrous ores,64.507
South Asia,1994,Grazed biomass and fodder crops,470.532455
South Asia,1994,Natural Gas,14.931076
South Asia,1994,Non-ferrous ores,16.045135
South Asia,1994,Non-metallic minerals - construction dominant,996.507419
South Asia,1994,Non-metallic minerals - industrial or agricultural dominant,20.40599
South Asia,1994,Petroleum,21.4167
South Asia,1994,Wild catch and harvest,2.889928
South Asia,1994,Wood,258.735352
South Asia,1995,Coal,284.518334
South Asia,1995,Crop Residues,682.4643970000001
South Asia,1995,Crops,734.3047270000001
South Asia,1995,Ferrous ores,67.418
South Asia,1995,Grazed biomass and fodder crops,473.48129600000004
South Asia,1995,Natural Gas,19.173802
South Asia,1995,Non-ferrous ores,16.703557
South Asia,1995,Non-metallic minerals - construction dominant,1056.098845
South Asia,1995,Non-metallic minerals - industrial or agricultural dominant,21.234516000000003
South Asia,1995,Petroleum,22.887765
South Asia,1995,Wild catch and harvest,2.921111
South Asia,1995,Wood,259.666656
South Asia,1996,Coal,300.79900100000003
South Asia,1996,Crop Residues,712.0691390000001
South Asia,1996,Crops,755.5333529999999
South Asia,1996,Ferrous ores,68.173
South Asia,1996,Grazed biomass and fodder crops,474.349833
South Asia,1996,Natural Gas,19.594437
South Asia,1996,Non-ferrous ores,17.285498
South Asia,1996,Non-metallic minerals - construction dominant,1155.115026
South Asia,1996,Non-metallic minerals - industrial or agricultural dominant,23.456098
South Asia,1996,Petroleum,25.0607
South Asia,1996,Wild catch and harvest,3.048051
South Asia,1996,Wood,252.43675900000002
South Asia,1997,Coal,311.63400099999996
South Asia,1997,Crop Residues,710.9340540000001
South Asia,1997,Crops,769.674742
South Asia,1997,Ferrous ores,75.723
South Asia,1997,Grazed biomass and fodder crops,475.647731
South Asia,1997,Natural Gas,21.796839000000002
South Asia,1997,Non-ferrous ores,16.327509000000003
South Asia,1997,Non-metallic minerals - construction dominant,1190.475072
South Asia,1997,Non-metallic minerals - industrial or agricultural dominant,23.38608
South Asia,1997,Petroleum,25.953658
South Asia,1997,Wild catch and harvest,3.123494
South Asia,1997,Wood,250.469785
South Asia,1998,Coal,308.73064999999997
South Asia,1998,Crop Residues,717.1850810000001
South Asia,1998,Crops,776.4502279999999
South Asia,1998,Ferrous ores,72.23
South Asia,1998,Grazed biomass and fodder crops,474.239224
South Asia,1998,Natural Gas,22.753111
South Asia,1998,Non-ferrous ores,17.406748
South Asia,1998,Non-metallic minerals - construction dominant,1275.650738
South Asia,1998,Non-metallic minerals - industrial or agricultural dominant,20.776671999999998
South Asia,1998,Petroleum,25.139679
South Asia,1998,Wild catch and harvest,3.13179
South Asia,1998,Wood,251.385209
South Asia,1999,Coal,317.60029899999995
South Asia,1999,Crop Residues,754.8039100000001
South Asia,1999,Crops,834.28242
South Asia,1999,Ferrous ores,74.946
South Asia,1999,Grazed biomass and fodder crops,474.785534
South Asia,1999,Natural Gas,21.287555
South Asia,1999,Non-ferrous ores,17.726642
South Asia,1999,Non-metallic minerals - construction dominant,1312.466116
South Asia,1999,Non-metallic minerals - industrial or agricultural dominant,23.296191999999998
South Asia,1999,Petroleum,25.3717
South Asia,1999,Wild catch and harvest,3.3100259999999997
South Asia,1999,Wood,252.024499
South Asia,2000,Coal,329.22594799999996
South Asia,2000,Crop Residues,749.8231649999999
South Asia,2000,Crops,822.809214
South Asia,2000,Ferrous ores,80.762
South Asia,2000,Grazed biomass and fodder crops,471.911398
South Asia,2000,Natural Gas,22.312188
South Asia,2000,Non-ferrous ores,19.338893
South Asia,2000,Non-metallic minerals - construction dominant,1351.5916280000001
South Asia,2000,Non-metallic minerals - industrial or agricultural dominant,25.114675000000002
South Asia,2000,Petroleum,36.641465
South Asia,2000,Wild catch and harvest,3.523381
South Asia,2000,Wood,252.560985
South Asia,2001,Coal,344.606511
South Asia,2001,Crop Residues,757.55794
South Asia,2001,Crops,830.793768
South Asia,2001,Ferrous ores,86.226
South Asia,2001,Grazed biomass and fodder crops,469.31854400000003
South Asia,2001,Natural Gas,22.935684000000002
South Asia,2001,Non-ferrous ores,19.805269000000003
South Asia,2001,Non-metallic minerals - construction dominant,1426.3529720000001
South Asia,2001,Non-metallic minerals - industrial or agricultural dominant,23.706127
South Asia,2001,Petroleum,36.350318
South Asia,2001,Wild catch and harvest,3.6116669999999997
South Asia,2001,Wood,253.046526
South Asia,2002,Coal,359.09232199999997
South Asia,2002,Crop Residues,697.283089
South Asia,2002,Crops,787.312008
South Asia,2002,Ferrous ores,99.072
South Asia,2002,Grazed biomass and fodder crops,471.495997
South Asia,2002,Natural Gas,24.722975
South Asia,2002,Non-ferrous ores,22.848662
South Asia,2002,Non-metallic minerals - construction dominant,1526.395163
South Asia,2002,Non-metallic minerals - industrial or agricultural dominant,27.281903000000003
South Asia,2002,Petroleum,37.515716
South Asia,2002,Wild catch and harvest,3.558328
South Asia,2002,Wood,268.875711
South Asia,2003,Coal,381.717648
South Asia,2003,Crop Residues,766.6372329999999
South Asia,2003,Crops,829.825354
South Asia,2003,Ferrous ores,122.838
South Asia,2003,Grazed biomass and fodder crops,471.800131
South Asia,2003,Natural Gas,26.287882
South Asia,2003,Non-ferrous ores,24.462111
South Asia,2003,Non-metallic minerals - construction dominant,1589.499104
South Asia,2003,Non-metallic minerals - industrial or agricultural dominant,24.987772
South Asia,2003,Petroleum,37.647716
South Asia,2003,Wild catch and harvest,3.626825
South Asia,2003,Wood,270.553561
South Asia,2004,Coal,405.406597
South Asia,2004,Crop Residues,720.317378
South Asia,2004,Crops,765.2493939999999
South Asia,2004,Ferrous ores,145.942
South Asia,2004,Grazed biomass and fodder crops,480.505392
South Asia,2004,Natural Gas,26.675269999999998
South Asia,2004,Non-ferrous ores,27.457402000000002
South Asia,2004,Non-metallic minerals - construction dominant,1655.4811519999998
South Asia,2004,Non-metallic minerals - industrial or agricultural dominant,26.133938
South Asia,2004,Petroleum,38.681716
South Asia,2004,Wild catch and harvest,3.4232489999999998
South Asia,2004,Wood,272.42675199999996
South Asia,2005,Coal,429.648281
South Asia,2005,Crop Residues,756.796355
South Asia,2005,Crops,804.7744190000001
South Asia,2005,Ferrous ores,165.23567899999998
South Asia,2005,Grazed biomass and fodder crops,489.349376
South Asia,2005,Natural Gas,27.623445
South Asia,2005,Non-ferrous ores,28.497579000000002
South Asia,2005,Non-metallic minerals - construction dominant,1790.749413
South Asia,2005,Non-metallic minerals - industrial or agricultural dominant,31.028503999999998
South Asia,2005,Petroleum,36.717716
South Asia,2005,Wild catch and harvest,3.777939
South Asia,2005,Wood,273.9369
South Asia,2006,Coal,454.149458
South Asia,2006,Crop Residues,796.30747
South Asia,2006,Crops,872.621315
South Asia,2006,Ferrous ores,187.7013
South Asia,2006,Grazed biomass and fodder crops,498.09675300000004
South Asia,2006,Natural Gas,28.550787999999997
South Asia,2006,Non-ferrous ores,33.449649
South Asia,2006,Non-metallic minerals - construction dominant,1931.431464
South Asia,2006,Non-metallic minerals - industrial or agricultural dominant,30.254205000000002
South Asia,2006,Petroleum,38.529716
South Asia,2006,Wild catch and harvest,4.041440000000001
South Asia,2006,Wood,274.935975
South Asia,2007,Coal,482.918955
South Asia,2007,Crop Residues,897.6100690000001
South Asia,2007,Crops,989.565553
South Asia,2007,Ferrous ores,213.246
South Asia,2007,Grazed biomass and fodder crops,507.60258799999997
South Asia,2007,Natural Gas,30.431169
South Asia,2007,Non-ferrous ores,42.107170999999994
South Asia,2007,Non-metallic minerals - construction dominant,2050.437661
South Asia,2007,Non-metallic minerals - industrial or agricultural dominant,30.358051
South Asia,2007,Petroleum,39.054716
South Asia,2007,Wild catch and harvest,4.050375
South Asia,2007,Wood,275.935055
South Asia,2008,Coal,518.226711
South Asia,2008,Crop Residues,900.894944
South Asia,2008,Crops,1001.6107030000001
South Asia,2008,Ferrous ores,212.96
South Asia,2008,Grazed biomass and fodder crops,507.793722
South Asia,2008,Natural Gas,34.972896999999996
South Asia,2008,Non-ferrous ores,34.582472
South Asia,2008,Non-metallic minerals - construction dominant,2182.730802
South Asia,2008,Non-metallic minerals - industrial or agricultural dominant,33.227585999999995
South Asia,2008,Petroleum,38.662121
South Asia,2008,Wild catch and harvest,4.284642
South Asia,2008,Wood,276.861133
South Asia,2009,Coal,559.2655540000001
South Asia,2009,Crop Residues,834.565897
South Asia,2009,Crops,926.620441
South Asia,2009,Ferrous ores,218.553
South Asia,2009,Grazed biomass and fodder crops,507.560412
South Asia,2009,Natural Gas,46.292497000000004
South Asia,2009,Non-ferrous ores,33.06926
South Asia,2009,Non-metallic minerals - construction dominant,2339.896198
South Asia,2009,Non-metallic minerals - industrial or agricultural dominant,41.267958
South Asia,2009,Petroleum,39.001929999999994
South Asia,2009,Wild catch and harvest,4.521076
South Asia,2009,Wood,277.781109
South Asia,2010,Coal,563.846827
South Asia,2010,Crop Residues,901.482301
South Asia,2010,Crops,986.00249
South Asia,2010,Ferrous ores,207.157
South Asia,2010,Grazed biomass and fodder crops,508.828848
South Asia,2010,Natural Gas,50.701637000000005
South Asia,2010,Non-ferrous ores,34.548538
South Asia,2010,Non-metallic minerals - construction dominant,2441.819877
South Asia,2010,Non-metallic minerals - industrial or agricultural dominant,47.794086
South Asia,2010,Petroleum,42.676930000000006
South Asia,2010,Wild catch and harvest,5.064152
South Asia,2010,Wood,278.777056
South Asia,2011,Coal,577.213929
South Asia,2011,Crop Residues,967.658973
South Asia,2011,Crops,1072.816617
South Asia,2011,Ferrous ores,168.582
South Asia,2011,Grazed biomass and fodder crops,508.414009
South Asia,2011,Natural Gas,47.57041
South Asia,2011,Non-ferrous ores,33.396637
South Asia,2011,Non-metallic minerals - construction dominant,2807.248748
South Asia,2011,Non-metallic minerals - industrial or agricultural dominant,51.079321
South Asia,2011,Petroleum,43.216930000000005
South Asia,2011,Wild catch and harvest,4.480889
South Asia,2011,Wood,278.72441100000003
South Asia,2012,Coal,596.949752
South Asia,2012,Crop Residues,984.695438
South Asia,2012,Crops,1106.797304
South Asia,2012,Ferrous ores,136.62174199999998
South Asia,2012,Grazed biomass and fodder crops,506.621067
South Asia,2012,Natural Gas,43.407383
South Asia,2012,Non-ferrous ores,37.547014
South Asia,2012,Non-metallic minerals - construction dominant,2990.7919370000004
South Asia,2012,Non-metallic minerals - industrial or agricultural dominant,53.854349
South Asia,2012,Petroleum,42.845335
South Asia,2012,Wild catch and harvest,4.926758
South Asia,2012,Wood,278.227199
South Asia,2013,Coal,605.155766
South Asia,2013,Crop Residues,991.112659
South Asia,2013,Crops,1114.795484
South Asia,2013,Ferrous ores,152.203506
South Asia,2013,Grazed biomass and fodder crops,504.60879700000004
South Asia,2013,Natural Gas,40.300339
South Asia,2013,Non-ferrous ores,44.001526
South Asia,2013,Non-metallic minerals - construction dominant,3027.718043
South Asia,2013,Non-metallic minerals - industrial or agricultural dominant,48.535727
South Asia,2013,Petroleum,42.537144
South Asia,2013,Wild catch and harvest,4.719748
South Asia,2013,Wood,277.725953
South Asia,2014,Coal,652.423316
South Asia,2014,Crop Residues,999.756993
South Asia,2014,Crops,1140.130309
South Asia,2014,Ferrous ores,129.339997
South Asia,2014,Grazed biomass and fodder crops,502.73116
South Asia,2014,Natural Gas,39.407551999999995
South Asia,2014,Non-ferrous ores,42.142466
South Asia,2014,Non-metallic minerals - construction dominant,2658.091873
South Asia,2014,Non-metallic minerals - industrial or agricultural dominant,60.615419
South Asia,2014,Petroleum,41.900144
South Asia,2014,Wild catch and harvest,4.9883239999999995
South Asia,2014,Wood,277.22551599999997
South Asia,2015,Coal,677.113986
South Asia,2015,Crop Residues,978.712317
South Asia,2015,Crops,1125.058044
South Asia,2015,Ferrous ores,158.151202
South Asia,2015,Grazed biomass and fodder crops,507.15945800000003
South Asia,2015,Natural Gas,39.779766
South Asia,2015,Non-ferrous ores,50.242703999999996
South Asia,2015,Non-metallic minerals - construction dominant,2880.827441
South Asia,2015,Non-metallic minerals - industrial or agricultural dominant,59.352168
South Asia,2015,Petroleum,41.459144
South Asia,2015,Wild catch and harvest,4.975112
South Asia,2015,Wood,276.734494
South Asia,2016,Coal,698.403409
South Asia,2016,Crop Residues,980.56159
South Asia,2016,Crops,1131.520974
South Asia,2016,Ferrous ores,194.612065
South Asia,2016,Grazed biomass and fodder crops,510.35907399999996
South Asia,2016,Natural Gas,41.591301
South Asia,2016,Non-ferrous ores,47.974049
South Asia,2016,Non-metallic minerals - construction dominant,3154.517122
South Asia,2016,Non-metallic minerals - industrial or agricultural dominant,69.28503500000001
South Asia,2016,Petroleum,41.616144
South Asia,2016,Wild catch and harvest,5.241236
South Asia,2016,Wood,275.722446
South Asia,2017,Coal,718.8285460000001
South Asia,2017,Crop Residues,997.322368
South Asia,2017,Crops,1134.173949
South Asia,2017,Ferrous ores,201.459746
South Asia,2017,Grazed biomass and fodder crops,512.880166
South Asia,2017,Natural Gas,42.024163
South Asia,2017,Non-ferrous ores,46.961907000000004
South Asia,2017,Non-metallic minerals - construction dominant,3236.3385390000003
South Asia,2017,Non-metallic minerals - industrial or agricultural dominant,69.30184
South Asia,2017,Petroleum,41.668503
South Asia,2017,Wild catch and harvest,5.562076
South Asia,2017,Wood,274.734464
South Asia,2018,Coal,770.384746
South Asia,2018,Crop Residues,1076.268777
South Asia,2018,Crops,1236.101038
South Asia,2018,Ferrous ores,206.484239
South Asia,2018,Grazed biomass and fodder crops,516.3737120000001
South Asia,2018,Natural Gas,42.463093
South Asia,2018,Non-ferrous ores,49.525164
South Asia,2018,Non-metallic minerals - construction dominant,3377.8707289999998
South Asia,2018,Non-metallic minerals - industrial or agricultural dominant,71.001424
South Asia,2018,Petroleum,39.688458
South Asia,2018,Wild catch and harvest,5.593545
South Asia,2018,Wood,273.721761
South Asia,2019,Coal,770.505493
South Asia,2019,Crop Residues,1098.745535
South Asia,2019,Crops,1271.076047
South Asia,2019,Ferrous ores,246.11813099999998
South Asia,2019,Grazed biomass and fodder crops,519.170336
South Asia,2019,Natural Gas,40.391484999999996
South Asia,2019,Non-ferrous ores,46.26568
South Asia,2019,Non-metallic minerals - construction dominant,3500.073457
South Asia,2019,Non-metallic minerals - industrial or agricultural dominant,71.518087
South Asia,2019,Petroleum,37.47363
South Asia,2019,Wild catch and harvest,5.684369
South Asia,2019,Wood,272.734838
South Asia,2020,Coal,750.0246020000001
South Asia,2020,Crop Residues,1111.640506
South Asia,2020,Crops,1259.256744
South Asia,2020,Ferrous ores,204.495734
South Asia,2020,Grazed biomass and fodder crops,522.132493
South Asia,2020,Natural Gas,37.587584
South Asia,2020,Non-ferrous ores,44.182314
South Asia,2020,Non-metallic minerals - construction dominant,3349.242251
South Asia,2020,Non-metallic minerals - industrial or agricultural dominant,69.563744
South Asia,2020,Petroleum,34.981091000000006
South Asia,2020,Wild catch and harvest,5.650003
South Asia,2020,Wood,271.754928
South Asia,2021,Coal,819.650904
South Asia,2021,Crop Residues,1171.544103
South Asia,2021,Crops,1326.7813840000001
South Asia,2021,Ferrous ores,218.88021
South Asia,2021,Grazed biomass and fodder crops,522.200191
South Asia,2021,Natural Gas,38.98418
South Asia,2021,Non-ferrous ores,47.11091
South Asia,2021,Non-metallic minerals - construction dominant,3579.259364
South Asia,2021,Non-metallic minerals - industrial or agricultural dominant,74.21587
South Asia,2021,Petroleum,36.610080999999994
South Asia,2021,Wild catch and harvest,5.91769
South Asia,2021,Wood,270.773707
South Asia,2022,Coal,848.070821
South Asia,2022,Crop Residues,1219.782577
South Asia,2022,Crops,1386.370188
South Asia,2022,Ferrous ores,232.458237
South Asia,2022,Grazed biomass and fodder crops,533.063724
South Asia,2022,Natural Gas,40.5718
South Asia,2022,Non-ferrous ores,49.303008
South Asia,2022,Non-metallic minerals - construction dominant,3833.8097439999997
South Asia,2022,Non-metallic minerals - industrial or agricultural dominant,79.436476
South Asia,2022,Petroleum,38.151027
South Asia,2022,Wild catch and harvest,6.207402
South Asia,2022,Wood,273.263414
South Asia,2023,Coal,870.184636
South Asia,2023,Crop Residues,1263.448609
South Asia,2023,Crops,1439.0457370000001
South Asia,2023,Ferrous ores,245.638181
South Asia,2023,Grazed biomass and fodder crops,540.109794
South Asia,2023,Natural Gas,42.035118
South Asia,2023,Non-ferrous ores,51.505883
South Asia,2023,Non-metallic minerals - construction dominant,4070.524785
South Asia,2023,Non-metallic minerals - industrial or agricultural dominant,84.428638
South Asia,2023,Petroleum,39.3949
South Asia,2023,Wild catch and harvest,6.481406
South Asia,2023,Wood,273.130404
South Asia,2024,Coal,893.468893
South Asia,2024,Crop Residues,1309.2697540000001
South Asia,2024,Crops,1494.120622
South Asia,2024,Ferrous ores,259.64433
South Asia,2024,Grazed biomass and fodder crops,547.5806709999999
South Asia,2024,Natural Gas,43.633606
South Asia,2024,Non-ferrous ores,53.678354
South Asia,2024,Non-metallic minerals - construction dominant,4330.232951
South Asia,2024,Non-metallic minerals - industrial or agricultural dominant,89.893793
South Asia,2024,Petroleum,40.746824
South Asia,2024,Wild catch and harvest,6.768288
South Asia,2024,Wood,273.191045
Sub-Saharan Africa,1970,Coal,62.001
Sub-Saharan Africa,1970,Crop Residues,234.442072
Sub-Saharan Africa,1970,Crops,220.595693
Sub-Saharan Africa,1970,Ferrous ores,47.18
Sub-Saharan Africa,1970,Grazed biomass and fodder crops,410.182867
Sub-Saharan Africa,1970,Natural Gas,0.151506
Sub-Saharan Africa,1970,Non-ferrous ores,506.065637
Sub-Saharan Africa,1970,Non-metallic minerals - construction dominant,108.516369
Sub-Saharan Africa,1970,Non-metallic minerals - industrial or agricultural dominant,89.524542
Sub-Saharan Africa,1970,Petroleum,64.71000000000001
Sub-Saharan Africa,1970,Wild catch and harvest,2.87678
Sub-Saharan Africa,1970,Wood,215.067654
Sub-Saharan Africa,1971,Coal,62.973
Sub-Saharan Africa,1971,Crop Residues,247.436517
Sub-Saharan Africa,1971,Crops,226.536325
Sub-Saharan Africa,1971,Ferrous ores,50.23500000000001
Sub-Saharan Africa,1971,Grazed biomass and fodder crops,415.841714
Sub-Saharan Africa,1971,Natural Gas,0.276444
Sub-Saharan Africa,1971,Non-ferrous ores,498.142984
Sub-Saharan Africa,1971,Non-metallic minerals - construction dominant,120.965289
Sub-Saharan Africa,1971,Non-metallic minerals - industrial or agricultural dominant,87.088422
Sub-Saharan Africa,1971,Petroleum,87.898
Sub-Saharan Africa,1971,Wild catch and harvest,2.969436
Sub-Saharan Africa,1971,Wood,217.980094
Sub-Saharan Africa,1972,Coal,62.690999999999995
Sub-Saharan Africa,1972,Crop Residues,240.665583
Sub-Saharan Africa,1972,Crops,224.445694
Sub-Saharan Africa,1972,Ferrous ores,48.88
Sub-Saharan Africa,1972,Grazed biomass and fodder crops,417.849753
Sub-Saharan Africa,1972,Natural Gas,0.363492
Sub-Saharan Africa,1972,Non-ferrous ores,492.28474
Sub-Saharan Africa,1972,Non-metallic minerals - construction dominant,128.978016
Sub-Saharan Africa,1972,Non-metallic minerals - industrial or agricultural dominant,86.193153
Sub-Saharan Africa,1972,Petroleum,104.62
Sub-Saharan Africa,1972,Wild catch and harvest,3.136068
Sub-Saharan Africa,1972,Wood,219.86172200000001
Sub-Saharan Africa,1973,Coal,66.95
Sub-Saharan Africa,1973,Crop Residues,225.110072
Sub-Saharan Africa,1973,Crops,221.36323
Sub-Saharan Africa,1973,Ferrous ores,51.543
Sub-Saharan Africa,1973,Grazed biomass and fodder crops,418.041448
Sub-Saharan Africa,1973,Natural Gas,0.602442
Sub-Saharan Africa,1973,Non-ferrous ores,498.502967
Sub-Saharan Africa,1973,Non-metallic minerals - construction dominant,141.757607
Sub-Saharan Africa,1973,Non-metallic minerals - industrial or agricultural dominant,86.070177
Sub-Saharan Africa,1973,Petroleum,119.608
Sub-Saharan Africa,1973,Wild catch and harvest,3.401043
Sub-Saharan Africa,1973,Wood,223.728548
Sub-Saharan Africa,1974,Coal,70.50699999999999
Sub-Saharan Africa,1974,Crop Residues,270.995118
Sub-Saharan Africa,1974,Crops,243.19902000000002
Sub-Saharan Africa,1974,Ferrous ores,55.206
Sub-Saharan Africa,1974,Grazed biomass and fodder crops,420.351201
Sub-Saharan Africa,1974,Natural Gas,0.728586
Sub-Saharan Africa,1974,Non-ferrous ores,479.381107
Sub-Saharan Africa,1974,Non-metallic minerals - construction dominant,144.922919
Sub-Saharan Africa,1974,Non-metallic minerals - industrial or agricultural dominant,87.055783
Sub-Saharan Africa,1974,Petroleum,132.572
Sub-Saharan Africa,1974,Wild catch and harvest,3.40587
Sub-Saharan Africa,1974,Wood,224.67019200000001
Sub-Saharan Africa,1975,Coal,73.709
Sub-Saharan Africa,1975,Crop Residues,261.061927
Sub-Saharan Africa,1975,Crops,244.480783
Sub-Saharan Africa,1975,Ferrous ores,46.225
Sub-Saharan Africa,1975,Grazed biomass and fodder crops,429.13088
Sub-Saharan Africa,1975,Natural Gas,0.454176
Sub-Saharan Africa,1975,Non-ferrous ores,453.48986299999996
Sub-Saharan Africa,1975,Non-metallic minerals - construction dominant,151.928527
Sub-Saharan Africa,1975,Non-metallic minerals - industrial or agricultural dominant,81.176966
Sub-Saharan Africa,1975,Petroleum,109.111
Sub-Saharan Africa,1975,Wild catch and harvest,3.176249
Sub-Saharan Africa,1975,Wood,229.833038
Sub-Saharan Africa,1976,Coal,80.95
Sub-Saharan Africa,1976,Crop Residues,261.508599
Sub-Saharan Africa,1976,Crops,246.349404
Sub-Saharan Africa,1976,Ferrous ores,52.718
Sub-Saharan Africa,1976,Grazed biomass and fodder crops,435.193883
Sub-Saharan Africa,1976,Natural Gas,0.525258
Sub-Saharan Africa,1976,Non-ferrous ores,459.769273
Sub-Saharan Africa,1976,Non-metallic minerals - construction dominant,153.439758
Sub-Saharan Africa,1976,Non-metallic minerals - industrial or agricultural dominant,77.601188
Sub-Saharan Africa,1976,Petroleum,125.449
Sub-Saharan Africa,1976,Wild catch and harvest,2.965065
Sub-Saharan Africa,1976,Wood,234.227782
Sub-Saharan Africa,1977,Coal,89.351
Sub-Saharan Africa,1977,Crop Residues,265.176186
Sub-Saharan Africa,1977,Crops,248.654993
Sub-Saharan Africa,1977,Ferrous ores,60.335
Sub-Saharan Africa,1977,Grazed biomass and fodder crops,447.014116
Sub-Saharan Africa,1977,Natural Gas,2.67417
Sub-Saharan Africa,1977,Non-ferrous ores,433.473396
Sub-Saharan Africa,1977,Non-metallic minerals - construction dominant,175.981569
Sub-Saharan Africa,1977,Non-metallic minerals - industrial or agricultural dominant,78.86796600000001
Sub-Saharan Africa,1977,Petroleum,124.05
Sub-Saharan Africa,1977,Wild catch and harvest,3.169232
Sub-Saharan Africa,1977,Wood,238.669726
Sub-Saharan Africa,1978,Coal,94.02600000000001
Sub-Saharan Africa,1978,Crop Residues,265.092751
Sub-Saharan Africa,1978,Crops,249.74138
Sub-Saharan Africa,1978,Ferrous ores,50.252
Sub-Saharan Africa,1978,Grazed biomass and fodder crops,460.726068
Sub-Saharan Africa,1978,Natural Gas,1.8981359999999998
Sub-Saharan Africa,1978,Non-ferrous ores,438.70916600000004
Sub-Saharan Africa,1978,Non-metallic minerals - construction dominant,176.809734
Sub-Saharan Africa,1978,Non-metallic minerals - industrial or agricultural dominant,85.254298
Sub-Saharan Africa,1978,Petroleum,115.97500000000001
Sub-Saharan Africa,1978,Wild catch and harvest,3.147742
Sub-Saharan Africa,1978,Wood,245.271546
Sub-Saharan Africa,1979,Coal,107.335
Sub-Saharan Africa,1979,Crop Residues,256.71047600000003
Sub-Saharan Africa,1979,Crops,247.411274
Sub-Saharan Africa,1979,Ferrous ores,60.484532
Sub-Saharan Africa,1979,Grazed biomass and fodder crops,473.175345
Sub-Saharan Africa,1979,Natural Gas,0.995454
Sub-Saharan Africa,1979,Non-ferrous ores,434.790019
Sub-Saharan Africa,1979,Non-metallic minerals - construction dominant,184.490748
Sub-Saharan Africa,1979,Non-metallic minerals - industrial or agricultural dominant,84.0351
Sub-Saharan Africa,1979,Petroleum,137.856
Sub-Saharan Africa,1979,Wild catch and harvest,3.093848
Sub-Saharan Africa,1979,Wood,250.38066800000001
Sub-Saharan Africa,1980,Coal,119.180003
Sub-Saharan Africa,1980,Crop Residues,270.345657
Sub-Saharan Africa,1980,Crops,249.713878
Sub-Saharan Africa,1980,Ferrous ores,54.773161
Sub-Saharan Africa,1980,Grazed biomass and fodder crops,475.689211
Sub-Saharan Africa,1980,Natural Gas,0.99666
Sub-Saharan Africa,1980,Non-ferrous ores,442.04232
Sub-Saharan Africa,1980,Non-metallic minerals - construction dominant,197.640404
Sub-Saharan Africa,1980,Non-metallic minerals - industrial or agricultural dominant,89.437376
Sub-Saharan Africa,1980,Petroleum,127.567
Sub-Saharan Africa,1980,Wild catch and harvest,2.94195
Sub-Saharan Africa,1980,Wood,257.415971
Sub-Saharan Africa,1981,Coal,131.950004
Sub-Saharan Africa,1981,Crop Residues,299.555826
Sub-Saharan Africa,1981,Crops,271.031002
Sub-Saharan Africa,1981,Ferrous ores,57.660856
Sub-Saharan Africa,1981,Grazed biomass and fodder crops,483.79381
Sub-Saharan Africa,1981,Natural Gas,3.71358
Sub-Saharan Africa,1981,Non-ferrous ores,432.886149
Sub-Saharan Africa,1981,Non-metallic minerals - construction dominant,211.664495
Sub-Saharan Africa,1981,Non-metallic minerals - industrial or agricultural dominant,87.885631
Sub-Saharan Africa,1981,Petroleum,95.898
Sub-Saharan Africa,1981,Wild catch and harvest,3.012707
Sub-Saharan Africa,1981,Wood,263.922508
Sub-Saharan Africa,1982,Coal,142.684003
Sub-Saharan Africa,1982,Crop Residues,276.631215
Sub-Saharan Africa,1982,Crops,268.224987
Sub-Saharan Africa,1982,Ferrous ores,51.078916
Sub-Saharan Africa,1982,Grazed biomass and fodder crops,497.844181
Sub-Saharan Africa,1982,Natural Gas,3.746232
Sub-Saharan Africa,1982,Non-ferrous ores,424.511643
Sub-Saharan Africa,1982,Non-metallic minerals - construction dominant,220.314282
Sub-Saharan Africa,1982,Non-metallic minerals - industrial or agricultural dominant,88.158354
Sub-Saharan Africa,1982,Petroleum,89.888
Sub-Saharan Africa,1982,Wild catch and harvest,3.025074
Sub-Saharan Africa,1982,Wood,269.106761
Sub-Saharan Africa,1983,Coal,149.551004
Sub-Saharan Africa,1983,Crop Residues,256.221225
Sub-Saharan Africa,1983,Crops,256.42626
Sub-Saharan Africa,1983,Ferrous ores,40.529923
Sub-Saharan Africa,1983,Grazed biomass and fodder crops,501.959257
Sub-Saharan Africa,1983,Natural Gas,1.753488
Sub-Saharan Africa,1983,Non-ferrous ores,433.064256
Sub-Saharan Africa,1983,Non-metallic minerals - construction dominant,208.95469699999998
Sub-Saharan Africa,1983,Non-metallic minerals - industrial or agricultural dominant,102.290997
Sub-Saharan Africa,1983,Petroleum,91.302
Sub-Saharan Africa,1983,Wild catch and harvest,3.192878
Sub-Saharan Africa,1983,Wood,276.252132
Sub-Saharan Africa,1984,Coal,167.07200500000002
Sub-Saharan Africa,1984,Crop Residues,266.73629999999997
Sub-Saharan Africa,1984,Crops,269.887879
Sub-Saharan Africa,1984,Ferrous ores,50.284257000000004
Sub-Saharan Africa,1984,Grazed biomass and fodder crops,489.929047
Sub-Saharan Africa,1984,Natural Gas,1.5509700000000002
Sub-Saharan Africa,1984,Non-ferrous ores,468.713081
Sub-Saharan Africa,1984,Non-metallic minerals - construction dominant,186.153672
Sub-Saharan Africa,1984,Non-metallic minerals - industrial or agricultural dominant,119.761715
Sub-Saharan Africa,1984,Petroleum,103.28699999999999
Sub-Saharan Africa,1984,Wild catch and harvest,3.080544
Sub-Saharan Africa,1984,Wood,282.95622
Sub-Saharan Africa,1985,Coal,178.218506
Sub-Saharan Africa,1985,Crop Residues,306.925942
Sub-Saharan Africa,1985,Crops,285.937953
Sub-Saharan Africa,1985,Ferrous ores,49.214842
Sub-Saharan Africa,1985,Grazed biomass and fodder crops,494.722062
Sub-Saharan Africa,1985,Natural Gas,2.08566
Sub-Saharan Africa,1985,Non-ferrous ores,469.384612
Sub-Saharan Africa,1985,Non-metallic minerals - construction dominant,169.649747
Sub-Saharan Africa,1985,Non-metallic minerals - industrial or agricultural dominant,121.836496
Sub-Saharan Africa,1985,Petroleum,112.143
Sub-Saharan Africa,1985,Wild catch and harvest,3.124688
Sub-Saharan Africa,1985,Wood,290.339932
Sub-Saharan Africa,1986,Coal,181.93900499999998
Sub-Saharan Africa,1986,Crop Residues,324.598096
Sub-Saharan Africa,1986,Crops,297.650744
Sub-Saharan Africa,1986,Ferrous ores,47.281733
Sub-Saharan Africa,1986,Grazed biomass and fodder crops,500.513007
Sub-Saharan Africa,1986,Natural Gas,2.472138
Sub-Saharan Africa,1986,Non-ferrous ores,467.10567100000003
Sub-Saharan Africa,1986,Non-metallic minerals - construction dominant,180.306156
Sub-Saharan Africa,1986,Non-metallic minerals - industrial or agricultural dominant,126.184007
Sub-Saharan Africa,1986,Petroleum,112.914
Sub-Saharan Africa,1986,Wild catch and harvest,3.309049
Sub-Saharan Africa,1986,Wood,295.292349
Sub-Saharan Africa,1987,Coal,183.105069
Sub-Saharan Africa,1987,Crop Residues,318.333862
Sub-Saharan Africa,1987,Crops,299.204899
Sub-Saharan Africa,1987,Ferrous ores,45.886425
Sub-Saharan Africa,1987,Grazed biomass and fodder crops,499.292729
Sub-Saharan Africa,1987,Natural Gas,2.64393
Sub-Saharan Africa,1987,Non-ferrous ores,450.24314200000003
Sub-Saharan Africa,1987,Non-metallic minerals - construction dominant,192.61491
Sub-Saharan Africa,1987,Non-metallic minerals - industrial or agricultural dominant,117.11497
Sub-Saharan Africa,1987,Petroleum,104.75800000000001
Sub-Saharan Africa,1987,Wild catch and harvest,4.152033
Sub-Saharan Africa,1987,Wood,301.858171
Sub-Saharan Africa,1988,Coal,187.833006
Sub-Saharan Africa,1988,Crop Residues,352.830544
Sub-Saharan Africa,1988,Crops,317.993555
Sub-Saharan Africa,1988,Ferrous ores,48.878769999999996
Sub-Saharan Africa,1988,Grazed biomass and fodder crops,510.902989
Sub-Saharan Africa,1988,Natural Gas,2.887866
Sub-Saharan Africa,1988,Non-ferrous ores,458.318327
Sub-Saharan Africa,1988,Non-metallic minerals - construction dominant,206.252093
Sub-Saharan Africa,1988,Non-metallic minerals - industrial or agricultural dominant,116.42415600000001
Sub-Saharan Africa,1988,Petroleum,116.526
Sub-Saharan Africa,1988,Wild catch and harvest,4.079203
Sub-Saharan Africa,1988,Wood,307.92379
Sub-Saharan Africa,1989,Coal,182.819006
Sub-Saharan Africa,1989,Crop Residues,361.437132
Sub-Saharan Africa,1989,Crops,327.971736
Sub-Saharan Africa,1989,Ferrous ores,50.124767999999996
Sub-Saharan Africa,1989,Grazed biomass and fodder crops,525.231406
Sub-Saharan Africa,1989,Natural Gas,3.094794
Sub-Saharan Africa,1989,Non-ferrous ores,449.51437500000003
Sub-Saharan Africa,1989,Non-metallic minerals - construction dominant,196.91703099999998
Sub-Saharan Africa,1989,Non-metallic minerals - industrial or agricultural dominant,118.451561
Sub-Saharan Africa,1989,Petroleum,137.813
Sub-Saharan Africa,1989,Wild catch and harvest,3.712265
Sub-Saharan Africa,1989,Wood,314.906614
Sub-Saharan Africa,1990,Coal,181.95105
Sub-Saharan Africa,1990,Crop Residues,347.245549
Sub-Saharan Africa,1990,Crops,330.425455
Sub-Saharan Africa,1990,Ferrous ores,47.429473
Sub-Saharan Africa,1990,Grazed biomass and fodder crops,537.002879
Sub-Saharan Africa,1990,Natural Gas,4.443948000000001
Sub-Saharan Africa,1990,Non-ferrous ores,447.834133
Sub-Saharan Africa,1990,Non-metallic minerals - construction dominant,201.544261
Sub-Saharan Africa,1990,Non-metallic minerals - industrial or agricultural dominant,118.305739
Sub-Saharan Africa,1990,Petroleum,143.834
Sub-Saharan Africa,1990,Wild catch and harvest,3.811838
Sub-Saharan Africa,1990,Wood,321.403068
Sub-Saharan Africa,1991,Coal,185.840547
Sub-Saharan Africa,1991,Crop Residues,372.216813
Sub-Saharan Africa,1991,Crops,360.252681
Sub-Saharan Africa,1991,Ferrous ores,42.008422
Sub-Saharan Africa,1991,Grazed biomass and fodder crops,546.121245
Sub-Saharan Africa,1991,Natural Gas,5.090202
Sub-Saharan Africa,1991,Non-ferrous ores,438.345963
Sub-Saharan Africa,1991,Non-metallic minerals - construction dominant,206.93685
Sub-Saharan Africa,1991,Non-metallic minerals - industrial or agricultural dominant,114.727613
Sub-Saharan Africa,1991,Petroleum,149.490172
Sub-Saharan Africa,1991,Wild catch and harvest,3.562815
Sub-Saharan Africa,1991,Wood,326.851926
Sub-Saharan Africa,1992,Coal,182.10853
Sub-Saharan Africa,1992,Crop Residues,340.988389
Sub-Saharan Africa,1992,Crops,347.351345
Sub-Saharan Africa,1992,Ferrous ores,40.393885
Sub-Saharan Africa,1992,Grazed biomass and fodder crops,559.146573
Sub-Saharan Africa,1992,Natural Gas,5.260752
Sub-Saharan Africa,1992,Non-ferrous ores,431.672391
Sub-Saharan Africa,1992,Non-metallic minerals - construction dominant,203.637269
Sub-Saharan Africa,1992,Non-metallic minerals - industrial or agricultural dominant,114.722908
Sub-Saharan Africa,1992,Petroleum,154.634897
Sub-Saharan Africa,1992,Wild catch and harvest,4.458585
Sub-Saharan Africa,1992,Wood,336.282899
Sub-Saharan Africa,1993,Coal,195.172314
Sub-Saharan Africa,1993,Crop Residues,381.568171
Sub-Saharan Africa,1993,Crops,359.655465
Sub-Saharan Africa,1993,Ferrous ores,40.700979
Sub-Saharan Africa,1993,Grazed biomass and fodder crops,552.778136
Sub-Saharan Africa,1993,Natural Gas,5.737878
Sub-Saharan Africa,1993,Non-ferrous ores,434.73095900000004
Sub-Saharan Africa,1993,Non-metallic minerals - construction dominant,210.54234
Sub-Saharan Africa,1993,Non-metallic minerals - industrial or agricultural dominant,118.31968499999999
Sub-Saharan Africa,1993,Petroleum,156.042856
Sub-Saharan Africa,1993,Wild catch and harvest,4.437125
Sub-Saharan Africa,1993,Wood,345.982408
Sub-Saharan Africa,1994,Coal,202.32847900000002
Sub-Saharan Africa,1994,Crop Residues,401.596201
Sub-Saharan Africa,1994,Crops,374.342111
Sub-Saharan Africa,1994,Ferrous ores,44.245084000000006
Sub-Saharan Africa,1994,Grazed biomass and fodder crops,565.786846
Sub-Saharan Africa,1994,Natural Gas,5.634828
Sub-Saharan Africa,1994,Non-ferrous ores,426.52568199999996
Sub-Saharan Africa,1994,Non-metallic minerals - construction dominant,210.369722
Sub-Saharan Africa,1994,Non-metallic minerals - industrial or agricultural dominant,122.821841
Sub-Saharan Africa,1994,Petroleum,157.971794
Sub-Saharan Africa,1994,Wild catch and harvest,4.128476
Sub-Saharan Africa,1994,Wood,358.72372
Sub-Saharan Africa,1995,Coal,212.459978
Sub-Saharan Africa,1995,Crop Residues,388.552689
Sub-Saharan Africa,1995,Crops,375.484394
Sub-Saharan Africa,1995,Ferrous ores,44.366926
Sub-Saharan Africa,1995,Grazed biomass and fodder crops,580.023524
Sub-Saharan Africa,1995,Natural Gas,5.664816
Sub-Saharan Africa,1995,Non-ferrous ores,416.633502
Sub-Saharan Africa,1995,Non-metallic minerals - construction dominant,233.958656
Sub-Saharan Africa,1995,Non-metallic minerals - industrial or agricultural dominant,138.112315
Sub-Saharan Africa,1995,Petroleum,166.152849
Sub-Saharan Africa,1995,Wild catch and harvest,4.320776
Sub-Saharan Africa,1995,Wood,368.485056
Sub-Saharan Africa,1996,Coal,212.133028
Sub-Saharan Africa,1996,Crop Residues,433.013757
Sub-Saharan Africa,1996,Crops,403.640099
Sub-Saharan Africa,1996,Ferrous ores,42.548753999999995
Sub-Saharan Africa,1996,Grazed biomass and fodder crops,589.808976
Sub-Saharan Africa,1996,Natural Gas,5.84028
Sub-Saharan Africa,1996,Non-ferrous ores,408.854557
Sub-Saharan Africa,1996,Non-metallic minerals - construction dominant,245.004958
Sub-Saharan Africa,1996,Non-metallic minerals - industrial or agricultural dominant,142.48946800000002
Sub-Saharan Africa,1996,Petroleum,182.769405
Sub-Saharan Africa,1996,Wild catch and harvest,4.252932
Sub-Saharan Africa,1996,Wood,374.661723
Sub-Saharan Africa,1997,Coal,225.437497
Sub-Saharan Africa,1997,Crop Residues,424.157684
Sub-Saharan Africa,1997,Crops,409.001929
Sub-Saharan Africa,1997,Ferrous ores,45.483706
Sub-Saharan Africa,1997,Grazed biomass and fodder crops,608.860071
Sub-Saharan Africa,1997,Natural Gas,6.068862
Sub-Saharan Africa,1997,Non-ferrous ores,425.78146899999996
Sub-Saharan Africa,1997,Non-metallic minerals - construction dominant,255.690254
Sub-Saharan Africa,1997,Non-metallic minerals - industrial or agricultural dominant,141.183403
Sub-Saharan Africa,1997,Petroleum,196.870113
Sub-Saharan Africa,1997,Wild catch and harvest,4.4521
Sub-Saharan Africa,1997,Wood,380.014236
Sub-Saharan Africa,1998,Coal,228.935403
Sub-Saharan Africa,1998,Crop Residues,432.98524199999997
Sub-Saharan Africa,1998,Crops,423.721985
Sub-Saharan Africa,1998,Ferrous ores,44.766619999999996
Sub-Saharan Africa,1998,Grazed biomass and fodder crops,629.507737
Sub-Saharan Africa,1998,Natural Gas,6.117738999999999
Sub-Saharan Africa,1998,Non-ferrous ores,454.078023
Sub-Saharan Africa,1998,Non-metallic minerals - construction dominant,302.033652
Sub-Saharan Africa,1998,Non-metallic minerals - industrial or agricultural dominant,153.065976
Sub-Saharan Africa,1998,Petroleum,193.153505
Sub-Saharan Africa,1998,Wild catch and harvest,4.670906
Sub-Saharan Africa,1998,Wood,382.02671
Sub-Saharan Africa,1999,Coal,229.978326
Sub-Saharan Africa,1999,Crop Residues,444.028436
Sub-Saharan Africa,1999,Crops,434.642249
Sub-Saharan Africa,1999,Ferrous ores,41.195719000000004
Sub-Saharan Africa,1999,Grazed biomass and fodder crops,654.845228
Sub-Saharan Africa,1999,Natural Gas,7.388096
Sub-Saharan Africa,1999,Non-ferrous ores,455.907699
Sub-Saharan Africa,1999,Non-metallic minerals - construction dominant,282.625925
Sub-Saharan Africa,1999,Non-metallic minerals - industrial or agricultural dominant,144.22501
Sub-Saharan Africa,1999,Petroleum,191.502595
Sub-Saharan Africa,1999,Wild catch and harvest,4.851308
Sub-Saharan Africa,1999,Wood,384.990627
Sub-Saharan Africa,2000,Coal,230.545997
Sub-Saharan Africa,2000,Crop Residues,447.679362
Sub-Saharan Africa,2000,Crops,441.811009
Sub-Saharan Africa,2000,Ferrous ores,45.270373
Sub-Saharan Africa,2000,Grazed biomass and fodder crops,658.591577
Sub-Saharan Africa,2000,Natural Gas,11.082613
Sub-Saharan Africa,2000,Non-ferrous ores,465.156318
Sub-Saharan Africa,2000,Non-metallic minerals - construction dominant,286.592227
Sub-Saharan Africa,2000,Non-metallic minerals - industrial or agricultural dominant,138.730527
Sub-Saharan Africa,2000,Petroleum,203.374983
Sub-Saharan Africa,2000,Wild catch and harvest,5.049998
Sub-Saharan Africa,2000,Wood,396.500307
Sub-Saharan Africa,2001,Coal,229.885425
Sub-Saharan Africa,2001,Crop Residues,458.936682
Sub-Saharan Africa,2001,Crops,453.662434
Sub-Saharan Africa,2001,Ferrous ores,45.475106000000004
Sub-Saharan Africa,2001,Grazed biomass and fodder crops,674.544529
Sub-Saharan Africa,2001,Natural Gas,13.140924
Sub-Saharan Africa,2001,Non-ferrous ores,489.81764
Sub-Saharan Africa,2001,Non-metallic minerals - construction dominant,311.802226
Sub-Saharan Africa,2001,Non-metallic minerals - industrial or agricultural dominant,153.40178500000002
Sub-Saharan Africa,2001,Petroleum,208.624481
Sub-Saharan Africa,2001,Wild catch and harvest,5.096165
Sub-Saharan Africa,2001,Wood,402.045824
Sub-Saharan Africa,2002,Coal,226.367788
Sub-Saharan Africa,2002,Crop Residues,471.746616
Sub-Saharan Africa,2002,Crops,469.086109
Sub-Saharan Africa,2002,Ferrous ores,46.318677
Sub-Saharan Africa,2002,Grazed biomass and fodder crops,693.663776
Sub-Saharan Africa,2002,Natural Gas,12.791418
Sub-Saharan Africa,2002,Non-ferrous ores,510.988965
Sub-Saharan Africa,2002,Non-metallic minerals - construction dominant,310.714956
Sub-Saharan Africa,2002,Non-metallic minerals - industrial or agricultural dominant,174.766781
Sub-Saharan Africa,2002,Petroleum,203.97144
Sub-Saharan Africa,2002,Wild catch and harvest,5.116256
Sub-Saharan Africa,2002,Wood,405.977098
Sub-Saharan Africa,2003,Coal,244.07755500000002
Sub-Saharan Africa,2003,Crop Residues,495.266694
Sub-Saharan Africa,2003,Crops,486.232987
Sub-Saharan Africa,2003,Ferrous ores,48.659234000000005
Sub-Saharan Africa,2003,Grazed biomass and fodder crops,709.58276
Sub-Saharan Africa,2003,Natural Gas,17.468434
Sub-Saharan Africa,2003,Non-ferrous ores,506.45779100000004
Sub-Saharan Africa,2003,Non-metallic minerals - construction dominant,313.064651
Sub-Saharan Africa,2003,Non-metallic minerals - industrial or agricultural dominant,183.747172
Sub-Saharan Africa,2003,Petroleum,221.472245
Sub-Saharan Africa,2003,Wild catch and harvest,5.442455
Sub-Saharan Africa,2003,Wood,413.92978899999997
Sub-Saharan Africa,2004,Coal,247.965354
Sub-Saharan Africa,2004,Crop Residues,507.252475
Sub-Saharan Africa,2004,Crops,502.84696
Sub-Saharan Africa,2004,Ferrous ores,50.233758
Sub-Saharan Africa,2004,Grazed biomass and fodder crops,723.325041
Sub-Saharan Africa,2004,Natural Gas,21.537002
Sub-Saharan Africa,2004,Non-ferrous ores,492.71695
Sub-Saharan Africa,2004,Non-metallic minerals - construction dominant,349.970516
Sub-Saharan Africa,2004,Non-metallic minerals - industrial or agricultural dominant,186.211636
Sub-Saharan Africa,2004,Petroleum,251.005403
Sub-Saharan Africa,2004,Wild catch and harvest,5.593485
Sub-Saharan Africa,2004,Wood,420.184389
Sub-Saharan Africa,2005,Coal,250.474842
Sub-Saharan Africa,2005,Crop Residues,545.413774
Sub-Saharan Africa,2005,Crops,529.88745
Sub-Saharan Africa,2005,Ferrous ores,50.742419
Sub-Saharan Africa,2005,Grazed biomass and fodder crops,747.586231
Sub-Saharan Africa,2005,Natural Gas,22.604798
Sub-Saharan Africa,2005,Non-ferrous ores,510.99453
Sub-Saharan Africa,2005,Non-metallic minerals - construction dominant,383.944498
Sub-Saharan Africa,2005,Non-metallic minerals - industrial or agricultural dominant,204.006284
Sub-Saharan Africa,2005,Petroleum,267.600548
Sub-Saharan Africa,2005,Wild catch and harvest,5.672353
Sub-Saharan Africa,2005,Wood,430.751826
Sub-Saharan Africa,2006,Coal,250.054493
Sub-Saharan Africa,2006,Crop Residues,560.4529709999999
Sub-Saharan Africa,2006,Crops,548.119687
Sub-Saharan Africa,2006,Ferrous ores,52.673985
Sub-Saharan Africa,2006,Grazed biomass and fodder crops,760.659025
Sub-Saharan Africa,2006,Natural Gas,25.569837
Sub-Saharan Africa,2006,Non-ferrous ores,518.6392060000001
Sub-Saharan Africa,2006,Non-metallic minerals - construction dominant,425.903868
Sub-Saharan Africa,2006,Non-metallic minerals - industrial or agricultural dominant,222.680412
Sub-Saharan Africa,2006,Petroleum,273.232987
Sub-Saharan Africa,2006,Wild catch and harvest,5.305545
Sub-Saharan Africa,2006,Wood,439.366508
Sub-Saharan Africa,2007,Coal,252.6514
Sub-Saharan Africa,2007,Crop Residues,546.632845
Sub-Saharan Africa,2007,Crops,536.5984579999999
Sub-Saharan Africa,2007,Ferrous ores,54.053612
Sub-Saharan Africa,2007,Grazed biomass and fodder crops,807.677493
Sub-Saharan Africa,2007,Natural Gas,31.779728
Sub-Saharan Africa,2007,Non-ferrous ores,532.152952
Sub-Saharan Africa,2007,Non-metallic minerals - construction dominant,474.957875
Sub-Saharan Africa,2007,Non-metallic minerals - industrial or agricultural dominant,222.468602
Sub-Saharan Africa,2007,Petroleum,281.570759
Sub-Saharan Africa,2007,Wild catch and harvest,5.487241
Sub-Saharan Africa,2007,Wood,442.993608
Sub-Saharan Africa,2008,Coal,256.457275
Sub-Saharan Africa,2008,Crop Residues,593.166961
Sub-Saharan Africa,2008,Crops,559.654929
Sub-Saharan Africa,2008,Ferrous ores,60.017556
Sub-Saharan Africa,2008,Grazed biomass and fodder crops,834.909683
Sub-Saharan Africa,2008,Natural Gas,33.364064
Sub-Saharan Africa,2008,Non-ferrous ores,526.41166
Sub-Saharan Africa,2008,Non-metallic minerals - construction dominant,506.390921
Sub-Saharan Africa,2008,Non-metallic minerals - industrial or agricultural dominant,212.919773
Sub-Saharan Africa,2008,Petroleum,285.270999
Sub-Saharan Africa,2008,Wild catch and harvest,5.49659
Sub-Saharan Africa,2008,Wood,449.005704
Sub-Saharan Africa,2009,Coal,253.586029
Sub-Saharan Africa,2009,Crop Residues,572.969382
Sub-Saharan Africa,2009,Crops,557.037885
Sub-Saharan Africa,2009,Ferrous ores,65.698498
Sub-Saharan Africa,2009,Grazed biomass and fodder crops,850.513838
Sub-Saharan Africa,2009,Natural Gas,26.393401
Sub-Saharan Africa,2009,Non-ferrous ores,527.759454
Sub-Saharan Africa,2009,Non-metallic minerals - construction dominant,496.919514
Sub-Saharan Africa,2009,Non-metallic minerals - industrial or agricultural dominant,156.57789599999998
Sub-Saharan Africa,2009,Petroleum,280.1956
Sub-Saharan Africa,2009,Wild catch and harvest,5.496656
Sub-Saharan Africa,2009,Wood,452.587552
Sub-Saharan Africa,2010,Coal,259.005256
Sub-Saharan Africa,2010,Crop Residues,644.840423
Sub-Saharan Africa,2010,Crops,618.028458
Sub-Saharan Africa,2010,Ferrous ores,69.919753
Sub-Saharan Africa,2010,Grazed biomass and fodder crops,872.001981
Sub-Saharan Africa,2010,Natural Gas,32.852025
Sub-Saharan Africa,2010,Non-ferrous ores,581.281491
Sub-Saharan Africa,2010,Non-metallic minerals - construction dominant,533.437585
Sub-Saharan Africa,2010,Non-metallic minerals - industrial or agricultural dominant,160.31966
Sub-Saharan Africa,2010,Petroleum,295.0953
Sub-Saharan Africa,2010,Wild catch and harvest,5.845993
Sub-Saharan Africa,2010,Wood,457.87854400000003
Sub-Saharan Africa,2011,Coal,257.68288
Sub-Saharan Africa,2011,Crop Residues,625.22083
Sub-Saharan Africa,2011,Crops,619.350505
Sub-Saharan Africa,2011,Ferrous ores,70.515143
Sub-Saharan Africa,2011,Grazed biomass and fodder crops,890.927652
Sub-Saharan Africa,2011,Natural Gas,37.106201
Sub-Saharan Africa,2011,Non-ferrous ores,606.037501
Sub-Saharan Africa,2011,Non-metallic minerals - construction dominant,581.97523
Sub-Saharan Africa,2011,Non-metallic minerals - industrial or agricultural dominant,156.435167
Sub-Saharan Africa,2011,Petroleum,284.86899999999997
Sub-Saharan Africa,2011,Wild catch and harvest,6.0962629999999995
Sub-Saharan Africa,2011,Wood,462.618296
Sub-Saharan Africa,2012,Coal,268.389363
Sub-Saharan Africa,2012,Crop Residues,650.648926
Sub-Saharan Africa,2012,Crops,632.446864
Sub-Saharan Africa,2012,Ferrous ores,88.014942
Sub-Saharan Africa,2012,Grazed biomass and fodder crops,822.564607
Sub-Saharan Africa,2012,Natural Gas,39.829439
Sub-Saharan Africa,2012,Non-ferrous ores,596.696487
Sub-Saharan Africa,2012,Non-metallic minerals - construction dominant,763.972441
Sub-Saharan Africa,2012,Non-metallic minerals - industrial or agricultural dominant,163.76581
Sub-Saharan Africa,2012,Petroleum,267.1949
Sub-Saharan Africa,2012,Wild catch and harvest,6.502894
Sub-Saharan Africa,2012,Wood,455.680025
Sub-Saharan Africa,2013,Coal,267.146437
Sub-Saharan Africa,2013,Crop Residues,655.291212
Sub-Saharan Africa,2013,Crops,654.977028
Sub-Saharan Africa,2013,Ferrous ores,103.569865
Sub-Saharan Africa,2013,Grazed biomass and fodder crops,843.084063
Sub-Saharan Africa,2013,Natural Gas,38.548333
Sub-Saharan Africa,2013,Non-ferrous ores,652.942544
Sub-Saharan Africa,2013,Non-metallic minerals - construction dominant,826.701816
Sub-Saharan Africa,2013,Non-metallic minerals - industrial or agricultural dominant,163.77008899999998
Sub-Saharan Africa,2013,Petroleum,255.7485
Sub-Saharan Africa,2013,Wild catch and harvest,6.421388
Sub-Saharan Africa,2013,Wood,459.59637000000004
Sub-Saharan Africa,2014,Coal,275.33443300000005
Sub-Saharan Africa,2014,Crop Residues,707.85824
Sub-Saharan Africa,2014,Crops,686.984688
Sub-Saharan Africa,2014,Ferrous ores,117.72000399999999
Sub-Saharan Africa,2014,Grazed biomass and fodder crops,862.870729
Sub-Saharan Africa,2014,Natural Gas,42.194574
Sub-Saharan Africa,2014,Non-ferrous ores,645.747286
Sub-Saharan Africa,2014,Non-metallic minerals - construction dominant,803.6511429999999
Sub-Saharan Africa,2014,Non-metallic minerals - industrial or agricultural dominant,160.549063
Sub-Saharan Africa,2014,Petroleum,256.581235
Sub-Saharan Africa,2014,Wild catch and harvest,6.674239
Sub-Saharan Africa,2014,Wood,465.378591
Sub-Saharan Africa,2015,Coal,270.03691000000003
Sub-Saharan Africa,2015,Crop Residues,693.969929
Sub-Saharan Africa,2015,Crops,689.771832
Sub-Saharan Africa,2015,Ferrous ores,95.841099
Sub-Saharan Africa,2015,Grazed biomass and fodder crops,888.911251
Sub-Saharan Africa,2015,Natural Gas,43.545302
Sub-Saharan Africa,2015,Non-ferrous ores,672.907469
Sub-Saharan Africa,2015,Non-metallic minerals - construction dominant,844.792461
Sub-Saharan Africa,2015,Non-metallic minerals - industrial or agricultural dominant,151.013516
Sub-Saharan Africa,2015,Petroleum,259.226582
Sub-Saharan Africa,2015,Wild catch and harvest,6.640822
Sub-Saharan Africa,2015,Wood,471.645981
Sub-Saharan Africa,2016,Coal,264.050998
Sub-Saharan Africa,2016,Crop Residues,711.344474
Sub-Saharan Africa,2016,Crops,706.103584
Sub-Saharan Africa,2016,Ferrous ores,87.72169099999999
Sub-Saharan Africa,2016,Grazed biomass and fodder crops,915.195865
Sub-Saharan Africa,2016,Natural Gas,43.548834
Sub-Saharan Africa,2016,Non-ferrous ores,710.369866
Sub-Saharan Africa,2016,Non-metallic minerals - construction dominant,803.57813
Sub-Saharan Africa,2016,Non-metallic minerals - industrial or agricultural dominant,167.599364
Sub-Saharan Africa,2016,Petroleum,237.529856
Sub-Saharan Africa,2016,Wild catch and harvest,7.12468
Sub-Saharan Africa,2016,Wood,476.336809
Sub-Saharan Africa,2017,Coal,271.138262
Sub-Saharan Africa,2017,Crop Residues,771.745002
Sub-Saharan Africa,2017,Crops,740.361282
Sub-Saharan Africa,2017,Ferrous ores,94.604018
Sub-Saharan Africa,2017,Grazed biomass and fodder crops,927.738449
Sub-Saharan Africa,2017,Natural Gas,48.492382
Sub-Saharan Africa,2017,Non-ferrous ores,785.639787
Sub-Saharan Africa,2017,Non-metallic minerals - construction dominant,763.485842
Sub-Saharan Africa,2017,Non-metallic minerals - industrial or agricultural dominant,223.660231
Sub-Saharan Africa,2017,Petroleum,239.728872
Sub-Saharan Africa,2017,Wild catch and harvest,7.779216
Sub-Saharan Africa,2017,Wood,480.912698
Sub-Saharan Africa,2018,Coal,279.26191
Sub-Saharan Africa,2018,Crop Residues,790.097682
Sub-Saharan Africa,2018,Crops,774.93724
Sub-Saharan Africa,2018,Ferrous ores,90.64966600000001
Sub-Saharan Africa,2018,Grazed biomass and fodder crops,955.355964
Sub-Saharan Africa,2018,Natural Gas,49.7455
Sub-Saharan Africa,2018,Non-ferrous ores,812.190421
Sub-Saharan Africa,2018,Non-metallic minerals - construction dominant,844.209316
Sub-Saharan Africa,2018,Non-metallic minerals - industrial or agricultural dominant,232.276532
Sub-Saharan Africa,2018,Petroleum,235.946062
Sub-Saharan Africa,2018,Wild catch and harvest,7.849504
Sub-Saharan Africa,2018,Wood,487.405841
Sub-Saharan Africa,2019,Coal,276.10371000000004
Sub-Saharan Africa,2019,Crop Residues,779.962921
Sub-Saharan Africa,2019,Crops,776.223064
Sub-Saharan Africa,2019,Ferrous ores,89.871768
Sub-Saharan Africa,2019,Grazed biomass and fodder crops,999.756962
Sub-Saharan Africa,2019,Natural Gas,50.829800999999996
Sub-Saharan Africa,2019,Non-ferrous ores,813.914136
Sub-Saharan Africa,2019,Non-metallic minerals - construction dominant,884.855901
Sub-Saharan Africa,2019,Non-metallic minerals - industrial or agricultural dominant,205.193722
Sub-Saharan Africa,2019,Petroleum,240.969275
Sub-Saharan Africa,2019,Wild catch and harvest,7.719374
Sub-Saharan Africa,2019,Wood,491.479199
Sub-Saharan Africa,2020,Coal,255.018901
Sub-Saharan Africa,2020,Crop Residues,824.251752
Sub-Saharan Africa,2020,Crops,801.8294
Sub-Saharan Africa,2020,Ferrous ores,73.823285
Sub-Saharan Africa,2020,Grazed biomass and fodder crops,1038.163598
Sub-Saharan Africa,2020,Natural Gas,49.809123
Sub-Saharan Africa,2020,Non-ferrous ores,866.605955
Sub-Saharan Africa,2020,Non-metallic minerals - construction dominant,873.710825
Sub-Saharan Africa,2020,Non-metallic minerals - industrial or agricultural dominant,159.799271
Sub-Saharan Africa,2020,Petroleum,227.961546
Sub-Saharan Africa,2020,Wild catch and harvest,7.576433
Sub-Saharan Africa,2020,Wood,495.77070299999997
Sub-Saharan Africa,2021,Coal,259.332606
Sub-Saharan Africa,2021,Crop Residues,827.661767
Sub-Saharan Africa,2021,Crops,814.3571499999999
Sub-Saharan Africa,2021,Ferrous ores,77.114418
Sub-Saharan Africa,2021,Grazed biomass and fodder crops,1033.495346
Sub-Saharan Africa,2021,Natural Gas,50.553328
Sub-Saharan Africa,2021,Non-ferrous ores,906.546706
Sub-Saharan Africa,2021,Non-metallic minerals - construction dominant,922.048909
Sub-Saharan Africa,2021,Non-metallic minerals - industrial or agricultural dominant,168.70743
Sub-Saharan Africa,2021,Petroleum,223.82982099999998
Sub-Saharan Africa,2021,Wild catch and harvest,7.958689
Sub-Saharan Africa,2021,Wood,500.602942
Sub-Saharan Africa,2022,Coal,259.053231
Sub-Saharan Africa,2022,Crop Residues,843.94473
Sub-Saharan Africa,2022,Crops,830.901633
Sub-Saharan Africa,2022,Ferrous ores,79.048932
Sub-Saharan Africa,2022,Grazed biomass and fodder crops,1049.9857260000001
Sub-Saharan Africa,2022,Natural Gas,50.567079
Sub-Saharan Africa,2022,Non-ferrous ores,949.2067850000001
Sub-Saharan Africa,2022,Non-metallic minerals - construction dominant,954.838573
Sub-Saharan Africa,2022,Non-metallic minerals - industrial or agricultural dominant,174.27242
Sub-Saharan Africa,2022,Petroleum,228.080222
Sub-Saharan Africa,2022,Wild catch and harvest,8.169601
Sub-Saharan Africa,2022,Wood,486.859996
Sub-Saharan Africa,2023,Coal,256.95876
Sub-Saharan Africa,2023,Crop Residues,852.643323
Sub-Saharan Africa,2023,Crops,836.4630089999999
Sub-Saharan Africa,2023,Ferrous ores,81.29360199999999
Sub-Saharan Africa,2023,Grazed biomass and fodder crops,1050.397099
Sub-Saharan Africa,2023,Natural Gas,50.31553
Sub-Saharan Africa,2023,Non-ferrous ores,985.411464
Sub-Saharan Africa,2023,Non-metallic minerals - construction dominant,974.655836
Sub-Saharan Africa,2023,Non-metallic minerals - industrial or agricultural dominant,176.608393
Sub-Saharan Africa,2023,Petroleum,231.19045599999998
Sub-Saharan Africa,2023,Wild catch and harvest,8.217092
Sub-Saharan Africa,2023,Wood,465.967073
Sub-Saharan Africa,2024,Coal,255.749198
Sub-Saharan Africa,2024,Crop Residues,873.70386
Sub-Saharan Africa,2024,Crops,858.03456
Sub-Saharan Africa,2024,Ferrous ores,83.704634
Sub-Saharan Africa,2024,Grazed biomass and fodder crops,1079.726031
Sub-Saharan Africa,2024,Natural Gas,50.334765
Sub-Saharan Africa,2024,Non-ferrous ores,1028.380513
Sub-Saharan Africa,2024,Non-metallic minerals - construction dominant,1018.974685
Sub-Saharan Africa,2024,Non-metallic minerals - industrial or agricultural dominant,183.804589
Sub-Saharan Africa,2024,Petroleum,234.709855
Sub-Saharan Africa,2024,Wild catch and harvest,8.501963
Sub-Saharan Africa,2024,Wood,456.889006
