run_id,ssp_lo,ssp_hi,ssp_share_lo,ssp_u,ssp_label,gdppc_growth_target,gdppc_growth,pop_growth
1,SSP3,SSP2,0.3051718017638867,0.31595741767273283,SSP2,0.013490166093114347,0.01349016609478415,0.006420376052681975
2,SSP3,SSP2,0.6956035111079366,0.14476710047898814,SSP3,0.01022582396560226,0.01022582396595162,0.007273774217468443
3,SSP3,SSP2,0.9058323434134348,0.04597461038688198,SSP3,0.008341999619833325,0.008341999622399454,0.0077230161948032006
4,SSP3,SSP2,0.8707329255237071,0.06282832854706794,SSP3,0.008663374701656706,0.00866337470419043,0.0076484974322104105
5,SSP3,SSP2,0.3431910603920535,0.29991600462188944,SSP2,0.013184280449200116,0.013184280449885621,0.006504599455955606
6,SSP2,SSP1,0.897942344006156,0.4660479645961896,SSP2,0.016352167304953168,0.016352167305536458,0.005553287054464562
7,SSP3,SSP2,0.7080904872374437,0.13903883503028192,SSP3,0.010116594550479318,0.010116594551373703,0.007300654637796278
8,SSP1,SSP5,0.900928455585896,0.7156481976050418,SSP1,0.02111166871253279,0.02111166871380732,0.0039009491570565213
9,SSP3,SSP2,2.107489027269352e-4,0.4403150872907136,SSP2,0.015861479999576565,0.01586148000024834,0.005735722494397688
10,SSP3,SSP2,0.6709194885176444,0.15604112630197778,SSP3,0.01044080269830122,0.01044080269989589,0.007220563516813661
11,SSP1,SSP5,0.3669340339473553,0.8895271906959824,SSP5,0.024427279849544462,0.024427279850682604,0.0039027078626157063
12,SSP3,SSP2,0.562055461729503,0.20500076438533144,SSP3,0.011374389432429174,0.011374389434784415,0.00698470714181032
13,SSP2,SSP1,0.3634492535844595,0.5963216812189203,SSP1,0.018836291338661604,0.018836291339155986,0.0045810544274091924
14,SSP1,SSP5,0.19518399508665008,0.9420705491953996,SSP5,0.025429202747301,0.025429202747940804,0.003903273496819848
15,SSP3,SSP2,0.09162200899892427,0.4038085333292838,SSP2,0.015165354868318597,0.015165354869580039,0.005942662491362771
16,SSP2,SSP1,0.4808528270889187,0.5682555900656152,SSP1,0.018301113150968662,0.01830111315148253,0.004797448402974469
17,SSP3,SSP2,0.5912904076712631,0.19197244962188417,SSP3,0.011125959045535991,0.011125959046377032,0.007048235430131111
18,SSP2,SSP1,0.10379227457960762,0.6573949816320092,SSP1,0.020000867412079456,0.02000086741220808,0.004096589280861318
19,SSP3,SSP2,0.626847438004156,0.17600943357194773,SSP3,0.010821568314633934,0.010821568317102903,0.007125313202727579
20,SSP1,SSP5,0.5981564494097792,0.8162922306349502,SSP1,0.02303079920009668,0.02303079920145823,0.003901946347022456
21,SSP3,SSP2,0.7331294791529174,0.12750114214024508,SSP3,0.009896588082983736,0.009896588085176461,0.0073544799603921795
22,SSP3,SSP2,0.6553112536777769,0.1631363565453794,SSP3,0.01057609807813115,0.010576098079136731,0.007186866407749237
23,SSP2,SSP1,0.2570673646735608,0.6215055845819879,SSP1,0.019316510535815234,0.019316510536234066,0.004383556292921753
24,SSP1,SSP5,0.07508604192868898,0.9779316231983248,SSP5,0.02611301954561379,0.026113019546161187,0.003903669015635547
25,SSP3,SSP2,0.6309378258686792,0.1741647202912718,SSP3,0.010786392404138503,0.010786392406472833,0.007134166800900843
26,SSP3,SSP2,0.8515975229761937,0.07195394493243656,SSP3,0.008837386494464822,0.008837386494738642,0.007607790114422475
27,SSP3,SSP2,0.42674840727699986,0.2642081934192684,SSP2,0.012503386142204677,0.012503386144408823,0.006688840370156157
28,SSP2,SSP1,0.6691555854146279,0.5226126167390029,SSP2,0.01743077023030951,0.0174307702308536,0.005141150871510014
29,SSP3,SSP2,0.9851687877181153,0.00731596525898203,SSP3,0.007604837343647327,0.0076048373462946905,0.007890746291864259
30,SSP1,SSP5,0.03317295878971257,0.9902829841915518,SSP5,0.026348541441263237,0.026348541442149154,0.0039038070467876107
31,SSP3,SSP2,0.4274379956452339,0.2639108536618296,SSP2,0.012497716319797063,0.012497716321876906,0.006690355987705843
32,SSP3,SSP2,0.027115010051879995,0.42963550580991433,SSP2,0.015657836427303045,0.01565783642820895,0.005796784202060756
33,SSP2,SSP1,0.269974932714627,0.6184621900233905,SSP1,0.019258477574423925,0.019258477574783495,0.004407591787336962
34,SSP2,SSP1,0.4577954891171366,0.5737907407579478,SSP1,0.018406660157851418,0.01840666015793957,0.0047550784876198016
35,SSP3,SSP2,0.005673451869424534,0.4381510058955755,SSP2,0.01582021421900371,0.01582021422037294,0.005748131106080523
36,SSP3,SSP2,0.885249240952598,0.05587617916404269,SSP3,0.008530807658848543,0.008530807661741857,0.007679340078396324
37,SSP2,SSP1,0.5242023239018436,0.557817888669204,SSP2,0.018102081868468407,0.01810208186851603,0.004876938069327652
38,SSP1,SSP5,0.5497491091461416,0.8318722419021651,SSP1,0.023327886605274645,0.023327886606633097,0.0039021057750401322
39,SSP3,SSP2,0.8682225276598842,0.0640280295361299,SSP3,0.008686251196911873,0.008686251198910977,0.0076431602664057685
40,SSP1,SSP5,0.6416759570167291,0.8021692434737925,SSP1,0.022761495055375086,0.022761495056404124,0.0039018030161679373
41,SSP2,SSP1,0.23415620357701974,0.626899472391,SSP1,0.019419363871767084,0.019419363872232198,0.004340843221978696
42,SSP3,SSP2,0.13832309156748115,0.38491107946727426,SSP2,0.014805008817468896,0.014805008818806753,0.006047813726489881
43,SSP1,SSP5,0.0589351698182549,0.9827009984198958,SSP5,0.026203964364882197,0.026203964365915322,0.0039037222049171927
44,SSP2,SSP1,0.09130644294225242,0.6602986239022576,SSP1,0.02005623550731623,0.020056235507424525,0.004073085947637001
45,SSP1,SSP5,0.7897721446915223,0.7532585504476447,SSP1,0.021828841629945837,0.021828841631147622,0.003901315258198812
46,SSP2,SSP1,0.7190068834732315,0.51039406091813,SSP2,0.01719778072975094,0.017197780729894863,0.0052314581822223705
47,SSP2,SSP1,0.5494092633602436,0.5517296179865953,SSP2,0.017985987694459464,0.017985987694637107,0.004923058864634289
48,SSP2,SSP1,0.7461144860647343,0.5037255112202839,SSP2,0.017070621506817492,0.01707062150709815,0.005280445595588601
49,SSP2,SSP1,0.2653082295504448,0.619562907998683,SSP1,0.01927946661233306,0.01927946661247759,0.0043989041298528875
50,SSP3,SSP2,0.4447355370792781,0.25643797231209464,SSP2,0.01235521970080762,0.012355219702850029,0.006728347430373649
51,SSP3,SSP2,0.4540475439924954,0.25240343231963924,SSP2,0.012278287085234513,0.012278287087469808,0.006748779090639756
52,SSP1,SSP5,0.020026772082507582,0.9941399287790992,SSP5,0.02642208757931006,0.026422087580186382,0.0039038503406094716
53,SSP3,SSP2,0.4525393417141669,0.25305743133928627,SSP2,0.012290757863875394,0.012290757866012303,0.006745470898688488
54,SSP3,SSP2,0.9043586181062373,0.04668527464102953,SSP3,0.008355550919353994,0.008355550922195754,0.007719891238679999
55,SSP1,SSP5,0.8606925198256499,0.7293540030710864,SSP1,0.021373017829163378,0.021373017829589447,0.003901081677485596
56,SSP2,SSP1,0.024276128052585833,0.6758369638663717,SSP1,0.020352528303357126,0.020352528303676065,0.003946577820232555
57,SSP3,SSP2,0.1836746894009316,0.36639478950737975,SSP2,0.014451930989516127,0.014451930990975415,0.006149559655000081
58,SSP3,SSP2,0.862770908679321,0.06663071296922862,SSP3,0.00873588045932878,0.008735880461683498,0.007631566585795557
59,SSP3,SSP2,0.5161622741024622,0.22528083327179776,SSP2,0.011761099874352218,0.011761099876533843,0.006884696257195344
60,SSP3,SSP2,0.8192057816907176,0.08730250545847229,SSP3,0.00913006048177395,0.00913006048237941,0.007538750729467525
61,SSP3,SSP2,0.38397721944525437,0.2825651037939824,SSP2,0.012853424840943255,0.012853424842458772,0.006594678913825813
62,SSP1,SSP5,0.5624889839997127,0.8277849397482351,SSP1,0.023249947894559808,0.023249947895095158,0.0039020638167581723
63,SSP3,SSP2,0.2702121638832139,0.3305974716574419,SSP2,0.013769329925244237,0.013769329926108798,0.006342712257929151
64,SSP1,SSP5,0.12323183137999946,0.9636398343269248,SSP5,0.02584049660591026,0.02584049660691634,0.003903510457671233
65,SSP3,SSP2,0.522066048118018,0.2226835839308333,SSP2,0.011711574231907336,0.011711574233996602,0.0068975813218643545
66,SSP1,SSP5,0.0889006220160772,0.9738422670289876,SSP5,0.02603504166791139,0.026035041667939796,0.003903623520330468
67,SSP3,SSP2,0.41910296694192384,0.26750184277351946,SSP2,0.012566191086529694,0.012566191086782696,0.006672031421900426
68,SSP1,SSP5,0.08457614313126707,0.9751233716094866,SSP5,0.0260594704073426,0.026059470408173135,0.0039036377620658147
69,SSP3,SSP2,0.3476207224653541,0.2980387489579152,SSP2,0.013148484004351623,0.013148484005738759,0.006514396384114107
70,SSP2,SSP1,0.9659399408548477,0.4489882179638371,SSP2,0.016026863569732885,0.016026863570320016,0.00567464666651829
71,SSP2,SSP1,0.133063938047957,0.6505761200247798,SSP1,0.01987084196688467,0.019870841967305042,0.004151614900481881
72,SSP2,SSP1,0.6000344657862948,0.5394593698994722,SSP2,0.017752012500053527,0.01775201250053926,0.0050154639042527815
73,SSP3,SSP2,0.05475375992259147,0.4186082194084302,SSP2,0.015447562644634798,0.015447562646426105,0.005859378083466815
74,SSP1,SSP5,0.07860256775838242,0.9768915376623628,SSP5,0.02609318667721964,0.026093186677333735,0.0039036574347319775
75,SSP3,SSP2,0.35959057964793073,0.29295731427147986,SSP2,0.013051588679972038,0.013051588680697224,0.0065408530147839095
76,SSP2,SSP1,0.26092199152609036,0.620597075693775,SSP1,0.019299186636393656,0.019299186636720922,0.004390736195239775
77,SSP2,SSP1,0.24721770014345526,0.6238257344497833,SSP1,0.01936075230766156,0.01936075230793821,0.004365201442577904
78,SSP1,SSP5,0.5532741507594138,0.8307422394463793,SSP1,0.023306339156323786,0.02330633915736713,0.003902094165458836
79,SSP2,SSP1,0.9250985118355564,0.459248876611935,SSP2,0.016222518913037727,0.016222518913073136,0.0056018158829904685
80,SSP2,SSP1,0.6068413061978069,0.5378051796688232,SSP2,0.017720469577852414,0.017720469578375253,0.005027865627741379
81,SSP3,SSP2,0.51386096613061,0.2262923283413984,SSP2,0.011780387565511358,0.011780387567718265,0.006879672058522912
82,SSP1,SSP5,0.47681159145002205,0.8550958567557391,SSP5,0.02377072604597642,0.023770726046517865,0.003902345990734357
83,SSP1,SSP5,0.5895359884499433,0.8190766341809649,SSP1,0.023083893592024014,0.023083893593295768,0.0039019747382982306
84,SSP2,SSP1,0.5409379088637348,0.5537772818764206,SSP2,0.018025033568128693,0.018025033568624504,0.004907567206085872
85,SSP3,SSP2,0.7528749025028859,0.11835380756226369,SSP3,0.009722162156875085,0.009722162158881442,0.007396855034673022
86,SSP2,SSP1,0.9402755719831264,0.4554408797877841,SSP2,0.016149906135292595,0.01614990613574041,0.005628902048394835
87,SSP3,SSP2,0.1767813408753849,0.36921985892043446,SSP2,0.01450580081842557,0.014505800819592851,0.006134117675720585
88,SSP3,SSP2,0.21046602813251059,0.35537835405720397,SSP2,0.014241864118185274,0.014241864119941994,0.006209497025434496
89,SSP2,SSP1,0.7821038767965984,0.494845018370077,SSP2,0.01690128385151546,0.016901283851600946,0.005345354872664965
90,SSP3,SSP2,0.7132759045685262,0.13665509490529076,SSP3,0.010071140207975572,0.010071140209881868,0.007311809790490731
91,SSP3,SSP2,0.10238983885765292,0.3994664261492435,SSP2,0.015082557408612179,0.015082557409286768,0.005966941269706982
92,SSP3,SSP2,0.506778267830619,0.22940216103498823,SSP2,0.0118396874023106,0.011839687403881527,0.00686420365532614
93,SSP1,SSP5,0.04309708163575811,0.9873659675647504,SSP5,0.026292918317142585,0.02629291831727021,0.003903774364019119
94,SSP1,SSP5,0.14087076163588905,0.958375711989822,SSP5,0.025740117702529094,0.02574011770349438,0.003903452367369553
95,SSP3,SSP2,0.5595375647899853,0.20611882620910185,SSP3,0.011395709191468852,0.011395709193701808,0.0069792291206287604
96,SSP1,SSP5,0.16741072108138377,0.9504264665639494,SSP5,0.02558853753636677,0.025588537536817668,0.0039033649630801914
97,SSP3,SSP2,0.9362059080197638,0.03126793144596741,SSP3,0.008061565349895676,0.008061565350560018,0.007787346309541254
98,SSP3,SSP2,0.4152038123649576,0.2691795193683356,SSP2,0.012598181858406127,0.01259818185872752,0.0066634551183011315
99,SSP2,SSP1,0.9099586878908538,0.4630417235570494,SSP2,0.01629484280535303,0.01629484280593485,0.0055747707070761265
100,SSP3,SSP2,0.46706489862321815,0.2467498336881399,SSP2,0.01217048145412536,0.012170481456182047,0.006777316426112012
101,SSP3,SSP2,0.4420615960638253,0.25759498932142744,SSP2,0.012377282276704003,0.012377282278809743,0.006722477799950388
102,SSP1,SSP5,0.21014034761643824,0.9375548318072688,SSP5,0.025343094801783667,0.025343094802935173,0.003903224240653813
103,SSP1,SSP5,0.4332743022540383,0.8688172448698896,SSP5,0.024032372300292735,0.024032372301284965,0.0039024893774377567
104,SSP1,SSP5,0.21350328490455367,0.9365379289321136,SSP5,0.02532370399189808,0.025323703992050417,0.0039032131653886637
105,SSP1,SSP5,0.7246296712919185,0.774937377241673,SSP1,0.02224222428346761,0.02224222428468292,0.0039015298073532545
106,SSP1,SSP5,0.5120318524331491,0.8439189046977553,SSP5,0.023557598364118297,0.02355759836528115,0.0039022299949973416
107,SSP2,SSP1,0.16848384224474636,0.6423030919230077,SSP1,0.019713087751591394,0.019713087751841663,0.00421805733458358
108,SSP1,SSP5,0.44921937242887056,0.8638040147942957,SSP5,0.02393677753536131,0.023936777536178067,0.0039024368636624285
109,SSP3,SSP2,0.7427675009742871,0.1230416181248147,SSP3,0.009811551660650656,0.009811551662977758,0.0073751716306380555
110,SSP3,SSP2,0.5941248278601214,0.1907047140430659,SSP3,0.011101785232879293,0.011101785234692185,0.007054387245546634
111,SSP1,SSP5,0.013891682021232539,0.9959371206581128,SSP5,0.026456357328078894,0.02645635732841911,0.0039038705450391564
112,SSP3,SSP2,0.1573273748048571,0.37717196288309063,SSP2,0.014657435492589273,0.014657435494102256,0.006090493520985563
113,SSP3,SSP2,0.9158959005055267,0.04111457877350039,SSP3,0.0082493261193885125,0.008249326119852407,0.007744346371362232
114,SSP1,SSP5,0.7462078536151364,0.7677854030607268,SSP1,0.0221058468820091,0.02210584688243422,0.0039014587389865074
115,SSP2,SSP1,0.5572697469230622,0.5498281891411171,SSP2,0.017949730303361017,0.017949730303808087,0.004937425944486096
116,SSP1,SSP5,0.7739505797213663,0.7585480295701418,SSP1,0.021929704049124726,0.0219297040506099,0.0039013673672578797
117,SSP1,SSP5,0.6848470333749882,0.7880487419643905,SSP1,0.02249223830829767,0.022492238309725687,0.0039016608321589263
118,SSP1,SSP5,0.9572383358819763,0.6962881212274078,SSP1,0.020742501145421866,0.02074250114693732,0.003900763694714815
119,SSP1,SSP5,0.9967917067398102,0.6825619702627882,SSP1,0.020480764070703508,0.020480764071199475,0.0039006334209314986
120,SSP2,SSP1,0.33216688581251713,0.6037511769153643,SSP1,0.018977960658431742,0.018977960658865145,0.004523119596190117
121,SSP3,SSP2,0.3256790828376783,0.3073205102612264,SSP2,0.01332547324612994,0.013325473247509656,0.006465836117604429
122,SSP2,SSP1,0.3299283199310622,0.6042820588229224,SSP1,0.018988083778734247,0.018988083779131193,0.004518969293176411
123,SSP3,SSP2,0.7512639926836322,0.1191017114603892,SSP3,0.009736423560452127,0.009736423562908936,0.0073934002446405245
124,SSP3,SSP2,0.4977338969365908,0.233366252097534,SSP2,0.011915276662643106,0.011915276664701713,0.006844438917694484
125,SSP3,SSP2,0.20153434992024183,0.35905751537019387,SSP2,0.014312020196313882,0.01431202019807154,0.006189529028485907
126,SSP3,SSP2,0.3818922505041369,0.28345569074130617,SSP2,0.012870406995880622,0.012870406996495776,0.006590080931622833
127,SSP3,SSP2,0.9970487517089881,0.00145807666657492,SSP3,0.00749313620993878,0.007493136213042817,0.007915778569553611
128,SSP3,SSP2,0.6581483202907183,0.16184859589021652,SSP3,0.010551542417357163,0.010551542419875881,0.00719299437508325
129,SSP3,SSP2,0.5382419725983572,0.21554981797561049,SSP3,0.011575544033954667,0.011575544036245056,0.006932855950757988
130,SSP3,SSP2,0.6424175923286507,0.16897817328991369,SSP3,0.010687492745849457,0.010687492747298188,0.0071590000844179436
131,SSP1,SSP5,0.398160558734058,0.8798084761826321,SSP5,0.024241958566593117,0.02424195856781819,0.003902605021321115
132,SSP2,SSP1,0.9323910612512156,0.45741987054562194,SSP2,0.01618764251551938,0.01618764251571636,0.0056148339225470245
133,SSP3,SSP2,0.8791601315843688,0.0587954755241517,SSP3,0.008586474254057962,0.008586474256822685,0.007666406641464452
134,SSP1,SSP5,0.9764177329685109,0.6896455687314738,SSP1,0.02061583765006688,0.020615837651009716,0.0039007005251381344
135,SSP1,SSP5,0.5686050151721855,0.8258194481900427,SSP1,0.02321246892378709,0.023212468924047824,0.003902043673825739
136,SSP1,SSP5,0.6387955078472113,0.8031074472563341,SSP1,0.02277938519181356,0.022779385192055024,0.0039018125029068873
137,SSP1,SSP5,0.8459169934024264,0.734360740447417,SSP1,0.021468488788075425,0.021468488788938478,0.0039011303417675336
138,SSP1,SSP5,0.5561564990152862,0.8298177344151773,SSP1,0.023288710234490348,0.023288710235829457,0.0039020846725585923
139,SSP2,SSP1,0.8078519225817773,0.48847251168475486,SSP2,0.016779769724012517,0.016779769724590166,0.005391703354201249
140,SSP2,SSP1,0.6025488482194131,0.5388484495559241,SSP2,0.01774036316703815,0.0177403631675761,0.005020045607412094
141,SSP3,SSP2,0.26527310308342295,0.3326573955514468,SSP2,0.013808609578771947,0.013808609580358455,0.0063317230675301595
142,SSP1,SSP5,0.7993826322817715,0.7500379054541699,SSP1,0.021767428769088396,0.02176742876995008,0.0039012836055651867
143,SSP1,SSP5,0.268045203468788,0.9199654237099456,SSP5,0.02500769121826725,0.025007691219477657,0.003903033540206602
144,SSP3,SSP2,0.21355552980567072,0.35410419429210016,SSP2,0.014217567805948746,0.014217567807885967,0.006216400804836875
145,SSP1,SSP5,0.6529158579942927,0.7985035510424059,SSP1,0.022691595808581037,0.02269159580933633,0.0039017659976039454
146,SSP1,SSP5,0.18452017890017086,0.9452834157701582,SSP5,0.02549046728540096,0.025490467286164442,0.003903308616206358
147,SSP1,SSP5,0.3522913246236109,0.8940665883081965,SSP5,0.024513839341354433,0.024513839341753885,0.00390275608672086
148,SSP3,SSP2,0.5338221992033829,0.21750154061219656,SSP3,0.011612760452080796,0.011612760453700854,0.006923222101728799
149,SSP3,SSP2,0.9874966547195214,0.00616956021287478,SSP3,0.007582977121944688,0.0075829771223439035,0.007895653055960627
150,SSP3,SSP2,0.8443794571522925,0.07538488156534731,SSP3,0.008902809300913389,0.008902809302755665,0.007592419942332507
151,SSP1,SSP5,0.6473106483334521,0.8003325251704082,SSP1,0.022726471597083783,0.0227264715976212,0.003901784458343105
152,SSP1,SSP5,0.3214745986802667,0.9035831419888418,SSP5,0.0246953057209821,0.024695305721926575,0.003902857577853469
153,SSP2,SSP1,0.7064663877761519,0.5134732008178253,SSP2,0.017256495301087957,0.01725649530158635,0.005208767368584333
154,SSP3,SSP2,0.9465565439114374,0.02622991070058197,SSP3,0.007965497864140457,0.00796549786709666,0.007809235789624669
155,SSP3,SSP2,0.40377474217488674,0.2740890239137225,SSP2,0.012691798733328909,0.012691798734973725,0.006638301802905255
156,SSP3,SSP2,0.26441518486169674,0.33301499516260813,SSP2,0.01381542846604683,0.0138154284670855,0.006329813809466733
157,SSP1,SSP5,0.18906434017857848,0.9439150126385504,SSP5,0.02546437389377022,0.02546437389485945,0.003903293650822759
158,SSP3,SSP2,0.7792093118760763,0.1060860217292793,SSP3,0.009488233913955922,0.009488233914871635,0.007453273626809143
159,SSP3,SSP2,0.9616886816793031,0.01884020994091406,SSP3,0.007824587374020905,0.007824587375240055,0.007841207252744953
160,SSP1,SSP5,0.5023981768024609,0.846982981975656,SSP5,0.023616025713889977,0.023616025713985467,0.003902261722954936
161,SSP1,SSP5,0.4048800426628038,0.8777103161863051,SSP5,0.024201949808045638,0.02420194980886703,0.003902582891355255
162,SSP3,SSP2,0.704055108707269,0.14089187345537357,SSP3,0.010151929208969842,0.010151929211533961,0.007291970518653379
163,SSP3,SSP2,0.8816984660956065,0.05757907025679015,SSP3,0.008563279233314576,0.008563279233488874,0.007671798840454214
164,SSP3,SSP2,0.6169775276714514,0.1804534918211866,SSP3,0.010906309828043772,0.01090630982975882,0.007103938670016463
165,SSP1,SSP5,0.8754828984923292,0.7243281133575364,SSP1,0.021277181663957822,0.021277181664836053,0.0039010329642041874
166,SSP3,SSP2,0.5019556528611578,0.2315168664534576,SSP2,0.011880011657198073,0.011880011659471279,0.006853666445390205
167,SSP2,SSP1,0.5830753892578904,0.5435762035199441,SSP2,0.017830514331462925,0.01783051433185956,0.004984541996312153
168,SSP1,SSP5,0.3534527459490053,0.8937069499141072,SSP5,0.02450698157755248,0.024506981578809484,0.003902752261714104
169,SSP1,SSP5,0.7146076441307817,0.7782494368855841,SSP1,0.02230538028435413,0.0223053802847637,0.0039015628151293225
170,SSP2,SSP1,0.6909307216887104,0.517282655677991,SSP2,0.017329135881389124,0.01732913588186169,0.0051806321999907645
171,SSP3,SSP2,0.3124348553988926,0.3129026703208219,SSP2,0.013431916651012649,0.013431916652892895,0.006436484842132328
172,SSP2,SSP1,0.09998103566384639,0.6582816164675168,SSP1,0.02001777420618272,0.020017774206459782,0.004089417045131549
173,SSP1,SSP5,0.8319722454559156,0.7390731115168891,SSP1,0.021558346623814686,0.02155834662503464,0.0039011762697436225
174,SSP1,SSP5,0.7718939399129382,0.7592344593703747,SSP1,0.021942793234022633,0.02194279323436077,0.0039013741408897573
175,SSP2,SSP1,0.15134136539543813,0.6463100761170499,SSP1,0.019789494919492622,0.019789494919937756,0.004185919829227336
176,SSP1,SSP5,0.6142038301226924,0.8110974271418526,SSP1,0.022931742102915924,0.02293174210312121,0.003901893495294795
177,SSP3,SSP2,0.2889425965471266,0.3227667500996031,SSP2,0.013620009831157721,0.013620009833156477,0.006384348513273741
178,SSP3,SSP2,0.6711956679342299,0.15591534694307485,SSP3,0.010438404274916248,0.010438404275337376,0.007221159414115386
179,SSP2,SSP1,0.7736312117818934,0.49693846409674736,SSP2,0.016941202716023993,0.01694120271651478,0.005330087049742138
180,SSP2,SSP1,0.10979486524124504,0.6559979998611379,SSP1,0.01997422906873869,0.019974229068826732,0.004107881709266792
181,SSP2,SSP1,0.5699575478343897,0.5467561473969835,SSP2,0.017891151083185255,0.017891151083705203,0.00496060104711904
182,SSP3,SSP2,0.13030925600074367,0.3881659839514177,SSP2,0.014867074955336918,0.014867074955966952,0.006029797252082858
183,SSP3,SSP2,0.32034030315110457,0.3095725322396029,SSP2,0.013368415921490354,0.013368415923491472,0.006454008152423363
184,SSP2,SSP1,0.38800483278065345,0.5904755670814775,SSP1,0.018724814726117568,0.01872481472620935,0.004626449487394213
185,SSP1,SSP5,0.061412112809992196,0.9819703603626696,SSP5,0.026190032194948382,0.026190032195431145,0.003903714047666318
186,SSP2,SSP1,0.5233549650324865,0.5580223093745299,SSP2,0.018105979864167406,0.01810597986468565,0.004875386380439828
187,SSP3,SSP2,0.7096831483590356,0.1383069997378625,SSP3,0.01010263955106927,0.010102639552526549,0.00730408131738125
188,SSP3,SSP2,0.2801397668423681,0.3264507186617702,SSP2,0.013690257576305025,0.013690257578253595,0.006364788035187585
189,SSP2,SSP1,0.35658347363827086,0.5979540210508276,SSP1,0.018867417606589953,0.01886741760686239,0.004568349040719122
190,SSP1,SSP5,0.1559255155661273,0.9538707658159546,SSP5,0.025654215147883516,0.025654215148775084,0.0039034027874444988
191,SSP2,SSP1,0.63391488803037,0.5312153939125128,SSP2,0.017594812264937587,0.017594812265213422,0.005077139392950514
192,SSP3,SSP2,0.31903951786309775,0.31012085689231755,SSP2,0.01337887164873446,0.013378871650721047,0.006451125550032133
193,SSP3,SSP2,0.6613327672002967,0.16040214314311743,SSP3,0.010523960736832164,0.010523960739058369,0.00719987111800835
194,SSP1,SSP5,0.1719982068054079,0.949048905153526,SSP5,0.025562269510119754,0.025562269510202906,0.003903349855044924
195,SSP2,SSP1,0.2762684997701934,0.6169770570897963,SSP1,0.019230158320861234,0.01923015832127528,0.004419303893878235
196,SSP3,SSP2,0.7965803771358345,0.0979506745885592,SSP3,0.009333105067717895,0.009333105069446512,0.007490428795318804
197,SSP3,SSP2,0.5504018261891319,0.21017020472954023,SSP3,0.011472962892469926,0.011472962892639771,0.00695934433835621
198,SSP1,SSP5,0.15904413817657517,0.9529361648233609,SSP5,0.025636393711235987,0.025636393712394012,0.0039033925168523442
199,SSP3,SSP2,0.5852197163325944,0.1946849066449795,SSP3,0.011177681525374236,0.011177681526903793,0.007035055196430662
200,SSP2,SSP1,0.6200074746110525,0.5346025775668677,SSP2,0.017659400767825968,0.017659400767975786,0.00505183854042035
201,SSP3,SSP2,0.37633253855815946,0.28582858440466224,SSP2,0.0129156545126583,0.012915654514541464,0.00657781650349798
202,SSP2,SSP1,0.2936885586401445,0.6128621735738125,SSP1,0.0191516936750143,0.01915169367521008,0.004451697106291341
203,SSP3,SSP2,0.8064579071787856,0.09330930909188465,SSP3,0.009244601201562726,0.009244601204250413,0.007511534587650193
204,SSP3,SSP2,0.697733068056613,0.14379138548322953,SSP3,0.010207218546690072,0.010207218548975439,0.007278360240835946
205,SSP2,SSP1,0.2883923180972309,0.6141138746570796,SSP1,0.01917556173393341,0.01917556173407009,0.004441852428473725
206,SSP3,SSP2,0.6073766617658224,0.18476675770082512,SSP3,0.010988557327486917,0.010988557329238313,0.007083131541386178
207,SSP3,SSP2,0.006403096167482709,0.43786178690358063,SSP2,0.015814699247391286,0.015814699247602038,0.005749788098469155
208,SSP1,SSP5,0.026882007487611524,0.9921296924476046,SSP5,0.02638375539294156,0.026383755393602826,0.003903827764539347
209,SSP1,SSP5,0.1191398846796677,0.9648588600538204,SSP5,0.0258637415948796,0.025863741595989698,0.0039035239336655536
210,SSP2,SSP1,0.9345647638438628,0.4568744347363245,SSP2,0.01617724187417862,0.01617724187473102,0.0056187130909015615
211,SSP3,SSP2,0.5690999667416735,0.20186930975061845,SSP3,0.011314677297700679,0.011314677297703968,0.007000027864738856
212,SSP3,SSP2,0.04774030113543905,0.4214118767727632,SSP2,0.015501024177947713,0.015501024179674916,0.005843507504442069
213,SSP1,SSP5,0.7317830255913057,0.7725695997488219,SSP1,0.02219707432437418,0.022197074325197352,0.003901506247593778
214,SSP1,SSP5,0.6166440451043284,0.8103061726267915,SSP1,0.022916654068210227,0.022916654069585318,0.003901885458487131
215,SSP3,SSP2,0.8315061704978294,0.08148860258981586,SSP3,0.0090191980897267425,0.009019198090375102,0.007564987139651258
216,SSP3,SSP2,0.7609720950303774,0.11459008398163131,SSP3,0.009650393603361255,0.009650393605519003,0.00741421416092547
217,SSP2,SSP1,0.08796153817407518,0.6610759986941702,SSP1,0.020071058876556407,0.02007105887698124,0.004066786226288643
218,SSP3,SSP2,0.5286454218096154,0.2197851041695103,SSP3,0.01165630457795886,0.011656304580277332,0.006911934095546135
219,SSP1,SSP5,0.6209318212795615,0.8089149910376873,SSP1,0.022890126325620718,0.02289012632683307,0.0039018713367615643
220,SSP1,SSP5,0.6591512248825552,0.7964667656954844,SSP1,0.02265275737237947,0.022652757373797128,0.003901745461430295
221,SSP2,SSP1,0.4435067736085395,0.5772151629100554,SSP1,0.018471958742939377,0.01847195874306795,0.004728790279486139
222,SSP1,SSP5,0.5343978005645835,0.8367850763874594,SSP1,0.023421566977148076,0.023421566977264163,0.003902156333895901
223,SSP3,SSP2,0.023330234748273112,0.4311411045135464,SSP2,0.015686545932349593,0.015686545933844664,0.005788202143111487
224,SSP3,SSP2,0.2787775641784607,0.32702020654804076,SSP2,0.013701116854614306,0.013701116856028817,0.006361759940241241
225,SSP2,SSP1,0.2131049813837968,0.631846306263702,SSP1,0.019513692560872722,0.019513692560961582,0.004301541493615835
226,SSP3,SSP2,0.9555967611177005,0.02181866023503243,SSP3,0.007881381945870361,0.007881381946249544,0.007828340397807887
227,SSP2,SSP1,0.18525743693643712,0.6383768234690651,SSP1,0.019638219711574728,0.019638219712028837,0.004249468480858054
228,SSP1,SSP5,0.3080277920420612,0.907720078007318,SSP5,0.024774190874916655,0.024774190875911817,0.003902901863160446
229,SSP1,SSP5,0.8961617578424612,0.717277422736166,SSP1,0.021142735587797185,0.021142735589273043,0.003900964856607292
230,SSP3,SSP2,0.48644960426574174,0.2383010380556807,SSP2,0.012009375616120728,0.012009375618402984,0.00681976020465358
231,SSP1,SSP5,0.6036013109024834,0.8145313202210236,SSP1,0.022997221284352474,0.022997221284424274,0.003901928414490996
232,SSP2,SSP1,0.8544313913651619,0.4769033434432931,SSP2,0.016559163068858435,0.016559163069365113,0.005475360474522573
233,SSP2,SSP1,0.6425760015463137,0.5291037291083485,SSP2,0.01755454598999625,0.01755454599039452,0.005092884736721981
234,SSP3,SSP2,0.062368030826398704,0.415560175694991,SSP2,0.015389441030846225,0.015389441032419793,0.0058765983082360584
235,SSP1,SSP5,0.8158470579153404,0.7445068550184369,SSP1,0.02166195994793817,0.021661959949443865,0.0039012293790543495
236,SSP2,SSP1,0.5862583880193916,0.5428040200558025,SSP2,0.01781578995304313,0.017815789953563144,0.004990348176467929
237,SSP1,SSP5,0.855272589337399,0.7311921976041049,SSP1,0.021408069436935698,0.021408069438157984,0.0039010995284345373
238,SSP2,SSP1,0.8691972137902595,0.4732247491925955,SSP2,0.016489017803755703,0.016489017803819728,0.0055018292425284
239,SSP2,SSP1,0.6789060623545672,0.520227325405227,SSP2,0.017385286308584998,0.017385286308710945,0.0051588365433645755
240,SSP1,SSP5,0.07221218525798404,0.9787811870349106,SSP5,0.026129219451468507,0.026129219451955565,0.0039036784800463575
241,SSP3,SSP2,0.30893855164626005,0.3143737416751683,SSP2,0.013459967771387256,0.013459967773345127,0.006428731486270545
242,SSP1,SSP5,0.5797158668291778,0.8222432858857792,SSP1,0.023144276881994115,0.023144276882728132,0.0039020070805924068
243,SSP2,SSP1,0.04837863747152141,0.6702593674676027,SSP1,0.020246171920629268,0.020246171920926592,0.003992131403925736
244,SSP3,SSP2,0.13100495411427887,0.3878836193743628,SSP2,0.014861690687118323,0.014861690687471674,0.006031361748245034
245,SSP3,SSP2,0.9129355042073425,0.04254555183346383,SSP3,0.008276612625538781,0.00827661262823609,0.007738073314285554
246,SSP1,SSP5,0.08558388976882253,0.9748249120702968,SSP5,0.026053779232379514,0.026053779232997565,0.00390363444327102
247,SSP1,SSP5,0.835453405248498,0.7378978826191742,SSP1,0.02153593677457106,0.021535936776087228,0.0039011648043139058
248,SSP2,SSP1,0.1556382027321747,0.6453062404941302,SSP1,0.019770353282473015,0.019770353282906994,0.004193978617791583
249,SSP3,SSP2,0.9097105298837954,0.04410318264877423,SSP3,0.008306314304774378,0.00830631430588169,0.007731238062644197
250,SSP3,SSP2,0.3586177867714131,0.2933707592582796,SSP2,0.013059472454650086,0.01305947245589234,0.006538703787121181
251,SSP2,SSP1,0.7715184764636487,0.49746021525887774,SSP2,0.016951151726730555,0.016951151727074842,0.005326278616135438
252,SSP1,SSP5,0.8023348697297638,0.7490473916174378,SSP1,0.021748541158514788,0.021748541159879897,0.003901273882212841
253,SSP3,SSP2,0.07034257374981988,0.41236319568543695,SSP2,0.01532847942567442,0.015328479427450858,0.005894622259101201
254,SSP2,SSP1,0.7432244159486762,0.5044373052273877,SSP2,0.01708419434902953,0.01708419434944708,0.005275226792353482
255,SSP3,SSP2,0.08369525396120936,0.40699926924169993,SSP2,0.015226197407940028,0.015226197408270803,0.005924776514957708
256,SSP3,SSP2,0.8086822637786751,0.09226254913862794,SSP3,0.009224641062059386,0.009224641063670491,0.007516285343083684
257,SSP3,SSP2,0.06585232606252141,0.4141639227636624,SSP2,0.015362816585380424,0.015362816587188632,0.0058844748543196435
258,SSP3,SSP2,0.8301990379754294,0.08210727345151826,SSP3,0.009030995213477812,0.009030995213584303,0.00756220019512166
259,SSP2,SSP1,0.7684929915181561,0.4982071885028854,SSP2,0.016965395384131922,0.016965395384280546,0.00532082397328093
260,SSP3,SSP2,0.394122610510791,0.27822592177032496,SSP2,0.012770683159573873,0.01277068316109009,0.006617042060519163
261,SSP3,SSP2,0.8511053317669863,0.07218809286109172,SSP3,0.008841851343646179,0.00884185134421811,0.007606742301575764
262,SSP3,SSP2,0.9346004644993646,0.03204815224464982,SSP3,0.008076442988208699,0.008076442988264043,0.007783949633333176
263,SSP2,SSP1,0.20428318373753365,0.6339167469055392,SSP1,0.019553172752979697,0.01955317275324142,0.004285055556847661
264,SSP2,SSP1,0.10613370545944606,0.6568501420640387,SSP1,0.01999047814016492,0.019990478140568424,0.004100994647823875
265,SSP3,SSP2,0.5960067924710633,0.18986252606404017,SSP3,0.01108572597354568,0.011085725974161464,0.007058471128329913
266,SSP2,SSP1,0.7372868197493181,0.5058990513847675,SSP2,0.017112067651909528,0.017112067652167884,0.005264501880295924
267,SSP3,SSP2,0.8887491434828866,0.05419618762540631,SSP3,0.008498772744471767,0.00849877274737132,0.007686771339683762
268,SSP3,SSP2,0.24808757946909257,0.3398088730457239,SSP2,0.013944977509161974,0.013944977510031542,0.006293453276673855
269,SSP1,SSP5,0.7492477534744114,0.7667755442729686,SSP1,0.022086590392286103,0.022086590393753713,0.003901448726974399
270,SSP2,SSP1,0.5151713487364159,0.5599957516980357,SSP2,0.018143610444088257,0.018143610444514957,0.004860396173249848
271,SSP2,SSP1,0.14061341110706102,0.6488148117426317,SSP1,0.019837256464391294,0.01983725646460366,0.0041657894894804315
272,SSP3,SSP2,0.8469060291384549,0.07418463845015504,SSP3,0.008879922468127488,0.008879922468767898,0.007597800966212098
273,SSP1,SSP5,0.5920807397364825,0.8182551293533761,SSP1,0.023068228729310913,0.023068228730170226,0.003901966357225506
274,SSP3,SSP2,0.4693440195139062,0.2457583357745316,SSP2,0.012151575078684342,0.012151575080912247,0.0067823099247692475
275,SSP2,SSP1,0.03756410113622677,0.6727633026796394,SSP1,0.02029391820284429,0.020293918203249772,0.003971700948712353
276,SSP3,SSP2,0.3221152083133004,0.30882411207607946,SSP2,0.013354144673507887,0.013354144674581514,0.0064579409610387994
277,SSP3,SSP2,0.8035322311467462,0.09468523187935352,SSP3,0.009270837981732106,0.009270837984136415,0.0075052847681151835
278,SSP3,SSP2,0.5532692175318038,0.20889951227861456,SSP3,0.011448732696704976,0.011448732698726038,0.006965586961496184
279,SSP2,SSP1,0.837466335435998,0.48112318975338714,SSP2,0.016639629197477593,0.016639629197999772,0.005444919290073846
280,SSP3,SSP2,0.14692367564593856,0.3814122150191106,SSP2,0.014738290729648142,0.014738290731015624,0.006067136757326175
281,SSP3,SSP2,0.08799475995420128,0.4052692001326941,SSP2,0.015193207589540174,0.01519320758990439,0.00593447932672464
282,SSP1,SSP5,0.9138514238048087,0.7112236998402514,SSP1,0.021027300188170853,0.021027300189743192,0.00390090659404696
283,SSP3,SSP2,0.34264671518248446,0.30014657404483297,SSP2,0.013188677061654422,0.013188677063750376,0.0065033953164537195
284,SSP3,SSP2,0.9316722052642304,0.03347040982544422,SSP3,0.008103563303266625,0.008103563305658534,0.007777753211370753
285,SSP1,SSP5,0.8438262975859278,0.7350680462152231,SSP1,0.021481976046307846,0.021481976047492912,0.0039011372276211986
286,SSP3,SSP2,0.5459514181586618,0.2121407981824595,SSP3,0.011510539148709253,0.01151053915106881,0.006949652632069592
287,SSP2,SSP1,0.42793956777210596,0.5809410267404747,SSP1,0.018543005367902668,0.0185430053683866,0.004700122492508063
288,SSP3,SSP2,0.7998998012517893,0.09639216077746823,SSP3,0.009303386551079504,0.00930338655110119,0.007497523294617503
289,SSP1,SSP5,0.3644219867690596,0.8903067607216071,SSP5,0.024442145078593092,0.024442145079461852,0.003902716135764317
290,SSP3,SSP2,0.37171217616476226,0.2877984456869308,SSP2,0.01295321680750344,0.012953216808418544,0.0065676202495896785
291,SSP3,SSP2,0.49858755911722175,0.23299243492190727,SSP2,0.01190814853078151,0.01190814853178268,0.006846305013112897
292,SSP1,SSP5,0.18210466554001112,0.9460103919047396,SSP5,0.025504329627972146,0.02550432962818272,0.0039033165712649698
293,SSP3,SSP2,0.15327824324953027,0.3788232981353067,SSP2,0.014688923974641409,0.01468892397593402,0.006081405297660769
294,SSP2,SSP1,0.48462579920993776,0.567348756995052,SSP1,0.01828382120687167,0.018283821207267126,0.004804375626221713
295,SSP2,SSP1,0.6722582171536157,0.5218538484533783,SSP2,0.017416301659187106,0.017416301659723743,0.005146779688190772
296,SSP3,SSP2,0.4405820428211452,0.25823490660730747,SSP2,0.012389484537840403,0.012389484539150786,0.006719229483228117
297,SSP1,SSP5,0.594725755901818,0.8174008588769939,SSP1,0.02305193907490722,0.023051939075964922,0.003901957645930265
298,SSP1,SSP5,0.8918001617264909,0.7187668822477572,SSP1,0.021171137342701395,0.021171137342711477,0.0039009792219115713
299,SSP2,SSP1,0.7894063189720806,0.4930393285939936,SSP2,0.016866852060617984,0.016866852060754,0.0053585074345952055
300,SSP2,SSP1,0.9751743140522772,0.4466623377869837,SSP2,0.015982512529502876,0.015982512529971737,0.005691088373967812
301,SSP1,SSP5,0.5677023664621601,0.8261096648469102,SSP1,0.023218002919369596,0.02321800291949594,0.003902046646668156
302,SSP1,SSP5,0.2654772971297944,0.9207490757089108,SSP5,0.02502263428441413,0.02502263428527085,0.003903041997225243
303,SSP3,SSP2,0.16806217965673356,0.37278770431759767,SSP2,0.014573834269296678,0.014573834271096597,0.006114573754167463
304,SSP3,SSP2,0.287455057155271,0.3233897482894827,SSP2,0.01363188947055512,0.013631889472575986,0.006381044035134398
305,SSP3,SSP2,0.08111002537838775,0.4080388506860472,SSP2,0.015246020664064509,0.01524602066472358,0.0059189407821746975
306,SSP3,SSP2,0.7744701370768315,0.10829953266866506,SSP3,0.009530442241667401,0.009530442243932402,0.007443128619490258
307,SSP1,SSP5,0.17475073090308227,0.9482218586206436,SSP5,0.02554649897541337,0.02554649897659389,0.003903340790112342
308,SSP3,SSP2,0.9938126838744304,0.00305556537024676,SSP3,0.007523597919217109,0.007523597920590319,0.007908962005553244
309,SSP2,SSP1,0.0024737604450574572,0.6808730721345637,SSP1,0.02044855932104585,0.020448559321382564,0.0039053090790792666
310,SSP3,SSP2,0.2328938583905428,0.3461108633351978,SSP2,0.014065146994950237,0.014065146995407174,0.006259576477354756
311,SSP3,SSP2,0.7152491761207862,0.13574720893567427,SSP3,0.010053828186675662,0.010053828189283465,0.007316053664439437
312,SSP1,SSP5,0.70227452787631,0.7823168758479878,SSP1,0.022382940233851928,0.0223829402349478,0.003901603434478318
313,SSP1,SSP5,0.13045391330296507,0.9614863271985667,SSP5,0.025799432460716577,0.025799432461871552,0.0039034866731979534
314,SSP2,SSP1,0.4002456379810296,0.5875566074391827,SSP1,0.018669154551610927,0.01866915455210827,0.00464905185935649
315,SSP3,SSP2,0.22950183949481662,0.3475151646137238,SSP2,0.014091924910304077,0.014091924910446973,0.006252007982201935
316,SSP2,SSP1,0.645924402516813,0.5282868958048057,SSP2,0.017538970206227522,0.017538970206630866,0.005098969599762304
317,SSP3,SSP2,0.9012845588324844,0.04816679822257719,SSP3,0.008383801347996376,0.008383801349523212,0.007713371767696708
318,SSP3,SSP2,0.6482922967872343,0.1663186508147046,SSP3,0.010636779648302796,0.01063677964901566,0.007171700089500188
319,SSP1,SSP5,0.4128413695720489,0.8752212382920552,SSP5,0.024154486832557,0.024154486833807942,0.003902556671478319
320,SSP3,SSP2,0.6573517626287686,0.16221024382673205,SSP3,0.010558438500113756,0.01055843850263094,0.007191273969395118
321,SSP3,SSP2,0.7949747051817254,0.09870410427008756,SSP3,0.009347471839681681,0.009347471841750776,0.007486996416298464
322,SSP3,SSP2,0.16263110725394878,0.3750069903454278,SSP2,0.014616152719267455,0.014616152720902997,0.0061023933347086334
323,SSP2,SSP1,0.8993889060497628,0.4656862565672491,SSP2,0.016345270076324324,0.01634527007656006,0.005555874169086206
324,SSP3,SSP2,0.12661299412398183,0.3896655559798237,SSP2,0.014895669540742262,0.014895669541588719,0.006021483615550105
325,SSP2,SSP1,0.38296369361269006,0.5916767715374008,SSP1,0.01874771989022675,0.018747719890687575,0.004617135960458096
326,SSP3,SSP2,0.25724610688965666,0.33600079665798693,SSP2,0.013872363214258804,0.013872363216254957,0.006313854393630081
327,SSP1,SSP5,0.7191105305453298,0.7767620894275605,SSP1,0.022277018803137996,0.0222770188036856,0.0039015479847746004
328,SSP3,SSP2,0.17810250778728354,0.3686787085456308,SSP2,0.014495481893881543,0.014495481894069684,0.00613707790061313
329,SSP2,SSP1,0.27296872022663976,0.6177558262778912,SSP1,0.01924500827914146,0.019245008279553444,0.004413163716501245
330,SSP3,SSP2,0.1481389822393113,0.3809173346841708,SSP2,0.01472885410524144,0.014728854107042721,0.006069866153454839
331,SSP3,SSP2,0.9206854271932183,0.03879715686594136,SSP3,0.008205136365645006,0.008205136367118504,0.007754492448362349
332,SSP1,SSP5,0.9815610046588857,0.6878600269774906,SSP1,0.020581790051677526,0.020581790053218363,0.0039006835851502775
333,SSP3,SSP2,0.9384271653623075,0.03018790170946158,SSP3,0.008040970805615163,0.008040970807983383,0.007792045217535737
334,SSP3,SSP2,0.813286630629484,0.09009395855572076,SSP3,0.009183289298051038,0.00918328929933332,0.007526116806730876
335,SSP3,SSP2,0.12395938205488327,0.3907414636802859,SSP2,0.014916185483988972,0.01491618548579221,0.006015513625010849
336,SSP2,SSP1,0.8703082498423729,0.4729477394579444,SSP2,0.016483735644335848,0.016483735644514885,0.005503819866085058
337,SSP3,SSP2,0.2599347385679205,0.3348815347885247,SSP2,0.013851020572150907,0.013851020573974804,0.006319840719081871
338,SSP1,SSP5,0.5447497882001239,0.8334736312227323,SSP1,0.02335842269345631,0.023358422694812475,0.0039021222400923428
339,SSP3,SSP2,0.053762064832863325,0.41900487872282977,SSP2,0.015455126341761424,0.015455126343457026,0.00585713453360448
340,SSP3,SSP2,0.21809782651260234,0.35222945223911667,SSP2,0.014181819291885032,0.014181819292052422,0.0062265479805314605
341,SSP2,SSP1,0.5017771686902424,0.5632225360358134,SSP1,0.018205140373016904,0.018205140373382944,0.004835844699225378
342,SSP3,SSP2,0.6627416192287451,0.1597618656726554,SSP3,0.010511751607516977,0.010511751609974196,0.007202912978658382
343,SSP2,SSP1,0.46739699965885506,0.5714871909455396,SSP1,0.018362734924118974,0.018362734924178836,0.004772729718660829
344,SSP1,SSP5,0.7446752628666484,0.7682943157306872,SSP1,0.022115551081960408,0.02211555108305352,0.0039014637866241486
345,SSP2,SSP1,0.7953580547877349,0.4915666795799043,SSP2,0.016838770856642586,0.016838770857203755,0.005369222761933301
346,SSP1,SSP5,0.2006204976919263,0.9404304202469066,SSP5,0.025397927952622874,0.02539792795339979,0.003903255592646371
347,SSP3,SSP2,0.8841603861969225,0.05639853789121844,SSP3,0.008540768254907627,0.008540768257675024,0.007677027747279075
348,SSP1,SSP5,0.4245226246848756,0.8715629306132905,SSP5,0.024084728401899513,0.024084728402806288,0.003902518200326277
349,SSP3,SSP2,0.04128364257629154,0.423989676351659,SSP2,0.015550178942654112,0.015550178943632975,0.005828889142234672
350,SSP3,SSP2,0.6901642577986927,0.14725701834727078,SSP3,0.010273302958133603,0.010273302960494446,0.007262057409922917
351,SSP1,SSP5,0.8114332802617562,0.7459912982804235,SSP1,0.02169026605049957,0.021690266051839213,0.0039012439160890366
352,SSP2,SSP1,0.49173519902347046,0.5656391759838443,SSP1,0.018251222065712513,0.01825122206618479,0.004817424031345219
353,SSP2,SSP1,0.8532189654581112,0.4772051544545684,SSP2,0.016564918151358445,0.01656491815172001,0.005473186032588506
354,SSP3,SSP2,0.3164671688527179,0.3112047542005312,SSP2,0.013399539941796237,0.013399539943626193,0.006445424250755893
355,SSP1,SSP5,0.993643134640071,0.6836585100244265,SSP1,0.02050167343635622,0.02050167343795306,0.003900643791153957
356,SSP3,SSP2,0.3494316894922877,0.2972707752950955,SSP2,0.013133839900517613,0.013133839902347288,0.00651840067537246
357,SSP3,SSP2,0.5829523688567225,0.19569702560896984,SSP3,0.011196981113261957,0.011196981115669358,0.007030130951129587
358,SSP3,SSP2,0.39168685946955106,0.27926854345854374,SSP2,0.012790564388580877,0.012790564389568715,0.006611674601888495
359,SSP2,SSP1,0.611666603721527,0.5366319071331527,SSP2,0.017698097033493447,0.017698097033973736,0.005036653835849281
360,SSP2,SSP1,0.5311143776100333,0.5561498037644196,SSP2,0.018070273995708923,0.01807027399596728,0.004889592334413662
361,SSP2,SSP1,0.059688300823481484,0.667638471666025,SSP1,0.02019619537571039,0.02019619537589379,0.004013481682145992
362,SSP2,SSP1,0.34902458710545214,0.5997500184581149,SSP1,0.018901664578577716,0.0189016645789426,0.004554354526311366
363,SSP2,SSP1,0.7930929117801446,0.492127248937497,SSP2,0.01684946007201048,0.016849460072162037,0.005365145137275595
364,SSP3,SSP2,0.3509896870449529,0.29660984539589846,SSP2,0.01312123696041768,0.013121236961200156,0.006521845171033158
365,SSP2,SSP1,0.820228104378811,0.48540375335654246,SSP2,0.016721253113644887,0.016721253114114765,0.005413954858452641
366,SSP1,SSP5,0.29850586599993917,0.9106438264690804,SSP5,0.024829942365015116,0.024829942365288016,0.003902933222342808
367,SSP3,SSP2,0.633064953855751,0.1732047242850531,SSP3,0.01076808672273833,0.010768086725000625,0.0071387698689009405
368,SSP1,SSP5,0.047750938001524114,0.9859964481987992,SSP5,0.026266803640600113,0.026266803641728176,0.003903759037622967
369,SSP1,SSP5,0.7643415857286464,0.7617528960707132,SSP1,0.021990816037830416,0.021990816039268113,0.003901399014879736
370,SSP1,SSP5,0.8790465852171512,0.7231150222648867,SSP1,0.02125404983954649,0.02125404984109025,0.0039010212269079414
371,SSP2,SSP1,0.17953268104714193,0.6397174565957393,SSP1,0.0196637835709371,0.019663783571344906,0.004238751856351364
372,SSP2,SSP1,0.9599330244122443,0.4505000164762605,SSP2,0.016055691295817583,0.016055691296357866,0.005663946360267014
373,SSP3,SSP2,0.03013692283624112,0.4284326108493842,SSP2,0.015634899027811074,0.015634899029467686,0.005803634614276687
374,SSP1,SSP5,0.38567109559599805,0.8837018650181125,SSP5,0.024316199641688855,0.0243161996427379,0.003902646154106515
375,SSP3,SSP2,0.7400021918572015,0.12432218469399958,SSP3,0.00983597014101449,0.00983597014124138,0.007369236367109622
376,SSP1,SSP5,0.7676549027873082,0.7606484613353387,SSP1,0.02196975612689112,0.021969756128358497,0.0039013881023359787
377,SSP1,SSP5,0.9713158062969188,0.6914149854276329,SSP1,0.02064957776783218,0.020649577768690364,0.003900717328940928
378,SSP1,SSP5,0.09764281338191426,0.9712496926716996,SSP5,0.02598560517038084,0.02598560517150572,0.0039035947297936247
379,SSP3,SSP2,0.6210188756501354,0.17863504062895663,SSP3,0.010871634696115002,0.010871634697626087,0.00711269263726888
380,SSP3,SSP2,0.8380937772728662,0.07836760578025133,SSP3,0.008959685370010463,0.008959685370666381,0.007579028507948893
381,SSP2,SSP1,0.02805755335424736,0.6749626079993323,SSP1,0.02033585565073283,0.020335855651161916,0.003953729475397294
382,SSP1,SSP5,0.6077093730444982,0.81320159885264,SSP1,0.02297186549582528,0.022971865496297594,0.003901914884671065
383,SSP3,SSP2,0.5427186940006257,0.21357098357588983,SSP3,0.01153781063524224,0.011537810636675472,0.00694261064271906
384,SSP3,SSP2,0.4229499447802139,0.2658452427266166,SSP2,0.012534602212753477,0.01253460221495506,0.006680490455799548
385,SSP1,SSP5,0.20289318973570944,0.9397443379121831,SSP5,0.025384845393370152,0.025384845393672917,0.003903248107928192
386,SSP3,SSP2,0.9986880140001135,6.483324905857444e-4,SSP3,0.007477695605180758,0.007477695606492807,0.007919230952133649
387,SSP3,SSP2,0.7940826474614552,0.09912255671690218,SSP3,0.009355451099098274,0.009355451100667711,0.007485089324262173
388,SSP2,SSP1,0.538320057505188,0.5544097381348256,SSP2,0.01803709355868169,0.018037093559019057,0.004902778221584914
389,SSP1,SSP5,0.3060936646943833,0.908314341303194,SSP5,0.024785522583060913,0.02478552258335487,0.003902908232951363
390,SSP3,SSP2,0.4320016105113601,0.2619419832997955,SSP2,0.012460172920311893,0.012460172920452095,0.006700384154088246
391,SSP2,SSP1,0.9968884000032229,0.441184500024654,SSP2,0.015878058394079946,0.01587805839433365,0.005729713052557539
392,SSP2,SSP1,0.991484346027304,0.4425489272228442,SSP2,0.015904075970634438,0.01590407597096055,0.005720105256963537
393,SSP1,SSP5,0.6180296413598395,0.8098567295994143,SSP1,0.02290808386498709,0.022908083866151285,0.003901880895047727
394,SSP3,SSP2,0.6369815846594927,0.17143587212148123,SSP3,0.010734357369761237,0.010734357371257719,0.007147243464294961
395,SSP3,SSP2,0.8737039143110231,0.0614075347695034,SSP3,0.008636282299126942,0.00863628229955915,0.007654812547212675
396,SSP2,SSP1,0.46141002285922555,0.5729237911221571,SSP1,0.01839012873092883,0.018390128731113675,0.004761724650329535
397,SSP1,SSP5,0.4164618425878918,0.874088178011356,SSP5,0.024132881075479565,0.02413288107669831,0.003902544747784953
398,SSP3,SSP2,0.32753721968608873,0.3065361200768966,SSP2,0.013310516103897316,0.013310516105848436,0.006469951643528926
399,SSP1,SSP5,0.8390893297219602,0.7366695788165089,SSP1,0.02151251486663753,0.02151251486721928,0.0039011528291514885
400,SSP3,SSP2,0.7565947506924368,0.11662566757388412,SSP3,0.009689209123906981,0.009689209124438936,0.007404831112922894
401,SSP3,SSP2,0.8155577154075357,0.08902340390672907,SSP3,0.009162875429452662,0.009162875432158879,0.007530964898964099
402,SSP2,SSP1,0.3980529522968388,0.5880797095678281,SSP1,0.018679129323219044,0.01867912932371807,0.0046450044227610565
403,SSP1,SSP5,0.23028890497326404,0.9314536941943224,SSP5,0.025226755274746347,0.02522675527522167,0.003903157884723729
404,SSP2,SSP1,0.015521423050578425,0.6778602518322877,SSP1,0.020391109364783354,0.02039110936507771,0.003930013558341328
405,SSP3,SSP2,0.2468338781425581,0.34032960861152967,SSP2,0.013954907153972608,0.013954907155762086,0.006290659462145465
406,SSP2,SSP1,0.7545819031845925,0.5016389321549796,SSP2,0.01703083357922373,0.017030833579560367,0.005295730350608041
407,SSP3,SSP2,0.4074981897173604,0.2724908836537506,SSP2,0.012661324599850934,0.01266132460000624,0.006646498853347005
408,SSP3,SSP2,0.6836694829281569,0.15022594325593672,SSP3,0.010329915895194814,0.010329915897365982,0.007248060630112407
409,SSP1,SSP5,0.2842338145891606,0.9150173260839656,SSP5,0.02491333843128544,0.024913338432385634,0.0039029802253598422
410,SSP3,SSP2,0.36490477516238484,0.29069724679668435,SSP2,0.013008492589083643,0.013008492589471343,0.006552591031038224
411,SSP3,SSP2,0.6122330369349002,0.1825861784631852,SSP3,0.010946976957846324,0.010946976960018118,0.00709365822493746
412,SSP1,SSP5,0.29025668146258754,0.9131729744509792,SSP5,0.02487816941686806,0.024878169418077745,0.003902960389894572
413,SSP1,SSP5,0.7614530108309239,0.7627151945671067,SSP1,0.022009165624258625,0.022009165625731075,0.003901408528514727
414,SSP1,SSP5,0.5265851159114856,0.8392802142878063,SSP1,0.023469145507847546,0.023469145508530076,0.0039021820645930294
415,SSP1,SSP5,0.011974465088056486,0.9964983821813947,SSP5,0.02646705974200647,0.026467059742854016,0.003903876858924571
416,SSP2,SSP1,0.9423718426167479,0.4549144556093961,SSP2,0.016139868017187423,0.016139868017678527,0.005632641210291167
417,SSP1,SSP5,0.14609875158981217,0.9568125617569312,SSP5,0.02571031077629342,0.025710310776350997,0.003903435150003798
418,SSP3,SSP2,0.035857930344344154,0.42615345448837616,SSP2,0.015591438940544539,0.01559143894228332,0.005816599167860703
419,SSP3,SSP2,0.6239865096061697,0.17729864330380224,SSP3,0.010846151607123124,0.010846151608276733,0.007119119136266727
420,SSP1,SSP5,0.23579868822239128,0.929781723009888,SSP5,0.02519487329647325,0.02519487329653569,0.003903139739140027
421,SSP1,SSP5,0.2208903477113408,0.9343021937231534,SSP5,0.02528107188075881,0.025281071881177786,0.0039031888373315393
422,SSP2,SSP1,0.11536332759198424,0.6547014416262973,SSP1,0.01994950565133902,0.01994950565175979,0.00411835345699485
423,SSP2,SSP1,0.8793436860355996,0.4706938352251891,SSP2,0.016440757077212605,0.016440757077796686,0.005520003376649596
424,SSP1,SSP5,0.8675674118523118,0.7270196217370685,SSP1,0.02132850468463962,0.02132850468599612,0.0039010590344954466
425,SSP1,SSP5,0.9606591896022451,0.6951051680131349,SSP1,0.020719944005067624,0.020719944006618363,0.0039007524277452355
426,SSP2,SSP1,0.3013140059372504,0.6110589954305906,SSP1,0.019117309777181655,0.01911730977741488,0.0044658653961970884
427,SSP3,SSP2,0.09805230019996683,0.4012166085012723,SSP2,0.0151159307563354,0.015115930758174745,0.005957163665436527
428,SSP3,SSP2,0.37561943897290895,0.286132735006744,SSP2,0.012921454207639647,0.012921454208982608,0.006576243065330667
429,SSP3,SSP2,0.42242247455363874,0.2660724647573661,SSP2,0.012538934995468255,0.012538934997002205,0.006679330760424929
430,SSP3,SSP2,0.36376632481339516,0.2911816291054711,SSP2,0.013017729031905373,0.013017729033808045,0.006550076820576178
431,SSP1,SSP5,0.35754465638976896,0.8924393061527517,SSP5,0.024482809515716835,0.02448280951696513,0.003902738785476867
432,SSP1,SSP5,0.5771494573110985,0.8230699471123517,SSP1,0.02316004006948811,0.023160040070861365,0.00390201553298386
433,SSP3,SSP2,0.9182635751711524,0.03996933002746664,SSP3,0.00822748794659088,0.008227487949327594,0.007749362472380117
434,SSP1,SSP5,0.8220221513104746,0.7424279723721556,SSP1,0.021622318779490952,0.021622318780535776,0.003901209041010656
435,SSP1,SSP5,0.195665018128423,0.9419254896959756,SSP5,0.025426436680605596,0.02542643668168809,0.0039032719126546045
436,SSP3,SSP2,0.9021509385304893,0.04774936929205432,SSP3,0.008375841605497588,0.00837584160842142,0.007715209336875306
437,SSP3,SSP2,0.487631426950217,0.23778478271886708,SSP2,0.011999531402545224,0.011999531404514041,0.006822345839984312
438,SSP1,SSP5,0.3332191065349118,0.8999621904250235,SSP5,0.02462625961530735,0.024626259616081114,0.0039028188987899615
439,SSP1,SSP5,0.22532025857077492,0.9329601388014852,SSP5,0.025255480909902213,0.025255480910679307,0.003903174248150343
440,SSP3,SSP2,0.48982958684689265,0.23682420498435383,SSP2,0.011981214628460548,0.011981214630366166,0.006827154437361038
441,SSP1,SSP5,0.5421992158539312,0.8342900861289818,SSP1,0.023373991261757213,0.0233739912617994,0.0039021306402908795
442,SSP1,SSP5,0.6747665182850915,0.7913558582758997,SSP1,0.02255530004726287,0.022555300048534344,0.003901694032414582
443,SSP3,SSP2,0.4460984844955234,0.25584796648309566,SSP2,0.012343969176159666,0.01234396917629299,0.006731338807306697
444,SSP2,SSP1,0.7281576956431165,0.5081448754596058,SSP2,0.017154892142562106,0.017154892143111278,0.0052480043855094305
445,SSP3,SSP2,0.6511018695408863,0.16504545402270743,SSP3,0.010612501698516501,0.01061250169870065,0.007177771876163641
446,SSP3,SSP2,0.8016208464891358,0.09558360752207228,SSP3,0.009287968655387781,0.009287968657201828,0.00750120094153317
447,SSP3,SSP2,0.6418897900010523,0.16921693609305655,SSP3,0.010692045593753231,0.010692045594669075,0.007157858800693528
448,SSP2,SSP1,0.07302053939890028,0.6645458039566875,SSP1,0.020137222849369658,0.02013722284966102,0.004038629769033131
449,SSP2,SSP1,0.8600802607565204,0.4754966833957005,SSP2,0.016532340175322652,0.01653234017569627,0.005485489347869743
450,SSP3,SSP2,0.45846462905150404,0.25048682890925555,SSP2,0.012241740337983802,0.012241740340037888,0.006758465632712429
451,SSP3,SSP2,0.3337793413225041,0.3038988675058354,SSP2,0.013260227659961193,0.0132602276613345,0.0064837728012994145
452,SSP2,SSP1,0.7162890593482153,0.511061697348021,SSP2,0.017210511553314333,0.017210511553532593,0.005226542063787809
453,SSP2,SSP1,0.4211831765575888,0.5825565024700482,SSP1,0.018573810062738606,0.018573810063021057,0.004687671345793065
454,SSP1,SSP5,0.4977676549144457,0.8484539113733918,SSP5,0.023644074127365317,0.02364407412853109,0.003902276973300367
455,SSP3,SSP2,0.4314811756181914,0.26216661091847343,SSP2,0.01246445623148669,0.012464456232838872,0.006699240718046173
456,SSP2,SSP1,0.5771140762518204,0.5450217844857834,SSP2,0.01785807938842919,0.01785807938868733,0.004973664670689049
457,SSP3,SSP2,0.18683853914926546,0.3650968762319535,SSP2,0.0144271817335285,0.014427181735360062,0.006156644305383541
458,SSP3,SSP2,0.36735680554489547,0.28965357489627785,SSP2,0.012988591334108212,0.012988591336202893,0.006558005470654216
459,SSP2,SSP1,0.5544854303731099,0.5505018643245566,SSP2,0.017962576276881075,0.017962576277144482,0.0049323377034060645
460,SSP3,SSP2,0.11532651180788667,0.3942378475300502,SSP2,0.014982856270525466,0.014982856271975376,0.005996083154866438
461,SSP1,SSP5,0.3187713664461743,0.9044155541451182,SSP5,0.02471117857006451,0.02471117857108207,0.0039028664806024516
462,SSP3,SSP2,0.9648587797207874,0.01728842229465954,SSP3,0.007794997115239572,0.007794997118188762,0.007847900600128632
463,SSP3,SSP2,0.5778846509976349,0.1979573189408984,SSP3,0.01124008151090652,0.011240081512156719,0.007019121788826466
464,SSP1,SSP5,0.8565691205070558,0.7307526454278268,SSP1,0.02139968783738156,0.021399687838693504,0.0039010952582125835
465,SSP2,SSP1,0.9784230169926804,0.4458435585414991,SSP2,0.015966899639545187,0.01596689963998088,0.005696870420099254
466,SSP1,SSP5,0.05610172721843962,0.9835364377298392,SSP5,0.0262198949372366,0.02621989493731358,0.0039037315362158154
467,SSP1,SSP5,0.023504152465436606,0.9931204938564916,SSP5,0.026402648487084072,0.02640264848726237,0.003903838888695166
468,SSP2,SSP1,0.657703188878445,0.5254114482942969,SSP2,0.017484139742695047,0.01748413974276275,0.005120364294564972
469,SSP3,SSP2,0.8481516402284155,0.0735926347032655,SSP3,0.008868633846187326,0.008868633849012486,0.007600453464509771
470,SSP1,SSP5,0.003922885255917926,0.99885359178856,SSP5,0.026511970050403705,0.026511970051187994,0.0039039033748204943
471,SSP1,SSP5,0.273075962486881,0.9184291992783546,SSP5,0.0249783977266051,0.02497839772749888,0.0039030169721407937
472,SSP3,SSP2,0.6288267837825418,0.17511699087452143,SSP3,0.01080455077333046,0.010804550775274313,0.007129597814391486
473,SSP2,SSP1,0.1366713577453577,0.6497346374262124,SSP1,0.01985479615809653,0.019854796158469856,0.004158388921248424
474,SSP3,SSP2,0.165137081425327,0.37398327396623793,SSP2,0.014596631986097532,0.014596631987880748,0.00610801419506557
475,SSP3,SSP2,0.002775644125864161,0.4392992624945473,SSP2,0.015842109747037432,0.015842109748329225,0.005741549359655762
476,SSP3,SSP2,0.7383584561068536,0.12508296734211036,SSP3,0.009850477123002832,0.009850477125572299,0.007365707789102283
477,SSP3,SSP2,0.0763897158324456,0.40993567766901107,SSP2,0.01528219030455932,0.015282190305231813,0.005908282393665143
478,SSP2,SSP1,0.4344370786988179,0.5793865360072814,SSP1,0.018513363565314928,0.018513363565788366,0.0047120914645455425
479,SSP1,SSP5,0.41800769846305463,0.8736041720181238,SSP5,0.024123651808430027,0.024123651808797275,0.0039025396566498838
480,SSP2,SSP1,0.9710875048840003,0.44769196115154775,SSP2,0.016002145900008365,0.0160021459002766,0.005683813012323569
481,SSP2,SSP1,0.7615662828438703,0.4999165245462209,SSP2,0.01699798985412183,0.016997989854630635,0.0053083319173636845
482,SSP1,SSP5,0.3104364187792249,0.9069797521140428,SSP5,0.02476007397250581,0.024760073973655095,0.0039028939306668953
483,SSP3,SSP2,0.23485762331154406,0.3452974242805503,SSP2,0.014049635934407927,0.014049635936346005,0.006263957248052732
484,SSP1,SSP5,0.9462217305019323,0.700092392655788,SSP1,0.02081504288546723,0.02081504288655256,0.003900799979124292
485,SSP3,SSP2,0.7672623556455214,0.1116611668432597,SSP3,0.009594543554366031,0.009594543556893154,0.007427692283286769
486,SSP3,SSP2,0.6351527910385915,0.1722620019989554,SSP3,0.010750110425226302,0.010750110427706128,0.007143287196340609
487,SSP3,SSP2,0.8773295127588074,0.05967224991274997,SSP3,0.008603193024254444,0.008603193026650802,0.0076625172201867375
488,SSP1,SSP5,0.5313804985094768,0.8377491218245122,SSP1,0.023439949875109795,0.02343994987595699,0.003902166271236407
489,SSP3,SSP2,0.7034377190877068,0.14117522141011432,SSP3,0.010157332228723335,0.010157332231157223,0.007290641667407227
490,SSP3,SSP2,0.6745049807474176,0.15440756539301947,SSP3,0.010409653146268237,0.01040965314675013,0.007228298778743758
491,SSP3,SSP2,0.5401519142026387,0.21470581313339063,SSP3,0.011559450129769862,0.01155945013212012,0.006937018082224133
492,SSP3,SSP2,0.25230146705632245,0.33805763232707975,SSP2,0.01391158397997764,0.0139115839800934,0.0063028417380126545
493,SSP1,SSP5,0.07094058461968196,0.9791569691870828,SSP5,0.026136385052480362,0.026136385053577627,0.003903682667780517
494,SSP1,SSP5,0.5479964818563765,0.8324338079821318,SSP1,0.023338594826640593,0.023338594826824988,0.0039021115472450685
495,SSP3,SSP2,0.10580248494297119,0.3980884099600371,SSP2,0.015056280710417097,0.015056280710596504,0.005974631659939167
496,SSP3,SSP2,0.4116241987388773,0.2707184769513551,SSP2,0.012627527467159332,0.01262752746876461,0.0066555794021196935
497,SSP3,SSP2,0.859827022845769,0.06803468717308715,SSP3,0.008762652137860158,0.008762652140107186,0.007625304031778191
498,SSP3,SSP2,0.7583426317116484,0.11581311366683804,SSP3,0.009673714941799454,0.009673714944418377,0.007408578146755218
499,SSP3,SSP2,0.3531422737586233,0.29569632581970656,SSP2,0.013103817514705135,0.01310381751677192,0.00652660353422041
500,SSP1,SSP5,0.9338015961251596,0.704371593971271,SSP1,0.020896640824855515,0.020896640824955126,0.003900840886156498
501,SSP1,SSP5,0.06591530812766848,0.9806412791763433,SSP5,0.02616468861373112,0.026164688614320086,0.003903699217406409
502,SSP1,SSP5,0.8859575373138499,0.7207601543939672,SSP1,0.021209146047545993,0.021209146049066208,0.003900998465103056
503,SSP3,SSP2,0.8219511169938217,0.08600642840913497,SSP3,0.009105346239858824,0.009105346242640255,0.007544608531654617
504,SSP2,SSP1,0.3145278928780769,0.6079315301850439,SSP1,0.019057673714110317,0.0190576737145014,0.004490400609888923
505,SSP2,SSP1,0.5938746737837605,0.5409554141894914,SSP2,0.017780539816788427,0.017780539817194407,0.005004236452104793
506,SSP3,SSP2,0.5981449952588973,0.1889052317379974,SSP3,0.011067471809127063,0.011067471811536889,0.007063110347335311
507,SSP3,SSP2,0.7260201016454179,0.13078407058445737,SSP3,0.009959188595662975,0.009959188597349788,0.007339207445376861
508,SSP1,SSP5,0.4728036300466344,0.856363386224024,SSP5,0.023794895928414935,0.023794895928599402,0.0039023591906761634
509,SSP3,SSP2,0.6398701644703888,0.17013028778275474,SSP3,0.0107094618381226,0.010709461840211265,0.007153491282279489
510,SSP3,SSP2,0.009571659663162755,0.43660536492895335,SSP2,0.015790741168167297,0.015790741169596334,0.005756982668519095
511,SSP1,SSP5,0.48125884966749005,0.8536883562421426,SSP5,0.02374388712601678,0.02374388712729858,0.0039023313439920937
512,SSP3,SSP2,0.5052141191498409,0.23008828318072483,SSP2,0.011852770720699526,0.011852770721818562,0.006860786479439884
513,SSP3,SSP2,0.20268253601489095,0.3585849173965398,SSP2,0.014303008463056622,0.014303008464180644,0.0061920967336557275
514,SSP3,SSP2,0.7718301576460731,0.1095314740773756,SSP3,0.009553933513282542,0.009553933515556778,0.007437475744766386
515,SSP1,SSP5,0.9841925312213665,0.6869457697411999,SSP1,0.020564356539895263,0.020564356540343276,0.0039006749178953637
516,SSP2,SSP1,0.008616268977251632,0.6794551007964182,SSP1,0.020421520738194962,0.02042152073843262,0.003916941971807253
517,SSP1,SSP5,0.34178097882940883,0.8973179156980478,SSP5,0.024575837269409054,0.024575837270182532,0.003902790701304726
518,SSP2,SSP1,0.3436249242340582,0.6010322600670625,SSP1,0.018926114999432996,0.01892611499980079,0.004544353416441771
519,SSP1,SSP5,0.8645954232312898,0.7280291406717151,SSP1,0.02134775469387442,0.02134775469414385,0.0039010688229728085
520,SSP2,SSP1,0.8237762558298872,0.4845232770033181,SSP2,0.016704463752545362,0.016704463752966747,0.005420331007352841
521,SSP1,SSP5,0.26057968344995686,0.9222427523199004,SSP5,0.025051116453067478,0.025051116453856492,0.003903058126782488
522,SSP1,SSP5,0.9527433343252658,0.6978413255948108,SSP1,0.020772118418946814,0.02077211842051807,0.0039007784995055417
523,SSP3,SSP2,0.5686910032109531,0.20205124004883693,SSP3,0.011318146435129014,0.011318146435912668,0.006999138654524284
524,SSP1,SSP5,0.46424436767691507,0.859067303115502,SSP5,0.02384645556077518,0.023846455562073432,0.0039023873799901576
525,SSP1,SSP5,0.7801767953187463,0.7564683429866563,SSP1,0.021890047550802982,0.02189004755186441,0.0039013468609390145
526,SSP2,SSP1,0.5663215119023447,0.5476368915112689,SSP2,0.017907945550085895,0.017907945550444726,0.004953961500352211
527,SSP1,SSP5,0.8469884520618152,0.7339981452927459,SSP1,0.021461574643291847,0.02146157464391729,0.0039011268128423815
528,SSP1,SSP5,0.6295962773252073,0.8061004918604158,SSP1,0.02283645805522539,0.022836458055426334,0.0039018428004862216
529,SSP3,SSP2,0.710432471490386,0.13796258650324308,SSP3,0.010096072108181899,0.010096072110463261,0.007305693377524403
530,SSP2,SSP1,0.8836519556374629,0.4696184151400812,SSP2,0.016420250432058033,0.016420250432651384,0.005527716776867253
531,SSP1,SSP5,0.8067279454590861,0.7475724405818619,SSP1,0.02172041605844853,0.02172041605966113,0.003901259413376268
532,SSP3,SSP2,0.3392743302160306,0.30157443962222896,SSP2,0.013215904312781267,0.013215904314384908,0.006495934180153595
533,SSP3,SSP2,0.5350128993642239,0.21697593008494004,SSP3,0.011602737849080152,0.011602737850134881,0.006925817806946455
534,SSP2,SSP1,0.905458660174024,0.4641679623541422,SSP2,0.016316318486987683,0.01631631848756876,0.005566727127015669
535,SSP3,SSP2,0.4486569373651771,0.2547399688703008,SSP2,0.01232284132650135,0.012322841328692213,0.00673695322206358
536,SSP1,SSP5,0.5232427380795723,0.8403466159801465,SSP1,0.023489480185802585,0.02348948018711905,0.0039021930725449128
537,SSP1,SSP5,0.8904811288817002,0.7192170789740049,SSP1,0.021179721917829526,0.021179721918783923,0.0039009835662622283
538,SSP1,SSP5,0.4579125643130277,0.8610649526612834,SSP5,0.023884547736052357,0.023884547736628736,0.0039024082333103394
539,SSP2,SSP1,0.9467295998205486,0.4538197594347876,SSP2,0.016118993805969293,0.016118993806475856,0.00564041267635873
540,SSP3,SSP2,0.30164422580442024,0.31743942339881326,SSP2,0.013518425715528526,0.013518425717558902,0.006412548954388031
541,SSP1,SSP5,0.7070503595421804,0.7807429103965405,SSP1,0.022352927077648743,0.02235292707909453,0.0039015877051942205
542,SSP2,SSP1,0.8911216746877325,0.4677527442406863,SSP2,0.016384674891263426,0.01638467489166806,0.005541085437915427
543,SSP2,SSP1,0.12167036205014534,0.6532322028134949,SSP1,0.019921489474778176,0.019921489475156928,0.00413020950879095
544,SSP3,SSP2,0.8248731774374856,0.08462595250178129,SSP3,0.009079022638534514,0.009079022640723355,0.00755084210815915
545,SSP1,SSP5,0.21817600053491365,0.9351240248666144,SSP5,0.025296742965825292,0.02529674296670037,0.0039031977765828785
546,SSP2,SSP1,0.9517877359499385,0.45254851641040295,SSP2,0.016094753111595743,0.016094753111857818,0.0056494305376877385
547,SSP1,SSP5,0.1862462011806894,0.9447637721246576,SSP5,0.025480558461869883,0.02548055846304864,0.003903302931861141
548,SSP1,SSP5,0.25553198282592426,0.9237809196331072,SSP5,0.02508044699256277,0.025080446993620997,0.0039030747506190178
549,SSP3,SSP2,0.949223198466092,0.02492976904963143,SSP3,0.007940706116379818,0.007940706118527041,0.00781487252440427
550,SSP3,SSP2,0.4918629159692501,0.23593524421495385,SSP2,0.011964263482292778,0.01196426348442925,0.006831601742686155
551,SSP1,SSP5,0.9896341109078993,0.6850537360575981,SSP1,0.020528278300417133,0.020528278301877867,0.0039006569953778936
552,SSP1,SSP5,0.9306541892741347,0.7054543601807672,SSP1,0.020917287549564276,0.020917287551137864,0.0039008512524663086
553,SSP3,SSP2,0.7657482261641458,0.11236659454600884,SSP3,0.009607995000719693,0.009607995003405367,0.007424448539337547
554,SSP1,SSP5,0.6994543605348947,0.7832456665574573,SSP1,0.022400650877130494,0.0224006508785608,0.00390161272274403
555,SSP3,SSP2,0.4942577756352708,0.2348877148819156,SSP2,0.011944288671873032,0.011944288674110126,0.006836838907376741
556,SSP3,SSP2,0.6108161896046749,0.18322261302545667,SSP3,0.010959112808676463,0.010959112810007499,0.007090587463141729
557,SSP1,SSP5,0.7908564595691123,0.7528954676219728,SSP1,0.021821918186009016,0.021821918187479694,0.0039013116869539566
558,SSP3,SSP2,0.07396985403831323,0.4109074232913554,SSP2,0.015300720033484667,0.015300720035017479,0.0059028168488939325
559,SSP1,SSP5,0.16269244482907944,0.9518422180393246,SSP5,0.025615533789770075,0.02561553379009851,0.003903380501841802
560,SSP3,SSP2,0.025665495956156338,0.43021225422038695,SSP2,0.015668834152899585,0.015668834154503264,0.005793497700663508
561,SSP3,SSP2,0.9277199316439616,0.03538833279232494,SSP3,0.00814013521247704,0.0081401352143744,0.007769387781088488
562,SSP1,SSP5,0.22203746875435118,0.933954764805967,SSP5,0.025274446933336088,0.025274446934461903,0.003903185059478176
563,SSP2,SSP1,0.8491947576240406,0.4782066467399709,SSP2,0.016584015104452572,0.016584015104569305,0.005465967581682163
564,SSP2,SSP1,0.8757633181394363,0.47158720657764935,SSP2,0.016457792326572226,0.016457792327122744,0.00551359161437559
565,SSP1,SSP5,0.13746582249597694,0.9593930572031532,SSP5,0.02575951694713906,0.025759516948187455,0.003903463580867239
566,SSP2,SSP1,0.9189579295527874,0.4607879200591706,SSP2,0.01625186615909252,0.016251866159679107,0.0055908496610532765
567,SSP1,SSP5,0.32867831063219205,0.9013630210591944,SSP5,0.024652971350688148,0.02465297135153688,0.003902833853338006
568,SSP3,SSP2,0.10884846563842268,0.39685768825840206,SSP2,0.015032812696783221,0.015032812698635212,0.005981494033044932
569,SSP1,SSP5,0.8341668983943075,0.7383322935609613,SSP1,0.021544220338508398,0.021544220339857034,0.0039011690415098332
570,SSP3,SSP2,0.47862265863486153,0.24171670955931768,SSP2,0.012074507339490607,0.012074507341083285,0.006802630254876263
571,SSP3,SSP2,0.9722014560618105,0.01368919390183873,SSP3,0.007726365237795677,0.0077263652379711,0.007863397959838148
572,SSP1,SSP5,0.3265098180592511,0.9020316173108296,SSP5,0.024665720476610024,0.024665720477052178,0.0039028409949963816
573,SSP2,SSP1,0.3700167537714,0.5947593420345801,SSP1,0.018806499877903154,0.01880649987817984,0.0045932025753558925
574,SSP2,SSP1,0.19012709745581352,0.6372359355012887,SSP1,0.019616464692266196,0.019616464692633784,0.004258581235130565
575,SSP2,SSP1,0.3688886634417832,0.5950277666209731,SSP1,0.018811618331445304,0.018811618331644464,0.0045911162706593345
576,SSP3,SSP2,0.1727410879367426,0.3708738746854942,SSP2,0.01453734041383004,0.014537340415687439,0.00612506313703487
577,SSP3,SSP2,0.2252444712714606,0.3492763705579564,SSP2,0.014125508461367172,0.014125508463316727,0.006242505842280144
578,SSP3,SSP2,0.08906027818838345,0.4048402286998462,SSP2,0.015185027748865192,0.015185027750622249,0.005936883404225934
579,SSP3,SSP2,0.3694477009575299,0.28876318982383237,SSP2,0.012971613028621445,0.01297161303075356,0.00656262166664856
580,SSP3,SSP2,0.7362830723440823,0.1260431048835162,SSP3,0.009868785503266359,0.009868785504752342,0.007361251982062056
581,SSP1,SSP5,0.054107138950683406,0.9841243125165346,SSP5,0.026231104826109814,0.026231104826409668,0.003903738104936716
582,SSP1,SSP5,0.04653456928515721,0.9863544955116232,SSP5,0.026273631064873012,0.026273631065893532,0.003903763043451969
583,SSP2,SSP1,0.07732235273988565,0.6635472067843657,SSP1,0.020118181101731938,0.02011818110204211,0.004046739411385225
584,SSP3,SSP2,0.1811926543903464,0.3674124330612831,SSP2,0.014471335923032538,0.014471335923557094,0.0061440005358361915
585,SSP3,SSP2,0.8239218316337507,0.08507550862687639,SSP3,0.0090875949983612,0.009087595000263349,0.007548812768265689
586,SSP3,SSP2,0.9477639832728241,0.02564132844633422,SSP3,0.007954274484924024,0.007954274487698587,0.007811788193707647
587,SSP1,SSP5,0.27669070216344227,0.9173245773264208,SSP5,0.024957334245727315,0.02495733424614066,0.003903005067520837
588,SSP3,SSP2,0.6003066913003187,0.18793694481789133,SSP3,0.01104900803245654,0.011049008033065189,0.007067799778969652
589,SSP2,SSP1,0.2804866634528149,0.6159812242493499,SSP1,0.01921116928487884,0.019211169285100915,0.00442715107326519
590,SSP3,SSP2,0.13547770565566308,0.3860673430541065,SSP2,0.014827057026730246,0.01482705702803333,0.006041418104676177
591,SSP3,SSP2,0.39590898131357255,0.2774609242444858,SSP2,0.0127560958062003,0.012756095806909507,0.006620977898200708
592,SSP1,SSP5,0.9629441282026023,0.6943145826729015,SSP1,0.020704868730520423,0.020704868732104753,0.003900744902038289
593,SSP2,SSP1,0.1954331493754334,0.6359922806778923,SSP1,0.01959275006343294,0.019592750063845976,0.004268507329134419
594,SSP3,SSP2,0.7807835476499465,0.10535018360847608,SSP3,0.009474202586623029,0.009474202588115155,0.007456642754465115
595,SSP1,SSP5,0.7351498144606798,0.7714541000833269,SSP1,0.022175803421843054,0.022175803423305274,0.003901495158979973
596,SSP2,SSP1,0.06705521534667717,0.6659299853506964,SSP1,0.020163617108756818,0.02016361710919723,0.004027380333814223
597,SSP2,SSP1,0.022622583964305266,0.6762192200706341,SSP1,0.020359817354814774,0.020359817355121157,0.003943449979447067
598,SSP2,SSP1,0.8000405679536602,0.4904074750377331,SSP2,0.016816666567781843,0.016816666568338245,0.0053776502101772206
599,SSP1,SSP5,0.2866437276374306,0.91427957545151,SSP5,0.024899270635228975,0.024899270636439708,0.0039029722886516627
600,SSP2,SSP1,0.31854448794268203,0.6069801766506862,SSP1,0.01903953283166282,0.01903953283214377,0.0044978543678275695
601,SSP3,SSP2,0.6032170888277846,0.18663253759942017,SSP3,0.011024134946732496,0.01102413494811616,0.007074112184114689
602,SSP1,SSP5,0.03900821162483559,0.988568379963748,SSP5,0.026315846514911204,0.02631584651525043,0.0039037878297569772
603,SSP2,SSP1,0.681899063457574,0.5194946956629864,SSP2,0.017371316160210558,0.01737131616023113,0.00516426314361218
604,SSP3,SSP2,0.275836624864928,0.32824916796386244,SSP2,0.013724551302242633,0.01372455130412642,0.006355221320606619
605,SSP3,SSP2,0.9898878156060203,0.00499125389638356,SSP3,0.007560508590948962,0.007560508592272308,0.007900692362920125
606,SSP2,SSP1,0.5135145089725236,0.5603951125522144,SSP2,0.018151225655519285,0.01815122565577809,0.004857360330806859
607,SSP3,SSP2,0.299199206036019,0.318465995056089,SSP2,0.01353800089456136,0.013538000894626201,0.00640712261597054
608,SSP3,SSP2,0.04436054511095703,0.42276162401610057,SSP2,0.01552676182982047,0.015526761831532232,0.0058358564092209075
609,SSP3,SSP2,0.0508793112227073,0.42015750404936264,SSP2,0.015477105174865521,0.015477105176045391,0.0058506117747278985
610,SSP1,SSP5,0.0937639803348958,0.9724004487958736,SSP5,0.026007548360604517,0.026007548361661748,0.0039036075039038387
611,SSP3,SSP2,0.8573833227796365,0.06919933003233746,SSP3,0.008784860127256277,0.008784860128837169,0.0076201044923425165
612,SSP2,SSP1,0.033947500044865034,0.6736001867859158,SSP1,0.02030987632529389,0.02030987632573278,0.003964865340515544
613,SSP2,SSP1,0.13003625801151208,0.6512821778806392,SSP1,0.01988430542931131,0.019884305429732407,0.00414592828137228
614,SSP2,SSP1,0.3446132688612107,0.6007976058239582,SSP1,0.01892164049559586,0.018921640495822123,0.004546184262270048
615,SSP3,SSP2,0.8761433756249033,0.06024013374047354,SSP3,0.008614021715577406,0.00861402171840453,0.007659996815321257
616,SSP3,SSP2,0.8989246664614217,0.04930334699642844,SSP3,0.008405473625396597,0.008405473627566051,0.007708365901466285
617,SSP3,SSP2,0.05924125395638197,0.41681237681000494,SSP2,0.015413318624619426,0.015413318626369854,0.005869528124570422
618,SSP3,SSP2,0.9532013616559839,0.02298852330492809,SSP3,0.007903689476839879,0.007903689477002152,0.007823279456286247
619,SSP1,SSP5,0.7526047248778989,0.7656596915426198,SSP1,0.02206531275733871,0.022065312757603817,0.003901437670672303
620,SSP1,SSP5,0.6331217760586333,0.8049540313188918,SSP1,0.02281459677530854,0.022814596776265184,0.0039018311892928814
621,SSP2,SSP1,0.9107086787878762,0.46285397101822306,SSP2,0.016291262646544485,0.01629126264673464,0.005576111060319411
622,SSP3,SSP2,0.7455870876623624,0.12173504066094756,SSP3,0.009786637191607805,0.009786637192802816,0.007381222131760623
623,SSP3,SSP2,0.12222651557135332,0.3914437568471767,SSP2,0.014929577159453603,0.014929577160909036,0.006011614421792988
624,SSP2,SSP1,0.3046507609581237,0.6102695868201554,SSP1,0.019102256941103617,0.01910225694158796,0.0044720629790446775
625,SSP3,SSP2,0.6913374759951934,0.1467202263555955,SSP3,0.010263067141407161,0.010263067143817528,0.00726458506692107
626,SSP3,SSP2,0.7480790781806919,0.12057953138765878,SSP3,0.009764603365972336,0.009764603367732994,0.007386568591441822
627,SSP2,SSP1,0.3755892932431926,0.5934329900005832,SSP1,0.018781208337520134,0.01878120833771013,0.004603506277017333
628,SSP2,SSP1,0.04321784607917166,0.6714545374782755,SSP1,0.020268962016934556,0.020268962017193415,0.003982383626980779
629,SSP1,SSP5,0.6570972562064811,0.797137950791046,SSP1,0.022665555863665168,0.022665555863816245,0.0039017522261752813
630,SSP3,SSP2,0.1875135668639903,0.3648198530972004,SSP2,0.014421899318588836,0.014421899319496001,0.006158155635187068
631,SSP1,SSP5,0.3757089482729559,0.8868014142522589,SSP5,0.024375303388367884,0.024375303388782132,0.003902678963390027
632,SSP1,SSP5,0.5866054711410899,0.8200222088452429,SSP1,0.02310192428010211,0.023101924280387154,0.0039019843898782103
633,SSP1,SSP5,0.9652657963942192,0.6935109285230283,SSP1,0.020689544253409888,0.020689544254857584,0.0039007372553561126
634,SSP3,SSP2,0.4352122903015808,0.2605556482442189,SSP2,0.012433737593834614,0.012433737594790495,0.0067074372628981305
635,SSP2,SSP1,0.8308786146357939,0.48275989779341033,SSP2,0.016670838760571273,0.016670838760963536,0.005433089937569413
636,SSP1,SSP5,0.4418718365361727,0.8661158533415292,SSP5,0.023980860822812665,0.023980860823867634,0.0039024610621787303
637,SSP2,SSP1,0.3238049926337632,0.605733697532909,SSP1,0.01901576434777936,0.01901576434787189,0.004507613572150682
638,SSP1,SSP5,0.11250889876027097,0.96683256142959,SSP5,0.025901377114537882,0.02590137711491236,0.0039035457714555744
639,SSP1,SSP5,0.950226501325868,0.6987104005967267,SSP1,0.020788690373407945,0.02078869037465303,0.0039007867889735426
640,SSP3,SSP2,0.870243803522863,0.06306213583773933,SSP3,0.008667833055383538,0.00866783305820662,0.007647457624762266
641,SSP3,SSP2,0.46442152022073796,0.2478991803871468,SSP2,0.012192397768728824,0.012192397770251384,0.006771523762124643
642,SSP3,SSP2,0.575727126718618,0.19891882643220016,SSP3,0.011258416014056149,0.011258416015956119,0.007014433482159355
643,SSP2,SSP1,0.41467197971428044,0.5841124364910647,SSP1,0.01860347938665653,0.01860347938706286,0.004675666947792534
644,SSP2,SSP1,0.12637369197779605,0.6521360577056184,SSP1,0.019900587634579716,0.01990058763493252,0.004139047706195109
645,SSP1,SSP5,0.45296482846405234,0.8626244006236083,SSP5,0.023914284065551177,0.02391428406674523,0.0039024245282974768
646,SSP1,SSP5,0.6310481206262796,0.8056284540004562,SSP1,0.022827457002494687,0.022827457003895546,0.0039018380188560187
647,SSP2,SSP1,0.35534199476394784,0.59824907850218,SSP1,0.01887304390884977,0.01887304390933031,0.004566051036329899
648,SSP1,SSP5,0.13453184832575213,0.960269230550155,SSP5,0.025776224256375393,0.025776224257385794,0.003903473243330735
649,SSP2,SSP1,0.39324754819121266,0.5892257665833458,SSP1,0.018700982908501272,0.018700982908999908,0.00463613222274506
650,SSP2,SSP1,0.17430427643443597,0.6409412965539377,SSP1,0.01968712036006378,0.01968712036013942,0.004228960892798561
651,SSP2,SSP1,0.48673278259251485,0.5668422098206356,SSP1,0.01827416211336612,0.01827416211382138,0.004808243346416496
652,SSP1,SSP5,0.33928366759112444,0.8980895912060514,SSP5,0.024590551961868524,0.024590551962553997,0.0039027989258983986
653,SSP3,SSP2,0.215732093872592,0.35320607310160995,SSP2,0.014200441984314744,0.014200441986026435,0.00622126354486352
654,SSP1,SSP5,0.6904269183917098,0.7862155229346827,SSP1,0.022457281575897558,0.022457281577027643,0.003901642454747334
655,SSP2,SSP1,0.7105524555612502,0.5124703304895666,SSP2,0.017237372070787134,0.017237372071344792,0.0052161626820490525
656,SSP2,SSP1,0.455221101497404,0.5744080393128097,SSP1,0.018418431113772993,0.018418431114113343,0.004750343937585111
657,SSP1,SSP5,0.23402050223484933,0.9303214902675244,SSP5,0.025205165847051094,0.025205165847837607,0.0039031455953104643
658,SSP2,SSP1,0.08088089513301495,0.6627208858777304,SSP1,0.0201024244036278,0.02010242440390453,0.004053446130702687
659,SSP1,SSP5,0.43724929901936077,0.8675687811127863,SSP5,0.024008565972319335,0.02400856597362022,0.0039024762861223916
660,SSP3,SSP2,0.5818972417505567,0.19616784540517257,SSP3,0.011205958939347014,0.011205958939605853,0.007027839129370994
661,SSP2,SSP1,0.7030888804387031,0.5143018692904152,SSP2,0.017272296763747523,0.01727229676396802,0.0052026530302715646
662,SSP1,SSP5,0.9259979773208591,0.7070549757480621,SSP1,0.020947808883433637,0.02094780888355907,0.0039008665881745674
663,SSP3,SSP2,0.08349343500656817,0.4070804438518826,SSP2,0.015227745285787603,0.015227745286236383,0.005924320984151965
664,SSP2,SSP1,0.5090541309775772,0.5614699333636091,SSP1,0.018171720873424578,0.01817172087394181,0.004849185944262757
665,SSP1,SSP5,0.7094578787835604,0.7799489426671061,SSP1,0.02233778730602168,0.022337787307432855,0.0039015797759847093
666,SSP1,SSP5,0.7372152516687035,0.7707694260803982,SSP1,0.022162747717361573,0.022162747718118325,0.0039014883564021385
667,SSP2,SSP1,0.8273715516572702,0.48363078823778777,SSP2,0.016687445332792362,0.016687445333266826,0.005426790433029405
668,SSP2,SSP1,0.19340198922181046,0.6364684175578877,SSP1,0.01960182927831676,0.019601829278353078,0.004264708019474872
669,SSP1,SSP5,0.9380378573288499,0.7029132001218386,SSP1,0.020868831445451076,0.020868831446947178,0.003900826933586732
670,SSP1,SSP5,0.5815536026795036,0.8216511028911918,SSP1,0.023132984842069684,0.023132984843438287,0.0039020010280639283
671,SSP1,SSP5,0.8178074201828475,0.7438471494058613,SSP1,0.02164938035314456,0.02164938035356001,0.003901222922484182
672,SSP3,SSP2,0.9249219330887074,0.03674494190257973,SSP3,0.008166003709841638,0.008166003711873593,0.007763464033706313
673,SSP3,SSP2,0.22305618749370051,0.3501810448227916,SSP2,0.014142759240282635,0.014142759242223857,0.006237620527890231
674,SSP2,SSP1,0.01188124382820088,0.6787011147036682,SSP1,0.02040714335630521,0.020407143356571344,0.00392312337303502
675,SSP3,SSP2,0.4091304276727985,0.27178991088480686,SSP2,0.012647958102391197,0.01264795810424113,0.006650091436509076
676,SSP3,SSP2,0.7882157278023924,0.1018723772673402,SSP3,0.009407886045262515,0.009407886046707725,0.007472543538629806
677,SSP3,SSP2,0.12081290045897024,0.3920164901551325,SSP2,0.014940498323078023,0.014940498323916529,0.006008433189087281
678,SSP3,SSP2,0.24320363987730464,0.3418367169215344,SSP2,0.013983645444944428,0.013983645445224013,0.006282568115137277
679,SSP3,SSP2,0.8328181771040425,0.08086742299376055,SSP3,0.009007353128181054,0.009007353129847795,0.007567784204951744
680,SSP3,SSP2,0.8547422865741987,0.07045721997413784,SSP3,0.00880884619840857,0.008808846201180831,0.007614484018350076
681,SSP3,SSP2,0.17178146635457167,0.3712665354614146,SSP2,0.014544827864835859,0.01454482786599387,0.006122912127044078
682,SSP1,SSP5,0.2451600608130256,0.9269374405939598,SSP5,0.02514063710446743,0.02514063710562975,0.0039031089089411886
683,SSP2,SSP1,0.6539036740001897,0.5263393375184386,SSP2,0.017501833196002937,0.01750183319608034,0.0051134646915302895
684,SSP3,SSP2,0.7764945772024349,0.10735429616598412,SSP3,0.009512418001822858,0.009512418002378231,0.007447462714356368
685,SSP3,SSP2,0.6680135885953437,0.15736405755695887,SSP3,0.010466029009568287,0.010466029010759659,0.0072142928665928086
686,SSP1,SSP5,0.4955830549505362,0.8491474543579388,SSP5,0.023657298950000204,0.023657298950749306,0.0039022841681461973
687,SSP1,SSP5,0.5734604526536929,0.8242575406404212,SSP1,0.02318268569365417,0.02318268569496551,0.003902027682603837
688,SSP2,SSP1,0.22153481754204288,0.6298664266357664,SSP1,0.019475939231228742,0.019475939231655914,0.004317286098429296
689,SSP2,SSP1,0.17150167581744558,0.6415970974236261,SSP1,0.01969962549727759,0.019699625497308082,0.004223711231441163
690,SSP3,SSP2,0.09425133147958945,0.4027490904922597,SSP2,0.015145152885278432,0.015145152887116708,0.005948592852455636
691,SSP2,SSP1,0.2510183663988628,0.6229306931432802,SSP1,0.019343685214787524,0.01934368521507257,0.00437228537545864
692,SSP1,SSP5,0.671314779479851,0.7924868711214512,SSP1,0.022576866762828406,0.02257686676354642,0.0039017054007346452
693,SSP3,SSP2,0.6451734052109457,0.16773104740702546,SSP3,0.010663711929127122,0.010663711931081066,0.007164958331021376
694,SSP2,SSP1,0.1464641409230013,0.6474490722925402,SSP1,0.019811213865164767,0.019811213865586152,0.004176769771438105
695,SSP2,SSP1,0.6383622888374193,0.5301312880264595,SSP2,0.017574139994609803,0.017574139995121918,0.005085225558107975
696,SSP1,SSP5,0.7161279232136586,0.7777474118380342,SSP1,0.022295807421013218,0.02229580742218129,0.0039015578080578983
697,SSP1,SSP5,0.9802687514817552,0.6883088153721765,SSP1,0.02059034777203886,0.020590347773429718,0.003900687841343453
698,SSP2,SSP1,0.5914388769932534,0.5415467665616889,SSP2,0.01779181601799193,0.01779181601850155,0.004999795514101901
699,SSP2,SSP1,0.2119372892952688,0.6321204467422794,SSP1,0.019518920007890444,0.019518920008329,0.004299359886047904
700,SSP3,SSP2,0.06786260766002641,0.4133579278967809,SSP2,0.015347447474313575,0.015347447476012244,0.005889018285221148
701,SSP3,SSP2,0.6856033434683533,0.14934240150544792,SSP3,0.010313068081575356,0.010313068081906573,0.007252228972112862
702,SSP3,SSP2,0.2728094833370004,0.3295133827938698,SSP2,0.013748657979509596,0.013748657980205081,0.006348489493432252
703,SSP3,SSP2,0.5896897877454005,0.19268798897205852,SSP3,0.011139603305812835,0.011139603306701051,0.007044760869194144
704,SSP1,SSP5,0.9473776364509287,0.6996936154784634,SSP1,0.02080743880387681,0.020807438804985257,0.003900796172022103
705,SSP3,SSP2,0.4163529789107884,0.26868521656049416,SSP2,0.01258875624657343,0.012588756248759214,0.00666598300924659
706,SSP2,SSP1,0.4171886409130006,0.5835111543496605,SSP1,0.01859201383967419,0.018592013839877186,0.004680307396998762
707,SSP2,SSP1,0.685913177589061,0.5185117902499624,SSP2,0.017352573630845053,0.017352573631098878,0.005171539511036549
708,SSP3,SSP2,0.6789520040323812,0.15237958009331487,SSP3,0.010370982513744619,0.010370982516293203,0.007237889801116282
709,SSP1,SSP5,0.759329201783952,0.7634223892821465,SSP1,0.022022650764881652,0.02202265076610277,0.003901415523361207
710,SSP1,SSP5,0.48596408076779646,0.8521980151312891,SSP5,0.023715468560339282,0.023715468561559927,0.0039023158476256814
711,SSP3,SSP2,0.03783223193256009,0.4253663567954209,SSP2,0.015576430170190586,0.015576430171750477,0.005821071837154301
712,SSP1,SSP5,0.740251082942885,0.7697625995269045,SSP1,0.02214354904778993,0.02214354904925453,0.003901478357800414
713,SSP2,SSP1,0.055549432807551105,0.6685978868638631,SSP1,0.020214489981967437,0.02021448998241082,0.004005670208704792
714,SSP1,SSP5,0.6778960283336471,0.7903298118710518,SSP1,0.02253573488400462,0.022535734884222558,0.0039016837253527115
715,SSP2,SSP1,0.6611974103657685,0.5245578221760224,SSP2,0.017467862375232297,0.017467862375287746,0.005126708047294315
716,SSP1,SSP5,0.8708667551654321,0.7258982376747299,SSP1,0.021307121575502266,0.021307121576874533,0.0039010481678460884
717,SSP2,SSP1,0.9547418228130098,0.45180577421817,SSP2,0.01608059013399437,0.016080590134587514,0.00565469590116785
718,SSP3,SSP2,0.09913348414157801,0.4007804906547535,SSP2,0.015107614644289532,0.015107614645932577,0.005959601162727202
719,SSP1,SSP5,0.26206456359422997,0.921790022434434,SSP5,0.025042483574399234,0.02504248357551475,0.0039030532365529336
720,SSP1,SSP5,0.8981331685152912,0.7166037886117119,SSP1,0.021129890397210287,0.021129890398596585,0.0039009583635887246
721,SSP3,SSP2,0.5744159822583826,0.19950291289249436,SSP3,0.011269553665237027,0.0112695536665266,0.007011583988112191
722,SSP1,SSP5,0.3706748111394509,0.8883656838836614,SSP5,0.02440513165985123,0.02440513166080782,0.0039026955427765575
723,SSP2,SSP1,0.23996774883010882,0.6255322707190644,SSP1,0.019393293390167043,0.019393293390580935,0.0043516836528703084
724,SSP2,SSP1,0.6275203223164023,0.5327733527172822,SSP2,0.017624520198439346,0.017624520198791016,0.005065508943913555
725,SSP3,SSP2,0.7632693385295092,0.11352094152080826,SSP3,0.009630006663069375,0.009630006665352742,0.007419137189213387
726,SSP2,SSP1,0.5613147409453666,0.5488491816488095,SSP2,0.017931062101486768,0.017931062101753437,0.004944816423369636
727,SSP3,SSP2,0.10810644576238088,0.3971575662258547,SSP2,0.015038530919042021,0.015038530919489146,0.0059798224671430145
728,SSP1,SSP5,0.4443432978958723,0.8653385593649,SSP5,0.023966038994598513,0.023966038995880012,0.00390245292262259
729,SSP3,SSP2,0.1909733905052006,0.3633994028142188,SSP2,0.014394813465984653,0.014394813467498047,0.0061659006398659955
730,SSP3,SSP2,0.8097452165727634,0.09176213181996716,SSP3,0.0092150988556927,0.009215098858429638,0.0075185553086984935
731,SSP3,SSP2,0.687096853416987,0.14865977178653705,SSP3,0.010300051358518462,0.010300051358831164,0.0072554477467718925
732,SSP3,SSP2,0.24111781537360194,0.342702156815445,SSP2,0.014000148083357818,0.014000148084523767,0.006277918042951303
733,SSP1,SSP5,0.9203339471693192,0.709000098666409,SSP1,0.020984899454849326,0.020984899456264694,0.0039008852432236285
734,SSP1,SSP5,0.6093792361577778,0.8126608066477348,SSP1,0.02296155340104305,0.022961553401958268,0.003901909385008784
735,SSP1,SSP5,0.6494343872713824,0.7996397705024574,SSP1,0.022713261806461906,0.02271326180773703,0.0039017774638174796
736,SSP1,SSP5,0.153787897206055,0.954511099190684,SSP5,0.02566642534320908,0.025666425343707777,0.0039034098272829887
737,SSP2,SSP1,0.6505325687167269,0.527162325812038,SSP2,0.01751752634618389,0.017517526346664702,0.005107341656528819
738,SSP2,SSP1,0.8104757749911771,0.4878222208090592,SSP2,0.01676736965410513,0.016767369654530517,0.00539642229623527
739,SSP3,SSP2,0.20640280143594297,0.3570529001536779,SSP2,0.01427379519616204,0.01427379519637495,0.006200414841989188
740,SSP1,SSP5,0.794405112221518,0.7517066854287404,SSP1,0.02179924989578433,0.021799249896074846,0.0039012999992871222
741,SSP3,SSP2,0.4737104022693393,0.24385742918075995,SSP2,0.012115327646141228,0.012115327646985863,0.006791874143105003
742,SSP3,SSP2,0.9684603367787828,0.01552387533336877,SSP3,0.0077613498560012125,0.00776134985892063,0.007855503043023626
743,SSP2,SSP1,0.43618568224743,0.5789680397163611,SSP1,0.01850538346985712,0.018505383470106107,0.004715311690107082
744,SSP2,SSP1,0.9862763480842069,0.4438631378745195,SSP2,0.015929135993099572,0.01592913599354473,0.005710842986027753
745,SSP3,SSP2,0.6525669981782826,0.16438118076859973,SSP3,0.010599835005661968,0.01059983500788464,0.007180937667398357
746,SSP3,SSP2,0.5561588942426912,0.2076181164714508,SSP3,0.011424298404018854,0.011424298406319311,0.006971876732249083
747,SSP2,SSP1,0.9850416091476571,0.44417461478803305,SSP2,0.0159350753898318,0.015935075390430598,0.005708646601302769
748,SSP1,SSP5,0.1516633287652734,0.9551473007507156,SSP5,0.025678556751036603,0.02567855675212427,0.003903416824142303
749,SSP3,SSP2,0.11148838391436486,0.3957904516013805,SSP2,0.015012462097306277,0.015012462098068724,0.005987440251967957
750,SSP1,SSP5,0.5296513991170317,0.8383013467600103,SSP1,0.023450479974886227,0.023450479976233396,0.0039021719659411147
751,SSP3,SSP2,0.039480685878748166,0.4247089416170493,SSP2,0.015563894250535764,0.015563894251649835,0.005824805783740228
752,SSP1,SSP5,0.2966441649129034,0.9112149200327696,SSP5,0.024840832261180168,0.024840832262398083,0.003902939353600976
753,SSP3,SSP2,0.1376029338234964,0.3852037864339072,SSP2,0.014810590299516823,0.014810590299731308,0.006046195150305023
754,SSP3,SSP2,0.4825551109930853,0.24000132272345945,SSP2,0.012041797489978884,0.01204179749223222,0.00681123804320416
755,SSP2,SSP1,0.842592184243635,0.4798489450274501,SSP2,0.016615331265165637,0.016615331265334543,0.005454120238875593
756,SSP2,SSP1,0.06476223983319149,0.6664618656784296,SSP1,0.020173759267431885,0.020173759267850144,0.0040230550561464185
757,SSP1,SSP5,0.43193011401394465,0.8692392314604949,SSP5,0.024040418950521197,0.024040418951614573,0.0039024938044067703
758,SSP2,SSP1,0.8644790249368421,0.4744007734300103,SSP2,0.01651144281893237,0.01651144281932382,0.005493374210431057
759,SSP3,SSP2,0.19613391894493273,0.36127891003969126,SSP2,0.014354378854912923,0.014354378856654693,0.006177448889513881
760,SSP1,SSP5,0.5004754596952767,0.8475938969447743,SSP5,0.023627674944423055,0.023627674945410515,0.0039022680553091327
761,SSP3,SSP2,0.8399635793235545,0.07748082195874303,SSP3,0.008942775734968024,0.008942775737574404,0.007583012710708381
762,SSP1,SSP5,0.3738896840433431,0.8873668744990136,SSP5,0.024386085865643312,0.02438608586611357,0.0039026849549412823
763,SSP2,SSP1,0.09675357558356074,0.6590322280884721,SSP1,0.020032087241965646,0.020032087242413343,0.004083341999678414
764,SSP3,SSP2,0.8430497322982933,0.07601626117015257,SSP3,0.008914848761299955,0.008914848764119077,0.007589587526700914
765,SSP3,SSP2,0.38534374611983213,0.2819811837717425,SSP2,0.012842290363485992,0.012842290365608022,0.0065976921164894176
766,SSP2,SSP1,0.7602634239045638,0.5002379089777823,SSP2,0.017004118172336727,0.017004118172864846,0.005305981653595193
767,SSP1,SSP5,0.47052215819229454,0.8570845111613162,SSP5,0.023808646697445514,0.02380864669835492,0.0039023667045419153
768,SSP3,SSP2,0.9438602170519309,0.02754360694205388,SSP3,0.007990548077575939,0.007990548080453186,0.007803535211830859
769,SSP3,SSP2,0.11826766884916556,0.3930473092191387,SSP2,0.014960154493775281,0.014960154495405886,0.006002704452152452
770,SSP1,SSP5,0.9410638254648199,0.7018707344047725,SSP1,0.020848953190579604,0.020848953192049713,0.003900816967239651
771,SSP3,SSP2,0.012188448244593569,0.4355671782840509,SSP2,0.015770944508772478,0.015770944509492235,0.005762923015474319
772,SSP1,SSP5,0.7038460310759582,0.7817991098617203,SSP1,0.022373067214461157,0.02237306721589616,0.0039015982587062847
773,SSP1,SSP5,0.9053191408758504,0.7141461709288415,SSP1,0.021083027320682228,0.021083027321652903,0.0039009346959293367
774,SSP3,SSP2,0.9659312774487588,0.01676313605252653,SSP3,0.007784980695868979,0.007784980698486876,0.007850164720462738
775,SSP1,SSP5,0.6944641761666479,0.7848879501135089,SSP1,0.022431966756937365,0.022431966758260424,0.0039016291579878626
776,SSP3,SSP2,0.03148660827683118,0.42789513851166705,SSP2,0.015624650237907864,0.015624650238733384,0.005806693705754373
777,SSP3,SSP2,0.5519158931185529,0.20949934360338376,SSP3,0.011460170578794004,0.011460170580060991,0.00696264079568909
778,SSP3,SSP2,0.3045855760907822,0.3162037774489727,SSP2,0.01349486380388028,0.01349486380489795,0.006419075464022983
779,SSP1,SSP5,0.23986368482210932,0.9285471939798444,SSP5,0.02517133268280731,0.025171332683925796,0.0039031263517212977
780,SSP3,SSP2,0.3888430904623754,0.2804851356041618,SSP2,0.012813762972811822,0.012813762974930532,0.006605406760833876
781,SSP1,SSP5,0.0028651234532037096,0.9991627784206066,SSP5,0.02651786577490961,0.02651786577591886,0.0039039068582966685
782,SSP1,SSP5,0.2068141434874183,0.938560068988474,SSP5,0.025362263164413874,0.025362263164994125,0.003903235194940402
783,SSP1,SSP5,0.8680491804501094,0.7268559217178263,SSP1,0.021325383171239526,0.021325383172783097,0.0039010574477527094
784,SSP1,SSP5,0.27927747418176535,0.916533677828731,SSP5,0.02494225298066946,0.024942252981525748,0.003902996548359905
785,SSP3,SSP2,0.1630873165334231,0.3748206616253592,SSP2,0.01461259971054327,0.014612599711388619,0.006103416686727314
786,SSP3,SSP2,0.2852609552430449,0.32430831684102307,SSP2,0.013649405192641243,0.013649405194582798,0.006376169278119237
787,SSP2,SSP1,0.6980400697672842,0.5155400929974858,SSP2,0.017295907829352947,0.017295907829887547,0.005193510685375546
788,SSP3,SSP2,0.9611310016558837,0.01911306605744175,SSP3,0.007829790330184149,0.007829790332781528,0.007840029605783894
789,SSP2,SSP1,0.8157346783828109,0.48651835980662145,SSP2,0.01674250698390013,0.01674250698442603,0.005405877987427088
790,SSP3,SSP2,0.7867800531788043,0.10254467671271414,SSP3,0.009420705785524772,0.009420705787264394,0.007469472667743782
791,SSP2,SSP1,0.7785643046321346,0.4957197937828023,SSP2,0.016917964504245597,0.016917964504771454,0.005338977516922139
792,SSP2,SSP1,0.22023414222738383,0.630172002090374,SSP1,0.019481766096006853,0.01948176609642971,0.004314857359882351
793,SSP3,SSP2,0.5248732277451481,0.2214474263198208,SSP2,0.011688002563649335,0.011688002565478861,0.006903706004588228
794,SSP3,SSP2,0.8267181155617928,0.0837538298103027,SSP3,0.009062392569212716,0.009062392570868827,0.0075547771848463174
795,SSP1,SSP5,0.37909579919876746,0.8857482493340504,SSP5,0.02435522111580667,0.024355221116011627,0.0039026678091571565
796,SSP1,SSP5,0.9736752223058144,0.6905969273254741,SSP1,0.02063397862899416,0.020633978630197447,0.003900709557924653
797,SSP2,SSP1,0.4480492313968722,0.5761269946913234,SSP1,0.018451209010031257,0.01845120901054087,0.0047371500494104435
798,SSP3,SSP2,0.9783637519621842,0.01066322772181592,SSP3,0.00766866460939684,0.007668664612233922,0.007876397589684725
799,SSP2,SSP1,0.7311405710986334,0.5074112853028346,SSP2,0.017140903680525635,0.017140903681068798,0.0052533958652885016
800,SSP3,SSP2,0.988879005510623,0.00548846146231517,SSP3,0.007569989592153904,0.007569989594203852,0.007898566430441845
801,SSP2,SSP1,0.6639496886627174,0.5238852520294022,SSP2,0.017455037473104014,0.017455037473653956,0.005131703817110145
802,SSP2,SSP1,0.44950758359354454,0.5757775457112584,SSP1,0.01844454554304468,0.01844454554318764,0.004739833430236651
803,SSP1,SSP5,0.8257983825756392,0.7411554874856956,SSP1,0.02159805440467358,0.02159805440477025,0.0039011966037576506
804,SSP1,SSP5,0.9271670155328362,0.7066532434655819,SSP1,0.020940148452428087,0.02094014845382719,0.0039008627378287475
805,SSP2,SSP1,0.20309950504181892,0.6341944353154395,SSP1,0.01955846785371681,0.01955846785372617,0.004282842809235188
806,SSP3,SSP2,0.3104361327813082,0.31374376360280437,SSP2,0.013447955036118479,0.013447955038027315,0.0064320527578729525
807,SSP2,SSP1,0.8045411135761628,0.48929281818959863,SSP2,0.01679541173651141,0.01679541173707122,0.0053857478290892935
808,SSP3,SSP2,0.6931639052652179,0.14588426985032857,SSP3,0.01024712670691505,0.010247126709290288,0.007268519602244394
809,SSP2,SSP1,0.24459418717790957,0.6244433931347448,SSP1,0.019372530130723025,0.019372530130826737,0.0043603105453957625
810,SSP3,SSP2,0.5106644230509546,0.2276964520390611,SSP2,0.011807162094664961,0.011807162096786561,0.0068726919329580305
811,SSP3,SSP2,0.9404852722506385,0.02918664702982642,SSP3,0.008021878383306005,0.008021878384811165,0.007796398308342223
812,SSP1,SSP5,0.3892042018536145,0.8826013249699026,SSP5,0.024295213996581837,0.02429521399678758,0.003902634518183845
813,SSP3,SSP2,0.3560939296441279,0.2944430263878312,SSP2,0.013079918977679659,0.013079918978163407,0.006533126986175697
814,SSP1,SSP5,0.5068012479000146,0.8455831913000439,SSP5,0.023589333808956312,0.02358933380902206,0.003902247221697408
815,SSP3,SSP2,0.4765861662552694,0.2426044744295068,SSP2,0.012091435681657318,0.012091435682739515,0.006798171541698261
816,SSP2,SSP1,0.31137883023279145,0.6086771735439542,SSP1,0.019071892012601094,0.019071892012925362,0.004484555412823665
817,SSP1,SSP5,0.4026027976519141,0.878421658844687,SSP5,0.024215514043715722,0.024215514043855357,0.0039025903912417448
818,SSP1,SSP5,0.8088418546886459,0.7468622729193884,SSP1,0.021706874228184934,0.021706874229651563,0.0039012524510972924
819,SSP3,SSP2,0.2671326339871098,0.33188208743114955,SSP2,0.013793825617854203,0.013793825619629718,0.00633586093399785
820,SSP1,SSP5,0.6914700094516517,0.7858726171099115,SSP1,0.02245074287705104,0.022450742878257657,0.0039016390193142847
821,SSP2,SSP1,0.7331507568102176,0.5069167939552571,SSP2,0.01713147447352346,0.017131474474086916,0.0052570286596487215
822,SSP1,SSP5,0.14396605445638055,0.9574503921978176,SSP5,0.02572247324443137,0.025722473245478827,0.0039034421736272584
823,SSP1,SSP5,0.035579787382635994,0.9895759670999832,SSP5,0.026335059687652915,0.026335059688377793,0.0039037991204660116
824,SSP1,SSP5,0.4786060941462391,0.8545280515928753,SSP5,0.023759898854674135,0.023759898854976758,0.003902340080662814
825,SSP3,SSP2,0.22679249646903993,0.3486361508697737,SSP2,0.014113300433873231,0.014113300434421605,0.006245961286643453
826,SSP3,SSP2,0.562674552240417,0.20472576273814777,SSP3,0.011369145564220081,0.011369145566029637,0.006986053896187228
827,SSP3,SSP2,0.2922246687639353,0.3213915101608727,SSP2,0.013593786071887774,0.013593786073409442,0.006391638093738772
828,SSP2,SSP1,0.7501940285981495,0.5027204248881899,SSP2,0.01705145602065318,0.01705145602078062,0.005287810699377227
829,SSP1,SSP5,0.8033555621018127,0.7487048083387781,SSP1,0.02174200861013797,0.0217420086116229,0.0039012705205070386
830,SSP3,SSP2,0.3290854960044652,0.3058823029352352,SSP2,0.013298048793396341,0.013298048794432749,0.00647338041979717
831,SSP1,SSP5,0.10299168314094852,0.9696616227980704,SSP5,0.025955323064039196,0.0259553230643903,0.0039035771144211306
832,SSP2,SSP1,0.4239928638557832,0.5818848144228105,SSP1,0.01856100198092015,0.018561001981054037,0.004692849888565664
833,SSP1,SSP5,0.330439424729598,0.9008198476308026,SSP5,0.024642613849551923,0.024642613850746065,0.003902828053327978
834,SSP2,SSP1,0.7224255403468137,0.5095540173531045,SSP2,0.01718176236117023,0.017181762361597297,0.005237640802693733
835,SSP3,SSP2,0.45550794096424996,0.2517699593466241,SSP2,0.012266207707461566,0.01226620770811726,0.006751982060690498
836,SSP1,SSP5,0.34770407065232417,0.8954863513503224,SSP5,0.02454091208930811,0.024540912089504596,0.0039027711943055987
837,SSP3,SSP2,0.9411789217467089,0.02884907140233554,SSP3,0.008015441323312753,0.008015441325307515,0.007797865294394413
838,SSP3,SSP2,0.5089838805109752,0.22843425456993283,SSP2,0.011821230880346242,0.01182123088159659,0.006869021539877229
839,SSP1,SSP5,0.3815158467448486,0.8849953434006311,SSP5,0.024340864330932365,0.02434086433161209,0.0039026598389857448
840,SSP1,SSP5,0.7303071372835682,0.7730583787350915,SSP1,0.0222063946052293,0.02220639460561613,0.0039015111084721443
841,SSP1,SSP5,0.45993341626911505,0.8604276247799862,SSP5,0.023872394850970653,0.02387239485213888,0.00390240157778754
842,SSP3,SSP2,0.7447598840842392,0.12211845294665544,SSP3,0.009793948287801554,0.009793948290353072,0.007379447182091603
843,SSP2,SSP1,0.05015175209469933,0.6698486238876358,SSP1,0.020238339657720532,0.020238339658162463,0.003995479723909456
844,SSP3,SSP2,0.8365403006507587,0.07910405339580029,SSP3,0.008973728319492363,0.008973728322194674,0.00757571791682099
845,SSP2,SSP1,0.9657516020286431,0.4490356324380264,SSP2,0.016027767692513233,0.016027767693124417,0.005674311233238694
846,SSP2,SSP1,0.3081736087905881,0.6094359068439807,SSP1,0.01908635991660071,0.01908635991697749,0.004478604752688797
847,SSP1,SSP5,0.6803607960244203,0.7895212955968455,SSP1,0.02252031769348862,0.0225203176948523,0.0039016756076215575
848,SSP3,SSP2,0.23599559781520274,0.34482590089086446,SSP2,0.014040644691852327,0.014040644692186577,0.006266495538393535
849,SSP2,SSP1,0.16112566766641115,0.644023730456829,SSP1,0.019745897743092353,0.019745897743443708,0.00420426715767519
850,SSP1,SSP5,0.644151133428153,0.8013626511951443,SSP1,0.022746114552563486,0.022746114553972685,0.0039017948641895117
851,SSP1,SSP5,0.34582254436641013,0.8960683656120673,SSP5,0.024552010226776225,0.02455201022765441,0.0039027773908903995
852,SSP3,SSP2,0.22086828249085008,0.3510851665632799,SSP2,0.014159999483388998,0.01415999948509472,0.006232735229042552
853,SSP3,SSP2,0.7003811221437306,0.1425774217916187,SSP3,0.01018407008312767,0.01018407008471156,0.007284061834110567
854,SSP3,SSP2,0.7537992362439841,0.11792453217389992,SSP3,0.009713976520225123,0.009713976520306256,0.00739883719243517
855,SSP3,SSP2,0.9177184396681801,0.04023307467019185,SSP3,0.008232517160639122,0.008232517162415798,0.007748207638294202
856,SSP3,SSP2,0.058423491392728656,0.4171397494096309,SSP2,0.015419561128201816,0.015419561129499382,0.0058676787349079
857,SSP1,SSP5,0.5399239085541149,0.8350181147095281,SSP1,0.023387873672891604,0.023387873673876625,0.003902138133913935
858,SSP2,SSP1,0.4762419218109154,0.5693634021442849,SSP1,0.018322237462769987,0.018322237463271218,0.004788980453947822
859,SSP3,SSP2,0.9803082328039161,0.00970738578983582,SSP3,0.00765043813995071,0.007650438140879512,0.00788049833841975
860,SSP3,SSP2,0.531636241530975,0.21846612444729543,SSP3,0.011631153616484285,0.011631153618649082,0.00691845614306974
861,SSP1,SSP5,0.8811288093594886,0.7224058437042404,SSP1,0.021240526869968565,0.021240526871242116,0.003901014368928646
862,SSP2,SSP1,0.5064363964632365,0.5621005284828133,SSP1,0.018183745374849458,0.018183745375331295,0.004844387425181562
863,SSP3,SSP2,0.8942113299552753,0.05157129881135188,SSP3,0.008448720058804647,0.008448720059974102,0.007698365241321614
864,SSP3,SSP2,0.33598856772428964,0.3029646650631912,SSP2,0.013242413823062365,0.01324241382391178,0.006488662826907632
865,SSP2,SSP1,0.8898351314720025,0.4680741764400154,SSP2,0.01639080412033788,0.016390804120880897,0.005538783336864972
866,SSP3,SSP2,0.7857365124150867,0.10303319937945345,SSP3,0.00943002117875158,0.00943002118127545,0.007467240355415017
867,SSP1,SSP5,0.300787249143547,0.9099437466242816,SSP5,0.024816592894277165,0.024816592894827405,0.003902925708917593
868,SSP1,SSP5,0.31518375250269093,0.9055197066827676,SSP5,0.024732233099917206,0.024732233100593692,0.0039028782959449337
869,SSP3,SSP2,0.15953662410916414,0.3762704251287506,SSP2,0.014640244522216198,0.014640244523984602,0.006095450941144831
870,SSP1,SSP5,0.10068460992739833,0.970346757962834,SSP5,0.02596838756218395,0.02596838756278297,0.0039035847122805833
871,SSP3,SSP2,0.01378691015513837,0.4349327543613035,SSP2,0.015758846997816982,0.01575884699861918,0.005766551064634751
872,SSP3,SSP2,0.5712758869073392,0.2009010535958223,SSP3,0.011296214107678391,0.011296214109432379,0.007004758510223086
873,SSP3,SSP2,0.9701892976459763,0.01467619889602065,SSP3,0.0077451859400140535,0.007745185941181232,0.00785915195331377
874,SSP3,SSP2,0.7284802965583929,0.1296486467504874,SSP3,0.009937537769176014,0.009937537770839944,0.007344493405121666
875,SSP2,SSP1,0.3387511041375264,0.602189115408808,SSP1,0.018948174492571405,0.01894817449306152,0.004535323264999169
876,SSP3,SSP2,0.0735399045531228,0.41108003161707896,SSP2,0.015304011414904218,0.01530401141664961,0.0059018456482529125
877,SSP2,SSP1,0.3788815389251461,0.5926490796832368,SSP1,0.01876626034562986,0.01876626034592932,0.004609591946603153
878,SSP1,SSP5,0.4883603287590327,0.8514385512715671,SSP5,0.023700986725663974,0.023700986726934437,0.0039023079557387597
879,SSP3,SSP2,0.952743327618675,0.02321213457058183,SSP3,0.007907953407689622,0.007907953410655422,0.007822311631838774
880,SSP2,SSP1,0.2259967402378084,0.6288179065627046,SSP1,0.019455945528885382,0.019455945528944696,0.004325616242076835
881,SSP3,SSP2,0.3325502165975243,0.3044184344168752,SSP2,0.013270135020281399,0.01327013502237473,0.006481051827648576
882,SSP3,SSP2,0.6150607148011078,0.1813153940192424,SSP3,0.010922745007912762,0.01092274501025825,0.007099785728728936
883,SSP3,SSP2,0.46203461293824144,0.24893644512305035,SSP2,0.012212176848704244,0.01221217685074194,0.006766292123078443
884,SSP3,SSP2,0.5262169445997231,0.220855440038722,SSP2,0.01167671427475556,0.011676714276069866,0.006906637254204595
885,SSP1,SSP5,0.028551666727425574,0.9916397455642,SSP5,0.026374412842042897,0.026374412843162442,0.0039038222659151245
886,SSP3,SSP2,0.20781477962111986,0.35647114609205166,SSP2,0.014262702020319224,0.014262702021304197,0.006203571241476302
887,SSP1,SSP5,0.75585320410231,0.764579238510225,SSP1,0.022044710141441617,0.022044710142910207,0.003901426971689048
888,SSP1,SSP5,0.915213905512048,0.7107565790892113,SSP1,0.02101839289731906,0.021018392898073168,0.003900902106581672
889,SSP3,SSP2,0.14470668838337641,0.3823146839470137,SSP2,0.014755499456101932,0.014755499456573729,0.006062157069114171
890,SSP1,SSP5,0.17572652437163003,0.9479285734537988,SSP5,0.025540906467956172,0.025540906468876967,0.0039033375765149536
891,SSP2,SSP1,0.544884906303816,0.5528234260971658,SSP2,0.01800684497163075,0.01800684497190108,0.004914786163426665
892,SSP1,SSP5,0.9084956639449279,0.7130587112270296,SSP1,0.021062291098127198,0.021062291098387753,0.003900924233752656
893,SSP2,SSP1,0.4096375528301505,0.5853148631262592,SSP1,0.01862640785588803,0.018626407856359606,0.0046663817608705305
894,SSP1,SSP5,0.4095768957278873,0.8762422774634324,SSP5,0.024173956515396566,0.024173956516311712,0.003902567422716885
895,SSP1,SSP5,0.5190466948466824,0.841684491463704,SSP5,0.02351499146105421,0.02351499146239111,0.0039022068919944974
896,SSP3,SSP2,0.2825407441435131,0.32544657101714985,SSP2,0.013671109989500413,0.013671109991467034,0.0063701244876772645
897,SSP2,SSP1,0.9275547609893828,0.4586329880841076,SSP2,0.01621077484421307,0.01621077484481126,0.005606201229061192
898,SSP1,SSP5,0.6854198321324363,0.7878606406017207,SSP1,0.022488651497942557,0.02248865149885404,0.0039016589456406514
899,SSP3,SSP2,0.021116274595158992,0.43202133296756073,SSP2,0.015703330566383664,0.015703330567348184,0.005783180752727546
900,SSP2,SSP1,0.5779067393088159,0.5448296145580244,SSP2,0.017854414996651035,0.017854414996785195,0.004975111242989216
901,SSP3,SSP2,0.8604532973848737,0.06773609615885652,SSP3,0.008756958455865594,0.008756958458703057,0.007626636425152489
902,SSP3,SSP2,0.7912291781987567,0.1004604680549819,SSP3,0.009380963058041763,0.00938096306029923,0.007478988165779965
903,SSP1,SSP5,0.5606483829928354,0.8283760286883917,SSP1,0.023261219072510112,0.02326121907387324,0.0039020698787097796
904,SSP3,SSP2,0.19847138848662466,0.3603177155731246,SSP2,0.014336050320674656,0.014336050322264038,0.0061826781613878445
905,SSP1,SSP5,0.8503134401278385,0.7328724577811081,SSP1,0.021440109473842485,0.02144010947455577,0.0039011158617558994
906,SSP3,SSP2,0.7316899967247099,0.12816630897810682,SSP3,0.009909271815137809,0.009909271816086473,0.0073513882880795745
907,SSP3,SSP2,0.665722080251415,0.15840664898697288,SSP3,0.01048590966159679,0.010485909663339843,0.007209347050054049
908,SSP1,SSP5,0.11793578609611187,0.965217416390311,SSP5,0.02587057872546899,0.025870578726532534,0.0039035278991179645
909,SSP1,SSP5,0.42853880861107857,0.870303440648131,SSP5,0.024060711820705873,0.02406071182193803,0.0039025049733776296
910,SSP1,SSP5,0.9094909584679256,0.7127178425984457,SSP1,0.02105579124555099,0.021055791246067823,0.0039009209556561952
911,SSP1,SSP5,0.7217915280026678,0.7758759429107885,SSP1,0.022260121320539297,0.02226012132099031,0.0039015391548471445
912,SSP3,SSP2,0.2977167627353809,0.31908816596725953,SSP2,0.013549864758996798,0.01354986476014286,0.006403832066528947
913,SSP3,SSP2,0.1526721438423792,0.3790703679032158,SSP2,0.014693635223881677,0.014693635225407231,0.006080044668116402
914,SSP3,SSP2,0.3970482074342314,0.27697290902235544,SSP2,0.012746790089179727,0.012746790091346716,0.006623487627245295
915,SSP3,SSP2,0.521322597574429,0.22301083762710913,SSP2,0.011717814468181495,0.011717814469810461,0.006895959048822675
916,SSP1,SSP5,0.11074510136633249,0.9673571937484666,SSP5,0.025911381064574527,0.025911381065717443,0.003903551580157094
917,SSP3,SSP2,0.8903710015841956,0.05341717280191369,SSP3,0.00848391810229358,0.00848391810468474,0.007690214342845891
918,SSP1,SSP5,0.2911056266226897,0.912912855753908,SSP5,0.02487320934415529,0.024873209344416836,0.0039029575940119354
919,SSP1,SSP5,0.2520638173598184,0.92483700748696,SSP5,0.025100585001114877,0.025100585002236553,0.0039030861724904664
920,SSP3,SSP2,0.5172742393753016,0.22479190584481692,SSP2,0.011751776762955775,0.011751776764732602,0.0068871235772369754
921,SSP3,SSP2,0.01730494124017919,0.433535794298863,SSP2,0.015732209068423375,0.015732209068755276,0.005774534371085105
922,SSP1,SSP5,0.9377325576195704,0.7030183439345564,SSP1,0.020870836379976162,0.020870836381372326,0.003900827939123497
923,SSP3,SSP2,0.5888039163870734,0.1930838960104156,SSP3,0.01114715265816566,0.011147152658530057,0.007042837675124591
924,SSP1,SSP5,0.7868658683624853,0.7542313533769921,SSP1,0.021847391520127078,0.02184739152146986,0.003901324830162034
925,SSP3,SSP2,0.958653331102786,0.02032483756612055,SSP3,0.007852896992111892,0.007852896995129255,0.007834796952891132
926,SSP1,SSP5,0.35959465350525077,0.8918038987265899,SSP5,0.024470693250828988,0.024470693251084752,0.0039027320340441207
927,SSP1,SSP5,0.991151939453377,0.6845256282277405,SSP1,0.020518208077608197,0.02051820807923166,0.003900651996219251
928,SSP2,SSP1,0.6235846046760478,0.5337317796477582,SSP2,0.017642795959922714,0.017642795960205238,0.005058348310212679
929,SSP1,SSP5,0.46738030912785455,0.8580771121515427,SSP5,0.02382757410690022,0.02382757410773273,0.00390237705199592
930,SSP3,SSP2,0.37830832229876427,0.2849856359323021,SSP2,0.012899580751859475,0.012899580752514739,0.006582175576180571
931,SSP3,SSP2,0.438623113011252,0.2590818434280809,SSP2,0.012405634350450792,0.012405634352029793,0.006714928144540666
932,SSP3,SSP2,0.399953924457303,0.27572763948421924,SSP2,0.012723044670162569,0.012723044672322548,0.006629887965801995
933,SSP3,SSP2,0.974020165956341,0.01279663244704715,SSP3,0.007709345431967687,0.007709345433938752,0.007867235217505986
934,SSP3,SSP2,0.7200823273265117,0.1335217149136588,SSP3,0.01001139135958357,0.010011391361105959,0.007326445579189045
935,SSP3,SSP2,0.9772531538792115,0.01120894226012751,SSP3,0.007679070565681098,0.007679070568735957,0.00787405516844597
936,SSP3,SSP2,0.2583170131847384,0.33555505761993115,SSP2,0.01386386364054661,0.013863863641681462,0.006316238950513364
937,SSP3,SSP2,0.8969073876122244,0.0502743489285931,SSP3,0.008423989173267647,0.008423989174065616,0.007704086106028463
938,SSP3,SSP2,0.29405790890978883,0.32062295101606286,SSP2,0.013579130803791927,0.013579130805789985,0.006395708970626357
939,SSP3,SSP2,0.4041312600674917,0.27393605779856445,SSP2,0.012688881899351512,0.01268888190122408,0.006639086766764057
940,SSP1,SSP5,0.9675704079207329,0.6927128189345821,SSP1,0.020674325502754803,0.020674325504096203,0.003900729664850333
941,SSP3,SSP2,0.7254426365932769,0.13105048431362956,SSP3,0.009964268705179333,0.009964268707747026,0.007337966566803855
942,SSP2,SSP1,0.29256533945804347,0.613127679966623,SSP1,0.01915675648298956,0.01915675648342674,0.004449609543123678
943,SSP3,SSP2,0.25390738818479713,0.33738983838120473,SSP2,0.013898850152821107,0.013898850153369668,0.006306418893074817
944,SSP3,SSP2,0.9224179449025074,0.03795817383774556,SSP3,0.008189138219908132,0.008189138221653014,0.007758161713122158
945,SSP2,SSP1,0.914287547758408,0.4619578426533844,SSP2,0.016274174825101344,0.016274174825363197,0.0055825062084717825
946,SSP1,SSP5,0.127876546870361,0.9622551473595669,SSP5,0.025814092705998982,0.02581409270683266,0.00390349516123778
947,SSP1,SSP5,0.9998509422761089,0.6814958939631469,SSP1,0.020460435597498317,0.0204604355991298,0.0039006233449465633
948,SSP1,SSP5,0.6654899428994544,0.7943938491605222,SSP1,0.02261322996871075,0.022613229969225213,0.0039017245848544935
949,SSP2,SSP1,0.4698787874556706,0.5708914493944031,SSP1,0.018351375027868044,0.01835137502821138,0.004777290424637037
950,SSP1,SSP5,0.4919281285969217,0.850307184848003,SSP5,0.023679413267897007,0.023679413268971494,0.003902296205417821
951,SSP3,SSP2,0.5470503812588535,0.21165437160432335,SSP3,0.011501263724742639,0.01150126372710547,0.006952046160608294
952,SSP1,SSP5,0.517266643493767,0.8422517471676693,SSP5,0.023525808175000884,0.023525808176193985,0.0039022127544987573
953,SSP1,SSP5,0.8273701704378111,0.7406255711643025,SSP1,0.021587949696648408,0.02158794969791944,0.0039011914269746484
954,SSP2,SSP1,0.694634351873512,0.516375010998454,SSP2,0.01731182846112848,0.01731182846163004,0.005187341995274375
955,SSP1,SSP5,0.2500293778840929,0.9254562275351492,SSP5,0.025112392597027074,0.025112392598034106,0.0039030928726029313
956,SSP1,SSP5,0.7819917771658234,0.7558616453728173,SSP1,0.021878478738898307,0.02187847873934823,0.0039013408832124785
957,SSP1,SSP5,0.8823791521824698,0.7219798574738671,SSP1,0.02123240395261937,0.021232403953644674,0.003901010250819237
958,SSP3,SSP2,0.14056458923738793,0.3839997641388327,SSP2,0.014787631403448962,0.014787631405174029,0.006052850976669744
959,SSP1,SSP5,0.10550259009915526,0.968915662773652,SSP5,0.02594109872721299,0.025941098727329193,0.003903568845275762
960,SSP3,SSP2,0.4837727576640243,0.23946987004112452,SSP2,0.012031663485859,0.0120316634876656,0.006813902841256381
961,SSP3,SSP2,0.6802419849917178,0.15179091137158685,SSP3,0.010359757485723257,0.010359757488212384,0.007240671341979699
962,SSP3,SSP2,0.8175903438636085,0.08806474542501383,SSP3,0.009144595252635078,0.00914459525360356,0.007535303265403304
963,SSP2,SSP1,0.49804738178952557,0.5641203801897354,SSP1,0.018222260911979815,0.018222260912497124,0.004829004277082438
964,SSP1,SSP5,0.6014618701518173,0.8152234375535045,SSP1,0.023010418921944567,0.02301041892325295,0.0039019354606932843
965,SSP2,SSP1,0.615842747472914,0.5356160507919266,SSP2,0.017678726179437425,0.017678726179966908,0.005044257583910694
966,SSP3,SSP2,0.6756390032492106,0.153890615549637,SSP3,0.010399795689495991,0.0103997956919204,0.007230744861169036
967,SSP1,SSP5,0.39187589879623574,0.8817686640205793,SSP5,0.024279336403389844,0.02427933640432589,0.0039026257192211755
968,SSP3,SSP2,0.4726793626020983,0.2443064560054336,SSP2,0.012123889913004175,0.012123889914487762,0.006789616018506139
969,SSP1,SSP5,0.6253897956819343,0.8074674454606138,SSP1,0.022862523806470136,0.02286252380698306,0.0039018566544832822
970,SSP2,SSP1,0.23318181978674918,0.6271286365860141,SSP1,0.019423733688636195,0.019423733688917144,0.004339025276879127
971,SSP1,SSP5,0.775746984111869,0.7579482410512864,SSP1,0.021918266983280157,0.021918266984761292,0.0039013614507212857
972,SSP2,SSP1,0.1636453227455251,0.6434346511727199,SSP1,0.019734664886263274,0.019734664886720044,0.004208990065511564
973,SSP2,SSP1,0.8412941620679499,0.48017168389889414,SSP2,0.016621485410513982,0.016621485410642567,0.00545179055498668
974,SSP2,SSP1,0.40406419123520804,0.586645385851385,SSP1,0.018651778925084225,0.018651778925545592,0.004656099091745691
975,SSP3,SSP2,0.7178883918795783,0.13453226143238134,SSP3,0.010030660963302705,0.010030660964374993,0.0073217287926596875
976,SSP3,SSP2,0.1940009292881606,0.36215563148469665,SSP2,0.014371096615554637,0.014371096615626078,0.006172676239805774
977,SSP1,SSP5,0.24269644347099162,0.9276863970512058,SSP5,0.025154918578765385,0.025154918578931262,0.003903117022478142
978,SSP2,SSP1,0.5339138949167073,0.5554738975027577,SSP2,0.01805738547887946,0.018057385479130827,0.004894715973450037
979,SSP3,SSP2,0.6191356593709828,0.17948262558481656,SSP3,0.010887796867687637,0.010887796869949229,0.007108613732259794
980,SSP1,SSP5,0.5104341852272075,0.8444274172545411,SSP5,0.023567294934512557,0.023567294935717076,0.003902235256824982
981,SSP3,SSP2,0.8652273816939001,0.06545839764992706,SSP3,0.00871352616764771,0.00871352616992116,0.007636791219837846
982,SSP3,SSP2,0.7224498770161817,0.1324306073766202,SSP3,0.009990585578291805,0.009990585580911704,0.007331534755469438
983,SSP3,SSP2,0.2385580018828859,0.3437637652887497,SSP2,0.014020391361827887,0.014020391363765095,0.006272210246419219
984,SSP1,SSP5,0.44828535501925176,0.8640980593918357,SSP5,0.023942384524020786,0.02394238452467401,0.0039024399397744602
985,SSP3,SSP2,0.7698805398995087,0.11044075284618884,SSP3,0.009571272093170389,0.009571272094860639,0.007433300399132703
986,SSP1,SSP5,0.4202157294585036,0.8729126149108634,SSP5,0.024110464853491123,0.024110464854176783,0.0039025323847001747
987,SSP1,SSP5,0.9212176008164648,0.7086967771584168,SSP1,0.020979115569446517,0.02097911557036225,0.0039008823328228193
988,SSP1,SSP5,0.6678511599374075,0.7936210606584791,SSP1,0.02259849405312727,0.022598494054549834,0.003901716808179412
989,SSP3,SSP2,0.5653193909694589,0.2035504862871021,SSP3,0.011346734808205888,0.011346734809698944,0.006991806703925851
990,SSP3,SSP2,0.8922909853828617,0.05249454737640917,SSP3,0.008466325021716601,0.008466325022670196,0.007694289697665058
991,SSP3,SSP2,0.4596753163766888,0.24996118255937472,SSP2,0.012231717051899536,0.012231717053571067,0.006761120066155923
992,SSP3,SSP2,0.9302589418165105,0.03415644929395057,SSP3,0.008116645045124996,0.008116645048006799,0.007774762159962645
993,SSP3,SSP2,0.9956236677196768,0.00216173905367031,SSP3,0.007506553994375394,0.007506553996617926,0.007912776922703868
994,SSP3,SSP2,0.6062063501344761,0.18529188142344355,SSP3,0.010998570647854559,0.010998570648436345,0.00708059419679774
995,SSP1,SSP5,0.396069366878905,0.8804609553457703,SSP5,0.02425440036385403,0.024254400364942974,0.003902611908454423
996,SSP1,SSP5,0.006879026192236712,0.9979892271403225,SSP5,0.02649548791530969,0.026495487916047056,0.003903893639500833
997,SSP3,SSP2,0.9108906986634707,0.0435333216956351,SSP3,0.008295447912640464,0.008295447913632792,0.007733739588829058
998,SSP3,SSP2,0.9829023605627254,0.00843143993266858,SSP3,0.007626107769622219,0.007626107769906021,0.007885968229545792
999,SSP1,SSP5,0.6614845085883727,0.7957040030125063,SSP1,0.022638212634101304,0.02263821263484478,0.003901737776759173
1000,SSP3,SSP2,0.7828207177912516,0.10439753927104176,SSP3,0.009456037090500352,0.009456037092285596,0.007461002053775756
