"model","scenario","region","variable","unit","version","2020","2021","2022","2023","2024","2025","2026","2027","2028","2029","2030","2031","2032","2033","2034","2035","2036","2037","2038","2039","2040","2041","2042","2043","2044","2045","2046","2047","2048","2049","2050","2051","2052","2053","2054","2055","2056","2057","2058","2059","2060","2061","2062","2063","2064","2065","2066","2067","2068","2069","2070","2071","2072","2073","2074","2075","2076","2077","2078","2079","2080","2081","2082","2083","2084","2085","2086","2087","2088","2089","2090","2091","2092","2093","2094","2095","2096","2097","2098","2099","2100"
"AIM 3.0","High - SSP3","World","Climate Assessment|Effective Radiative Forcing|33rd Percentile [MAGICC v7.6.0a3]","W/m^2",1,2.566,2.556,2.6284,2.6874,2.7503,2.7961,2.8359,2.8828,2.9353,2.9875,3.0289,3.064,3.1051,3.1648,3.2386,3.2858,3.3437,3.3766,3.4213,3.4436,3.4669,3.493,3.529,3.5731,3.6223,3.6925,3.7578,3.8224,3.8662,3.89,3.9054,3.9358,3.9614,3.9948,4.0401,4.096,4.1613,4.2039,4.2466,4.2902,4.3142,4.3402,4.3669,4.4043,4.4424,4.4856,4.5461,4.6041,4.6534,4.6854,4.7083,4.721,4.7392,4.7634,4.7858,4.8155,4.8545,4.8955,4.9477,5.0035,5.0494,5.0853,5.1193,5.1408,5.1689,5.1863,5.215,5.2528,5.2928,5.3454,5.4154,5.4796,5.5527,5.5938,5.625,5.6566,5.6749,5.7053,5.7343,5.7765,5.8307
"AIM 3.0","High - SSP3","World","Climate Assessment|Effective Radiative Forcing|67th Percentile [MAGICC v7.6.0a3]","W/m^2",1,2.8229,2.8276,2.9005,2.9479,3.009,3.0558,3.0953,3.1406,3.1953,3.2446,3.2918,3.3294,3.376,3.4362,3.5042,3.5559,3.618,3.6514,3.699,3.73,3.7575,3.781,3.8199,3.8653,3.9166,3.9839,4.0474,4.1135,4.1609,4.1866,4.201,4.2348,4.2742,4.3063,4.3524,4.4103,4.4691,4.5108,4.5557,4.6002,4.6249,4.6495,4.68,4.713,4.7525,4.7987,4.8593,4.9216,4.9764,5.0119,5.0335,5.0424,5.0617,5.0882,5.1138,5.1507,5.191,5.2349,5.2863,5.3493,5.3955,5.4381,5.4773,5.502,5.5339,5.5526,5.583,5.6229,5.6639,5.7154,5.7821,5.8511,5.916,5.9577,5.989,6.0171,6.0396,6.0654,6.0989,6.1435,6.1906
"AIM 3.0","High - SSP3","World","Climate Assessment|Effective Radiative Forcing|Median [MAGICC v7.6.0a3]","W/m^2",1,2.6983,2.6998,2.7568,2.809,2.8721,2.9177,2.9609,3.0115,3.0663,3.1142,3.1587,3.1943,3.2393,3.2961,3.3642,3.4171,3.4813,3.5164,3.5659,3.5901,3.6153,3.6418,3.6798,3.7247,3.775,3.8413,3.9049,3.9686,4.015,4.0442,4.0687,4.0983,4.1248,4.1578,4.2009,4.2596,4.3163,4.3551,4.3968,4.4431,4.4636,4.4905,4.5205,4.5574,4.5944,4.6383,4.6952,4.7535,4.8058,4.8404,4.8647,4.8777,4.9016,4.9254,4.9482,4.9794,5.0203,5.0672,5.1217,5.1757,5.2278,5.2621,5.2941,5.3153,5.3448,5.3643,5.3938,5.4328,5.4733,5.5259,5.5917,5.6578,5.728,5.7694,5.8009,5.825,5.8427,5.8737,5.9026,5.9451,5.9979
"AIM 3.0","High - SSP3","World","Climate Assessment|Harmonized and Infilled|Emissions|CH4","Mt CH4/yr",1,,,,363.4899013289108,368.3548733497124,373.21877732471467,376.8734346645917,380.53417971110366,384.2000116270774,387.8707144501908,391.5651367618037,395.6933482009782,399.8204782070933,403.96292827172704,408.10443364608216,412.2438374122017,415.2676535784992,418.3046858518815,421.3454118881908,424.39257551478966,427.4476978685375,430.8416972126575,434.2480346361774,437.6573787433551,441.0625684934326,444.4761815153069,447.3418340614347,450.2253458499893,453.1201600163756,456.0175641707542,458.9277507826302,461.6374259755216,464.36223873661385,467.0917915609031,469.8332493435139,472.57631931969627,476.1377004819468,479.7173060917267,483.30190277476686,486.8901543369349,490.4935243000145,493.1913274558551,495.89752474404,498.6123663914405,501.3333794366342,504.058452137554,507.6465758832741,511.241552826698,514.8463330636134,518.4551795884183,522.0657275073905,525.7109619356988,529.3784393584001,533.0391196526692,536.7050295998342,540.3844365752313,543.4166062381007,546.4496406641583,549.4832210559591,552.5295110280265,555.577684790397,557.8602164497901,560.1412886036691,562.4243927901445,564.7063856580755,566.9916070821849,569.5131458142043,572.0290133493787,574.5511535635305,577.0606189150308,579.5793413156006,582.0139322474449,584.4465340009201,586.8809932962026,589.3190168890591,591.7477091790685,594.5746853936388,597.4030829902333,600.2288862650398,603.060098099762,605.8858716637426
"AIM 3.0","High - SSP3","World","Climate Assessment|Harmonized and Infilled|Emissions|CO2","Mt CO2/yr",1,,,,42339.76770647963,43045.07307415349,43751.44961232496,43635.93369876886,43516.00758892895,43391.58975092186,43262.77194623694,43129.41342876702,43393.220328544565,43656.778295731616,43920.17811714636,44183.50763132382,44446.754661728446,44385.85879941231,44323.438115441575,44259.48565149339,44194.188973790566,44127.32316648936,44093.14032619759,44058.66336355242,44023.985427892985,43989.23703921855,43954.198917850255,43715.16434697714,43475.54444957306,43235.06459596227,42993.85894482073,42752.07058556845,42556.7118794456,42360.64465168876,42163.86455742349,41966.40713515918,41768.07646985075,41857.37255234572,41946.77851825569,42036.10554066279,42125.50063876029,42214.95150312381,42002.5619744294,41789.226867412974,41574.92742852952,41359.54120800797,41143.15759867047,41208.79297945413,41274.11551579872,41339.14630690805,41403.83055917552,41468.21380040625,41471.97011763776,41476.23418413979,41480.83219606264,41485.89373183346,41491.28137347448,41468.71737272252,41445.960183766925,41423.10161238188,41400.28302671061,41377.30982126013,41258.4497810021,41139.49716085296,41020.54507523112,40901.5470147914,40782.64619853453,40689.269676978736,40595.852933921065,40502.38779223077,40408.97223324343,40315.55313959564,40251.95815039631,40188.49834409733,40124.90317051095,40061.35789928519,39997.922996393136,39855.80979762426,39713.79625756138,39571.68549432461,39429.71161693544,39287.59815009527
"AIM 3.0","High - SSP3","World","Climate Assessment|Harmonized and Infilled|Emissions|Kyoto Gases [AR6GWP100]","Mt CO2-equiv/yr",1,,,,57507.00308133636,58378.24829407092,59250.722479116506,59271.71232102233,59288.59701924145,59301.27045668056,59309.81270895486,59314.614409694914,59745.93288570285,60177.02961332857,60608.45587981202,61039.84438042952,61471.1453852402,61541.929185077126,61611.64499431102,61680.02050293104,61747.32435419184,61813.36295696944,61918.05200378821,62022.846422382005,62127.59611082393,62232.21364974513,62336.83376013364,62216.26549645901,62095.674858198574,61974.602698171,61852.95211584038,61731.14257531665,61643.46715994051,61555.53525051489,61467.048387480456,61378.24517675661,61288.643362183175,61517.17897180406,61746.3513607231,61975.600295299584,62205.034474660126,62434.96200633479,62337.92272571441,62240.177775984586,62141.72032003885,62042.3483587902,61942.09806551058,62150.05385255982,62357.88460810269,62565.69155836388,62773.26396894245,62980.57833725259,63136.27576288829,63293.09654864464,63450.045898725664,63607.59663229137,63765.83803098936,63869.59537110615,63973.17455890309,64076.66358879015,64180.54044151829,64284.31200947139,64275.48579465359,64266.52860276781,64257.6245145252,64248.64740087392,64239.8588031899,64259.79021426199,64279.52603734975,64299.388017456746,64318.94286263168,64338.7553269917,64382.29237025669,64425.901373198816,64469.43559156179,64513.1202578907,64556.651972583095,64541.068777998975,64525.62707178734,64510.01687879468,64494.69668476069,64479.08183625648
"AIM 3.0","High - SSP3","World","Climate Assessment|Harmonized and Infilled|Emissions|N2O","kt N2O/yr",1,,,,11289.003670665752,11362.33207974488,11435.716531803222,11523.705271495246,11611.596293143406,11699.378285979714,11787.062425220676,11874.63862546929,12025.66504313627,12176.487475963477,12327.090710912991,12477.488730156989,12627.677466959003,12758.188830187475,12888.607396079313,13018.927732662616,13149.152359759686,13279.281439424454,13409.24777534151,13539.165466583028,13669.061683789414,13798.893645969809,13928.679716491935,14036.55264451554,14144.410293228324,14252.226285045735,14360.04853384349,14467.85106687875,14563.06802975136,14658.307253621162,14753.57035519121,14848.849505905817,14944.153733062292,15067.507194276252,15190.839889578709,15314.149988824933,15437.439945699218,15560.701932688346,15672.999869850486,15785.284911617404,15897.58248922746,16009.847340610351,16122.10325187754,16242.035293468258,16361.927561736737,16481.768089290963,16601.571517990466,16721.327290229707,16859.597664395398,16997.827731757232,17136.019350954193,17274.163979679244,17412.269747381273,17519.327385380453,17626.365265548866,17733.373713808975,17840.36340847837,17947.323236868702,18065.391754992404,18183.45427689109,18301.52407617467,18419.587539322667,18537.65613232677,18641.830654937723,18746.004449941967,18850.18117511675,18954.355805930933,19058.527756730648,19134.71105210579,19210.86862919599,19287.05655702328,19363.238766288778,19439.418974584507,19546.56918180853,19653.716775866516,19760.86190485086,19868.012416169942,19975.16016022622
"AIM 3.0","High - SSP3","World","Climate Assessment|Surface Temperature (GSAT)|33rd Percentile [MAGICC v7.6.0a3]","°C",1,1.1491,1.1657,1.1865,1.2101,1.2355,1.2595,1.2814,1.3027,1.3245,1.3484,1.37,1.3925,1.4133,1.4369,1.4651,1.4934,1.5204,1.5441,1.57,1.5909,1.6099,1.6262,1.6464,1.6666,1.6874,1.7101,1.7376,1.7691,1.7996,1.8225,1.8418,1.8652,1.8883,1.9069,1.9279,1.9512,1.9774,2.0007,2.0238,2.0455,2.0669,2.0884,2.1072,2.1276,2.1468,2.1661,2.1911,2.2165,2.2424,2.2683,2.2906,2.3083,2.3247,2.3403,2.3568,2.3739,2.3919,2.412,2.4344,2.4573,2.4814,2.5047,2.5267,2.5474,2.5672,2.5847,2.6036,2.623,2.6418,2.6622,2.6862,2.7128,2.7451,2.7742,2.8013,2.8248,2.8464,2.8652,2.8846,2.9047,2.928
"AIM 3.0","High - SSP3","World","Climate Assessment|Surface Temperature (GSAT)|67th Percentile [MAGICC v7.6.0a3]","°C",1,1.2622,1.2817,1.3037,1.33,1.3622,1.3894,1.4183,1.4448,1.4728,1.5019,1.5337,1.5604,1.5857,1.6135,1.6476,1.68,1.7115,1.7409,1.7691,1.7963,1.8186,1.8419,1.8666,1.8915,1.9183,1.9468,1.9781,2.0127,2.0439,2.072,2.0949,2.119,2.1429,2.17,2.1945,2.222,2.2532,2.2811,2.3077,2.3373,2.3651,2.3892,2.412,2.4347,2.4599,2.485,2.5135,2.5453,2.5772,2.6091,2.6352,2.6554,2.6725,2.6918,2.7133,2.7317,2.753,2.7784,2.804,2.8329,2.8632,2.8925,2.9192,2.9427,2.9678,2.9898,3.0128,3.037,3.0603,3.0852,3.1141,3.1459,3.1827,3.2196,3.2523,3.2806,3.3063,3.3309,3.3557,3.382,3.4106
"AIM 3.0","High - SSP3","World","Climate Assessment|Surface Temperature (GSAT)|Median [MAGICC v7.6.0a3]","°C",1,1.2035,1.2215,1.2429,1.2679,1.2946,1.3195,1.3443,1.3669,1.394,1.4189,1.4438,1.4687,1.4941,1.52,1.5502,1.5807,1.6111,1.6376,1.6639,1.687,1.7091,1.7287,1.75,1.7738,1.7992,1.829,1.8587,1.8902,1.9206,1.9459,1.968,1.9893,2.0103,2.0319,2.0548,2.0797,2.1068,2.1345,2.1607,2.1866,2.2104,2.2311,2.2512,2.2735,2.2944,2.3173,2.3432,2.371,2.4001,2.4279,2.452,2.471,2.4889,2.508,2.5266,2.545,2.5662,2.5889,2.6126,2.6395,2.6662,2.6901,2.7131,2.735,2.7568,2.7774,2.8002,2.8259,2.8478,2.8716,2.8997,2.9338,2.9682,2.9946,3.0163,3.0367,3.0626,3.0909,3.113,3.1344,3.1611
"AIM 3.0","High - SSP5","World","Climate Assessment|Effective Radiative Forcing|33rd Percentile [MAGICC v7.6.0a3]","W/m^2",1,2.566,2.556,2.6284,2.687,2.7503,2.7969,2.8374,2.8845,2.9419,2.9908,3.0439,3.0957,3.1528,3.2249,3.3184,3.3801,3.4443,3.4875,3.5401,3.5756,3.6173,3.6621,3.7148,3.778,3.8498,3.9393,4.0228,4.1076,4.1754,4.2231,4.2493,4.2776,4.316,4.3532,4.4038,4.4695,4.5405,4.5956,4.655,4.7145,4.7564,4.8032,4.8491,4.9031,4.9588,5.0231,5.1049,5.1876,5.2578,5.3091,5.3547,5.3909,5.4389,5.49,5.5382,5.5901,5.6417,5.7033,5.7741,5.844,5.8993,5.9298,5.9556,5.9761,5.996,6.0219,6.0697,6.1202,6.1684,6.2386,6.2988,6.345,6.4014,6.4304,6.4458,6.4665,6.4933,6.5273,6.5584,6.5987,6.6493
"AIM 3.0","High - SSP5","World","Climate Assessment|Effective Radiative Forcing|67th Percentile [MAGICC v7.6.0a3]","W/m^2",1,2.8229,2.8276,2.9005,2.9478,3.0084,3.0556,3.0962,3.1412,3.1939,3.243,3.2977,3.35,3.4069,3.4814,3.5638,3.6263,3.699,3.7422,3.794,3.8322,3.8781,3.9283,3.983,4.0429,4.1141,4.2046,4.2857,4.3698,4.4331,4.478,4.5054,4.5405,4.5799,4.6192,4.6728,4.7467,4.8255,4.8853,4.9504,5.0116,5.0606,5.1087,5.159,5.222,5.2863,5.3532,5.4351,5.5128,5.5803,5.6343,5.6823,5.7267,5.7799,5.8357,5.8883,5.9452,6.0045,6.0694,6.141,6.2165,6.272,6.3087,6.3425,6.3643,6.3962,6.4277,6.4771,6.5338,6.5863,6.6513,6.7195,6.7717,6.8281,6.8547,6.8719,6.8939,6.9178,6.9547,6.9929,7.038,7.0944
"AIM 3.0","High - SSP5","World","Climate Assessment|Effective Radiative Forcing|Median [MAGICC v7.6.0a3]","W/m^2",1,2.6983,2.6998,2.7568,2.8089,2.8715,2.9188,2.9624,3.0108,3.0604,3.1117,3.1657,3.2196,3.2791,3.3529,3.4355,3.493,3.561,3.6065,3.664,3.6993,3.7438,3.794,3.8479,3.9087,3.9829,4.0726,4.1524,4.2338,4.2984,4.3473,4.3793,4.4069,4.4434,4.4795,4.5311,4.6003,4.6769,4.7323,4.7921,4.8537,4.8975,4.9443,4.9886,5.046,5.1055,5.1711,5.253,5.3343,5.405,5.458,5.5048,5.5471,5.6014,5.6546,5.7027,5.7596,5.816,5.8811,5.953,6.0267,6.0826,6.1166,6.1478,6.1732,6.1992,6.2258,6.2771,6.3329,6.3867,6.4484,6.5137,6.5663,6.6194,6.6444,6.6637,6.6876,6.7127,6.7441,6.7735,6.8139,6.8667
"AIM 3.0","High - SSP5","World","Climate Assessment|Harmonized and Infilled|Emissions|CH4","Mt CH4/yr",1,,,,363.4899013289108,368.42069352087,373.33569343183086,376.2482347538522,379.17943242499626,382.10617588580345,385.05005077495167,387.9955476359037,392.23430164813146,396.4665306354437,400.69898877291007,404.94729421800537,409.18576587827056,413.63674575508793,418.0931767271295,422.5599158258694,427.0336263465072,431.51623453826295,437.4707194468619,443.4345691936946,449.4130271875164,455.4021900065357,461.3944152583514,467.26661390984,473.13832312447965,479.02505592277976,484.9193204556128,490.83846841711,496.50916977396366,502.184169375261,507.8765927753553,513.5591989633753,519.2742362632658,524.9045155215391,530.5396184717532,536.1898604121968,541.850721223404,547.5238543709373,552.9432818964221,558.3766158910213,563.828167393469,569.2774371422361,574.7576679617176,578.5883185283036,582.4351710858234,586.2888898352837,590.1682320161731,594.0580155410134,599.2105538787882,604.386779123202,609.5838978594354,614.7903914143802,620.0131347744366,623.4618729805698,626.9075531480653,630.3719140838712,633.8338983850683,637.3122547040405,638.8971499002138,640.4989214517757,642.0892608285134,643.686992330438,645.2888085369734,645.551953985314,645.809348486634,646.0786706304552,646.3385999996826,646.5961503458841,647.8727650529812,649.1514704027687,650.415167097952,651.6926351656671,652.9718834812459,653.6173587159981,654.2694704513486,654.9236082537732,655.5798825694458,656.2311762943943
"AIM 3.0","High - SSP5","World","Climate Assessment|Harmonized and Infilled|Emissions|CO2","Mt CO2/yr",1,,,,42339.76770647963,43046.01111976105,43753.324047013615,43376.82979646117,42996.1306238774,42611.00398827319,42221.67342510705,41828.00703067342,42320.42616749852,42812.42435389022,43304.1270303432,43795.71970263652,44286.67760059597,44564.8443996611,44841.17125405024,45115.61657854468,45388.18171667172,45658.90429352728,46059.03153703539,46458.26613061581,46856.730046909455,47254.27518143726,47650.972673542616,47778.99704092285,47906.51457724154,48033.48746551116,48159.94606757369,48285.9553499226,48635.48602905862,48985.1032238062,49335.19324610849,49685.238254123695,50035.31739421193,50593.41540904707,51151.492995009576,51709.65364580174,52267.7075469042,52825.8355662327,53301.41523047617,53776.70122049519,54252.14243035302,54727.17032654483,55202.05869147892,55247.58587030433,55291.2468818417,55332.849092088,55372.61774602231,55410.46794102202,55853.51502867237,56296.91795950131,56740.695707823215,57184.87059912468,57629.62483488933,57883.01968510584,58136.31667027903,58389.19074502552,58641.86216754881,58894.29991144802,58741.43692811138,58588.66910380579,58435.81070924009,58283.04096922511,58130.18438107123,57756.49458473725,57382.71338732725,57009.024061600576,56635.49898010319,56261.72061969372,56213.56473358845,56165.32027246616,56117.165805277895,56068.92221270389,56020.76852219403,56096.59267079498,56172.50458873694,56248.332038720655,56324.1955071757,56400.021707703774
"AIM 3.0","High - SSP5","World","Climate Assessment|Harmonized and Infilled|Emissions|Kyoto Gases [AR6GWP100]","Mt CO2-equiv/yr",1,,,,57507.00308133636,58402.23841354948,59298.37381236855,59056.51553474602,58811.20473264413,58561.58162364868,58308.45963788655,58051.28826824735,58757.507375777954,59463.39419257343,60169.25164299877,60875.711152614414,61581.52614118851,62086.171194611685,62589.425438344544,63091.38490370985,63591.95628509748,64091.2361217896,64765.5741255713,65439.38508521735,66112.94997853921,66786.00917712395,67458.41396432083,67856.24429585354,68253.67036644171,68651.08389336859,69048.31256906684,69445.89674299893,70063.70030314672,70681.76953910905,71300.85376246173,71919.68754042425,72539.52022819083,73358.17121415485,74176.99636548223,74996.3883529136,75816.03093449706,76636.14244575315,77363.7178806615,78091.42942564077,78819.84233565851,79547.82494760545,80276.57611186575,80522.21729493549,80766.50546961313,81008.995357469,81250.43409252938,81490.305388154,82118.47975677699,82747.66071666313,83377.78703456186,84008.56658858956,84640.36815797558,85026.42216637486,85412.28531539135,85798.23793261709,86183.90992094923,86569.80206242639,86478.19419307479,86387.1591103267,86295.709939001,86204.55421993088,86113.43025710114,85745.34924191286,85377.01338111918,85009.10769687578,84641.0990160269,84272.77178183361,84253.8197904049,84234.83314532951,84215.51834251142,84196.49811298335,84177.62073633385,84258.96083947562,84340.57638863291,84422.16560197456,84503.84676433704,84585.35293583985
"AIM 3.0","High - SSP5","World","Climate Assessment|Harmonized and Infilled|Emissions|N2O","kt N2O/yr",1,,,,11289.003670665752,11359.519819277568,11430.08430639654,11505.854183130888,11581.52914564998,11657.117162442812,11732.598039950071,11807.98910611096,11940.37287385303,12072.567040949434,12204.517319473718,12336.260397564496,12467.790339791476,12618.95906866203,12770.045803973466,12921.04373748484,13071.936008247874,13222.757585119174,13376.09212359999,13529.364256827845,13682.588165651703,13835.757264039932,13988.871377696614,14132.147880916464,14275.383271685874,14418.571861979031,14561.72156132762,14704.823884501517,14848.734050862411,14992.630256928878,15136.5139296057,15280.387239129645,15424.24901329226,15542.846567954944,15661.423720853034,15779.984334044251,15898.52519448767,16017.047475945496,16122.527325676698,16227.970148526008,16333.374027830654,16438.732386790165,16544.05622034909,16620.883093427103,16697.75441094544,16774.671563156866,16851.632705844746,16928.635821660468,17019.393716734143,17110.15207729718,17200.91606664765,17291.682999397854,17382.45015047527,17455.34057765524,17528.235198861854,17601.133682868982,17674.042277930665,17746.961920023816,17832.55004596782,17918.140230733046,18003.73378601936,18089.32080128935,18174.915175834496,18190.2820038721,18205.64506252001,18221.011572088268,18236.37518853558,18251.741402128584,18273.54337065141,18295.347165741536,18317.15353079156,18338.954100049312,18360.75803921542,18360.310886385167,18359.86524993238,18359.4170400428,18358.97094799864,18358.526971150524
"AIM 3.0","High - SSP5","World","Climate Assessment|Surface Temperature (GSAT)|33rd Percentile [MAGICC v7.6.0a3]","°C",1,1.1491,1.1657,1.1865,1.2101,1.2355,1.2594,1.2814,1.3021,1.3248,1.3487,1.3716,1.3946,1.4207,1.4489,1.4804,1.511,1.5431,1.5701,1.5994,1.6252,1.6482,1.6714,1.6985,1.725,1.7529,1.7882,1.8229,1.8591,1.8941,1.9278,1.9549,1.9787,2.0027,2.0264,2.0525,2.0817,2.1126,2.144,2.1761,2.2056,2.2367,2.2679,2.2971,2.326,2.3551,2.3874,2.4231,2.4603,2.4973,2.5322,2.5653,2.5954,2.6226,2.6503,2.6782,2.7086,2.7375,2.7704,2.8032,2.8372,2.8691,2.898,2.9253,2.9492,2.9714,2.9912,3.0146,3.0404,3.0695,3.1033,3.139,3.1717,3.2037,3.2301,3.2525,3.273,3.2916,3.3106,3.331,3.3545,3.3824
"AIM 3.0","High - SSP5","World","Climate Assessment|Surface Temperature (GSAT)|67th Percentile [MAGICC v7.6.0a3]","°C",1,1.2622,1.2817,1.3037,1.33,1.3621,1.3895,1.4181,1.4446,1.4735,1.5018,1.5347,1.5633,1.5934,1.6277,1.6654,1.7049,1.7414,1.7769,1.811,1.8432,1.8723,1.9042,1.9362,1.9698,2.0054,2.0451,2.0858,2.129,2.1725,2.2124,2.2465,2.2761,2.3062,2.3383,2.3703,2.405,2.4425,2.4782,2.5128,2.548,2.5797,2.6155,2.6503,2.6856,2.7229,2.7596,2.8003,2.8429,2.8852,2.9264,2.9641,2.9998,3.0353,3.0705,3.1055,3.143,3.181,3.2197,3.2596,3.3011,3.3425,3.3794,3.4124,3.4408,3.4653,3.4906,3.5174,3.5487,3.5835,3.6208,3.6612,3.6998,3.7378,3.7712,3.8004,3.8281,3.8545,3.878,3.9014,3.9297,3.96
"AIM 3.0","High - SSP5","World","Climate Assessment|Surface Temperature (GSAT)|Median [MAGICC v7.6.0a3]","°C",1,1.2035,1.2215,1.2429,1.2678,1.2945,1.3193,1.3441,1.3674,1.3944,1.4194,1.4468,1.4745,1.5053,1.5356,1.5701,1.6045,1.638,1.6705,1.7013,1.7316,1.7595,1.786,1.816,1.8479,1.8789,1.9161,1.9555,1.9952,2.0331,2.0672,2.0973,2.1251,2.151,2.1761,2.202,2.2322,2.2667,2.3005,2.3359,2.3713,2.4014,2.43,2.4613,2.4975,2.5295,2.5616,2.5987,2.6368,2.6738,2.7093,2.7433,2.7758,2.8079,2.8382,2.8705,2.9033,2.9352,2.9678,3.0021,3.0387,3.0741,3.1077,3.1376,3.1634,3.1893,3.2142,3.241,3.2706,3.3026,3.3372,3.3715,3.4056,3.4398,3.4719,3.5001,3.5251,3.5479,3.5716,3.5959,3.6198,3.6459
"AIM 3.0","Low - SSP2","World","Climate Assessment|Effective Radiative Forcing|33rd Percentile [MAGICC v7.6.0a3]","W/m^2",1,2.566,2.556,2.6284,2.6897,2.7648,2.8182,2.8668,2.9161,2.97,3.0175,3.0593,3.0851,3.1123,3.1548,3.2028,3.2271,3.2518,3.2547,3.2714,3.2668,3.2761,3.3038,3.3345,3.3649,3.4036,3.4567,3.4829,3.5137,3.5297,3.5177,3.4972,3.4828,3.4681,3.4597,3.4656,3.4809,3.494,3.4854,3.4831,3.4779,3.4447,3.4127,3.3851,3.3631,3.3408,3.3337,3.3502,3.3626,3.3618,3.3475,3.3063,3.241,3.1886,3.137,3.0852,3.0515,3.0289,3.0141,3.0098,3.0064,3.0004,2.9825,2.964,2.9319,2.9089,2.8748,2.8474,2.8305,2.8167,2.8128,2.8323,2.8579,2.885,2.8826,2.8684,2.8539,2.8234,2.8068,2.789,2.7843,2.79
"AIM 3.0","Low - SSP2","World","Climate Assessment|Effective Radiative Forcing|67th Percentile [MAGICC v7.6.0a3]","W/m^2",1,2.8229,2.8276,2.9005,2.9504,3.0176,3.0707,3.117,3.165,3.2171,3.2662,3.3081,3.3383,3.3708,3.4148,3.4654,3.4874,3.5133,3.513,3.5287,3.5245,3.5354,3.5606,3.5829,3.6147,3.6522,3.6958,3.7247,3.7566,3.7643,3.7557,3.7304,3.721,3.7099,3.7037,3.7065,3.7197,3.7259,3.7195,3.7155,3.7089,3.6853,3.6544,3.627,3.608,3.5902,3.5812,3.5944,3.6013,3.6008,3.5916,3.5553,3.4896,3.4389,3.3928,3.3434,3.3087,3.2868,3.2687,3.2577,3.2497,3.2389,3.2253,3.2069,3.1781,3.1519,3.1188,3.0921,3.0746,3.0595,3.0573,3.076,3.0978,3.1245,3.1207,3.1121,3.0931,3.0626,3.0442,3.0259,3.0243,3.0298
"AIM 3.0","Low - SSP2","World","Climate Assessment|Effective Radiative Forcing|Median [MAGICC v7.6.0a3]","W/m^2",1,2.6983,2.6998,2.7568,2.8122,2.8822,2.9358,2.9888,3.0361,3.0858,3.1326,3.1799,3.2022,3.2377,3.2789,3.3345,3.3517,3.3784,3.3787,3.3942,3.3897,3.4002,3.4293,3.457,3.4896,3.5298,3.5767,3.6031,3.6328,3.6431,3.6309,3.6081,3.5958,3.5854,3.5765,3.5799,3.5917,3.606,3.5984,3.5949,3.589,3.5589,3.5266,3.4982,3.4794,3.4607,3.4554,3.4753,3.4867,3.4865,3.4739,3.4331,3.3692,3.3143,3.2631,3.2123,3.178,3.1538,3.1384,3.1305,3.124,3.1143,3.0962,3.0777,3.0483,3.0245,2.9913,2.965,2.9488,2.9329,2.9285,2.9515,2.9765,2.9983,2.9981,2.9874,2.9699,2.9374,2.9187,2.9024,2.9004,2.9059
"AIM 3.0","Low - SSP2","World","Climate Assessment|Harmonized and Infilled|Emissions|CH4","Mt CH4/yr",1,,,,363.4899013289108,368.1484313913265,372.8022997630175,368.66008795404304,364.5294330756856,360.414165123696,356.2952656307774,352.1838653507131,342.42082768310013,332.6635500851794,322.9129646944432,313.16145466908665,303.40586294091884,304.38706988948707,305.3716592379297,306.3647679051653,307.3603730034835,308.34904328304924,300.972988439034,293.5896693566211,286.21562369180805,278.83559827282136,271.46555328041063,266.95084524471054,262.4493877563089,257.9487429519478,253.4406756280834,248.9384024731372,243.69112255629656,238.4454416691297,233.19843205932068,227.9453475278148,222.6931468455204,221.9475500056681,221.1980942745141,220.45529186639308,219.7117302738715,218.96766116945076,218.2257436262932,217.4869385160528,216.74562752167645,215.99926528160145,215.2628825620432,212.8528400696728,210.435648209294,208.0296358836481,205.61973838690207,203.2154699908741,203.1653684745968,203.13260779750303,203.10076871124824,203.07039719128448,203.03719988727264,207.39056333709036,211.75173038721397,216.11335285307717,220.4715478514385,224.8414756934486,222.4249585156388,219.9995696246088,217.56418521122487,215.14120672019664,212.7141741438764,213.67437131676368,214.63443240819944,215.58432346504532,216.5453273301435,217.5032964754498,217.6970952635193,217.89374691771096,218.09926174699515,218.3038989879425,218.5021057057524,220.14561931287307,221.77943487204575,223.41547149635815,225.0512040804165,226.6880718626939
"AIM 3.0","Low - SSP2","World","Climate Assessment|Harmonized and Infilled|Emissions|CO2","Mt CO2/yr",1,,,,42339.76770647963,43050.03887581682,43761.3738771446,42630.16445716465,41492.73351223421,40349.223868400135,39199.67618921826,38043.91636218125,36468.90148459199,34890.55422490709,33308.73115654509,31723.403317798184,30134.853944276863,30178.451684149502,30220.79919514012,30261.33916372273,30300.471675147222,30338.05718026776,29313.972061026223,28288.4352881697,27261.349400054794,26232.852176109747,25202.85086132501,24045.893857835967,22889.48267841946,21733.707530503743,20578.71188729763,19424.3883909322,18427.62755274416,17433.625015234753,16442.249710060885,15453.72163241829,14467.823571484152,13681.82685380401,12897.040986564112,12113.452578362108,11330.98385697152,10549.626245597352,9518.549094292088,8488.436555088545,7459.0092070205,6430.451847485094,5402.707007259024,4297.579400867519,3193.656532079166,2090.894113330396,989.3879875795368,-110.95662652294207,-1130.7123949240352,-2150.3630616691366,-3169.9755029376583,-4189.396273006474,-5208.536132422031,-6087.595698261572,-6966.591308370296,-7845.446279883944,-8724.349758375894,-9603.230567582645,-9546.36295096918,-9489.438733938376,-9432.518106426804,-9375.596488924984,-9318.629393200055,-9248.414053058645,-9178.199470179872,-9107.89373617143,-9037.685487748124,-8967.469940865294,-8956.496730884017,-8945.60819575693,-8934.72399664423,-8923.746283548562,-8912.85775388855,-8750.86438355354,-8588.736374204731,-8426.788980554058,-8264.707238779109,-8102.714226190543
"AIM 3.0","Low - SSP2","World","Climate Assessment|Harmonized and Infilled|Emissions|Kyoto Gases [AR6GWP100]","Mt CO2-equiv/yr",1,,,,57507.00308133636,58314.50384393815,59123.14663525197,57788.88704106173,56448.87442516041,55103.35457524265,53751.85682659121,52394.50101430251,50442.0052279942,48486.58844510442,46528.14919558081,44566.43440979742,42601.650117557896,42620.105658322864,42637.56551655851,42653.67554567581,42668.6511792357,42682.04691568653,41410.24849792592,40136.8585037508,38862.27602428872,37586.20685294779,36309.02717977841,35006.961752490024,33705.91457471956,32405.580778280248,31105.92331140821,29807.15582212041,28594.279494565344,27384.270658274392,26176.97240217347,24972.44089360476,23770.63802157401,22925.41536242163,22081.373342973544,21238.795554300777,20397.368760427624,19557.144022567685,18489.621625217784,17423.18971189155,16357.417726088232,15292.387214459088,14228.520203822747,13023.387677785237,11819.31488054978,10616.762072733723,9415.409050786591,8215.448269030107,7199.9978894146525,6185.183951152361,5170.451330403691,4155.975068623486,3141.716459064551,2419.026358076213,1696.6423307177283,974.3830042546476,252.0024589880965,-470.0611583852602,-498.6680035432242,-527.4673980289743,-556.5457466393593,-585.2794500294916,-614.0829230416111,-506.604706326183,-399.1318179104368,-291.8507473960374,-184.3592440823988,-76.94400895072665,-60.80914165301465,-44.68315433137837,-28.316846930467086,-11.877726386564625,4.286642413194601,232.7759511890846,461.1295725731386,689.361175327295,917.7201134941891,1146.0231143124215
"AIM 3.0","Low - SSP2","World","Climate Assessment|Harmonized and Infilled|Emissions|N2O","kt N2O/yr",1,,,,11289.003670665752,11340.76734600661,11392.562070817894,11245.3526551907,11098.009970726562,10950.5265180579,10802.93943840584,10655.2246645234,10526.447001871802,10397.85691432895,10269.465328207209,10141.25570200922,10013.246881452143,10069.582224120932,10125.879454270853,10182.136363059828,10238.351293944255,10294.529481294428,10156.36229700851,10018.297508456362,9880.327662779951,9742.455974396857,9604.68373399473,9548.307511251263,9491.976652582867,9435.696056408857,9379.4734367339,9323.296626120862,9221.66107847966,9120.108379401458,9018.62802775436,8917.22636204541,8815.911447139615,8825.428184754395,8834.969852484544,8844.553428069168,8854.164963757636,8863.810237006497,8889.842352439271,8915.880310019762,8941.920753274666,8967.970927771647,8994.025513155531,8957.221960364048,8920.446712304263,8883.703621616973,8846.993185013,8810.308079801489,8849.065594290178,8887.8510541569,8926.66657480372,8965.511376371527,9004.384748617384,9148.169547308638,9291.908813718645,9435.6128583982,9579.264152267047,9722.87726936828,9653.53109461469,9584.188705129854,9514.851531389306,9445.509127257908,9376.166658987822,9409.738499970785,9443.311208294252,9476.881166227851,9510.453801925738,9544.023049818576,9539.097878510878,9534.167887667814,9529.240073723306,9524.309542926852,9519.3779412713,9590.526491626611,9661.670238292008,9732.82122334322,9803.96421909964,9875.112748694988
"AIM 3.0","Low - SSP2","World","Climate Assessment|Surface Temperature (GSAT)|33rd Percentile [MAGICC v7.6.0a3]","°C",1,1.1491,1.1657,1.1865,1.2107,1.2371,1.2625,1.2864,1.3078,1.3326,1.3551,1.3772,1.3969,1.4151,1.4345,1.4543,1.4739,1.4916,1.5075,1.5226,1.5336,1.5437,1.5535,1.5653,1.5792,1.5954,1.6157,1.6329,1.6488,1.6647,1.6742,1.6782,1.6804,1.6813,1.6831,1.6875,1.6921,1.6967,1.7026,1.7049,1.7066,1.7054,1.7021,1.6975,1.691,1.6851,1.6805,1.6815,1.6847,1.688,1.6873,1.6823,1.6701,1.6557,1.6411,1.6258,1.6118,1.599,1.5879,1.5799,1.5745,1.5698,1.5649,1.5593,1.5522,1.5432,1.5327,1.5221,1.5127,1.5053,1.4996,1.499,1.5025,1.5079,1.5109,1.5113,1.5069,1.499,1.4929,1.4871,1.4828,1.4799
"AIM 3.0","Low - SSP2","World","Climate Assessment|Surface Temperature (GSAT)|67th Percentile [MAGICC v7.6.0a3]","°C",1,1.2622,1.2817,1.3037,1.3304,1.3644,1.3948,1.4244,1.4542,1.4832,1.5147,1.5425,1.5706,1.5941,1.6183,1.6442,1.6697,1.6936,1.7131,1.7297,1.7424,1.755,1.7699,1.7867,1.8072,1.8291,1.8526,1.8732,1.8937,1.9117,1.9242,1.9328,1.9387,1.9431,1.9477,1.9526,1.9588,1.9672,1.9753,1.9803,1.9841,1.9845,1.9816,1.9774,1.9744,1.9689,1.9647,1.9667,1.9731,1.9799,1.9839,1.9807,1.9692,1.9526,1.9402,1.9239,1.9069,1.8931,1.8826,1.8769,1.8729,1.8667,1.8617,1.8573,1.8482,1.8394,1.8288,1.8178,1.8077,1.7987,1.7921,1.7917,1.7941,1.7986,1.8029,1.8098,1.8093,1.8065,1.8024,1.797,1.7915,1.791
"AIM 3.0","Low - SSP2","World","Climate Assessment|Surface Temperature (GSAT)|Median [MAGICC v7.6.0a3]","°C",1,1.2035,1.2215,1.2429,1.2685,1.2956,1.3227,1.3492,1.3764,1.4029,1.4302,1.4573,1.48,1.5022,1.5245,1.5486,1.5709,1.591,1.6075,1.6223,1.6354,1.6467,1.6587,1.6748,1.6949,1.7132,1.7337,1.7532,1.7722,1.7914,1.8013,1.8069,1.8083,1.8124,1.8146,1.8196,1.8284,1.8353,1.8408,1.8452,1.8481,1.849,1.8477,1.8433,1.8384,1.8328,1.8291,1.8293,1.833,1.836,1.8376,1.834,1.8229,1.8105,1.7957,1.7774,1.7597,1.7459,1.7355,1.7273,1.7222,1.7179,1.7131,1.7073,1.6996,1.6908,1.6805,1.6701,1.6598,1.6518,1.6448,1.6414,1.6424,1.6501,1.6533,1.6549,1.6537,1.6484,1.6431,1.6369,1.6333,1.6318
"AIM 3.0","Low-to-Negative - SSP2 (Marker)","World","Climate Assessment|Effective Radiative Forcing|33rd Percentile [MAGICC v7.6.0a3]","W/m^2",1,2.566,2.556,2.6284,2.6851,2.744,2.7904,2.8367,2.8872,2.9448,2.9937,3.0437,3.0834,3.1252,3.1914,3.2689,3.3283,3.4041,3.4366,3.4724,3.4868,3.4907,3.482,3.4867,3.4979,3.5133,3.5463,3.5661,3.588,3.5915,3.5761,3.5426,3.5176,3.4958,3.4781,3.4719,3.4809,3.4959,3.4867,3.4795,3.4717,3.4396,3.4057,3.3689,3.3401,3.3118,3.2939,3.2928,3.2902,3.2798,3.2534,3.2171,3.1742,3.1404,3.1088,3.0727,3.0426,3.0123,2.9914,2.9775,2.9679,2.9567,2.937,2.9121,2.8792,2.8466,2.8021,2.7608,2.7278,2.6974,2.6804,2.672,2.6539,2.643,2.6033,2.5583,2.5166,2.47,2.4348,2.4019,2.3839,2.375
"AIM 3.0","Low-to-Negative - SSP2 (Marker)","World","Climate Assessment|Effective Radiative Forcing|67th Percentile [MAGICC v7.6.0a3]","W/m^2",1,2.8229,2.8276,2.9005,2.9466,3.0048,3.051,3.0974,3.1462,3.1988,3.2487,3.2943,3.3337,3.3824,3.4426,3.5141,3.5684,3.6466,3.6806,3.7135,3.7318,3.7353,3.7246,3.73,3.7422,3.755,3.7864,3.8069,3.8271,3.827,3.8116,3.7792,3.7583,3.741,3.7225,3.7181,3.7266,3.7339,3.7247,3.7181,3.7076,3.6801,3.6486,3.6145,3.588,3.5644,3.5444,3.5397,3.5331,3.5207,3.493,3.4556,3.4136,3.3809,3.3492,3.3144,3.2861,3.2545,3.2306,3.2161,3.2089,3.1979,3.1784,3.1527,3.1157,3.0881,3.0419,3.0004,2.9663,2.931,2.9133,2.897,2.8797,2.8684,2.83,2.786,2.7471,2.7011,2.6626,2.6298,2.6077,2.5944
"AIM 3.0","Low-to-Negative - SSP2 (Marker)","World","Climate Assessment|Effective Radiative Forcing|Median [MAGICC v7.6.0a3]","W/m^2",1,2.6983,2.6998,2.7568,2.8073,2.867,2.9138,2.9611,3.0149,3.0658,3.1109,3.1601,3.2049,3.2486,3.3125,3.3843,3.4394,3.5136,3.5485,3.5963,3.6083,3.612,3.6056,3.6108,3.6165,3.6353,3.6649,3.6829,3.7038,3.7078,3.6891,3.6582,3.6341,3.6165,3.595,3.5891,3.5969,3.6095,3.6007,3.5952,3.5874,3.5571,3.5233,3.4886,3.4652,3.4407,3.4242,3.4234,3.4203,3.4061,3.3812,3.3423,3.2964,3.262,3.2294,3.193,3.1628,3.1315,3.1084,3.0949,3.0835,3.0709,3.0505,3.025,2.988,2.9572,2.9129,2.8742,2.8379,2.8067,2.7854,2.7765,2.7612,2.7516,2.7131,2.6664,2.6256,2.5821,2.5503,2.5163,2.4936,2.4782
"AIM 3.0","Low-to-Negative - SSP2 (Marker)","World","Climate Assessment|Harmonized and Infilled|Emissions|CH4","Mt CH4/yr",1,,,,363.4899013289108,368.4866692697811,373.4896849585053,374.3688212172904,375.2688671211172,376.1762394943987,377.0955377072388,378.0213482695768,379.5125814767222,381.0164361217344,382.5103628446183,384.0194435052032,385.5193634467904,366.9353515133269,348.3489967245559,329.76703508238404,311.1823130967077,292.59911242505825,285.5729520163308,278.5426298849049,271.51140444123865,264.48215478736887,257.45452052013053,253.67155355009567,249.88883998762333,246.10585712382016,242.3181122042472,238.53863444436007,235.47039408160447,232.41186266763413,229.348315127486,226.27547331691068,223.22066226005452,221.12254720798077,219.02668787463,216.9357421042025,214.84348473143547,212.7585761988645,210.2989803318009,207.8339325261245,205.3631853688745,202.89819358915483,200.43334760813892,199.56868897548372,198.69817132459383,197.83406837298045,196.9660082682501,196.09742133962536,196.8741967657477,197.64281370152852,198.4310191348851,199.20043617992505,199.97371114652347,200.37066660709047,200.7612029534096,201.16344408657312,201.56216388041767,201.95846396913151,202.47159280400223,202.98438201118057,203.50495673325375,204.0158213639645,204.53323125729457,206.02593179333516,207.5283963674045,209.0290936761201,210.5313992571657,212.03100911385744,212.65547326640075,213.28682657707728,213.92113013676823,214.5483460879944,215.1820996794444,215.57641015095285,215.98480563748404,216.38529212837287,216.79102790246668,217.19135903018312
"AIM 3.0","Low-to-Negative - SSP2 (Marker)","World","Climate Assessment|Harmonized and Infilled|Emissions|CO2","Mt CO2/yr",1,,,,42339.76770647963,43050.07279431192,43761.44410448202,42976.696829394015,42187.40688307795,41393.621380451725,40595.24454041117,39792.27712950953,39952.251336975256,40110.82494507652,40268.07241810786,40423.95910150077,40578.3881237181,38131.649221206135,35681.37152528064,33227.77384485116,30770.685878301745,28310.18680180637,27083.84793795956,25857.546245187663,24631.569868353035,23405.900671913954,22180.276951283624,21090.702687411114,20001.348415852342,18912.2455541052,17823.319437892245,16734.698982373477,15606.606195339456,14479.332293016823,13352.876458223396,12227.228373506789,11102.260386766487,10051.474082993616,9001.611043322766,7952.624498500836,6904.701484237566,5857.564484714,4582.24530302411,3308.165075213863,2035.3708772204463,763.8623385794931,-506.2729587238297,-1472.2067789811074,-2437.0291809736045,-3400.8292193808597,-4363.617155556412,-5325.197926639531,-6609.324833871953,-7893.328055422171,-9177.225727698538,-10461.083925695852,-11744.920754226585,-12144.831704614542,-12544.812773587912,-12944.770119012526,-13344.66456287548,-13744.53751176964,-15086.05980157095,-16427.57689844056,-17769.046818773237,-19110.562164680083,-20452.081083031957,-21369.207214871505,-22286.63369016961,-23204.010406227742,-24121.3476933882,-25038.722918263964,-24955.20823513731,-24871.55425944798,-24787.989422424333,-24704.471598391014,-24620.820170975,-24597.15519224195,-24573.49046447909,-24549.73672616534,-24526.06971676477,-24502.402477140942
"AIM 3.0","Low-to-Negative - SSP2 (Marker)","World","Climate Assessment|Harmonized and Infilled|Emissions|Kyoto Gases [AR6GWP100]","Mt CO2-equiv/yr",1,,,,57507.00308133636,58328.843710443245,59152.13195007525,58343.52412468385,57531.09573311946,56714.55518594414,55893.92436655479,55069.04275878132,55225.71463314056,55381.47048094031,55535.775367023154,55689.33393329902,55841.30723168227,52703.42943794916,49562.22613514228,46418.15972713427,43270.83268685842,40120.41991799503,38663.09097025852,37205.74540262516,35748.79228898234,34292.31356894381,32835.986665651406,31626.61241711144,30417.558566851232,29208.7949446058,28000.14693048681,26792.10950861797,25524.412633088603,24257.88716386985,22992.09459678622,21726.95073690782,20463.074347029236,19301.544246586232,18141.081425735312,16981.743158306494,15823.487053307985,14666.331096557073,13289.120090611954,11913.026616582005,10538.13500358526,9164.737902628774,7792.776335574106,6782.129170570074,5772.4792446077245,4764.083070734359,3756.635149903015,2750.4566278093384,1494.523773018013,238.50266291224003,-1016.8568353578814,-2272.6840540897256,-3528.3654683266263,-3912.926086497612,-4297.718692910653,-4682.14882428787,-5066.602273933793,-5451.085408009655,-6769.529038746058,-8087.977421773337,-9406.157408885014,-10724.657643616694,-12042.977768224551,-12901.825571569836,-13760.69651585135,-14619.56924501738,-15478.360471563446,-16337.26130841739,-16229.009764891578,-16120.427633594616,-16011.849975942596,-15903.519649682705,-15794.872440157838,-15754.11627682792,-15712.967776168947,-15671.951547675311,-15630.87044104539,-15589.945051374172
"AIM 3.0","Low-to-Negative - SSP2 (Marker)","World","Climate Assessment|Harmonized and Infilled|Emissions|N2O","kt N2O/yr",1,,,,11289.003670665756,11358.599528199717,11428.225619520055,11421.62359913516,11414.95197749699,11408.198999229136,11401.367862574489,11394.463334713842,11484.715189272216,11574.785542434283,11664.674749139644,11754.38355902388,11843.903479228014,11466.59639979095,11089.63606388138,10713.03016713942,10336.76608728886,9960.856028305876,9847.84309821418,9734.918654680176,9622.073370177326,9509.313288531524,9396.641667634764,9358.221268138564,9319.827740571624,9281.455345484865,9243.108440400196,9204.780430849602,9159.806008937809,9114.861462175544,9069.943534426857,9025.05602236756,8980.192202361466,8939.20039204249,8898.25668372935,8857.364270860351,8816.513672462108,8775.709481942165,8738.798270341618,8701.931463602317,8665.093584694801,8628.298468601039,8591.54158910511,8598.220278087138,8604.932356019024,8611.68238365623,8618.46195313581,8625.278092745697,8666.673979098812,8708.077957097617,8749.48432011035,8790.898466612653,8832.318422445758,8864.558785304544,8896.80491389116,8929.066331945185,8961.324267035718,8993.601319822268,9021.316450562765,9049.031134026049,9076.75098891724,9104.465462225377,9132.180989880204,9188.80839282674,9245.440138313375,9302.07208523233,9358.698566444556,9415.33170776568,9438.637949000453,9461.943861508384,9485.253293799684,9508.562409932458,9531.869956353656,9550.115331175202,9568.36173640407,9586.606229306097,9604.85079038697,9623.096216722806
"AIM 3.0","Low-to-Negative - SSP2 (Marker)","World","Climate Assessment|Surface Temperature (GSAT)|33rd Percentile [MAGICC v7.6.0a3]","°C",1,1.1491,1.1657,1.1865,1.2097,1.2343,1.2576,1.2806,1.3022,1.3254,1.3489,1.3711,1.3923,1.4144,1.4392,1.4672,1.4942,1.5259,1.5525,1.5781,1.5952,1.6081,1.6177,1.6288,1.6396,1.6518,1.6648,1.6783,1.6931,1.7043,1.7118,1.7139,1.712,1.7087,1.7078,1.7062,1.707,1.7109,1.7138,1.7167,1.7166,1.7141,1.7076,1.6989,1.691,1.6834,1.6767,1.6715,1.6693,1.6671,1.6605,1.6536,1.6444,1.632,1.622,1.6103,1.5985,1.5883,1.5769,1.5684,1.5626,1.5582,1.5528,1.545,1.5345,1.5228,1.5099,1.4957,1.4817,1.4675,1.4543,1.4441,1.4328,1.4266,1.4183,1.4062,1.3875,1.3673,1.3526,1.3391,1.3269,1.3165
"AIM 3.0","Low-to-Negative - SSP2 (Marker)","World","Climate Assessment|Surface Temperature (GSAT)|67th Percentile [MAGICC v7.6.0a3]","°C",1,1.2622,1.2817,1.3037,1.3298,1.3611,1.3876,1.4163,1.4442,1.4741,1.5029,1.5344,1.5615,1.5893,1.6195,1.6542,1.6898,1.724,1.7561,1.7867,1.8143,1.8363,1.8521,1.8659,1.8801,1.893,1.9086,1.9241,1.9427,1.9577,1.9671,1.9732,1.9759,1.9752,1.9735,1.9739,1.9776,1.9851,1.9908,1.9936,1.9963,1.9957,1.9917,1.9865,1.9788,1.9689,1.9629,1.9605,1.9617,1.9612,1.9598,1.954,1.9432,1.9313,1.9196,1.9095,1.8985,1.8873,1.8777,1.8682,1.8594,1.8508,1.8439,1.8386,1.8303,1.8206,1.8076,1.7929,1.7769,1.7641,1.7517,1.7393,1.7312,1.7255,1.7151,1.7024,1.6891,1.6711,1.6536,1.6389,1.6257,1.6179
"AIM 3.0","Low-to-Negative - SSP2 (Marker)","World","Climate Assessment|Surface Temperature (GSAT)|Median [MAGICC v7.6.0a3]","°C",1,1.2035,1.2215,1.2429,1.2675,1.2936,1.3179,1.3432,1.3668,1.3948,1.4205,1.4471,1.4734,1.4993,1.5265,1.5589,1.5895,1.6234,1.6534,1.6801,1.7049,1.7251,1.7393,1.7497,1.7633,1.7741,1.7875,1.8047,1.8196,1.8322,1.8406,1.8422,1.842,1.8413,1.8425,1.8435,1.8466,1.8517,1.8545,1.8573,1.8604,1.8594,1.8563,1.8497,1.8412,1.8322,1.8269,1.8238,1.8213,1.8188,1.8142,1.8088,1.7988,1.7882,1.776,1.764,1.7526,1.7416,1.7308,1.7212,1.7141,1.7092,1.7023,1.6917,1.6809,1.67,1.6566,1.6411,1.6262,1.6129,1.6003,1.5892,1.5807,1.5741,1.5647,1.5498,1.5332,1.5149,1.5014,1.4878,1.4764,1.4651
"AIM 3.0","Medium - SSP1","World","Climate Assessment|Effective Radiative Forcing|33rd Percentile [MAGICC v7.6.0a3]","W/m^2",1,2.566,2.556,2.6284,2.6882,2.7578,2.811,2.8613,2.912,2.9696,3.022,3.0691,3.1062,3.152,3.2155,3.29,3.3344,3.3923,3.4175,3.4566,3.4724,3.4899,3.5085,3.5367,3.5692,3.6114,3.6769,3.7211,3.7699,3.8044,3.8185,3.809,3.7988,3.792,3.7905,3.7938,3.8305,3.8747,3.8973,3.9237,3.947,3.9553,3.9659,3.9768,3.9962,4.0189,4.0479,4.0963,4.1395,4.1718,4.1901,4.2123,4.2347,4.2691,4.3035,4.3334,4.3596,4.3782,4.4046,4.4415,4.4725,4.5042,4.5296,4.5494,4.5601,4.5778,4.5795,4.5887,4.6071,4.6268,4.6583,4.6961,4.7327,4.7732,4.7807,4.7825,4.7836,4.7824,4.7895,4.7967,4.8162,4.8457
"AIM 3.0","Medium - SSP1","World","Climate Assessment|Effective Radiative Forcing|67th Percentile [MAGICC v7.6.0a3]","W/m^2",1,2.8229,2.8276,2.9005,2.9492,3.0125,3.0646,3.1133,3.1646,3.2198,3.2679,3.3169,3.355,3.4027,3.4627,3.5273,3.5805,3.6366,3.6568,3.6973,3.7179,3.7377,3.7557,3.7866,3.8177,3.8572,3.9155,3.9622,4.0108,4.0411,4.0566,4.0493,4.0426,4.0363,4.0377,4.0516,4.0855,4.1325,4.159,4.1867,4.2106,4.2248,4.2337,4.2531,4.2797,4.3068,4.3378,4.3855,4.428,4.4657,4.4874,4.5069,4.5292,4.5643,4.5952,4.6314,4.6604,4.68,4.7095,4.7484,4.7859,4.8217,4.8495,4.8701,4.8828,4.9006,4.9032,4.9142,4.9316,4.9505,4.9821,5.0234,5.0574,5.0966,5.1068,5.1103,5.1125,5.1123,5.1255,5.1339,5.1537,5.184
"AIM 3.0","Medium - SSP1","World","Climate Assessment|Effective Radiative Forcing|Median [MAGICC v7.6.0a3]","W/m^2",1,2.6983,2.6998,2.7568,2.8105,2.8767,2.9303,2.9816,3.0337,3.0849,3.1343,3.1883,3.2251,3.2696,3.3331,3.4023,3.4448,3.5059,3.5311,3.5789,3.594,3.6116,3.6276,3.6535,3.6889,3.7256,3.7887,3.8351,3.8859,3.9186,3.9315,3.9235,3.9136,3.912,3.9115,3.9228,3.9568,4.0041,4.0299,4.0575,4.0856,4.0962,4.1044,4.1169,4.1392,4.1627,4.1935,4.2369,4.2836,4.3231,4.343,4.3653,4.3907,4.418,4.4529,4.4885,4.5194,4.5366,4.5598,4.5916,4.6264,4.6594,4.6853,4.708,4.7199,4.7387,4.74,4.748,4.7642,4.7807,4.8139,4.8565,4.8945,4.9308,4.9379,4.9348,4.9382,4.9409,4.9494,4.9549,4.973,5.0019
"AIM 3.0","Medium - SSP1","World","Climate Assessment|Harmonized and Infilled|Emissions|CH4","Mt CH4/yr",1,,,,363.4899013289108,368.18496195802913,372.8826338100059,370.7530362579616,368.6485106405762,366.5479802720543,364.4565118628925,362.38368041363753,362.08898261596335,361.8122343466069,361.5315860120469,361.2509234772938,360.97260031012064,359.10446592159843,357.23509379401463,355.3728098671796,353.51947974703705,351.6772274344845,350.98464512494144,350.3021082061149,349.6075018130955,348.9244661468347,348.2395519665914,348.13601274749226,348.035618397161,347.9459100387128,347.8405337160497,347.7446247557602,349.05712784551827,350.3841242788024,351.69670800499085,353.02520255011314,354.35349253254793,355.3767105859167,356.40541097868345,357.4451027345956,358.47754936795167,359.5230736199878,359.7784288731607,360.0450536433525,360.3134223469748,360.5824511485615,360.8567294516214,361.466091614602,362.0754191335303,362.6725675596288,363.29048807208096,363.9017740262251,363.20474054200986,362.5150329474004,361.8139946697533,361.12715813469873,360.4422096556806,359.6798298102385,358.92018527441166,358.1664611678638,357.4030901847647,356.65736562079763,354.952779602302,353.2574531049856,351.55936003363,349.86684813403457,348.17357367669814,347.10461940383937,346.0357923481929,344.9715440927323,343.911019121203,342.84232300847384,340.8610887636727,338.8940697304948,336.92553597500853,334.9489669784772,332.98337068849105,330.62460151708456,328.27058293052846,325.9152611344051,323.5613807612416,321.2081626887243
"AIM 3.0","Medium - SSP1","World","Climate Assessment|Harmonized and Infilled|Emissions|CO2","Mt CO2/yr",1,,,,42339.76770647963,43045.960133636094,43753.22205816614,42694.61681652864,41631.812164352414,40564.59185399727,39493.21684701073,38417.424693835,38100.86167934896,37782.19751227941,37461.7150700505,37139.353068076125,36814.95317861458,35877.84288003137,34938.15515636438,33995.87136544899,33051.050893283056,32103.553914898097,31578.62092007383,31052.5816988279,30525.615174599305,29997.62800461434,29468.696803824863,28925.450652875475,28381.63459670004,27837.20655834016,27292.197574663965,26746.72107095356,26640.764260885124,26534.89378169651,26428.72712384669,26322.64720416697,26216.36463986117,26179.435789336087,26142.140003616845,26104.34228679251,26066.228195402546,26027.913322712804,25799.219050887197,25570.611730956472,25341.76336026845,25112.955238251736,24883.861297433687,24800.41049643331,24716.554741130585,24632.521213578395,24548.17110407209,24463.544588263423,24304.395538230237,24145.47329354115,23986.498285864163,23827.744347431333,23668.893266904997,23453.947663763756,23239.274867231477,23025.2128174291,22811.256526740035,22597.661054438024,22335.19640399499,22072.738443593567,21810.31754257773,21547.75890482169,21285.339976529416,21177.77160772424,21070.15557080723,20962.6756049719,20855.106661791837,20747.53791183089,20498.035282968965,20248.488718735465,19998.89954553552,19749.441416253583,19499.84831001671,19241.97862694568,18983.96768592269,18725.956497698586,18468.08461319549,18210.076253034254
"AIM 3.0","Medium - SSP1","World","Climate Assessment|Harmonized and Infilled|Emissions|Kyoto Gases [AR6GWP100]","Mt CO2-equiv/yr",1,,,,57507.00308133636,58385.62890921463,59265.62551627097,58179.76211258795,57090.60537737748,55997.35254291014,54900.40657602659,53799.77061714683,53532.14051485035,53263.10219937531,52992.33201639749,52719.87629278586,52445.63993088459,51512.29006900288,50576.56566608328,49638.68270228169,48698.753196720056,47756.69140598762,47284.49002142072,46811.59902110958,46337.58881952064,45863.02389604157,45387.59851920086,44912.4376262674,44436.94379896579,43961.2838402253,43484.75923495396,43008.17635687111,43011.1592228996,43014.625229428,43017.393200413,43020.67929889814,43023.75319714877,43079.927921495655,43135.88078890811,43191.64752510352,43246.88386228122,43302.28965658827,43142.76524193917,42983.64576320285,42824.33438200352,42665.0943282725,42505.7051114142,42498.38705899064,42490.66045883088,42482.41163074484,42474.42924196842,42465.98108801687,42320.41877726984,42175.30461903396,42029.84428089533,41885.01802587397,41740.17182037487,41540.76239003252,41341.72707821875,41143.48779014004,40945.112117805154,40747.60929471032,40427.689778273954,40108.03280556013,39788.33511161989,39468.66081525816,39149.10110970251,39004.49146474535,38859.83372287209,38715.443053874966,38571.069310895306,38426.46528544244,38090.44735640399,37754.78056106223,37419.02625157745,37083.18251268748,36747.51000441851,36391.291416912056,36035.05973468788,35678.7970651026,35322.710444033226,34966.5046846915
"AIM 3.0","Medium - SSP1","World","Climate Assessment|Harmonized and Infilled|Emissions|N2O","kt N2O/yr",1,,,,11289.003670665752,11352.42174030659,11415.88667752995,11443.726946858824,11471.538943349638,11499.327698967834,11527.083087612582,11554.816089100595,11616.476946144783,11677.98721529064,11739.346606884556,11800.548860658457,11861.59692904303,11914.282640642796,11966.981116746898,12019.69503725392,12072.420360750311,12125.15606993077,12210.189230856931,12295.119419887822,12379.953805327874,12464.690666206488,12549.329433376735,12627.322950884343,12705.255246209324,12783.11527732898,12860.913791551013,12938.644707528549,13045.553098369948,13152.40648257871,13259.229800136294,13365.96995456922,13472.65494480935,13550.959846914237,13629.199939008122,13707.430236003727,13785.589431199136,13863.736758022866,13924.012317212137,13984.272949329792,14044.51884792863,14104.767696568506,14164.975676269738,14214.433971838964,14263.859952413624,14313.255916840571,14362.617578933758,14411.95450190593,14370.604922748826,14329.307639331892,14288.068454736662,14246.888256473336,14205.763483687602,14178.156041118342,14150.613816335945,14123.13761677124,14095.729225836916,14068.38756154036,14017.391071320955,13966.398462031137,13915.401927661296,13864.407773064377,13813.414269137971,13770.77299468716,13728.132331512452,13685.4963272992,13642.855602912465,13600.218982247752,13540.632466362684,13481.049715422592,13421.46054116428,13361.87524412424,13302.289670748618,13237.940547114618,13173.593922839234,13109.244906399106,13044.896316365915,12980.546241503887
"AIM 3.0","Medium - SSP1","World","Climate Assessment|Surface Temperature (GSAT)|33rd Percentile [MAGICC v7.6.0a3]","°C",1,1.1491,1.1657,1.1865,1.2104,1.236,1.2614,1.2849,1.307,1.3317,1.3553,1.3786,1.4004,1.4224,1.4458,1.4743,1.5026,1.5297,1.5526,1.5749,1.5933,1.6066,1.6243,1.6382,1.6565,1.6762,1.6975,1.7196,1.7449,1.7666,1.786,1.7994,1.8055,1.8139,1.8205,1.8262,1.8366,1.8521,1.8669,1.8821,1.8964,1.9106,1.9218,1.9325,1.945,1.9584,1.972,1.9883,2.0079,2.0271,2.0427,2.059,2.074,2.0881,2.1042,2.1207,2.1382,2.1543,2.1706,2.1888,2.2099,2.2296,2.2451,2.2599,2.2733,2.2869,2.2963,2.3066,2.3179,2.3284,2.3417,2.3593,2.3786,2.399,2.4149,2.426,2.4337,2.4402,2.4481,2.4569,2.4668,2.479
"AIM 3.0","Medium - SSP1","World","Climate Assessment|Surface Temperature (GSAT)|67th Percentile [MAGICC v7.6.0a3]","°C",1,1.2622,1.2817,1.3037,1.3302,1.3631,1.3926,1.4226,1.4519,1.4814,1.5146,1.5431,1.5734,1.599,1.6279,1.6631,1.6975,1.729,1.7586,1.7861,1.8128,1.8358,1.8553,1.876,1.8971,1.9188,1.9437,1.9726,2.0022,2.0319,2.0579,2.0719,2.0837,2.0942,2.1027,2.1125,2.1263,2.1452,2.1636,2.1812,2.1993,2.2152,2.2285,2.2424,2.2563,2.2715,2.2887,2.3093,2.332,2.3558,2.3765,2.3968,2.4163,2.4366,2.4574,2.4807,2.5025,2.5215,2.5408,2.5615,2.5832,2.605,2.628,2.6488,2.6676,2.6848,2.699,2.7135,2.7288,2.7454,2.763,2.7831,2.8057,2.8311,2.8524,2.8683,2.8814,2.8935,2.9026,2.9128,2.9266,2.9414
"AIM 3.0","Medium - SSP1","World","Climate Assessment|Surface Temperature (GSAT)|Median [MAGICC v7.6.0a3]","°C",1,1.2035,1.2215,1.2429,1.2682,1.2949,1.3215,1.3474,1.374,1.4018,1.4294,1.4571,1.484,1.5089,1.5369,1.5675,1.5956,1.6269,1.652,1.6774,1.7004,1.7218,1.7416,1.7602,1.7774,1.7969,1.8233,1.8486,1.8748,1.8996,1.9187,1.9317,1.9423,1.951,1.9583,1.9652,1.9772,1.9943,2.0109,2.0289,2.0456,2.0593,2.0726,2.083,2.0952,2.1088,2.1249,2.1449,2.1655,2.1879,2.2074,2.2259,2.2421,2.2602,2.2796,2.3008,2.3193,2.3361,2.3525,2.3704,2.391,2.4113,2.4323,2.4511,2.4657,2.4789,2.4907,2.5018,2.513,2.5259,2.5418,2.559,2.5779,2.5992,2.6181,2.6333,2.6455,2.6553,2.6674,2.678,2.6902,2.7045
"AIM 3.0","Medium - SSP2","World","Climate Assessment|Effective Radiative Forcing|33rd Percentile [MAGICC v7.6.0a3]","W/m^2",1,2.566,2.556,2.6284,2.6849,2.7431,2.7865,2.8291,2.8789,2.9326,2.982,3.0302,3.0772,3.1279,3.1923,3.2711,3.3257,3.386,3.4187,3.4639,3.4904,3.516,3.5505,3.5939,3.645,3.7056,3.7805,3.8464,3.9098,3.9547,3.9781,3.9929,4.0129,4.0376,4.0689,4.1088,4.1622,4.2157,4.2518,4.2927,4.3307,4.3534,4.3716,4.3978,4.4303,4.4625,4.5054,4.5681,4.6277,4.6748,4.7101,4.7341,4.7551,4.7877,4.8212,4.8506,4.8892,4.9232,4.9666,5.0206,5.0743,5.1244,5.1656,5.2009,5.2266,5.2577,5.2793,5.3123,5.3489,5.3849,5.4353,5.4893,5.5383,5.5877,5.615,5.6363,5.6574,5.6806,5.7088,5.7376,5.7783,5.8252
"AIM 3.0","Medium - SSP2","World","Climate Assessment|Effective Radiative Forcing|67th Percentile [MAGICC v7.6.0a3]","W/m^2",1,2.8229,2.8276,2.9005,2.9464,3.0044,3.0483,3.0904,3.1362,3.1892,3.237,3.2864,3.334,3.383,3.4468,3.5208,3.5743,3.6354,3.67,3.7149,3.7386,3.7702,3.811,3.8517,3.9007,3.9587,4.0332,4.0981,4.1626,4.207,4.2339,4.2451,4.2633,4.2916,4.3226,4.3683,4.4197,4.4759,4.5151,4.5573,4.5985,4.6239,4.6489,4.6764,4.7142,4.7565,4.8009,4.8619,4.9189,4.9691,5.0068,5.0394,5.0656,5.0961,5.1348,5.1678,5.2081,5.2476,5.2938,5.3507,5.4067,5.4593,5.5024,5.5423,5.5709,5.6066,5.6268,5.6571,5.6968,5.739,5.7964,5.8577,5.9111,5.9654,5.9933,6.015,6.0371,6.0589,6.0887,6.1188,6.161,6.2106
"AIM 3.0","Medium - SSP2","World","Climate Assessment|Effective Radiative Forcing|Median [MAGICC v7.6.0a3]","W/m^2",1,2.6983,2.6998,2.7568,2.8071,2.8665,2.9109,2.9543,3.0052,3.0575,3.1033,3.1531,3.2026,3.2501,3.3203,3.3934,3.4425,3.501,3.5365,3.5837,3.6111,3.642,3.6774,3.7202,3.768,3.8283,3.8998,3.9646,4.0321,4.0779,4.1006,4.1107,4.1296,4.1596,4.1912,4.2331,4.2877,4.3397,4.3783,4.4179,4.4549,4.4781,4.5041,4.5307,4.565,4.5997,4.6421,4.6979,4.7575,4.8111,4.8463,4.8772,4.9026,4.9325,4.9682,4.9987,5.0361,5.0735,5.1197,5.1762,5.2341,5.2836,5.3269,5.3624,5.3915,5.4245,5.4481,5.4782,5.5172,5.5569,5.6085,5.6718,5.7233,5.7789,5.8069,5.8253,5.8506,5.8689,5.8964,5.9241,5.967,6.0131
"AIM 3.0","Medium - SSP2","World","Climate Assessment|Harmonized and Infilled|Emissions|CH4","Mt CH4/yr",1,,,,363.4899013289108,368.5131778478558,373.5487595605696,374.976886816833,376.4281359900753,377.8876801713088,379.3533455801689,380.8318739975872,382.49971223478894,384.17982121650505,385.8769714652084,387.5539417894721,389.2406879236106,390.5025504429951,391.7737173409345,393.035786653906,394.3147689755413,395.5911943560218,397.5236759987358,399.45103093202727,401.39326012696927,403.3308658161713,405.2755999955358,406.2264747951177,407.19572984128416,408.1728087222871,409.15637435697874,410.1541972362228,412.53357689671634,414.9193698721952,417.3107623604248,419.71170251424456,422.1219809020881,425.3958921521826,428.6667814761392,431.95678583820273,435.25583100973154,438.5640359415215,441.8062454443724,445.0535638341829,448.3054403320921,451.5769963208048,454.855194198258,458.7020409713299,462.5556514715869,466.4259105967317,470.3006420512052,474.177657433264,477.1679077760074,480.1610994384289,483.17191887174425,486.1903993451692,489.21521477658064,492.25090482634926,495.2919923757119,498.3394757750131,501.3889651592852,504.44082423489607,505.6178529361306,506.7811697420661,507.9518811759135,509.128585174528,510.2865103605528,511.1696363596367,512.0518870953226,512.9299895783274,513.8051282966832,514.6816699227245,515.4289186981065,516.1810280585546,516.929044555089,517.6762105708827,518.4173566170756,517.769196426786,517.1215224798308,516.4701527276582,515.8241860567837,515.1684265169288
"AIM 3.0","Medium - SSP2","World","Climate Assessment|Harmonized and Infilled|Emissions|CO2","Mt CO2/yr",1,,,,42339.76770647963,43050.210016693454,43761.72754255946,43043.75202668228,42321.3170096313,41594.29189525819,40862.7532459082,40126.52806729665,40293.33017063188,40458.70147869281,40622.87177844877,40785.77727396839,40947.41297282528,40895.41190567146,40841.6644822059,40786.03245225712,40728.60140914334,40669.19306980557,40699.46154069305,40729.23228208315,40758.63664425495,40787.45095087545,40815.94364448002,40278.01170188517,39738.18877883483,39196.10028546551,38651.72260962966,38105.337813441525,38075.25500687028,38044.95125487014,38014.30579451499,37983.59127433054,37952.43665461594,38038.539757610844,38124.23612819277,38209.5062148483,38294.46100644058,38378.81641827206,38427.27632081833,38475.11254731236,38522.50622511407,38569.43525295683,38615.75979364094,38808.37744410335,39000.73847605333,39192.47465448331,39383.91201932521,39574.81912417109,39585.96887084578,39596.911315835125,39607.81142993552,39618.50410885854,39629.16270214093,39742.16056591697,39854.97012063122,39967.56164517544,40079.96650231349,40192.00423286783,40022.33170630246,39852.69707398376,39682.92881802453,39513.50819587072,39343.78403774879,39146.35469333737,38948.92944534091,38751.49517059529,38554.02443761069,38356.55086009986,38198.34725704925,38040.003409868215,37881.80041659984,37723.55496920749,37565.21224902476,37226.05346170727,36886.75748028287,36547.6433407435,36208.39673647691,35869.1881926945
"AIM 3.0","Medium - SSP2","World","Climate Assessment|Harmonized and Infilled|Emissions|Kyoto Gases [AR6GWP100]","Mt CO2-equiv/yr",1,,,,57507.00308133636,58396.04227636334,59286.69375454323,58631.63700288532,57972.91844007828,57310.00330184089,56642.89220091877,55971.61939809107,56239.38297720585,56506.16701730631,56772.34266507144,57036.7968471232,57300.36924041566,57334.93542319559,57368.16139567367,57399.395787502806,57429.44558628125,57457.58703980525,57599.976446910005,57741.82442839543,57883.83304353226,58025.22451435386,58166.60596417449,57709.601982766944,57251.35080313107,56791.17814141962,56329.024650667394,55865.39320982636,55961.83658476522,56058.29479388895,56154.62116507055,56251.207952741184,56347.67377415283,56590.1337996712,56832.16082517531,57074.34319964143,57316.5250564808,57558.41233297545,57769.87819969797,57980.8948241786,58191.63338840901,58402.48379005643,58612.94586583954,58987.60279010713,59362.21779483922,59736.709813402296,60111.05617189658,60484.96193206794,60650.61681512008,60816.130530078735,60982.08423497715,61148.03222409378,61314.10599109153,61581.73598819398,61849.31617630144,62116.84460669618,62384.23124772016,62651.30430623722,62585.7201942413,62519.79082780785,62453.93501220803,62388.59124679024,62322.42147906672,62215.5851853479,62108.73014755977,62001.74805758199,61894.65226363336,61787.58861888938,61711.58491093318,61635.577231376905,61559.59528327509,61483.54810332704,61407.23360743428,61107.48970599221,60807.61863854304,60507.82729941281,60208.05409597027,59908.045434867054
"AIM 3.0","Medium - SSP2","World","Climate Assessment|Harmonized and Infilled|Emissions|N2O","kt N2O/yr",1,,,,11289.003670665756,11362.434142722816,11435.890955464798,11452.100960403755,11468.210665986977,11484.231330118964,11500.151696829436,11515.981896612204,11618.36749949016,11720.571322782453,11822.590749679406,11924.429239017092,12026.087385534214,12113.84024476298,12201.529552011769,12289.15790429264,12376.728216439646,12464.237861051126,12554.489319329638,12644.679748390248,12734.81075715392,12824.889303059505,12914.908733670502,12988.95830457286,13063.029540596484,13137.121144950155,13211.22801550277,13285.356667315826,13367.912232001045,13450.469838160638,13533.022206646743,13615.574827282891,13698.119424466631,13797.051210423087,13895.97312108943,13994.873212367776,14093.75934419452,14192.632376077216,14283.661242012418,14374.6649664049,14465.652402511923,14556.613143307284,14647.550960369595,14746.539438160791,14845.493085515796,14944.415859433091,15043.306943329497,15142.161218110648,15223.734375484037,15305.299464218806,15386.854253566782,15468.403336157093,15549.942063270451,15628.62448624856,15707.315052420665,15785.999897917218,15864.694090902954,15943.380954631612,16014.480205575068,16085.571461580526,16156.665418530029,16227.760076330998,16298.854609010725,16350.97365233754,16403.097629299984,16455.219648794737,16507.340494736396,16559.461519652024,16604.848134868153,16650.235489425046,16695.621687183368,16741.008334493432,16786.39233657234,16816.518724731428,16846.642719239386,16876.768264795148,16906.891068911642,16937.0165363276
"AIM 3.0","Medium - SSP2","World","Climate Assessment|Surface Temperature (GSAT)|33rd Percentile [MAGICC v7.6.0a3]","°C",1,1.1491,1.1657,1.1865,1.2097,1.2342,1.2571,1.2796,1.3006,1.323,1.3463,1.369,1.3907,1.4138,1.4397,1.4687,1.4958,1.5236,1.5513,1.5752,1.597,1.6169,1.6368,1.6564,1.6783,1.7028,1.7327,1.7619,1.7918,1.8179,1.843,1.8636,1.8815,1.8968,1.9159,1.9337,1.9546,1.9781,1.9986,2.0218,2.0454,2.0661,2.0847,2.103,2.1214,2.1408,2.1614,2.1849,2.2107,2.2382,2.2612,2.2838,2.3034,2.3221,2.3428,2.3636,2.3842,2.4044,2.4278,2.4535,2.4794,2.5056,2.5296,2.5526,2.5748,2.5964,2.6176,2.6394,2.661,2.6834,2.7076,2.734,2.7612,2.7886,2.8135,2.836,2.8564,2.8754,2.8944,2.9134,2.9344,2.9571
"AIM 3.0","Medium - SSP2","World","Climate Assessment|Surface Temperature (GSAT)|67th Percentile [MAGICC v7.6.0a3]","°C",1,1.2622,1.2817,1.3037,1.3298,1.3609,1.3872,1.4154,1.4419,1.4704,1.4988,1.5305,1.5593,1.587,1.6167,1.6521,1.6877,1.7226,1.7513,1.7805,1.8079,1.8324,1.8602,1.8884,1.9153,1.9463,1.977,2.01,2.0471,2.0823,2.1114,2.1376,2.1572,2.1823,2.2061,2.2302,2.2535,2.283,2.3118,2.3382,2.3672,2.3942,2.4158,2.4362,2.4592,2.4839,2.5083,2.5366,2.5684,2.5984,2.6293,2.6574,2.6833,2.7075,2.7314,2.7563,2.7827,2.8095,2.8366,2.8659,2.8972,2.9312,2.9639,2.9943,3.0211,3.0451,3.0677,3.0927,3.1182,3.1448,3.1741,3.2056,3.2375,3.2679,3.2968,3.323,3.3478,3.3728,3.3985,3.4206,3.4451,3.4717
"AIM 3.0","Medium - SSP2","World","Climate Assessment|Surface Temperature (GSAT)|Median [MAGICC v7.6.0a3]","°C",1,1.2035,1.2215,1.2429,1.2675,1.2934,1.3175,1.3422,1.3648,1.3908,1.4162,1.4432,1.4696,1.4965,1.5267,1.5586,1.5896,1.6194,1.6476,1.6755,1.7006,1.7233,1.7462,1.7708,1.797,1.8248,1.8549,1.8864,1.9186,1.9491,1.977,2.0003,2.0189,2.0367,2.0546,2.0762,2.1007,2.129,2.1555,2.1804,2.2047,2.226,2.2463,2.2675,2.2894,2.3095,2.3316,2.3561,2.3835,2.4108,2.4371,2.4611,2.4821,2.5033,2.5252,2.5471,2.5698,2.5921,2.6156,2.6417,2.6715,2.7009,2.7286,2.7545,2.7788,2.8025,2.8254,2.8477,2.871,2.8951,2.9215,2.9495,2.9814,3.012,3.0379,3.06,3.0805,3.1038,3.1258,3.1469,3.1699,3.1946
"AIM 3.0","Medium-to-Low - SSP2","World","Climate Assessment|Effective Radiative Forcing|33rd Percentile [MAGICC v7.6.0a3]","W/m^2",1,2.566,2.556,2.6284,2.6829,2.737,2.7759,2.8203,2.8695,2.9221,2.9696,3.02,3.0689,3.1234,3.1904,3.2706,3.3251,3.3854,3.4185,3.464,3.4882,3.5164,3.5498,3.5937,3.6431,3.7058,3.7806,3.844,3.904,3.947,3.9719,3.9875,4.0026,4.0232,4.0493,4.0845,4.1349,4.1925,4.2255,4.2569,4.2819,4.2867,4.2924,4.2999,4.3105,4.3189,4.3329,4.3659,4.3946,4.4097,4.4124,4.4014,4.3814,4.3696,4.3571,4.3447,4.3408,4.3358,4.3399,4.3523,4.3668,4.3715,4.3609,4.347,4.3204,4.2986,4.2665,4.2447,4.2336,4.222,4.2207,4.2249,4.225,4.2329,4.2092,4.1809,4.1592,4.1346,4.1196,4.106,4.1044,4.1117
"AIM 3.0","Medium-to-Low - SSP2","World","Climate Assessment|Effective Radiative Forcing|67th Percentile [MAGICC v7.6.0a3]","W/m^2",1,2.8229,2.8276,2.9005,2.9452,3.0004,3.0413,3.0837,3.1283,3.1817,3.2289,3.278,3.3278,3.3782,3.4439,3.5197,3.574,3.6339,3.6685,3.7123,3.7367,3.7678,3.806,3.8513,3.9028,3.9566,4.0298,4.0921,4.1554,4.1992,4.2261,4.232,4.2513,4.274,4.2974,4.3365,4.3888,4.4443,4.4791,4.5089,4.5338,4.5388,4.5499,4.558,4.5709,4.5859,4.6057,4.6327,4.6615,4.6803,4.684,4.6769,4.6656,4.657,4.6492,4.6411,4.6339,4.6308,4.6341,4.6455,4.6554,4.6624,4.654,4.6413,4.6177,4.5992,4.5719,4.5547,4.5389,4.5277,4.5238,4.5247,4.5223,4.5266,4.5042,4.4796,4.4562,4.4353,4.4214,4.4076,4.4047,4.4061
"AIM 3.0","Medium-to-Low - SSP2","World","Climate Assessment|Effective Radiative Forcing|Median [MAGICC v7.6.0a3]","W/m^2",1,2.6983,2.6998,2.7568,2.8054,2.8623,2.8998,2.9461,2.9963,3.0497,3.0923,3.1428,3.1946,3.2466,3.3182,3.3918,3.4423,3.5004,3.5344,3.5807,3.607,3.6417,3.6788,3.7217,3.7702,3.8309,3.9002,3.9619,4.0254,4.0725,4.0947,4.1051,4.1234,4.1461,4.169,4.2064,4.2564,4.3142,4.345,4.3765,4.4015,4.4071,4.4176,4.4265,4.4388,4.4512,4.4689,4.4993,4.5293,4.5457,4.5482,4.538,4.5228,4.5159,4.5088,4.4994,4.4912,4.4905,4.4963,4.5005,4.5114,4.5169,4.5078,4.4948,4.4687,4.4497,4.4187,4.3984,4.3847,4.3737,4.3745,4.3806,4.3787,4.3814,4.3612,4.3298,4.3067,4.2802,4.2673,4.2532,4.2535,4.2575
"AIM 3.0","Medium-to-Low - SSP2","World","Climate Assessment|Harmonized and Infilled|Emissions|CH4","Mt CH4/yr",1,,,,363.4899013289108,368.6154807147855,373.74472712481855,375.4119496422218,377.0971046879676,378.7883099095856,380.4940328027751,382.2067759407957,383.87840745938126,385.5526954697028,387.2375479722625,388.9201048598062,390.5945636203918,392.1402567277575,393.6944515131337,395.2446344754695,396.8055125970502,398.3665234368032,400.3597689428762,402.3604481531452,404.3490071730324,406.3568702037196,408.3669983299095,409.6450769793268,410.93282681317095,412.2333831266107,413.5408385332136,414.8547679375932,416.6960470427795,418.54439789243145,420.4062514112828,422.275635476352,424.1518687183108,409.361631373764,394.55963794267456,379.7684245424134,364.966352310567,350.170602760451,340.8981817076936,331.6253471604108,322.32900119174894,313.0521659122845,303.7657650328376,299.3198482685377,294.86862140735474,290.4155360045563,285.95896189143235,281.50726196189686,278.8494636903304,276.19268798973394,273.5363727792542,270.8731259358989,268.2203299767322,266.2825966859325,264.34030357956755,262.3943398703401,260.4568670534245,258.5100673753774,253.97174320477512,249.43885419243665,244.90382997910933,240.36543626708703,235.82850640374187,235.14862623240364,234.46696736919785,233.784082034138,233.09569994671983,232.41482658005972,237.2686127504149,242.1203220492933,246.96568456990315,251.81846175466265,256.67327822459947,256.4698047014627,256.26278699264776,256.0469126702736,255.84129082417883,255.63554890251137
"AIM 3.0","Medium-to-Low - SSP2","World","Climate Assessment|Harmonized and Infilled|Emissions|CO2","Mt CO2/yr",1,,,,42339.76770647963,43050.027337691085,43761.3547553722,43022.88979124375,42280.08477401818,41532.93605785551,40781.46042674936,40025.59686044033,40200.65794703684,40374.49258267506,40547.18524162626,40718.60164464961,40888.87157935382,40911.11697361721,40931.94938628863,40951.40123083556,40969.32588312796,40985.702052582565,41046.80321308933,41107.132940501055,41166.95806121661,41226.00613254664,41284.55005484162,40820.05938254156,40353.71539516205,39885.44164600229,39415.21635367855,38942.96126930068,38705.86948941508,38467.78345158663,38228.51014611721,37988.2190238963,37746.77182664695,37057.337640618,36367.80336269664,35678.68979486772,34989.647114230575,34300.85266405635,32991.973511153665,31683.9735580046,30376.94983793932,29070.805294537928,27765.63066467861,26475.420959790856,25185.398424637184,23895.707166938813,22606.15415499648,21316.974772858204,20272.955983170108,19231.179379442445,18191.688447343706,17154.624297669263,16119.713820335266,15365.33203239254,14611.959898961051,13859.6018840246,13108.348451146292,12358.02048079972,11126.579105190252,9895.141060769642,8663.798736967741,7432.357044273829,6200.966002743692,5161.776932669722,4122.674556270637,3083.5374186749964,2044.3950679525813,1005.295630911972,803.8205511867038,602.433887764832,401.0022726382437,199.5270542171359,-1.742869202448844,-125.73900695953124,-249.68665097048944,-373.6419630327108,-497.58730286839045,-621.5841067110483
"AIM 3.0","Medium-to-Low - SSP2","World","Climate Assessment|Harmonized and Infilled|Emissions|Kyoto Gases [AR6GWP100]","Mt CO2-equiv/yr",1,,,,57507.00308133636,58379.11980099922,59252.41813619061,58565.71500868461,57875.16246161473,57180.37342348475,56481.65603638608,55778.710536634106,56036.52969291553,56293.15461983764,56548.90060619653,56803.264137794125,57056.24349634359,57158.8396199779,57260.24337745324,57360.14011548078,57458.824561452464,57555.92063466183,57638.84272146123,57721.26922469611,57802.9161011222,57884.38992831436,57965.51473611686,57501.8713903852,57036.72760512447,56570.10092847359,56101.80081482115,55631.7398735022,55405.569438421786,55178.75150069143,54951.26516749292,54723.1176113626,54494.15505832152,53224.45483149019,51954.52727179722,50685.545750592784,49416.506636549886,48148.08514327259,46576.42632423837,45005.63010391929,43435.11207845882,41866.013737491296,40297.57306716905,38920.29336101781,37542.97877827822,36165.89200672064,34788.797550170646,33412.191404164856,32270.85813170721,31131.81938145941,29995.083993172742,28860.583385607108,27728.50001577807,26895.272835202144,26062.925725183224,25231.48986413318,24401.367222737925,23571.93556429822,22182.55801560229,20793.33553962341,19404.148109885344,18014.76662230591,16625.475323377283,15546.81495901618,14468.192780318144,13389.495643625469,12310.648090124238,11232.0489817797,11177.230078605302,11122.441328987668,11067.430623232684,11012.58497798084,10958.001687599824,10789.446974619616,10620.834967139486,10451.9751687833,10283.409635426866,10114.790749682126
"AIM 3.0","Medium-to-Low - SSP2","World","Climate Assessment|Harmonized and Infilled|Emissions|N2O","kt N2O/yr",1,,,,11289.003670665756,11369.553983786,11450.130705404115,11481.138842512137,11512.077789342957,11542.93724389284,11573.73047431288,11604.45113670237,11695.973687149512,11787.333962012062,11878.536592896951,11969.57773477864,12060.45684552002,12155.614372294414,12250.704273213869,12345.71376729879,12440.652940171973,12535.517278311923,12624.722737954298,12713.88021857421,12802.984316304402,12892.041855750878,12981.045515563825,13065.21317751587,13149.40206660661,13233.61226111581,13317.852141137102,13402.110326098824,13481.202150241848,13560.324826296168,13639.471276735292,13718.642806961354,13797.84550779342,13409.6391389048,13021.660072051378,12633.895398341465,12246.356971295794,11859.034092516162,11634.329512333075,11409.779052873972,11185.3893503715,10961.156622767308,10737.085469648651,10665.8276414342,10594.630953703405,10523.492810201344,10452.413051091418,10381.39727422207,10351.512576026778,10321.69192840252,10291.929732707162,10262.223178337334,10232.584417073853,10197.950948753554,10163.370157785845,10128.839079883268,10094.36153053118,10059.939009098867,10027.088583658253,9994.236696527085,9961.38720517211,9928.535198147776,9895.685031815065,9898.677713505433,9901.666988294846,9904.65843208827,9907.6524235611,9910.642662514034,10075.26788283075,10239.894832791928,10404.523662134265,10569.146967599518,10733.77389474252,10719.79017032056,10705.799087329306,10691.815996236628,10677.828107851545,10663.842354898685
"AIM 3.0","Medium-to-Low - SSP2","World","Climate Assessment|Surface Temperature (GSAT)|33rd Percentile [MAGICC v7.6.0a3]","°C",1,1.1491,1.1657,1.1865,1.2095,1.2335,1.2555,1.2777,1.299,1.3206,1.3424,1.3649,1.3877,1.4109,1.4375,1.4668,1.4948,1.5221,1.5504,1.5747,1.5957,1.6159,1.6357,1.6548,1.6784,1.7016,1.7306,1.7603,1.7889,1.8154,1.8391,1.859,1.8757,1.8899,1.9068,1.9241,1.9451,1.9682,1.9882,2.0079,2.0249,2.0398,2.0535,2.0649,2.075,2.09,2.1017,2.1144,2.1309,2.1432,2.1523,2.1589,2.1621,2.1642,2.1668,2.1696,2.1705,2.1729,2.1759,2.1806,2.1875,2.1946,2.1995,2.2024,2.2015,2.1996,2.194,2.1875,2.1853,2.1848,2.1857,2.1878,2.1892,2.1914,2.1914,2.189,2.1842,2.1789,2.1745,2.1706,2.1673,2.1673
"AIM 3.0","Medium-to-Low - SSP2","World","Climate Assessment|Surface Temperature (GSAT)|67th Percentile [MAGICC v7.6.0a3]","°C",1,1.2622,1.2817,1.3037,1.3296,1.3598,1.3858,1.4121,1.4389,1.4659,1.4942,1.5242,1.5548,1.5837,1.6144,1.6506,1.6868,1.7215,1.7502,1.7794,1.8069,1.8326,1.8595,1.8874,1.9145,1.9452,1.9768,2.0089,2.0468,2.0824,2.1141,2.1362,2.1583,2.1784,2.1963,2.2183,2.2449,2.2738,2.301,2.3267,2.351,2.3692,2.3848,2.4003,2.4162,2.4299,2.4453,2.4628,2.4806,2.4975,2.5134,2.5265,2.5351,2.5445,2.5509,2.5554,2.5616,2.5675,2.5739,2.5819,2.5914,2.5999,2.6066,2.6105,2.6094,2.6057,2.6016,2.5979,2.5964,2.5973,2.5989,2.6,2.6037,2.6086,2.6104,2.6077,2.6057,2.6028,2.5985,2.5941,2.5925,2.5939
"AIM 3.0","Medium-to-Low - SSP2","World","Climate Assessment|Surface Temperature (GSAT)|Median [MAGICC v7.6.0a3]","°C",1,1.2035,1.2215,1.2429,1.2671,1.2921,1.3157,1.339,1.362,1.3873,1.4125,1.4386,1.4659,1.4921,1.5238,1.5569,1.5878,1.6184,1.6469,1.6747,1.699,1.7226,1.7456,1.77,1.7958,1.8234,1.8553,1.887,1.9194,1.9503,1.9773,1.9991,2.0154,2.0311,2.0484,2.068,2.0894,2.114,2.1381,2.1596,2.1813,2.1971,2.2111,2.2264,2.2383,2.2514,2.2667,2.2826,2.2983,2.3143,2.3298,2.3414,2.3497,2.3531,2.3586,2.3633,2.3677,2.3707,2.3745,2.3809,2.3893,2.3972,2.4024,2.407,2.4096,2.409,2.406,2.4019,2.4014,2.4011,2.3995,2.4014,2.4035,2.4066,2.4081,2.4048,2.3995,2.393,2.389,2.3856,2.3819,2.3812
"AIM 3.0","Very Low - SSP1","World","Climate Assessment|Effective Radiative Forcing|33rd Percentile [MAGICC v7.6.0a3]","W/m^2",1,2.566,2.556,2.6284,2.6896,2.7652,2.8263,2.8926,2.9494,3.0149,3.0713,3.1198,3.161,3.2018,3.2487,3.3053,3.3284,3.3473,3.3449,3.3477,3.3337,3.3166,3.2966,3.2882,3.2883,3.2904,3.3149,3.3211,3.3344,3.3279,3.2992,3.2449,3.182,3.1235,3.0627,3.016,2.9957,2.9968,2.9719,2.9519,2.9314,2.8979,2.881,2.8777,2.8768,2.8851,2.884,2.8921,2.9063,2.9078,2.8939,2.8615,2.8184,2.7873,2.759,2.7261,2.7045,2.6901,2.6828,2.6832,2.687,2.6913,2.6952,2.6953,2.686,2.6827,2.6613,2.6424,2.6296,2.6208,2.6207,2.6294,2.6344,2.6461,2.6255,2.5963,2.573,2.5461,2.5276,2.5099,2.5038,2.5048
"AIM 3.0","Very Low - SSP1","World","Climate Assessment|Effective Radiative Forcing|67th Percentile [MAGICC v7.6.0a3]","W/m^2",1,2.8229,2.8276,2.9005,2.9505,3.0176,3.0763,3.1394,3.1931,3.256,3.3163,3.3706,3.4115,3.4466,3.4919,3.5403,3.5578,3.575,3.5687,3.5732,3.5539,3.5362,3.5194,3.5111,3.5101,3.5154,3.5327,3.5414,3.5521,3.5395,3.5104,3.4583,3.4029,3.3532,3.3018,3.2595,3.2386,3.2346,3.2108,3.1875,3.1649,3.134,3.1173,3.1015,3.1004,3.1049,3.1021,3.1152,3.1247,3.1237,3.1094,3.081,3.0405,3.0106,2.9795,2.9466,2.9255,2.9109,2.9032,2.9062,2.9098,2.9162,2.9164,2.913,2.904,2.8949,2.8746,2.8551,2.8417,2.8321,2.8334,2.8466,2.8509,2.8619,2.8406,2.8145,2.7908,2.7644,2.7484,2.7328,2.7252,2.7227
"AIM 3.0","Very Low - SSP1","World","Climate Assessment|Effective Radiative Forcing|Median [MAGICC v7.6.0a3]","W/m^2",1,2.6983,2.6998,2.7568,2.8122,2.8824,2.9425,3.0125,3.0654,3.1248,3.1875,3.2385,3.2745,3.313,3.3631,3.422,3.4419,3.4594,3.4536,3.4538,3.4358,3.4173,3.3985,3.3902,3.3911,3.3982,3.4202,3.4284,3.4432,3.4357,3.4086,3.3504,3.2902,3.2319,3.1778,3.1406,3.1196,3.114,3.093,3.0712,3.0495,3.0194,3.0043,2.9923,2.9932,2.9946,2.9917,3.001,3.0075,3.009,2.9962,2.9636,2.9211,2.8936,2.8651,2.8329,2.8118,2.7959,2.7887,2.7903,2.7934,2.8003,2.8027,2.8094,2.7982,2.7915,2.77,2.7487,2.7353,2.7247,2.7262,2.7355,2.7428,2.7517,2.7317,2.7059,2.6831,2.6551,2.635,2.6171,2.6093,2.6065
"AIM 3.0","Very Low - SSP1","World","Climate Assessment|Harmonized and Infilled|Emissions|CH4","Mt CH4/yr",1,,,,363.4899013289108,368.1308094448859,372.7865406160908,365.76595019264425,358.7641799635488,351.7743502382908,344.7807136618422,337.8065390173958,319.4016727778047,301.0002911310153,282.6151452907293,264.2179883829157,245.82687118400472,238.12326243481095,230.43180714934613,222.74107731026635,215.04229373711,207.35216621322363,201.12120403460045,194.88633586520723,188.652541878119,182.42653450167,176.19002246190195,171.73804393194916,167.2768305288007,162.80700645586467,158.35569965698934,153.88661630181636,148.85827083138264,143.82273429747784,138.78180103617544,133.74136266454528,128.6969959980281,128.68506499047032,128.67727509765663,128.6641773189139,128.65328637038414,128.64283028777947,135.22326958680418,141.831278107931,148.42568996321685,155.0180649119679,161.62988803940817,160.2664530142912,158.8976521682643,157.5293116539276,156.1630198201098,154.80175914386618,154.28799415467265,153.7805060866603,153.2725461965666,152.76636178152182,152.24088937310535,151.78218837285348,151.3261540039158,150.8746575912099,150.4199571628799,149.96410424117917,149.22307173324205,148.49059156493647,147.75859130887062,147.0253154630333,146.284871486015,144.99392406482,143.71067219410358,142.42734890543898,141.1399219038462,139.85856598041903,137.7534359186439,135.6459776172247,133.55181572025418,131.44421898374185,129.34313787899424,127.2342608686432,125.1339934420912,123.02620932777036,120.90631089569672,118.8033885563948
"AIM 3.0","Very Low - SSP1","World","Climate Assessment|Harmonized and Infilled|Emissions|CO2","Mt CO2/yr",1,,,,42339.76770647963,43050.75478736166,43762.81470440816,42151.83266962002,40535.4685042289,38913.7098586866,37286.65560957724,35654.077265564585,33234.4665312443,30810.20402095245,28381.53187308418,25948.328385896675,23510.638074059632,22173.32609926652,20834.268168601386,19493.65377357742,18151.256146923766,16807.111266936114,15714.24533004842,14622.609990041468,13532.2443818651,12443.334317370673,11355.611494669867,10275.945007428789,9197.451204137216,8120.222279271238,7044.078938586757,5969.1100214436165,4891.712427593047,3815.673090469381,2740.9411957968296,1667.704323882832,595.7382073300091,-173.2873806923435,-942.2465815076376,-1711.142330864529,-2480.05429709744,-3248.943379910421,-3276.3407644735667,-3304.5273050642395,-3333.787585848105,-3363.9594833296187,-3395.089944165177,-3228.704436263979,-3062.19507434158,-2895.5261970045467,-2728.833739209844,-2561.8385340341138,-2833.5013816881838,-3105.0927233050825,-3376.754720597463,-3648.439064014632,-3920.009770949453,-3975.753061650848,-4031.125128208951,-4086.0895376333456,-4140.81587419359,-4195.269819159836,-4201.786372052879,-4208.394755662699,-4215.002192139194,-4221.358010319052,-4227.964620467028,-4249.812776081849,-4271.561176652615,-4293.270470264331,-4315.065499721292,-4336.864354564439,-4443.28285093554,-4549.701225811687,-4656.070006666742,-4762.4924554066365,-4868.909591476406,-5065.6077637566905,-5262.255311416415,-5458.954058955304,-5655.653021112303,-5852.263390150658
"AIM 3.0","Very Low - SSP1","World","Climate Assessment|Harmonized and Infilled|Emissions|Kyoto Gases [AR6GWP100]","Mt CO2-equiv/yr",1,,,,57507.00308133636,58377.32412523289,59249.151391496445,57410.598560017694,55567.20946635175,53718.72684479592,51864.867210512406,50005.99154769313,46937.581355349335,43864.78508787627,40788.19685320845,37706.88670745198,34621.447152077664,32992.3382806918,31361.9198594951,29730.08508469752,28096.316841315947,26461.13820407602,25132.763345979776,23805.5789292957,22479.72498196351,21155.58715602377,19832.421929440945,18582.793706978995,17334.11892010366,16086.53134669196,14840.561162909918,13595.332348433289,12298.656607741712,11003.204678822338,9708.97098273103,8416.310665669904,7124.898255628742,6315.302726741796,5505.925968004033,4696.494549240535,3887.148552393445,3077.8738701896573,3296.2330874909617,3514.52392764523,3731.305860177392,3947.0904546191305,4162.385960879819,4258.902896530363,4355.42318694907,4452.092966832111,4548.875899527299,4646.081785459978,4299.998847686059,3954.148711568349,3608.25738191788,3262.383983834836,2916.094584902498,2789.6481382326224,2663.6558830910617,2538.1891654697306,2412.9049131800007,2287.84985451327,2243.0540896550847,2198.406833670026,2153.771798083043,2109.3553613051736,2064.484394198552,1988.303357258444,1912.43810101056,1836.6096594775115,1760.5800017154031,1684.716505451173,1495.6073879581215,1306.4340462204768,1117.680102977486,928.4992284691126,739.5050558821296,460.70829157925976,182.20776995905624,-96.55307665588438,-375.6523911528093,-654.1871362902878
"AIM 3.0","Very Low - SSP1","World","Climate Assessment|Harmonized and Infilled|Emissions|N2O","kt N2O/yr",1,,,,11289.003670665752,11337.66009453823,11386.33790648032,11211.651602485845,11036.889869308485,10862.050713636518,10687.14652237529,10512.16269340218,10168.548187881672,9825.25431914544,9482.278548223032,9139.620358433673,8797.278115613719,8665.379174882397,8533.546898693672,8401.778053599804,8270.085356470656,8138.454812041997,8004.088187706386,7869.78321724239,7735.546178575671,7601.374084734879,7467.273316628581,7391.18566889427,7315.118586167931,7239.079402609459,7163.067406334135,7087.0750635286695,6982.571485757753,6878.142358661709,6773.778178178989,6669.492020731061,6565.271158784166,6588.492181334033,6611.6912275659615,6634.865748181638,6658.015750595427,6681.149520358505,6944.6144101081145,7207.90945641408,7471.024700838378,7733.961219174864,7996.721536711199,7922.374759632312,7848.064842355117,7773.783129454966,7699.543639466494,7625.335454233165,7590.845372410473,7556.414264014446,7522.035918073154,7487.717149569387,7453.442280434919,7426.781227787827,7400.163896402229,7373.598482406487,7347.080157326908,7320.612910900401,7281.603874607773,7242.588477998443,7203.579403663071,7164.570434705585,7125.555099335619,7084.032505650104,7042.511088214156,7000.99289054287,6959.471332138974,6917.947410830548,6841.683578641095,6765.426463114538,6689.15985628352,6612.895423418522,6536.633108776892,6462.882594459255,6389.130838799961,6315.381313617195,6241.629687688968,6167.88254555453
"AIM 3.0","Very Low - SSP1","World","Climate Assessment|Surface Temperature (GSAT)|33rd Percentile [MAGICC v7.6.0a3]","°C",1,1.1491,1.1657,1.1865,1.2107,1.237,1.2631,1.2887,1.3137,1.3408,1.3669,1.3914,1.4149,1.4366,1.4598,1.4861,1.5088,1.5244,1.5354,1.5438,1.5477,1.554,1.5591,1.5624,1.5642,1.5691,1.5749,1.582,1.5879,1.5956,1.5951,1.5883,1.5748,1.5632,1.549,1.5345,1.5207,1.5134,1.5061,1.4986,1.491,1.4831,1.4752,1.4672,1.4629,1.4601,1.4606,1.4611,1.4608,1.4627,1.4605,1.4555,1.4484,1.4395,1.4302,1.421,1.4117,1.4039,1.3976,1.3931,1.3911,1.3902,1.3887,1.3874,1.3863,1.3854,1.3804,1.3747,1.3681,1.363,1.3609,1.3618,1.3618,1.3639,1.3635,1.3583,1.3507,1.3423,1.3355,1.3283,1.322,1.3187
"AIM 3.0","Very Low - SSP1","World","Climate Assessment|Surface Temperature (GSAT)|67th Percentile [MAGICC v7.6.0a3]","°C",1,1.2622,1.2817,1.3037,1.3304,1.3644,1.3958,1.4284,1.4609,1.4949,1.5284,1.564,1.5915,1.6197,1.6524,1.6847,1.7133,1.7361,1.754,1.7668,1.7764,1.7839,1.7917,1.7955,1.8033,1.8115,1.8211,1.8321,1.8439,1.8518,1.8569,1.8512,1.84,1.8278,1.8112,1.7976,1.7875,1.7803,1.7754,1.7699,1.7623,1.7541,1.7459,1.7389,1.7336,1.7328,1.7333,1.7361,1.7396,1.7421,1.7454,1.7416,1.7353,1.7244,1.7139,1.7027,1.6933,1.6855,1.679,1.6742,1.6725,1.6728,1.6748,1.676,1.6755,1.6749,1.6716,1.666,1.6601,1.6563,1.6552,1.6556,1.6575,1.661,1.6623,1.6599,1.6544,1.6474,1.6402,1.6312,1.625,1.6222
"AIM 3.0","Very Low - SSP1","World","Climate Assessment|Surface Temperature (GSAT)|Median [MAGICC v7.6.0a3]","°C",1,1.2035,1.2215,1.2429,1.2685,1.2957,1.3235,1.3528,1.3832,1.4133,1.4444,1.4769,1.5034,1.5288,1.5528,1.5791,1.6046,1.627,1.6425,1.6558,1.6656,1.673,1.6758,1.6779,1.6831,1.6903,1.6981,1.7069,1.7165,1.7234,1.7268,1.7233,1.7126,1.6999,1.6836,1.6665,1.6531,1.6469,1.639,1.6308,1.6237,1.6157,1.608,1.6021,1.5993,1.5991,1.5987,1.6015,1.6045,1.6065,1.6075,1.605,1.5964,1.5859,1.5752,1.5645,1.5546,1.5455,1.5395,1.5351,1.5328,1.5322,1.5317,1.5332,1.5327,1.531,1.5275,1.5222,1.5171,1.5124,1.5105,1.5102,1.511,1.5134,1.5139,1.5104,1.5049,1.4965,1.4886,1.4815,1.4761,1.4725
"AIM 3.0","Very Low - SSP2","World","Climate Assessment|Effective Radiative Forcing|33rd Percentile [MAGICC v7.6.0a3]","W/m^2",1,2.566,2.556,2.6284,2.6897,2.7654,2.8237,2.8847,2.9391,3.0015,3.0538,3.1019,3.1511,3.1912,3.2389,3.2938,3.3053,3.3065,3.2954,3.2895,3.2685,3.2459,3.2209,3.2073,3.2041,3.2041,3.22,3.227,3.2352,3.2244,3.1948,3.1533,3.1277,3.1011,3.0755,3.0581,3.0546,3.0572,3.0347,3.0176,2.9963,2.9488,2.8943,2.8497,2.8125,2.7765,2.7532,2.7497,2.7509,2.743,2.7195,2.6844,2.6455,2.6133,2.585,2.5525,2.5317,2.5122,2.5029,2.5022,2.5034,2.5031,2.5004,2.4936,2.4775,2.4683,2.4417,2.4211,2.4091,2.3992,2.4008,2.4101,2.4139,2.4221,2.4041,2.378,2.3561,2.3316,2.3174,2.3022,2.2989,2.3063
"AIM 3.0","Very Low - SSP2","World","Climate Assessment|Effective Radiative Forcing|67th Percentile [MAGICC v7.6.0a3]","W/m^2",1,2.8229,2.8276,2.9005,2.9505,3.0179,3.0746,3.1335,3.1848,3.2451,3.2945,3.3542,3.403,3.4353,3.4782,3.5271,3.5348,3.5369,3.5198,3.5133,3.4882,3.4645,3.4392,3.4256,3.4184,3.4207,3.436,3.4416,3.4493,3.4421,3.4108,3.3705,3.3431,3.3175,3.2929,3.2786,3.2704,3.2705,3.253,3.2304,3.2116,3.1649,3.1128,3.0644,3.0248,2.9921,2.9682,2.9697,2.9699,2.9591,2.9367,2.9027,2.8594,2.8276,2.8,2.7692,2.7466,2.7279,2.7207,2.724,2.7236,2.7226,2.7155,2.7106,2.6929,2.6812,2.6534,2.6304,2.6171,2.6068,2.6074,2.6199,2.6256,2.6328,2.6153,2.5866,2.5605,2.5341,2.5177,2.5026,2.5001,2.5099
"AIM 3.0","Very Low - SSP2","World","Climate Assessment|Effective Radiative Forcing|Median [MAGICC v7.6.0a3]","W/m^2",1,2.6983,2.6998,2.7568,2.8123,2.8826,2.9404,3.0055,3.0551,3.1125,3.171,3.2215,3.2653,3.3017,3.3513,3.4088,3.4216,3.4203,3.404,3.397,3.3732,3.3493,3.3245,3.3088,3.3032,3.3024,3.3229,3.3327,3.3424,3.3326,3.3073,3.2632,3.231,3.2052,3.1817,3.1661,3.1654,3.1654,3.1436,3.1254,3.1053,3.0596,3.0045,2.9524,2.9125,2.8767,2.855,2.8558,2.853,2.8457,2.8221,2.7883,2.7462,2.7154,2.6867,2.6558,2.6344,2.6159,2.6055,2.6039,2.6016,2.6015,2.5966,2.5904,2.5751,2.5672,2.5419,2.5192,2.5091,2.499,2.5011,2.5094,2.5122,2.5195,2.5012,2.4756,2.4531,2.4281,2.4106,2.3959,2.3951,2.3995
"AIM 3.0","Very Low - SSP2","World","Climate Assessment|Harmonized and Infilled|Emissions|CH4","Mt CH4/yr",1,,,,363.4899013289108,368.0584061470023,372.6269338407149,365.2469328552004,357.8552007289224,350.4889423356421,343.1134922026313,335.75024927849125,314.6782136987623,293.60768625619943,272.541149211329,251.48141659189224,230.41648293473344,225.82073342073664,221.24629855769768,216.65911339125736,212.08195278134133,207.4979428292253,202.97866656449852,198.46406684633004,193.95000477209052,189.4368078644756,184.91872064886127,182.75731399485076,180.59885222884333,178.4434229958245,176.28242857151338,174.1316267291655,171.23907860662447,168.34586949164594,165.4643498475844,162.57964242667617,159.6946187647357,156.40211004437248,153.09206583224034,149.79283731705584,146.49512321109415,143.20620914521007,144.0937275879631,144.9868900017551,145.88300757777512,146.7774593555956,147.66928700583674,149.81994429146215,151.96378200291682,154.11802914391134,156.26912774359369,158.424682826916,158.52538084457302,158.62827863137056,158.73983339550455,158.8417341345958,158.94858697721182,159.10293280694984,159.25625440306084,159.4003450591938,159.55621519176756,159.7128078475687,159.62578672668573,159.54282628356296,159.45771048377833,159.3715125276072,159.28825273234577,159.1218045320906,158.9561685906981,158.78469854933758,158.6181940920664,158.43679810768035,158.20692398394408,157.97890077278942,157.75043195356,157.5202470270471,157.28776955952472,157.5110126229592,157.7365162579443,157.9603477604802,158.1919736997983,158.40965108326662
"AIM 3.0","Very Low - SSP2","World","Climate Assessment|Harmonized and Infilled|Emissions|CO2","Mt CO2/yr",1,,,,42339.76770647963,43050.08375505482,43761.46675670159,42393.12834244206,41018.52853129526,39637.668933124376,38250.6346727875,36857.25495307795,33327.2779789038,29792.368074134705,26252.181356046174,22707.129807570436,19157.14184978745,18171.10053025689,17171.521178758823,16158.279223157666,15131.41718196021,14090.969208410866,13045.147912887633,12000.386906107522,10956.778057136784,9914.19230980734,8872.831870881295,7859.232344191768,6846.243573074289,5833.962671935511,4822.472242246088,3811.600516164036,2567.9555884380866,1325.7676857884835,85.07572559020946,-1154.1495034947616,-2391.9651067754626,-3367.7616603299016,-4342.98182275549,-5317.768834217235,-6292.128820900075,-7265.96111968462,-7371.299615885096,-7476.753093424655,-7582.18972079888,-7687.738326800232,-7793.172722705487,-7779.441904826939,-7765.823938754091,-7752.213369229907,-7738.845419781235,-7725.444280601901,-7747.798651433448,-7770.209403662251,-7792.593337547948,-7815.119008489819,-7837.750255502129,-7828.944187540359,-7820.135781067692,-7811.507543408448,-7802.808662366047,-7794.223772564677,-7777.67182819546,-7761.027353038153,-7744.476108512244,-7727.923363536682,-7711.231841008628,-7671.268194105005,-7631.353104324473,-7591.385586249949,-7551.3331248802515,-7511.367317386048,-7448.448341852479,-7385.4371004241875,-7322.513718270087,-7259.592894089574,-7196.671781796858,-7156.156942291969,-7115.73376136468,-7075.258994990833,-7034.744269746083,-6994.318811627766
"AIM 3.0","Very Low - SSP2","World","Climate Assessment|Harmonized and Infilled|Emissions|Kyoto Gases [AR6GWP100]","Mt CO2-equiv/yr",1,,,,57507.00308133636,58311.077850729605,59116.42753956078,57438.53414944794,55754.23532393042,54064.51900886748,52368.53014093313,50666.71655664416,46383.23433119692,42095.16311866698,37802.27663814928,33505.03762841545,29203.040688956648,28007.249330011367,26798.728053935607,25576.393881948337,24340.92302994333,23091.88064165304,21893.54278161094,20696.469114328065,19500.6438798632,18305.946312140182,17112.41870033954,16026.211864430876,14940.77191262028,13856.197442088784,12772.324353956234,11689.427746570133,10304.93439484621,8921.963444809933,7540.894440431526,6161.262015203835,4783.133686512751,3652.030968141721,2521.0960435184206,1390.9840584797169,261.4446047330324,-867.2624406194734,-950.0644626706198,-1032.7983234456349,-1115.4142898650612,-1198.1356871793698,-1280.8157954893113,-1196.706602521787,-1112.8788606317785,-1028.7557181279844,-944.9438881123092,-860.9538373272069,-885.4665658908584,-909.979920764607,-934.1803714097543,-958.7756135079374,-983.3197724032016,-975.4978499143994,-967.6861270229696,-960.316638949706,-952.505695812771,-944.7694069523604,-933.2483728609246,-921.52389191903,-909.9481985783927,-898.4005744890766,-886.6319541409425,-852.822136931327,-819.0344683799897,-785.3571045964277,-751.4553358876486,-718.0560007918089,-663.5868016359427,-608.9724384875022,-554.4597261836922,-499.9910162571922,-445.5916455460737,-397.2088244970833,-348.84942473018623,-300.49125012270736,-251.8740133822246,-203.7318339812036
"AIM 3.0","Very Low - SSP2","World","Climate Assessment|Harmonized and Infilled|Emissions|N2O","kt N2O/yr",1,,,,11289.003670665752,11337.254465986063,11385.532327826815,11178.053768471636,10970.474117892814,10762.801735838044,10555.020961488231,10347.148586854972,10006.335647943184,9665.903962966067,9325.859986136047,8986.197863033176,8646.925247864176,8595.610626968732,8544.306828901297,8493.010879557563,8441.711882107844,8390.419301069478,8310.77587063711,8231.175892168676,8151.621707711537,8072.108497602421,7992.6413876046945,7962.222483745466,7931.826352336144,7901.445458165997,7871.090543354245,7840.75784340945,7774.490237080855,7708.25925219278,7642.05453348272,7575.877139778588,7509.7311263505,7427.783867042567,7345.875693868371,7264.006864566334,7182.171990814043,7100.381381496296,7171.457205129711,7242.484731695376,7313.469955804754,7384.409582918361,7455.303773847994,7571.999663826271,7688.630412723909,7805.193044019616,7921.684690638804,8038.118633803917,8036.848392128287,8035.606110903858,8034.39805968152,8033.213366155069,8032.057068577209,8029.240453010847,8026.44881715583,8023.686182314402,8020.94929710282,8018.2451427263,8004.49120754877,7990.736666811801,7976.986779223621,7963.232482106761,7949.484787545367,7939.693197807404,7929.902813666282,7920.11046092835,7910.322397924761,7900.534409499203,7889.381001989836,7878.2275235343295,7867.075872551228,7855.92194929475,7844.770266961539,7846.920242864775,7849.072861167381,7851.227204200581,7853.377937580136,7855.530115521949
"AIM 3.0","Very Low - SSP2","World","Climate Assessment|Surface Temperature (GSAT)|33rd Percentile [MAGICC v7.6.0a3]","°C",1,1.1491,1.1657,1.1865,1.2107,1.2371,1.2629,1.2878,1.3112,1.3382,1.3629,1.387,1.4095,1.4314,1.4559,1.4822,1.5024,1.5141,1.522,1.5268,1.5306,1.5328,1.5326,1.533,1.5318,1.5333,1.5389,1.5445,1.5497,1.5534,1.5544,1.5497,1.5425,1.5363,1.5297,1.5257,1.5217,1.5195,1.516,1.5104,1.5041,1.495,1.4824,1.4675,1.4528,1.44,1.4281,1.4188,1.4123,1.4089,1.4039,1.3949,1.3836,1.3727,1.3604,1.3498,1.3388,1.3265,1.3194,1.3126,1.3076,1.3028,1.2991,1.2956,1.2904,1.2852,1.2787,1.2717,1.2652,1.2608,1.2566,1.2551,1.2546,1.256,1.2562,1.2514,1.244,1.2359,1.2298,1.2243,1.2186,1.2163
"AIM 3.0","Very Low - SSP2","World","Climate Assessment|Surface Temperature (GSAT)|67th Percentile [MAGICC v7.6.0a3]","°C",1,1.2622,1.2817,1.3037,1.3304,1.3644,1.3955,1.4273,1.4588,1.4909,1.5234,1.5569,1.5861,1.6149,1.6472,1.6793,1.7053,1.7239,1.7389,1.7483,1.7553,1.7597,1.7615,1.7632,1.7668,1.7728,1.7799,1.7913,1.7989,1.8047,1.8072,1.8044,1.7974,1.7933,1.7886,1.7837,1.7812,1.7813,1.78,1.7774,1.7727,1.7631,1.7502,1.7363,1.7222,1.7088,1.6959,1.6884,1.6836,1.6806,1.6751,1.6659,1.6529,1.6407,1.6265,1.6123,1.6022,1.5926,1.5844,1.5794,1.5762,1.5743,1.5726,1.5705,1.5667,1.5628,1.5587,1.5517,1.546,1.5403,1.5353,1.5357,1.5363,1.5375,1.5356,1.5314,1.526,1.5198,1.5132,1.5081,1.5048,1.502
"AIM 3.0","Very Low - SSP2","World","Climate Assessment|Surface Temperature (GSAT)|Median [MAGICC v7.6.0a3]","°C",1,1.2035,1.2215,1.2429,1.2685,1.2957,1.3233,1.3513,1.3807,1.4085,1.4402,1.4699,1.4979,1.524,1.5483,1.5752,1.5982,1.6155,1.6279,1.6381,1.6426,1.6479,1.6483,1.6491,1.6519,1.6553,1.6606,1.6665,1.6715,1.6758,1.6784,1.6746,1.6707,1.6646,1.6582,1.6526,1.6517,1.6511,1.6477,1.6436,1.637,1.6294,1.6168,1.6042,1.5886,1.5748,1.5633,1.555,1.5509,1.5463,1.5399,1.5304,1.5201,1.5072,1.4951,1.4826,1.4712,1.4627,1.4539,1.4485,1.443,1.4401,1.4387,1.4349,1.4294,1.4249,1.4185,1.4131,1.4078,1.403,1.3995,1.3982,1.3989,1.3985,1.3976,1.3923,1.3868,1.3798,1.3742,1.3685,1.3637,1.3609
"COFFEE 1.6","Low - SSP2","World","Climate Assessment|Effective Radiative Forcing|33rd Percentile [MAGICC v7.6.0a3]","W/m^2",1,2.566,2.556,2.6284,2.6921,2.7636,2.8076,2.8449,2.8814,2.9218,2.9608,3.0033,3.0524,3.1009,3.1628,3.2298,3.2663,3.3083,3.3236,3.3496,3.3538,3.3563,3.3586,3.3713,3.3882,3.4098,3.4512,3.4799,3.5119,3.5198,3.5058,3.4714,3.4428,3.423,3.4001,3.3916,3.4027,3.4142,3.4043,3.3982,3.3861,3.3552,3.3277,3.3012,3.2825,3.2654,3.251,3.2519,3.2565,3.2528,3.2256,3.1956,3.1542,3.1261,3.1008,3.0743,3.0486,3.0261,3.0133,3.0046,2.9972,2.9846,2.964,2.9446,2.9163,2.8925,2.8588,2.8325,2.812,2.7932,2.7861,2.7926,2.7903,2.7973,2.7667,2.7289,2.6939,2.6553,2.6313,2.6066,2.5935,2.5876
"COFFEE 1.6","Low - SSP2","World","Climate Assessment|Effective Radiative Forcing|67th Percentile [MAGICC v7.6.0a3]","W/m^2",1,2.8229,2.8276,2.9005,2.9543,3.0279,3.0698,3.1081,3.146,3.1906,3.2331,3.2752,3.3171,3.3647,3.4239,3.4903,3.5269,3.565,3.5764,3.6012,3.607,3.6097,3.6086,3.625,3.6399,3.6594,3.6905,3.7187,3.7431,3.748,3.7345,3.7057,3.6815,3.6631,3.6471,3.6414,3.6461,3.6544,3.6386,3.6293,3.6187,3.589,3.5635,3.5363,3.5184,3.503,3.4897,3.4898,3.4904,3.4804,3.4592,3.4276,3.3892,3.3621,3.3411,3.3127,3.2908,3.2693,3.2525,3.2464,3.2414,3.2339,3.2158,3.1954,3.1679,3.1441,3.1062,3.0794,3.0589,3.0434,3.0344,3.0393,3.035,3.0363,3.0083,2.9725,2.9389,2.9034,2.8776,2.8533,2.8413,2.8359
"COFFEE 1.6","Low - SSP2","World","Climate Assessment|Effective Radiative Forcing|Median [MAGICC v7.6.0a3]","W/m^2",1,2.6983,2.6998,2.7568,2.811,2.8854,2.9312,2.9669,2.9997,3.046,3.0877,3.133,3.1852,3.2338,3.2906,3.3561,3.3914,3.4305,3.4478,3.4699,3.4755,3.4785,3.4821,3.4933,3.5089,3.5288,3.567,3.5894,3.6214,3.6274,3.6181,3.5877,3.5651,3.5447,3.5279,3.524,3.5319,3.5408,3.5291,3.5197,3.5127,3.4817,3.4547,3.4241,3.4025,3.3853,3.3708,3.3769,3.3796,3.3704,3.3477,3.3182,3.2797,3.2538,3.2294,3.1996,3.1763,3.1532,3.1394,3.131,3.124,3.1113,3.092,3.0714,3.0442,3.0243,2.9893,2.9591,2.9403,2.9231,2.9188,2.923,2.92,2.9205,2.8923,2.8537,2.8205,2.7854,2.7599,2.7361,2.7245,2.7181
"COFFEE 1.6","Low - SSP2","World","Climate Assessment|Harmonized and Infilled|Emissions|CH4","Mt CH4/yr",1,,,,363.4899013289108,360.695286287928,357.9051721653139,356.7050198564827,355.5119594610081,354.32599097889005,353.1471144101285,351.97532975472365,345.1317970554281,338.2956704645626,331.46694998212746,324.64563560812246,317.83172734254777,315.420593889951,313.0146733046109,310.61396558652746,308.2184707357006,305.82818875213025,299.2584107884696,292.6940400843812,286.1350766398651,279.58152045492125,273.0333715295497,267.7542015197735,262.48193276468504,257.2165652642843,251.95809901857135,246.7065340275461,245.236271437308,243.7666837497491,242.2977709648694,240.8295330826689,239.3619701031476,237.89508202630557,236.42886885214267,234.96333058065892,233.4984672118545,232.0342787457292,229.76598319029264,227.49947571070769,225.2347563069743,222.9718249790925,220.71068172706228,218.4513265508836,216.1937594505565,213.93798042608097,211.68398947745703,209.43178660468465,207.25331127528776,205.07672913589693,202.902040186512,200.72924442713304,198.55834185776007,196.3893324783931,194.222216289032,192.05699328967697,189.89366348032783,187.7322268609847,186.6819462591098,185.6316656572349,184.58138505535996,183.53110445348503,182.4808238516101,181.4305432497352,180.38026264786032,179.3299820459854,178.27970144411046,177.22942084223556,175.87833045412316,174.5272400660107,173.1761496778983,171.8250592897859,170.47396890167352,169.12287851356112,167.77178812544872,166.4206977373363,165.0696073492239,163.7185169611115
"COFFEE 1.6","Low - SSP2","World","Climate Assessment|Harmonized and Infilled|Emissions|CO2","Mt CO2/yr",1,,,,42339.76770647963,42914.047247787385,43486.87494302315,43505.918875400384,43523.27672959406,43538.94850560418,43552.93420343074,43565.23382307373,41380.23275945654,39190.34120628973,36995.55916357329,34795.88663130723,32591.323609491526,31251.87856292285,29909.52855327952,28564.273580561505,27216.113644768822,25865.048745901466,24281.192925679843,22697.14842756125,21112.91525154568,19528.493397633127,17943.88286582361,16521.83385313568,15101.999005084386,13684.378321669728,12268.971802891709,10855.779448750322,9865.763738019476,8874.602311681503,7882.295169736402,6888.842312184172,5894.243739024811,4898.499450258321,3901.609445884704,2903.573725903957,1904.392290316081,904.0651391210786,203.802261703474,-496.7833767303,-1197.6917761802456,-1898.9229366463576,-2600.47685812864,-3302.353540627092,-4004.5529841417138,-4707.075188672504,-5409.920154219466,-6113.087880782599,-6310.085118672659,-6508.104871931639,-6707.147140559539,-6907.211924556367,-7107.920380241647,-7309.590937272264,-7512.281439778273,-7715.991887759678,-7920.72228121648,-8126.472620148676,-8359.152051015424,-8591.831481882171,-8824.510912748918,-9057.190343615664,-9289.869774482411,-9522.549205349158,-9755.228636215908,-9987.908067082655,-10220.5874979494,-10453.266928816149,-10785.753369259566,-11118.23980970299,-11450.726250146412,-11783.212690589831,-12115.699131033252,-12448.185571476672,-12780.672011920096,-13113.158452363516,-13445.64489280694,-13778.131333250358
"COFFEE 1.6","Low - SSP2","World","Climate Assessment|Harmonized and Infilled|Emissions|Kyoto Gases [AR6GWP100]","Mt CO2-equiv/yr",1,,,,57507.00308133636,57894.16988026806,58279.93367089189,58241.90483288164,58202.16126724521,58160.70297398262,58117.52995309386,58072.6422045789,55652.64361914261,53227.94105076362,50798.53449944195,48364.42396517761,45925.60944797057,44450.71770694277,42973.15773944493,41492.92954547703,40010.03312503909,38524.468478131086,36668.06617239824,34812.19666257083,32956.85994864888,31102.05603063237,29247.784908521324,27598.15552404854,25951.249110665507,24307.06566837221,22665.605197168665,21026.86769705485,19967.70744343554,18907.511318248307,17846.279321493155,16784.011453170082,15720.707713279086,14656.368101820171,13590.992618793338,12524.58126419858,11457.134038035909,10388.650940305311,9630.2940332677,8871.629942201005,8112.658667105225,7353.3802079803645,6593.794564826422,5833.901737643394,5073.701726431283,4313.19453119009,3552.3801519198114,2791.2585886204506,2530.269626415276,2268.3037861999983,2005.3610679746168,1741.441471739123,1476.9238411739957,1211.4897466223472,945.0813439541208,677.6986331693172,409.3416142679316,140.01028724996837,-124.53571526157252,-389.0817177731125,-653.6277202846538,-918.1737227961928,-1182.7197253077352,-1447.265727819272,-1711.811730330813,-1976.3577328423564,-2240.903735353893,-2505.4497378654323,-2870.437154363258,-3235.424570861089,-3600.4119873589148,-3965.399403856739,-4330.386820354564,-4695.374236852391,-5060.361653350219,-5425.349069848046,-5790.336486345872,-6155.323902843696
"COFFEE 1.6","Low - SSP2","World","Climate Assessment|Harmonized and Infilled|Emissions|N2O","kt N2O/yr",1,,,,11289.003670665756,11297.932163244875,11307.469248030877,11352.360973098315,11396.771625064606,11440.701203929744,11484.149709693733,11527.117142356572,11466.86950220875,11406.27359460728,11345.329419552156,11284.036977043375,11222.396267080949,11079.31093350468,10936.19744715288,10793.055808025554,10649.886016122697,10506.688071444312,10446.661586077917,10387.480188884934,10329.143879865367,10271.652659019212,10215.006526346471,10180.394510680122,10145.771462341636,10111.137381331018,10076.492267648267,10041.83612129338,10056.155760173147,10070.331381927272,10084.362986555763,10098.250574058611,10111.994144435825,10125.593697687396,10139.049233813332,10152.360752813627,10165.52825468829,10178.55173943731,10208.570400332032,10238.428241346965,10268.125262482092,10297.66146373742,10327.03684511295,10356.25140660868,10385.305148224608,10414.198069960745,10442.930171817072,10471.501453793608,10469.455158052642,10467.336498986651,10465.145476595648,10462.882090879611,10460.546341838564,10458.13822947249,10455.657753781394,10453.104914765276,10450.479712424138,10447.78214675798,10445.664312632229,10443.546478506476,10441.42864438072,10439.31081025497,10437.19297612922,10435.075142003468,10432.957307877718,10430.83947375196,10428.721639626214,10426.60380550046,10452.78002843673,10478.956251373,10505.132474309272,10531.308697245542,10557.484920181814,10583.661143118085,10609.837366054357,10636.013588990623,10662.189811926895,10688.366034863166
"COFFEE 1.6","Low - SSP2","World","Climate Assessment|Surface Temperature (GSAT)|33rd Percentile [MAGICC v7.6.0a3]","°C",1,1.1491,1.1657,1.1865,1.2109,1.2379,1.2626,1.2839,1.304,1.323,1.343,1.3629,1.3852,1.4078,1.4303,1.4553,1.4795,1.5035,1.5228,1.5382,1.5545,1.5671,1.5747,1.5829,1.5942,1.6041,1.6165,1.6286,1.6418,1.6559,1.6664,1.6675,1.6689,1.6667,1.6642,1.6651,1.6681,1.672,1.674,1.6741,1.6731,1.6701,1.6641,1.658,1.653,1.6482,1.643,1.6396,1.6375,1.6364,1.6324,1.6277,1.6203,1.6125,1.605,1.5966,1.5868,1.577,1.5691,1.5621,1.5572,1.5528,1.5475,1.5412,1.5336,1.5268,1.5176,1.5072,1.4982,1.4903,1.483,1.4776,1.4758,1.4704,1.4641,1.4549,1.4457,1.4357,1.426,1.4132,1.4026,1.3931
"COFFEE 1.6","Low - SSP2","World","Climate Assessment|Surface Temperature (GSAT)|67th Percentile [MAGICC v7.6.0a3]","°C",1,1.2622,1.2817,1.3037,1.3307,1.3642,1.3936,1.4221,1.448,1.4728,1.4969,1.5215,1.552,1.5803,1.6098,1.6425,1.674,1.7012,1.7268,1.7489,1.7684,1.7835,1.7965,1.8089,1.8232,1.8396,1.8582,1.8762,1.8935,1.9109,1.9205,1.9277,1.9327,1.9358,1.9354,1.9358,1.9406,1.947,1.9517,1.9556,1.9598,1.957,1.9498,1.9453,1.9418,1.9384,1.9346,1.934,1.9358,1.9372,1.936,1.9316,1.9238,1.9146,1.9078,1.8996,1.8906,1.8801,1.8731,1.8686,1.8642,1.8597,1.8543,1.8488,1.8411,1.833,1.8242,1.8144,1.8047,1.7962,1.7898,1.7875,1.7846,1.7842,1.7786,1.7705,1.7598,1.7496,1.7386,1.7283,1.7187,1.7119
"COFFEE 1.6","Low - SSP2","World","Climate Assessment|Surface Temperature (GSAT)|Median [MAGICC v7.6.0a3]","°C",1,1.2035,1.2215,1.2429,1.2683,1.2963,1.3221,1.3459,1.366,1.3894,1.414,1.4403,1.4656,1.4893,1.515,1.5449,1.5715,1.5971,1.6193,1.6389,1.658,1.673,1.6864,1.698,1.7097,1.7202,1.737,1.7556,1.7734,1.7877,1.7946,1.7978,1.7995,1.7977,1.7971,1.7976,1.8003,1.8037,1.8077,1.8122,1.8128,1.8123,1.808,1.8006,1.7949,1.7909,1.7884,1.7885,1.7886,1.7871,1.7863,1.7815,1.7738,1.765,1.7548,1.7471,1.7382,1.7297,1.7221,1.7158,1.712,1.7092,1.7048,1.6984,1.69,1.6821,1.6715,1.6607,1.6508,1.6414,1.6344,1.6311,1.6289,1.627,1.6232,1.6144,1.604,1.5914,1.5783,1.5664,1.5578,1.5507
"COFFEE 1.6","Low-to-Negative - SSP2","World","Climate Assessment|Effective Radiative Forcing|33rd Percentile [MAGICC v7.6.0a3]","W/m^2",1,2.566,2.556,2.6284,2.6921,2.7636,2.8076,2.8449,2.8815,2.9219,2.9609,3.0029,3.0509,3.0993,3.1619,3.232,3.2692,3.3153,3.331,3.3615,3.3673,3.3721,3.3806,3.3995,3.4194,3.4439,3.4862,3.5151,3.5432,3.5448,3.525,3.4867,3.4572,3.4331,3.4103,3.4012,3.405,3.4116,3.3955,3.3807,3.3608,3.3179,3.2766,3.2356,3.2028,3.1745,3.1549,3.1491,3.1429,3.1251,3.0911,3.0487,3.0043,2.9645,2.9317,2.8932,2.8644,2.8295,2.805,2.7883,2.7745,2.7556,2.7266,2.6955,2.6543,2.6206,2.5759,2.5386,2.5068,2.4776,2.4621,2.453,2.4354,2.4276,2.3861,2.3375,2.2932,2.2476,2.2129,2.1782,2.1549,2.1433
"COFFEE 1.6","Low-to-Negative - SSP2","World","Climate Assessment|Effective Radiative Forcing|67th Percentile [MAGICC v7.6.0a3]","W/m^2",1,2.8229,2.8276,2.9005,2.9543,3.0279,3.0699,3.1082,3.146,3.1907,3.2332,3.2751,3.3167,3.3627,3.4245,3.4906,3.5316,3.5734,3.5857,3.6137,3.6218,3.6277,3.6325,3.6511,3.6701,3.6934,3.7266,3.7522,3.7724,3.7765,3.7585,3.7251,3.6988,3.6784,3.6587,3.6472,3.6457,3.6433,3.6252,3.6064,3.5918,3.5502,3.5111,3.4752,3.4483,3.4227,3.3998,3.3905,3.3779,3.3597,3.3267,3.289,3.2449,3.2069,3.1713,3.1323,3.1013,3.0711,3.0453,3.0276,3.0119,2.9919,2.9637,2.9341,2.8919,2.8598,2.8149,2.7761,2.7472,2.7195,2.7007,2.6904,2.6754,2.6615,2.6229,2.5748,2.5302,2.485,2.4483,2.4098,2.3844,2.3704
"COFFEE 1.6","Low-to-Negative - SSP2","World","Climate Assessment|Effective Radiative Forcing|Median [MAGICC v7.6.0a3]","W/m^2",1,2.6983,2.6998,2.7568,2.811,2.8854,2.9312,2.967,2.9997,3.046,3.0878,3.1326,3.1837,3.2334,3.291,3.3594,3.3955,3.4384,3.4586,3.4828,3.4889,3.4957,3.5047,3.5205,3.5384,3.5649,3.6,3.6237,3.6518,3.6564,3.6415,3.6096,3.5867,3.5629,3.5402,3.53,3.5329,3.5367,3.5203,3.5046,3.4887,3.4451,3.4001,3.3612,3.332,3.3039,3.281,3.2762,3.2735,3.2525,3.2246,3.1843,3.135,3.097,3.0611,3.022,2.9876,2.9555,2.9296,2.9141,2.8975,2.8765,2.8486,2.8186,2.7804,2.7473,2.7012,2.6642,2.6334,2.6064,2.5896,2.5761,2.5599,2.5491,2.5098,2.4629,2.4171,2.371,2.335,2.2998,2.2723,2.2575
"COFFEE 1.6","Low-to-Negative - SSP2","World","Climate Assessment|Harmonized and Infilled|Emissions|CH4","Mt CH4/yr",1,,,,363.4899013289108,360.69524563035486,357.9050908501677,356.7048833720376,355.51176780726405,354.32574415584713,353.1468124177867,351.97497259308284,345.68381636208,339.39886334422533,333.120113539519,326.847566947961,320.5812235695513,317.4226752663859,314.2701876924078,311.12376084761684,307.9833947320131,304.84908934559667,297.47315062040377,290.103574853098,282.74036204367934,275.38351219214786,268.0330252985035,263.14748076751755,258.2698265211997,253.40006255954984,248.53818888256808,243.6842054902544,240.4770981112836,237.27093297461877,234.06571008025983,230.8614294282069,227.6580910184598,224.4556948510188,221.25424092588364,218.0537292430544,214.8541598025312,211.65553260431383,209.2742506567197,206.8951082184084,204.51810528938,202.1432418696344,199.77051795917168,197.3999335579918,195.03148866609484,192.6651832834807,190.30101741014937,187.9389910461009,186.7853439858339,185.63289052673244,184.48163066879653,183.33156441202613,182.1826917564213,181.035012701982,179.88852724870824,178.74323539660003,177.59913714565738,176.45623249588027,174.27002779786363,172.08382309984705,169.89761840183047,167.71141370381386,165.52520900579725,163.33900430778067,161.1527996097641,158.9665949117475,156.78039021373087,154.5941855157143,152.0437987589842,149.4934120022541,146.94302524552398,144.39263848879392,141.8422517320638,139.29186497533374,136.74147821860365,134.19109146187355,131.64070470514346,129.09031794841337
"COFFEE 1.6","Low-to-Negative - SSP2","World","Climate Assessment|Harmonized and Infilled|Emissions|CO2","Mt CO2/yr",1,,,,42339.76770647963,42914.31289986374,43487.4590497514,43508.78634624518,43528.40954835728,43546.32865608772,43562.54366943648,43577.05458840355,41841.72617786416,40105.00112937045,38366.87944292244,36627.36111852014,34886.44615616353,33392.07037836517,31890.80362311138,30382.64589040214,28867.59718023745,27345.657492617327,25728.691644133614,24113.95729601181,22501.45444825188,20891.18310085384,19283.14325381768,17152.439687660364,15022.220406558909,12892.485410513322,10763.234699523608,8634.46827358977,7160.334266082855,5685.664073698476,4210.45769643663,2734.7151342973125,1258.436387280526,-218.37854461372444,-1695.7296613854464,-3173.6169630346376,-4652.040449561296,-6128.966508283384,-6887.37800961004,-7646.182515377192,-8405.380025584838,-9164.970540232978,-9924.954059321615,-10685.330582850747,-11446.10011082037,-12207.262643230491,-12968.818180081107,-13730.617848136497,-14214.762151628627,-14699.828730908408,-15185.817585975828,-15672.72871683089,-16160.5621234736,-16649.31780590395,-17138.995764121937,-17629.595998127574,-18121.11850792085,-18613.563293501764,-18776.108840079927,-18938.65438665809,-19101.19993323626,-19263.745479814424,-19425.301646941585,-19586.63789185675,-19747.97413677191,-19909.31038168707,-20070.646626602236,-20231.9828715174,-20372.049968409978,-20512.117065302555,-20652.18416219513,-20792.25125908771,-20932.31835598029,-21072.38545287286,-21212.45254976544,-21352.519646658016,-21492.586743550597,-21632.65384044317
"COFFEE 1.6","Low-to-Negative - SSP2","World","Climate Assessment|Harmonized and Infilled|Emissions|Kyoto Gases [AR6GWP100]","Mt CO2-equiv/yr",1,,,,57507.00308133636,57894.57646085605,58280.79963464341,58246.29862790987,58210.06798366879,58172.1077019202,58132.41778266407,58090.9982259004,56139.09107390243,54185.92914060621,52231.51242601171,50275.84093011895,48318.91465292793,46670.77619706693,45015.9838732663,43354.537681526,41686.43762184605,40011.683694226456,38082.03697383416,36155.50498102757,34232.087715806694,32311.78517817154,30394.597368122093,28058.979284695142,25724.27219367673,23390.476095066853,21057.59098886552,18725.616875072727,17137.34204015871,15548.654092379033,13959.553031733694,12370.038858222691,10780.111571846022,9189.7711726037,7599.01766049571,6007.851035522054,4416.27129768274,2826.3120596598,2011.6542319288037,1196.606755467813,381.1696302768295,-434.6571436441491,-1250.8735662951235,-2067.479637676093,-2884.4753577870506,-3701.860726628008,-4519.635744198959,-5337.651537264182,-5849.274755757255,-6361.827027220604,-6875.308351654225,-7389.718729058125,-7905.058159432298,-8421.326642776747,-8938.524179091464,-9456.65076837646,-9975.70641063173,-10495.69110585727,-10724.251479875746,-10952.811853894224,-11181.372227912709,-11409.932601931185,-11637.503596498658,-11864.854668854136,-12092.20574120961,-12319.556813565085,-12546.90788592056,-12774.25895827604,-12987.857537107806,-13201.456115939567,-13415.054694771336,-13628.6532736031,-13842.251852434863,-14055.850431266626,-14269.449010098391,-14483.047588930156,-14696.64616776192,-14910.244746593686
"COFFEE 1.6","Low-to-Negative - SSP2","World","Climate Assessment|Harmonized and Infilled|Emissions|N2O","kt N2O/yr",1,,,,11289.003670665756,11298.4525400138,11308.510001568728,11353.312600182498,11397.634125695118,11441.474578106589,11484.833957416906,11527.712263626076,11475.91284910465,11423.783230436176,11371.32340762065,11318.533380658067,11265.413149548436,11120.79074947152,10976.09808136083,10831.335145216362,10686.501941038126,10541.598468826112,10437.444764909658,10334.48454246812,10232.717801501502,10132.1445420098,10032.764763993018,10035.58770606608,10038.06791595344,10040.205393655098,10042.000139171056,10043.45215250131,10075.9565423223,10108.318468440397,10140.537930855591,10172.614929567892,10204.549464577303,10236.341535883816,10267.99114348743,10299.498287388147,10330.862967585974,10362.085184080905,10409.004114268191,10455.683893899308,10502.12452297425,10548.326001493017,10594.288329455609,10640.011506862029,10685.49553371227,10730.74041000634,10775.746135744235,10820.512710925956,10847.113817385183,10873.52244225184,10899.738585525924,10925.762247207436,10951.593427296382,10977.232125792754,11002.67834269656,11027.932078007792,11052.993331726457,11077.862103852549,11066.490869969635,11055.119636086723,11043.748402203812,11032.377168320902,11021.005934437988,11009.634700555078,10998.263466672162,10986.892232789252,10975.52099890634,10964.149765023429,10962.493996632536,10960.838228241644,10959.182459850754,10957.52669145986,10955.87092306897,10954.21515467808,10952.559386287188,10950.903617896296,10949.247849505407,10947.592081114512
"COFFEE 1.6","Low-to-Negative - SSP2","World","Climate Assessment|Surface Temperature (GSAT)|33rd Percentile [MAGICC v7.6.0a3]","°C",1,1.1491,1.1657,1.1865,1.2109,1.2379,1.2626,1.2839,1.304,1.323,1.3431,1.3629,1.3851,1.4075,1.43,1.4553,1.4801,1.5048,1.5248,1.5413,1.5586,1.5724,1.5814,1.5908,1.6025,1.6146,1.6284,1.6419,1.6552,1.6663,1.677,1.6777,1.6778,1.6769,1.6738,1.6719,1.6732,1.6736,1.6725,1.6684,1.6664,1.6612,1.653,1.6422,1.6327,1.6243,1.6136,1.6074,1.6013,1.5957,1.5903,1.5811,1.5684,1.5561,1.5425,1.5271,1.5123,1.498,1.4843,1.4733,1.4642,1.4566,1.447,1.4364,1.4248,1.4132,1.3995,1.3787,1.3647,1.3499,1.3383,1.3291,1.32,1.311,1.2994,1.2872,1.2701,1.2537,1.2372,1.222,1.2076,1.1932
"COFFEE 1.6","Low-to-Negative - SSP2","World","Climate Assessment|Surface Temperature (GSAT)|67th Percentile [MAGICC v7.6.0a3]","°C",1,1.2622,1.2817,1.3037,1.3307,1.3642,1.3936,1.4221,1.448,1.4729,1.497,1.5215,1.5518,1.5799,1.6094,1.6426,1.6739,1.7021,1.728,1.7511,1.7719,1.788,1.803,1.8178,1.834,1.8512,1.8702,1.8886,1.9069,1.9219,1.9325,1.9389,1.9435,1.9456,1.9413,1.9429,1.9445,1.9483,1.9523,1.9536,1.9534,1.9482,1.941,1.933,1.9249,1.9159,1.9094,1.9041,1.8989,1.8949,1.8894,1.8795,1.8671,1.8539,1.8401,1.828,1.8162,1.8036,1.7916,1.7803,1.7694,1.7587,1.7473,1.7357,1.7231,1.7092,1.694,1.6774,1.6608,1.6478,1.6366,1.6289,1.6195,1.6103,1.5983,1.5836,1.5676,1.5498,1.5336,1.5186,1.502,1.4878
"COFFEE 1.6","Low-to-Negative - SSP2","World","Climate Assessment|Surface Temperature (GSAT)|Median [MAGICC v7.6.0a3]","°C",1,1.2035,1.2215,1.2429,1.2683,1.2963,1.3222,1.3459,1.3661,1.3894,1.4141,1.4403,1.4653,1.4889,1.5148,1.5452,1.572,1.5985,1.6213,1.6416,1.6603,1.6777,1.693,1.7065,1.7197,1.7311,1.7495,1.7696,1.7848,1.7973,1.804,1.8088,1.8091,1.8067,1.8049,1.8034,1.8044,1.8087,1.8115,1.8124,1.8113,1.8057,1.7981,1.7893,1.7785,1.7687,1.7601,1.7563,1.7537,1.7492,1.7408,1.7299,1.7179,1.7061,1.6914,1.6772,1.6634,1.6499,1.6374,1.6278,1.617,1.609,1.5998,1.5896,1.5754,1.562,1.5462,1.5291,1.516,1.5033,1.4913,1.4818,1.4709,1.4615,1.4511,1.4367,1.4193,1.4009,1.384,1.3683,1.3534,1.341
"COFFEE 1.6","Medium - SSP2","World","Climate Assessment|Effective Radiative Forcing|33rd Percentile [MAGICC v7.6.0a3]","W/m^2",1,2.566,2.556,2.6284,2.692,2.7633,2.8072,2.8444,2.881,2.9213,2.9601,2.999,3.0341,3.0791,3.137,3.1998,3.2417,3.2872,3.3054,3.3354,3.3481,3.3685,3.3913,3.423,3.4608,3.5055,3.5665,3.6257,3.681,3.7217,3.7372,3.7412,3.7549,3.7712,3.7894,3.8234,3.8691,3.9151,3.9449,3.9753,4.0043,4.0121,4.0258,4.0416,4.0631,4.0869,4.121,4.1659,4.2086,4.2485,4.2713,4.2863,4.2982,4.3154,4.3349,4.3505,4.3731,4.3905,4.4209,4.4602,4.5018,4.5355,4.5586,4.5803,4.5931,4.6089,4.6108,4.6241,4.6463,4.6729,4.7027,4.7465,4.7868,4.8352,4.8458,4.846,4.8547,4.8601,4.8758,4.8936,4.9254,4.9622
"COFFEE 1.6","Medium - SSP2","World","Climate Assessment|Effective Radiative Forcing|67th Percentile [MAGICC v7.6.0a3]","W/m^2",1,2.8229,2.8276,2.9005,2.9543,3.0276,3.0696,3.1076,3.1456,3.1907,3.2328,3.2706,3.3032,3.3433,3.4008,3.467,3.5083,3.5518,3.5723,3.6023,3.6107,3.6275,3.6519,3.6829,3.7246,3.7696,3.8314,3.8841,3.9376,3.978,3.9925,4.0018,4.0137,4.027,4.048,4.0824,4.1325,4.1819,4.2151,4.251,4.2808,4.2921,4.3062,4.3228,4.3465,4.3735,4.4025,4.453,4.5031,4.5436,4.567,4.5823,4.5966,4.6171,4.6389,4.6566,4.6782,4.6943,4.7249,4.7634,4.7973,4.831,4.8588,4.8826,4.8973,4.9201,4.9296,4.9449,4.9673,4.9935,5.0296,5.0743,5.1106,5.152,5.1648,5.1759,5.1877,5.1978,5.2143,5.2352,5.2654,5.3015
"COFFEE 1.6","Medium - SSP2","World","Climate Assessment|Effective Radiative Forcing|Median [MAGICC v7.6.0a3]","W/m^2",1,2.6983,2.6998,2.7568,2.8109,2.8852,2.9307,2.9662,2.9992,3.0456,3.0874,3.1278,3.1661,3.2103,3.2687,3.3321,3.3693,3.4227,3.4391,3.4686,3.4772,3.4941,3.5154,3.5502,3.5892,3.631,3.6928,3.7475,3.806,3.843,3.8554,3.8582,3.8725,3.8906,3.91,3.9425,3.9886,4.0396,4.0738,4.1059,4.14,4.1522,4.1632,4.1793,4.2044,4.2297,4.2596,4.3155,4.3608,4.403,4.4254,4.44,4.4464,4.4655,4.4841,4.5005,4.5237,4.547,4.5763,4.6125,4.6501,4.6834,4.709,4.7339,4.7505,4.7688,4.7747,4.7859,4.8085,4.8325,4.8711,4.913,4.9511,4.9944,5.0078,5.0157,5.026,5.0361,5.0527,5.0702,5.1013,5.1379
"COFFEE 1.6","Medium - SSP2","World","Climate Assessment|Harmonized and Infilled|Emissions|CH4","Mt CH4/yr",1,,,,363.4899013289108,360.9326233131506,358.37984621575924,357.0211564265723,355.66955855074184,354.325052588268,352.9876385391507,351.65731640339004,349.9304169270629,348.2049347687676,346.4808699285042,344.7582224062726,343.03699220207284,342.3049398100728,341.5741701110339,340.8446831049561,340.1164787918394,339.38955717168403,339.449869350792,339.5170793848502,339.5911872738585,339.6721930178169,339.7600966167254,338.2192398768165,336.68223448201843,335.14908043233083,333.6197777277538,332.0943263682874,331.29625745336426,330.4994724487022,329.7039713543012,328.90975417016114,328.11682089628226,327.32517153266434,326.5348060793076,325.7457245362118,324.95792690337703,324.1714131808034,323.9595551352712,323.7486995135064,323.5388463155091,323.3299955412792,323.1221471908167,322.9153012641217,322.70945776119424,322.50461668203417,322.3007780266415,322.0979417950164,320.61274168497255,319.12831850849454,317.64467226558247,316.1618029562362,314.6797105804558,313.19839513824127,311.7178566295925,310.2380950545097,308.75911041299264,307.28090270504146,305.1817377372733,303.08257276950525,300.98340780173714,298.88424283396904,296.78507786620094,294.6859128984328,292.58674793066467,290.48758296289657,288.38841799512846,286.2892530273604,284.67130583460124,283.0533586418421,281.435411449083,279.81746425632383,278.1995170635647,276.5815698708056,274.96362267804653,273.3456754852874,271.7277282925283,270.1097810997691
"COFFEE 1.6","Medium - SSP2","World","Climate Assessment|Harmonized and Infilled|Emissions|CO2","Mt CO2/yr",1,,,,42339.76770647963,42913.12160460107,43485.03900316476,43502.77340743701,43518.85243477873,43533.27608518994,43546.04435867062,43557.15725522075,42970.00614250824,42385.86554868456,41804.73547374973,41226.61591770374,40651.5068805466,40433.36366625839,40218.445221749855,40006.751547021,39798.282642071805,39593.03850690229,39354.52070605282,39116.09650595727,38877.765906615634,38639.52890802792,38401.38551019412,38243.18036889325,38084.59671850768,37925.63455903742,37766.293890482455,37606.5747128428,37680.2447602144,37754.1714113901,37828.35466636994,37902.79452515389,37977.49098774194,38052.4440541341,38127.6537243304,38203.1199983308,38278.84287613532,38354.82235774394,38405.673122843866,38455.04356148075,38502.93367365461,38549.34345936544,38594.27291861324,38637.72205139801,38679.69085771976,38720.179337578455,38759.18749097415,38796.71531790679,38658.88078612462,38519.18235349272,38377.62002001109,38234.19378567972,38088.90365049865,37941.74961446783,37792.7316775873,37641.84983985703,37489.10410127704,37334.49446184731,37284.4890388702,37234.483615893085,37184.478192915965,37134.47276993885,37084.46734696173,37034.46192398463,36984.45650100751,36934.4510780304,36884.44565505328,36834.440232076166,36946.657580078085,37058.87492808002,37171.092276081945,37283.30962408386,37395.52697208579,37507.74432008772,37619.96166808965,37732.17901609158,37844.396364093496,37956.61371209542
"COFFEE 1.6","Medium - SSP2","World","Climate Assessment|Harmonized and Infilled|Emissions|Kyoto Gases [AR6GWP100]","Mt CO2-equiv/yr",1,,,,57507.00308133636,57901.60385380036,58294.81592642111,58301.14344365231,58305.62225859276,58308.253048849794,58309.036492030704,58307.971232920856,57674.272859238896,57043.52220732117,56415.71986184372,55790.86668373854,55168.96122739763,54918.81241033866,54671.92907376815,54428.31796121563,54187.96930776876,53950.88676399203,53644.464545989096,53338.738509513634,53033.701767118495,52729.3625346398,52425.71194545975,52202.8655010227,51979.78299840486,51756.46443760621,51532.91049623408,51309.11981907384,51335.835886371846,51362.90809921907,51390.33319072544,51418.1181052095,51446.25866452336,51474.76837342933,51503.63069391823,51532.84861697863,51562.42286102972,51592.3569604613,51643.361584342056,51692.82902999175,51740.75975060809,51787.149112897765,51832.00239585989,51875.32104678742,51917.10289728046,51957.34668698019,51996.051922575934,52033.21823801238,51854.143220003614,51673.18257219941,51490.33383968308,51305.596854256175,51118.97673461496,50930.444927182216,50740.0282737725,50547.72783499851,50353.53768913712,50157.460293550736,50051.30508407712,49945.1489847824,49838.99704144191,49732.8409421472,49626.68573267357,49520.91904501503,49415.14820140225,49309.37757000326,49203.60761621156,49097.84092855302,49168.54669330536,49239.25572419084,49309.96081133586,49380.66984222133,49451.37560697367,49522.10545844216,49592.83268057297,49663.55926590831,49734.28581043179,49805.01235495527
"COFFEE 1.6","Medium - SSP2","World","Climate Assessment|Harmonized and Infilled|Emissions|N2O","kt N2O/yr",1,,,,11289.003670665756,11297.980213948844,11307.565349438812,11352.35071345626,11396.655004372558,11440.478222187709,11483.8203669017,11526.681438514546,11585.079406995084,11643.077385487046,11700.675373990429,11757.87337250523,11814.67138103145,11862.063210679153,11909.235893625257,11956.189429869772,12002.923819412696,12049.43906225403,12015.2072385623,11981.492231254317,11948.29404033009,11915.61266578961,11883.448107632885,11904.75557008964,11925.84359006227,11946.712167550771,11967.36130255514,11987.790995075378,12000.199868202497,12012.532103113,12024.787699806897,12036.966658284173,12049.068978544845,12061.094660588904,12073.043704416348,12084.916110027183,12096.711877421409,12108.431006599018,12125.493567353797,12142.364888922068,12159.04497130383,12175.533814499086,12191.831418507834,12207.937783330071,12223.852908965802,12239.576795415023,12255.109442677738,12270.450850753949,12275.407689743455,12280.21524715365,12284.873522984524,12289.382517236085,12293.74222990832,12297.952661001242,12302.013810514847,12305.925678449135,12309.6882648041,12313.301569579751,12316.005189391592,12318.708809203432,12321.41242901527,12324.116048827109,12326.81966863895,12329.52328845079,12332.22690826263,12334.930528074468,12337.634147886309,12340.337767698147,12341.646986720363,12342.95620574258,12344.265424764795,12345.574643787011,12346.883862809224,12348.19308183144,12349.502300853655,12350.811519875871,12352.120738898087,12353.429957920303
"COFFEE 1.6","Medium - SSP2","World","Climate Assessment|Surface Temperature (GSAT)|33rd Percentile [MAGICC v7.6.0a3]","°C",1,1.1491,1.1657,1.1865,1.2109,1.2379,1.2625,1.2838,1.3037,1.3229,1.3429,1.3624,1.3828,1.4033,1.4243,1.4484,1.4727,1.4956,1.5151,1.5347,1.5527,1.5682,1.5815,1.5975,1.6154,1.6336,1.6536,1.6782,1.704,1.7284,1.7484,1.7655,1.7777,1.7884,1.803,1.8161,1.8326,1.853,1.8737,1.8938,1.9118,1.9265,1.9415,1.9547,1.9691,1.9829,1.9963,2.013,2.0327,2.0519,2.0698,2.0844,2.098,2.1099,2.1221,2.1354,2.1485,2.1607,2.1732,2.1881,2.2044,2.2214,2.2377,2.2535,2.2657,2.279,2.2908,2.3019,2.3136,2.3262,2.3416,2.3586,2.3768,2.3942,2.4096,2.4216,2.4339,2.4435,2.4532,2.464,2.4756,2.4902
"COFFEE 1.6","Medium - SSP2","World","Climate Assessment|Surface Temperature (GSAT)|67th Percentile [MAGICC v7.6.0a3]","°C",1,1.2622,1.2817,1.3037,1.3307,1.3641,1.3935,1.4219,1.4479,1.4727,1.4968,1.5206,1.5487,1.5741,1.6005,1.6313,1.6618,1.6906,1.7142,1.7375,1.7581,1.7756,1.7927,1.8143,1.8366,1.8601,1.8868,1.9147,1.9461,1.9752,2,2.0201,2.0387,2.0561,2.0754,2.0946,2.1177,2.1418,2.1652,2.1868,2.2087,2.2285,2.246,2.2641,2.2816,2.2997,2.3182,2.3399,2.3634,2.3866,2.4093,2.428,2.4476,2.4631,2.4793,2.495,2.5117,2.5276,2.5464,2.5681,2.5927,2.6156,2.6345,2.6546,2.672,2.6877,2.7038,2.7193,2.7358,2.7533,2.7695,2.789,2.8107,2.8337,2.8554,2.8731,2.8888,2.9029,2.9175,2.9341,2.9526,2.971
"COFFEE 1.6","Medium - SSP2","World","Climate Assessment|Surface Temperature (GSAT)|Median [MAGICC v7.6.0a3]","°C",1,1.2035,1.2215,1.2429,1.2683,1.2962,1.322,1.3458,1.3659,1.3892,1.4137,1.439,1.4622,1.4842,1.5087,1.5371,1.5632,1.5884,1.6108,1.6322,1.6514,1.6692,1.6857,1.7036,1.7243,1.7459,1.7712,1.7969,1.8249,1.8506,1.8736,1.8911,1.9065,1.9208,1.9347,1.952,1.9724,1.9949,2.0174,2.0377,2.056,2.0726,2.0874,2.1023,2.1198,2.1351,2.1492,2.1703,2.1922,2.2137,2.2319,2.2502,2.2644,2.2794,2.2941,2.309,2.3241,2.3384,2.3531,2.3702,2.3901,2.4089,2.4268,2.4435,2.4585,2.4734,2.4876,2.502,2.5172,2.5331,2.5501,2.5694,2.5901,2.611,2.6297,2.6466,2.6628,2.6764,2.6896,2.704,2.7203,2.7388
"COFFEE 1.6","Medium-to-Low - SSP2 (Marker)","World","Climate Assessment|Effective Radiative Forcing|33rd Percentile [MAGICC v7.6.0a3]","W/m^2",1,2.566,2.556,2.6284,2.6921,2.7621,2.8061,2.8452,2.8811,2.9216,2.9576,2.9942,3.0255,3.0685,3.1237,3.1857,3.2246,3.2688,3.2864,3.315,3.3236,3.34,3.3609,3.3932,3.434,3.4807,3.5448,3.6048,3.6645,3.7053,3.7265,3.7336,3.7478,3.7633,3.7818,3.8117,3.8496,3.8913,3.9147,3.9358,3.9572,3.9581,3.9602,3.9659,3.9742,3.9854,4.0008,4.0356,4.0682,4.0876,4.0938,4.0891,4.0757,4.0714,4.0674,4.0568,4.0534,4.0488,4.0545,4.0678,4.0785,4.0864,4.0852,4.0814,4.0693,4.058,4.0315,4.0176,4.0091,3.9989,4.0029,4.0098,4.0143,4.02,3.9937,3.9555,3.9289,3.8995,3.8777,3.8536,3.8377,3.83
"COFFEE 1.6","Medium-to-Low - SSP2 (Marker)","World","Climate Assessment|Effective Radiative Forcing|67th Percentile [MAGICC v7.6.0a3]","W/m^2",1,2.8229,2.8276,2.9005,2.954,3.0267,3.0684,3.1083,3.1447,3.1885,3.2288,3.2659,3.2972,3.3336,3.3851,3.4511,3.4896,3.5322,3.5493,3.5784,3.5891,3.5999,3.6229,3.6549,3.6946,3.7418,3.8085,3.8665,3.926,3.9654,3.9831,3.9891,4.0061,4.0183,4.0393,4.0688,4.1143,4.1567,4.1824,4.2084,4.2329,4.234,4.2402,4.2427,4.2565,4.273,4.2852,4.3116,4.3426,4.3641,4.3752,4.3729,4.3621,4.3585,4.3554,4.3483,4.3469,4.3402,4.3455,4.3576,4.3704,4.3759,4.3726,4.3702,4.3562,4.3469,4.3246,4.3096,4.301,4.2932,4.2943,4.2998,4.2995,4.3045,4.2786,4.2518,4.2214,4.1869,4.1682,4.1434,4.1346,4.1272
"COFFEE 1.6","Medium-to-Low - SSP2 (Marker)","World","Climate Assessment|Effective Radiative Forcing|Median [MAGICC v7.6.0a3]","W/m^2",1,2.6983,2.6998,2.7568,2.8108,2.8848,2.9297,2.9651,2.9989,3.0434,3.0844,3.1239,3.1552,3.1984,3.2534,3.3154,3.3505,3.3963,3.4175,3.4491,3.4549,3.4691,3.488,3.5198,3.5597,3.607,3.673,3.7313,3.7906,3.8287,3.846,3.8492,3.8631,3.8815,3.9007,3.929,3.9708,4.0189,4.0445,4.0728,4.0958,4.097,4.0992,4.1059,4.1146,4.1281,4.1477,4.1845,4.2178,4.2388,4.2428,4.2374,4.2227,4.2189,4.2142,4.2048,4.2039,4.2006,4.2031,4.2184,4.2321,4.2406,4.2405,4.2374,4.2202,4.209,4.1886,4.1682,4.1558,4.1453,4.143,4.1488,4.149,4.1571,4.131,4.0959,4.0694,4.0326,4.0097,3.9852,3.9757,3.9699
"COFFEE 1.6","Medium-to-Low - SSP2 (Marker)","World","Climate Assessment|Harmonized and Infilled|Emissions|CH4","Mt CH4/yr",1,,,,363.4899013289108,360.8607177793296,358.2355265051269,357.4788876169372,356.7278636468529,355.982454594874,355.2426604610006,354.50848124523264,354.2166507831706,353.92447412863675,353.63195128163096,353.3390822421535,353.04586701020395,351.54243798087026,350.0393677621298,348.5366563539826,347.0343037564286,345.53230996946775,345.62724142253245,345.72732959732025,345.8325744938311,345.9429761120652,346.0585344520224,344.13884245664485,342.22309371399194,340.3112882240634,338.4034259868592,336.49950700237946,333.9177394685262,331.3397468150116,328.7655290418355,326.19508614899814,323.6284181364994,321.0655250043393,318.5064067525179,315.951063381035,313.3994948898908,310.8517012790852,308.9006600671673,306.9516573419378,305.0046931033969,303.0597673515444,301.11688008638043,299.17603130790485,297.2372210161178,295.30044921101927,293.3657158926091,291.4330210608874,288.8860148706835,286.3410744007515,283.7981996510917,281.257390621704,278.7186473125883,276.1819697237448,273.6473578551733,271.114811706874,268.5843312788467,266.0559165710916,263.18950691066857,260.32309725024555,257.45668758982265,254.59027792939963,251.7238682689767,248.8574586085537,245.99104894813075,243.1246392877078,240.2582296272848,237.39181996686185,235.59919197065196,233.80656397444196,232.013935978232,230.221307982022,228.42867998581204,226.6360519896021,224.8434239933921,223.05079599718212,221.25816800097215,219.4655400047622
"COFFEE 1.6","Medium-to-Low - SSP2 (Marker)","World","Climate Assessment|Harmonized and Infilled|Emissions|CO2","Mt CO2/yr",1,,,,42339.76770647963,43003.621409904925,43665.65110185591,43643.88656156058,43620.88922809488,43596.65910145877,43571.19618165229,43544.50046867541,43067.32510048574,42593.59745064475,42123.31751915247,41656.48530600888,41193.100811214,40914.607896092886,40637.84639088506,40362.81629559053,40089.51761020929,39817.95033474133,39360.15089377567,38902.87568953308,38446.12472201355,37989.89799121711,37534.19549714375,37055.248633873416,36576.12274660161,36096.81783532833,35617.33390005358,35137.67094077734,34395.052611663035,33655.56104858917,32919.196251555746,32185.95822056277,31455.84695561024,30728.86245669816,30005.004723826507,29284.27375699531,28566.669556204542,27852.19212145423,26862.979401987443,25876.197314338297,24891.845858506804,23909.925034492942,22930.434842296745,21953.375281918183,20978.746353357263,20006.548056614,19036.780391688368,18069.443358580385,17296.17556925812,16521.615374660014,15745.762774786064,14968.617769636276,14190.180359210644,13410.450543509174,12629.42832253186,11847.113696278711,11063.506664749722,10278.607227944884,9192.056322113724,8105.505416282561,7018.954510451402,5932.403604620237,4845.852698789076,3759.3017929579146,2672.7508871267537,1586.199981295592,499.649075464431,-586.9018303667308,-1451.2742398969212,-2315.646649427116,-3180.0190589573062,-4044.3914684874976,-4908.7638780176885,-5773.136287547881,-6637.508697078072,-7501.881106608266,-8366.253516138455,-9230.625925668648
"COFFEE 1.6","Medium-to-Low - SSP2 (Marker)","World","Climate Assessment|Harmonized and Infilled|Emissions|Kyoto Gases [AR6GWP100]","Mt CO2-equiv/yr",1,,,,57507.00308133636,58118.57903247534,58728.44678266603,58489.05231762414,58249.8329511793,58010.78868333145,57771.91951408063,57533.22544342683,56951.41637698545,56373.69698632474,55800.06727144471,55230.52723234536,54665.076869026685,54362.65435265221,54061.85308313026,53762.67306046085,53465.114284643976,53169.17675567963,52972.72968795738,52775.144033832185,52576.41979330398,52376.55696637284,52175.555553038736,51607.26930552638,51039.03099719007,50470.84062802978,49902.69819804551,49334.60370723726,48448.28746401443,47565.7022687904,46686.84812156519,45811.72502233878,44940.33297111117,44072.67196788237,43208.74201265238,42348.54310542119,41492.0752461888,40639.33843495522,39554.50189392233,38472.461814350245,37393.218196238966,36316.771039588486,35243.12034439883,34172.26611066995,33104.20833840189,32038.947027594637,30976.48217824817,29916.813790362517,29046.491166222997,28175.111034524853,27302.673395268102,26429.178248452736,25554.62559407876,24679.01543214617,23802.34776265497,22924.62258560516,22045.839900996743,21165.999708829702,19999.910438103117,18833.821167376525,17667.73189664994,16501.642625923352,15335.553355196764,14169.464084470175,13003.37481374359,11837.285543017004,10671.196272290415,9505.107001563829,8602.66165287397,7700.216304184105,6797.770955494246,5895.325606804384,4992.880258114525,4090.434909424664,3187.989560734802,2285.544212044939,1383.0988633550803,480.653514665217
"COFFEE 1.6","Medium-to-Low - SSP2 (Marker)","World","Climate Assessment|Harmonized and Infilled|Emissions|N2O","kt N2O/yr",1,,,,11289.003670665756,11296.921706858257,11305.44635460472,11351.251840137998,11396.57543184252,11441.417129718287,11485.776933765304,11529.65484398356,11586.022087357109,11641.989003124643,11697.555591286176,11752.7218518417,11807.487784791212,11856.524910141128,11905.338927469493,11953.929836776317,12002.297638061593,12050.442331325325,12027.848827083146,12005.577650976404,11983.6288030051,11962.00228316923,11940.698091468796,11946.871007245636,11952.950738288917,11958.93728459863,11964.83064617478,11970.630823017364,11974.186706822567,11977.744222631583,11981.303370444424,11984.86415026108,11988.426562081557,11991.99060590585,11995.556281733963,11999.123589565892,12002.692529401642,12006.26310124121,12014.632589282568,12022.93507284224,12031.170551920231,12039.33902651654,12047.440496631163,12055.474962264105,12063.44242341536,12071.342880084929,12079.176332272818,12086.942779979025,12082.085043333143,12077.19696050763,12072.27853150248,12067.329756317691,12062.35063495327,12057.341167409206,12052.301353685509,12047.231193782172,12042.1306876992,12036.999835436593,12038.91717176213,12040.834508087675,12042.751844413217,12044.66918073876,12046.586517064296,12048.50385338984,12050.42118971538,12052.338526040923,12054.255862366464,12056.173198692004,12098.085896476148,12139.998594260289,12181.911292044437,12223.823989828576,12265.73668761272,12307.649385396866,12349.562083181008,12391.47478096515,12433.387478749291,12475.300176533436
"COFFEE 1.6","Medium-to-Low - SSP2 (Marker)","World","Climate Assessment|Surface Temperature (GSAT)|33rd Percentile [MAGICC v7.6.0a3]","°C",1,1.1491,1.1657,1.1865,1.2109,1.2377,1.2622,1.2838,1.304,1.3231,1.3424,1.3614,1.3807,1.4,1.4207,1.4437,1.4672,1.4883,1.5091,1.5273,1.5425,1.5555,1.5689,1.5873,1.6041,1.6223,1.6448,1.6695,1.6946,1.7184,1.7393,1.7573,1.7699,1.7836,1.7976,1.8115,1.8271,1.8452,1.8631,1.8801,1.8958,1.9077,1.9178,1.9286,1.9373,1.9478,1.9585,1.9701,1.9816,1.9923,2.0036,2.0111,2.0156,2.02,2.0223,2.0242,2.0259,2.0284,2.0334,2.0377,2.045,2.0507,2.0572,2.061,2.0625,2.0625,2.0606,2.0579,2.055,2.0533,2.0535,2.0569,2.0591,2.062,2.0621,2.057,2.0503,2.0427,2.034,2.0257,2.02,2.0177
"COFFEE 1.6","Medium-to-Low - SSP2 (Marker)","World","Climate Assessment|Surface Temperature (GSAT)|67th Percentile [MAGICC v7.6.0a3]","°C",1,1.2622,1.2817,1.3037,1.3307,1.364,1.3932,1.4215,1.4475,1.472,1.4955,1.519,1.5459,1.5706,1.5945,1.625,1.6549,1.6832,1.7073,1.7306,1.7498,1.7669,1.7834,1.802,1.8235,1.8465,1.8728,1.9023,1.9336,1.9639,1.9911,2.0118,2.0308,2.049,2.0674,2.0853,2.1089,2.1327,2.1538,2.1739,2.193,2.2089,2.2231,2.2352,2.2485,2.2626,2.277,2.2923,2.31,2.3269,2.3409,2.3514,2.3593,2.3664,2.3726,2.3789,2.3849,2.3882,2.3937,2.4018,2.4095,2.418,2.4265,2.433,2.4362,2.4392,2.4376,2.4365,2.4375,2.4384,2.4397,2.4451,2.4495,2.4561,2.4572,2.4549,2.4505,2.4457,2.4409,2.434,2.4301,2.4265
"COFFEE 1.6","Medium-to-Low - SSP2 (Marker)","World","Climate Assessment|Surface Temperature (GSAT)|Median [MAGICC v7.6.0a3]","°C",1,1.2035,1.2215,1.2429,1.2683,1.2962,1.3221,1.346,1.3661,1.3887,1.4129,1.4376,1.4597,1.4809,1.5056,1.5318,1.5555,1.5807,1.6023,1.6226,1.6414,1.6581,1.6728,1.69,1.7111,1.7314,1.7575,1.7877,1.8141,1.8427,1.8657,1.8822,1.8988,1.9135,1.9291,1.9464,1.9654,1.9862,2.0049,2.0234,2.0397,2.0526,2.0655,2.0776,2.0886,2.0992,2.1108,2.1248,2.139,2.1527,2.1655,2.1739,2.1814,2.1873,2.1935,2.1981,2.2029,2.2074,2.2128,2.2203,2.2294,2.2379,2.244,2.2494,2.2518,2.2538,2.2544,2.2552,2.2552,2.2557,2.2565,2.2588,2.2638,2.2678,2.2668,2.2632,2.2582,2.2516,2.2423,2.237,2.2331,2.2303
"COFFEE 1.6","Very Low - SSP2","World","Climate Assessment|Effective Radiative Forcing|33rd Percentile [MAGICC v7.6.0a3]","W/m^2",1,2.566,2.556,2.6284,2.6921,2.7636,2.8076,2.8449,2.8815,2.9219,2.9609,3.0044,3.0552,3.1027,3.1599,3.2228,3.2526,3.2896,3.2994,3.3111,3.303,3.2876,3.2646,3.2573,3.2525,3.263,3.2841,3.288,3.2996,3.2895,3.2615,3.2181,3.1837,3.1498,3.1269,3.1126,3.115,3.1223,3.1066,3.0938,3.0771,3.0458,3.0171,2.9894,2.9675,2.949,2.9378,2.9391,2.9413,2.9317,2.9076,2.8743,2.837,2.8088,2.7834,2.7543,2.729,2.7052,2.6905,2.685,2.6798,2.6756,2.6564,2.6359,2.6024,2.5763,2.5404,2.5107,2.49,2.4711,2.4654,2.4697,2.4641,2.4659,2.4403,2.408,2.3743,2.343,2.3195,2.2975,2.2898,2.2919
"COFFEE 1.6","Very Low - SSP2","World","Climate Assessment|Effective Radiative Forcing|67th Percentile [MAGICC v7.6.0a3]","W/m^2",1,2.8229,2.8276,2.9005,2.9543,3.0279,3.0699,3.1082,3.146,3.1907,3.2332,3.2755,3.318,3.3662,3.4197,3.4815,3.5118,3.5453,3.5464,3.5621,3.5522,3.534,3.5071,3.4941,3.4924,3.4981,3.5132,3.515,3.5217,3.5103,3.4789,3.4405,3.412,3.3849,3.3596,3.3446,3.3415,3.3385,3.3261,3.3129,3.2985,3.2686,3.2354,3.2081,3.1847,3.1636,3.1511,3.1547,3.1543,3.1477,3.1248,3.0916,3.0566,3.0285,3.0016,2.9707,2.9482,2.9259,2.9119,2.9051,2.8994,2.889,2.8699,2.8479,2.8176,2.7932,2.7588,2.7331,2.7111,2.6915,2.6877,2.6925,2.6866,2.6878,2.6607,2.6265,2.5938,2.5599,2.5376,2.517,2.5136,2.5118
"COFFEE 1.6","Very Low - SSP2","World","Climate Assessment|Effective Radiative Forcing|Median [MAGICC v7.6.0a3]","W/m^2",1,2.6983,2.6998,2.7568,2.811,2.8854,2.9312,2.967,2.9997,3.0461,3.0878,3.1339,3.1876,3.2334,3.2871,3.3467,3.3755,3.4124,3.4213,3.4333,3.4241,3.4061,3.3816,3.3729,3.3675,3.3672,3.3852,3.3917,3.4024,3.3989,3.3713,3.3253,3.2965,3.2698,3.2447,3.2326,3.2352,3.2372,3.2233,3.2107,3.1978,3.1613,3.1283,3.0973,3.0742,3.0552,3.0414,3.0449,3.0469,3.0392,3.0154,2.9826,2.944,2.9178,2.8905,2.8596,2.8368,2.8165,2.8019,2.7924,2.7891,2.7796,2.7623,2.7414,2.7103,2.6889,2.6533,2.6241,2.6047,2.5881,2.5805,2.5816,2.5784,2.577,2.5523,2.5206,2.4934,2.4606,2.4365,2.4159,2.4066,2.4059
"COFFEE 1.6","Very Low - SSP2","World","Climate Assessment|Harmonized and Infilled|Emissions|CH4","Mt CH4/yr",1,,,,363.4899013289108,360.752184326349,358.01896824215595,356.76059622515174,355.5093161215041,354.26512793121304,353.0280316542785,351.79802729070053,342.1074933562481,332.4254120619603,322.7517834078371,313.0866073938784,303.4298840200844,297.57775336701707,291.73638397933485,285.9057758570377,280.08592900012576,274.2768434085988,270.0711164315161,265.86961603536656,261.6723422201502,257.479294985867,253.29047433251705,248.7741973283709,244.2629931462546,239.7568617861681,235.2558032481113,230.7598175320844,228.6248826862151,226.49131801782656,224.3591235269188,222.22829921349177,220.0988450775455,217.97076111907995,215.8440473380952,213.7187037345911,211.59473030856776,209.4721270600252,207.5753657542743,205.68061448006696,203.7878732374033,201.8971420262833,200.00842084670688,198.12170969867407,196.23700858218493,194.35431749723944,192.4736364438375,190.5949654219792,188.9040008672224,187.2145417947538,185.52658820457336,183.84014009668107,182.15519747107697,180.47176032776105,178.78982866673323,177.10940248799358,175.43048179154215,173.75306657737883,171.8098909692888,169.86671536119877,167.92353975310877,165.98036414501877,164.03718853692874,162.09401292883874,160.15083732074874,158.2076617126587,156.2644861045687,154.3213104964787,153.23219574678598,152.1430809970933,151.05396624740064,149.96485149770794,148.87573674801524,147.78662199832257,146.69750724862985,145.60839249893718,144.51927774924448,143.43016299955178
"COFFEE 1.6","Very Low - SSP2","World","Climate Assessment|Harmonized and Infilled|Emissions|CO2","Mt CO2/yr",1,,,,42339.76770647963,42914.890989247,43488.612475228896,43511.90696273741,43533.442950419325,43553.22043827466,43571.2394263034,43587.49991450553,40203.62055319514,36813.44709304863,33416.97953406598,30014.21787624722,26605.16211959232,23276.85906732696,19933.84735721868,16576.12698926749,13203.697963473383,9816.560279836363,8682.144742422637,7548.844249125159,6416.658799943927,5285.588394878947,4155.633033930215,3375.151534553544,2594.554804033733,1813.842842370782,1033.0156495646947,252.0732256154679,-84.08688833255474,-420.7173175542607,-757.8180620496514,-1095.3891218187275,-1433.430496861487,-1771.9421871779311,-2110.9241927680587,-2449.853435597848,-2787.8503038266717,-3126.3056092010384,-3674.590691984594,-4223.683218807837,-4773.583189670766,-5324.290604573382,-5875.805463515684,-6428.127766497673,-6981.2575135193465,-7535.194704580707,-8089.939339681756,-8645.491418822488,-8889.236932543125,-9132.550602981237,-9376.01422364292,-9619.627794528173,-9863.391315637004,-10107.304786969402,-10351.368208525377,-10595.581580304915,-10839.944902308034,-11084.45817453472,-11125.615258395155,-11166.77234225559,-11207.929426116025,-11249.08650997646,-11290.243593836893,-11331.40067769733,-11372.557761557762,-11413.714845418195,-11454.87192927863,-11496.029013139065,-11522.110344526329,-11548.191675913591,-11574.27300730086,-11600.35433868812,-11626.435670075383,-11652.51700146265,-11678.598332849915,-11704.679664237176,-11730.76099562444,-11756.842327011704
"COFFEE 1.6","Very Low - SSP2","World","Climate Assessment|Harmonized and Infilled|Emissions|Kyoto Gases [AR6GWP100]","Mt CO2-equiv/yr",1,,,,57507.00308133636,57896.6045225778,58284.85300479787,58254.0420705712,58221.45346560198,58187.08718989024,58150.94324343596,58113.02162623913,54424.08967401683,50729.01308321798,47027.791853842566,43320.42598589063,39606.91547936212,35999.47871947854,32378.165600288325,28742.97612179149,25093.91028398804,21430.96808687796,20111.403782709825,18793.36551791009,17476.853292478754,16161.867106415824,14848.4069597213,13940.2934778634,13032.148007419368,12123.9705483892,11215.761100772905,10307.519664570473,9889.03139133529,9470.178398260854,9050.96068534717,8631.378252594233,8211.431100002048,7791.119227570608,7370.4426352999235,6949.924401224005,6530.444137183489,6110.611031431862,5536.656009284817,4961.841239388793,4386.1667217437935,3809.6324563498174,3232.238443206865,2653.984682314935,2074.8711736740306,1494.8979172841505,914.0649131452898,332.37216125745607,58.67805965015644,-214.63772192952413,-488.15697698768327,-761.8797055243173,-1035.8059075394344,-1309.9355830330258,-1584.2687320050975,-1858.805354455645,-2133.5454503846727,-2408.4890197921773,-2499.4899208529864,-2590.490821913798,-2681.491722974608,-2772.492624035417,-2863.4935250962258,-2954.494426157038,-3045.495327217847,-3136.4962282786555,-3227.4971293394656,-3318.498030400275,-3362.0703750337684,-3405.6427196672635,-3449.215064300758,-3492.787408934249,-3536.359753567744,-3579.9320982012373,-3623.504442834732,-3667.076787468224,-3710.649132101718,-3754.221476735212
"COFFEE 1.6","Very Low - SSP2","World","Climate Assessment|Harmonized and Infilled|Emissions|N2O","kt N2O/yr",1,,,,11289.003670665756,11297.944784410323,11307.494490361776,11352.415720689907,11396.855877916892,11440.814962042725,11484.2929730674,11527.289910990934,11527.794813111212,11527.735903557768,11527.113182330606,11525.92664942972,11524.176304855113,11329.13653561041,11135.24213547969,10942.493104462945,10750.889442560174,10560.431149771384,10586.595388743248,10612.391718720455,10637.820139703012,10662.880651690906,10687.573254684148,10748.565892620789,10809.08522404352,10869.13124895236,10928.7039673473,10987.803379228337,11046.807862973516,11105.457450031596,11163.752140402574,11221.691934086452,11279.276831083229,11336.506831392902,11393.38193501548,11449.902141950954,11506.067452199328,11561.877865760598,11674.146374896303,11785.974957202769,11897.363612679988,12008.312341327965,12118.8211431467,12228.890018136191,12338.518966296437,12447.70798762744,12556.4570821292,12664.766249801722,12737.69084656239,12810.217328891871,12882.34569679017,12954.075950257286,13025.408089293216,13096.342113897965,13166.878024071528,13237.015819813909,13306.755501125102,13376.097068005114,13395.991883796534,13415.886699587953,13435.78151537937,13455.676331170793,13475.57114696221,13495.465962753628,13515.360778545046,13535.255594336464,13555.150410127884,13575.0452259193,13629.841162421197,13684.637098923087,13739.433035424983,13794.228971926876,13849.02490842877,13903.820844930666,13958.616781432558,14013.412717934454,14068.208654436346,14123.00459093824
"COFFEE 1.6","Very Low - SSP2","World","Climate Assessment|Surface Temperature (GSAT)|33rd Percentile [MAGICC v7.6.0a3]","°C",1,1.1491,1.1657,1.1865,1.2109,1.2379,1.2626,1.2839,1.304,1.323,1.3431,1.3629,1.3855,1.4079,1.4296,1.4538,1.4765,1.4993,1.5155,1.5297,1.5398,1.5449,1.546,1.5485,1.5513,1.5542,1.5613,1.5683,1.576,1.5816,1.5827,1.5771,1.5714,1.5634,1.5584,1.5544,1.5516,1.5495,1.5484,1.5456,1.5414,1.5356,1.5272,1.5185,1.5102,1.5039,1.4972,1.4936,1.491,1.488,1.4844,1.4768,1.4669,1.4577,1.4476,1.4411,1.4318,1.4219,1.4129,1.4052,1.3981,1.3924,1.3859,1.3795,1.3706,1.3612,1.3508,1.3397,1.3296,1.3205,1.313,1.3088,1.3047,1.3016,1.2962,1.2879,1.2783,1.2671,1.2578,1.2481,1.2403,1.2346
"COFFEE 1.6","Very Low - SSP2","World","Climate Assessment|Surface Temperature (GSAT)|67th Percentile [MAGICC v7.6.0a3]","°C",1,1.2622,1.2817,1.3037,1.3307,1.3642,1.3936,1.4221,1.448,1.4729,1.497,1.5216,1.5523,1.5807,1.6095,1.641,1.6704,1.6972,1.722,1.7404,1.7557,1.7651,1.7691,1.7739,1.7809,1.7876,1.7961,1.8065,1.8155,1.8257,1.8285,1.8247,1.8217,1.8177,1.8148,1.8112,1.8116,1.8078,1.8089,1.8089,1.8075,1.8036,1.798,1.7901,1.7836,1.7774,1.7716,1.7675,1.7673,1.7643,1.7606,1.7549,1.7454,1.7352,1.7268,1.7173,1.7085,1.6997,1.6913,1.685,1.6811,1.6769,1.6718,1.6661,1.6574,1.6469,1.6349,1.6228,1.6129,1.6036,1.5973,1.5931,1.5895,1.5872,1.5823,1.5754,1.5635,1.5518,1.5414,1.5312,1.523,1.5168
"COFFEE 1.6","Very Low - SSP2","World","Climate Assessment|Surface Temperature (GSAT)|Median [MAGICC v7.6.0a3]","°C",1,1.2035,1.2215,1.2429,1.2683,1.2963,1.3222,1.3459,1.3661,1.3894,1.4141,1.4405,1.466,1.4899,1.5147,1.543,1.569,1.5931,1.613,1.6309,1.646,1.6555,1.6586,1.6617,1.6645,1.6694,1.678,1.6864,1.695,1.7022,1.703,1.6991,1.6955,1.6889,1.6823,1.6775,1.6759,1.676,1.6766,1.6751,1.6736,1.668,1.661,1.6527,1.6464,1.6399,1.6341,1.6307,1.6298,1.6272,1.6234,1.6175,1.6101,1.5994,1.5872,1.5773,1.566,1.5568,1.5472,1.5411,1.5366,1.5323,1.527,1.5197,1.5119,1.5044,1.4938,1.4811,1.4716,1.4619,1.4544,1.4499,1.4449,1.4429,1.4373,1.4296,1.4201,1.4094,1.3975,1.3859,1.3773,1.3726
"GCAM 8s","High - SSP3 (Marker)","World","Climate Assessment|Effective Radiative Forcing|33rd Percentile [MAGICC v7.6.0a3]","W/m^2",1,2.566,2.556,2.6284,2.6958,2.7816,2.8216,2.843,2.8734,2.9181,2.9571,3.0006,3.0532,3.1109,3.1794,3.2578,3.3145,3.3756,3.415,3.467,3.5012,3.5379,3.571,3.6207,3.6755,3.7355,3.8143,3.8795,3.9531,4.003,4.0338,4.0534,4.0857,4.1184,4.1551,4.2046,4.2698,4.3351,4.3802,4.4291,4.4803,4.5069,4.5398,4.5716,4.6165,4.6603,4.7119,4.7827,4.8495,4.9067,4.9467,4.9805,5.0127,5.0476,5.0854,5.1199,5.1633,5.2016,5.2484,5.3055,5.3667,5.424,5.4714,5.5137,5.5443,5.5814,5.613,5.6468,5.6907,5.7386,5.7982,5.8714,5.9348,5.997,6.0324,6.0556,6.0826,6.109,6.1488,6.1886,6.2396,6.2986
"GCAM 8s","High - SSP3 (Marker)","World","Climate Assessment|Effective Radiative Forcing|67th Percentile [MAGICC v7.6.0a3]","W/m^2",1,2.8229,2.8276,2.9005,2.957,3.0424,3.0774,3.1017,3.1298,3.1719,3.2077,3.2525,3.2998,3.3588,3.4279,3.5071,3.5642,3.6267,3.6698,3.7216,3.7582,3.7969,3.8298,3.8794,3.9353,4,4.0775,4.1505,4.2212,4.2762,4.3043,4.3258,4.3639,4.3992,4.4399,4.4936,4.5592,4.6272,4.6752,4.7269,4.7792,4.8114,4.8493,4.8878,4.9313,4.9814,5.0341,5.1055,5.1734,5.2349,5.2796,5.3158,5.3477,5.3917,5.4354,5.4781,5.5228,5.5673,5.6216,5.6817,5.7455,5.8032,5.8515,5.8967,5.9331,5.9748,6.0004,6.0343,6.0776,6.1276,6.1873,6.2523,6.312,6.3782,6.4165,6.4473,6.483,6.5138,6.5571,6.599,6.6514,6.7113
"GCAM 8s","High - SSP3 (Marker)","World","Climate Assessment|Effective Radiative Forcing|Median [MAGICC v7.6.0a3]","W/m^2",1,2.6983,2.6998,2.7568,2.817,2.9005,2.9392,2.9621,2.9991,3.0447,3.08,3.1233,3.1747,3.229,3.3019,3.3781,3.4406,3.5075,3.5461,3.5984,3.6281,3.6616,3.6976,3.7447,3.8015,3.8619,3.9365,4.0061,4.0775,4.1297,4.1596,4.1767,4.2095,4.2455,4.2849,4.3339,4.3979,4.4692,4.5201,4.5724,4.6234,4.6541,4.6907,4.7291,4.7745,4.8242,4.8797,4.947,5.0119,5.0716,5.1196,5.1515,5.1793,5.2141,5.2543,5.294,5.3416,5.3842,5.4366,5.4987,5.5592,5.6134,5.6585,5.7018,5.7348,5.7733,5.7992,5.8313,5.874,5.9183,5.9778,6.0469,6.1041,6.1681,6.2041,6.2325,6.2623,6.2895,6.3279,6.3677,6.4187,6.4799
"GCAM 8s","High - SSP3 (Marker)","World","Climate Assessment|Harmonized and Infilled|Emissions|CH4","Mt CH4/yr",1,,,,363.4899013289108,366.2037257516525,368.9189744935783,371.6944435272725,374.4693542306426,377.2437066036886,380.0175006464104,382.79073635880815,384.8468554085242,386.90438380078047,388.9633215355767,391.023668612913,393.0854250327896,394.94036070377206,396.7973957458562,398.656530159042,400.51776394332944,402.38109709871856,403.8365981207773,405.2950119054208,406.75633845264935,408.22057776246254,409.6877298348605,411.6803337731182,413.6759234055313,415.6744987320997,417.6760597528236,419.6806064677027,422.30923439894633,424.9395412176134,427.5715269237039,430.2051915172177,432.8405349981552,435.4110654043356,437.984332964353,440.5603376782073,443.1390795458984,445.7205585674264,448.0704453126793,450.4229927203767,452.77820079051867,455.1360695231051,457.4965989181361,459.6378735062198,461.7817672812876,463.9282802433393,466.0774123923751,468.2291637283949,470.59450922637546,472.9616520954782,475.3305923357031,477.70132994705017,480.07386492951935,482.25837638982046,484.4442914061102,486.6316099783889,488.8203321066564,491.0104577909128,493.1247275762163,495.2389973615199,497.3532671468234,499.4675369321269,501.5818067174304,503.79865102001634,506.0154953226023,508.2323396251883,510.44918392777424,512.6660282303602,514.941424986822,517.216821743284,519.4922184997457,521.7676152562077,524.0430120126696,526.3108847512319,528.5787574897945,530.8466302283568,533.1145029669194,535.3823757054819
"GCAM 8s","High - SSP3 (Marker)","World","Climate Assessment|Harmonized and Infilled|Emissions|CO2","Mt CO2/yr",1,,,,42339.76770647963,42518.5450624997,42696.04349875066,43140.2822142914,43583.81749012897,44026.64932626336,44468.77772269458,44910.20267942262,45182.60703854056,45454.39595749027,45725.56943627175,45996.12747488498,46266.07007332998,46369.91322969732,46472.938531369175,46575.14597834558,46676.535570626496,46777.10730821194,46841.17813951454,46904.81269901479,46968.010986712674,47030.77300260821,47093.09874670139,47102.7979096075,47112.47546039175,47122.13139905415,47131.76572559467,47141.37844001334,47584.43037103644,48025.6919463442,48465.16316593662,48902.844029813714,49338.73453797548,49586.11574396622,49833.4700806541,50080.79754803914,50328.09814612134,50575.371874900695,50541.40699837265,50506.70703751413,50471.27199232511,50435.10186280558,50398.19664895558,50466.38593017631,50533.88112791165,50600.68224216161,50666.78927292618,50732.202220205385,50854.31082000794,50975.51524812843,51095.81550456687,51215.21158932323,51333.70350239755,51462.511718866,51590.44214559723,51717.49478259124,51843.66962984802,51968.96668736756,52109.1788535854,52249.39101980324,52389.60318602106,52529.8153522389,52670.027518456736,52805.685990668026,52941.34446287932,53077.00293509063,53212.66140730192,53348.31987951322,53519.8853828969,53691.45088628056,53863.01638966423,54034.5818930479,54206.14739643157,54373.08290172749,54540.0184070234,54706.953912319324,54873.88941761524,55040.82492291116
"GCAM 8s","High - SSP3 (Marker)","World","Climate Assessment|Harmonized and Infilled|Emissions|Kyoto Gases [AR6GWP100]","Mt CO2-equiv/yr",1,,,,57507.00308133636,57841.29328675179,58174.25177739913,58838.79403760209,59502.24136883461,60164.59377109668,60825.85124438832,61486.0137887095,61935.630736755054,62384.29552968101,62832.00816748735,63278.7686501741,63724.57697774124,63983.75288395918,64241.85632351593,64498.88729641149,64754.84580264585,65009.731842218986,65104.42205761428,65198.81129276343,65292.89954766642,65386.686822323245,65480.17311673392,65585.45871576399,65690.7643029601,65796.08987832225,65901.4354418504,66006.80099354457,66592.5362033387,67176.37508387979,67758.31763516786,68338.3638572029,68916.51374998491,69357.38861864578,69798.00082305758,70238.35036322029,70678.43723913394,71118.26145079851,71195.51253654128,71272.02057758327,71347.78557392447,71422.80752556484,71497.08643250444,71686.2861501135,71874.73552964829,72062.43457110874,72249.3832744949,72435.58163980678,72642.7532125412,72849.0658572459,73054.51957392096,73259.11436256635,73462.85022318206,73717.73525158392,73971.62459516422,74224.51825392297,74476.41622786017,74727.3185169758,74960.01563546396,75192.71275395213,75425.40987244027,75658.10699092844,75890.80410941658,76161.9487654907,76433.09342156483,76704.23807763896,76975.3827337131,77246.52738978721,77502.51663445272,77758.50587911821,78014.49512378371,78270.48436844921,78526.47361311471,78820.67384142893,79114.87406974315,79409.07429805739,79703.2745263716,79997.47475468584
"GCAM 8s","High - SSP3 (Marker)","World","Climate Assessment|Harmonized and Infilled|Emissions|N2O","kt N2O/yr",1,,,,11289.003670665756,11422.924412623175,11556.989419394667,11681.851133365672,11806.708604524109,11931.561832869971,12056.41081840326,12181.255561123982,12274.585292975124,12367.944118969272,12461.332039106424,12554.749053386578,12648.19516180974,12731.840906140387,12815.504898585788,12899.18713914594,12982.887627820845,13066.606364610505,13140.135983155316,13213.683829302312,13287.249903051488,13360.834204402849,13434.436733356386,13534.377478108809,13634.35555705899,13734.370970206932,13834.423717552638,13934.513799096105,14055.218979270485,14175.879936637652,14296.4966711976,14417.069182950332,14537.597471895844,14646.84634293515,14756.114614444956,14865.402286425258,14974.709358876056,15084.035831797351,15184.263206615447,15284.50020597029,15384.746829861877,15485.003078290209,15585.268951255286,15684.514454473898,15783.742289596124,15882.95245662198,15982.144955551452,16081.319786384547,16176.338163142944,16271.341812933731,16366.33073575691,16461.304931612474,16556.26440050044,16647.961618413046,16739.635928934695,16831.287332065378,16922.915827805096,17014.521416153853,17106.145712156125,17197.7700081584,17289.394304160673,17381.018600162944,17472.64289616522,17561.457750830818,17650.272605496415,17739.087460162013,17827.902314827617,17916.717169493215,18006.51395046215,18096.310731431087,18186.107512400027,18275.904293368963,18365.7010743379,18460.340920118004,18554.980765898108,18649.62061167821,18744.260457458317,18838.900303238417
"GCAM 8s","High - SSP3 (Marker)","World","Climate Assessment|Surface Temperature (GSAT)|33rd Percentile [MAGICC v7.6.0a3]","°C",1,1.1491,1.1657,1.1865,1.2113,1.2396,1.2637,1.2835,1.3008,1.3191,1.337,1.359,1.3804,1.403,1.4293,1.4604,1.4902,1.5186,1.5445,1.5698,1.5954,1.6183,1.6397,1.6611,1.6851,1.7113,1.743,1.7759,1.8099,1.839,1.8651,1.8872,1.9067,1.9277,1.9489,1.9729,1.9988,2.0273,2.0562,2.0841,2.1097,2.1356,2.1578,2.1806,2.2045,2.2292,2.2551,2.2848,2.3166,2.3465,2.3739,2.399,2.4243,2.4468,2.469,2.4912,2.5154,2.5387,2.564,2.5929,2.6233,2.6541,2.6832,2.7113,2.7368,2.7613,2.7838,2.8066,2.8305,2.8555,2.882,2.9151,2.948,2.9804,3.0096,3.0353,3.0596,3.082,3.1038,3.1265,3.1517,3.1798
"GCAM 8s","High - SSP3 (Marker)","World","Climate Assessment|Surface Temperature (GSAT)|67th Percentile [MAGICC v7.6.0a3]","°C",1,1.2622,1.2817,1.3037,1.3311,1.3664,1.3964,1.4215,1.445,1.4698,1.4926,1.5171,1.5424,1.5705,1.6033,1.6406,1.6751,1.7095,1.7417,1.7756,1.8039,1.8304,1.8565,1.8862,1.9174,1.9505,1.986,2.0217,2.0613,2.0972,2.1272,2.1562,2.1834,2.2113,2.2374,2.2701,2.2999,2.3331,2.3651,2.3972,2.4294,2.4592,2.4875,2.517,2.5448,2.574,2.6044,2.6369,2.6736,2.711,2.7452,2.7766,2.8053,2.8323,2.8578,2.8844,2.9123,2.9407,2.9716,3.0047,3.0388,3.0727,3.1053,3.1381,3.1697,3.2005,3.2299,3.2583,3.287,3.3173,3.3498,3.3874,3.4254,3.4639,3.4989,3.5302,3.5609,3.5897,3.6183,3.6451,3.6741,3.708
"GCAM 8s","High - SSP3 (Marker)","World","Climate Assessment|Surface Temperature (GSAT)|Median [MAGICC v7.6.0a3]","°C",1,1.2035,1.2215,1.2429,1.269,1.2971,1.3249,1.3466,1.3664,1.3878,1.4091,1.4328,1.4579,1.4834,1.5119,1.5443,1.5772,1.6103,1.6413,1.671,1.697,1.7227,1.7482,1.7739,1.8022,1.8321,1.8645,1.8978,1.9302,1.9619,1.9904,2.0165,2.04,2.0643,2.0894,2.1158,2.1437,2.1753,2.2052,2.2352,2.2641,2.2908,2.3171,2.3431,2.3683,2.3958,2.4245,2.4558,2.4874,2.52,2.5505,2.5784,2.6034,2.6286,2.6548,2.6834,2.71,2.7364,2.7643,2.7945,2.8253,2.8563,2.887,2.9162,2.9433,2.9708,2.9955,3.0182,3.0459,3.0749,3.1044,3.1353,3.1676,3.2003,3.2307,3.2582,3.284,3.3087,3.3344,3.362,3.3902,3.423
"GCAM 8s","High - SSP5","World","Climate Assessment|Effective Radiative Forcing|33rd Percentile [MAGICC v7.6.0a3]","W/m^2",1,2.566,2.556,2.6284,2.6933,2.7659,2.8,2.8297,2.8603,2.8995,2.9311,2.9749,3.0282,3.087,3.16,3.2408,3.2978,3.3578,3.4015,3.4554,3.4951,3.5355,3.5787,3.6296,3.6872,3.75,3.8313,3.9043,3.9857,4.0445,4.0789,4.107,4.1416,4.1818,4.2255,4.2826,4.3501,4.4252,4.4768,4.5351,4.5864,4.6243,4.6671,4.7096,4.7596,4.8158,4.8778,4.9554,5.0287,5.0996,5.1478,5.1879,5.2245,5.2671,5.3139,5.3602,5.4093,5.4589,5.5167,5.5818,5.6519,5.7215,5.7788,5.8334,5.8731,5.9192,5.953,5.9913,6.0443,6.0979,6.1621,6.2332,6.2968,6.3711,6.4106,6.4449,6.4737,6.5023,6.5437,6.585,6.6388,6.7034
"GCAM 8s","High - SSP5","World","Climate Assessment|Effective Radiative Forcing|67th Percentile [MAGICC v7.6.0a3]","W/m^2",1,2.8229,2.8276,2.9005,2.9537,3.028,3.0616,3.0863,3.1139,3.1501,3.1783,3.2213,3.2696,3.3294,3.3987,3.4817,3.5391,3.6031,3.6486,3.7033,3.7427,3.785,3.8268,3.8829,3.942,4.0079,4.0885,4.1663,4.2446,4.3049,4.3463,4.3759,4.4114,4.4523,4.4971,4.5548,4.632,4.7074,4.7602,4.8181,4.8785,4.9145,4.9556,5.0034,5.0617,5.1217,5.1827,5.2622,5.3393,5.4066,5.4565,5.5061,5.5476,5.6033,5.649,5.7027,5.7553,5.8066,5.8655,5.9365,6.0144,6.0847,6.1412,6.1956,6.2471,6.2995,6.3386,6.3861,6.4372,6.4924,6.5569,6.6357,6.7079,6.7768,6.8228,6.8597,6.8916,6.929,6.9753,7.0209,7.0794,7.1399
"GCAM 8s","High - SSP5","World","Climate Assessment|Effective Radiative Forcing|Median [MAGICC v7.6.0a3]","W/m^2",1,2.6983,2.6998,2.7568,2.8125,2.8851,2.9259,2.945,2.9765,3.0159,3.0537,3.0967,3.1453,3.201,3.2747,3.3635,3.422,3.4882,3.5263,3.5779,3.6144,3.6554,3.693,3.7471,3.8063,3.8694,3.9523,4.0261,4.1019,4.1547,4.1972,4.2258,4.2655,4.3075,4.3555,4.4108,4.4832,4.5568,4.6149,4.6704,4.7308,4.7695,4.8067,4.8511,4.9045,4.9623,5.0287,5.115,5.189,5.255,5.3094,5.3532,5.3923,5.4352,5.4871,5.5348,5.5879,5.6412,5.7024,5.7698,5.8367,5.9015,5.9588,6.0136,6.0593,6.1097,6.146,6.1919,6.2433,6.2966,6.3574,6.4312,6.5035,6.5753,6.6184,6.6506,6.6862,6.7215,6.765,6.8113,6.8697,6.9334
"GCAM 8s","High - SSP5","World","Climate Assessment|Harmonized and Infilled|Emissions|CH4","Mt CH4/yr",1,,,,363.4899013289108,366.40967560058107,369.3304195001908,369.4298065703952,369.5272804407283,369.6228411111903,369.7164885817811,369.8082228525008,371.4768222763087,373.1455483281113,374.81440100790894,376.4833803157012,378.1524862514885,380.12989091955353,382.1075360091568,384.0854215202985,386.06354745297847,388.0419138071968,388.1145539823296,388.1869264990601,388.25903135738815,388.33086855731375,388.402438098837,388.6617965796132,388.9202700453223,389.1778584959642,389.4345619315391,389.69038035204665,392.00948380661305,394.32807370055946,396.6461500338861,398.9637128065927,401.28076201867947,403.0827841478733,404.8851895710753,406.6879782882854,408.49115029950354,410.2947056047298,412.3673315825292,414.4385658256239,416.5084083340141,418.5768591076996,420.6439181466805,422.0238757622599,423.4025725363393,424.7800084689189,426.1561835599987,427.5310978095787,428.7411183601927,429.9503368040608,431.15875314118296,432.3663673715593,433.5731794951896,433.65342419105394,433.7338499982786,433.8144569168636,433.895244946809,433.9762140881147,433.26191633401584,432.54761857991696,431.833320825818,431.1190230717191,430.4047253176202,429.08511256814137,427.7654998186626,426.4458870691839,425.1262743197052,423.8066615702263,422.4590058889045,421.1113502075828,419.7636945262608,418.416038844939,417.0683831636172,415.4218576865512,413.7753322094854,412.1288067324194,410.4822812553535,408.83575577828753
"GCAM 8s","High - SSP5","World","Climate Assessment|Harmonized and Infilled|Emissions|CO2","Mt CO2/yr",1,,,,42339.76770647963,42629.25008046511,42917.30041504587,42993.01053701202,43068.05356985773,43142.429513583,43216.13836818781,43289.1801336722,43723.90940983707,44157.73380063406,44590.653306063134,45022.667926124326,45453.77766081761,46047.35257831186,46639.37904739659,47229.85706807181,47818.7866403375,48406.16776419368,49038.68171768345,49669.59732814855,50298.91459558896,50926.63352000471,51552.7541013958,51951.080244508834,52347.852851707954,52743.07192299315,53136.73745836442,53528.84945782177,54164.77551508997,54798.56056225183,55430.20459930737,56059.70762625658,56687.06964309944,57268.96385561693,57849.90749010362,58429.900546559526,59008.94302498465,59587.03492537896,59996.41250807514,60403.74162473165,60809.02227534851,61212.2544599257,61613.43817846324,61984.17660309663,62352.98704744242,62719.86951150062,63084.82399527123,63447.85049875422,63848.36313398817,64246.94154575438,64643.585734052846,65038.29569888359,65431.07144024656,65719.61834535761,66006.52440030014,66291.78960507411,66575.41395967954,66857.39746411642,66999.41524697919,67141.43302984192,67283.45081270467,67425.46859556742,67567.48637843017,67564.14009520004,67560.7938119699,67557.44752873977,67554.10124550962,67550.75496227949,67497.30208487652,67443.84920747355,67390.39633007058,67336.94345266762,67283.49057526464,67149.6827940458,67015.87501282699,66882.06723160815,66748.2594503893,66614.45166917048
"GCAM 8s","High - SSP5","World","Climate Assessment|Harmonized and Infilled|Emissions|Kyoto Gases [AR6GWP100]","Mt CO2-equiv/yr",1,,,,57507.00308133636,57957.51707646031,58406.519409025146,58634.84920361308,58862.08447308245,59088.22521743325,59313.2714366655,59537.22313077919,60135.86221594529,60733.25444280928,61329.39981137112,61924.29832163084,62517.94997358843,63242.13201464376,63964.590542373175,64685.32555677668,65404.33705785426,66121.62504560595,66699.14548296251,67275.31298582113,67850.1275541818,68423.58918804454,68995.69788740936,69358.36925428855,69719.72580731407,70079.7675464859,70438.49447180405,70795.90658326853,71475.0393586547,72152.19115486693,72827.36197190521,73500.55180976953,74171.76066845989,74804.94318174195,75437.2747625314,76068.7554108282,76699.38512663239,77329.16390994393,77800.98304813362,78270.77362268681,78738.53563360353,79204.26908088375,79667.9739645275,80091.64228283444,80513.34973102545,80933.0963091005,81350.88201705963,81766.70685490279,82210.70626568892,82652.74982141893,83092.83752209281,83530.96936771061,83967.14535827228,84268.47437159106,84568.15294029821,84866.1810643937,85162.55874387753,85457.2859787497,85582.76958704788,85708.25319534604,85833.73680364422,85959.2204119424,86084.70402024056,86047.48499421666,86010.26596819275,85973.04694216885,85935.82791614493,85898.60889012103,85803.76352472209,85708.91815932316,85614.07279392422,85519.22742852528,85424.38206312635,85238.26618137395,85052.15029962161,84866.03441786923,84679.91853611685,84493.8026543645
"GCAM 8s","High - SSP5","World","Climate Assessment|Harmonized and Infilled|Emissions|N2O","kt N2O/yr",1,,,,11289.003670665756,11425.907515652529,11562.9160895667,11701.28303640324,11839.643002523051,11977.995987926131,12116.341992612492,12254.68101658212,12361.29191714151,12467.893382486523,12574.485412617149,12681.068007533397,12787.641167235255,12909.127567755915,13030.5727519784,13151.976719902708,13273.33947152884,13394.6610068568,13519.778265155226,13644.828009476398,13769.810239820325,13894.724956186992,14019.572158576417,14162.022232759811,14304.388177710323,14446.669993427942,14588.867679912668,14730.981237164506,14851.318242990925,14971.555679050292,15091.693545342616,15211.731841867891,15331.670568626125,15442.727614929316,15553.724827682148,15664.662206884625,15775.539752536744,15886.357464638506,15988.319591975329,16090.134858898706,16191.80326540864,16293.324811505128,16394.699497188172,16474.833393346136,16554.78679890377,16634.559713861054,16714.152138218,16793.564071974604,16861.699364004427,16929.64098366611,16997.38893095966,17064.943205885065,17132.303808442335,17184.236273571558,17235.9818480263,17287.540531806553,17338.912324912333,17390.097227343627,17425.2377622085,17460.37829707337,17495.518831938243,17530.659366803113,17565.799901667982,17584.34287531762,17602.885848967257,17621.428822616894,17639.97179626653,17658.514769916168,17663.810506260208,17669.106242604244,17674.401978948277,17679.697715292314,17684.993451636354,17675.826602060344,17666.659752484335,17657.492902908325,17648.32605333232,17639.159203756313
"GCAM 8s","High - SSP5","World","Climate Assessment|Surface Temperature (GSAT)|33rd Percentile [MAGICC v7.6.0a3]","°C",1,1.1491,1.1657,1.1865,1.2108,1.2377,1.2612,1.28,1.297,1.3141,1.3312,1.3509,1.3714,1.3946,1.4204,1.4528,1.4817,1.5097,1.5353,1.5621,1.5884,1.6131,1.6353,1.6598,1.6866,1.7138,1.7457,1.7776,1.8104,1.8431,1.871,1.8953,1.9187,1.9432,1.9684,1.9948,2.0239,2.0547,2.0835,2.1119,2.142,2.1684,2.1944,2.2199,2.2453,2.2714,2.2996,2.3315,2.3671,2.4029,2.4341,2.4641,2.4895,2.5191,2.5468,2.5744,2.6018,2.6278,2.6569,2.6897,2.7249,2.7606,2.7941,2.8247,2.8528,2.8794,2.9043,2.9286,2.9543,2.9825,3.0138,3.0481,3.0832,3.1193,3.152,3.1809,3.2074,3.2329,3.261,3.2886,3.3155,3.3456
"GCAM 8s","High - SSP5","World","Climate Assessment|Surface Temperature (GSAT)|67th Percentile [MAGICC v7.6.0a3]","°C",1,1.2622,1.2817,1.3037,1.3307,1.3642,1.3921,1.4162,1.4383,1.4615,1.4839,1.5079,1.5314,1.5597,1.5927,1.6275,1.6638,1.697,1.7289,1.7612,1.7927,1.8214,1.8492,1.8789,1.911,1.9445,1.9803,2.0201,2.0599,2.1,2.1382,2.1703,2.2,2.2305,2.2602,2.2923,2.3271,2.3662,2.4034,2.4401,2.4782,2.5135,2.5462,2.5784,2.6121,2.6459,2.6791,2.7155,2.7539,2.7952,2.8358,2.874,2.9098,2.9451,2.9783,3.0104,3.0408,3.0725,3.1071,3.1454,3.186,3.2282,3.2692,3.3076,3.3427,3.3755,3.4101,3.4463,3.4812,3.5177,3.555,3.5974,3.6391,3.6817,3.722,3.7564,3.7861,3.82,3.853,3.886,3.9207,3.9574
"GCAM 8s","High - SSP5","World","Climate Assessment|Surface Temperature (GSAT)|Median [MAGICC v7.6.0a3]","°C",1,1.2035,1.2215,1.2429,1.2684,1.296,1.321,1.3422,1.361,1.3809,1.402,1.424,1.4478,1.4743,1.5013,1.5348,1.5693,1.6019,1.6332,1.6628,1.6901,1.7154,1.7423,1.7692,1.7992,1.8304,1.8631,1.8992,1.9365,1.9722,2.0049,2.0331,2.0602,2.0881,2.1158,2.1443,2.1763,2.2098,2.242,2.2735,2.305,2.3354,2.3652,2.3957,2.424,2.4551,2.4869,2.5207,2.5566,2.5925,2.6271,2.6592,2.689,2.718,2.7477,2.778,2.8082,2.8385,2.8705,2.9042,2.9413,2.9784,3.0114,3.0461,3.0792,3.1127,3.1438,3.174,3.2047,3.2369,3.2718,3.3121,3.3497,3.3898,3.4296,3.462,3.4919,3.5211,3.551,3.5813,3.6148,3.6493
"GCAM 8s","High-to-Low - SSP5","World","Climate Assessment|Effective Radiative Forcing|33rd Percentile [MAGICC v7.6.0a3]","W/m^2",1,2.566,2.556,2.6284,2.6932,2.7657,2.7999,2.8296,2.8602,2.8994,2.931,2.9748,3.0281,3.0868,3.1599,3.2407,3.2976,3.3577,3.4013,3.4551,3.4948,3.5351,3.5783,3.629,3.6863,3.7495,3.8307,3.9036,3.9849,4.0437,4.0782,4.1063,4.1407,4.1809,4.2247,4.2817,4.3488,4.4238,4.4756,4.534,4.5856,4.6235,4.6659,4.7088,4.7586,4.8147,4.8791,4.9613,5.0377,5.1008,5.1439,5.1763,5.2063,5.2402,5.2718,5.2964,5.3257,5.3526,5.3856,5.4304,5.4685,5.5022,5.5234,5.5377,5.5411,5.5465,5.5389,5.5386,5.544,5.5463,5.56,5.5831,5.5891,5.6064,5.5878,5.5554,5.5228,5.485,5.459,5.4323,5.4224,5.4135
"GCAM 8s","High-to-Low - SSP5","World","Climate Assessment|Effective Radiative Forcing|67th Percentile [MAGICC v7.6.0a3]","W/m^2",1,2.8229,2.8276,2.9005,2.9537,3.0279,3.0614,3.0863,3.1138,3.15,3.1782,3.2212,3.2695,3.3293,3.3986,3.4816,3.5389,3.6029,3.6484,3.703,3.7424,3.7848,3.8265,3.8825,3.9418,4.0072,4.0879,4.1659,4.2441,4.3042,4.3457,4.3751,4.4108,4.4515,4.4966,4.5539,4.6309,4.7065,4.7595,4.8173,4.8772,4.9136,4.9545,5.0023,5.0605,5.121,5.1835,5.2664,5.3421,5.4078,5.4605,5.4996,5.5317,5.5695,5.6097,5.6412,5.6771,5.7076,5.746,5.7877,5.8321,5.8665,5.8878,5.903,5.9119,5.9283,5.9209,5.9181,5.9164,5.9175,5.925,5.9432,5.9554,5.9683,5.9484,5.9193,5.8873,5.8546,5.8328,5.8138,5.8009,5.7935
"GCAM 8s","High-to-Low - SSP5","World","Climate Assessment|Effective Radiative Forcing|Median [MAGICC v7.6.0a3]","W/m^2",1,2.6983,2.6998,2.7568,2.8125,2.885,2.9257,2.9449,2.9764,3.0159,3.0536,3.0966,3.1452,3.2009,3.2745,3.3633,3.4218,3.488,3.5261,3.5777,3.6141,3.6551,3.6925,3.7468,3.8059,3.8687,3.9516,4.0256,4.1015,4.154,4.1961,4.225,4.2644,4.3066,4.3546,4.4097,4.4823,4.5558,4.6138,4.6694,4.7296,4.7685,4.8055,4.8501,4.9032,4.9611,5.0296,5.1203,5.1963,5.2607,5.3058,5.3468,5.3734,5.4056,5.439,5.4749,5.5061,5.5376,5.5748,5.6166,5.6555,5.6882,5.7149,5.7319,5.7319,5.7367,5.731,5.7321,5.7372,5.7403,5.7531,5.7692,5.7785,5.7936,5.7738,5.7442,5.7205,5.6856,5.6612,5.6298,5.6179,5.609
"GCAM 8s","High-to-Low - SSP5","World","Climate Assessment|Harmonized and Infilled|Emissions|CH4","Mt CH4/yr",1,,,,363.4899013289108,366.4098054662719,369.3306792315725,369.43012433919705,369.5276562469505,369.6232749548328,369.716980462844,369.8087727709839,371.4774323750351,373.146218607081,374.815131467122,376.4841709551576,378.1533370711882,380.13078150063615,382.1084663516224,384.0863916241469,386.0645573182098,388.042963433811,388.1156241414548,388.1880171906963,388.2601425815354,388.332000313972,388.4035903880063,388.66295660751,388.92143781194665,389.179034001316,389.43574517561854,389.6915713348537,392.0106820632511,394.3292792310288,396.6473628381864,398.96493288472425,401.2819893706422,403.0840071158704,404.88640815510666,406.6891924883511,408.4923601156036,410.29591103686425,412.3685284990537,414.4397542265384,416.5095882193186,418.57803047739407,420.645081000765,416.8657211540016,413.08893055949886,409.31470921725696,405.543057127276,401.7739742895559,398.8208543271437,395.8773116505417,392.94334625974994,390.0189581547684,387.1041473355971,381.1353135663173,375.1737320004257,369.219402637922,363.2723254788064,357.3325005230789,348.1981342884364,339.0637680537938,329.9294018191513,320.7950355845087,311.6606693498662,305.638560822756,299.6164522956458,293.5943437685355,287.57223524142535,281.5501267143151,275.27313794496814,268.9961491756212,262.7191604062743,256.44217163692736,250.1651828675804,244.21848822739645,238.27179358721247,232.3250989470285,226.3784043068445,220.4317096666605
"GCAM 8s","High-to-Low - SSP5","World","Climate Assessment|Harmonized and Infilled|Emissions|CO2","Mt CO2/yr",1,,,,42339.76770647963,42629.25008066629,42917.30041545461,42993.01053730829,43068.05357003152,43142.42951362429,43216.13836808659,43289.18013341846,43723.909410732536,44157.733802676215,44590.65330924948,45022.66793045231,45453.77766628475,46047.35258684079,46639.37905898814,47229.857082726805,47818.78665805679,48406.16778497808,49038.68174346641,49669.597358933424,50298.9146313791,50926.63356080345,51552.75414720648,51951.08028854614,52347.85289387639,52743.07196319726,53136.73749650871,53528.849493810776,54164.775547808495,54798.56059157083,55430.20462509781,56059.70764838942,56687.06966144565,57268.96387609388,57849.90751261414,58429.90057100645,59008.943051270784,59587.03495340715,59996.41252984836,60403.74164017215,60809.022284378494,61212.25446246741,61613.438174438896,60353.67340360098,59093.80740425931,57833.84017641387,56573.771720064666,55313.60203521171,53478.09155279939,51645.063982698906,49814.51932491027,47986.45757943347,46160.878746268514,44128.83225872403,42099.32463984209,40072.35588962265,38047.92600806574,36026.03499517135,33983.63494291908,31941.23489066681,29898.834838414543,27856.434786162277,25814.034733910008,23190.142191197672,20566.24964848534,17942.357105773008,15318.464563060672,12694.57202034834,10641.27272411933,8587.973427890316,6534.674131661306,4481.3748354323,2428.075539203288,1241.972908356678,55.87027751007008,-1130.2323533365395,-2316.334984183149,-3502.437615029759
"GCAM 8s","High-to-Low - SSP5","World","Climate Assessment|Harmonized and Infilled|Emissions|Kyoto Gases [AR6GWP100]","Mt CO2-equiv/yr",1,,,,57507.00308133636,57957.52069991427,58406.52665593943,58634.85806965892,58862.09495824984,59088.23732171218,59313.285160045925,59537.23847325112,60135.879238595226,60733.273145634696,61329.42019436951,61924.32038479966,62517.97371692519,63242.15687038489,63964.61651051951,64685.35263732904,65404.3652508135,66121.65435097288,66699.17536618507,67275.34344690265,67850.15859312566,68423.62080485404,68995.73008208786,69358.40166310417,69719.75843017132,70079.80038328933,70438.52752245816,70795.93984767784,71475.07282273343,72152.22481848602,72827.39583493563,73500.58587208224,74171.79492992585,74804.97732302602,75437.30878353638,76068.78931145697,76699.41890678772,77329.19756952868,77801.01646387788,78270.80679451283,78738.56856143352,79204.30176463994,79668.00640413212,78299.64129912018,76931.31644332307,75563.03183674082,74194.78747937341,72826.58337122086,70893.9802109965,68964.25802893999,67037.41682505135,65113.45659933059,63192.3773517777,60990.56422532147,58791.61100016216,56595.51767629972,54402.284253734186,52211.91073246556,49919.33756207477,47626.76439168398,45334.1912212932,43041.61805090241,40749.044880511625,37960.94689847332,35172.84891643501,32384.750934396707,29596.6529523584,26808.55497032009,24559.344187948944,22310.133405577795,20060.92262320665,17811.71184083551,15562.50105846436,14195.349594233689,12828.198130003017,11461.04666577234,10093.895201541667,8726.743737310995
"GCAM 8s","High-to-Low - SSP5","World","Climate Assessment|Harmonized and Infilled|Emissions|N2O","kt N2O/yr",1,,,,11289.003670665756,11425.907515652529,11562.9160895667,11701.28303640324,11839.643002523051,11977.995987926131,12116.341992612492,12254.68101658212,12361.29191714151,12467.893382486523,12574.485412617149,12681.068007533397,12787.641167235255,12909.127567755915,13030.5727519784,13151.976719902708,13273.33947152884,13394.6610068568,13519.778265155226,13644.828009476398,13769.810239820325,13894.724956186992,14019.572158576417,14162.022232759811,14304.388177710323,14446.669993427942,14588.867679912668,14730.981237164506,14851.318242990925,14971.555679050292,15091.693545342616,15211.731841867891,15331.670568626125,15442.727614929316,15553.724827682148,15664.662206884625,15775.539752536744,15886.357464638506,15988.319591975329,16090.134858898706,16191.80326540864,16293.324811505128,16394.699497188172,16421.158157572878,16447.551554539492,16473.879688088015,16500.142558218446,16526.34016493078,16501.52088663358,16476.872423369903,16452.39477513975,16428.08794194312,16403.95192378001,16383.0070192943,16362.253149633834,16341.690314798609,16321.318514788623,16301.137749603884,16304.949925131235,16308.762100658594,16312.574276185953,16316.386451713308,16320.198627240665,16292.973582908002,16265.748538575344,16238.523494242683,16211.298449910026,16184.073405577365,16098.340613183722,16012.607820790085,15926.87502839644,15841.142236002795,15755.409443609158,15689.360013906631,15623.310584204111,15557.261154501582,15491.211724799065,15425.162295096536
"GCAM 8s","High-to-Low - SSP5","World","Climate Assessment|Surface Temperature (GSAT)|33rd Percentile [MAGICC v7.6.0a3]","°C",1,1.1491,1.1657,1.1865,1.2108,1.2377,1.2612,1.28,1.2969,1.3141,1.3312,1.3508,1.3714,1.3945,1.4203,1.4528,1.4816,1.5096,1.5352,1.5621,1.5883,1.613,1.6352,1.6597,1.6864,1.7136,1.7455,1.7774,1.8101,1.8428,1.8708,1.8951,1.9183,1.9428,1.9679,1.9943,2.0233,2.0544,2.0832,2.1116,2.1416,2.168,2.194,2.2195,2.2449,2.271,2.2994,2.3321,2.3687,2.4038,2.4352,2.4627,2.4873,2.5141,2.5406,2.5648,2.5851,2.6042,2.6236,2.646,2.6704,2.694,2.7128,2.7305,2.7457,2.7581,2.7679,2.7756,2.7839,2.7919,2.7995,2.8128,2.827,2.8368,2.844,2.8492,2.8485,2.843,2.8351,2.8324,2.829,2.828
"GCAM 8s","High-to-Low - SSP5","World","Climate Assessment|Surface Temperature (GSAT)|67th Percentile [MAGICC v7.6.0a3]","°C",1,1.2622,1.2817,1.3037,1.3306,1.3641,1.3921,1.4161,1.4382,1.4615,1.4839,1.5078,1.5313,1.5596,1.5926,1.6274,1.6637,1.6969,1.7288,1.7611,1.7926,1.8213,1.8491,1.8787,1.9109,1.9442,1.98,2.0198,2.0595,2.0995,2.1376,2.1699,2.1996,2.23,2.2596,2.2919,2.3266,2.3657,2.4029,2.4395,2.4774,2.5131,2.5457,2.578,2.6115,2.6456,2.679,2.7165,2.7565,2.7991,2.84,2.8775,2.9106,2.9383,2.963,2.9881,3.0107,3.0386,3.067,3.0959,3.1252,3.1536,3.1801,3.2045,3.2214,3.24,3.2586,3.2744,3.2863,3.2956,3.3073,3.3214,3.3365,3.3517,3.3623,3.3718,3.3766,3.3766,3.3721,3.3689,3.3651,3.365
"GCAM 8s","High-to-Low - SSP5","World","Climate Assessment|Surface Temperature (GSAT)|Median [MAGICC v7.6.0a3]","°C",1,1.2035,1.2215,1.2429,1.2684,1.296,1.3209,1.3422,1.361,1.3809,1.402,1.424,1.4477,1.4742,1.5013,1.5347,1.5693,1.6018,1.6332,1.6627,1.69,1.7153,1.7423,1.769,1.7991,1.8302,1.863,1.8989,1.9362,1.9718,2.0046,2.0328,2.0599,2.0877,2.1154,2.1439,2.1759,2.2094,2.2416,2.2732,2.3047,2.335,2.3648,2.3953,2.4235,2.4544,2.4867,2.5215,2.5585,2.5957,2.6292,2.6608,2.6878,2.7141,2.7412,2.7663,2.7908,2.8145,2.8384,2.8628,2.8874,2.9117,2.9331,2.9561,2.9752,2.9925,3.004,3.0139,3.0257,3.0389,3.0537,3.0704,3.0857,3.0993,3.1094,3.113,3.1137,3.1095,3.1071,3.1052,3.1023,3.1036
"GCAM 8s","Low - SSP2","World","Climate Assessment|Effective Radiative Forcing|33rd Percentile [MAGICC v7.6.0a3]","W/m^2",1,2.566,2.556,2.6284,2.6941,2.7717,2.8139,2.8503,2.886,2.9248,2.957,2.9914,3.0211,3.0541,3.1066,3.1731,3.2042,3.2449,3.2596,3.285,3.2875,3.289,3.2944,3.3081,3.3244,3.3392,3.3714,3.3921,3.4146,3.4197,3.3984,3.3741,3.3586,3.3442,3.3327,3.3318,3.3442,3.3525,3.3446,3.338,3.3321,3.3076,3.2853,3.266,3.2546,3.246,3.244,3.2606,3.2701,3.2692,3.256,3.2382,3.2132,3.1974,3.183,3.1644,3.1516,3.1398,3.1376,3.1434,3.1486,3.1516,3.1424,3.1315,3.1079,3.0933,3.0709,3.0508,3.0398,3.0297,3.0316,3.0411,3.0432,3.0574,3.0351,3.0055,2.9835,2.9532,2.9323,2.9113,2.9074,2.9107
"GCAM 8s","Low - SSP2","World","Climate Assessment|Effective Radiative Forcing|67th Percentile [MAGICC v7.6.0a3]","W/m^2",1,2.8229,2.8276,2.9005,2.9551,3.0317,3.0739,3.1134,3.1438,3.1851,3.2179,3.2477,3.2784,3.3162,3.3656,3.4251,3.4617,3.504,3.5197,3.5447,3.5513,3.5524,3.554,3.5595,3.5729,3.5909,3.6258,3.6469,3.6672,3.6727,3.6523,3.6251,3.6063,3.5906,3.5761,3.5741,3.584,3.5969,3.5912,3.5855,3.5787,3.5596,3.5392,3.5222,3.512,3.5026,3.4985,3.5113,3.522,3.526,3.5129,3.4973,3.4726,3.4594,3.4477,3.4291,3.4166,3.4053,3.4011,3.4051,3.407,3.405,3.3952,3.3846,3.3651,3.3512,3.3223,3.304,3.2946,3.2875,3.2889,3.2994,3.3046,3.3084,3.2914,3.2639,3.238,3.2116,3.1959,3.1754,3.1681,3.1701
"GCAM 8s","Low - SSP2","World","Climate Assessment|Effective Radiative Forcing|Median [MAGICC v7.6.0a3]","W/m^2",1,2.6983,2.6998,2.7568,2.8137,2.89,2.937,2.9747,3.0086,3.0511,3.0792,3.1176,3.1448,3.1829,3.2347,3.2952,3.3297,3.374,3.3876,3.4125,3.412,3.4123,3.4144,3.4305,3.4412,3.4603,3.4888,3.5116,3.5388,3.5431,3.5288,3.4997,3.4817,3.464,3.4543,3.4534,3.465,3.4807,3.4754,3.472,3.4644,3.4402,3.4148,3.3935,3.381,3.3713,3.3669,3.3822,3.3973,3.4011,3.3905,3.3719,3.3428,3.3255,3.3135,3.2981,3.2875,3.2769,3.2725,3.2754,3.2806,3.2843,3.2751,3.2651,3.2451,3.2304,3.2013,3.1826,3.1695,3.158,3.1604,3.1717,3.177,3.1837,3.165,3.1359,3.1084,3.0771,3.0584,3.0395,3.0322,3.0378
"GCAM 8s","Low - SSP2","World","Climate Assessment|Harmonized and Infilled|Emissions|CH4","Mt CH4/yr",1,,,,363.4899013289108,364.35224732849446,365.2162230183231,355.38829529560576,345.5711363964364,335.7647463208149,325.9691250687414,316.1842726402159,311.361229186453,306.5444230559422,301.73385424868354,296.9295227646769,292.1314286039225,285.0338500692769,277.9484727843606,270.8752967491736,263.8143219637158,256.76554842798737,249.2680822666616,241.77794635538567,234.2951406941596,226.8196652829832,219.35152012185665,213.27706423434333,207.20708227866575,201.14157425482404,195.08054016281807,189.023980002648,186.30249774532615,183.58395388911455,180.8683484340133,178.15568138002237,175.44595272714167,173.38779531267616,171.33148490012627,169.27702148949203,167.22440508077332,165.17363567397024,163.98992331095943,162.80750296475605,161.62637463536012,160.44653832277163,159.26799402699055,158.06779186736566,156.86846041605983,155.66999967307305,154.4724096384054,153.27569031205678,151.9645825996367,150.65424534067512,149.34467853517205,148.03588218312746,146.7278562845414,144.99038045031995,143.25364031927944,141.51763589141984,139.78236716674118,138.04783414524343,136.75946639892533,135.47109865260728,134.1827309062892,132.89436315997114,131.6059954136531,130.3616984925019,129.11740157135068,127.87310465019948,126.62880772904828,125.38451080789709,123.83041053407032,122.27631026024356,120.7222099864168,119.16810971259,117.61400943876323,116.36004634867196,115.10608325858068,113.8521201684894,112.59815707839812,111.34419398830684
"GCAM 8s","Low - SSP2","World","Climate Assessment|Harmonized and Infilled|Emissions|CO2","Mt CO2/yr",1,,,,42339.76770647963,42483.4070504429,42625.3264098621,40987.69431390302,39351.479352907896,37716.681526876746,36083.30083580955,34451.3372797063,34001.05733730543,33551.0163569576,33101.21433866284,32651.651282421124,32202.327188232463,30696.057933809487,29189.71007519792,27683.283612397747,26176.778545408983,24670.194874231624,23712.3939213632,22755.80691449017,21800.433853612514,20846.27473873025,19893.329569843376,19223.046253189623,18553.23261508049,17883.88865551597,17215.014374496066,16546.60977202078,15770.755594774617,14995.044785836257,14219.477345205698,13444.053272882946,12668.772568867998,12173.1500747001,11677.540254012842,11181.943106806222,10686.358633080245,10190.786832834903,9812.759285516237,9434.571191055627,9056.22254945308,8677.713360708593,8299.04362482217,7809.724886642212,7320.255394819766,6830.635149354832,6340.864150247412,5851.117894869546,5464.117617511406,5076.925231771564,4689.54073765002,4301.964135146773,3914.195424261824,3501.860237434971,3089.337693686497,2676.627793016401,2263.7305354246823,1850.6459209113425,1510.2572791639332,1169.8686374165247,829.4799956691159,489.0913539217074,148.70271217429854,-191.38123322057072,-531.4651786154393,-871.5491240103095,-1211.6330694051787,-1551.7170148000482,-1903.5807843428563,-2255.444553885665,-2607.308323428473,-2959.1263624699814,-3310.9442838680834,-3576.335534174809,-3841.726784481533,-4107.118034788258,-4372.509285094983,-4637.900535401708
"GCAM 8s","Low - SSP2","World","Climate Assessment|Harmonized and Infilled|Emissions|Kyoto Gases [AR6GWP100]","Mt CO2-equiv/yr",1,,,,57507.00308133636,57740.79730528185,57972.846440729176,56081.165870913785,54190.976128603856,52302.27721379941,50415.06912650041,48529.351866706886,48016.49645234502,47503.82781740862,46991.34596189773,46479.05088581232,45966.94258915241,44265.285900945295,42563.84373664267,40862.61609624456,39161.60297975093,37460.80438716181,36178.66959539666,34898.34465156562,33619.829555668635,32343.124307705748,31068.22890767694,30136.743782554247,29206.21452856729,28276.64114571607,27348.02363400059,26420.36199342085,25512.99044786167,24606.09159308452,23699.665429089408,22793.71195587633,21888.231173445285,21311.17650602097,20734.325751143304,20157.67890881229,19581.23597902793,19004.99696179022,18581.07781762648,18157.138571659056,17733.179223887953,17309.199774313176,16885.200222934724,16353.517075744478,15821.769958719044,15289.958871858422,14758.083815162616,14226.320286003664,13785.65659634407,13344.879864547938,12903.990090615272,12462.987274546063,12021.871416340322,11536.171677119588,11050.341440953289,10564.38070784142,10078.289477783988,9592.06775078099,9200.486993716013,8808.906236651033,8417.325479586056,8025.744722521078,7634.1639654560995,7247.794895639623,6861.425825823147,6475.056756006668,6088.687686190192,5702.318616373715,5286.745880389861,4871.173144406007,4455.600408422153,4040.0734029395994,3624.5465151004514,3307.584329664504,2990.6221442285555,2673.659958792606,2356.69777335666,2039.735587920712
"GCAM 8s","Low - SSP2","World","Climate Assessment|Harmonized and Infilled|Emissions|N2O","kt N2O/yr",1,,,,11289.003670665756,11406.687469594215,11524.485031991271,11366.578908717618,11208.795859841532,11051.135885363004,10893.598985282044,10736.185159598648,10775.183299692962,10814.315305750732,10853.58117777195,10892.98091575662,10932.51451970474,10894.986579773871,10857.607442245511,10820.377107119666,10783.295574396332,10746.362844075513,10746.91448622597,10747.609574775555,10748.44810972427,10749.43009107211,10750.55551881907,10788.704400990557,10826.986056292157,10865.400484723876,10903.947686285714,10942.627660977669,10979.75767890817,11016.980692089226,11054.296700520834,11091.705704202996,11129.207703135717,11170.849557985526,11212.56362389109,11254.3499008524,11296.208388869463,11338.139087942276,11386.32008307482,11434.563440052634,11482.869158875714,11531.237239544058,11579.667682057672,11596.950771016678,11614.288530962182,11631.680961894184,11649.12806381268,11666.62983671768,11662.585726307569,11658.584658491724,11654.626633270143,11650.71165064283,11646.83971060978,11607.388930583034,11567.96931320848,11528.58085848613,11489.223566415978,11449.897436998026,11427.02479437624,11404.152151754452,11381.27950913267,11358.406866510888,11335.5342238891,11313.666564032055,11291.798904175015,11269.931244317972,11248.06358446093,11226.195924603886,11181.932680591392,11137.669436578904,11093.406192566412,11049.14294855392,11004.879704541429,10967.948802471836,10931.01790040224,10894.086998332645,10857.15609626305,10820.225194193456
"GCAM 8s","Low - SSP2","World","Climate Assessment|Surface Temperature (GSAT)|33rd Percentile [MAGICC v7.6.0a3]","°C",1,1.1491,1.1657,1.1865,1.211,1.2383,1.2626,1.2839,1.3037,1.323,1.3406,1.3584,1.3777,1.396,1.4145,1.4372,1.4606,1.4824,1.5,1.5146,1.5276,1.5355,1.5463,1.5549,1.5629,1.5735,1.5858,1.5988,1.61,1.6218,1.6301,1.6336,1.6344,1.6309,1.632,1.6333,1.6354,1.6407,1.6428,1.644,1.6445,1.6431,1.6391,1.6346,1.6306,1.6272,1.6255,1.6276,1.6314,1.6361,1.6374,1.6359,1.6317,1.6278,1.6239,1.6189,1.6149,1.6109,1.6079,1.6066,1.6087,1.6092,1.6105,1.6089,1.6053,1.6019,1.5975,1.5925,1.5874,1.5837,1.5827,1.5811,1.5825,1.5827,1.5819,1.5777,1.5711,1.563,1.5552,1.5482,1.5435,1.542
"GCAM 8s","Low - SSP2","World","Climate Assessment|Surface Temperature (GSAT)|67th Percentile [MAGICC v7.6.0a3]","°C",1,1.2622,1.2817,1.3037,1.3308,1.3649,1.3953,1.4231,1.448,1.4737,1.4963,1.5208,1.5442,1.5672,1.5945,1.6233,1.6524,1.6816,1.7042,1.7254,1.7436,1.757,1.7695,1.7821,1.7942,1.8085,1.825,1.8443,1.8594,1.8723,1.8811,1.8862,1.8886,1.8899,1.8923,1.8965,1.9017,1.9073,1.9131,1.9175,1.9204,1.9217,1.9225,1.9229,1.9216,1.9218,1.9225,1.9263,1.9294,1.9334,1.9362,1.9357,1.9348,1.9325,1.9293,1.9271,1.925,1.9217,1.921,1.9185,1.9214,1.9229,1.9228,1.9213,1.9184,1.9167,1.9128,1.9054,1.9007,1.8971,1.8941,1.8936,1.8957,1.9005,1.9017,1.898,1.8915,1.8846,1.8784,1.8726,1.8682,1.8659
"GCAM 8s","Low - SSP2","World","Climate Assessment|Surface Temperature (GSAT)|Median [MAGICC v7.6.0a3]","°C",1,1.2035,1.2215,1.2429,1.2686,1.2966,1.3232,1.3473,1.3682,1.3912,1.4143,1.4352,1.4567,1.4752,1.4982,1.5258,1.5492,1.5736,1.5942,1.6145,1.6302,1.6421,1.6533,1.6628,1.6732,1.6849,1.6992,1.7141,1.7282,1.7406,1.7498,1.7541,1.7545,1.7537,1.7517,1.7532,1.7548,1.7623,1.766,1.77,1.7732,1.7741,1.7697,1.7681,1.7658,1.7643,1.7646,1.768,1.7727,1.7767,1.7778,1.7773,1.7745,1.7716,1.7708,1.7669,1.7647,1.7634,1.7617,1.762,1.7637,1.7655,1.7657,1.7641,1.7615,1.7574,1.7529,1.7488,1.7448,1.7409,1.7407,1.7429,1.7447,1.7474,1.747,1.7426,1.7353,1.7289,1.7226,1.7165,1.7109,1.7062
"GCAM 8s","Low-to-Negative - SSP2","World","Climate Assessment|Effective Radiative Forcing|33rd Percentile [MAGICC v7.6.0a3]","W/m^2",1,2.566,2.556,2.6284,2.6939,2.7708,2.8116,2.8463,2.8818,2.9193,2.9536,2.9903,3.029,3.0681,3.1245,3.1924,3.2315,3.2756,3.2928,3.3192,3.3214,3.3201,3.3163,3.3238,3.329,3.3418,3.3651,3.3814,3.3996,3.3949,3.3662,3.3256,3.2924,3.2667,3.2433,3.2307,3.2249,3.2278,3.2082,3.1898,3.174,3.1345,3.1023,3.0695,3.0451,3.024,3.006,3.008,3.0033,2.9906,2.9632,2.9262,2.8847,2.8554,2.8264,2.7951,2.77,2.7421,2.723,2.7125,2.7019,2.6886,2.666,2.6388,2.6033,2.5702,2.5266,2.4892,2.4657,2.4437,2.4349,2.4315,2.4235,2.4223,2.3907,2.3467,2.31,2.271,2.2393,2.211,2.1978,2.1915
"GCAM 8s","Low-to-Negative - SSP2","World","Climate Assessment|Effective Radiative Forcing|67th Percentile [MAGICC v7.6.0a3]","W/m^2",1,2.8229,2.8276,2.9005,2.9549,3.031,3.0716,3.1087,3.1387,3.1786,3.214,3.2491,3.2838,3.3278,3.3812,3.4443,3.4856,3.5346,3.5515,3.5812,3.5855,3.5815,3.5689,3.5676,3.5745,3.5876,3.6101,3.6251,3.6384,3.6303,3.6019,3.5635,3.5328,3.5049,3.4853,3.4708,3.4643,3.4606,3.4399,3.4267,3.4107,3.3797,3.3476,3.3156,3.2909,3.2664,3.2483,3.249,3.2447,3.2349,3.2096,3.1744,3.1344,3.1012,3.0715,3.038,3.0099,2.9808,2.9594,2.9474,2.9341,2.9244,2.9018,2.8756,2.838,2.8092,2.7726,2.7397,2.7142,2.6924,2.6752,2.6695,2.6555,2.6516,2.6191,2.5741,2.5375,2.5001,2.4729,2.4415,2.4228,2.4115
"GCAM 8s","Low-to-Negative - SSP2","World","Climate Assessment|Effective Radiative Forcing|Median [MAGICC v7.6.0a3]","W/m^2",1,2.6983,2.6998,2.7568,2.8135,2.8891,2.9349,2.9682,3.0043,3.0466,3.0783,3.1146,3.1549,3.195,3.2498,3.3147,3.3561,3.4051,3.4227,3.447,3.4461,3.44,3.4394,3.4384,3.4461,3.4571,3.4827,3.4983,3.516,3.511,3.4838,3.4456,3.4112,3.3831,3.3584,3.3455,3.3472,3.3476,3.3296,3.3114,3.294,3.2595,3.2224,3.1888,3.163,3.1398,3.1248,3.1278,3.1277,3.1175,3.0871,3.0532,3.0113,2.9788,2.9482,2.9137,2.8852,2.8561,2.8348,2.8278,2.8184,2.8037,2.7813,2.7579,2.7227,2.6942,2.6499,2.6156,2.5911,2.5669,2.5557,2.5541,2.5445,2.5378,2.504,2.4643,2.4255,2.389,2.3601,2.3318,2.3158,2.3085
"GCAM 8s","Low-to-Negative - SSP2","World","Climate Assessment|Harmonized and Infilled|Emissions|CH4","Mt CH4/yr",1,,,,363.4899013289108,364.2723429152288,365.0564251577193,358.5494842173224,352.0472116524258,345.54960746302925,339.056671649133,332.56840421073696,326.67443744990646,320.7903487986814,314.9161382570618,309.0518058250476,303.1973515026388,290.70790533206093,278.236803942034,265.7840473325579,253.34963550363275,240.93356845525847,232.88815443292373,224.8499009630106,216.8188080455192,208.79487568044945,200.77810386780132,195.7353564134106,190.69574823464995,185.6592793315193,180.62594970401875,175.5957593521483,173.22395217912407,170.85419231914935,168.48647977222396,166.12081453834804,163.75719661752154,161.76729446990984,159.77877948457572,157.7916516615192,155.80591100074022,153.82155750223887,152.36529029317106,150.91008305353452,149.4559357833292,148.00284848255515,146.55082115121232,144.550813874417,142.5517232891935,140.5535493955418,138.5562921934619,136.55995168295382,135.3379037749108,134.11650323246116,132.89575005560488,131.6756442443419,130.4561857986723,129.33985480328673,128.2238953509979,127.10830744180583,125.99309107571048,124.87824625271188,123.70988894405752,122.54153163540312,121.37317432674875,120.2048170180944,119.03645970944004,117.99035710352324,116.94425449760648,115.89815189168968,114.85204928577288,113.80594667985608,112.7552449163843,111.70454315291246,110.65384138944066,109.60313962596886,108.55243786249704,107.81146647557564,107.07049508865428,106.32952370173284,105.58855231481144,104.84758092789004
"GCAM 8s","Low-to-Negative - SSP2","World","Climate Assessment|Harmonized and Infilled|Emissions|CO2","Mt CO2/yr",1,,,,42339.76770647963,42449.94511795434,42558.42637747475,41335.79061298694,40114.1022233053,38893.361208429866,37673.5675683606,36454.72130309751,35858.33858688724,35263.15542778232,34669.17182578276,34076.387780888566,33484.80329309973,31057.324287937536,28626.19884093999,26191.426952107104,23753.008621438872,21310.943848935305,20054.132820389917,18798.32040167971,17543.506592804697,16289.691393764875,15036.874804560242,13574.14101192935,12111.80086116328,10649.854352262028,9188.301485225598,7727.142260053993,6778.060127499976,5829.138679927903,4880.377917337771,3931.7778397295833,2983.3384471033373,2222.302466951769,1461.1789683477552,699.9679512912969,-61.33058421760711,-822.7166381789559,-1525.6579108048636,-2228.8896142114577,-2932.411748398737,-3636.2243133667016,-4340.327309115351,-5088.8271287053485,-5837.638329956721,-6586.760912869467,-7336.194877443586,-8085.940223679081,-8523.674613687335,-8961.553472297008,-9399.576799508104,-9837.744595320615,-10276.056859734552,-10640.967020629128,-11005.942320748494,-11370.982760092656,-11736.088338661608,-12101.259056455354,-12392.751355798408,-12684.243655141468,-12975.73595448452,-13267.228253827576,-13558.72055317063,-13792.353793139258,-14025.987033107886,-14259.620273076514,-14493.253513045142,-14726.886753013769,-14932.80142661774,-15138.71610022171,-15344.630773825682,-15550.545447429651,-15756.460121033624,-15857.793284144444,-15959.126447255265,-16060.459610366084,-16161.792773476904,-16263.125936587723
"GCAM 8s","Low-to-Negative - SSP2","World","Climate Assessment|Harmonized and Infilled|Emissions|Kyoto Gases [AR6GWP100]","Mt CO2-equiv/yr",1,,,,57507.00308133636,57705.49407388817,57902.26202486666,56545.5100029217,55189.58143210546,53834.4767158671,52480.195450757456,51126.73804022569,50425.52059578007,49725.57075824553,49026.88832589748,48329.47309701135,47633.32547503628,44821.42563262569,42006.37790745409,39188.18250124606,36366.83901055245,33542.347838822425,31942.49227270589,30344.235077617417,28747.575850107856,27152.51499362636,25559.052104723774,23862.881861535257,22167.544585356984,20473.04067963811,18779.369942654062,17086.53217268027,16015.55574264026,14945.039867973475,13874.984548679911,12805.389583034996,11736.255374487882,10889.278576738188,10042.38549793174,9195.576138068538,8348.85049714858,7502.208575171871,6736.24066596002,5970.114400912215,5203.829780028453,4437.386803308735,3670.785470753061,2838.2990794657426,2005.5833445165224,1172.6384676299808,339.4644488061168,-493.9387119550698,-987.3591487891754,-1480.8503123752992,-1974.412000988871,-2468.0442146298838,-2961.746953298344,-3373.546000057638,-3785.359039155426,-4197.186070591712,-4609.026892641914,-5020.881908755189,-5362.078082836732,-5703.2742569182765,-6044.470430999818,-6385.666403356781,-6726.862577438324,-7001.759042648698,-7276.65550785907,-7551.551973069447,-7826.448236555242,-8101.344701765616,-8350.186635241384,-8599.028568717156,-8847.870502192925,-9096.712435668693,-9345.554369144464,-9474.5909918047,-9603.627816189512,-9732.664640574329,-9861.701464959142,-9990.738289343955
"GCAM 8s","Low-to-Negative - SSP2","World","Climate Assessment|Harmonized and Infilled|Emissions|N2O","kt N2O/yr",1,,,,11289.003670665756,11406.917378783066,11524.94034325653,11432.242254348776,11339.606778848516,11247.033916755752,11154.523668070484,11062.076032792713,11066.832428138036,11071.784071642787,11076.930963306964,11082.273103130568,11087.810491113594,10959.179111037553,10830.740326603736,10702.494137812151,10574.4405446628,10446.579547155674,10445.180484693698,10443.94381353683,10442.86953368507,10441.957645138422,10441.208147896888,10441.828371386471,10442.55620888348,10443.391660387902,10444.334725899744,10445.385405418996,10473.048830178892,10500.774926432488,10528.563694179778,10556.415133420767,10584.329244155457,10607.65133923042,10631.025562897212,10654.451915155838,10677.9303960063,10701.461005448597,10710.708675372713,10720.001601808994,10729.339784757434,10738.723224218036,10748.151920190798,10697.536185061228,10646.943608395186,10596.37419019267,10545.82793045368,10495.30482917822,10474.60651230258,10453.939862103569,10433.304878581175,10412.701561735405,10392.12991156626,10366.7016458196,10341.30230875312,10315.931900366812,10290.590420660685,10265.277869634729,10235.604606141633,10205.931342648537,10176.258079155445,10146.584815662349,10116.911552169253,10093.272769084037,10069.633985998822,10045.995202913606,10022.35641982839,9998.717636743177,9974.956983222222,9951.196329701266,9927.435676180314,9903.67502265936,9879.914369138409,9872.112347555456,9864.310325972509,9856.50830438956,9848.70628280661,9840.90426122366
"GCAM 8s","Low-to-Negative - SSP2","World","Climate Assessment|Surface Temperature (GSAT)|33rd Percentile [MAGICC v7.6.0a3]","°C",1,1.1491,1.1657,1.1865,1.211,1.2382,1.2623,1.2832,1.3026,1.3223,1.3404,1.3577,1.3774,1.3968,1.418,1.4414,1.4666,1.4907,1.5102,1.5271,1.5391,1.5474,1.5573,1.5639,1.5709,1.5763,1.5875,1.5982,1.6089,1.6181,1.6227,1.6193,1.6146,1.6096,1.6043,1.5996,1.5968,1.5958,1.593,1.5901,1.5865,1.5793,1.5703,1.5596,1.5507,1.5427,1.5363,1.5325,1.529,1.5244,1.52,1.5131,1.5041,1.4952,1.4838,1.4731,1.4609,1.4508,1.4417,1.4329,1.4283,1.4222,1.4152,1.4078,1.3975,1.3859,1.3702,1.3565,1.3441,1.3314,1.3225,1.3147,1.3098,1.3034,1.2948,1.2828,1.269,1.2569,1.2459,1.2329,1.2223,1.2141
"GCAM 8s","Low-to-Negative - SSP2","World","Climate Assessment|Surface Temperature (GSAT)|67th Percentile [MAGICC v7.6.0a3]","°C",1,1.2622,1.2817,1.3037,1.3308,1.3648,1.3948,1.4216,1.4462,1.4722,1.4944,1.5193,1.5433,1.5672,1.5973,1.6275,1.6582,1.6895,1.7152,1.7372,1.7567,1.7705,1.7813,1.7917,1.8022,1.813,1.8285,1.8429,1.8538,1.8639,1.8714,1.8702,1.8687,1.8653,1.8634,1.8615,1.8596,1.861,1.8609,1.8604,1.8593,1.8547,1.8469,1.8398,1.8341,1.8275,1.8201,1.8159,1.8145,1.8117,1.8054,1.7951,1.7837,1.7731,1.7583,1.746,1.7368,1.7245,1.7134,1.7055,1.7011,1.6968,1.6899,1.6808,1.6699,1.6586,1.6481,1.6332,1.6206,1.6052,1.5955,1.5888,1.5841,1.58,1.5736,1.5639,1.5539,1.5388,1.5254,1.5103,1.4979,1.4862
"GCAM 8s","Low-to-Negative - SSP2","World","Climate Assessment|Surface Temperature (GSAT)|Median [MAGICC v7.6.0a3]","°C",1,1.2035,1.2215,1.2429,1.2685,1.2965,1.3228,1.3463,1.3668,1.389,1.4115,1.4347,1.4556,1.4763,1.5005,1.5293,1.5548,1.5818,1.6048,1.6257,1.6421,1.6546,1.6647,1.6733,1.6816,1.6918,1.7018,1.7147,1.7282,1.7381,1.7409,1.7381,1.7335,1.7324,1.7268,1.723,1.722,1.723,1.724,1.7203,1.7178,1.7119,1.7042,1.6968,1.6902,1.6831,1.6753,1.6693,1.6666,1.6657,1.6613,1.6544,1.643,1.6312,1.62,1.6089,1.5968,1.5863,1.5767,1.5683,1.5625,1.5575,1.5498,1.5407,1.5312,1.519,1.506,1.4931,1.4804,1.467,1.4571,1.4502,1.4438,1.4378,1.4294,1.4189,1.4067,1.3934,1.3791,1.3656,1.3532,1.3431
"GCAM 8s","Medium - SSP2","World","Climate Assessment|Effective Radiative Forcing|33rd Percentile [MAGICC v7.6.0a3]","W/m^2",1,2.566,2.556,2.6284,2.694,2.7714,2.8117,2.8455,2.8807,2.9213,2.9558,2.9971,3.0347,3.0789,3.1355,3.2041,3.243,3.2885,3.3159,3.3544,3.3757,3.3908,3.4094,3.4456,3.4851,3.5277,3.5878,3.6352,3.6876,3.7183,3.7317,3.7374,3.752,3.7676,3.7858,3.8167,3.8608,3.9041,3.9302,3.9594,3.9896,3.9978,4.0132,4.0256,4.0477,4.071,4.1019,4.1528,4.2,4.2386,4.257,4.2671,4.2738,4.2905,4.3118,4.3281,4.3507,4.3723,4.404,4.4403,4.4802,4.5148,4.5416,4.5694,4.5837,4.6038,4.6081,4.6221,4.6461,4.6731,4.7109,4.7566,4.7984,4.8426,4.8588,4.8645,4.8744,4.8841,4.9011,4.9147,4.9449,4.9828
"GCAM 8s","Medium - SSP2","World","Climate Assessment|Effective Radiative Forcing|67th Percentile [MAGICC v7.6.0a3]","W/m^2",1,2.8229,2.8276,2.9005,2.9551,3.0314,3.0717,3.1074,3.1379,3.1789,3.2148,3.2527,3.2882,3.3349,3.3914,3.4621,3.5003,3.5463,3.5708,3.6054,3.6249,3.6487,3.6669,3.7003,3.7403,3.7846,3.8469,3.8951,3.9474,3.9798,3.991,4.0005,4.0184,4.0373,4.0599,4.0913,4.1358,4.1814,4.2088,4.2436,4.2726,4.2801,4.2965,4.3117,4.3364,4.3616,4.3918,4.4377,4.4808,4.5235,4.547,4.5653,4.5771,4.597,4.6187,4.6402,4.6661,4.6921,4.7224,4.7657,4.808,4.8462,4.8689,4.8963,4.9135,4.9339,4.9485,4.9651,4.9867,5.017,5.0597,5.1009,5.1402,5.1849,5.2023,5.2142,5.2253,5.2343,5.2559,5.2806,5.3105,5.3418
"GCAM 8s","Medium - SSP2","World","Climate Assessment|Effective Radiative Forcing|Median [MAGICC v7.6.0a3]","W/m^2",1,2.6983,2.6998,2.7568,2.8136,2.8896,2.9347,2.9658,3.004,3.0442,3.0819,3.1181,3.1578,3.2051,3.2611,3.3331,3.3751,3.4225,3.4454,3.4816,3.4986,3.517,3.535,3.5669,3.6027,3.647,3.708,3.7611,3.812,3.8426,3.8541,3.8559,3.8703,3.8872,3.9102,3.9452,3.991,4.0406,4.0669,4.1034,4.1356,4.1442,4.1563,4.1687,4.1934,4.2205,4.2536,4.3056,4.3573,4.3931,4.4137,4.4275,4.4345,4.4522,4.4735,4.4924,4.5146,4.5357,4.5667,4.6076,4.6466,4.6861,4.7141,4.7373,4.7503,4.7691,4.7735,4.7874,4.8118,4.8401,4.8832,4.9295,4.9699,5.0148,5.032,5.0389,5.0484,5.0588,5.0742,5.0918,5.1205,5.157
"GCAM 8s","Medium - SSP2","World","Climate Assessment|Harmonized and Infilled|Emissions|CH4","Mt CH4/yr",1,,,,363.4899013289108,364.5077219150345,365.527166736462,362.5432838003272,359.5644341108934,356.5906176681604,353.6218344721284,350.65808452279725,348.8417591302835,347.02726785348466,345.2146106924006,343.4037876470313,341.59479871737693,341.4618602674617,341.33132845376485,341.2032032762865,341.0774847350266,340.9541728299852,337.8522061178208,334.7552644218505,331.6633477420743,328.5764560784921,325.4945894311039,322.4730029414019,319.45549154530715,316.4420552428196,313.43269403393936,310.4274079186664,309.34228052631335,308.26058470498145,307.18232045467096,306.10748777538174,305.0360866671139,304.6053256829374,304.17790076478,303.7538119126417,303.33305912652247,302.91564240642225,302.8728732703886,302.83219474965915,302.79360684423386,302.7571095541127,302.7227028792957,302.15773789364385,301.594855221313,301.03405486230315,300.47533681661423,299.9187010842463,299.633109953608,299.34896911479643,299.06627856781165,298.7850383126537,298.5052483493225,297.2516020329376,296.00043393539016,294.75174405668025,293.5055323968078,292.2617989557728,291.76149823363824,291.2611975115036,290.76089678936904,290.2605960672344,289.76029534509985,288.3909055676771,287.02151579025434,285.6521260128316,284.28273623540883,282.91334645798617,281.8581172224338,280.8028879868815,279.7476587513292,278.6924295157769,277.6372002802246,276.4360740190781,275.2349477579316,274.0338214967851,272.8326952356386,271.6315689744921
"GCAM 8s","Medium - SSP2","World","Climate Assessment|Harmonized and Infilled|Emissions|CO2","Mt CO2/yr",1,,,,42339.76770647963,42482.60492364263,42623.76759596505,41832.05214025934,41040.851812172485,40250.16661170449,39459.99653885532,38670.34159362502,38530.13773047381,38389.67277740732,38248.94673442552,38107.959601528426,37966.71137871603,38013.113973399166,38058.28048979949,38102.21092791697,38144.90528775165,38186.363569303496,38176.45981954595,38165.65932875819,38153.962096940224,38141.368124092056,38127.87741021368,38025.59246089705,37922.82263803935,37819.56794164058,37715.82837170073,37611.6039282198,37650.35226221204,37688.43398727712,37725.84910341504,37762.59761062583,37798.67950890945,37661.39263210702,37523.69575606266,37385.58888077636,37247.07200624812,37108.14513247796,37000.688369151256,36892.59411183983,36783.86236054369,36674.49311526283,36564.48637599724,36381.77563241103,36198.72209107301,36015.32575198318,35831.586615141554,35647.504680548096,35569.33742834076,35490.64602671488,35411.43047567045,35331.69077520746,35251.42692532591,35109.12226106508,34966.31605764479,34823.00831506509,34679.199033325945,34534.888212427366,34472.04131092211,34409.194409416865,34346.347507911625,34283.50060640637,34220.653704901124,34044.21137571999,33867.76904653887,33691.32671735775,33514.88438817662,33338.4420589955,33163.22984758546,32988.01763617543,32812.80542476539,32637.593213355354,32462.38100194532,32275.482105671785,32088.583209398254,31901.68431312473,31714.7854168512,31527.886520577667
"GCAM 8s","Medium - SSP2","World","Climate Assessment|Harmonized and Infilled|Emissions|Kyoto Gases [AR6GWP100]","Mt CO2-equiv/yr",1,,,,57507.00308133636,57744.22217182001,57979.74118950928,57177.89995890483,56376.47383350876,55575.46281332105,54774.86689834167,53974.68608857067,53875.21592266511,53775.27129647643,53674.852210004654,53573.95866324973,53472.5906562117,53564.55393237316,53655.238299745695,53744.64375832929,53832.770308124,53919.61794912979,53727.67911373018,53535.32959584882,53342.56939548572,53149.39851264088,52955.8169473143,52699.812255983365,52443.760624593495,52187.66205314469,51931.51654163694,51675.324090070266,51646.04451094319,51616.41360203895,51586.43136335754,51556.09779489901,51525.41289666329,51364.469381242736,51203.33016905557,51041.99526010176,50880.46465438133,50718.73835189428,50605.44525263317,50491.65182627007,50377.358072804986,50262.5639922379,50147.26958456882,49952.17281926544,49756.82652739989,49561.23070897216,49365.38536398228,49169.29049243023,49086.43285832275,49003.12559302441,48919.36869653521,48835.16216885513,48750.50600998417,48571.39650778345,48391.883868157056,48211.96809110504,48031.64917662738,47850.92712472408,47784.06241248597,47717.19770024787,47650.332988009766,47583.46827577166,47516.603563533565,47299.53551742517,47082.467471316806,46865.39942520843,46648.33137910005,46431.26333299168,46226.281819941,46021.30030689033,45816.31879383967,45611.33728078899,45406.35576773832,45188.51572935446,44970.6756909706,44752.83565258675,44534.99561420289,44317.15557581903
"GCAM 8s","Medium - SSP2","World","Climate Assessment|Harmonized and Infilled|Emissions|N2O","kt N2O/yr",1,,,,11289.003670665756,11406.355673008737,11523.820442157024,11522.90486198624,11522.121102493267,11521.469163678104,11520.949045540743,11520.560748081194,11603.10393559491,11685.68975869485,11768.318217381026,11850.989311653426,11933.703041512055,12019.555549006222,12105.41964866427,12191.295340486196,12277.182624472009,12363.081500621696,12430.702225516034,12498.33959340902,12565.99360430064,12633.664258190904,12701.351555079813,12796.73554272632,12892.121045515756,12987.508063448113,13082.896596523397,13178.286644741607,13282.693995261025,13387.068137399394,13491.409071156728,13595.71679653302,13699.991313528277,13787.644677125312,13875.28045539382,13962.898648333789,14050.499255945228,14138.082278228138,14219.844106587148,14301.555797729208,14383.217351654335,14464.82876836253,14546.390047853776,14610.455791164302,14674.458854775714,14738.399238688016,14802.276942901197,14866.09196741527,14928.678802240544,14991.20951020726,15053.684091315425,15116.102545565022,15178.464872956069,15208.632321424884,15238.782876659156,15268.916538658876,15299.03330742406,15329.133182954683,15394.682858785754,15460.232534616827,15525.782210447896,15591.331886278967,15656.881562110038,15670.03856860551,15683.195575100986,15696.352581596464,15709.509588091934,15722.666594587412,15747.592621796177,15772.518649004942,15797.444676213703,15822.370703422472,15847.296730631237,15869.917044368634,15892.537358106036,15915.157671843435,15937.777985580831,15960.39829931823
"GCAM 8s","Medium - SSP2","World","Climate Assessment|Surface Temperature (GSAT)|33rd Percentile [MAGICC v7.6.0a3]","°C",1,1.1491,1.1657,1.1865,1.211,1.2383,1.2623,1.2832,1.3024,1.3224,1.3408,1.3587,1.3779,1.3975,1.4191,1.4452,1.47,1.4954,1.5173,1.536,1.553,1.5695,1.5858,1.5993,1.6192,1.6355,1.6584,1.6834,1.7079,1.7305,1.7494,1.7633,1.7752,1.7894,1.8048,1.8205,1.8371,1.8552,1.8723,1.8899,1.9061,1.9203,1.9346,1.9491,1.9642,1.9756,1.9888,2.0072,2.0282,2.0464,2.0625,2.0768,2.0881,2.102,2.1149,2.1276,2.1407,2.1542,2.1688,2.1861,2.2025,2.2192,2.2349,2.2498,2.2637,2.2766,2.289,2.3008,2.3139,2.3283,2.3449,2.3642,2.3806,2.3977,2.4157,2.4313,2.443,2.4553,2.469,2.4825,2.4959,2.5106
"GCAM 8s","Medium - SSP2","World","Climate Assessment|Surface Temperature (GSAT)|67th Percentile [MAGICC v7.6.0a3]","°C",1,1.2622,1.2817,1.3037,1.3308,1.3649,1.3949,1.4213,1.4458,1.4722,1.4949,1.5198,1.5443,1.5695,1.5983,1.6293,1.66,1.6884,1.7158,1.7405,1.7647,1.7831,1.8025,1.8238,1.8454,1.8686,1.894,1.9223,1.952,1.9808,2.0043,2.0235,2.0398,2.0567,2.0744,2.0955,2.1177,2.1402,2.1634,2.1865,2.2068,2.2282,2.2457,2.2617,2.2775,2.2946,2.3122,2.3345,2.3566,2.3783,2.3987,2.4171,2.4349,2.4528,2.469,2.4866,2.505,2.5237,2.5431,2.5655,2.5895,2.614,2.6375,2.6584,2.6774,2.6954,2.7111,2.7254,2.7401,2.7569,2.7777,2.8021,2.8241,2.848,2.8704,2.8877,2.9027,2.9151,2.9305,2.9465,2.9643,2.9821
"GCAM 8s","Medium - SSP2","World","Climate Assessment|Surface Temperature (GSAT)|Median [MAGICC v7.6.0a3]","°C",1,1.2035,1.2215,1.2429,1.2686,1.2966,1.3229,1.346,1.3665,1.3889,1.4118,1.4349,1.4568,1.4793,1.504,1.5327,1.5605,1.5882,1.6129,1.6357,1.6561,1.6759,1.6939,1.713,1.7327,1.7539,1.7772,1.8026,1.829,1.8535,1.8731,1.8891,1.9051,1.9188,1.9319,1.9485,1.9671,1.9892,2.0125,2.0338,2.0528,2.0689,2.0828,2.0967,2.1094,2.1247,2.142,2.1647,2.1891,2.2106,2.2301,2.2463,2.2611,2.275,2.2893,2.302,2.3138,2.3308,2.3464,2.3645,2.3853,2.4047,2.4232,2.4427,2.4629,2.4825,2.4992,2.5158,2.5323,2.5486,2.5657,2.5839,2.6048,2.6275,2.6476,2.6634,2.677,2.6895,2.7025,2.716,2.7332,2.7506
"GCAM 8s","Medium-to-Low - SSP2","World","Climate Assessment|Effective Radiative Forcing|33rd Percentile [MAGICC v7.6.0a3]","W/m^2",1,2.566,2.556,2.6284,2.694,2.7713,2.8117,2.8454,2.8805,2.9211,2.9555,2.9967,3.0341,3.0781,3.1347,3.2031,3.2418,3.2875,3.3147,3.353,3.3739,3.3922,3.4155,3.4553,3.495,3.5368,3.594,3.6409,3.6885,3.7139,3.7188,3.7149,3.7232,3.7259,3.7324,3.7559,3.782,3.8095,3.8202,3.8316,3.8413,3.8293,3.8193,3.8073,3.8007,3.7938,3.7968,3.8189,3.834,3.8369,3.8285,3.8115,3.7922,3.7783,3.7666,3.7532,3.745,3.7365,3.7338,3.7429,3.7534,3.7623,3.7581,3.7533,3.7364,3.727,3.7017,3.6882,3.6804,3.6737,3.6839,3.6971,3.7059,3.718,3.7034,3.6776,3.657,3.6357,3.6225,3.6108,3.6101,3.6163
"GCAM 8s","Medium-to-Low - SSP2","World","Climate Assessment|Effective Radiative Forcing|67th Percentile [MAGICC v7.6.0a3]","W/m^2",1,2.8229,2.8276,2.9005,2.9551,3.0314,3.0716,3.1073,3.1377,3.1786,3.2145,3.2523,3.2876,3.3341,3.3905,3.4611,3.4992,3.545,3.5694,3.6039,3.6228,3.6488,3.6761,3.7122,3.7519,3.7937,3.8574,3.8995,3.9478,3.9739,3.9848,3.9841,3.9903,3.9967,4.0075,4.028,4.0541,4.0818,4.0904,4.1013,4.108,4.0944,4.0855,4.0738,4.0731,4.074,4.0791,4.0927,4.1194,4.1233,4.1146,4.099,4.0821,4.0713,4.0582,4.0467,4.0378,4.0279,4.0257,4.0336,4.0429,4.0488,4.0412,4.0354,4.0198,4.012,3.9888,3.9726,3.9658,3.9598,3.9683,3.9813,3.989,3.9987,3.9816,3.9605,3.9425,3.9202,3.908,3.8953,3.8922,3.8988
"GCAM 8s","Medium-to-Low - SSP2","World","Climate Assessment|Effective Radiative Forcing|Median [MAGICC v7.6.0a3]","W/m^2",1,2.6983,2.6998,2.7568,2.8136,2.8895,2.9347,2.9657,3.0039,3.044,3.0816,3.1176,3.1571,3.2043,3.2603,3.332,3.3742,3.4214,3.4442,3.4799,3.497,3.518,3.5425,3.5757,3.6141,3.6558,3.7182,3.7611,3.8077,3.8326,3.8408,3.8374,3.8435,3.8502,3.864,3.8874,3.9189,3.9526,3.9608,3.9712,3.9803,3.9697,3.9616,3.9485,3.9427,3.9382,3.9418,3.9629,3.9789,3.9868,3.9769,3.9584,3.9392,3.9292,3.9189,3.9034,3.8932,3.8827,3.882,3.8886,3.8986,3.9036,3.9,3.8943,3.8773,3.8657,3.8415,3.8278,3.8227,3.8175,3.8221,3.8323,3.843,3.8531,3.8359,3.8148,3.7926,3.7713,3.7572,3.7455,3.7412,3.7472
"GCAM 8s","Medium-to-Low - SSP2","World","Climate Assessment|Harmonized and Infilled|Emissions|CH4","Mt CH4/yr",1,,,,363.4899013289108,364.4869609285356,365.4856486439897,362.5016464038295,359.5226808874305,356.54875209479275,353.5798600259161,350.6160046808008,348.8010676252375,346.98795951888434,345.17668036174086,343.36723015380744,341.55960889508384,341.41130555711675,341.2653933677225,341.121872326901,340.9807424346524,340.8420036909765,334.4438997602962,328.05419179621333,321.67287979872816,315.2999637678405,308.9354437035505,304.07851981922096,299.22865139383066,294.38583842737984,289.55008091986826,284.7213788712961,279.5694736756032,274.4244398093964,269.28627727267553,264.1549860654408,259.030566187692,251.63647041302505,244.248818470372,236.86761035973268,229.49284608110727,222.12452563449568,217.99691209450367,213.8735604011612,209.7544705544684,205.6396425544251,201.52907640103143,199.4469030017171,197.36713887448943,195.28978401934845,193.21483843629412,191.14230212532647,189.452245426605,187.7639183279468,186.07732082935183,184.3924529308202,182.70931463235183,181.11492366107544,179.5218616992118,177.9301287467611,176.3397248037232,174.75064987009813,173.27695496120916,171.80326005232013,170.3295651434311,168.85587023454207,167.3821753256531,166.0720488463905,164.76192236712794,163.45179588786533,162.14166940860278,160.8315429293402,159.495058196995,158.15857346464972,156.8220887323045,155.48560399995924,154.149119267614,152.60660514990906,151.06409103220412,149.52157691449918,147.9790627967942,146.4365486790893
"GCAM 8s","Medium-to-Low - SSP2","World","Climate Assessment|Harmonized and Infilled|Emissions|CO2","Mt CO2/yr",1,,,,42339.76770647963,42481.74221588073,42622.04519626908,41804.97230561584,40988.63922397862,40173.0459513574,39358.19248775218,38544.07883316297,38404.2909756824,38264.42218504218,38124.47246124231,37984.4418042828,37844.33021416366,37904.7688445975,37964.34744329372,38023.066010252325,38080.92454547331,38137.92304895668,37360.32228063706,36583.094552420014,35806.23986430554,35029.75821629366,34253.64960838436,33341.32303271115,32430.601032475035,31521.48360767601,30613.97075831408,29708.062484389244,28979.58175866271,28252.61390557907,27527.158925138338,26803.21681734051,26080.787582185578,25024.90295314973,23970.081045196905,22916.32185832711,21863.625392540343,20811.991647836607,19994.74897163967,19177.894846073337,18361.42927113761,17545.352246832485,16729.66377315796,15963.06907841083,15196.666420318474,14430.455798880896,13664.437214098094,12898.610665970067,12294.610848710045,11690.677381977588,11086.810265772696,10483.009500095372,9879.275084945615,9425.019234275947,8970.73902029778,8516.434443011112,8062.105502415944,7607.7521985122785,7239.335740485541,6870.919282458801,6502.502824432063,6134.086366405325,5765.669908378587,5389.890299907518,5014.11069143645,4638.378929022948,4262.76252173645,3887.1461144499526,3544.177408163895,3201.2087018778366,2858.2399955917795,2515.271289305723,2172.3025830196657,1816.799646160593,1461.2967093015195,1105.7937724424476,750.290835583375,394.7878987243022
"GCAM 8s","Medium-to-Low - SSP2","World","Climate Assessment|Harmonized and Infilled|Emissions|Kyoto Gases [AR6GWP100]","Mt CO2-equiv/yr",1,,,,57507.00308133636,57742.78104410246,57976.86212295343,57149.509626675885,56322.79694765056,55496.72408587744,54671.29104135652,53846.49781408782,53747.150512315486,53647.50845466717,53547.57164114289,53447.34007174265,53346.81374646645,53451.64797119877,53555.57810169992,53658.6041379699,53760.72608000873,53861.943927816406,52788.171745806416,51715.38771299161,50643.59182937197,49572.78409494752,48502.96450971825,47377.89804353129,46254.99075988248,45134.24265877184,44015.65374019936,42899.22400416504,41972.40033367442,41047.5513034533,40124.67691350168,39203.77716381957,38284.85205440696,36981.97787244806,35680.50799820545,34380.44243167914,33081.781172869145,31784.52422177545,30832.46663505686,29881.03648515413,28930.233772067277,27980.05849579627,27030.510656341132,26203.783546032177,25377.3969071868,24551.350739805,23725.64504388677,22900.27981943212,22240.30086909821,21580.527245767076,20920.958949438707,20261.59598011313,19602.43833779032,19099.547264569675,18596.734515695203,18094.00009116689,17591.343990984744,17088.766215148764,16675.49206531209,16262.217915475418,15848.943765638744,15435.669615802077,15022.395465965405,14608.65148399092,14194.907502016442,13781.211366099526,13367.630585309616,12954.049804519706,12568.168429506728,12182.287054493749,11796.405679480771,11410.524304467794,11024.642929454816,10615.448777298878,10206.25462514294,9797.060472987005,9387.866320831065,8978.672168675128
"GCAM 8s","Medium-to-Low - SSP2","World","Climate Assessment|Harmonized and Infilled|Emissions|N2O","kt N2O/yr",1,,,,11289.003670665756,11406.331378119086,11523.772091695344,11522.52465144039,11521.409217353448,11520.42578943452,11519.574367683606,11518.854952100704,11601.101409757304,11683.391036207404,11765.723831451,11848.099795488097,11930.518928318686,12015.963380688096,12101.420397061229,12186.889977438075,12272.372121818653,12357.866830202944,12367.469188475548,12377.18472795966,12387.013448655274,12396.955350562392,12407.010433681016,12481.838568379051,12556.732355211405,12631.691794178074,12706.716885279058,12781.807628514356,12852.053668175822,12922.401121490617,12992.84998845873,13063.400269080172,13134.051963354936,13161.54656367916,13189.164947691756,13216.907115392729,13244.773066782083,13272.762801859812,13318.926690208871,13365.200104268202,13411.583044037792,13458.075509517645,13504.677500707758,13549.318109211468,13594.071822515612,13638.938640620185,13683.91856352518,13729.011591230605,13749.474492275329,13770.097775041872,13790.881439530243,13811.82548574044,13832.929913672451,13853.87212449758,13874.944297825705,13896.14643365682,13917.478531990926,13938.940592828028,13961.623373563993,13984.30615429996,14006.988935035928,14029.6717157719,14052.354496507867,14070.536498832793,14088.718501157717,14106.90050348264,14125.082505807562,14143.26450813249,14152.109938824386,14160.95536951628,14169.800800208175,14178.646230900074,14187.49166159197,14176.019674374978,14164.54768715799,14153.075699941,14141.603712724009,14130.131725507015
"GCAM 8s","Medium-to-Low - SSP2","World","Climate Assessment|Surface Temperature (GSAT)|33rd Percentile [MAGICC v7.6.0a3]","°C",1,1.1491,1.1657,1.1865,1.211,1.2383,1.2623,1.2832,1.3024,1.3223,1.3407,1.3586,1.3778,1.3973,1.4189,1.4449,1.4696,1.495,1.5168,1.5354,1.5525,1.5692,1.5861,1.6006,1.6214,1.6382,1.6613,1.6836,1.7079,1.7298,1.7446,1.7539,1.7639,1.7768,1.7881,1.7996,1.8121,1.8251,1.8362,1.8463,1.8559,1.8634,1.8691,1.8733,1.8755,1.8772,1.8812,1.8863,1.894,1.9007,1.9056,1.9063,1.9051,1.9027,1.9024,1.9028,1.9031,1.9003,1.8989,1.9005,1.9043,1.907,1.9098,1.9086,1.9078,1.9078,1.906,1.9033,1.9004,1.8989,1.9003,1.9046,1.9099,1.9152,1.9172,1.916,1.9121,1.907,1.9034,1.9007,1.8995,1.9
"GCAM 8s","Medium-to-Low - SSP2","World","Climate Assessment|Surface Temperature (GSAT)|67th Percentile [MAGICC v7.6.0a3]","°C",1,1.2622,1.2817,1.3037,1.3308,1.3648,1.3949,1.4212,1.4458,1.4721,1.4948,1.5197,1.5442,1.5692,1.598,1.6289,1.6597,1.6879,1.7153,1.74,1.7641,1.7827,1.8037,1.8259,1.8488,1.8735,1.9018,1.9302,1.9571,1.9836,2.0034,2.0201,2.0358,2.0491,2.0633,2.0785,2.0948,2.1134,2.1292,2.1431,2.1572,2.1692,2.1753,2.183,2.1861,2.1907,2.1976,2.2057,2.2154,2.2265,2.2359,2.2413,2.2436,2.2445,2.2464,2.2461,2.2468,2.247,2.2484,2.2512,2.256,2.2629,2.2679,2.27,2.269,2.2688,2.2662,2.263,2.2611,2.2616,2.2631,2.2667,2.2713,2.2781,2.2821,2.2816,2.279,2.2763,2.2759,2.2749,2.2747,2.276
"GCAM 8s","Medium-to-Low - SSP2","World","Climate Assessment|Surface Temperature (GSAT)|Median [MAGICC v7.6.0a3]","°C",1,1.2035,1.2215,1.2429,1.2686,1.2966,1.3229,1.3459,1.3665,1.3889,1.4117,1.4348,1.4566,1.4791,1.5037,1.5324,1.5602,1.5878,1.6125,1.6352,1.6556,1.6756,1.6947,1.7148,1.7346,1.7558,1.7795,1.8046,1.8302,1.8531,1.8715,1.886,1.899,1.911,1.9196,1.9318,1.9449,1.9611,1.9768,1.9889,1.9999,2.0065,2.0124,2.0144,2.0163,2.0212,2.0277,2.0347,2.0422,2.0532,2.0626,2.0667,2.0673,2.0673,2.0685,2.0692,2.0688,2.072,2.0744,2.0789,2.0841,2.0895,2.0928,2.0929,2.0947,2.0945,2.0929,2.0898,2.0876,2.0878,2.0889,2.0912,2.096,2.1012,2.1038,2.1035,2.1007,2.0975,2.094,2.0912,2.0895,2.0902
"GCAM 8s","Very Low - SSP1","World","Climate Assessment|Effective Radiative Forcing|33rd Percentile [MAGICC v7.6.0a3]","W/m^2",1,2.566,2.556,2.6284,2.6942,2.7718,2.815,2.8528,2.8877,2.9246,2.9546,2.988,3.0162,3.0441,3.0909,3.1387,3.1599,3.1853,3.1788,3.1819,3.1707,3.1519,3.136,3.1251,3.1194,3.114,3.1314,3.1379,3.1402,3.1262,3.0889,3.0351,2.996,2.9564,2.9224,2.9028,2.8979,2.8927,2.8707,2.8503,2.8308,2.789,2.7501,2.7177,2.6908,2.6654,2.6472,2.6491,2.6469,2.6352,2.6072,2.5732,2.5371,2.5086,2.4835,2.456,2.4337,2.4124,2.3991,2.3951,2.3941,2.3879,2.3731,2.3571,2.3316,2.3128,2.2826,2.2581,2.2433,2.2305,2.2302,2.2374,2.2396,2.2465,2.2261,2.1964,2.169,2.1397,2.1201,2.1022,2.0968,2.1027
"GCAM 8s","Very Low - SSP1","World","Climate Assessment|Effective Radiative Forcing|67th Percentile [MAGICC v7.6.0a3]","W/m^2",1,2.8229,2.8276,2.9005,2.955,3.0318,3.0752,3.1146,3.1417,3.1803,3.2108,3.2383,3.2684,3.3004,3.3397,3.3894,3.4081,3.4344,3.4277,3.4337,3.4157,3.3922,3.3708,3.3569,3.3484,3.3463,3.3548,3.3556,3.3603,3.3461,3.3131,3.2675,3.228,3.1966,3.1658,3.1434,3.1346,3.1286,3.1058,3.0833,3.059,3.0207,2.9801,2.9506,2.9233,2.8985,2.8797,2.8737,2.8691,2.8587,2.8347,2.8024,2.7657,2.7401,2.7135,2.6871,2.6656,2.6443,2.6305,2.6226,2.6181,2.6115,2.5963,2.5799,2.5549,2.5368,2.5053,2.4828,2.4692,2.4572,2.4581,2.4646,2.4671,2.4731,2.453,2.4224,2.3947,2.3691,2.3522,2.3348,2.3272,2.3296
"GCAM 8s","Very Low - SSP1","World","Climate Assessment|Effective Radiative Forcing|Median [MAGICC v7.6.0a3]","W/m^2",1,2.6983,2.6998,2.7568,2.8139,2.89,2.9375,2.976,3.0113,3.0459,3.0784,3.1113,3.1419,3.17,3.2137,3.2632,3.2836,3.3037,3.2968,3.299,3.2833,3.2658,3.246,3.235,3.2298,3.2308,3.2425,3.2406,3.2488,3.2372,3.2032,3.157,3.1143,3.0762,3.0442,3.0254,3.0178,3.0157,2.9894,2.9678,2.9439,2.9007,2.8635,2.8292,2.8009,2.7776,2.7613,2.7616,2.7598,2.749,2.7248,2.6903,2.6507,2.6235,2.6001,2.5739,2.5523,2.5297,2.5184,2.5157,2.5133,2.507,2.4921,2.4748,2.4485,2.428,2.398,2.3735,2.3595,2.3483,2.3461,2.3523,2.3536,2.3618,2.3385,2.3095,2.2828,2.2573,2.2403,2.2229,2.2149,2.2171
"GCAM 8s","Very Low - SSP1","World","Climate Assessment|Harmonized and Infilled|Emissions|CH4","Mt CH4/yr",1,,,,363.4899013289108,364.3324720657771,365.1764829518734,352.68952693972426,340.2162855340834,327.7567587349509,315.31094654232686,302.8788489562112,289.82321270971465,276.7845444096374,263.7628440559795,250.75811164874077,237.7703471879213,227.47544452541,217.1902321886587,206.91471017766733,196.64887849243595,186.39273713296447,179.39707636240462,172.4048692658668,165.41611584335106,158.4308160948574,151.4489700203858,145.66574550465097,139.88506251259795,134.10692104422668,128.3313210995372,122.55826267852954,121.12668672828944,119.69655995479371,118.26788235804246,116.8406539380356,115.4148746947732,113.13965417792168,110.86512224004976,108.59127888115744,106.31812410124466,104.0456579003115,102.520417809635,100.99571296951532,99.47154337995246,97.9479090409464,96.42480995249711,94.95517943163038,93.48594550189983,92.0171081633055,90.54866741584736,89.0806232595254,88.50640768854929,87.93251957888211,87.35895893052384,86.7857257434745,86.21282001773409,85.63165278810447,85.05073200441623,84.4700576666693,83.88962977486376,83.30944832899957,82.72523289676829,82.141017464537,81.55680203230571,80.97258660007442,80.38837116784315,79.77126188961259,79.15415261138202,78.53704333315146,77.9199340549209,77.30282477669033,76.63568153824221,75.96853829979412,75.301395061346,74.63425182289788,73.96710858444978,73.24037442732313,72.51364027019648,71.78690611306985,71.06017195594319,70.33343779881656
"GCAM 8s","Very Low - SSP1","World","Climate Assessment|Harmonized and Infilled|Emissions|CO2","Mt CO2/yr",1,,,,42339.76770647963,42385.54347362135,42429.92273414396,40290.707191085865,38153.84345007267,36019.33151110436,33887.17137418095,31757.363039302407,29632.477798726075,27506.419000985414,25379.186646080416,23250.78073401107,21121.20126477739,19495.08154599226,17866.51079600774,16235.489014823834,14602.016202440547,12966.092358857875,11723.35525322456,10481.00659665525,9239.046389149944,7997.474630708636,6756.291321331335,5820.1155593748135,4884.150485887643,3948.396100869822,3012.852404321351,2077.519396242231,1626.4195317432868,1174.8658560669037,722.8583692130785,270.39707118181377,-182.51803802689145,-655.770056507168,-1129.383870845282,-1603.3594810412335,-2077.696887095024,-2552.396089006651,-2720.3071584741456,-2888.456932328424,-3056.8454105694877,-3225.472593197335,-3394.338480211967,-3552.098937308977,-3709.987040406918,-3868.002789505788,-4026.146184605589,-4184.417225706319,-4204.708006892705,-4225.06727353106,-4245.495025621385,-4265.991263163678,-4286.555986157942,-4321.25194478812,-4355.968961498288,-4390.7070362884415,-4425.466169158583,-4460.24636010871,-4525.258507117531,-4590.270654126351,-4655.28280113517,-4720.294948143992,-4785.3070951528125,-4865.751892275179,-4946.196689397547,-5026.641486519914,-5107.086283642281,-5187.531080764649,-5282.477413827044,-5377.423746889439,-5472.370079951836,-5567.316413014229,-5662.262746076624,-5774.585802504602,-5886.908858932578,-5999.231915360556,-6111.554971788533,-6223.87802821651
"GCAM 8s","Very Low - SSP1","World","Climate Assessment|Harmonized and Infilled|Emissions|Kyoto Gases [AR6GWP100]","Mt CO2-equiv/yr",1,,,,57507.00308133636,57654.62054245018,57800.78850292749,55321.08029247842,52843.86330462945,50369.13749447502,47896.90295182624,45427.15958687198,42938.867526727045,40449.67319430974,37959.57663452559,35468.57784737459,32976.67687776227,31023.41009061328,29067.90899606462,27110.173683927354,25150.204109295963,23188.00027217044,21619.674109277603,20052.181427073217,18485.522270462807,16919.69654963531,15354.704354401796,14143.595984493864,12933.09703485938,11723.207505498334,10513.927396410732,9305.256707596573,8756.279877719853,8207.09766811026,7657.709988956734,7108.116930070336,6558.318446545537,5972.195966639584,5385.839106614138,4799.247911374724,4212.422291110284,3625.362335631879,3377.7589031727475,3130.006185385239,2882.1042271748825,2634.0529387306187,2385.8523649579765,2154.370030214944,1922.809353795088,1691.1703806039372,1459.4530208304327,1227.6573193801053,1170.3691393621757,1113.0679359690027,1055.7537092005855,998.426503962456,941.0862304435512,871.940871300009,802.8123305220115,733.7006530150901,664.6057489681863,595.5276632868296,494.22916197104826,392.9307055607968,291.63220424501554,190.3337029292337,89.03520161345276,-25.97935174458848,-140.99395000816082,-256.00854827173146,-371.0231465353022,-486.0377447988738,-618.9189153166484,-751.8000409288921,-884.6812114466691,-1017.5623819644408,-1150.443552482216,-1302.62867164243,-1454.8137908026442,-1606.9989099628583,-1759.184029123073,-1911.3691033777573
"GCAM 8s","Very Low - SSP1","World","Climate Assessment|Harmonized and Infilled|Emissions|N2O","kt N2O/yr",1,,,,11289.003670665756,11420.37817543418,11551.895361004625,11339.770027005883,11127.740788528756,10915.807645573252,10703.97059813936,10492.22964622709,10335.937905403487,10179.789622158354,10023.78479649168,9867.923428403476,9712.205517893732,9557.272427149592,9402.45059280602,9247.740014863011,9093.140693320573,8938.652628178701,8866.167151418285,8793.747624137803,8721.394046337251,8649.10641801663,8576.884739175943,8499.058905770526,8421.293963527394,8343.58991244654,8265.946752527969,8188.364483771677,8203.552497846884,8218.736719361854,8233.917148316585,8249.09378471108,8264.266628545336,8205.321297939357,8146.354921510907,8087.367499259992,8028.359031186606,7969.329517290753,7928.797687469223,7888.238667356425,7847.652456952361,7807.039056257027,7766.3984652704285,7702.9933837406525,7639.552870599568,7576.076925847175,7512.56554948347,7449.018741508457,7430.274847934172,7411.532009255379,7392.790225472083,7374.04949658428,7355.309822591971,7329.840052347936,7304.367333726132,7278.891666726559,7253.413051349217,7227.931487594108,7195.829667773814,7163.727847953523,7131.626028133229,7099.524208312939,7067.422388492647,7032.97760604444,6998.532823596236,6964.088041148031,6929.643258699825,6895.198476251623,6858.08445109449,6820.970425937359,6783.856400780227,6746.742375623096,6709.628350465964,6666.106180835525,6622.584011205086,6579.061841574647,6535.539671944207,6492.017502313768
"GCAM 8s","Very Low - SSP1","World","Climate Assessment|Surface Temperature (GSAT)|33rd Percentile [MAGICC v7.6.0a3]","°C",1,1.1491,1.1657,1.1865,1.211,1.2383,1.2629,1.2841,1.3034,1.3221,1.3385,1.3565,1.374,1.3918,1.4099,1.4316,1.449,1.4634,1.4756,1.4827,1.4866,1.4893,1.4917,1.4888,1.4913,1.4938,1.5005,1.5048,1.511,1.5128,1.5092,1.5015,1.491,1.4795,1.4705,1.4604,1.4536,1.4483,1.4439,1.4376,1.4301,1.4206,1.4088,1.3983,1.3874,1.3781,1.3697,1.3644,1.3615,1.3577,1.3507,1.3415,1.3286,1.3156,1.3057,1.2962,1.2864,1.2758,1.268,1.26,1.2546,1.2508,1.2458,1.241,1.2345,1.228,1.2193,1.2098,1.2011,1.1932,1.1875,1.1839,1.182,1.1813,1.1775,1.1711,1.1643,1.1561,1.1475,1.1391,1.1307,1.1267
"GCAM 8s","Very Low - SSP1","World","Climate Assessment|Surface Temperature (GSAT)|67th Percentile [MAGICC v7.6.0a3]","°C",1,1.2622,1.2817,1.3037,1.3308,1.3649,1.3952,1.4228,1.4475,1.4735,1.4952,1.519,1.5414,1.5646,1.5894,1.6166,1.6426,1.6638,1.6801,1.6923,1.7026,1.7085,1.7113,1.7164,1.7197,1.7241,1.7321,1.738,1.7447,1.7478,1.746,1.742,1.7315,1.7226,1.7155,1.7094,1.7047,1.7016,1.6973,1.6917,1.6854,1.6765,1.6674,1.6575,1.6471,1.635,1.6263,1.6205,1.6153,1.6106,1.6027,1.5922,1.5803,1.5676,1.5579,1.5473,1.5373,1.5273,1.519,1.5124,1.5069,1.5026,1.4984,1.493,1.4855,1.4759,1.467,1.4557,1.4465,1.4387,1.4335,1.4309,1.4306,1.432,1.429,1.4235,1.4171,1.4066,1.3977,1.3918,1.3856,1.3823
"GCAM 8s","Very Low - SSP1","World","Climate Assessment|Surface Temperature (GSAT)|Median [MAGICC v7.6.0a3]","°C",1,1.2035,1.2215,1.2429,1.2686,1.2966,1.3234,1.3478,1.3686,1.3914,1.4133,1.433,1.454,1.4717,1.4941,1.5175,1.537,1.5561,1.5713,1.5826,1.5904,1.5932,1.5973,1.5983,1.597,1.6027,1.6087,1.6155,1.6214,1.6256,1.6251,1.6195,1.6109,1.5977,1.5885,1.5792,1.5754,1.5715,1.5667,1.5603,1.5533,1.5441,1.5331,1.5217,1.5107,1.5008,1.4903,1.4841,1.4802,1.4763,1.4717,1.4634,1.4523,1.4408,1.4303,1.4199,1.4105,1.4019,1.3912,1.3842,1.3806,1.3772,1.3718,1.3656,1.3573,1.3483,1.3383,1.3288,1.3196,1.3121,1.3065,1.3036,1.302,1.3027,1.3,1.294,1.2869,1.279,1.271,1.2635,1.2565,1.2515
"IMAGE 3.4","High - SSP3","World","Climate Assessment|Effective Radiative Forcing|33rd Percentile [MAGICC v7.6.0a3]","W/m^2",1,2.566,2.556,2.6284,2.6848,2.7408,2.7728,2.805,2.8345,2.8764,2.9084,2.9474,2.9773,3.0212,3.0798,3.1602,3.2183,3.2997,3.3411,3.4061,3.4478,3.4828,3.5204,3.5747,3.638,3.7057,3.7903,3.8673,3.952,4.0127,4.0525,4.0905,4.1449,4.2008,4.2592,4.3301,4.4099,4.4909,4.5578,4.6229,4.6856,4.7256,4.7585,4.795,4.8393,4.8847,4.9379,5.0085,5.0688,5.1237,5.1643,5.1948,5.2153,5.2438,5.2727,5.3026,5.3362,5.3692,5.4066,5.4511,5.5039,5.55,5.5862,5.6206,5.6481,5.6816,5.707,5.7362,5.7748,5.8115,5.8571,5.9166,5.9648,6.0188,6.0458,6.0665,6.0858,6.1046,6.1344,6.1636,6.2079,6.2595
"IMAGE 3.4","High - SSP3","World","Climate Assessment|Effective Radiative Forcing|67th Percentile [MAGICC v7.6.0a3]","W/m^2",1,2.8229,2.8276,2.9005,2.9464,3.0067,3.0394,3.0731,3.1023,3.1375,3.1737,3.2195,3.2621,3.3098,3.378,3.4559,3.517,3.5977,3.649,3.7116,3.7532,3.7952,3.8359,3.8986,3.9652,4.037,4.1263,4.2122,4.2896,4.3558,4.407,4.4485,4.5085,4.5695,4.63,4.6968,4.7726,4.858,4.9227,4.9892,5.0525,5.0943,5.126,5.1636,5.2084,5.2542,5.3084,5.3789,5.4465,5.5006,5.5453,5.5787,5.6017,5.635,5.6705,5.7023,5.7392,5.7756,5.8249,5.881,5.9351,5.982,6.0207,6.0583,6.0891,6.1222,6.1472,6.1776,6.215,6.2567,6.3093,6.3725,6.424,6.475,6.5085,6.5295,6.5477,6.5645,6.5948,6.6257,6.6691,6.7209
"IMAGE 3.4","High - SSP3","World","Climate Assessment|Effective Radiative Forcing|Median [MAGICC v7.6.0a3]","W/m^2",1,2.6983,2.6998,2.7568,2.8056,2.8654,2.8971,2.9339,2.9621,3.0047,3.0417,3.083,3.119,3.1689,3.2333,3.3096,3.3693,3.4456,3.4984,3.5647,3.6087,3.6483,3.6902,3.7524,3.8116,3.8764,3.9636,4.0489,4.131,4.1911,4.2326,4.2687,4.3246,4.3763,4.4318,4.5013,4.5848,4.6671,4.7279,4.7921,4.8536,4.8878,4.9169,4.9551,4.9974,5.039,5.096,5.1715,5.2369,5.2924,5.3351,5.3661,5.3907,5.4222,5.4551,5.4836,5.5192,5.5599,5.6019,5.655,5.7083,5.7602,5.8041,5.8408,5.869,5.9017,5.9215,5.9486,5.981,6.0197,6.0691,6.1311,6.1859,6.2421,6.2681,6.2808,6.3029,6.3185,6.3462,6.3761,6.4186,6.4714
"IMAGE 3.4","High - SSP3","World","Climate Assessment|Harmonized and Infilled|Emissions|CH4","Mt CH4/yr",1,,,,363.4899013289108,363.671190251511,363.84672601889554,371.58087294115205,379.3200827530797,387.0643554546783,394.81369104594825,402.56808952688914,409.0362086487015,415.5060143604096,421.97750666201375,428.4506855535138,434.9255510349098,441.2870593383699,447.6504073869684,454.0155951807052,460.38262271958047,466.751490003594,471.6555315031701,476.5545860231216,481.4486535634488,486.3377341241516,491.2218277052299,495.065806408964,498.9051680876646,502.739912741332,506.5700403699659,510.3955509735665,511.8904870026211,513.3803288161672,514.865076414205,516.3447297967343,517.8192889637552,519.2887539152676,520.7531246512717,522.2124011717673,523.6665834767546,525.1156715662332,526.7238858619547,528.3341933474098,529.9465940225989,531.5610878875216,533.1776749421781,534.7963551865683,536.4171286206923,538.0399952445503,539.6649550581418,541.2920080614672,542.4421010124802,543.5939813285572,544.7476490096982,545.9031040559031,547.0603464671718,548.2193762435046,549.3801933849013,550.5427978913619,551.7071897628864,552.8733689994749,553.9438845488646,555.0144000982544,556.084915647644,557.1554311970337,558.2259467464235,559.2964622958133,560.3669778452029,561.4374933945926,562.5080089439823,563.5785244933721,566.0111147529456,568.4437050125191,570.8762952720925,573.3088855316661,575.7414757912396,578.1740660508132,580.6066563103866,583.0392465699601,585.4718368295337,587.9044270891072
"IMAGE 3.4","High - SSP3","World","Climate Assessment|Harmonized and Infilled|Emissions|CO2","Mt CO2/yr",1,,,,42339.76770647963,43119.84022810968,43898.93219642464,44453.35686185166,45007.01876042345,45559.91789214006,46112.05425700144,46663.42785500761,47076.5428787433,47488.38853035075,47898.96480982999,48308.27171718101,48716.30925240379,48917.72314036326,49119.00556806265,49320.15653550197,49521.17604268123,49722.06408960042,49789.11185237715,49856.30551805321,49923.64508662861,49991.13055810335,50058.76193247743,49947.34780139408,49835.753857755975,49723.98010156305,49612.02653281533,49499.89315151283,49261.007958771785,49021.63756990043,48781.78198489875,48541.44120376677,48300.61522650448,48059.30405311188,47817.50768358896,47575.22611793574,47332.459356152205,47089.20739823835,46913.73009597907,46737.79062377207,46561.38898161736,46384.52516951494,46207.19918746482,46029.411035467,45851.160713521465,45672.44822162822,45493.27355978726,45313.63672799861,45171.42424338558,45029.1931945316,44886.94358143665,44744.67540410074,44602.38866252388,44460.08335670605,44317.75948664725,44175.4170523475,44033.05605380679,43890.67649102512,43860.42972136399,43830.18295170287,43799.93618204174,43769.68941238062,43739.4426427195,43709.19587305838,43678.94910339726,43648.70233373613,43618.45556407502,43588.20879441389,43546.2545208232,43504.30024723251,43462.34597364182,43420.39170005113,43378.43742646044,43336.48315286976,43294.52887927906,43252.57460568837,43210.62033209768,43168.66605850699
"IMAGE 3.4","High - SSP3","World","Climate Assessment|Harmonized and Infilled|Emissions|Kyoto Gases [AR6GWP100]","Mt CO2-equiv/yr",1,,,,57507.00308133636,58341.23897158064,59174.1865145477,60019.612102365885,60864.199892991855,61707.94988642565,62550.86208266724,63392.93648171664,64068.45329825667,64742.5387627345,65415.19287515016,66086.41563550364,66756.20704379492,67199.65953582208,67642.85376989994,68085.78974602853,68528.46746420788,68970.88692443793,69231.75040173176,69492.45390974708,69752.99744848392,70013.38101794227,70273.60461812213,70325.5647764653,70377.03860864732,70428.02611466812,70478.52729452772,70528.54214822616,70356.81135114619,70184.23970024363,70010.82719551848,69836.57383697075,69661.47962460044,69485.54455840754,69308.76863839205,69131.15186455398,68952.69423689332,68773.39575541006,68670.73463685025,68567.45120491352,68463.54545959995,68359.01740090948,68253.86702884216,68148.09434339794,68041.69934457686,67934.68203237889,67827.04240680404,67718.78046785234,67631.60574904976,67544.19701410481,67456.55426301745,67368.6774957877,67280.56671241556,67192.22191290103,67103.6430972441,67014.83026544479,66925.78341750307,66836.50255341898,66869.08888516156,66901.67521690414,66934.26154864673,66966.84788038931,66999.43421213189,67032.02054387447,67064.60687561706,67097.19320735963,67129.77953910222,67162.3658708448,67227.17584942938,67291.98582801395,67356.79580659851,67421.60578518308,67486.41576376767,67551.22574235224,67616.03572093681,67680.8456995214,67745.65567810596,67810.46565669053
"IMAGE 3.4","High - SSP3","World","Climate Assessment|Harmonized and Infilled|Emissions|N2O","kt N2O/yr",1,,,,11289.003670665756,11399.215216100663,11509.47766988602,11684.985951608418,11860.531289616858,12036.113683911335,12211.733134491857,12387.389641358415,12589.75832588633,12792.21612619871,12994.763042295554,13197.399074176865,13400.124221842634,13576.723004247047,13753.286459164165,13929.81458659398,14106.307386536502,14282.764858991728,14446.371501256395,14609.90511251193,14773.365692758329,14936.753241995597,15100.067760223732,15268.820163160097,15437.423269817824,15605.87708019692,15774.181594297372,15942.336812119189,16015.99154085642,16089.256204160336,16162.130802030935,16234.61533446822,16306.709801472183,16378.414203042836,16449.728539180174,16520.65280988419,16591.187015154897,16661.331154992284,16755.514690828713,16849.232720273416,16942.485243326388,17035.272259987632,17127.59377025715,17219.449774134933,17310.840271620997,17401.765262715326,17492.22474741793,17582.218725728806,17670.654560221818,17758.379391294293,17845.393218946225,17931.696043177617,18017.287863988466,18102.16868137877,18186.338495348537,18269.79730589776,18352.545113026445,18434.581916734584,18530.276863724685,18625.971810714796,18721.66675770489,18817.361704695,18913.0566516851,19008.751598675204,19104.44654566531,19200.141492655413,19295.836439645514,19391.53138663562,19498.803726694063,19606.07606675251,19713.348406810957,19820.6207468694,19927.893086927845,20035.16542698629,20142.437767044736,20249.71010710318,20356.982447161623,20464.254787220078
"IMAGE 3.4","High - SSP3","World","Climate Assessment|Surface Temperature (GSAT)|33rd Percentile [MAGICC v7.6.0a3]","°C",1,1.1491,1.1657,1.1865,1.2097,1.2338,1.2564,1.2771,1.2941,1.3122,1.3316,1.3496,1.3688,1.3891,1.413,1.4388,1.466,1.4939,1.5215,1.5512,1.5791,1.6028,1.6258,1.6529,1.6797,1.71,1.7438,1.7796,1.8164,1.8507,1.882,1.9083,1.9363,1.9674,1.9975,2.0278,2.0623,2.0993,2.1357,2.1702,2.2046,2.2371,2.2651,2.2893,2.3149,2.34,2.3681,2.3991,2.4313,2.4652,2.4959,2.5221,2.5433,2.5631,2.5839,2.6066,2.6283,2.649,2.6712,2.6951,2.7225,2.7504,2.7765,2.7988,2.8217,2.8435,2.8643,2.883,2.903,2.9246,2.9479,2.9738,3.0018,3.0296,3.0549,3.0758,3.0938,3.1099,3.1268,3.1434,3.1656,3.1901
"IMAGE 3.4","High - SSP3","World","Climate Assessment|Surface Temperature (GSAT)|67th Percentile [MAGICC v7.6.0a3]","°C",1,1.2622,1.2817,1.3037,1.3299,1.3607,1.3858,1.4091,1.4318,1.4547,1.4796,1.5019,1.525,1.5512,1.5806,1.6143,1.6473,1.6816,1.7153,1.7507,1.7848,1.8166,1.8462,1.8774,1.9123,1.9464,1.9854,2.0287,2.0724,2.1107,2.1483,2.1797,2.214,2.2502,2.2888,2.3268,2.3655,2.4068,2.4466,2.4871,2.525,2.56,2.5934,2.6242,2.6526,2.6822,2.7153,2.7508,2.7893,2.8292,2.8657,2.8988,2.9251,2.9515,2.9784,3.0067,3.0348,3.0632,3.0926,3.1237,3.1565,3.1897,3.2214,3.2483,3.2734,3.2974,3.3212,3.3443,3.3686,3.3944,3.4239,3.4596,3.4935,3.5302,3.563,3.5899,3.6137,3.6376,3.6614,3.6855,3.7113,3.739
"IMAGE 3.4","High - SSP3","World","Climate Assessment|Surface Temperature (GSAT)|Median [MAGICC v7.6.0a3]","°C",1,1.2035,1.2215,1.2429,1.2673,1.293,1.3152,1.3369,1.3552,1.3747,1.3963,1.418,1.4382,1.4614,1.4873,1.5168,1.5458,1.5788,1.61,1.6422,1.6721,1.6982,1.7231,1.7495,1.7773,1.8104,1.8463,1.8851,1.9225,1.9584,1.9925,2.0246,2.0581,2.0913,2.1246,2.1571,2.1942,2.2363,2.277,2.3142,2.3497,2.3837,2.4132,2.4422,2.4702,2.4987,2.5301,2.5607,2.5959,2.6291,2.6603,2.6888,2.7126,2.7382,2.7603,2.7836,2.806,2.8287,2.8538,2.8814,2.911,2.9422,2.9713,2.9994,3.0238,3.0488,3.0725,3.0952,3.1187,3.1436,3.1731,3.2048,3.2346,3.2646,3.2927,3.3183,3.3416,3.3645,3.3854,3.4045,3.4274,3.4558
"IMAGE 3.4","High - SSP5","World","Climate Assessment|Effective Radiative Forcing|33rd Percentile [MAGICC v7.6.0a3]","W/m^2",1,2.566,2.556,2.6284,2.6847,2.7402,2.7831,2.8391,2.888,2.946,2.9962,3.0506,3.1007,3.1627,3.2386,3.3306,3.4013,3.4909,3.5517,3.6282,3.6823,3.7271,3.7591,3.8086,3.8642,3.924,4.0067,4.0803,4.1516,4.2032,4.2391,4.2592,4.2931,4.3303,4.3729,4.4272,4.4919,4.557,4.6021,4.6526,4.7017,4.729,4.7567,4.7799,4.8142,4.8489,4.8954,4.957,5.0127,5.0654,5.0996,5.1267,5.1495,5.1778,5.2069,5.2365,5.2676,5.3009,5.3385,5.3847,5.4313,5.4797,5.5153,5.5504,5.5751,5.6058,5.6261,5.6522,5.6831,5.7175,5.7625,5.8111,5.8633,5.91,5.9309,5.9443,5.9614,5.9769,6.0017,6.0257,6.058,6.1016
"IMAGE 3.4","High - SSP5","World","Climate Assessment|Effective Radiative Forcing|67th Percentile [MAGICC v7.6.0a3]","W/m^2",1,2.8229,2.8276,2.9005,2.9463,3.0063,3.0484,3.1016,3.1499,3.2053,3.2558,3.3093,3.3636,3.4323,3.5125,3.6019,3.6751,3.7633,3.8283,3.9099,3.9663,4.01,4.0372,4.0899,4.141,4.2041,4.2844,4.36,4.4324,4.4884,4.5266,4.5527,4.5916,4.6315,4.6741,4.7268,4.7921,4.8625,4.909,4.9593,5.0059,5.0383,5.0654,5.0972,5.1365,5.1829,5.2358,5.301,5.3596,5.4147,5.4522,5.4765,5.4991,5.5334,5.5694,5.5986,5.6328,5.6672,5.7084,5.7569,5.8092,5.851,5.8897,5.9255,5.9548,5.9865,5.9976,6.0239,6.0604,6.0974,6.143,6.1979,6.2472,6.2958,6.3196,6.3346,6.352,6.3672,6.3908,6.413,6.4473,6.4898
"IMAGE 3.4","High - SSP5","World","Climate Assessment|Effective Radiative Forcing|Median [MAGICC v7.6.0a3]","W/m^2",1,2.6983,2.6998,2.7568,2.8054,2.8652,2.9062,2.9632,3.0118,3.0684,3.1211,3.1766,3.2303,3.2917,3.3701,3.4686,3.5399,3.6294,3.6936,3.7726,3.8261,3.8713,3.9007,3.951,4.0045,4.0665,4.1419,4.2127,4.2842,4.3345,4.3627,4.3921,4.4375,4.4845,4.5273,4.5801,4.6441,4.7095,4.7598,4.8074,4.8539,4.8806,4.9123,4.9445,4.9772,5.0126,5.0576,5.1224,5.1829,5.2345,5.2692,5.296,5.3162,5.347,5.379,5.4055,5.4371,5.4687,5.5093,5.5588,5.61,5.6579,5.6963,5.7329,5.7556,5.7846,5.8017,5.8272,5.8601,5.8929,5.938,5.9927,6.0398,6.0941,6.117,6.1316,6.1476,6.1606,6.1868,6.2118,6.2455,6.2916
"IMAGE 3.4","High - SSP5","World","Climate Assessment|Harmonized and Infilled|Emissions|CH4","Mt CH4/yr",1,,,,363.4899013289108,363.565284254639,363.6350583837011,368.5083840868625,373.3875090721949,378.2724333396983,383.1631568893725,388.0596797212176,393.1012317551606,398.153326277219,403.215963287393,408.2891427856825,413.3728647720875,418.8063225561469,424.243759254478,429.685174867081,435.130569393956,440.57994283510266,444.1748719815328,447.7712323840117,451.3690240425394,454.9682469571159,458.5689011277411,458.7568636311676,458.9412887478925,459.1221764779157,459.2995268212373,459.47333977785706,460.0599615049413,460.6399367631332,461.21326555243246,461.7799478728393,462.3399837243536,462.8933731069754,463.4401160207048,463.9802124655416,464.513662441486,465.0404659485378,466.1570064368239,467.2645144573811,468.3629900102095,469.45243309530895,470.5328437126795,471.60422186232114,472.66656754423377,473.7198807584177,474.7641615048726,475.79940978359866,476.6475663376265,477.4906840349191,478.3287628754764,479.1618028592984,479.9898039863851,480.8127662567366,481.6306896703528,482.44357422723374,483.2514199273795,484.0542267707899,483.5972745486607,483.1403223265315,482.6833701044024,482.2264178822732,481.769465660144,481.3125134380147,480.85556121588553,480.3986089937564,479.9416567716272,479.484704549498,478.804635424984,478.12456630047024,477.44449717595626,476.7644280514424,476.0843589269285,475.4042898024146,474.7242206779006,474.04415155338665,473.3640824288728,472.6840133043589
"IMAGE 3.4","High - SSP5","World","Climate Assessment|Harmonized and Infilled|Emissions|CO2","Mt CO2/yr",1,,,,42339.76770647963,43026.73269855925,43712.72155864265,43962.01582179173,44210.93603850517,44459.48220878291,44707.65433262502,44955.45241003144,45215.83197776801,45475.67961615471,45734.99532519152,45993.77910487843,46252.03095521547,46615.24988599158,46978.61425257355,47342.12405496136,47705.77929315501,48069.579967154525,48260.28235619806,48451.980304470926,48644.67381197312,48838.36287870463,49033.0475046655,48957.22588975537,48882.726382625326,48809.54898327537,48737.693691705485,48667.16050791568,48430.06858403101,48193.28986086154,47956.82433840724,47720.67201666814,47484.83289564424,47249.3069753355,47014.09425574197,46779.19473686363,46544.60841870048,46310.33530125251,46245.98341240027,46181.77729012859,46117.716934437485,46053.80234532695,45990.03352279698,45926.41046684758,45862.93317747877,45799.60165469052,45736.415898482825,45673.37590885571,45622.12712703987,45571.18610418618,45520.55284029464,45470.227335365234,45420.20958939798,45370.49960239287,45321.09737434991,45272.002905269095,45223.21619515043,45174.73724399391,45002.7140714846,44830.69089897527,44658.66772646596,44486.64455395665,44314.62138144733,44142.59820893801,43970.57503642871,43798.55186391938,43626.52869141007,43454.505518900754,43253.12956641188,43051.753613923,42850.37766143412,42649.001708945245,42447.62575645637,42246.2498039675,42044.87385147862,41843.49789898972,41642.12194650085,41440.74599401198
"IMAGE 3.4","High - SSP5","World","Climate Assessment|Harmonized and Infilled|Emissions|Kyoto Gases [AR6GWP100]","Mt CO2-equiv/yr",1,,,,57507.00308133636,58243.12643246682,58977.96166087662,59417.76810755931,59857.095532551895,60295.943935854346,60734.3133174667,61172.20367738894,61655.16208825626,62137.51629511885,62619.26629797667,63100.41209682973,63580.953691678056,64181.27555310901,64781.41254664512,65381.36467228636,65981.13193003273,66580.71431988425,66965.70634758048,67351.22231341689,67737.26221739345,68123.8260595102,68510.91383976716,68532.70439414997,68555.15711603353,68578.27200541786,68602.04906230295,68626.48828668878,68486.24577272865,68345.52870742186,68204.33709076839,68062.67092276821,67920.53020342138,67777.91493272784,67634.82511068764,67491.26073730078,67347.22181256722,67202.70833648696,67255.52366583895,67307.53589817353,67358.74503349072,67409.15107179049,67458.75401307286,67507.55385733784,67555.55060458543,67602.74425481561,67649.13480802838,67694.72226422375,67710.04537156457,67725.1446678631,67740.02015311935,67754.67182733328,67769.09969050493,67783.30374263429,67797.28398372135,67811.04041376611,67824.57303276859,67837.88184072878,67687.06443085913,67536.24702098945,67385.42961111982,67234.61220125017,67083.79479138053,66932.97738151086,66782.15997164123,66631.34256177157,66480.52515190192,66329.70774203227,66114.6292786047,65899.5508151771,65684.47235174951,65469.393888321945,65254.31542489436,65039.236961466784,64824.15849803919,64609.0800346116,64394.00157118402,64178.92310775645
"IMAGE 3.4","High - SSP5","World","Climate Assessment|Harmonized and Infilled|Emissions|N2O","kt N2O/yr",1,,,,11289.003670665756,11391.705207856492,11494.427527515469,11580.50511254097,11666.531642085723,11752.507116149724,11838.431534732974,11924.304897835476,12056.080407677611,12187.878763527311,12319.699965384578,12451.544013249404,12583.4109071218,12704.665160411514,12825.903671805208,12947.126441302884,13068.333468904542,13189.524754610182,13307.153361308645,13424.837180203129,13542.576211293632,13660.370454580156,13778.219910062704,13882.44943403992,13986.689063484777,14090.938798397265,14195.198638777394,14299.468584625158,14364.881833472946,14430.209601514587,14495.451888750078,14560.60869517942,14625.680020802614,14690.66586561966,14755.566229630558,14820.381112835306,14885.110515233908,14949.75443682636,15023.816475662845,15097.726858101623,15171.485584142702,15245.092653786072,15318.548067031745,15391.851823879708,15465.003924329963,15538.004368382526,15610.853156037376,15683.550287294524,15753.159731118769,15822.635872122066,15891.978710304422,15961.188245665831,16030.264478206302,16099.207407925833,16168.017034824414,16236.69335890205,16305.236380158747,16373.646098594503,16416.907700368614,16460.169302142724,16503.430903916833,16546.692505690946,16589.954107465055,16633.215709239168,16676.47731101328,16719.73891278739,16763.0005145615,16806.262116335616,16838.03012356663,16869.798130797644,16901.566138028662,16933.33414525968,16965.102152490697,16996.870159721708,17028.638166952725,17060.406174183743,17092.174181414757,17123.942188645775
"IMAGE 3.4","High - SSP5","World","Climate Assessment|Surface Temperature (GSAT)|33rd Percentile [MAGICC v7.6.0a3]","°C",1,1.1491,1.1657,1.1865,1.2097,1.2338,1.2579,1.2805,1.3026,1.325,1.3492,1.3746,1.3976,1.4231,1.4531,1.4849,1.5201,1.5571,1.5894,1.6229,1.6558,1.6847,1.7094,1.7357,1.7627,1.7919,1.8229,1.8559,1.8894,1.9227,1.9513,1.9769,2.002,2.0264,2.0518,2.0757,2.1045,2.133,2.1611,2.1883,2.217,2.2431,2.2644,2.291,2.3137,2.3355,2.358,2.3841,2.4115,2.4414,2.4676,2.4912,2.511,2.5309,2.5504,2.5708,2.5915,2.6138,2.6364,2.6583,2.6828,2.7067,2.731,2.7538,2.7749,2.7957,2.8136,2.8314,2.8509,2.8716,2.8939,2.9176,2.9417,2.97,2.9928,3.0124,3.0314,3.0489,3.0667,3.083,3.099,3.1207
"IMAGE 3.4","High - SSP5","World","Climate Assessment|Surface Temperature (GSAT)|67th Percentile [MAGICC v7.6.0a3]","°C",1,1.2622,1.2817,1.3037,1.3299,1.3607,1.3875,1.4152,1.4448,1.473,1.5035,1.5371,1.5679,1.6009,1.6385,1.6797,1.7214,1.7671,1.808,1.8517,1.8901,1.9277,1.9622,1.9913,2.0223,2.0586,2.0944,2.1352,2.1765,2.2136,2.2491,2.282,2.3106,2.3413,2.3723,2.4036,2.4356,2.4715,2.5038,2.5354,2.5685,2.5989,2.6264,2.6555,2.6826,2.7089,2.7361,2.7664,2.799,2.8315,2.8616,2.8903,2.9149,2.9396,2.9634,2.9855,3.0092,3.0331,3.0586,3.0866,3.1169,3.1478,3.1779,3.2071,3.2348,3.2613,3.285,3.3061,3.3281,3.353,3.3811,3.4111,3.4422,3.4757,3.5073,3.5338,3.5575,3.5799,3.5993,3.6218,3.6455,3.6683
"IMAGE 3.4","High - SSP5","World","Climate Assessment|Surface Temperature (GSAT)|Median [MAGICC v7.6.0a3]","°C",1,1.2035,1.2215,1.2429,1.2672,1.2929,1.3167,1.342,1.3649,1.3919,1.42,1.4509,1.4802,1.5089,1.5396,1.5761,1.6112,1.6519,1.6895,1.7278,1.7654,1.7981,1.8273,1.8559,1.8855,1.9151,1.9498,1.986,2.0249,2.0614,2.0927,2.1189,2.1436,2.1694,2.1972,2.2269,2.2594,2.2922,2.3248,2.3562,2.3893,2.4181,2.4424,2.4671,2.4909,2.5162,2.5396,2.5663,2.5955,2.6259,2.6522,2.6802,2.7011,2.7238,2.7485,2.769,2.7921,2.8156,2.839,2.8642,2.8899,2.9137,2.9384,2.968,2.9931,3.0126,3.0295,3.0506,3.0756,3.1001,3.122,3.148,3.1766,3.2089,3.2352,3.2575,3.2777,3.2965,3.3155,3.3351,3.3564,3.3801
"IMAGE 3.4","High-to-Low - SSP5","World","Climate Assessment|Effective Radiative Forcing|33rd Percentile [MAGICC v7.6.0a3]","W/m^2",1,2.566,2.556,2.6284,2.6847,2.7401,2.783,2.8388,2.8878,2.9454,2.9951,3.0491,3.0985,3.1597,3.235,3.3265,3.396,3.4845,3.5448,3.6204,3.6746,3.7166,3.7475,3.7957,3.8516,3.9093,3.9892,4.0628,4.132,4.1843,4.217,4.238,4.271,4.3077,4.3493,4.4036,4.468,4.5312,4.5776,4.6281,4.6775,4.703,4.7319,4.7592,4.7894,4.827,4.8712,4.9299,4.9877,5.0389,5.0704,5.1035,5.1336,5.1548,5.1777,5.1893,5.1996,5.2049,5.2155,5.2306,5.2461,5.2426,5.2136,5.1856,5.1407,5.1055,5.0544,5.016,4.9813,4.9469,4.9242,4.912,4.9042,4.9031,4.8747,4.8421,4.8074,4.779,4.7482,4.7174,4.7063,4.6986
"IMAGE 3.4","High-to-Low - SSP5","World","Climate Assessment|Effective Radiative Forcing|67th Percentile [MAGICC v7.6.0a3]","W/m^2",1,2.8229,2.8276,2.9005,2.9463,3.0063,3.0484,3.1015,3.1496,3.2047,3.255,3.3079,3.3615,3.4292,3.5089,3.5977,3.6693,3.7565,3.8207,3.9018,3.9568,3.9987,4.0255,4.0759,4.1273,4.188,4.2671,4.342,4.4139,4.4681,4.5067,4.5315,4.5695,4.6087,4.6501,4.7037,4.7685,4.8388,4.8845,4.9353,4.9825,5.0132,5.0395,5.0729,5.1149,5.1606,5.2125,5.276,5.3334,5.3882,5.4202,5.4485,5.4811,5.5087,5.5313,5.5467,5.5525,5.5604,5.5676,5.5797,5.5899,5.5797,5.5542,5.5284,5.4909,5.4542,5.4084,5.3705,5.3376,5.3026,5.2796,5.2715,5.2665,5.2652,5.2341,5.199,5.1654,5.131,5.103,5.0764,5.0662,5.0572
"IMAGE 3.4","High-to-Low - SSP5","World","Climate Assessment|Effective Radiative Forcing|Median [MAGICC v7.6.0a3]","W/m^2",1,2.6983,2.6998,2.7568,2.8054,2.8652,2.9061,2.9631,3.0114,3.0677,3.1203,3.1752,3.2281,3.2892,3.3668,3.4643,3.5348,3.6228,3.6859,3.7631,3.8161,3.8616,3.8894,3.937,3.9899,4.0495,4.125,4.1964,4.2656,4.314,4.3421,4.3726,4.4168,4.4629,4.5038,4.5561,4.6199,4.685,4.7359,4.783,4.831,4.8573,4.8896,4.9207,4.9543,4.9902,5.0338,5.0985,5.1574,5.2099,5.243,5.2707,5.3014,5.3297,5.3527,5.3639,5.3731,5.3791,5.3895,5.4013,5.4104,5.4019,5.3702,5.3426,5.3026,5.2672,5.2207,5.1812,5.1496,5.1172,5.0934,5.092,5.0826,5.0842,5.0538,5.0157,4.9809,4.9464,4.926,4.8998,4.8869,4.8839
"IMAGE 3.4","High-to-Low - SSP5","World","Climate Assessment|Harmonized and Infilled|Emissions|CH4","Mt CH4/yr",1,,,,363.4899013289108,363.46709584746975,363.4386815688025,367.59746740948304,371.7620526353407,375.9324372463752,380.1086212425869,384.2906046239756,388.7786844333284,393.2773066999687,397.7864714238962,402.306178605111,406.836428243613,411.7116402439869,416.5908310882072,421.4740007762738,426.361149308187,431.25227668394655,435.06969973686,438.88855275620085,442.70883574196887,446.5305486941642,450.3536916127869,450.6137203153583,450.8702099283999,451.12316045191176,451.372571885894,451.6184442303463,452.2143465326847,452.8035997998752,453.3862040319181,453.9621592288133,454.5314653905608,455.0941225171606,455.6501306086127,456.1994896649171,456.7421996860738,457.2782606720828,457.98622042075016,458.6858803285864,459.37724039559134,460.06030062176535,460.7350610071081,461.4015215516197,462.0596822553002,462.70954311814944,463.35110414016754,463.9843653213546,448.6299671998681,433.2938652442911,417.9760594546232,402.67654983086464,387.3953363730153,372.13241908107534,356.88779795504456,341.6614729949231,326.453444200711,311.26371157240817,300.18055084533194,289.0973901182557,278.01422939117947,266.9310686641033,255.84790793702703,244.76474720995083,233.68158648287465,222.59842575579844,211.51526502872224,200.432104301646,197.4401292903745,194.44815427910297,191.4561792678314,188.46420425655987,185.47222924528836,182.4802542340168,179.4882792227453,176.49630421147376,173.50432920020222,170.51235418893066
"IMAGE 3.4","High-to-Low - SSP5","World","Climate Assessment|Harmonized and Infilled|Emissions|CO2","Mt CO2/yr",1,,,,42339.76770647963,43012.61641096492,43684.60259715643,43934.23158693577,44183.57339455596,44432.62802001697,44681.39546331885,44929.87572446157,45165.34629356026,45400.52403942609,45635.40896205906,45870.0010614592,46104.30033762646,46408.30347386454,46713.62526839318,47020.26572121243,47328.22483232225,47637.502601722656,47779.044742079415,47923.33844850733,48070.38372100641,48220.18055957665,48372.72896421806,48319.38046827853,48268.36253309919,48219.67515868001,48173.31834502104,48129.29209212224,47942.83848694426,47756.59115127932,47570.55008512744,47384.71528848863,47199.08676136288,47013.66450375018,46828.44851565055,46643.43879706399,46458.63534799047,46274.038168430016,46111.23885963765,45948.31456826838,45785.26529432226,45622.09103779925,45458.791798699385,45295.36757702263,45131.818372769,44968.14418593851,44804.34501653114,44640.42086454689,42451.779111616845,40263.319258257776,38075.04130446967,35886.945250252546,33699.03109560639,31511.298840531206,29323.748485027,27136.380029093754,24949.193472731484,22762.18881594019,21574.126552650305,20386.06428936042,19198.00202607053,18009.93976278065,16821.877499490765,15633.815236200877,14445.75297291099,13257.690709621103,12069.62844633122,10881.566183041334,10307.394859929253,9733.223536817171,9159.052213705094,8584.880890593013,8010.709567480933,7436.538244368854,6862.366921256774,6288.195598144695,5714.024275032615,5139.852951920535
"IMAGE 3.4","High-to-Low - SSP5","World","Climate Assessment|Harmonized and Infilled|Emissions|Kyoto Gases [AR6GWP100]","Mt CO2-equiv/yr",1,,,,57507.00308133636,58226.27284098553,58944.36809169206,59364.33857496828,59783.91690769677,60203.10308987755,60621.89712151063,61040.29900259599,61482.54363762546,61924.42317277297,62365.93760803852,62807.08694342212,63247.87117892375,63773.005577909775,64299.12830726713,64826.23936699584,65354.33875709588,65883.42647756726,66225.20822180495,66569.26991591483,66915.61155989692,67264.23315375124,67615.13469747777,67661.21318458302,67708.96202083802,67758.38120624278,67809.47074079729,67862.23062450154,67772.70970012176,67682.6072446898,67591.92325820567,67500.65774066938,67408.81069208091,67316.38211244026,67223.37200174746,67129.78036000248,67035.60718720531,66940.852483356,66882.1886658945,66822.47119076217,66761.70005795902,66699.87526748507,66636.99681934032,66573.06471352474,66508.07895003834,66442.03952888116,66374.94645005313,66306.7997135543,63162.59356650896,60022.376735526486,56886.14922060684,53753.91102175007,50625.66213895614,47501.40257222506,44381.132321556826,41264.85138695144,38152.5597684089,35044.257465929215,33486.92393162981,31929.590397330416,30372.25686303101,28814.92332873162,27257.58979443222,25700.256260132817,24142.92272583342,22585.58919153402,21028.255657234626,19470.922122935222,18772.27444454985,18073.62676616448,17374.979087779106,16676.331409393737,15977.683731008365,15279.03605262299,14580.38837423762,13881.74069585225,13183.093017466876,12484.445339081503
"IMAGE 3.4","High-to-Low - SSP5","World","Climate Assessment|Harmonized and Infilled|Emissions|N2O","kt N2O/yr",1,,,,11289.003670665756,11392.089689821947,11495.196491780418,11580.789765616908,11666.331998595431,11751.823190715992,11837.263341978589,11922.652452383216,12053.471600504818,12184.313590479664,12315.178422307748,12446.066095989076,12576.976611523649,12697.15102895733,12817.309622979736,12937.45239359087,13057.579340790726,13177.690464579307,13294.744730823557,13411.854358973147,13529.019349028067,13646.239700988332,13763.515414853926,13867.396904564444,13971.287679881045,14075.187740803722,14179.097087332482,14283.015719467328,14348.152897088095,14413.20467850037,14478.17106370414,14543.05205269942,14607.847645486192,14672.557842064474,14737.182642434253,14801.722046595536,14866.176054548316,14930.544666292602,14998.9917314525,15067.286217920137,15135.428125695506,15203.417454778611,15271.254205169456,15338.938376868033,15406.469969874348,15473.848984188398,15541.075419810184,15608.149276739709,15287.543614225233,14966.40674415609,14644.73866653228,14322.53938135381,13999.808888620675,13676.547188332876,13352.754280490411,13028.430165093285,12703.574842141492,12378.188311635036,12160.392608422366,11942.596905209695,11724.801201997028,11507.00549878436,11289.20979557169,11071.414092359022,10853.618389146355,10635.822685933686,10418.026982721016,10200.231279508344,10053.516901863484,9906.802524218623,9760.088146573758,9613.373768928896,9466.659391284034,9319.945013639172,9173.230635994309,9026.516258349446,8879.801880704583,8733.08750305972
"IMAGE 3.4","High-to-Low - SSP5","World","Climate Assessment|Surface Temperature (GSAT)|33rd Percentile [MAGICC v7.6.0a3]","°C",1,1.1491,1.1657,1.1865,1.2097,1.2338,1.2578,1.2805,1.3026,1.3249,1.349,1.3743,1.3971,1.4226,1.4523,1.4836,1.5184,1.5552,1.5871,1.6202,1.6528,1.681,1.7053,1.7316,1.7581,1.7862,1.8174,1.8503,1.882,1.9151,1.9425,1.9686,1.9929,2.0176,2.0418,2.0659,2.0944,2.1226,2.1495,2.1769,2.2052,2.2302,2.2535,2.2796,2.302,2.3229,2.346,2.372,2.3994,2.4282,2.4556,2.479,2.5001,2.5192,2.5373,2.5548,2.5715,2.5856,2.5961,2.6092,2.6204,2.6293,2.6348,2.6378,2.6336,2.6248,2.6128,2.6028,2.5943,2.5868,2.5792,2.5719,2.5689,2.5683,2.5634,2.5572,2.5485,2.5388,2.5308,2.5224,2.5152,2.5109
"IMAGE 3.4","High-to-Low - SSP5","World","Climate Assessment|Surface Temperature (GSAT)|67th Percentile [MAGICC v7.6.0a3]","°C",1,1.2622,1.2817,1.3037,1.3299,1.3607,1.3875,1.4152,1.4447,1.4729,1.5032,1.5367,1.5673,1.6,1.6375,1.6784,1.7199,1.765,1.8057,1.8489,1.8864,1.9242,1.9578,1.9861,2.0167,2.0518,2.0868,2.1279,2.169,2.2055,2.2402,2.2731,2.3001,2.3295,2.3615,2.3927,2.4242,2.4592,2.4911,2.5231,2.557,2.5873,2.6154,2.6426,2.6692,2.6962,2.7238,2.7537,2.7854,2.8178,2.8471,2.8759,2.9026,2.9278,2.9509,2.9711,2.9887,3.005,3.0229,3.0403,3.0557,3.0683,3.0758,3.0827,3.0805,3.0725,3.06,3.0539,3.0458,3.0404,3.036,3.0321,3.0287,3.027,3.024,3.0207,3.0145,3.0066,2.9993,2.9909,2.9881,2.9892
"IMAGE 3.4","High-to-Low - SSP5","World","Climate Assessment|Surface Temperature (GSAT)|Median [MAGICC v7.6.0a3]","°C",1,1.2035,1.2215,1.2429,1.2672,1.2929,1.3167,1.342,1.3648,1.3918,1.4196,1.4505,1.4796,1.5081,1.5386,1.5749,1.6097,1.65,1.6871,1.7255,1.7624,1.7946,1.823,1.8512,1.8801,1.9099,1.9436,1.9796,2.0174,2.0535,2.0842,2.1102,2.1346,2.1598,2.1872,2.2165,2.2482,2.281,2.3126,2.3434,2.3764,2.4061,2.4303,2.4544,2.4784,2.5028,2.5265,2.5543,2.5839,2.6134,2.6408,2.6666,2.6879,2.7138,2.7365,2.7556,2.7731,2.7886,2.8008,2.8113,2.8237,2.8366,2.8461,2.8471,2.8476,2.845,2.8398,2.8337,2.8262,2.8224,2.8146,2.8105,2.8089,2.812,2.8117,2.806,2.797,2.7872,2.7802,2.7741,2.7703,2.7681
"IMAGE 3.4","Low - SSP1","World","Climate Assessment|Effective Radiative Forcing|33rd Percentile [MAGICC v7.6.0a3]","W/m^2",1,2.566,2.556,2.6284,2.6853,2.7421,2.79,2.8552,2.9015,2.9572,3.0125,3.0613,3.1038,3.1527,3.2143,3.289,3.334,3.3879,3.4185,3.4578,3.4785,3.481,3.4681,3.4732,3.4804,3.489,3.513,3.5243,3.541,3.5363,3.5115,3.4699,3.4488,3.4276,3.4106,3.4087,3.417,3.4254,3.4144,3.4059,3.3977,3.365,3.3384,3.3125,3.2943,3.2805,3.2731,3.2821,3.2909,3.29,3.2703,3.2411,3.2092,3.1846,3.1623,3.1348,3.1135,3.0947,3.0834,3.0797,3.0759,3.0699,3.053,3.0344,3.0041,2.9793,2.9461,2.9197,2.9008,2.8832,2.8759,2.8799,2.8808,2.888,2.8611,2.8231,2.7897,2.7557,2.7363,2.714,2.7032,2.6994
"IMAGE 3.4","Low - SSP1","World","Climate Assessment|Effective Radiative Forcing|67th Percentile [MAGICC v7.6.0a3]","W/m^2",1,2.8229,2.8276,2.9005,2.9468,3.0075,3.0537,3.1149,3.1593,3.2174,3.2605,3.3096,3.3574,3.4071,3.4695,3.5398,3.5792,3.6376,3.6642,3.6974,3.712,3.7146,3.6988,3.7018,3.7079,3.7204,3.7421,3.7574,3.7732,3.7694,3.7462,3.7133,3.6919,3.6705,3.6514,3.6452,3.6526,3.6599,3.6499,3.642,3.6322,3.6068,3.5854,3.567,3.5545,3.5399,3.5297,3.5401,3.5415,3.5352,3.5166,3.4934,3.4613,3.44,3.4206,3.3985,3.382,3.3631,3.3505,3.3452,3.3418,3.3372,3.3205,3.3023,3.2757,3.2515,3.2152,3.1894,3.1692,3.1525,3.1441,3.1487,3.1486,3.1533,3.1259,3.091,3.0613,3.0293,3.005,2.9804,2.9674,2.9614
"IMAGE 3.4","Low - SSP1","World","Climate Assessment|Effective Radiative Forcing|Median [MAGICC v7.6.0a3]","W/m^2",1,2.6983,2.6998,2.7568,2.8059,2.8664,2.9117,2.9761,3.0262,3.0799,3.1316,3.1804,3.224,3.2736,3.3354,3.4104,3.4582,3.5164,3.5442,3.578,3.5945,3.5974,3.5804,3.5821,3.586,3.5965,3.6263,3.6427,3.662,3.6585,3.6319,3.5959,3.5736,3.5515,3.5358,3.5273,3.5372,3.5501,3.541,3.5365,3.53,3.4998,3.471,3.4462,3.4291,3.4176,3.4103,3.4177,3.4243,3.4212,3.4029,3.3725,3.3369,3.3131,3.2914,3.267,3.2492,3.2296,3.2161,3.2108,3.2114,3.2056,3.1893,3.1691,3.1368,3.1132,3.0789,3.0541,3.039,3.0232,3.0196,3.0212,3.0182,3.0156,2.9917,2.9586,2.9298,2.8941,2.8707,2.8462,2.8347,2.8294
"IMAGE 3.4","Low - SSP1","World","Climate Assessment|Harmonized and Infilled|Emissions|CH4","Mt CH4/yr",1,,,,363.4899013289108,363.5105041656175,363.5253052375431,361.090963481933,358.66304739893945,356.2415569885624,353.8264922508017,351.41785318565763,343.9884620971994,336.5724157168619,329.1697140446452,321.78035708054927,314.4043448245741,305.18295404863386,295.96810024669594,286.7597834187604,277.5580035648271,268.3627606848962,261.51408413500434,254.66695624286717,247.82137700848452,240.9773464318566,234.1348645129833,229.91284677134067,225.69521583486505,221.48197170355647,217.2731143774149,213.06864385644047,211.48349773673195,209.9003448249489,208.3191851210912,206.7400186251589,205.16284533715205,203.5876652570705,202.0144783849145,200.44328472068383,198.87408426437852,197.30687701599865,196.26406253416076,195.2208225707708,194.17715712582876,193.1330661993347,192.08854979128864,191.0436079016905,189.9982405305404,188.9524476778382,187.906229343584,186.85958552777765,185.62590467259216,184.3913366936061,183.15588159081955,181.9195393642323,180.6823100138445,179.4441935396561,178.20518994166713,176.96529921987764,175.72452137428752,174.48285640489678,172.82927501382864,171.17569362276052,169.52211223169238,167.86853084062423,166.2149494495561,164.56136805848794,162.9077866674198,161.25420527635166,159.6006238852835,157.9470424942154,156.69351577833484,155.43998906245432,154.18646234657382,152.9329356306933,151.67940891481277,150.42588219893224,149.17235548305177,147.91882876717122,146.6653020512907,145.41177533541017
"IMAGE 3.4","Low - SSP1","World","Climate Assessment|Harmonized and Infilled|Emissions|CO2","Mt CO2/yr",1,,,,42339.76770647963,42906.13611055808,43471.58178610743,42640.545290957074,41810.13229376466,40980.3427945302,40151.17679325371,39322.634289935166,38270.18882452388,37218.61735377497,36167.91987768845,35118.09639626429,34069.14690950251,32758.30146430064,31447.305458470644,30136.158892012525,28824.86176492629,27513.41407721193,26018.42866085671,24526.137145444263,23036.539530974613,21549.63581744775,20065.42600486367,18860.190354865023,17657.155456037857,16456.321308382172,15257.687911897963,14061.255266585244,13410.135714794736,12760.20120984844,12111.451751746372,11463.887340488518,10817.50797607488,10172.313658505467,9528.30438778027,8885.480163899289,8243.840986862526,7603.386856669984,7007.361486762152,6412.567321082407,5819.004359630755,5226.672602407191,4635.572049411718,4045.702700644333,3457.06455610504,2869.657615793838,2283.4818797107228,1698.5373478556994,1170.66638328104,643.5362714894682,117.14701248099118,-408.5013937443946,-933.4089471866882,-1457.5756478458902,-1981.001495722,-2503.6864908150187,-3025.6306331249443,-3546.833922651781,-3852.005009911613,-4157.176097171445,-4462.347184431279,-4767.51827169111,-5072.689358950942,-5377.860446210776,-5683.031533470608,-5988.20262073044,-6293.373707990271,-6598.544795250105,-6845.073716969656,-7091.6026386892045,-7338.131560408755,-7584.660482128305,-7831.189403847855,-8077.718325567404,-8324.247247286952,-8570.776169006505,-8817.305090726055,-9063.834012445604
"IMAGE 3.4","Low - SSP1","World","Climate Assessment|Harmonized and Infilled|Emissions|Kyoto Gases [AR6GWP100]","Mt CO2-equiv/yr",1,,,,57507.00308133636,58121.043053536734,58733.8436967812,57598.104874331046,56464.56806961604,55333.2332826362,54204.10051339151,53077.16976188197,51725.20610955511,50374.84803072339,49026.09552538682,47678.948593545385,46333.4072351991,44770.17568712266,43206.65160068293,41642.83497587992,40078.725812713616,38514.32411118404,36747.489051401935,34983.7280784892,33223.04119244584,31465.428393271843,29710.88968096722,28379.995126009107,27051.39779006874,25725.09767314612,24401.09477524124,23079.389096354105,22369.10767868167,21660.141254114355,20952.48982265217,20246.153384295107,19541.131939043164,18837.425486896347,18135.034027854657,17433.957561918087,16734.19608908664,16035.74960936032,15371.767240031204,14709.259025440912,14048.224965589448,13388.66506047681,12730.579310102996,12073.967714468004,11418.830273571844,10765.166987414508,10112.977855995994,9462.262879316308,8893.961651338243,8326.374736361144,7759.502134385024,7193.343845409872,6627.899869435695,6063.170206462489,5499.154856490255,4935.853819518994,4373.267095548706,3811.3946845793857,3447.0931241614417,3082.791563743499,2718.490003325553,2354.18844290761,1989.8868824896667,1625.5853220717206,1261.283761653776,896.9822012358326,532.6806408178901,168.37908039994537,-119.67258326773695,-407.7242469354175,-695.7759106030975,-983.8275742707784,-1271.879237938459,-1559.9309016061386,-1847.9825652738173,-2136.0342289415016,-2424.085892609181,-2712.1375562768626
"IMAGE 3.4","Low - SSP1","World","Climate Assessment|Harmonized and Infilled|Emissions|N2O","kt N2O/yr",1,,,,11289.003670665752,11392.234088656063,11495.488124675176,11409.597762753014,11323.66826683665,11237.699636926083,11151.691873021313,11065.64497512234,10934.023378568982,10802.351142891865,10670.628268090984,10538.85475416634,10407.030601117936,10279.589296816734,10152.138531986797,10024.67830662812,9897.208620740706,9769.72947432456,9665.504648496462,9561.31828717432,9457.170390358127,9353.060958047889,9248.9899902436,9202.71063365952,9156.61918684905,9110.715649812188,9065.000022548937,9019.472305059291,8999.034117068672,8978.667215190664,8958.37159942526,8938.14726977246,8917.99422623227,8897.912468804685,8877.901997489707,8857.962812287333,8838.094913197565,8818.298300220406,8804.366976165857,8790.408204270025,8776.42198453291,8762.40831695451,8748.367201534826,8734.29863827386,8720.20262717161,8706.079168228078,8691.92826144326,8677.74990681716,8655.998233905477,8634.273414407433,8612.575448323028,8590.904335652263,8569.26007639514,8547.642670551653,8526.052118121805,8504.488419105597,8482.951573503027,8461.441581314099,8413.284036494479,8365.126491674859,8316.968946855239,8268.811402035619,8220.653857215999,8172.496312396378,8124.338767576757,8076.181222757137,8028.023677937517,7979.866133117899,7956.339709978387,7932.813286838877,7909.286863699368,7885.760440559858,7862.234017420347,7838.707594280837,7815.181171141328,7791.654748001818,7768.128324862308,7744.601901722796
"IMAGE 3.4","Low - SSP1","World","Climate Assessment|Surface Temperature (GSAT)|33rd Percentile [MAGICC v7.6.0a3]","°C",1,1.1491,1.1657,1.1865,1.2098,1.234,1.2588,1.2822,1.3047,1.3283,1.3513,1.3741,1.3969,1.4187,1.4441,1.4721,1.5005,1.5279,1.5498,1.5703,1.5853,1.6008,1.6116,1.6202,1.6289,1.6382,1.6494,1.6608,1.6714,1.6809,1.6838,1.6809,1.6797,1.6781,1.6757,1.6743,1.675,1.677,1.678,1.6778,1.6789,1.6778,1.6733,1.6673,1.6619,1.6583,1.6545,1.6539,1.6548,1.6552,1.6534,1.6491,1.6424,1.6346,1.6291,1.6216,1.6142,1.6077,1.6014,1.5965,1.593,1.5903,1.5868,1.5815,1.5747,1.567,1.5584,1.5492,1.5416,1.5344,1.5295,1.5266,1.523,1.5215,1.5183,1.51,1.4998,1.4892,1.477,1.4653,1.4568,1.4509
"IMAGE 3.4","Low - SSP1","World","Climate Assessment|Surface Temperature (GSAT)|67th Percentile [MAGICC v7.6.0a3]","°C",1,1.2622,1.2817,1.3037,1.33,1.3608,1.3884,1.418,1.4487,1.4801,1.5074,1.54,1.5698,1.5988,1.6313,1.668,1.7032,1.736,1.766,1.7969,1.8227,1.8432,1.8577,1.8695,1.8828,1.8947,1.9095,1.9263,1.9417,1.953,1.9593,1.9597,1.9583,1.9588,1.9592,1.9576,1.9585,1.9634,1.9658,1.9707,1.9728,1.971,1.9691,1.966,1.9614,1.9575,1.9576,1.9603,1.9617,1.9621,1.9616,1.9576,1.9534,1.9475,1.9391,1.9325,1.9278,1.9227,1.9177,1.9126,1.9088,1.9083,1.9057,1.9019,1.8954,1.886,1.8747,1.8657,1.8574,1.8497,1.8432,1.8405,1.8375,1.8352,1.8306,1.8237,1.8145,1.8057,1.7964,1.7873,1.7795,1.7741
"IMAGE 3.4","Low - SSP1","World","Climate Assessment|Surface Temperature (GSAT)|Median [MAGICC v7.6.0a3]","°C",1,1.2035,1.2215,1.2429,1.2673,1.2932,1.3176,1.3444,1.3688,1.3972,1.4259,1.4549,1.4806,1.5059,1.5344,1.5646,1.5946,1.6232,1.6496,1.6765,1.6991,1.7177,1.7297,1.7398,1.7496,1.7602,1.7741,1.7883,1.8036,1.8157,1.8209,1.8205,1.8187,1.8183,1.8148,1.8117,1.8121,1.8169,1.8201,1.8233,1.8244,1.8231,1.8195,1.8163,1.8138,1.8111,1.8092,1.8096,1.8104,1.8106,1.8099,1.8058,1.7996,1.7923,1.7857,1.7791,1.7718,1.7647,1.7602,1.7561,1.7536,1.7515,1.7482,1.7437,1.7384,1.731,1.7212,1.7099,1.699,1.691,1.6848,1.6806,1.6784,1.6767,1.6733,1.6657,1.6558,1.6446,1.634,1.6244,1.6153,1.6089
"IMAGE 3.4","Low - SSP2","World","Climate Assessment|Effective Radiative Forcing|33rd Percentile [MAGICC v7.6.0a3]","W/m^2",1,2.566,2.556,2.6284,2.6849,2.7407,2.7812,2.8328,2.8664,2.9104,2.9418,2.9765,3.0123,3.054,3.1017,3.164,3.2003,3.2449,3.2641,3.2896,3.2985,3.2979,3.2856,3.2927,3.3066,3.3209,3.3474,3.3642,3.3817,3.3789,3.3551,3.3122,3.2855,3.2599,3.2393,3.2278,3.2253,3.2326,3.2141,3.197,3.186,3.1534,3.1221,3.0915,3.0674,3.0492,3.0351,3.0396,3.0453,3.0386,3.0161,2.9876,2.957,2.9371,2.9187,2.8975,2.8826,2.867,2.8612,2.8685,2.8669,2.8578,2.8468,2.8378,2.8119,2.7902,2.7581,2.7358,2.7175,2.703,2.7,2.7066,2.7038,2.7088,2.6858,2.6532,2.6241,2.5923,2.5726,2.5553,2.5479,2.5485
"IMAGE 3.4","Low - SSP2","World","Climate Assessment|Effective Radiative Forcing|67th Percentile [MAGICC v7.6.0a3]","W/m^2",1,2.8229,2.8276,2.9005,2.9465,3.0068,3.0467,3.0976,3.1288,3.1681,3.2012,3.2402,3.2733,3.3121,3.3626,3.4227,3.4566,3.4963,3.5115,3.5409,3.5475,3.5466,3.5369,3.5443,3.558,3.5711,3.6002,3.6118,3.6242,3.6163,3.5923,3.5532,3.5258,3.5054,3.4841,3.4731,3.4744,3.4771,3.464,3.4538,3.4425,3.412,3.3786,3.349,3.3264,3.3085,3.2944,3.2964,3.2977,3.2916,3.2716,3.2441,3.2209,3.2066,3.1909,3.1692,3.1572,3.1418,3.1362,3.136,3.1338,3.13,3.1156,3.0987,3.0712,3.0514,3.0193,2.997,2.9792,2.9633,2.9568,2.9613,2.9613,2.9662,2.9404,2.9116,2.8851,2.8493,2.8256,2.8075,2.7977,2.7983
"IMAGE 3.4","Low - SSP2","World","Climate Assessment|Effective Radiative Forcing|Median [MAGICC v7.6.0a3]","W/m^2",1,2.6983,2.6998,2.7568,2.8056,2.8655,2.9047,2.9558,2.9915,3.0343,3.0706,3.1063,3.14,3.1797,3.2292,3.287,3.3204,3.3699,3.3858,3.4196,3.4206,3.4199,3.4125,3.4189,3.4307,3.4435,3.4665,3.4833,3.4994,3.4934,3.4663,3.4268,3.4005,3.3779,3.3591,3.3526,3.3558,3.3608,3.3487,3.3352,3.3247,3.2892,3.2528,3.2179,3.1957,3.1767,3.1657,3.17,3.173,3.1672,3.1427,3.1176,3.0841,3.0662,3.0487,3.0301,3.0166,2.9998,2.9936,2.9928,2.9964,2.9906,2.9774,2.9605,2.9359,2.9168,2.8863,2.8613,2.8452,2.8312,2.829,2.8321,2.8311,2.8353,2.8123,2.783,2.7542,2.7249,2.702,2.684,2.6758,2.6756
"IMAGE 3.4","Low - SSP2","World","Climate Assessment|Harmonized and Infilled|Emissions|CH4","Mt CH4/yr",1,,,,363.4899013289108,363.6745830673644,363.8535148400669,359.44388696436545,355.04251574803607,350.6494011910784,346.2645432934926,341.8879420552788,333.7121501993866,325.55047109992347,317.4029047568894,309.2694511702844,301.1501103401084,293.0933785077558,285.0432482790383,276.99971965395605,268.9627926325089,260.9324672146969,254.64268858433945,248.35335465896537,242.0644654385748,235.7760209231675,229.4880211127436,225.6265914753209,221.76852379289932,217.9138180654789,214.06247429305955,210.21449247564132,208.6860128351303,207.1577748793372,205.62977860826192,204.10202402190453,202.57451112026504,201.04723990334335,199.52021037113968,197.9934225236538,196.46687636088583,194.9405718828357,194.33857582867,193.73619187217545,193.1334200133519,192.53026025219947,191.9267125887181,191.32277702290784,190.71845355476864,190.1137421843006,189.5086429115036,188.90315573637773,188.2374705283972,187.5721508804576,186.9071967925589,186.24260826470092,185.578385296884,184.9145278891079,184.2510360413727,183.5879097536784,182.9251490260249,182.2627538584124,181.2108577214416,180.15896158447077,179.1070654474999,178.0551693105291,177.00327317355826,175.95137703658742,174.89948089961658,173.84758476264574,172.7956886256749,171.7437924887041,169.95238910743166,168.1609857261592,166.36958234488674,164.5781789636143,162.78677558234187,160.99537220106942,159.20396881979696,157.41256543852452,155.6211620572521,153.82975867597963
"IMAGE 3.4","Low - SSP2","World","Climate Assessment|Harmonized and Infilled|Emissions|CO2","Mt CO2/yr",1,,,,42339.76770647963,42956.213898245325,43571.56983636797,42686.75207693322,41802.72323824339,40919.48332029847,40037.03232309844,39155.37024664335,37943.52311011141,36729.51066525016,35513.33291205962,34294.989850539794,33074.48148069069,31779.488097386387,30479.665025210677,29175.01226416355,27865.52981424502,26551.217675455067,25000.93144160574,23453.55226360152,21909.080141442424,20367.51507512844,18828.85706465958,17667.969965338816,16508.52946443399,15350.535561945091,14193.988257872128,13038.887552215094,12291.093741167468,11544.615710003283,10799.453458722546,10055.606987325253,9313.076295811406,8571.861384181006,7831.962252434047,7093.378900570537,6356.111328590469,5620.159536493848,5262.235479682332,4905.046138191112,4548.591512020184,4192.871601169553,3837.886405639215,3483.635925429171,3130.1201605394226,2777.339110969969,2425.2927767208093,2073.981157791944,1551.9316729656705,1030.673088275721,510.2054037220933,-9.471380695212249,-528.3572649761945,-1046.452249120855,-1563.7563331291922,-2080.269517001208,-2595.9918007369,-3110.9231843362704,-3420.7726398634813,-3730.6220953906895,-4040.4715509179023,-4350.321006445113,-4660.170461972322,-4970.019917499533,-5279.869373026745,-5589.718828553955,-5899.568284081166,-6209.417739608376,-6305.364076214643,-6401.310412820912,-6497.256749427178,-6593.203086033444,-6689.149422639713,-6785.095759245978,-6881.042095852245,-6976.988432458512,-7072.934769064779,-7168.881105671046
"IMAGE 3.4","Low - SSP2","World","Climate Assessment|Harmonized and Infilled|Emissions|Kyoto Gases [AR6GWP100]","Mt CO2-equiv/yr",1,,,,57507.00308133636,58177.35005671704,58846.29730600252,57557.36001849296,56271.04163165425,54987.34214548637,53706.261559989296,52427.79987516311,50861.54103928492,49294.2175107372,47725.82928951996,46156.376375633205,44585.858769076935,43059.74396177452,41528.94480491346,39993.46129849374,38453.29344251538,36908.44123697835,35149.9110161474,33394.37193487726,31641.823993167935,29892.267191019426,28145.701528431724,26851.20991334043,25558.38508598961,24267.22704637925,22977.73579450936,21689.91133037994,20892.87427868419,20097.187919285087,19302.85225218263,18509.86727737682,17718.232994867652,16927.94940465513,16139.016506739255,15351.434301120024,14565.202787797438,13780.321966771497,13407.329812335807,13035.039405520722,12663.450746326236,12292.56383475236,11922.378670799084,11552.895254466412,11184.11358575434,10816.03366466288,10448.65549119202,10081.97906534176,9531.382761489078,8981.541923939263,8432.456552692318,7884.126647748239,7336.552209107029,6789.733236768687,6243.669730733217,5698.36169100061,5153.809117570875,4610.012010444008,4260.471435678212,3910.9308609124178,3561.3902861466217,3211.849711380825,2862.30913661503,2512.7685618492333,2163.2279870834363,1813.6874123176408,1464.1468375518446,1114.6062627860492,955.9464458755042,797.2866289649569,638.6268120544119,479.9669951438672,321.3071782333212,162.6473613227762,3.987544412230216,-154.67227249831438,-313.33208940885896,-471.99190631940405
"IMAGE 3.4","Low - SSP2","World","Climate Assessment|Harmonized and Infilled|Emissions|N2O","kt N2O/yr",1,,,,11289.003670665756,11398.283224679242,11507.607212771783,11350.72959588822,11193.910442017564,11037.14975115981,10880.447523314966,10723.803758483027,10652.659554253994,10581.458520138982,10510.200656137988,10438.88596225101,10367.51443847805,10332.797265135256,10298.1059936505,10263.440624023784,10228.801156255107,10194.187590344469,10121.4942781399,10048.810224647632,9976.13542986766,9903.469893799984,9830.813616444606,9779.198813433502,9727.787871649967,9676.580791094004,9625.577571765609,9574.778213664778,9552.025551994158,9529.404087067438,9506.913818884625,9484.554747445707,9462.326872750691,9440.23019479958,9418.26471359237,9396.43042912906,9374.727341409653,9353.155450434147,9358.5436328165,9363.88904855439,9369.191697647824,9374.451580096798,9379.668695901311,9384.843045061372,9389.97462757697,9395.06344344811,9400.10949267479,9405.112775257014,9368.415692163622,9331.585253801835,9294.621460171653,9257.524311273077,9220.293807106103,9182.929947670737,9145.432732966972,9107.802162994813,9070.03823775426,9032.140957245309,8992.121024393846,8952.101091542381,8912.081158690917,8872.061225839454,8832.04129298799,8792.021360136525,8752.00142728506,8711.981494433598,8671.961561582133,8631.941628730669,8582.88849380062,8533.835358870569,8484.78222394052,8435.729089010469,8386.67595408042,8337.62281915037,8288.569684220322,8239.51654929027,8190.463414360222,8141.4102794301725
"IMAGE 3.4","Low - SSP2","World","Climate Assessment|Surface Temperature (GSAT)|33rd Percentile [MAGICC v7.6.0a3]","°C",1,1.1491,1.1657,1.1865,1.2098,1.2338,1.2577,1.2793,1.2992,1.3185,1.3371,1.3548,1.3733,1.3917,1.4134,1.4358,1.4571,1.4797,1.4986,1.5141,1.5284,1.5407,1.5448,1.5493,1.5577,1.5654,1.5777,1.5913,1.6038,1.6094,1.6124,1.613,1.6112,1.6058,1.6009,1.5972,1.5982,1.6009,1.6013,1.5988,1.5956,1.5887,1.5827,1.5745,1.5649,1.5574,1.5533,1.5507,1.5495,1.5466,1.5448,1.5407,1.5343,1.5275,1.5203,1.5132,1.5065,1.5002,1.495,1.4913,1.4898,1.4883,1.4844,1.4808,1.4749,1.4688,1.4612,1.4517,1.4457,1.4393,1.4331,1.431,1.4275,1.4285,1.4265,1.42,1.4114,1.4022,1.3926,1.3842,1.3766,1.3721
"IMAGE 3.4","Low - SSP2","World","Climate Assessment|Surface Temperature (GSAT)|67th Percentile [MAGICC v7.6.0a3]","°C",1,1.2622,1.2817,1.3037,1.3299,1.3607,1.3871,1.414,1.44,1.466,1.4885,1.5117,1.5383,1.5619,1.5886,1.6182,1.647,1.6768,1.7023,1.724,1.7437,1.7579,1.7708,1.7843,1.7971,1.8103,1.8258,1.8417,1.857,1.8684,1.8709,1.8728,1.8647,1.8617,1.86,1.8582,1.8587,1.8613,1.8634,1.8638,1.8639,1.8608,1.8533,1.8436,1.8363,1.8302,1.825,1.8226,1.8186,1.8184,1.8158,1.8102,1.8038,1.7974,1.7893,1.7809,1.775,1.7684,1.7633,1.7608,1.7612,1.762,1.7611,1.7582,1.7545,1.7505,1.7427,1.7341,1.7257,1.7171,1.7135,1.7134,1.7127,1.7113,1.708,1.7016,1.693,1.6836,1.6749,1.6666,1.6594,1.6538
"IMAGE 3.4","Low - SSP2","World","Climate Assessment|Surface Temperature (GSAT)|Median [MAGICC v7.6.0a3]","°C",1,1.2035,1.2215,1.2429,1.2673,1.293,1.3165,1.3409,1.3616,1.3827,1.4057,1.4291,1.4505,1.4723,1.4947,1.5205,1.5461,1.5717,1.594,1.6129,1.63,1.6457,1.6572,1.6656,1.6745,1.6852,1.6985,1.7118,1.7235,1.7326,1.7382,1.7374,1.7342,1.7324,1.7297,1.7258,1.7239,1.7245,1.7243,1.7231,1.7209,1.7167,1.7096,1.7016,1.6963,1.6901,1.6829,1.6793,1.6771,1.6755,1.6731,1.6696,1.6638,1.6576,1.6516,1.6471,1.6427,1.6376,1.6328,1.6299,1.6284,1.6272,1.6248,1.6214,1.6161,1.6094,1.6014,1.5914,1.5834,1.5771,1.5708,1.5662,1.5647,1.5647,1.5627,1.5575,1.5484,1.536,1.5277,1.5192,1.5136,1.5087
"IMAGE 3.4","Low-to-Negative - SSP1","World","Climate Assessment|Effective Radiative Forcing|33rd Percentile [MAGICC v7.6.0a3]","W/m^2",1,2.566,2.556,2.6284,2.6849,2.7407,2.7875,2.8527,2.8992,2.9549,3.007,3.0568,3.1012,3.1526,3.2187,3.2977,3.3499,3.4113,3.4481,3.5001,3.5338,3.551,3.5513,3.5681,3.5845,3.6031,3.6368,3.6594,3.6775,3.6696,3.6418,3.595,3.556,3.5215,3.4908,3.4726,3.4666,3.4611,3.4279,3.4002,3.3715,3.3163,3.2678,3.2234,3.1841,3.1448,3.1169,3.1078,3.0917,3.0672,3.025,2.9763,2.9233,2.8793,2.8401,2.7948,2.7588,2.719,2.6884,2.6701,2.6526,2.6265,2.593,2.5591,2.5155,2.4774,2.4301,2.3894,2.357,2.3269,2.3106,2.3023,2.2937,2.2867,2.2512,2.2054,2.1666,2.1288,2.0977,2.0682,2.0515,2.0474
"IMAGE 3.4","Low-to-Negative - SSP1","World","Climate Assessment|Effective Radiative Forcing|67th Percentile [MAGICC v7.6.0a3]","W/m^2",1,2.8229,2.8276,2.9005,2.9465,3.0069,3.0515,3.1116,3.1584,3.2148,3.2591,3.3082,3.3561,3.4124,3.478,3.5518,3.5984,3.6664,3.7036,3.7478,3.7772,3.7873,3.7863,3.8012,3.8167,3.8372,3.8704,3.8905,3.9067,3.9016,3.8773,3.8396,3.8028,3.7653,3.7325,3.711,3.6974,3.6886,3.6625,3.6372,3.6063,3.5568,3.5105,3.4646,3.4279,3.3946,3.364,3.3488,3.3301,3.3059,3.2669,3.2246,3.1716,3.1298,3.0881,3.043,3.0039,2.9653,2.9347,2.9155,2.8944,2.8712,2.8379,2.8026,2.7599,2.721,2.6741,2.6355,2.6003,2.5698,2.5542,2.543,2.5289,2.5228,2.487,2.4421,2.4002,2.3598,2.3284,2.2991,2.2798,2.2668
"IMAGE 3.4","Low-to-Negative - SSP1","World","Climate Assessment|Effective Radiative Forcing|Median [MAGICC v7.6.0a3]","W/m^2",1,2.6983,2.6998,2.7568,2.8056,2.8656,2.9097,2.9736,3.0232,3.0762,3.1275,3.1756,3.223,3.2782,3.3424,3.4215,3.4738,3.543,3.5814,3.6267,3.6562,3.6697,3.6723,3.6822,3.6981,3.7182,3.7552,3.7755,3.795,3.79,3.761,3.7171,3.6822,3.6489,3.6139,3.5898,3.5819,3.5751,3.5483,3.5214,3.4916,3.4391,3.3877,3.3435,3.3084,3.2716,3.243,3.231,3.2164,3.1941,3.1552,3.1051,3.0492,3.0046,2.9629,2.9184,2.8817,2.8414,2.8128,2.7932,2.7789,2.752,2.7195,2.6856,2.6419,2.6051,2.5561,2.5153,2.4836,2.455,2.4372,2.4295,2.4146,2.4079,2.3721,2.3265,2.2877,2.2455,2.2142,2.1823,2.1637,2.1561
"IMAGE 3.4","Low-to-Negative - SSP1","World","Climate Assessment|Harmonized and Infilled|Emissions|CH4","Mt CH4/yr",1,,,,363.4899013289108,363.5064563437155,363.5172068001252,363.45320454227385,363.3979230143185,363.3513622162591,363.3135221480957,363.2844028098282,361.6866272820791,360.10076255439793,358.5268086267847,356.96476549923943,355.41463317176215,353.69590024861304,351.98287425186834,350.2755551815282,348.5739430375924,346.878037820061,335.1819604249933,323.4914663720629,311.80655566126967,300.12722829261355,288.4534842660946,276.2268586680051,264.0045736944823,251.7866293455264,239.57302562113728,227.36376252131495,221.29560832647863,215.2250823586068,209.1521846176995,203.07691510375665,196.99927381677836,190.9192607567645,184.8368759237152,178.75211931763036,172.66499093851007,166.57549078635424,164.7906907169276,163.00625356600494,161.22217933358624,159.43846801967152,157.65511962426075,155.87213414735396,154.08951158895115,152.30725194905227,150.5253552276574,148.74382142476648,147.9041507587323,147.06470941963212,146.22549740746604,145.38651472223398,144.54776136393593,143.70923733257194,142.87094262814196,142.03287725064607,141.19504120008423,140.35743447645638,139.34722746483277,138.33702045320916,137.32681344158556,136.31660642996195,135.30639941833837,134.29619240671477,133.28598539509116,132.27577838346755,131.26557137184395,130.25536436022034,129.22581853748022,128.1962727147401,127.166726892,126.13718106925984,125.10763524651968,124.07808942377956,123.04854360103944,122.01899777829932,120.9894519555592,119.95990613281909
"IMAGE 3.4","Low-to-Negative - SSP1","World","Climate Assessment|Harmonized and Infilled|Emissions|CO2","Mt CO2/yr",1,,,,42339.76770647963,42902.92027384933,43465.01914130444,42787.40618239078,42110.02377400225,41432.87191613886,40755.9506088006,40079.259851987474,39203.85108331232,38329.16082259101,37455.18906982355,36581.93582500993,35709.40108815016,34852.63664455229,33997.206751741935,33143.11140971911,32290.350618483808,31438.92437803604,29581.099171030964,27726.533717874896,25875.228018567832,24027.18207310977,22182.395881500703,19606.57941255823,17034.61660873334,14466.507470026048,11902.251996436342,9341.85018796423,7889.281783273212,6439.145406351138,4991.441057198002,3546.168735813805,2103.3284421985504,662.9201763522365,-775.0560617251385,-2210.6002720335746,-3643.712454573068,-5074.392609343624,-5965.076424454797,-6854.444526747887,-7742.496916222892,-8629.233592879817,-9514.654556718651,-10398.759807739409,-11281.549345942078,-12163.023171326664,-13043.18128389317,-13922.023683641586,-14297.572455282763,-14672.855376657884,-15047.872447766938,-15422.623668609936,-15797.109039186877,-16171.328559497748,-16545.28222954257,-16918.970049321324,-17292.39201883402,-17665.548138080656,-17695.87370147107,-17726.199264861487,-17756.524828251895,-17786.85039164231,-17817.175955032726,-17847.50151842314,-17877.827081813557,-17908.152645203972,-17938.478208594384,-17968.8037719848,-17911.61229095416,-17854.42080992352,-17797.229328892878,-17740.037847862237,-17682.846366831593,-17625.654885800952,-17568.46340477031,-17511.271923739667,-17454.080442709026,-17396.888961678385
"IMAGE 3.4","Low-to-Negative - SSP1","World","Climate Assessment|Harmonized and Infilled|Emissions|Kyoto Gases [AR6GWP100]","Mt CO2-equiv/yr",1,,,,57507.00308133636,58117.69594676676,58727.0184903091,57830.65571054221,56936.11274084074,56043.38958120471,55152.48623163412,54263.40269212896,53224.65864235671,52187.6900656275,51152.49696194134,50119.07933129822,49087.43717369813,48181.044512112414,47276.03843616367,46372.41894585189,45470.18604117708,44569.33972213926,42361.20673972808,40156.08949183343,37953.98797845534,35754.90219959379,33558.83215524877,30483.56301647677,27412.94705490225,24346.98427052522,21285.674663345657,18229.01823336357,16584.72633113543,14942.78076992644,13303.181549736604,11665.928670565918,10031.022132414384,8398.461935282003,6768.248079168772,5140.380564074692,3514.859389999769,1891.684556943992,934.3460268454024,-21.655327108431635,-976.3195049175088,-1929.6465065818331,-2881.636332101398,-3832.288981476207,-4781.604454706261,-5729.582751791559,-6676.223872732102,-7621.527817527886,-8028.42373215913,-8435.039326380718,-8841.374600192645,-9247.429553594911,-9653.204186587524,-10058.698499170474,-10463.91249134377,-10868.8461631074,-11273.499514461371,-11677.87254540569,-11743.766481924366,-11809.66041844304,-11875.554354961709,-11941.448291480385,-12007.34222799906,-12073.236164517735,-12139.13010103641,-12205.024037555087,-12270.917974073758,-12336.811910592436,-12318.670015917256,-12300.528121242076,-12282.386226566898,-12264.244331891718,-12246.102437216536,-12227.960542541356,-12209.818647866176,-12191.676753190994,-12173.534858515815,-12155.392963840635
"IMAGE 3.4","Low-to-Negative - SSP1","World","Climate Assessment|Harmonized and Infilled|Emissions|N2O","kt N2O/yr",1,,,,11289.003670665752,11392.166924443012,11495.354002824844,11465.084732113368,11434.689008059177,11404.166830662263,11373.518199922632,11342.74311584028,11314.845306376672,11286.834654857674,11258.711161283283,11230.47482565351,11202.125647968343,11172.505140377314,11142.75854909055,11112.885874108046,11082.8871154298,11052.76227305582,10801.722444348632,10550.556101573551,10299.263244730582,10047.843873819722,9796.297988840966,9568.779405253868,9341.2197977687,9113.619166385455,8885.977511104142,8658.294831924757,8576.385720150973,8494.443679373384,8412.468709591987,8330.460810806788,8248.419983017779,8166.346226224966,8084.239540428346,8002.099925627922,7919.927381823691,7837.721909015653,7775.023633152245,7712.407109819765,7649.872339018215,7587.419320747593,7525.048055007902,7462.758541799141,7400.550781121308,7338.424772974407,7276.380517358432,7214.418014273389,7185.560218231895,7156.764731856065,7128.031555145899,7099.360688101397,7070.752130722558,7042.205883009382,7013.721944961872,6985.300316580023,6956.940997863838,6928.643988813318,6901.043055141497,6873.442121469676,6845.841187797854,6818.240254126033,6790.639320454211,6763.038386782389,6735.437453110569,6707.836519438746,6680.2355857669245,6652.634652095104,6615.277051937471,6577.919451779837,6540.561851622203,6503.204251464568,6465.846651306934,6428.4890511493,6391.131450991667,6353.773850834032,6316.416250676397,6279.058650518764
"IMAGE 3.4","Low-to-Negative - SSP1","World","Climate Assessment|Surface Temperature (GSAT)|33rd Percentile [MAGICC v7.6.0a3]","°C",1,1.1491,1.1657,1.1865,1.2098,1.2339,1.2585,1.2816,1.3041,1.3278,1.351,1.3732,1.3969,1.4192,1.445,1.474,1.5028,1.5334,1.5599,1.5831,1.6024,1.6198,1.6371,1.6497,1.6628,1.677,1.6912,1.7064,1.7205,1.7312,1.7339,1.7325,1.7265,1.7232,1.7174,1.713,1.709,1.7057,1.7006,1.696,1.6889,1.6797,1.6674,1.6534,1.6385,1.626,1.6135,1.6045,1.5961,1.5866,1.5766,1.5633,1.5475,1.5303,1.514,1.4974,1.4815,1.4655,1.4511,1.4393,1.4293,1.4168,1.4024,1.3887,1.3725,1.3573,1.3401,1.3223,1.3059,1.2905,1.2763,1.266,1.2578,1.2508,1.24,1.2256,1.2103,1.1954,1.1793,1.1644,1.1526,1.142
"IMAGE 3.4","Low-to-Negative - SSP1","World","Climate Assessment|Surface Temperature (GSAT)|67th Percentile [MAGICC v7.6.0a3]","°C",1,1.2622,1.2817,1.3037,1.3299,1.3607,1.3882,1.4173,1.448,1.4786,1.507,1.5395,1.5692,1.5987,1.6323,1.6693,1.7059,1.7426,1.7749,1.8106,1.8431,1.8678,1.8851,1.9022,1.9201,1.9405,1.9606,1.9804,1.9979,2.0125,2.0203,2.0208,2.0199,2.0145,2.0083,2.0039,2.0009,1.9984,1.9954,1.991,1.9845,1.9749,1.9636,1.9502,1.9366,1.9235,1.9115,1.902,1.8943,1.8867,1.8777,1.8633,1.8477,1.8292,1.8116,1.7939,1.7768,1.76,1.7444,1.7309,1.7188,1.7074,1.6942,1.6823,1.6659,1.6517,1.635,1.6173,1.5986,1.5811,1.5675,1.5585,1.5484,1.5377,1.5256,1.5115,1.4962,1.483,1.466,1.4493,1.4362,1.425
"IMAGE 3.4","Low-to-Negative - SSP1","World","Climate Assessment|Surface Temperature (GSAT)|Median [MAGICC v7.6.0a3]","°C",1,1.2035,1.2215,1.2429,1.2673,1.293,1.3173,1.3439,1.3678,1.3962,1.4245,1.4539,1.481,1.5063,1.5355,1.5668,1.5988,1.63,1.6593,1.6878,1.7141,1.7372,1.7549,1.7696,1.7852,1.803,1.8215,1.8397,1.8573,1.8712,1.8781,1.8782,1.8761,1.8703,1.8646,1.8601,1.8582,1.8557,1.8515,1.846,1.8394,1.8305,1.8184,1.8027,1.7901,1.7789,1.766,1.7553,1.7462,1.7398,1.7303,1.7172,1.7,1.6828,1.6662,1.6504,1.6343,1.6178,1.6003,1.5863,1.5753,1.5627,1.5491,1.5349,1.5198,1.5025,1.4842,1.4654,1.4479,1.4334,1.4208,1.4103,1.4012,1.393,1.3836,1.369,1.3532,1.3361,1.3203,1.3071,1.2943,1.2827
"IMAGE 3.4","Low-to-Negative - SSP2","World","Climate Assessment|Effective Radiative Forcing|33rd Percentile [MAGICC v7.6.0a3]","W/m^2",1,2.566,2.556,2.6284,2.6848,2.7405,2.777,2.8199,2.8543,2.8967,2.9285,2.9641,3.0006,3.0451,3.1,3.1661,3.2092,3.2694,3.2993,3.3484,3.3771,3.3982,3.4235,3.4607,3.5038,3.5512,3.6159,3.6699,3.718,3.7428,3.7468,3.72,3.6923,3.6673,3.6413,3.6289,3.631,3.6331,3.6179,3.6003,3.5786,3.5311,3.4869,3.4471,3.4159,3.3854,3.3635,3.3558,3.3487,3.3328,3.2945,3.2489,3.2019,3.1633,3.1275,3.0901,3.0589,3.0244,3.0002,2.9831,2.9712,2.9503,2.9179,2.886,2.8478,2.814,2.764,2.7231,2.6952,2.6672,2.6535,2.6448,2.6329,2.629,2.5914,2.5429,2.505,2.4601,2.4297,2.4,2.3821,2.3746
"IMAGE 3.4","Low-to-Negative - SSP2","World","Climate Assessment|Effective Radiative Forcing|67th Percentile [MAGICC v7.6.0a3]","W/m^2",1,2.8229,2.8276,2.9005,2.9465,3.0067,3.0435,3.0867,3.1187,3.1563,3.1901,3.226,3.2629,3.3075,3.3655,3.4315,3.474,3.5286,3.5617,3.6037,3.6271,3.6505,3.6734,3.7095,3.7501,3.7932,3.8563,3.9073,3.9581,3.9824,3.986,3.9611,3.9359,3.9125,3.8938,3.8829,3.8832,3.8815,3.8655,3.8461,3.823,3.7806,3.7398,3.7012,3.6708,3.64,3.6179,3.6092,3.5954,3.5752,3.5422,3.4992,3.4522,3.4125,3.376,3.341,3.309,3.2787,3.2536,3.2364,3.2214,3.2009,3.1693,3.1362,3.0929,3.0584,3.012,2.9743,2.9428,2.9146,2.8965,2.8862,2.872,2.8651,2.8292,2.7874,2.7461,2.707,2.6759,2.646,2.6271,2.6174
"IMAGE 3.4","Low-to-Negative - SSP2","World","Climate Assessment|Effective Radiative Forcing|Median [MAGICC v7.6.0a3]","W/m^2",1,2.6983,2.6998,2.7568,2.8055,2.8654,2.9011,2.9452,2.978,3.0219,3.0588,3.0967,3.1275,3.1678,3.2281,3.2935,3.3391,3.4003,3.4236,3.4723,3.5009,3.5246,3.5438,3.5807,3.6225,3.6637,3.7255,3.7836,3.8329,3.8598,3.8645,3.8395,3.8142,3.7888,3.7631,3.7529,3.7548,3.7564,3.7344,3.7168,3.6988,3.6583,3.6112,3.5729,3.5438,3.5108,3.4885,3.484,3.476,3.4587,3.4211,3.3775,3.33,3.2918,3.2563,3.2171,3.1829,3.1515,3.1283,3.1139,3.1007,3.0786,3.047,3.0141,2.971,2.9352,2.8874,2.8497,2.8178,2.79,2.7757,2.7671,2.7534,2.7452,2.71,2.667,2.6263,2.5835,2.5533,2.5219,2.5052,2.495
"IMAGE 3.4","Low-to-Negative - SSP2","World","Climate Assessment|Harmonized and Infilled|Emissions|CH4","Mt CH4/yr",1,,,,363.4899013289108,363.6657984548553,363.8359406576794,366.27917705843504,368.7288169730154,371.1848604014208,373.6473073436508,376.1161577997059,376.9237595190218,377.74121976874176,378.5685385488656,379.405715859393,380.2527517003243,381.2414604843669,382.2349114768083,383.2331046776485,384.2360400868876,385.2437177045255,374.3107060958971,363.3800567540323,352.451769678931,341.52584487059323,330.6022823290191,316.92405956147974,303.25381403886735,289.59154576118186,275.93725472842334,262.2909409405917,255.708289639966,249.12451241972764,242.53960927987663,235.953580220413,229.36642524133669,222.7781443426478,216.1887375243462,209.598204786432,203.0065461289052,196.41376155176576,194.58084236201424,192.74908956820013,190.91850317032345,189.0890831683841,187.26082956238224,185.43374235231775,183.6078215381908,181.78306712000116,179.95947909774887,178.13705747143408,177.25571505265722,176.37541041564808,175.4961435604067,174.617914486933,173.74072319522708,172.86456968528887,171.98945395711831,171.11537601071558,170.24233584608052,169.37033346321317,168.59604977143067,167.8217660796481,167.04748238786556,166.27319869608303,165.49891500430047,164.72463131251794,163.9503476207354,163.17606392895289,162.4017802371703,161.62749654538777,160.80756434288168,159.9876321403756,159.16769993786954,158.34776773536345,157.52783553285738,156.7079033303513,155.88797112784522,155.06803892533912,154.24810672283306,153.42817452032696
"IMAGE 3.4","Low-to-Negative - SSP2","World","Climate Assessment|Harmonized and Infilled|Emissions|CO2","Mt CO2/yr",1,,,,42339.76770647963,42973.329911889145,43605.794472046895,43320.85389817466,43035.72656551919,42750.412474080455,42464.91162385847,42179.22401485323,41762.36036161116,41345.90173919946,40929.84814761811,40514.19958686712,40098.95605694649,39756.53288883916,39414.96014249852,39074.23781792458,38734.365915117305,38395.34443407673,36773.2534987885,35154.36565882976,33538.68091420049,31926.199264900704,30316.9207109304,27533.66257406817,24753.528463100207,21976.51837802651,19202.632318847074,16431.87028556191,14784.69221023833,13140.619867901194,11499.653258550496,9861.792382186237,8227.037238808414,6595.387828417032,4966.844151012089,3341.406206593585,1719.07399516152,99.84751671589332,-975.053310739066,-2048.1475321866924,-3119.4351476269867,-4188.91615705995,-5256.59056048558,-6322.458357903878,-7386.519549314842,-8448.774134718475,-9509.222114114777,-10567.863487503746,-11032.24168445556,-11496.420123537016,-11960.39880474811,-12424.17772808885,-12887.756893559224,-13351.136301159244,-13814.315950888902,-14277.2958427482,-14740.075976737142,-15202.656352855724,-15358.578513741342,-15514.500674626956,-15670.422835512572,-15826.344996398191,-15982.267157283808,-16138.18931816942,-16294.11147905504,-16450.03363994066,-16605.955800826272,-16761.87796171189,-16786.61751832024,-16811.357074928586,-16836.096631536933,-16860.83618814528,-16885.575744753627,-16910.315301361974,-16935.054857970325,-16959.79441457867,-16984.533971187022,-17009.27352779537
"IMAGE 3.4","Low-to-Negative - SSP2","World","Climate Assessment|Harmonized and Infilled|Emissions|Kyoto Gases [AR6GWP100]","Mt CO2-equiv/yr",1,,,,57507.00308133636,58194.24063673595,58880.07099032516,58466.07776733941,58053.45574537131,57642.20492442086,57232.32530448805,56823.81688557288,56331.24880714073,55840.11449280007,55350.41394255092,54862.14715639325,54375.31413432708,54077.775995076416,53781.12791831443,53485.36990404112,53190.50195225648,52896.52406296052,50948.65550778369,49003.65147642501,47061.51196888444,45122.23698516197,43185.82652525765,39864.85082623269,36547.81364897151,33234.71499347409,29925.55485974044,26620.33324777056,24768.191923360013,22919.123817386477,21073.12892984994,19230.20726075041,17390.358810087888,15553.58357786237,13719.881564073856,11889.25276872235,10061.697191807849,8237.214833330354,7094.806328916239,5954.257442929928,4815.568175371423,3678.738526240718,2543.7684955378204,1410.6580832627262,279.40728941544,-849.9838860040439,-1977.515442995727,-3103.187381559603,-3604.283518101469,-4105.13053955485,-4605.728445919737,-5106.07723719614,-5606.17691338405,-6106.027474483473,-6605.628920494409,-7104.9812514168525,-7604.08446725081,-8102.938567996281,-8284.947555377415,-8466.95654275855,-8648.965530139683,-8830.97451752082,-9012.983504901957,-9194.992492283089,-9377.001479664224,-9559.010467045364,-9741.019454426496,-9923.028441807632,-9974.834498619271,-10026.64055543091,-10078.446612242544,-10130.252669054182,-10182.05872586582,-10233.864782677456,-10285.670839489096,-10337.476896300732,-10389.282953112372,-10441.08900992401
"IMAGE 3.4","Low-to-Negative - SSP2","World","Climate Assessment|Harmonized and Infilled|Emissions|N2O","kt N2O/yr",1,,,,11289.003670665756,11398.355228577022,11507.751419117309,11550.99556791601,11594.226929892984,11637.445505048228,11680.65129338175,11723.84429489354,11773.820018857485,11823.769276244437,11873.692067054406,11923.588391287389,11973.45824894338,12019.872609153495,12066.164619525089,12112.33428005816,12158.381590752704,12204.306551608726,11981.513288096336,11758.447134518756,11535.108090875983,11311.496157168016,11087.611333394854,10847.346945978385,10606.886118638424,10366.228851374966,10125.375144188014,9884.324997077569,9807.694609686623,9731.088199985325,9654.50576797367,9577.947313651655,9501.412837019294,9424.902338076572,9348.4158168235,9271.95327326007,9195.514707386284,9119.100119202143,9058.199569525386,8997.412352832493,8936.738469123464,8876.1779183983,8815.730700657,8755.396815899569,8695.176264126001,8635.069045336299,8575.075159530461,8515.19460670849,8470.606372031127,8426.126672434835,8381.755507919619,8337.492878485473,8293.3387841324,8249.293224860401,8205.356200669472,8161.527711559619,8117.807757530837,8074.196338583129,8055.6375981210895,8037.078857659052,8018.520117197014,7999.961376734976,7981.402636272938,7962.8438958109,7944.285155348863,7925.726414886823,7907.167674424785,7888.608933962747,7870.848598349207,7853.088262735666,7835.327927122125,7817.567591508586,7799.807255895044,7782.046920281505,7764.286584667962,7746.526249054423,7728.765913440881,7711.005577827341
"IMAGE 3.4","Low-to-Negative - SSP2","World","Climate Assessment|Surface Temperature (GSAT)|33rd Percentile [MAGICC v7.6.0a3]","°C",1,1.1491,1.1657,1.1865,1.2097,1.2338,1.2571,1.2783,1.297,1.3154,1.3337,1.3534,1.3706,1.3908,1.4121,1.437,1.4614,1.486,1.5099,1.5305,1.551,1.5666,1.5844,1.5993,1.6207,1.6417,1.6661,1.6914,1.7153,1.7369,1.7517,1.7606,1.7643,1.7652,1.7643,1.7636,1.7658,1.7695,1.7705,1.7698,1.7682,1.7619,1.7544,1.7439,1.7346,1.7266,1.7193,1.7116,1.7077,1.7023,1.6933,1.6807,1.6675,1.6563,1.6439,1.6296,1.6157,1.6029,1.5906,1.5803,1.5727,1.5655,1.5561,1.5449,1.5331,1.521,1.506,1.4905,1.4718,1.4582,1.4469,1.4378,1.4311,1.4235,1.4133,1.4008,1.3866,1.3716,1.3568,1.3409,1.3269,1.3172
"IMAGE 3.4","Low-to-Negative - SSP2","World","Climate Assessment|Surface Temperature (GSAT)|67th Percentile [MAGICC v7.6.0a3]","°C",1,1.2622,1.2817,1.3037,1.3299,1.3607,1.3865,1.4118,1.4369,1.4606,1.4833,1.5055,1.5331,1.5571,1.5844,1.6141,1.6453,1.6774,1.7052,1.7335,1.7569,1.78,1.803,1.8261,1.8506,1.8766,1.9042,1.9348,1.9631,1.9919,2.0138,2.0299,2.0385,2.0443,2.0473,2.0512,2.0538,2.0585,2.0616,2.0638,2.0637,2.0583,2.0504,2.0414,2.0328,2.0258,2.0177,2.0122,2.0095,2.0071,2.0012,1.9923,1.9795,1.9657,1.9515,1.9367,1.9236,1.9088,1.8949,1.8833,1.8731,1.8646,1.8546,1.8433,1.831,1.818,1.8033,1.7882,1.7745,1.7622,1.7518,1.7436,1.7362,1.7291,1.7194,1.7058,1.6917,1.6743,1.6593,1.6444,1.6311,1.6192
"IMAGE 3.4","Low-to-Negative - SSP2","World","Climate Assessment|Surface Temperature (GSAT)|Median [MAGICC v7.6.0a3]","°C",1,1.2035,1.2215,1.2429,1.2673,1.293,1.3158,1.3391,1.3594,1.3795,1.4008,1.4224,1.4456,1.4673,1.4921,1.5214,1.5469,1.5739,1.5993,1.6238,1.6465,1.6691,1.6886,1.7101,1.7314,1.756,1.7827,1.8128,1.8391,1.8622,1.8831,1.8952,1.9006,1.9029,1.9066,1.9066,1.9082,1.9112,1.9146,1.916,1.9166,1.9146,1.906,1.8965,1.8875,1.8789,1.8697,1.8646,1.8616,1.8567,1.8488,1.8395,1.8254,1.8144,1.8013,1.7862,1.7729,1.7615,1.7499,1.7405,1.7329,1.7257,1.7173,1.7046,1.6897,1.6748,1.6557,1.641,1.6263,1.6111,1.5955,1.586,1.5768,1.5688,1.5593,1.5459,1.5311,1.5163,1.505,1.4906,1.4776,1.4666
"IMAGE 3.4","Medium - SSP1","World","Climate Assessment|Effective Radiative Forcing|33rd Percentile [MAGICC v7.6.0a3]","W/m^2",1,2.566,2.556,2.6284,2.6853,2.742,2.7889,2.853,2.8998,2.9561,3.0106,3.0612,3.107,3.1609,3.2291,3.3116,3.3631,3.4245,3.4625,3.5125,3.5457,3.563,3.5643,3.5845,3.6113,3.64,3.6859,3.722,3.7642,3.7769,3.7695,3.7496,3.7438,3.7405,3.7375,3.7467,3.7754,3.8062,3.8144,3.8272,3.8377,3.8241,3.8204,3.8141,3.8143,3.8203,3.8321,3.8615,3.887,3.9051,3.9059,3.8985,3.8822,3.8809,3.8769,3.8716,3.8727,3.8752,3.89,3.9078,3.9291,3.9451,3.9552,3.9622,3.9614,3.966,3.9573,3.9554,3.9631,3.9734,3.997,4.025,4.05,4.0802,4.0799,4.0691,4.0623,4.0509,4.0533,4.0562,4.0687,4.0925
"IMAGE 3.4","Medium - SSP1","World","Climate Assessment|Effective Radiative Forcing|67th Percentile [MAGICC v7.6.0a3]","W/m^2",1,2.8229,2.8276,2.9005,2.9468,3.0075,3.0527,3.1124,3.1588,3.2158,3.2608,3.3115,3.3623,3.4199,3.4869,3.5624,3.6103,3.6759,3.7145,3.7594,3.788,3.7982,3.8008,3.8211,3.8441,3.8756,3.9239,3.9596,3.9936,4.0111,4.0096,3.9943,3.9908,3.9871,3.9907,4.0031,4.0285,4.0536,4.061,4.0709,4.084,4.0749,4.0696,4.0655,4.0692,4.078,4.0922,4.123,4.1461,4.1615,4.1663,4.1616,4.1539,4.1544,4.1551,4.1539,4.157,4.161,4.1722,4.189,4.2078,4.2247,4.2349,4.2428,4.2424,4.2479,4.2429,4.2414,4.2495,4.2596,4.2808,4.3092,4.3307,4.3579,4.3573,4.3514,4.3499,4.3435,4.346,4.3495,4.3624,4.3801
"IMAGE 3.4","Medium - SSP1","World","Climate Assessment|Effective Radiative Forcing|Median [MAGICC v7.6.0a3]","W/m^2",1,2.6983,2.6998,2.7568,2.8059,2.8664,2.9109,2.9735,3.0242,3.0779,3.1297,3.1809,3.2295,3.2862,3.3526,3.4329,3.4891,3.555,3.5937,3.6387,3.6662,3.6833,3.6853,3.7035,3.7247,3.7574,3.8061,3.8452,3.8817,3.8976,3.8911,3.874,3.8709,3.8673,3.8674,3.8776,3.9048,3.9336,3.9415,3.9511,3.9604,3.9508,3.943,3.9394,3.9424,3.951,3.965,3.9969,4.0244,4.0446,4.0456,4.0387,4.0246,4.0238,4.0241,4.0226,4.024,4.0276,4.0387,4.059,4.0801,4.0965,4.1071,4.1142,4.1108,4.1153,4.1061,4.1025,4.1091,4.121,4.1399,4.1665,4.1899,4.2181,4.218,4.2068,4.1978,4.1892,4.1929,4.194,4.2075,4.2301
"IMAGE 3.4","Medium - SSP1","World","Climate Assessment|Harmonized and Infilled|Emissions|CH4","Mt CH4/yr",1,,,,363.4899013289108,363.5986495888208,363.7015931434352,364.5155458408905,365.3380591982688,366.1691332155696,367.0087678927931,367.8569632299393,367.11475580094606,366.3846285586738,365.6665815031224,364.96061463429214,364.2667279521827,363.16586749665447,362.070920717217,360.9818876138701,359.89876818661367,358.821562435448,356.7775396958589,354.7359351903646,352.69674891896506,350.6599808816602,348.62563107845017,345.40937210319214,342.1989530903557,338.99437403994096,335.7956349519477,332.60273582637603,330.8702167966205,329.1393070874585,327.4100066988901,325.68231563091524,323.95623388353386,322.23176145674614,320.508898350552,318.7876445649513,317.0680000999442,315.34996495553065,314.53110903566005,313.70869936702167,312.88273594961555,312.05321878344165,311.2201478685,310.3835232047906,309.54334479231346,308.69961263106853,307.8523267210558,307.0014870622754,306.733848063141,306.46485765094604,306.19451582569053,305.9228225873744,305.64977793599763,305.3753818715603,305.0996343940624,304.8225355035038,304.54408519988465,304.2642834832049,303.3984541366505,302.53262479009607,301.6667954435417,300.8009660969873,299.9351367504329,299.06930740387844,298.203478057324,297.3376487107696,296.4718193642152,295.6059900176608,294.09211543718203,292.5782408567032,291.06436627622435,289.5504916957456,288.0366171152667,286.5227425347879,285.0088679543091,283.4949933738303,281.98111879335147,280.4672442128727
"IMAGE 3.4","Medium - SSP1","World","Climate Assessment|Harmonized and Infilled|Emissions|CO2","Mt CO2/yr",1,,,,42339.76770647963,42913.67344227354,43486.7253670339,42852.99365532968,42219.57786444645,41586.4779943842,40953.69404514294,40321.22601672268,39499.85445705071,38679.254206679056,37859.42526560772,37040.36763383672,36222.08131136603,35443.639553499124,34666.62009135507,33891.02292493389,33116.84805423556,32344.095479260115,31480.11289289265,30618.224944251582,29758.43163333692,28900.73296014866,28045.12892468681,27190.60851749251,26337.57616646696,25486.031871610143,24635.975632922084,23787.40745040276,23346.178004744703,22905.458848329832,22465.24998115813,22025.5514032296,21586.36311454424,21147.685115102053,20709.517404903043,20271.859983947208,19834.712852234537,19398.076009765045,19150.916165222214,18904.038126277643,18657.44189293133,18411.12746518328,18165.094843033483,17919.344026481947,17673.875015528665,17428.687810173644,17183.782410416883,16939.158816258376,16791.225830020165,16643.674275174704,16496.504151721998,16349.71545966205,16203.308198994857,16057.28236972042,15911.637971838738,15766.375005349812,15621.49347025364,15476.993366550229,15350.359648476187,15223.72593040215,15097.092212328109,14970.458494254066,14843.824776180025,14717.191058105986,14590.557340031944,14463.923621957903,14337.289903883866,14210.656185809825,14099.424474156758,13988.192762503691,13876.961050850625,13765.729339197558,13654.497627544491,13543.265915891425,13432.03420423836,13320.802492585291,13209.570780932228,13098.339069279162
"IMAGE 3.4","Medium - SSP1","World","Climate Assessment|Harmonized and Infilled|Emissions|Kyoto Gases [AR6GWP100]","Mt CO2-equiv/yr",1,,,,57507.00308133636,58130.923176292,58753.67283343431,57929.75833006319,57107.73240074196,56287.59504547058,55469.34626424907,54652.98605707745,53700.38336891516,52749.60994678025,51800.66579067271,50853.55090059257,49908.265276539794,49102.50048472438,48298.215657336696,47495.41079437675,46694.08589584453,45894.24096174007,44975.695185064695,44059.19075334558,43144.72766658273,42232.30592477614,41321.92552792582,40381.81090935256,39443.202819481536,38506.101258312745,37570.506225846206,36636.41772208189,36169.52720359992,35703.02446221159,35236.909497916924,34771.18231071593,34305.842900608564,33840.89126759487,33376.32741167482,32912.15133284844,32448.36303111569,31984.96250647661,31739.764738448757,31494.54146930309,31249.292699039623,31004.01842765835,30758.718655159275,30513.393381542395,30268.04260680771,30022.66633095522,29777.264553984933,29531.83727589684,29403.219889619177,29274.698006160685,29146.27162552137,29017.94074770124,28889.70537270027,28761.565500518485,28633.52113115587,28505.572264612438,28377.71890088817,28249.96103998308,28122.28869020976,27994.61634043644,27866.94399066312,27739.27164088979,27611.59929111647,27483.926941343147,27356.254591569825,27228.5822417965,27100.909892023185,26973.23754224986,26837.38763977424,26701.53773729861,26565.687834822995,26429.83793234737,26293.988029871754,26158.13812739613,26022.288224920518,25886.43832244489,25750.588419969277,25614.73851749365
"IMAGE 3.4","Medium - SSP1","World","Climate Assessment|Harmonized and Infilled|Emissions|N2O","kt N2O/yr",1,,,,11289.003670665752,11391.807472291375,11494.635095928836,11479.281890907056,11463.757762362477,11448.06271029509,11432.1967347049,11416.159835591909,11418.422475401125,11420.558594584423,11422.568193141804,11424.451271073269,11426.207828378814,11415.14608339846,11403.957762191894,11392.642864759118,11381.201391100132,11369.633341214938,11346.269474405888,11322.802795450534,11299.233304348869,11275.5610011009,11251.785885706622,11223.661868127288,11195.435364841316,11167.106375848698,11138.674901149436,11110.140940743531,11140.441836546526,11170.61455467906,11200.659095141138,11230.57545793276,11260.363643053925,11290.023650504629,11319.555480284876,11348.959132394662,11378.234606833996,11407.381903602867,11431.36602257018,11455.194578830056,11478.867572382493,11502.3850032275,11525.746871365069,11548.953176795205,11572.003919517903,11594.899099533168,11617.638716841,11640.222771441397,11660.473443858224,11680.56598710846,11700.500401192105,11720.276686109157,11739.894841859616,11759.354868443486,11778.656765860764,11797.800534111451,11816.786173195547,11835.613683113052,11835.661303862656,11835.70892461226,11835.756545361868,11835.804166111471,11835.851786861076,11835.899407610685,11835.947028360288,11835.99464910989,11836.0422698595,11836.0898906091,11817.685130466836,11799.280370324568,11780.875610182304,11762.470850040036,11744.066089897771,11725.661329755503,11707.25656961324,11688.851809470973,11670.447049328704,11652.042289186438
"IMAGE 3.4","Medium - SSP1","World","Climate Assessment|Surface Temperature (GSAT)|33rd Percentile [MAGICC v7.6.0a3]","°C",1,1.1491,1.1657,1.1865,1.2098,1.234,1.2586,1.2818,1.3043,1.328,1.3515,1.3734,1.398,1.4208,1.4475,1.4773,1.5079,1.538,1.5636,1.5867,1.6069,1.6248,1.6432,1.6568,1.6722,1.6884,1.7072,1.7263,1.7449,1.762,1.7738,1.7818,1.7886,1.793,1.7981,1.8046,1.8144,1.8262,1.8372,1.8445,1.8527,1.8595,1.8666,1.8703,1.8739,1.8785,1.8846,1.8934,1.9043,1.9158,1.9259,1.9314,1.9347,1.9368,1.9399,1.9422,1.9452,1.9492,1.9535,1.9598,1.9677,1.9757,1.983,1.9898,1.9949,1.9995,2.0026,2.0061,2.0106,2.0159,2.0239,2.0351,2.0463,2.0595,2.069,2.0737,2.0769,2.0788,2.0819,2.0859,2.0916,2.0994
"IMAGE 3.4","Medium - SSP1","World","Climate Assessment|Surface Temperature (GSAT)|67th Percentile [MAGICC v7.6.0a3]","°C",1,1.2622,1.2817,1.3037,1.33,1.3608,1.3883,1.4175,1.4482,1.4791,1.5075,1.5401,1.5709,1.601,1.635,1.6735,1.7108,1.7474,1.7808,1.8161,1.847,1.8733,1.8916,1.9093,1.9299,1.9517,1.9766,2.0007,2.0258,2.0461,2.0621,2.0754,2.0832,2.0897,2.0985,2.1078,2.1214,2.1353,2.1475,2.1593,2.17,2.178,2.1842,2.1894,2.1976,2.2055,2.2116,2.2226,2.2351,2.2513,2.2627,2.2699,2.2749,2.2794,2.2836,2.287,2.291,2.2956,2.3022,2.3116,2.3235,2.3359,2.3476,2.3581,2.3666,2.373,2.3783,2.3835,2.3892,2.3963,2.4051,2.4169,2.4298,2.445,2.457,2.4651,2.4711,2.4762,2.4817,2.4887,2.4961,2.5066
"IMAGE 3.4","Medium - SSP1","World","Climate Assessment|Surface Temperature (GSAT)|Median [MAGICC v7.6.0a3]","°C",1,1.2035,1.2215,1.2429,1.2673,1.2932,1.3175,1.344,1.368,1.3968,1.425,1.4548,1.4821,1.5077,1.538,1.5704,1.6018,1.6343,1.6631,1.6925,1.7187,1.7419,1.7609,1.7767,1.7938,1.8126,1.8356,1.8577,1.8789,1.9,1.9155,1.9251,1.933,1.941,1.9503,1.9606,1.9709,1.9827,1.9947,2.0047,2.0135,2.0207,2.0298,2.0342,2.0358,2.0408,2.047,2.0569,2.0697,2.0821,2.0912,2.0999,2.1059,2.1103,2.1139,2.1176,2.1239,2.1301,2.137,2.1462,2.1559,2.1673,2.1773,2.1862,2.1937,2.2014,2.2082,2.2127,2.2174,2.223,2.2312,2.2428,2.2559,2.2674,2.277,2.2838,2.2898,2.2928,2.296,2.3006,2.3068,2.315
"IMAGE 3.4","Medium - SSP2 (Marker)","World","Climate Assessment|Effective Radiative Forcing|33rd Percentile [MAGICC v7.6.0a3]","W/m^2",1,2.566,2.556,2.6284,2.6849,2.7407,2.7776,2.8211,2.8558,2.9006,2.9337,2.9687,3.0038,3.0472,3.1011,3.1688,3.2115,3.269,3.3041,3.3489,3.3739,3.3952,3.408,3.4444,3.4869,3.533,3.5987,3.6545,3.7109,3.7446,3.7656,3.7741,3.794,3.8137,3.8369,3.8715,3.9222,3.9718,4.0031,4.0357,4.07,4.0851,4.1009,4.1186,4.1442,4.1714,4.2067,4.2562,4.3058,4.3465,4.3723,4.387,4.3941,4.4113,4.4305,4.4453,4.4671,4.4884,4.5195,4.5604,4.6017,4.6358,4.659,4.684,4.6965,4.7137,4.7197,4.7375,4.7607,4.7877,4.8274,4.8696,4.9122,4.9605,4.9766,4.9874,5.0003,5.0076,5.0279,5.0482,5.0804,5.123
"IMAGE 3.4","Medium - SSP2 (Marker)","World","Climate Assessment|Effective Radiative Forcing|67th Percentile [MAGICC v7.6.0a3]","W/m^2",1,2.8229,2.8276,2.9005,2.9465,3.0068,3.044,3.0877,3.1203,3.1595,3.1939,3.2303,3.2663,3.3132,3.3703,3.4374,3.481,3.536,3.5674,3.6127,3.6386,3.658,3.6714,3.7086,3.7486,3.7941,3.8584,3.913,3.9706,4.0053,4.0236,4.032,4.0529,4.0753,4.1002,4.1355,4.1839,4.2355,4.2693,4.3057,4.3406,4.3597,4.3768,4.4013,4.4278,4.4608,4.4972,4.5481,4.5957,4.6437,4.6695,4.6869,4.6966,4.7183,4.7401,4.7614,4.7859,4.8081,4.8397,4.8799,4.9224,4.9568,4.9849,5.0107,5.0287,5.0514,5.0596,5.0753,5.0984,5.1231,5.1632,5.2123,5.253,5.2946,5.3126,5.3201,5.3366,5.3503,5.3697,5.3927,5.4258,5.4697
"IMAGE 3.4","Medium - SSP2 (Marker)","World","Climate Assessment|Effective Radiative Forcing|Median [MAGICC v7.6.0a3]","W/m^2",1,2.6983,2.6998,2.7568,2.8056,2.8655,2.9016,2.9459,2.9806,3.0258,3.0625,3.1015,3.131,3.1714,3.2295,3.3,3.3425,3.4019,3.4318,3.4772,3.5087,3.5315,3.5418,3.575,3.6118,3.6594,3.7296,3.7862,3.8362,3.8727,3.8883,3.8926,3.9142,3.9367,3.9613,3.998,4.0476,4.1029,4.1366,4.1708,4.2024,4.2161,4.2337,4.2551,4.2833,4.3132,4.3505,4.4027,4.4567,4.4985,4.527,4.5471,4.5575,4.5759,4.5955,4.616,4.637,4.6579,4.6915,4.7357,4.7777,4.8134,4.8392,4.8637,4.8768,4.8961,4.9007,4.9155,4.9392,4.9645,4.9978,5.0429,5.0837,5.132,5.1455,5.152,5.1599,5.1663,5.187,5.2062,5.2398,5.2838
"IMAGE 3.4","Medium - SSP2 (Marker)","World","Climate Assessment|Harmonized and Infilled|Emissions|CH4","Mt CH4/yr",1,,,,363.4899013289108,363.8035776664528,364.1115058550182,368.1065319170776,372.1078368418388,376.1154206293015,380.129283279466,384.1494247923322,386.7706048298013,389.40167998218726,392.0426502494899,394.6935156317094,397.3542761288455,399.95989582714935,402.57013237766233,405.1849857803846,407.804456035316,410.4285431424567,411.7840363189905,413.1399519441512,414.4962900179388,415.85305054035314,417.2102335113945,416.77753086479015,416.3488704995135,415.9242524155644,415.50367661294297,415.0871430916492,415.3012598866952,415.50908344854224,415.7106137771903,415.90585087263935,416.09479473488943,416.2774453639405,416.4538027597926,416.6238669224458,416.7876378518999,416.945115548155,417.7998485533117,418.6501849895204,419.4961248567808,420.3376681550933,421.17481488445753,422.0075650448737,422.8359186363417,423.6598756588618,424.4794361124335,425.2945999970573,426.09644701583983,426.89498378542703,427.6902103058188,428.4821265770152,429.2707325990161,430.0560283718217,430.838013895432,431.6166891698467,432.3920541950662,433.1641089710903,433.2930188377352,433.42192870438015,433.5508385710252,433.6797484376702,433.8086583043152,433.9375681709601,434.066478037605,434.19538790425,434.324297770895,434.45320763753983,434.6295028358489,434.805798034158,434.98209323246704,435.15838843077614,435.3346836290853,435.51097882739424,435.68727402570335,435.8635692240125,436.0398644223215,436.21615962063055
"IMAGE 3.4","Medium - SSP2 (Marker)","World","Climate Assessment|Harmonized and Infilled|Emissions|CO2","Mt CO2/yr",1,,,,42339.76770647963,43086.81867375022,43832.82129948807,43591.60330446332,43350.20728522845,43108.63324178346,42866.88117412834,42624.95108226311,42268.10215189302,41911.64524529565,41555.58036247097,41199.90750341901,40844.62666813975,40570.22392110924,40296.690718513964,40024.02706035396,39752.23294662921,39481.30837733972,39136.91259296975,38793.85171170496,38452.12573354533,38111.73465849088,37772.67848654162,37443.298785684914,37115.05714938563,36787.95357764378,36461.98807045936,36137.16062783235,36034.4798928115,35932.19809509287,35830.315234676455,35728.83131156227,35627.746325750304,35527.06027724056,35426.77316603304,35326.884992127736,35227.39575552465,35128.3054562238,35053.90474115974,34979.277457146214,34904.42360418323,34829.343182270786,34754.036191408864,34678.50263159749,34602.742502836656,34526.755805126355,34450.5425384666,34374.10270285737,34336.458369046304,34299.11065376596,34262.05955701634,34225.30507879744,34188.84721910927,34152.685977951835,34116.82135532511,34081.25335122912,34045.98196566386,34011.00719862931,34007.72276023215,34004.438321835,34001.15388343785,33997.86944504069,33994.58500664354,33991.300568246385,33988.01612984923,33984.73169145208,33981.447253054925,33978.162814657764,34024.824286720686,34071.48575878362,34118.14723084654,34164.808702909475,34211.4701749724,34258.13164703532,34304.79311909825,34351.454591161186,34398.11606322411,34444.77753528703
"IMAGE 3.4","Medium - SSP2 (Marker)","World","Climate Assessment|Harmonized and Infilled|Emissions|Kyoto Gases [AR6GWP100]","Mt CO2-equiv/yr",1,,,,57507.00308133636,58311.98580127447,59115.61373933753,58799.357436404585,58484.46382096586,58170.93289302133,57858.76465257101,57547.9590996149,57181.55076165394,56816.567535422895,56453.00942092176,56090.876418150525,55730.16852710919,55556.51994262512,55383.80456685519,55212.02239979944,55041.173441457846,54871.257691830426,54592.76025624963,54315.52208012062,54039.54316344337,53764.82350621789,53491.3631084442,53177.954141979775,52865.67193829224,52554.51649738162,52244.48781924789,51935.58590389106,51868.54703199617,51801.56720767204,51734.64643091864,51667.784701736,51600.98202012409,51534.23838608293,51467.55379961252,51400.928260712855,51334.36176938392,51267.85432562575,51247.20833386087,51225.99134284395,51204.20335257498,51181.84436305398,51158.9143742809,51135.413386255816,51111.34139897867,51086.69841244949,51061.48442666827,51035.69944163499,51054.73906115537,51073.684498256815,51092.53575293932,51111.29282520288,51129.95571504751,51148.5244224732,51166.99894747994,51185.37929006775,51203.66545023663,51221.85742798656,51264.2973534993,51306.73727901206,51349.177204524814,51391.617130037564,51434.05705555031,51476.49698106306,51518.936906575815,51561.376832088565,51603.81675760132,51646.25668311406,51738.87054660024,51831.48441008644,51924.09827357261,52016.71213705882,52109.326000545,52201.93986403119,52294.55372751738,52387.16759100358,52479.78145448976,52572.39531797594
"IMAGE 3.4","Medium - SSP2 (Marker)","World","Climate Assessment|Harmonized and Infilled|Emissions|N2O","kt N2O/yr",1,,,,11289.003670665752,11399.865714561927,11510.783113496209,11593.29249912624,11675.738657164457,11758.121587610854,11840.441290465438,11922.697765728208,12029.619213218684,12136.526406542993,12243.41934570113,12350.298030693091,12457.162461518892,12542.98092129635,12628.777840739353,12714.5532198479,12800.307058621996,12886.039357061634,12966.818001899532,13047.535791545131,13128.192725998431,13208.78880525944,13289.324029328149,13359.656615971144,13429.873623003568,13499.975050425415,13569.96089823669,13639.831166437389,13704.948338607715,13769.87096189956,13834.59903631292,13899.132561847797,13963.471538504184,14027.61596628209,14091.565845181514,14155.321175202454,14218.881956344909,14282.248188608875,14332.14435800117,14381.766206118242,14431.113732960088,14480.18693852671,14528.985822818107,14577.510385834285,14625.760627575231,14673.736548040955,14721.43814723146,14768.865425146734,14821.027020795977,14872.797299814982,14924.176262203762,14975.163907962313,15025.760237090635,15075.965249588728,15125.778945456594,15175.201324694232,15224.23238730164,15272.87213327882,15324.850967522209,15376.82980176559,15428.808636008976,15480.787470252364,15532.766304495748,15584.745138739136,15636.72397298252,15688.702807225907,15740.681641469291,15792.66047571268,15832.019732149893,15871.378988587108,15910.73824502432,15950.097501461532,15989.456757898744,16028.81601433596,16068.175270773176,16107.534527210386,16146.8937836476,16186.253040084815
"IMAGE 3.4","Medium - SSP2 (Marker)","World","Climate Assessment|Surface Temperature (GSAT)|33rd Percentile [MAGICC v7.6.0a3]","°C",1,1.1491,1.1657,1.1865,1.2098,1.2338,1.2572,1.2785,1.2974,1.3159,1.3346,1.3544,1.3717,1.3923,1.4132,1.4382,1.4624,1.4889,1.5109,1.5328,1.5523,1.5705,1.5852,1.6021,1.6206,1.6397,1.6645,1.6897,1.7146,1.738,1.7592,1.7747,1.7901,1.8053,1.8208,1.8378,1.8578,1.8798,1.9011,1.9192,1.937,1.9535,1.9691,1.9832,1.9971,2.0117,2.0281,2.0481,2.0697,2.0919,2.1136,2.1335,2.1497,2.1627,2.1764,2.1907,2.2052,2.2188,2.2329,2.2499,2.2686,2.2863,2.3023,2.3172,2.3307,2.3452,2.3586,2.37,2.3821,2.3956,2.412,2.4313,2.4505,2.4715,2.4873,2.5022,2.5144,2.5266,2.5406,2.5528,2.5687,2.5874
"IMAGE 3.4","Medium - SSP2 (Marker)","World","Climate Assessment|Surface Temperature (GSAT)|67th Percentile [MAGICC v7.6.0a3]","°C",1,1.2622,1.2817,1.3037,1.3299,1.3607,1.3867,1.4121,1.4374,1.4613,1.4845,1.5069,1.5345,1.5583,1.5854,1.6162,1.6458,1.6776,1.7067,1.7356,1.7593,1.7815,1.8017,1.8245,1.8469,1.8718,1.8989,1.9293,1.9599,1.9887,2.0143,2.0341,2.0506,2.0713,2.0922,2.1156,2.1391,2.1654,2.1908,2.2159,2.2388,2.2603,2.2795,2.3004,2.32,2.3403,2.3622,2.3881,2.4139,2.4392,2.463,2.484,2.5039,2.5218,2.5414,2.5585,2.5758,2.5926,2.6094,2.6283,2.6527,2.6752,2.6979,2.7175,2.7365,2.7557,2.7736,2.7894,2.8034,2.8197,2.8396,2.8634,2.888,2.9119,2.9328,2.9512,2.9663,2.98,2.9951,3.0126,3.0321,3.0529
"IMAGE 3.4","Medium - SSP2 (Marker)","World","Climate Assessment|Surface Temperature (GSAT)|Median [MAGICC v7.6.0a3]","°C",1,1.2035,1.2215,1.2429,1.2673,1.293,1.3159,1.3394,1.3599,1.3804,1.402,1.4238,1.4472,1.4688,1.4929,1.5221,1.5482,1.5741,1.5997,1.6253,1.6488,1.6698,1.6879,1.7082,1.73,1.7531,1.779,1.8089,1.8379,1.8643,1.8872,1.905,1.9216,1.9387,1.9544,1.972,1.995,2.0191,2.0409,2.0622,2.0842,2.1045,2.1228,2.1378,2.1543,2.1719,2.1912,2.213,2.2364,2.261,2.2849,2.3058,2.3212,2.3352,2.3517,2.3691,2.3862,2.4011,2.4167,2.436,2.4576,2.4793,2.4989,2.5171,2.537,2.5561,2.5729,2.5905,2.6049,2.6189,2.6359,2.6562,2.6776,2.6983,2.7169,2.7326,2.7479,2.7639,2.7779,2.7939,2.8113,2.8298
"IMAGE 3.4","Medium-to-Low - SSP1","World","Climate Assessment|Effective Radiative Forcing|33rd Percentile [MAGICC v7.6.0a3]","W/m^2",1,2.566,2.556,2.6284,2.6853,2.7421,2.7889,2.8528,2.8993,2.9552,3.0091,3.059,3.1044,3.1571,3.2242,3.3059,3.3567,3.4179,3.4538,3.5043,3.537,3.5524,3.5528,3.5717,3.5955,3.6233,3.6714,3.7082,3.746,3.7565,3.7415,3.7205,3.7101,3.701,3.6916,3.6958,3.7119,3.7249,3.7203,3.7196,3.7157,3.6928,3.6697,3.6472,3.6337,3.6254,3.62,3.6319,3.6437,3.6457,3.6316,3.6073,3.5799,3.5649,3.5515,3.5319,3.52,3.5113,3.5091,3.5136,3.5206,3.5215,3.5137,3.5034,3.4834,3.4676,3.4419,3.422,3.4104,3.4002,3.4019,3.4119,3.4142,3.4227,3.4019,3.3699,3.347,3.3178,3.3007,3.2838,3.2763,3.2819
"IMAGE 3.4","Medium-to-Low - SSP1","World","Climate Assessment|Effective Radiative Forcing|67th Percentile [MAGICC v7.6.0a3]","W/m^2",1,2.8229,2.8276,2.9005,2.9468,3.0075,3.0527,3.1122,3.1585,3.2151,3.2596,3.3095,3.3599,3.417,3.4826,3.5579,3.6043,3.6701,3.7078,3.7513,3.7784,3.7883,3.789,3.8071,3.8306,3.8599,3.9085,3.9439,3.9798,3.9941,3.986,3.9657,3.9586,3.949,3.9401,3.9439,3.9598,3.9749,3.9719,3.9727,3.9713,3.9463,3.9288,3.9157,3.8987,3.8888,3.8847,3.9012,3.9087,3.9101,3.896,3.8775,3.854,3.8389,3.8239,3.8078,3.7957,3.784,3.7812,3.785,3.7892,3.7892,3.7805,3.7703,3.7516,3.7394,3.7149,3.6952,3.686,3.6748,3.6753,3.6857,3.692,3.7029,3.685,3.657,3.6355,3.6084,3.5925,3.5744,3.5681,3.5712
"IMAGE 3.4","Medium-to-Low - SSP1","World","Climate Assessment|Effective Radiative Forcing|Median [MAGICC v7.6.0a3]","W/m^2",1,2.6983,2.6998,2.7568,2.8059,2.8665,2.9109,2.9733,3.0236,3.0771,3.1285,3.1788,3.2268,3.2821,3.3478,3.428,3.4814,3.5487,3.5873,3.6308,3.6575,3.6727,3.6736,3.691,3.7122,3.7415,3.7895,3.8269,3.8622,3.8762,3.8684,3.8482,3.8427,3.8326,3.8243,3.8256,3.841,3.8598,3.856,3.8542,3.8543,3.8317,3.8065,3.7842,3.7719,3.7628,3.7596,3.7728,3.7857,3.7893,3.7737,3.7524,3.7292,3.7132,3.6946,3.6748,3.6605,3.6468,3.6417,3.6467,3.6534,3.6541,3.645,3.6362,3.6166,3.5977,3.5702,3.5509,3.5406,3.532,3.535,3.5471,3.5531,3.5599,3.5422,3.5153,3.4912,3.4616,3.4444,3.4274,3.422,3.4221
"IMAGE 3.4","Medium-to-Low - SSP1","World","Climate Assessment|Harmonized and Infilled|Emissions|CH4","Mt CH4/yr",1,,,,363.4899013289108,363.5064736990508,363.51724151078736,363.8783262953732,364.2479771576653,364.6261940976635,365.0129771153678,365.40832621077817,364.3402521807847,363.284201889545,362.240175337059,361.2081725233267,360.1881934483481,358.6072745037933,357.03220922705225,355.46299761812514,353.899639677012,352.3421354037127,345.49211982142737,338.64229915491944,331.792673404189,324.94324256923574,318.09400665005995,308.9887646748571,299.88601549995235,290.78575912534563,281.68799555103703,272.59272477702643,267.6182198034185,262.6452935249424,257.6739459415979,252.70417705338517,247.735986860304,242.7693753623546,237.8043425595369,232.84088845185093,227.8790130392966,222.918716321874,220.79060410325903,218.66385805377112,216.5384781734101,214.4144644621761,212.291816920069,210.1705355470889,208.0506203432357,205.93207130850956,203.8148884429103,201.699071746438,200.5872366506369,199.4752250957054,198.36303708164348,197.2506726084512,196.13813167612847,195.0254142846755,193.91252043409204,192.7994501243782,191.686203355534,190.5727801275594,189.33404793547453,188.09531574338965,186.8565835513048,185.61785135921983,184.37911916713497,183.1403869750501,181.9016547829652,180.6629225908803,179.4241903987954,178.18545820671048,176.6693261251909,175.1531940436713,173.6370619621517,172.1209298806321,170.60479779911248,169.08866571759287,167.5725336360733,166.05640155455367,164.54026947303407,163.0241373915145
"IMAGE 3.4","Medium-to-Low - SSP1","World","Climate Assessment|Harmonized and Infilled|Emissions|CO2","Mt CO2/yr",1,,,,42339.76770647963,42899.33691176627,43458.00007698349,42791.84209446653,42126.13558589329,41460.880551263785,40796.07699057799,40131.72490383593,39263.795080506185,38396.76683143117,37530.64015661091,36665.41505604537,35801.09152973457,34972.24197955597,34144.86991026675,33318.97532186693,32494.558214356508,31671.61858773548,30691.36810253163,29713.27616022569,28737.342760817675,27763.567904307576,26791.9515906954,25641.76189700996,24493.18848669574,23346.231359752765,22200.890516181014,21057.16595598051,20313.52968485472,19570.98873100607,18829.54309443454,18089.19277514015,17349.937773122878,16611.77808838274,15874.713720919732,15138.74467073386,14403.870937825111,13670.092522193492,13238.336591747457,12807.149180675224,12376.530288976795,11946.479916652175,11516.99806370136,11088.084730124352,10659.739915921147,10231.963621091749,9804.755845636157,9378.11658955437,9080.141122533993,8782.853762665454,8486.254509948762,8190.343364383914,7895.120325970907,7600.585394709748,7306.738570600431,7013.5798536429575,6721.109243837325,6429.326741183541,6105.84875133977,5782.370761495999,5458.892771652228,5135.414781808455,4811.936791964683,4488.458802120914,4164.980812277141,3841.50282243337,3518.024832589598,3194.5468427458263,2831.703007070985,2468.859171396145,2106.015335721305,1743.1715000464646,1380.3276643716235,1017.4838286967852,654.6399930219432,291.7961573471048,-71.04767832773905,-433.89151400257833
"IMAGE 3.4","Medium-to-Low - SSP1","World","Climate Assessment|Harmonized and Infilled|Emissions|Kyoto Gases [AR6GWP100]","Mt CO2-equiv/yr",1,,,,57507.00308133636,58114.11858724687,58720.011431122206,57852.0180692453,56986.048958799234,56122.10409978405,55260.18349219969,54400.2871360462,53388.94027668995,52379.558063067576,51372.14049517911,50366.68757302452,49363.19929660382,48490.09603257452,47618.53393180149,46748.51299428471,45880.03322002424,45013.09460902003,44107.909957715965,43202.692864845565,42297.44333040884,41392.16135440578,40486.8469368364,39059.51535895767,37633.62300926728,36209.169887765245,34786.15599445157,33364.58132932623,32396.421423837077,31429.8851852451,30464.972613550297,29501.68370875269,28540.01847085225,27579.976899848996,26621.55899574292,25664.76475853403,24709.59418822232,23756.047284807784,23235.98775618549,22716.6940281054,22198.166100567505,21680.40397357181,21163.40764711832,20647.17712120702,20131.712395837927,19617.013471011032,19103.080346726336,18589.91302298384,18213.604210561138,17838.31314611219,17464.039829637,17090.784261135574,16718.5464406079,16347.326368053988,15977.124043473834,15607.939466867438,15239.772638234796,14872.62355757592,14459.372960124956,14046.122362673992,13632.871765223026,13219.621167772058,12806.370570321094,12393.11997287013,11979.869375419164,11566.618777968202,11153.368180517236,10740.117583066269,10324.147529326649,9908.17747558703,9492.20742184741,9076.23736810779,8660.267314368168,8244.297260628551,7828.327206888929,7412.35715314931,6996.387099409687,6580.417045670069
"IMAGE 3.4","Medium-to-Low - SSP1","World","Climate Assessment|Harmonized and Infilled|Emissions|N2O","kt N2O/yr",1,,,,11289.003670665752,11392.187138176789,11495.394430321458,11483.639859277711,11471.71426618402,11459.617651040377,11447.350013846788,11434.91135460325,11425.839820902267,11416.666270789214,11407.390704264084,11398.013121326876,11388.5335219776,11364.515557003291,11340.399176582734,11316.184380715924,11291.87116940286,11267.459542643544,11122.105953080209,10976.707177162927,10831.2632148917,10685.774066266524,10540.239731287398,10395.32612929852,10250.42201744612,10105.527395730192,9960.642264150743,9815.766622707772,9763.248212546723,9710.854077181591,9658.584216612384,9606.438630839097,9554.417319861728,9502.52028368028,9450.747522294754,9399.099035705149,9347.574823911462,9296.174886913695,9265.26693346037,9234.503546442304,9203.884725859498,9173.41047171195,9143.08078399966,9112.89566272263,9082.85510788086,9052.959119474348,9023.207697503096,8993.600841967102,8977.850847869204,8962.089841603456,8946.317823169855,8930.534792568407,8914.740749799108,8898.935694861957,8883.119627756958,8867.292548484107,8851.454457043406,8835.605353434858,8812.984264096309,8790.363174757762,8767.742085419213,8745.120996080666,8722.49990674212,8699.878817403573,8677.257728065026,8654.636638726479,8632.015549387932,8609.394460049385,8573.949508204045,8538.504556358705,8503.059604513364,8467.614652668024,8432.169700822684,8396.724748977344,8361.279797132001,8325.834845286661,8290.389893441323,8254.944941595983
"IMAGE 3.4","Medium-to-Low - SSP1","World","Climate Assessment|Surface Temperature (GSAT)|33rd Percentile [MAGICC v7.6.0a3]","°C",1,1.1491,1.1657,1.1865,1.2098,1.234,1.2586,1.2818,1.3042,1.3279,1.3513,1.3731,1.3974,1.4199,1.4462,1.4757,1.5055,1.5357,1.5617,1.5845,1.6038,1.6212,1.6384,1.6526,1.6668,1.6824,1.7007,1.7192,1.7386,1.755,1.7654,1.7723,1.7753,1.7788,1.7825,1.7883,1.7934,1.8022,1.8082,1.8134,1.8183,1.8189,1.8177,1.8158,1.8126,1.8127,1.8122,1.8146,1.8195,1.8229,1.8235,1.8223,1.8175,1.8119,1.8074,1.8016,1.7966,1.7921,1.7911,1.7892,1.7908,1.7926,1.793,1.7927,1.7916,1.7898,1.7854,1.7807,1.7764,1.7729,1.7716,1.7725,1.7762,1.778,1.7776,1.774,1.7689,1.7625,1.7557,1.7499,1.7436,1.7415
"IMAGE 3.4","Medium-to-Low - SSP1","World","Climate Assessment|Surface Temperature (GSAT)|67th Percentile [MAGICC v7.6.0a3]","°C",1,1.2622,1.2817,1.3037,1.33,1.3608,1.3883,1.4175,1.4481,1.4789,1.5073,1.5399,1.5701,1.5999,1.6338,1.6717,1.7087,1.7452,1.7778,1.8127,1.8444,1.8697,1.8871,1.9039,1.9239,1.9455,1.9702,1.9954,2.0181,2.0395,2.0535,2.0636,2.0704,2.074,2.0806,2.0884,2.0982,2.1056,2.1145,2.1223,2.1297,2.1327,2.1329,2.1331,2.1325,2.1318,2.1314,2.1354,2.1398,2.1439,2.1459,2.147,2.1473,2.1445,2.1405,2.1367,2.1345,2.133,2.133,2.1361,2.1417,2.1431,2.1464,2.1481,2.1473,2.145,2.1409,2.1358,2.1318,2.1289,2.1293,2.1307,2.133,2.1362,2.1368,2.1326,2.1274,2.1212,2.1129,2.1073,2.1035,2.1031
"IMAGE 3.4","Medium-to-Low - SSP1","World","Climate Assessment|Surface Temperature (GSAT)|Median [MAGICC v7.6.0a3]","°C",1,1.2035,1.2215,1.2429,1.2673,1.2932,1.3175,1.344,1.3679,1.3966,1.4248,1.4542,1.4814,1.5069,1.5365,1.5686,1.6003,1.6325,1.6609,1.6898,1.7159,1.7388,1.7567,1.7719,1.7885,1.8068,1.8283,1.851,1.8724,1.8925,1.9072,1.9155,1.9212,1.9274,1.9343,1.9387,1.9462,1.9549,1.9628,1.9703,1.9744,1.9756,1.9733,1.9709,1.9708,1.9703,1.9722,1.976,1.9824,1.9865,1.9888,1.9896,1.9877,1.9854,1.9817,1.9784,1.9746,1.9704,1.9661,1.9665,1.9686,1.9711,1.9727,1.9723,1.9709,1.9691,1.9642,1.9601,1.9577,1.9545,1.9544,1.9564,1.9579,1.9619,1.9627,1.96,1.9532,1.9465,1.9404,1.9342,1.9294,1.9284
"IMAGE 3.4","Medium-to-Low - SSP2","World","Climate Assessment|Effective Radiative Forcing|33rd Percentile [MAGICC v7.6.0a3]","W/m^2",1,2.566,2.556,2.6284,2.6848,2.7405,2.777,2.8198,2.8542,2.8975,2.9296,2.9656,3.0031,3.0478,3.1036,3.1704,3.2142,3.2708,3.3036,3.35,3.3726,3.3928,3.4054,3.4379,3.4758,3.5191,3.5841,3.641,3.6982,3.7298,3.743,3.7418,3.7518,3.7585,3.7706,3.7932,3.8255,3.8622,3.8741,3.8863,3.8996,3.8901,3.8766,3.8676,3.8656,3.8641,3.869,3.8898,3.9096,3.9184,3.914,3.898,3.8766,3.8631,3.8492,3.8325,3.8226,3.8141,3.8119,3.8164,3.824,3.8292,3.8209,3.8079,3.7825,3.7653,3.7403,3.7215,3.7097,3.6996,3.7032,3.7134,3.7165,3.7302,3.704,3.6722,3.6399,3.6086,3.5885,3.57,3.5596,3.5641
"IMAGE 3.4","Medium-to-Low - SSP2","World","Climate Assessment|Effective Radiative Forcing|67th Percentile [MAGICC v7.6.0a3]","W/m^2",1,2.8229,2.8276,2.9005,2.9465,3.0067,3.0435,3.0866,3.1188,3.1567,3.191,3.2272,3.2646,3.3101,3.3694,3.4371,3.4795,3.5325,3.5648,3.6083,3.6332,3.6492,3.662,3.6955,3.732,3.7763,3.8386,3.8967,3.9517,3.9857,4.0028,4.0034,4.0152,4.0249,4.0358,4.0632,4.0975,4.1324,4.1471,4.1632,4.1767,4.1681,4.1592,4.1512,4.1481,4.1488,4.1542,4.1748,4.1996,4.2087,4.2029,4.1909,4.1729,4.1606,4.1512,4.1368,4.1271,4.1191,4.1152,4.1173,4.1214,4.1215,4.1166,4.1085,4.0907,4.0772,4.0549,4.0356,4.0236,4.0136,4.0133,4.0235,4.0243,4.0278,4.0073,3.9802,3.9569,3.9312,3.9118,3.8928,3.885,3.881
"IMAGE 3.4","Medium-to-Low - SSP2","World","Climate Assessment|Effective Radiative Forcing|Median [MAGICC v7.6.0a3]","W/m^2",1,2.6983,2.6998,2.7568,2.8055,2.8654,2.9012,2.945,2.9784,3.0227,3.0592,3.0985,3.129,3.1695,3.2316,3.299,3.3431,3.401,3.4286,3.4749,3.5047,3.5232,3.5317,3.5622,3.5983,3.6421,3.7077,3.7613,3.818,3.855,3.8678,3.8641,3.8782,3.8871,3.8986,3.9226,3.9611,3.9968,4.0154,4.0337,4.0507,4.0396,4.0303,4.0178,4.0162,4.0187,4.0261,4.0477,4.0749,4.0856,4.0754,4.0579,4.0336,4.0188,4.0061,3.9888,3.9795,3.9694,3.9675,3.9789,3.9885,3.9909,3.986,3.9767,3.9559,3.9387,3.9085,3.8896,3.8787,3.8697,3.87,3.881,3.8841,3.89,3.8675,3.8348,3.8057,3.7754,3.7585,3.7394,3.7322,3.735
"IMAGE 3.4","Medium-to-Low - SSP2","World","Climate Assessment|Harmonized and Infilled|Emissions|CH4","Mt CH4/yr",1,,,,363.4899013289108,363.6698870844465,363.8441191266779,367.2198068032998,370.6018375493619,373.9902113648645,377.3849282498076,380.7859882041908,382.934070811684,385.0923467555628,387.26081603582713,389.4394786524773,391.628334605513,393.4809842958962,395.33899915008647,397.20237916808406,399.0711243498888,400.94523469550086,395.4066243673781,389.870573375245,384.3370817191019,378.8061493989484,373.27777641478485,364.2375045954056,355.1978745684873,346.15888633403006,337.1205398920339,328.0828352424987,321.795821565951,315.5079457666767,309.2192078446759,302.9296077999486,296.6391456324948,290.34782134231443,284.0556349294076,277.76258639377414,271.46867573541425,265.1739029543278,262.5763730375911,259.98200774628657,257.39080708041416,254.802771039974,252.21789962496587,249.63619283539,247.05765067124625,244.48227313253463,241.91006021925517,239.34101193140788,238.09746432667143,236.85523582354784,235.61432642203712,234.37473612213924,233.1364649238543,231.89951282718215,230.6638798321229,229.42956593867652,228.196571146843,226.9648954566224,225.5966019037007,224.2283083507791,222.86001479785745,221.49172124493583,220.12342769201416,218.75513413909252,217.3868405861709,216.0185470332493,214.65025348032765,213.28195992740604,212.07801743655065,210.87407494569527,209.67013245483992,208.46618996398456,207.2622474731292,206.05830498227385,204.8543624914185,203.65042000056317,202.44647750970776,201.2425350188524
"IMAGE 3.4","Medium-to-Low - SSP2","World","Climate Assessment|Harmonized and Infilled|Emissions|CO2","Mt CO2/yr",1,,,,42339.76770647963,42976.41437730478,43611.98278651968,43347.36524851533,43082.64951432369,42817.83558394476,42552.92345737855,42287.913134625065,41887.337419913645,41487.28876326139,41087.76716466832,40688.772624134406,40290.30514165967,39987.34137989287,39685.31285695334,39384.21957284108,39084.06152755608,38784.83872109834,38232.36270276924,37681.34561835076,37131.78746784287,36583.68825124559,36037.04796855892,35184.07557270351,34332.37272579098,33481.93942782132,32632.775678794555,31784.881478710668,31050.91168372722,30318.00890142308,29586.173131798238,28855.4043748527,28125.702630586464,27397.06789899953,26669.500180091894,25942.999473863583,25217.565780314548,24493.199099444824,23885.660538197262,23279.278939322765,22674.05430282133,22069.986628692957,21467.075916937625,20865.32216755537,20264.72538054617,19665.285555910024,19067.002693646944,18469.876793756917,17769.775173413,17070.95623477639,16373.41997784708,15677.16640262508,14982.19550911039,14288.507297303004,13596.101767202925,12904.97891881015,12215.138752124683,11526.581267146525,10827.912036045724,10129.242804944926,9430.573573844127,8731.904342743332,8033.235111642532,7334.5658805417315,6635.896649440933,5937.227418340135,5238.558187239337,4539.888956138539,4033.269566493444,3526.650176848349,3020.0307872032536,2513.411397558159,2006.792007913065,1500.1726182679704,993.5532286228758,486.93383897778176,-19.6855506673146,-526.3049403124078
"IMAGE 3.4","Medium-to-Low - SSP2","World","Climate Assessment|Harmonized and Infilled|Emissions|Kyoto Gases [AR6GWP100]","Mt CO2-equiv/yr",1,,,,57507.00308133636,58197.3651366871,58886.33940522926,58529.07727018272,58173.25906023664,57818.88477539101,57465.95441564583,57114.4679810011,56689.82673590527,56266.74780369734,55845.23118437733,55425.27687794525,55006.88488440108,54780.3853127422,54554.91532449015,54330.47491964495,54107.06409820655,53884.68286017498,53422.852002107225,52960.65011577367,52498.07720117432,52035.13325830916,51571.81828717822,50400.08723397999,49229.79585166889,48060.94414024492,46893.53209970809,45727.5597300584,44726.27909245744,43726.54598568297,42728.360409735,41731.72236461351,40736.63185031851,39743.088866850005,38751.09341420799,37760.64549239247,36771.74510140342,35784.39224124087,35047.91178312712,34313.05867409307,33579.83291413872,32848.234503264066,32118.2634414691,31389.91972875384,30663.20336511828,29938.114350562413,29214.652685086246,28492.81836868977,27728.63936902688,26965.98287334913,26204.84888165653,25445.237393949064,24687.14841022676,23930.5819304896,23175.53795473758,22422.016482970717,21670.017515189,20919.541051392414,20180.97080295093,19442.400554509444,18703.830306067957,17965.26005762647,17226.68980918498,16488.11956074349,15749.549312302,15010.979063860512,14272.408815419025,13533.838566977536,12990.61547968377,12447.392392390004,11904.16930509624,11360.946217802477,10817.723130508712,10274.500043214945,9731.27695592118,9188.053868627418,8644.830781333649,8101.607694039888
"IMAGE 3.4","Medium-to-Low - SSP2","World","Climate Assessment|Harmonized and Infilled|Emissions|N2O","kt N2O/yr",1,,,,11289.003670665756,11398.084026268994,11507.20900573358,11588.521511582365,11669.769391360946,11750.952645069316,11832.071272707486,11913.125274275444,12015.260258406128,12117.358448050372,12219.419843208176,12321.44444387954,12423.432250064465,12497.228331755749,12571.038779365575,12644.86359289395,12718.70277234086,12792.556317706312,12720.397255636492,12648.2137378618,12576.005764382238,12503.773335197808,12431.516450308509,12325.033336740462,12218.586230776218,12112.17513241578,12005.800041659142,11899.460958506308,11828.890244773733,11758.341707273335,11687.815346005122,11617.31116096909,11546.829152165235,11476.36931959357,11405.931663254083,11335.51618314678,11265.12287927166,11194.75175162872,11147.146732579791,11099.742613051129,11052.539393042722,11005.53707255458,10958.735651586698,10912.135130139077,10865.735508211716,10819.53678580462,10773.538962917784,10727.742039551207,10710.470240501436,10693.26243674164,10676.11862827182,10659.03881509198,10642.022997202112,10625.07117460222,10608.183347292306,10591.359515272366,10574.599678542403,10557.903837102416,10551.90874908894,10545.913661075469,10539.91857306199,10533.923485048515,10527.928397035044,10521.933309021564,10515.93822100809,10509.943132994616,10503.948044981142,10497.952956967663,10485.085126955491,10472.217296943318,10459.349466931148,10446.481636918972,10433.6138069068,10420.745976894626,10407.878146882453,10395.01031687028,10382.142486858109,10369.274656845935
"IMAGE 3.4","Medium-to-Low - SSP2","World","Climate Assessment|Surface Temperature (GSAT)|33rd Percentile [MAGICC v7.6.0a3]","°C",1,1.1491,1.1657,1.1865,1.2097,1.2338,1.2571,1.2783,1.297,1.3155,1.3338,1.3536,1.3709,1.3918,1.413,1.4383,1.4631,1.4886,1.5115,1.5318,1.5522,1.5688,1.5833,1.5987,1.6152,1.6338,1.6575,1.6826,1.7085,1.732,1.7519,1.7653,1.7782,1.7925,1.8042,1.8154,1.8311,1.8484,1.8611,1.873,1.8822,1.8895,1.8946,1.8992,1.9069,1.9121,1.9171,1.9238,1.9323,1.9403,1.9458,1.9492,1.9492,1.9491,1.9476,1.9448,1.9439,1.9415,1.9408,1.9427,1.9467,1.9505,1.9504,1.9511,1.9494,1.9469,1.9411,1.9357,1.9339,1.9313,1.9297,1.9292,1.9292,1.9334,1.9346,1.931,1.9255,1.9175,1.91,1.9043,1.8993,1.8954
"IMAGE 3.4","Medium-to-Low - SSP2","World","Climate Assessment|Surface Temperature (GSAT)|67th Percentile [MAGICC v7.6.0a3]","°C",1,1.2622,1.2817,1.3037,1.3299,1.3607,1.3865,1.4118,1.4369,1.4606,1.4835,1.5058,1.5335,1.5581,1.5851,1.6154,1.647,1.679,1.7068,1.7348,1.7594,1.7805,1.8004,1.821,1.8423,1.8664,1.8933,1.923,1.9531,1.9817,2.0051,2.0256,2.0434,2.0626,2.0776,2.0928,2.112,2.1342,2.1528,2.1693,2.1849,2.1964,2.2059,2.2123,2.2186,2.2256,2.2328,2.2401,2.2514,2.262,2.2728,2.2785,2.2808,2.2806,2.2799,2.2813,2.2836,2.285,2.287,2.2903,2.2936,2.3014,2.3061,2.3092,2.3096,2.309,2.3069,2.3053,2.3019,2.3,2.2995,2.3013,2.3046,2.3079,2.3081,2.3052,2.2988,2.2913,2.2846,2.2768,2.2708,2.2676
"IMAGE 3.4","Medium-to-Low - SSP2","World","Climate Assessment|Surface Temperature (GSAT)|Median [MAGICC v7.6.0a3]","°C",1,1.2035,1.2215,1.2429,1.2673,1.293,1.3158,1.3391,1.3594,1.3797,1.4009,1.4227,1.4462,1.4681,1.4933,1.523,1.5486,1.5753,1.6007,1.6256,1.6485,1.6691,1.6858,1.7048,1.7256,1.7477,1.7742,1.8016,1.8294,1.8562,1.8783,1.8948,1.9106,1.9206,1.9329,1.948,1.9658,1.9839,2.0006,2.0167,2.0297,2.0375,2.0435,2.0481,2.053,2.0592,2.0658,2.0736,2.0838,2.0936,2.1017,2.1072,2.1108,2.1095,2.1078,2.1085,2.1069,2.1057,2.1065,2.1102,2.1148,2.1206,2.1226,2.1225,2.1212,2.1194,2.1179,2.1161,2.112,2.1098,2.1094,2.1117,2.1119,2.1141,2.1161,2.1133,2.1093,2.1019,2.0964,2.0901,2.0853,2.0829
"IMAGE 3.4","Very Low - SSP1","World","Climate Assessment|Effective Radiative Forcing|33rd Percentile [MAGICC v7.6.0a3]","W/m^2",1,2.566,2.556,2.6284,2.6848,2.7404,2.7876,2.854,2.8992,2.948,2.9942,3.0433,3.092,3.137,3.1893,3.2558,3.282,3.2999,3.2984,3.3039,3.2855,3.2558,3.213,3.1918,3.1688,3.1542,3.1543,3.1477,3.1345,3.1066,3.0622,3.0082,2.963,2.923,2.8847,2.8633,2.8509,2.8464,2.8216,2.7999,2.7769,2.7379,2.7002,2.6675,2.6429,2.6233,2.6081,2.6129,2.6178,2.614,2.5914,2.5591,2.5212,2.4935,2.4699,2.4414,2.4204,2.4011,2.3896,2.3885,2.3923,2.3871,2.3742,2.3591,2.3326,2.3115,2.2836,2.2635,2.25,2.2387,2.239,2.2469,2.2512,2.2608,2.2391,2.2114,2.1849,2.1588,2.1417,2.1245,2.1212,2.1272
"IMAGE 3.4","Very Low - SSP1","World","Climate Assessment|Effective Radiative Forcing|67th Percentile [MAGICC v7.6.0a3]","W/m^2",1,2.8229,2.8276,2.9005,2.9464,3.0066,3.0518,3.1076,3.1505,3.1992,3.2355,3.2763,3.316,3.3586,3.409,3.477,3.5016,3.5176,3.5156,3.5151,3.4992,3.4699,3.4289,3.4042,3.3879,3.3719,3.3733,3.3596,3.3466,3.3177,3.2743,3.2256,3.1844,3.1438,3.1091,3.0871,3.0751,3.0706,3.0465,3.0246,3.0021,2.968,2.932,2.9009,2.8757,2.8521,2.8381,2.8394,2.8445,2.8369,2.8158,2.7856,2.7547,2.7312,2.7075,2.6794,2.6589,2.6385,2.6281,2.6247,2.624,2.6193,2.6071,2.5935,2.5698,2.5494,2.5224,2.4983,2.4867,2.4759,2.4729,2.4837,2.4903,2.4948,2.4739,2.4456,2.4192,2.3914,2.3776,2.3608,2.3569,2.3603
"IMAGE 3.4","Very Low - SSP1","World","Climate Assessment|Effective Radiative Forcing|Median [MAGICC v7.6.0a3]","W/m^2",1,2.6983,2.6998,2.7568,2.8055,2.8654,2.9106,2.9734,3.0192,3.0637,3.111,3.1544,3.193,3.2373,3.2984,3.3653,3.39,3.4107,3.3996,3.4016,3.3831,3.3533,3.3092,3.2857,3.2672,3.255,3.2594,3.2483,3.2392,3.2115,3.1603,3.1064,3.0655,3.0273,2.9909,2.9666,2.9648,2.9607,2.9357,2.9155,2.8958,2.8534,2.8187,2.7849,2.7599,2.74,2.7256,2.7293,2.7293,2.7222,2.7003,2.6689,2.6323,2.6062,2.5835,2.5584,2.5389,2.5203,2.5094,2.5073,2.5074,2.5043,2.4915,2.4759,2.448,2.4293,2.4015,2.3802,2.3658,2.3543,2.3518,2.3573,2.3595,2.3683,2.3493,2.3199,2.2976,2.2735,2.256,2.2401,2.2368,2.2432
"IMAGE 3.4","Very Low - SSP1","World","Climate Assessment|Harmonized and Infilled|Emissions|CH4","Mt CH4/yr",1,,,,363.4899013289108,363.4402662949012,363.3850566944564,353.5040610413567,343.6329133107978,333.77161350277964,323.92016161730226,314.0785576543657,301.4709981791632,288.8803225625103,276.30653080440686,263.749622904853,251.2095988638486,239.3423228646421,227.48168297796613,215.6276792038206,203.7803115422056,191.9395799931211,185.3311559982576,178.72225105425986,172.1128651611279,165.5029983188618,158.8926505274615,155.43112890194848,151.97014006474768,148.50968401585916,145.0497607552829,141.59037028301893,140.28493165865905,138.97978894485294,137.67494214160047,136.3703912489017,135.06613626675667,133.7621771951653,132.45851403412763,131.1551467836437,129.8520754437134,128.54930001433684,127.71200849206669,126.87437379280256,126.03639591654454,125.19807486329252,124.35941063304656,123.52040322580666,122.6810526415728,121.84135888034496,121.0013219421232,120.16094182690748,119.63593954547603,119.11063222812012,118.58501987483972,118.05910248563488,117.53288006050556,117.00635259945174,116.47952010247349,115.95238256957072,115.4249400007435,114.89719239599184,114.32046408042434,113.74373576485686,113.1670074492894,112.5902791337219,112.0135508181544,111.43682250258694,110.86009418701946,110.283365871452,109.7066375558845,109.12990924031703,108.52810268357322,107.9262961268294,107.32448957008562,106.72268301334184,106.12087645659804,105.51906989985424,104.91726334311043,104.31545678636664,103.71365022962284,103.11184367287905
"IMAGE 3.4","Very Low - SSP1","World","Climate Assessment|Harmonized and Infilled|Emissions|CO2","Mt CO2/yr",1,,,,42339.76770647963,42769.6146783177,43198.603584685945,41739.62373969725,40282.11849607334,38826.08785381418,37371.53181291977,35918.45037339014,33442.642433703055,30968.376003134425,28495.65108168422,26024.467669352456,23554.825766139125,21228.089423960635,18898.4192449354,16565.815229063413,14230.277376344678,11891.80568677919,10322.06787282757,8755.534556913513,7192.205739037012,5632.081419198068,4075.161597396682,3237.217956526876,2401.3625785157246,1567.595463363231,735.9166110693886,-93.67397836579768,-367.2367718721053,-639.8663596186925,-911.5627416055628,-1182.3259178327153,-1452.15588830015,-1721.052653007866,-1989.016211955864,-2256.046565144144,-2522.143712572706,-2787.307654241549,-2864.212557684206,-2940.7798271559604,-3017.009462656814,-3092.9014641867657,-3168.455831745817,-3243.6725653339663,-3318.5516649512147,-3393.093130597563,-3467.2969622730084,-3541.1631599775537,-3569.4730625937727,-3597.549329440569,-3625.391960517942,-3653.0009558258894,-3680.376315364415,-3707.518039133517,-3734.426127133196,-3761.1005793634495,-3787.541395824281,-3813.74857651569,-3826.598079183911,-3839.4475818521305,-3852.297084520351,-3865.146587188572,-3877.996089856793,-3890.8455925250137,-3903.6950951932336,-3916.544597861455,-3929.394100529676,-3942.243603197896,-3976.738449370534,-4011.233295543173,-4045.728141715811,-4080.222987888449,-4114.717834061086,-4149.212680233726,-4183.707526406363,-4218.202372579002,-4252.697218751641,-4287.192064924278
"IMAGE 3.4","Very Low - SSP1","World","Climate Assessment|Harmonized and Infilled|Emissions|Kyoto Gases [AR6GWP100]","Mt CO2-equiv/yr",1,,,,57507.00308133636,57982.24099596039,58456.3106645766,56463.7618433205,54474.20966233372,52487.65412161623,50504.09522116802,48523.53296098912,45476.419593562736,42432.36009678921,39391.35447066853,36353.4027152007,33318.50483038572,30596.02706846067,27870.849292895586,25142.971503690456,22412.393700845285,19679.115884360064,17893.632904209506,16111.320062607274,14332.177359553358,12556.204795047766,10783.402369090496,9828.936572787874,8876.615248178106,7926.438395261202,6978.406014037149,6032.518104505958,5711.845250319732,5392.141387344412,5073.406515579988,4755.640635026465,4438.843745683844,4123.015847552121,3808.156940631299,3494.267024921379,3181.3461004223564,2869.3941671342363,2763.19153863997,2657.306676705598,2551.7395813311205,2446.4902525165376,2341.558690261848,2236.9448945670533,2132.648865432152,2028.6706028571448,1925.0101068420329,1821.667377386813,1773.3016487305126,1725.144868844152,1677.1970377277328,1629.4581553812584,1581.9282218047254,1534.6072369981332,1487.495200961483,1440.5921136947763,1393.897975198011,1347.412785471187,1314.911074317037,1282.4093631628884,1249.9076520087394,1217.4059408545893,1184.9042297004394,1152.4025185462897,1119.9008073921405,1087.3990962379917,1054.8973850838413,1022.3956739296926,965.0772984484876,907.7589229672816,850.4405474860758,793.1221720048715,735.8037965236666,678.4854210424596,621.1670455612552,563.8486700800496,506.5302945988432,449.2119191176392
"IMAGE 3.4","Very Low - SSP1","World","Climate Assessment|Harmonized and Infilled|Emissions|N2O","kt N2O/yr",1,,,,11289.003670665756,11391.058305714756,11493.136855697174,11243.662847676696,10994.103719757528,10744.459471939665,10494.730104223105,10244.915616607848,10012.907764975243,9780.911113170994,9548.92566119509,9316.95140904754,9084.988356728336,8909.483590757287,8733.807563883724,8557.960276107638,8381.941727429039,8205.751917847922,8095.287015546878,7984.776849393566,7874.221419387986,7763.620725530138,7652.974767820022,7584.154027448832,7515.514374633738,7447.055809374738,7378.778331671828,7310.681941525015,7271.753314882789,7232.964080954089,7194.3142397389165,7155.803791237271,7117.4327354491525,7079.201072374562,7041.108802013496,7003.155924365957,6965.342439431945,6927.66834721146,6904.975571238677,6882.285314561337,6859.597577179442,6836.912359092992,6814.229660301988,6791.549480806428,6768.871820606312,6746.196679701642,6723.524058092416,6700.853955778634,6681.1978777575405,6661.51528735329,6641.806184565882,6622.07056939532,6602.3084418416,6582.519801904726,6562.704649584695,6542.862984881509,6522.994807795166,6503.100118325666,6489.499584003168,6475.899049680672,6462.298515358174,6448.697981035677,6435.097446713179,6421.496912390681,6407.896378068183,6394.295843745687,6380.695309423189,6367.094775100692,6345.459268443414,6323.823761786135,6302.188255128855,6280.552748471576,6258.917241814297,6237.281735157018,6215.646228499739,6194.01072184246,6172.375215185181,6150.739708527904
"IMAGE 3.4","Very Low - SSP1","World","Climate Assessment|Surface Temperature (GSAT)|33rd Percentile [MAGICC v7.6.0a3]","°C",1,1.1491,1.1657,1.1865,1.2097,1.2338,1.2586,1.2804,1.3013,1.3225,1.3448,1.367,1.387,1.4101,1.4327,1.4588,1.4813,1.4979,1.5084,1.5176,1.5231,1.5254,1.5246,1.5197,1.5166,1.515,1.5164,1.5184,1.5192,1.5175,1.5098,1.4993,1.4868,1.4737,1.4608,1.4506,1.4424,1.4366,1.4308,1.4245,1.4186,1.4097,1.3997,1.3868,1.3747,1.3644,1.3554,1.3495,1.3454,1.343,1.3376,1.3302,1.3189,1.3077,1.2963,1.2866,1.2771,1.268,1.2589,1.2531,1.2494,1.2464,1.2414,1.2365,1.2302,1.2225,1.213,1.204,1.1965,1.1904,1.1851,1.1826,1.1816,1.1819,1.1797,1.1733,1.1653,1.1573,1.1495,1.1427,1.1369,1.1337
"IMAGE 3.4","Very Low - SSP1","World","Climate Assessment|Surface Temperature (GSAT)|67th Percentile [MAGICC v7.6.0a3]","°C",1,1.2622,1.2817,1.3037,1.3299,1.3607,1.388,1.4168,1.446,1.4755,1.5013,1.5311,1.5584,1.5887,1.6174,1.6494,1.6783,1.7032,1.722,1.7372,1.749,1.7566,1.7596,1.7587,1.7596,1.7597,1.7602,1.7617,1.7634,1.7626,1.76,1.7486,1.7382,1.7273,1.7161,1.7056,1.7005,1.6921,1.6876,1.6816,1.6751,1.6656,1.6551,1.6422,1.6321,1.6231,1.6142,1.6081,1.6044,1.6004,1.5951,1.5869,1.5764,1.5653,1.5554,1.5456,1.5356,1.5262,1.5178,1.5121,1.5086,1.5064,1.5028,1.498,1.4915,1.4833,1.4732,1.462,1.4536,1.4463,1.4408,1.4379,1.4376,1.4381,1.4367,1.4327,1.4263,1.4175,1.4074,1.3986,1.3917,1.3882
"IMAGE 3.4","Very Low - SSP1","World","Climate Assessment|Surface Temperature (GSAT)|Median [MAGICC v7.6.0a3]","°C",1,1.2035,1.2215,1.2429,1.2672,1.293,1.3174,1.3435,1.3678,1.3952,1.4194,1.4469,1.4741,1.4988,1.5242,1.5542,1.5791,1.5999,1.615,1.6297,1.6387,1.6453,1.6444,1.6435,1.6413,1.6395,1.6398,1.6403,1.6418,1.6411,1.6355,1.6255,1.6131,1.6005,1.5864,1.5759,1.5678,1.564,1.558,1.5505,1.5425,1.5344,1.5232,1.5125,1.5009,1.4911,1.4819,1.4762,1.4728,1.4706,1.4659,1.4571,1.4466,1.4374,1.4281,1.4178,1.4104,1.4018,1.3938,1.3882,1.383,1.3774,1.3719,1.3657,1.3582,1.3503,1.3419,1.3337,1.3252,1.3175,1.3131,1.3114,1.3108,1.3113,1.3091,1.3025,1.294,1.2843,1.2764,1.2692,1.2636,1.261
"IMAGE 3.4","Very Low - SSP2","World","Climate Assessment|Effective Radiative Forcing|33rd Percentile [MAGICC v7.6.0a3]","W/m^2",1,2.566,2.556,2.6284,2.6848,2.7406,2.7818,2.8312,2.8649,2.9018,2.934,2.9799,3.025,3.0791,3.1367,3.2058,3.2364,3.2629,3.2633,3.2793,3.2629,3.245,3.2097,3.1938,3.1779,3.1692,3.1779,3.175,3.1708,3.1431,3.0993,3.0499,3.0142,2.9784,2.9485,2.9314,2.9284,2.9272,2.9072,2.8915,2.8717,2.8334,2.797,2.7651,2.7409,2.7214,2.7098,2.7165,2.7203,2.7153,2.6948,2.665,2.6284,2.6016,2.5783,2.5524,2.5312,2.5102,2.5,2.4974,2.4976,2.4923,2.4786,2.4635,2.438,2.4178,2.3883,2.3625,2.3475,2.3358,2.3364,2.3436,2.3464,2.3538,2.3309,2.3002,2.2715,2.2409,2.2225,2.2045,2.1989,2.2011
"IMAGE 3.4","Very Low - SSP2","World","Climate Assessment|Effective Radiative Forcing|67th Percentile [MAGICC v7.6.0a3]","W/m^2",1,2.8229,2.8276,2.9005,2.9464,3.0066,3.0469,3.0969,3.1279,3.1721,3.2066,3.244,3.2886,3.3375,3.3924,3.4553,3.4866,3.5146,3.5145,3.5232,3.5041,3.4835,3.4444,3.42,3.4053,3.3967,3.3996,3.3941,3.3907,3.3681,3.3288,3.2795,3.2472,3.2112,3.1772,3.1648,3.1531,3.1494,3.1287,3.1145,3.096,3.0595,3.0277,2.9994,2.9783,2.9574,2.9438,2.9409,2.9393,2.9307,2.9103,2.8822,2.8506,2.8268,2.805,2.7783,2.7599,2.7417,2.7297,2.725,2.7251,2.7185,2.7054,2.6892,2.662,2.6423,2.6138,2.5915,2.5782,2.5639,2.5616,2.5708,2.5726,2.5782,2.5596,2.5325,2.5064,2.4768,2.4569,2.4387,2.4307,2.4292
"IMAGE 3.4","Very Low - SSP2","World","Climate Assessment|Effective Radiative Forcing|Median [MAGICC v7.6.0a3]","W/m^2",1,2.6983,2.6998,2.7568,2.8055,2.8654,2.9044,2.9551,2.9876,3.0339,3.0637,3.1042,3.1553,3.1973,3.2572,3.3288,3.3573,3.3859,3.3855,3.3943,3.3847,3.3583,3.3235,3.3048,3.2887,3.278,3.2808,3.2761,3.2763,3.2546,3.2128,3.1581,3.1209,3.0874,3.0574,3.0371,3.0345,3.036,3.0173,2.9994,2.9823,2.9464,2.9116,2.8799,2.8565,2.8373,2.8263,2.8308,2.8332,2.8271,2.8059,2.774,2.7397,2.7165,2.6912,2.6634,2.6424,2.6228,2.6116,2.6107,2.6119,2.606,2.591,2.5759,2.5529,2.5336,2.5032,2.4786,2.4639,2.4527,2.4502,2.458,2.4569,2.4636,2.4408,2.4092,2.3827,2.3561,2.3369,2.3175,2.3112,2.3117
"IMAGE 3.4","Very Low - SSP2","World","Climate Assessment|Harmonized and Infilled|Emissions|CH4","Mt CH4/yr",1,,,,363.4899013289108,363.5722816477648,363.6491545751337,355.0960670958904,346.553481550903,338.0213979401714,329.49981626369583,320.9887365214762,309.2003398094473,297.4283347509335,285.67272134593486,273.93349959445135,262.21066949648304,250.94682714183776,239.6878941917344,228.4338706461728,217.18475650515316,205.94055176867536,199.2322573355336,192.5230239397528,185.8128515813329,179.10174026027403,172.3896899765761,168.62745490571675,164.86587329086595,161.10494513202372,157.34467042919005,153.5850491823649,152.28721068751085,150.99023120322468,149.69411072950643,148.39884926635608,147.10444681377365,145.81090337175914,144.51821894031255,143.22639351943386,141.93542710912303,140.6453197093802,139.93927249958983,139.2329340095298,138.5263042392001,137.81938318860074,137.1121708577317,136.40466724659302,135.69687235518467,134.98878618350662,134.28040873155894,133.5717399993416,133.2133253810378,132.85470810610465,132.4958881745422,132.13686558635038,131.7776403415292,131.4182124400787,131.05858188199886,130.69874866728964,130.3387127959511,129.9784742679832,129.54410924073792,129.10974421349266,128.67537918624737,128.2410141590021,127.80664913175684,127.37228410451156,126.93791907726629,126.503554050021,126.06918902277576,125.63482399553048,125.14468786447922,124.65455173342798,124.16441560237672,123.67427947132546,123.18414334027422,122.69400720922296,122.20387107817172,121.71373494712046,121.2235988160692,120.73346268501795
"IMAGE 3.4","Very Low - SSP2","World","Climate Assessment|Harmonized and Infilled|Emissions|CO2","Mt CO2/yr",1,,,,42339.76770647963,42866.42334920447,43392.27309660738,42099.35747397768,40807.22794411062,39515.88450700625,38225.327162664544,36935.55591108551,34674.4352401721,32413.46109876956,30152.63348687789,27891.952404497093,25631.417851627168,23582.283136098205,21524.28276059868,19457.416725128583,17381.68502968793,15297.087674276709,13796.16837904068,12298.329970315126,10803.572448100043,9311.895812395438,7823.300063201304,6894.817446696526,5968.483338011821,5044.29773714719,4122.260644102631,3202.372058878145,2799.62726301061,2397.9684232813643,1997.3955396904064,1597.9086122377385,1199.5076409233566,802.1926257472637,405.9635667094608,10.820463809944613,-383.23668295128186,-776.2078735742202,-948.4724771518364,-1120.3576561782018,-1291.8634106533168,-1462.9897405771812,-1633.7366459497969,-1804.104126771161,-1974.092183041275,-2143.700814760139,-2312.930021927753,-2481.7798045441164,-2588.8511860466333,-2695.60628165252,-2802.045091361776,-2908.1676151744014,-3013.973853090397,-3119.463805109762,-3224.637471232497,-3329.4948514586004,-3434.035945788074,-3538.260754220917,-3659.6983935193566,-3781.136032817796,-3902.573672116236,-4024.011311414675,-4145.448950713116,-4266.886590011554,-4388.324229309994,-4509.761868608433,-4631.199507906872,-4752.637147205311,-4974.74753042454,-5196.857913643768,-5418.968296862995,-5641.078680082223,-5863.18906330145,-6085.2994465206775,-6307.409829739905,-6529.5202129591335,-6751.630596178361,-6973.7409793975885
"IMAGE 3.4","Very Low - SSP2","World","Climate Assessment|Harmonized and Infilled|Emissions|Kyoto Gases [AR6GWP100]","Mt CO2-equiv/yr",1,,,,57507.00308133636,58084.643268879234,58661.17493877275,56880.959457114426,55103.05082095456,53327.44903029315,51554.1540851302,49783.165985465705,46979.21959715564,44176.90082190586,41376.20965971634,38577.14611058709,35779.71017451811,33358.30322938749,30928.21688029332,28489.45112723559,26042.00597021432,23585.881409229496,21865.92680292368,20149.015857989085,18435.148574425708,16724.32495223355,15016.54499141261,13961.608210777677,12908.868971318972,11858.3272730365,10809.983115930258,9763.836500000243,9312.609563297312,8862.529094770776,8413.595094420636,7965.807562246891,7519.166498249542,7073.671902428589,6629.323774784034,6186.122115315872,5744.066924024107,5303.158200908739,5105.481083946061,4908.1672567238365,4711.216719242067,4514.629471500752,4318.405513499889,4122.544845239481,3927.047466719528,3731.9133779400254,3537.142578900979,3342.7350696023877,3222.086225323673,3101.728215382808,2981.6610397797917,2861.884698514624,2742.399191587305,2623.2045189978344,2504.300680746214,2385.687676832441,2267.365507256517,2149.334172018442,2016.2908103888333,1883.247448759224,1750.204087129615,1617.1607255000065,1484.1173638703956,1351.0740022407876,1218.0306406111783,1084.9872789815688,951.9439173519612,818.9005557223525,582.4550152956886,346.00947486902623,109.56393444236365,-126.8816059842996,-363.3271464109622,-599.7726868376247,-836.2182272642871,-1072.663767690951,-1309.1093081176134,-1545.5548485442755
"IMAGE 3.4","Very Low - SSP2","World","Climate Assessment|Harmonized and Infilled|Emissions|N2O","kt N2O/yr",1,,,,11289.003670665756,11398.05601152858,11507.15308794558,11292.813236688042,11078.30693829667,10863.634192771464,10648.795000112426,10433.789360319552,10223.266896537156,10012.684654493138,9802.042634187505,9591.340835620247,9380.579258791377,9229.504465938842,9078.25941464562,8926.844104911712,8775.258536737116,8623.502710121827,8513.089652853183,8402.652765848452,8292.192049107633,8181.707502630727,8071.199126417733,7998.3245900836655,7925.579344502021,7852.963389672797,7780.476725595996,7708.119352271618,7664.5835838203875,7621.209694287754,7577.997683673716,7534.947551978272,7492.059299201424,7449.332925343174,7406.7684304035165,7364.365814382455,7322.125077279989,7280.046219096119,7258.17656807569,7236.315934782381,7214.464319216194,7192.621721377131,7170.788141265188,7148.963578880368,7127.148034222669,7105.341507292092,7083.543998088636,7061.755506612303,7048.488851351265,7035.183476425393,7021.839381834687,7008.456567579143,6995.035033658764,6981.574780073551,6968.075806823503,6954.538113908617,6940.961701328897,6927.346569084342,6927.093225778931,6926.83988247352,6926.586539168109,6926.3331958627,6926.079852557288,6925.826509251878,6925.573165946468,6925.319822641057,6925.066479335645,6924.813136030235,6919.983322769314,6915.153509508393,6910.323696247472,6905.493882986551,6900.664069725628,6895.834256464707,6891.004443203786,6886.174629942865,6881.344816681944,6876.515003421022
"IMAGE 3.4","Very Low - SSP2","World","Climate Assessment|Surface Temperature (GSAT)|33rd Percentile [MAGICC v7.6.0a3]","°C",1,1.1491,1.1657,1.1865,1.2097,1.2338,1.2577,1.2793,1.2985,1.3175,1.3351,1.3545,1.376,1.3968,1.42,1.4458,1.4698,1.4893,1.5024,1.5144,1.5203,1.5226,1.5245,1.5218,1.5229,1.5222,1.5241,1.5261,1.5291,1.5292,1.5243,1.5149,1.5051,1.495,1.4869,1.4793,1.4708,1.4665,1.4628,1.459,1.4537,1.4465,1.4361,1.4252,1.4169,1.4078,1.4013,1.3969,1.394,1.3909,1.3868,1.3805,1.369,1.361,1.352,1.3418,1.3329,1.3253,1.318,1.3117,1.3063,1.3023,1.2987,1.2938,1.287,1.2797,1.2712,1.2628,1.2543,1.2464,1.2389,1.2353,1.2353,1.2328,1.229,1.2217,1.2126,1.2024,1.1926,1.1856,1.1809,1.1779
"IMAGE 3.4","Very Low - SSP2","World","Climate Assessment|Surface Temperature (GSAT)|67th Percentile [MAGICC v7.6.0a3]","°C",1,1.2622,1.2817,1.3037,1.3299,1.3607,1.387,1.4138,1.4402,1.4655,1.4881,1.5132,1.5427,1.569,1.6007,1.6344,1.6678,1.6922,1.7143,1.7297,1.7437,1.7528,1.7574,1.7573,1.7592,1.7622,1.7671,1.7705,1.7731,1.7733,1.771,1.7654,1.7562,1.7459,1.7359,1.7288,1.7252,1.7256,1.7242,1.7197,1.7142,1.7067,1.697,1.6882,1.6761,1.667,1.6591,1.6546,1.6538,1.6522,1.6475,1.64,1.631,1.62,1.6091,1.5976,1.587,1.5775,1.57,1.5644,1.5606,1.5576,1.5548,1.5491,1.5422,1.5346,1.5259,1.5166,1.5089,1.5017,1.4978,1.4965,1.4959,1.4963,1.4945,1.4872,1.478,1.469,1.4605,1.4518,1.4457,1.4414
"IMAGE 3.4","Very Low - SSP2","World","Climate Assessment|Surface Temperature (GSAT)|Median [MAGICC v7.6.0a3]","°C",1,1.2035,1.2215,1.2429,1.2673,1.293,1.3164,1.3405,1.3617,1.3819,1.4044,1.4276,1.4523,1.4763,1.5022,1.535,1.5605,1.5842,1.601,1.6171,1.6288,1.6376,1.6379,1.6379,1.6378,1.6387,1.6415,1.6438,1.6461,1.6483,1.6452,1.6364,1.6269,1.6161,1.6084,1.5985,1.5935,1.5943,1.5919,1.5864,1.5813,1.5735,1.5634,1.5538,1.5439,1.5344,1.5274,1.5236,1.521,1.5199,1.5152,1.5081,1.4988,1.4871,1.4784,1.4691,1.4607,1.4514,1.4435,1.4386,1.4343,1.43,1.4251,1.4196,1.4122,1.4032,1.3948,1.3862,1.3779,1.3709,1.3654,1.3623,1.3597,1.3602,1.3577,1.3519,1.3437,1.334,1.326,1.3191,1.3127,1.3085
"MESSAGEix-GLOBIOM-GAINS 2.1-M-R12","High - SSP3","World","Climate Assessment|Effective Radiative Forcing|33rd Percentile [MAGICC v7.6.0a3]","W/m^2",1,2.566,2.556,2.6284,2.6916,2.7709,2.8205,2.8576,2.8953,2.9467,2.9941,3.0304,3.0602,3.0985,3.1553,3.2291,3.2728,3.3308,3.3594,3.403,3.4275,3.4536,3.4839,3.5225,3.5655,3.6136,3.6795,3.7438,3.8135,3.8608,3.8804,3.8971,3.922,3.9459,3.9765,4.0205,4.0797,4.1403,4.1813,4.2274,4.269,4.2925,4.321,4.3512,4.3878,4.4308,4.4768,4.5403,4.6009,4.6505,4.6857,4.7129,4.7362,4.7667,4.8004,4.831,4.8708,4.9099,4.9578,5.013,5.0706,5.1186,5.1552,5.1963,5.2248,5.26,5.2823,5.3131,5.3535,5.3954,5.4531,5.5234,5.5869,5.6544,5.6928,5.7177,5.7506,5.7801,5.8223,5.8666,5.9208,5.9894
"MESSAGEix-GLOBIOM-GAINS 2.1-M-R12","High - SSP3","World","Climate Assessment|Effective Radiative Forcing|67th Percentile [MAGICC v7.6.0a3]","W/m^2",1,2.8229,2.8276,2.9005,2.9516,3.0277,3.0677,3.1042,3.1425,3.1947,3.2395,3.2852,3.3174,3.362,3.4187,3.4914,3.5396,3.5998,3.6344,3.6799,3.7052,3.7334,3.758,3.7955,3.8379,3.8906,3.9653,4.0325,4.0984,4.1456,4.1693,4.1858,4.2137,4.242,4.2768,4.3201,4.3755,4.4386,4.4831,4.5328,4.5825,4.6106,4.6386,4.6684,4.707,4.7466,4.7957,4.8657,4.9319,4.9825,5.0214,5.0483,5.0689,5.1,5.1374,5.1717,5.2093,5.2544,5.3023,5.36,5.4204,5.474,5.514,5.5576,5.59,5.6277,5.6529,5.6899,5.7371,5.784,5.8423,5.9156,5.9825,6.0526,6.0932,6.1276,6.164,6.1994,6.2442,6.2912,6.3492,6.4195
"MESSAGEix-GLOBIOM-GAINS 2.1-M-R12","High - SSP3","World","Climate Assessment|Effective Radiative Forcing|Median [MAGICC v7.6.0a3]","W/m^2",1,2.6983,2.6998,2.7568,2.8136,2.8887,2.9367,2.9725,3.014,3.0621,3.1057,3.1492,3.1808,3.2233,3.2807,3.3607,3.4063,3.4652,3.4938,3.5388,3.5674,3.596,3.6278,3.6665,3.712,3.7672,3.841,3.8997,3.9621,4.0119,4.0399,4.0532,4.0767,4.1038,4.1338,4.1737,4.2293,4.2932,4.3362,4.3815,4.4257,4.4525,4.4791,4.5079,4.5468,4.589,4.6382,4.7001,4.7604,4.8148,4.8518,4.8806,4.9011,4.9329,4.9664,4.9974,5.0335,5.0711,5.1192,5.1744,5.2283,5.2759,5.3156,5.3566,5.3851,5.4249,5.453,5.488,5.5299,5.5744,5.6314,5.6982,5.7659,5.8364,5.8754,5.908,5.9446,5.9771,6.0246,6.0713,6.1304,6.1968
"MESSAGEix-GLOBIOM-GAINS 2.1-M-R12","High - SSP3","World","Climate Assessment|Harmonized and Infilled|Emissions|CH4","Mt CH4/yr",1,,,,363.4899013289108,363.0713505676236,362.6821555439951,362.9875954460512,363.3156402123392,363.6662898428592,364.0395443376112,364.4354036965952,367.37414645192456,370.3270946633329,373.2942483308201,376.2756074543864,379.2711720340317,382.2605577805992,385.2507234589695,388.24166906914223,391.2333946111178,394.22590008489584,396.8275455447561,399.4203521566084,402.0043199204529,404.57944883628966,407.1457389041185,409.7289178651965,412.2890543211784,414.8261482720644,417.3401997178542,419.83120865854806,423.097277286758,426.3305979895028,429.5311707667824,432.69899561859694,435.8340725449461,438.4398607600703,441.0177002937037,443.56759114584656,446.0895333164988,448.5835268056605,450.13867463088144,451.68976957651887,453.2368116425728,454.779800829043,456.3187371359297,457.85362056323294,459.3844511109525,460.9112287790886,462.4339535676412,463.9526254766102,466.0929053061121,468.2270681256496,470.3551139352229,472.4770427348319,474.5928545244767,476.7025493041572,478.8061270738733,480.9035878336253,482.99493158341295,485.0801583232365,489.07715921300223,493.074160102768,497.0711609925339,501.06816188229976,505.0651627720656,509.0621636618314,513.0591645515972,517.056165441363,521.053166331129,525.0501672208948,528.3886206218951,531.7270740228955,535.0655274238959,538.4039808248962,541.7424342258965,545.0808876268968,548.4193410278972,551.7577944288976,555.096247829898,558.4347012308982
"MESSAGEix-GLOBIOM-GAINS 2.1-M-R12","High - SSP3","World","Climate Assessment|Harmonized and Infilled|Emissions|CO2","Mt CO2/yr",1,,,,42339.76770647963,42569.98013246088,42798.3218594701,42506.68740793532,42214.73741736103,41922.47188774725,41629.89081909397,41336.9942114012,41746.06418945731,42153.62643341792,42559.68094328301,42964.22771905258,43367.26676072665,43724.37273818861,44079.92383834013,44433.920061181205,44786.36140671184,45137.24787493204,45171.04633793344,45204.11886027545,45236.46544195805,45268.086082981245,45298.98078334503,45273.798698203565,45248.43629609238,45222.89357701149,45197.17054096088,45171.26718794057,45302.738752510886,45433.98152866197,45564.99551639381,45695.78071570644,45826.33712659984,46145.39141674209,46464.20638759475,46782.78203915778,47101.1183714312,47419.21538441499,47654.16178855836,47889.5053712888,48125.24613260629,48361.384072510846,48597.91919100248,48834.85148808117,49072.18096374693,49309.907617999765,49548.03145083964,49786.55246226659,50191.809904220114,50596.64938715952,51001.07091108482,51405.07447599601,51808.66008189307,52211.827728776014,52614.57741664487,53016.9091454996,53418.82291534022,53820.31872616672,54341.51568952276,54862.7126528788,55383.90961623484,55905.10657959087,56426.3035429469,56947.50050630293,57468.69746965897,57989.89443301501,58511.09139637104,59032.28835972707,59575.413963183775,60118.539566640495,60661.66517009721,61204.79077355392,61747.91637701063,62291.041980467344,62834.167583924056,63377.29318738077,63920.41879083748,64463.544394294186
"MESSAGEix-GLOBIOM-GAINS 2.1-M-R12","High - SSP3","World","Climate Assessment|Harmonized and Infilled|Emissions|Kyoto Gases [AR6GWP100]","Mt CO2-equiv/yr",1,,,,57507.00308133636,57792.2939815671,58076.51837580382,57852.28237379702,57628.50806390958,57405.19544614153,57182.34452049284,56959.95528696354,57513.79606624007,58066.47716007155,58617.998568458,59168.36029139941,59717.56232889579,60210.528324757215,60701.94792089106,61191.82111729733,61680.147913976034,62166.92831092715,62311.32970203097,62454.66195216924,62596.92506134194,62738.11902954908,62878.243856790665,62957.636076041614,63036.10552371202,63113.65219980194,63190.27610431133,63265.97723724021,63523.3643207977,63779.51766546424,64034.43727123981,64288.12313812446,64540.57526611815,64969.20128391145,65396.70559582983,65823.08820187328,66248.3491020418,66672.48829633536,66994.2520991461,67316.17370353914,67638.2531095145,67960.49031707215,68282.88532621214,68605.60481059877,68928.48237533345,69251.51802041619,69574.71174584696,69898.06355162576,70410.57521069123,70922.37374818792,71433.45916411589,71943.83145847514,72453.49063126562,72962.30666383014,73470.40935892818,73977.79871655972,74484.47473672476,74990.43741942331,75680.80776900887,76371.17811859443,77061.54846817997,77751.91881776552,78442.28916735107,79132.82518350112,79823.36119965116,80513.8972158012,81204.43323195125,81894.96924810128,82588.08850810477,83281.20776810827,83974.32702811177,84667.44628811527,85360.56554811877,86054.23203074912,86747.89851337948,87441.56499600984,88135.23147864018,88828.89796127053
"MESSAGEix-GLOBIOM-GAINS 2.1-M-R12","High - SSP3","World","Climate Assessment|Harmonized and Infilled|Emissions|N2O","kt N2O/yr",1,,,,11289.003670665752,11351.901557466646,11414.820702265764,11497.578605705668,11580.630618919697,11663.97674190785,11747.61697467013,11831.551317206537,11898.66555520857,11965.609221704188,12032.38231669339,12098.984840176176,12165.416792152546,12223.304799630509,12281.182976090226,12339.0513215317,12396.909835954935,12454.758519359926,12489.433112478391,12523.88416597986,12558.111679864334,12592.11565413181,12625.89608878229,12652.423911466234,12678.688812908496,12704.690793109074,12730.42985206797,12755.905989785184,12767.088055255275,12778.085766628628,12788.89912390524,12799.528127085114,12809.972776168246,12830.319685509055,12850.442172407116,12870.34023686242,12890.013878874968,12909.463098444752,12921.126812406786,12932.533963522894,12943.684551793069,12954.578577217311,12965.216039795629,12975.596939528015,12985.72127641447,12995.589050454995,13005.20026164959,13014.554909998256,13031.887186895565,13048.977779587522,13065.826688074125,13082.433912355373,13098.799452431274,13114.923308301815,13130.805479967014,13146.445967426853,13161.84477068134,13177.00188973047,13213.724295696284,13250.4467016621,13287.169107627917,13323.891513593737,13360.613919559548,13397.336325525364,13434.05873149118,13470.781137456994,13507.503543422812,13544.225949388623,13582.857839776872,13621.489730165124,13660.121620553373,13698.753510941622,13737.38540132987,13776.01729171812,13814.64918210637,13853.281072494618,13891.912962882863,13930.544853271113
"MESSAGEix-GLOBIOM-GAINS 2.1-M-R12","High - SSP3","World","Climate Assessment|Surface Temperature (GSAT)|33rd Percentile [MAGICC v7.6.0a3]","°C",1,1.1491,1.1657,1.1865,1.2107,1.2379,1.2627,1.2844,1.3038,1.3262,1.348,1.3693,1.3895,1.4114,1.4345,1.4614,1.4873,1.5142,1.5388,1.5617,1.5835,1.6018,1.6198,1.6385,1.659,1.6824,1.7107,1.7366,1.7694,1.7999,1.8226,1.8394,1.8605,1.8769,1.895,1.917,1.9402,1.9679,1.9913,2.0139,2.0361,2.056,2.0747,2.0947,2.1178,2.1365,2.1586,2.186,2.2119,2.2409,2.2686,2.2915,2.3104,2.332,2.3536,2.3708,2.3915,2.4134,2.4343,2.4591,2.4856,2.5159,2.5415,2.5671,2.5901,2.6116,2.6315,2.6517,2.6729,2.6952,2.7197,2.7461,2.7744,2.8059,2.835,2.8599,2.8825,2.9045,2.9276,2.9517,2.9779,3.0063
"MESSAGEix-GLOBIOM-GAINS 2.1-M-R12","High - SSP3","World","Climate Assessment|Surface Temperature (GSAT)|67th Percentile [MAGICC v7.6.0a3]","°C",1,1.2622,1.2817,1.3037,1.3307,1.3652,1.3952,1.423,1.4511,1.4782,1.5063,1.5345,1.5598,1.5845,1.6126,1.6453,1.677,1.7085,1.7376,1.7661,1.7918,1.8157,1.8389,1.8636,1.8875,1.9157,1.9463,1.978,2.011,2.0464,2.0751,2.0977,2.1197,2.1398,2.1626,2.1875,2.215,2.2457,2.2758,2.3049,2.3338,2.3602,2.3842,2.4086,2.4312,2.4567,2.4826,2.5125,2.5434,2.5759,2.6076,2.6362,2.6614,2.6849,2.7081,2.7316,2.7569,2.7824,2.8095,2.8385,2.8689,2.8978,2.9262,2.9559,2.982,3.0081,3.0326,3.0554,3.0809,3.1072,3.1371,3.1704,3.2062,3.2433,3.2767,3.3077,3.3381,3.3669,3.395,3.4241,3.4573,3.4932
"MESSAGEix-GLOBIOM-GAINS 2.1-M-R12","High - SSP3","World","Climate Assessment|Surface Temperature (GSAT)|Median [MAGICC v7.6.0a3]","°C",1,1.2035,1.2215,1.2429,1.2687,1.2962,1.3236,1.3487,1.3737,1.3979,1.4224,1.4479,1.4715,1.4961,1.5217,1.5512,1.579,1.6081,1.6321,1.6576,1.6816,1.7052,1.7272,1.7496,1.7727,1.7986,1.826,1.8553,1.886,1.9165,1.9429,1.9633,1.9817,2.001,2.0221,2.0452,2.0705,2.0985,2.1242,2.1493,2.1756,2.2006,2.2233,2.2453,2.2665,2.2884,2.3145,2.3398,2.3687,2.4004,2.4287,2.4535,2.4746,2.4954,2.5165,2.5375,2.5607,2.5823,2.6044,2.6313,2.6605,2.6884,2.717,2.745,2.7701,2.7934,2.8155,2.8386,2.8628,2.8879,2.9136,2.9443,2.9776,3.0118,3.0435,3.0702,3.0963,3.125,3.1546,3.1778,3.2064,3.2397
"MESSAGEix-GLOBIOM-GAINS 2.1-M-R12","High - SSP5","World","Climate Assessment|Effective Radiative Forcing|33rd Percentile [MAGICC v7.6.0a3]","W/m^2",1,2.566,2.556,2.6284,2.6926,2.7745,2.8259,2.8632,2.9106,2.9697,3.0192,3.0598,3.0956,3.1423,3.2071,3.2746,3.3269,3.3916,3.4303,3.4795,3.5136,3.5503,3.592,3.6356,3.6864,3.7489,3.8263,3.8987,3.9733,4.0265,4.0695,4.0944,4.1319,4.1707,4.2167,4.2783,4.352,4.4307,4.4806,4.5393,4.6029,4.6373,4.6845,4.7263,4.7771,4.8347,4.9012,4.9788,5.057,5.1222,5.1739,5.2208,5.2633,5.3173,5.3686,5.4209,5.4764,5.5325,5.598,5.6733,5.7502,5.8209,5.8827,5.9433,5.9946,6.0512,6.0946,6.1456,6.2037,6.2675,6.3378,6.4192,6.501,6.5813,6.6351,6.6802,6.7336,6.7743,6.8286,6.8826,6.9473,7.0184
"MESSAGEix-GLOBIOM-GAINS 2.1-M-R12","High - SSP5","World","Climate Assessment|Effective Radiative Forcing|67th Percentile [MAGICC v7.6.0a3]","W/m^2",1,2.8229,2.8276,2.9005,2.9527,3.0302,3.072,3.11,3.1539,3.2086,3.2576,3.3029,3.3428,3.3924,3.4516,3.5253,3.5783,3.6414,3.6824,3.7291,3.763,3.807,3.846,3.8924,3.9464,4.0035,4.0884,4.1647,4.2477,4.2989,4.3387,4.3653,4.4091,4.4531,4.5001,4.5602,4.6332,4.716,4.7724,4.833,4.8913,4.9342,4.9785,5.0279,5.0876,5.1463,5.212,5.2939,5.377,5.4505,5.5057,5.5539,5.5955,5.6528,5.7105,5.7665,5.8273,5.8868,5.9551,6.0313,6.1115,6.1886,6.2564,6.3213,6.3772,6.4372,6.4833,6.5344,6.5969,6.6629,6.7395,6.8238,6.9064,6.9931,7.0455,7.0934,7.1553,7.1984,7.2583,7.3198,7.3874,7.4576
"MESSAGEix-GLOBIOM-GAINS 2.1-M-R12","High - SSP5","World","Climate Assessment|Effective Radiative Forcing|Median [MAGICC v7.6.0a3]","W/m^2",1,2.6983,2.6998,2.7568,2.8145,2.8916,2.9414,2.9802,3.0253,3.0809,3.1326,3.1795,3.2189,3.2652,3.3235,3.3956,3.4458,3.5094,3.5533,3.6066,3.6402,3.6768,3.7139,3.7632,3.82,3.8788,3.9575,4.0284,4.1015,4.1646,4.2031,4.2249,4.2665,4.3147,4.3628,4.4211,4.4929,4.5686,4.6246,4.6813,4.7398,4.7807,4.8286,4.8749,4.9291,4.9835,5.0447,5.1254,5.2064,5.2788,5.3336,5.3822,5.4243,5.4788,5.5343,5.5886,5.6479,5.7052,5.774,5.8511,5.929,6.0041,6.0692,6.1317,6.1823,6.2394,6.2915,6.3467,6.4102,6.4721,6.5452,6.6303,6.7151,6.7991,6.8502,6.8943,6.944,6.987,7.044,7.1026,7.1738,7.2478
"MESSAGEix-GLOBIOM-GAINS 2.1-M-R12","High - SSP5","World","Climate Assessment|Harmonized and Infilled|Emissions|CH4","Mt CH4/yr",1,,,,363.4899013289108,363.6666223926719,363.86469607355394,365.9569197241377,368.0729458714212,370.2127745154047,372.3764056560879,374.563839293471,377.90719675990255,381.2707166776197,384.6543990466226,388.0582438669111,391.48225113848525,395.40771924065615,399.3583295687614,403.33408212280136,407.3349769027758,411.3610139086848,415.5641953436866,419.7933475465893,424.0484705173925,428.3295642560962,432.6366287627008,437.39673761876793,442.1654188261052,446.94267238471247,451.7284982945898,456.5228965557373,460.5037234555557,464.4769214162887,468.4424904379364,472.4004305204986,476.3507416639754,479.6906109744941,482.9984656796411,486.27430577941647,489.5181312738201,492.7299421628521,496.885256457996,501.03923960709386,505.1918916101454,509.3432124671506,513.4932021781095,517.6418607430222,521.7891881618887,525.9351844347087,530.0798495614827,534.2231835422102,541.0186426379043,547.8015314851763,554.5718500840264,561.3295984344545,568.0747765364605,574.8073843900445,581.5274219952066,588.2348893519468,594.9297864602648,601.612113320161,606.1009548481657,610.5897963761702,615.0786379041748,619.5674794321794,624.0563209601839,628.5451624881886,633.0340040161932,637.5228455441978,642.0116870722024,646.500528600207,650.0909950166707,653.6814614331345,657.2719278495981,660.862394266062,664.4528606825257,668.0433270989895,671.6337935154534,675.224259931917,678.8147263483808,682.4051927648446
"MESSAGEix-GLOBIOM-GAINS 2.1-M-R12","High - SSP5","World","Climate Assessment|Harmonized and Infilled|Emissions|CO2","Mt CO2/yr",1,,,,42339.76770647963,42527.01805343879,42711.168255192286,42661.01850926139,42610.30178849467,42559.01809289211,42507.16742245376,42454.74977717955,43379.86378405924,44302.36106507085,45222.24162021441,46139.5054494899,47054.15255289734,47988.70506113965,48920.30111139767,49848.94070367139,50774.6238379608,51697.35051426594,52119.876184684574,52541.60751706972,52962.54451142138,53382.68716773954,53802.03548602419,54295.796033475686,54788.03031464372,55278.73832952833,55767.920078129486,56255.575560447214,56583.80380517438,56911.36134203682,57238.24817103451,57564.464292167446,57890.00970543566,58228.75645794233,58566.24158795947,58902.46509548709,59237.42698052516,59571.127243073686,59683.48407141746,59794.70324863125,59904.78477471504,60013.72864966885,60121.53487349265,60228.20344618648,60333.73436775032,60438.12763818415,60541.38325748801,60643.501225661865,60916.47654692441,61188.28636750999,61458.930687418586,61728.40950665023,61996.7228252049,62263.870643082606,62529.85296028336,62794.66977680712,63058.32109265394,63320.806907823775,63699.54299206626,64078.27907630871,64457.01516055118,64835.75124479363,65214.4873290361,65593.22341327855,65971.95949752102,66350.69558176347,66729.43166600596,67108.16775024842,67230.8752288905,67353.58270753261,67476.29018617471,67598.99766481678,67721.70514345888,67844.41262210098,67967.12010074306,68089.82757938518,68212.53505802728,68335.24253666936
"MESSAGEix-GLOBIOM-GAINS 2.1-M-R12","High - SSP5","World","Climate Assessment|Harmonized and Infilled|Emissions|Kyoto Gases [AR6GWP100]","Mt CO2-equiv/yr",1,,,,57507.00308133636,57763.58583245523,58017.696664970725,58106.691556610735,58195.83530293655,58285.127903948174,58374.56935964566,58464.15967002893,59578.23255344919,60690.23701997355,61800.17306960202,62908.040702334605,64013.839918171296,65157.64087786732,66299.24271920757,67438.64544219206,68575.84904682076,69710.8535330937,70341.41584576877,70971.87921585391,71602.24364334911,72232.50912825434,72862.67567056965,73578.01996824086,74292.04066207535,75004.73775207318,75716.1112382343,76426.16112055873,76939.53176076966,77452.00328607195,77963.57569646556,78474.24899195046,78984.02317252672,79494.38136958373,80002.56213494486,80508.56546861013,81012.3913705795,81514.03984085297,81828.11255740345,82140.9211587694,82452.46564495083,82762.74601594773,83071.7622717601,83379.6810860523,83686.33606392572,83991.7272053803,84295.85451041613,84598.71797903316,85137.12194453698,85673.89549244684,86209.03862276273,86742.55133548466,87274.43363061262,87804.5554894894,88333.04671487446,88859.9073067678,89385.13726516943,89908.73659007932,90469.71849168076,91030.70039328215,91591.68229488358,92152.66419648498,92713.6460980864,93274.7936662523,93835.9412344182,94397.08880258413,94958.23637075003,95519.38393891594,95768.78108976576,96018.17824061564,96267.57539146548,96516.97254231531,96766.36969316516,97016.31406664188,97266.2584401186,97516.20281359532,97766.147187072,98016.09156054872
"MESSAGEix-GLOBIOM-GAINS 2.1-M-R12","High - SSP5","World","Climate Assessment|Harmonized and Infilled|Emissions|N2O","kt N2O/yr",1,,,,11289.003670665752,11342.82835430723,11396.84653405146,11429.25073077238,11461.858173529428,11494.668862322604,11527.682797151912,11560.899978017347,11635.449413265964,11709.886642899975,11784.211666919377,11858.424485324167,11932.525098114344,11999.868606446917,12067.312405988085,12134.856496737852,12202.500878696224,12270.245551863189,12303.152974879287,12335.923567517872,12368.557329778943,12401.0542616625,12433.41436316854,12466.838087071255,12500.08147721053,12533.144533586365,12566.02725619876,12598.729645047708,12587.667440253856,12576.58396016579,12565.479204783514,12554.35317410703,12543.205868136334,12529.933361259504,12516.664506526971,12503.399303938726,12490.137753494775,12476.879855195117,12463.283115132372,12449.535478924168,12435.636946570496,12421.587518071354,12407.387193426748,12393.035972636677,12378.533855701136,12363.880842620129,12349.076933393657,12334.122128021712,12315.517058378327,12296.71305649901,12277.710122383753,12258.50825603256,12239.107457445434,12219.507726622378,12199.70906356338,12179.711468268448,12159.514940737585,12139.119480970783,12121.521697373151,12103.92391377552,12086.326130177886,12068.728346580254,12051.13056298262,12033.53277938499,12015.934995787358,11998.337212189726,11980.739428592093,11963.14164499446,11939.129288286833,11915.1169315792,11891.104574871571,11867.092218163943,11843.079861456314,11819.067504748686,11795.055148041054,11771.042791333422,11747.030434625793,11723.018077918165
"MESSAGEix-GLOBIOM-GAINS 2.1-M-R12","High - SSP5","World","Climate Assessment|Surface Temperature (GSAT)|33rd Percentile [MAGICC v7.6.0a3]","°C",1,1.1491,1.1657,1.1865,1.2108,1.2385,1.2636,1.2858,1.3064,1.3294,1.3527,1.3772,1.4018,1.4234,1.4467,1.4753,1.5044,1.5341,1.5598,1.5874,1.6094,1.632,1.6517,1.6742,1.6946,1.7226,1.7527,1.7843,1.8161,1.8463,1.8774,1.905,1.9267,1.9497,1.9739,2.0005,2.0327,2.0665,2.0975,2.1266,2.1566,2.1822,2.2107,2.235,2.2595,2.2876,2.3185,2.3528,2.3855,2.4249,2.4599,2.4902,2.5179,2.5454,2.574,2.603,2.6329,2.6661,2.6994,2.7335,2.7677,2.8042,2.8416,2.8769,2.9106,2.9435,2.9755,3.0084,3.0399,3.0738,3.1101,3.1508,3.1938,3.2335,3.2738,3.3099,3.3437,3.3753,3.4076,3.4419,3.4775,3.513
"MESSAGEix-GLOBIOM-GAINS 2.1-M-R12","High - SSP5","World","Climate Assessment|Surface Temperature (GSAT)|67th Percentile [MAGICC v7.6.0a3]","°C",1,1.2622,1.2817,1.3037,1.3308,1.3657,1.3967,1.4248,1.4542,1.4832,1.5122,1.543,1.5706,1.5975,1.6272,1.6603,1.6947,1.7267,1.7589,1.7894,1.8202,1.8505,1.8723,1.8972,1.9295,1.9608,1.9957,2.0335,2.0725,2.1119,2.1428,2.1717,2.2014,2.2316,2.2624,2.2934,2.3262,2.362,2.4012,2.4429,2.4828,2.5186,2.554,2.5901,2.623,2.6575,2.6924,2.7298,2.7702,2.8103,2.849,2.8856,2.9199,2.9544,2.9898,3.0255,3.0623,3.1002,3.1408,3.1818,3.2253,3.2692,3.3115,3.3527,3.3917,3.4298,3.4684,3.5072,3.5469,3.5878,3.6305,3.6765,3.7236,3.7739,3.8218,3.8657,3.9062,3.942,3.9842,4.0248,4.0673,4.1131
"MESSAGEix-GLOBIOM-GAINS 2.1-M-R12","High - SSP5","World","Climate Assessment|Surface Temperature (GSAT)|Median [MAGICC v7.6.0a3]","°C",1,1.2035,1.2215,1.2429,1.2688,1.2966,1.3245,1.3511,1.3767,1.4037,1.4293,1.4595,1.4842,1.5082,1.5362,1.5678,1.5985,1.6317,1.6598,1.6866,1.7166,1.7391,1.7603,1.7833,1.8107,1.84,1.8704,1.9059,1.9422,1.9757,2.0038,2.034,2.0601,2.0846,2.1102,2.1377,2.1703,2.205,2.2391,2.2725,2.3055,2.3355,2.3638,2.3923,2.4199,2.4492,2.4811,2.5176,2.5555,2.5941,2.6308,2.6663,2.697,2.7279,2.7603,2.7924,2.8234,2.8572,2.8952,2.9336,2.9739,3.0153,3.058,3.0982,3.1362,3.1738,3.2106,3.2457,3.2809,3.3195,3.36,3.401,3.4486,3.4965,3.5396,3.5775,3.6133,3.6451,3.6801,3.7151,3.7518,3.7925
"MESSAGEix-GLOBIOM-GAINS 2.1-M-R12","High-to-Low - SSP5","World","Climate Assessment|Effective Radiative Forcing|33rd Percentile [MAGICC v7.6.0a3]","W/m^2",1,2.566,2.556,2.6284,2.6926,2.7745,2.8259,2.8632,2.9106,2.9697,3.0191,3.0597,3.0955,3.1422,3.2069,3.2743,3.3265,3.391,3.4295,3.4785,3.5124,3.5489,3.5903,3.6337,3.6842,3.7465,3.8235,3.8955,3.97,4.0229,4.0652,4.0898,4.1273,4.1657,4.2124,4.2745,4.3469,4.4251,4.4758,4.5337,4.5978,4.6357,4.6905,4.7332,4.7874,4.8399,4.8988,4.9678,5.0324,5.0824,5.1183,5.137,5.1528,5.1718,5.1907,5.2154,5.2398,5.2628,5.2893,5.324,5.3627,5.4062,5.4341,5.456,5.4745,5.4922,5.4905,5.4997,5.5226,5.5349,5.5582,5.5918,5.6096,5.6318,5.6227,5.5987,5.5756,5.5451,5.526,5.5022,5.5035,5.5026
"MESSAGEix-GLOBIOM-GAINS 2.1-M-R12","High-to-Low - SSP5","World","Climate Assessment|Effective Radiative Forcing|67th Percentile [MAGICC v7.6.0a3]","W/m^2",1,2.8229,2.8276,2.9005,2.9527,3.0302,3.072,3.11,3.1538,3.2086,3.2576,3.3029,3.3427,3.3922,3.4513,3.525,3.5778,3.6408,3.6816,3.7281,3.762,3.8058,3.8442,3.8905,3.9441,4.001,4.0855,4.1615,4.2444,4.295,4.3347,4.3611,4.4038,4.4481,4.4955,4.555,4.6275,4.7098,4.7664,4.8265,4.8846,4.9307,4.982,5.0365,5.093,5.1445,5.2028,5.2715,5.3399,5.3926,5.4322,5.4574,5.4689,5.492,5.5194,5.5415,5.5686,5.6017,5.6376,5.6733,5.7138,5.7555,5.7829,5.806,5.8185,5.8423,5.8432,5.8603,5.8781,5.8944,5.921,5.9525,5.9757,5.9926,5.9866,5.9706,5.9567,5.9431,5.9315,5.9189,5.9119,5.9077
"MESSAGEix-GLOBIOM-GAINS 2.1-M-R12","High-to-Low - SSP5","World","Climate Assessment|Effective Radiative Forcing|Median [MAGICC v7.6.0a3]","W/m^2",1,2.6983,2.6998,2.7568,2.8145,2.8916,2.9414,2.9802,3.0253,3.0809,3.1325,3.1794,3.2188,3.2651,3.3232,3.3953,3.4454,3.5089,3.5525,3.6056,3.6389,3.6754,3.7125,3.7615,3.8179,3.8765,3.9546,4.0255,4.0985,4.1615,4.1996,4.2209,4.2628,4.3105,4.3587,4.417,4.4877,4.5624,4.6187,4.6755,4.734,4.7777,4.833,4.8829,4.9353,4.9833,5.0357,5.1072,5.1749,5.2326,5.2698,5.2968,5.3096,5.3325,5.3559,5.3775,5.4031,5.4293,5.4707,5.5139,5.5541,5.5912,5.622,5.6551,5.6693,5.682,5.6818,5.691,5.7023,5.7213,5.7506,5.781,5.7989,5.8251,5.8175,5.7983,5.7785,5.7533,5.7374,5.7197,5.7135,5.7071
"MESSAGEix-GLOBIOM-GAINS 2.1-M-R12","High-to-Low - SSP5","World","Climate Assessment|Harmonized and Infilled|Emissions|CH4","Mt CH4/yr",1,,,,363.4899013289108,363.6666223926719,363.86469607355394,365.9467459598286,368.0526379819343,370.1823721398711,372.33594843363903,374.5133668632381,377.8162870012834,381.1396115341319,384.4833404617839,387.8474737842392,391.232011501498,395.1182519928711,399.0298766536964,402.9668854839739,406.9292784837036,410.9170556528856,415.0693858939544,419.2482129071571,423.4535366924936,427.685357249964,431.9436745795685,436.6555622628688,441.3765483016724,446.1066326959794,450.84581544578975,455.59409655110335,459.546266123116,463.4911061525003,467.4286166392566,471.3587975833845,475.2816489848842,478.594357949883,481.8753517059672,485.12463025313696,488.3421935913923,491.5280417207332,485.735120625424,479.9627546419617,474.2109437703463,468.4796880105776,462.7689873626558,457.0788418265809,451.4092514023528,445.7602160899714,440.13173588943687,434.5238108007493,432.3402413816037,430.1664649074219,428.00248137820375,425.8482907939493,423.7038931546586,421.5692884603316,419.44447671096816,417.32945790656856,415.2242320471327,413.1287991326604,409.8138382597266,406.4988773867928,403.18391651385895,399.868955640925,396.5539947679913,393.2390338950575,389.9240730221236,386.60911214918974,383.294151276256,379.9791904033221,376.080729676704,372.1822689500859,368.2838082234679,364.3853474968498,360.48688677023176,356.5884260436137,352.68996531699565,348.7915045903776,344.89304386375954,340.9945831371415
"MESSAGEix-GLOBIOM-GAINS 2.1-M-R12","High-to-Low - SSP5","World","Climate Assessment|Harmonized and Infilled|Emissions|CO2","Mt CO2/yr",1,,,,42339.76770647963,42527.01805343879,42711.168255192286,42659.42320871198,42607.1111855629,42554.23218574506,42500.78620925846,42446.77325610308,43355.95735200356,44262.51900401177,45166.4582121277,46067.77497635136,46966.46929668276,47885.0633038248,48800.69513495835,49713.36479008339,50623.07226919992,51529.81757230794,51947.29315577017,52363.97440119893,52779.861308594176,53194.95387795594,53609.25210928419,54097.96256977929,54585.14676399093,55070.80469191913,55554.93635356389,56037.541748925214,56372.73484654248,56707.257236295016,57041.10891818281,57374.289892205845,57706.80015836416,58052.51176376093,58396.96174666817,58740.15010708589,59082.07684501406,59422.74196045269,58405.25571661188,57389.19158436184,56374.54956370253,55361.32965463397,54349.53185715616,53339.15617126909,52330.202596972784,51322.67113426721,50316.5617831524,49311.87454362832,48195.97079120158,47080.197044453125,45964.55330338298,44849.03956799113,43733.65583827757,42618.40211424232,41503.27839588534,40388.28468320666,39273.42097620628,38158.68727488421,36188.74590307637,34218.80453126853,32248.863159460667,30278.921787652816,28308.980415844973,26339.03904403713,24369.097672229287,22399.15630042144,20429.21492861359,18459.273556805747,16271.562682019783,14083.851807233816,11896.140932447848,9708.430057661884,7520.719182875916,5333.00830808995,3145.297433303983,957.586558518018,-1230.1243162679475,-3417.835191053912
"MESSAGEix-GLOBIOM-GAINS 2.1-M-R12","High-to-Low - SSP5","World","Climate Assessment|Harmonized and Infilled|Emissions|Kyoto Gases [AR6GWP100]","Mt CO2-equiv/yr",1,,,,57507.00308133636,57762.22304229949,58014.96831383082,58101.43938066644,58188.06327631646,58274.84000078093,58361.76955405983,58448.85193615314,59544.77134971544,60638.62908926662,61730.425154806704,62820.15954633569,63907.83226385358,65034.05107371071,66158.07856710913,67279.91474404879,68399.55960452971,69517.0131485519,70140.13796151732,70763.19291275482,71386.17800226435,72009.09323004592,72631.93859609956,73340.18041041774,74047.12815195585,74752.78182071395,75457.14141669197,76160.20693988996,76678.90728330461,77196.73869065053,77713.70116192772,78229.79469713618,78745.01929627593,79260.54505199156,79773.92312544493,80285.15351663603,80794.23622556485,81301.17125223138,79903.82505958766,78508.37394867552,77114.81791949493,75723.15697204592,74333.39110632848,72945.26087495097,71559.02572530504,70174.68565739066,68792.24067120787,67411.69076675663,66222.42807286774,65033.54144335433,63845.030878216414,62656.89637745397,61469.13794106702,60281.58862276141,59094.41536883127,57907.61817927661,56721.19705409744,55535.15199329376,53439.02564407799,51342.89929486223,49246.77294564644,47150.64659643066,45054.520247214896,42958.42945636776,40862.33866552062,38766.24787467348,36670.157083826336,34574.066292979194,32272.112537911147,29970.1587828431,27668.20502777505,25366.251272707,23064.297517638955,20762.3726539693,18460.447790299648,16158.522926629996,13856.598062960342,11554.673199290692
"MESSAGEix-GLOBIOM-GAINS 2.1-M-R12","High-to-Low - SSP5","World","Climate Assessment|Harmonized and Infilled|Emissions|N2O","kt N2O/yr",1,,,,11289.003670665752,11342.82835430723,11396.84653405146,11426.836748435817,11457.044165293926,11487.468784625788,11518.110606431408,11548.969630710782,11618.700220050996,11688.34150113396,11757.893473959672,11827.356138528128,11896.729494839332,11959.368644050282,12022.130981827191,12085.016508170054,12148.025223078872,12211.157126553651,12236.20705801042,12261.167915106873,12286.039697843004,12310.822406218824,12335.516040234326,12361.321052663698,12386.993487346826,12412.53334428371,12437.940623474356,12463.215324918754,12443.843290618268,12424.522447858846,12405.25279664048,12386.034336963185,12366.86706882694,12345.647066619844,12324.503183392311,12303.435419144342,12282.443773875935,12261.528247587095,12164.558925835458,12067.845361644131,11971.387555013123,11875.185505942432,11779.239214432053,11683.548680481985,11588.113904092232,11492.934885262794,11398.011623993669,11303.344120284864,11238.150744399456,11172.95125662818,11107.74565697104,11042.533945428027,10977.31612199915,10912.09218668441,10846.862139483796,10781.625980397315,10716.383709424974,10651.13532656676,10585.015839003228,10518.8963514397,10452.77686387617,10386.657376312636,10320.53788874911,10254.41840118558,10188.298913622046,10122.179426058516,10056.05993849499,9989.94045093146,9950.097951107851,9910.255451284247,9870.412951460645,9830.57045163704,9790.727951813433,9750.88545198983,9711.042952166226,9671.200452342624,9631.357952519018,9591.515452695414
"MESSAGEix-GLOBIOM-GAINS 2.1-M-R12","High-to-Low - SSP5","World","Climate Assessment|Surface Temperature (GSAT)|33rd Percentile [MAGICC v7.6.0a3]","°C",1,1.1491,1.1657,1.1865,1.2108,1.2385,1.2636,1.2858,1.3064,1.3294,1.3526,1.3772,1.4018,1.4233,1.4466,1.4753,1.5044,1.5339,1.5596,1.5871,1.6091,1.6316,1.6512,1.6736,1.6939,1.7219,1.7517,1.7833,1.815,1.845,1.8763,1.9036,1.9251,1.9476,1.9725,1.9986,2.0313,2.0644,2.0951,2.1241,2.1539,2.1799,2.2094,2.2353,2.2608,2.2885,2.3185,2.3487,2.3799,2.4113,2.4398,2.4614,2.4813,2.5014,2.5194,2.5368,2.5532,2.5711,2.5894,2.6079,2.6301,2.6528,2.6735,2.693,2.7084,2.7218,2.7338,2.746,2.7564,2.7672,2.7809,2.798,2.8134,2.8309,2.8412,2.8457,2.8485,2.8488,2.8475,2.8471,2.849,2.8513
"MESSAGEix-GLOBIOM-GAINS 2.1-M-R12","High-to-Low - SSP5","World","Climate Assessment|Surface Temperature (GSAT)|67th Percentile [MAGICC v7.6.0a3]","°C",1,1.2622,1.2817,1.3037,1.3308,1.3657,1.3967,1.4248,1.4542,1.4832,1.5122,1.543,1.5706,1.5974,1.6272,1.6602,1.6946,1.7265,1.7587,1.7892,1.8199,1.85,1.8717,1.8964,1.9286,1.9598,1.9947,2.0324,2.0713,2.1105,2.1413,2.1701,2.1995,2.2296,2.2603,2.2911,2.324,2.3596,2.3982,2.4396,2.4797,2.5161,2.5531,2.5904,2.6254,2.6605,2.6933,2.7268,2.7628,2.7981,2.8325,2.8627,2.8898,2.9164,2.9414,2.9659,2.9904,3.0148,3.0394,3.0665,3.0911,3.1192,3.1456,3.1688,3.1909,3.2115,3.2297,3.2419,3.2602,3.2788,3.2983,3.3204,3.3406,3.3585,3.3723,3.3785,3.3846,3.3925,3.3962,3.399,3.4038,3.4081
"MESSAGEix-GLOBIOM-GAINS 2.1-M-R12","High-to-Low - SSP5","World","Climate Assessment|Surface Temperature (GSAT)|Median [MAGICC v7.6.0a3]","°C",1,1.2035,1.2215,1.2429,1.2688,1.2966,1.3245,1.3511,1.3767,1.4037,1.4293,1.4594,1.4842,1.5082,1.5362,1.5677,1.5984,1.6315,1.6596,1.6864,1.7162,1.7386,1.7598,1.7827,1.8099,1.8392,1.8693,1.9048,1.9409,1.9743,2.0024,2.0324,2.0584,2.0827,2.1079,2.1354,2.168,2.2027,2.2366,2.2699,2.3027,2.3334,2.3636,2.3932,2.4223,2.4507,2.4811,2.5142,2.5487,2.5836,2.614,2.6414,2.6641,2.6841,2.7042,2.7237,2.7478,2.7697,2.7933,2.8169,2.8421,2.8684,2.8918,2.914,2.9344,2.9522,2.9679,2.9849,3.0019,3.0188,3.0373,3.0567,3.0745,3.0915,3.1059,3.1182,3.1273,3.1336,3.1383,3.1437,3.1491,3.1536
"MESSAGEix-GLOBIOM-GAINS 2.1-M-R12","Low - SSP1","World","Climate Assessment|Effective Radiative Forcing|33rd Percentile [MAGICC v7.6.0a3]","W/m^2",1,2.566,2.556,2.6284,2.6916,2.7709,2.8271,2.8775,2.9312,2.991,3.0339,3.0786,3.1086,3.1439,3.1966,3.2543,3.2877,3.3219,3.3336,3.3595,3.3689,3.3675,3.362,3.3722,3.3911,3.418,3.4586,3.4892,3.5202,3.5292,3.5105,3.4846,3.4742,3.4642,3.455,3.4571,3.4673,3.4856,3.4817,3.4761,3.4687,3.4441,3.4257,3.4093,3.3979,3.3868,3.3843,3.3948,3.4049,3.3985,3.3826,3.3562,3.3134,3.2862,3.259,3.2284,3.2062,3.1848,3.1695,3.1623,3.1591,3.1494,3.1271,3.1076,3.0754,3.0467,3.0106,2.9827,2.9621,2.9445,2.9375,2.9422,2.938,2.9395,2.9128,2.876,2.8432,2.8067,2.7849,2.7633,2.7548,2.7539
"MESSAGEix-GLOBIOM-GAINS 2.1-M-R12","Low - SSP1","World","Climate Assessment|Effective Radiative Forcing|67th Percentile [MAGICC v7.6.0a3]","W/m^2",1,2.8229,2.8276,2.9005,2.9516,3.0278,3.0734,3.1222,3.1638,3.2166,3.2584,3.2994,3.3317,3.3674,3.4226,3.4798,3.5101,3.5474,3.5628,3.5836,3.5855,3.5832,3.5837,3.5965,3.6134,3.6366,3.6729,3.6988,3.725,3.7333,3.7255,3.7027,3.6948,3.6864,3.6818,3.6838,3.6987,3.709,3.7051,3.7026,3.6999,3.6803,3.6628,3.6465,3.6328,3.6245,3.6202,3.6282,3.6397,3.6376,3.6215,3.5927,3.5583,3.5282,3.5048,3.4732,3.4497,3.4217,3.4062,3.3981,3.3914,3.379,3.3577,3.3337,3.3019,3.2757,3.2393,3.2136,3.1931,3.1751,3.1702,3.1716,3.1681,3.1692,3.1447,3.113,3.0842,3.0533,3.0324,3.0108,2.9999,2.9972
"MESSAGEix-GLOBIOM-GAINS 2.1-M-R12","Low - SSP1","World","Climate Assessment|Effective Radiative Forcing|Median [MAGICC v7.6.0a3]","W/m^2",1,2.6983,2.6998,2.7568,2.8136,2.8888,2.9431,2.9949,3.0397,3.0913,3.1288,3.1708,3.2071,3.2425,3.2944,3.365,3.3969,3.4328,3.4455,3.464,3.4735,3.4724,3.4691,3.4776,3.4913,3.5136,3.5535,3.582,3.6112,3.6235,3.6151,3.5917,3.5807,3.5697,3.5647,3.5697,3.5857,3.6044,3.6009,3.5982,3.593,3.572,3.5575,3.5375,3.5281,3.5177,3.5094,3.5211,3.5252,3.5206,3.5042,3.4734,3.4333,3.4048,3.379,3.3493,3.3257,3.3042,3.2908,3.2836,3.277,3.2681,3.2458,3.2215,3.188,3.1673,3.1321,3.106,3.0848,3.0664,3.0626,3.0657,3.0642,3.0638,3.0342,2.9992,2.9647,2.9318,2.9092,2.8863,2.8752,2.8724
"MESSAGEix-GLOBIOM-GAINS 2.1-M-R12","Low - SSP1","World","Climate Assessment|Harmonized and Infilled|Emissions|CH4","Mt CH4/yr",1,,,,363.4899013289108,363.01427173746765,362.5648685641521,354.4051284947712,346.23536514286934,338.0555785084464,329.8657685915026,321.66593539203785,318.4008509577052,315.12825009727504,311.8481328107474,308.5604990981223,305.2653489593997,301.2869995593062,297.3116311768805,293.33924381212285,289.369837465033,285.4034121356111,281.69361204354345,277.98471008220645,274.27670625160005,270.5696005517244,266.8633929825792,263.85005252132964,260.8442578897645,257.8460090878835,254.8553061156868,251.8721489731744,248.10818008021783,244.35471757774528,240.61176146575656,236.87931174425188,233.15736841323115,229.2453432049106,225.33460507028536,221.42515400935545,217.5169900221208,213.61011310858152,207.51274845214743,201.43774697215085,195.3851086685918,189.35483354147024,183.34692159078625,177.3613728165397,171.3981872187307,165.45736479735922,159.53890555242526,153.64280948392877,149.66903489384646,145.70548679064052,141.752165174311,137.8090700448579,133.87620140228114,129.9535592465808,126.04114357775684,122.13895439580932,118.24699170073816,114.3652554925434,113.43180488116516,112.49835426978692,111.5649036584087,110.63145304703043,109.6980024356522,108.76455182427397,107.83110121289572,106.89765060151748,105.96419999013924,105.030749378761,103.24518928339496,101.45962918802894,99.67406909266292,97.8885089972969,96.10294890193089,94.31738880656486,92.53182871119884,90.74626861583282,88.96070852046678,87.17514842510077
"MESSAGEix-GLOBIOM-GAINS 2.1-M-R12","Low - SSP1","World","Climate Assessment|Harmonized and Infilled|Emissions|CO2","Mt CO2/yr",1,,,,42339.76770647963,42558.4198348728,42774.162516076685,40876.04024352259,38976.62262928608,37075.90967336711,35173.9013757657,33270.59773648188,32100.572572881567,30928.83957429056,29755.398740708843,28580.25007213643,27403.393568573323,26384.16497725497,25361.965423643847,24336.79490773996,23308.65342954329,22277.540989053865,21211.27317144844,20145.44246640246,19080.04887391592,18015.09239398881,16950.573026621158,15975.991128220128,15001.591271193874,14027.373455542394,13053.337681265695,12079.483948363772,11163.85635690702,10249.150639963367,9335.366797532832,8422.5048296154,7510.564736211077,6877.855291551608,6245.52061556213,5613.560708242637,4981.975569593133,4350.765199613623,3773.658381757216,3196.4826376555293,2619.237967308565,2041.9243707163175,1464.541847878796,887.0903987959928,309.5700234679107,-268.0192781054502,-845.6775059240917,-1423.4046599880105,-1683.5632268868749,-1943.6212095118035,-2203.5786078628007,-2463.4354219398624,-2723.191651742992,-2982.847297272187,-3242.4023585274467,-3501.856835508775,-3761.210728216168,-4020.464036649628,-4131.989287281205,-4243.514537912783,-4355.039788544362,-4466.56503917594,-4578.090289807518,-4689.615540439096,-4801.140791070673,-4912.666041702251,-5024.19129233383,-5135.716542965408,-5274.1929359025735,-5412.669328839742,-5551.145721776908,-5689.622114714076,-5828.098507651243,-5966.57490058841,-6105.051293525577,-6243.527686462744,-6382.004079399911,-6520.480472337078
"MESSAGEix-GLOBIOM-GAINS 2.1-M-R12","Low - SSP1","World","Climate Assessment|Harmonized and Infilled|Emissions|Kyoto Gases [AR6GWP100]","Mt CO2-equiv/yr",1,,,,57507.00308133636,57779.50170455661,58049.82412997293,55863.63167057292,53676.19963826599,51487.52803305213,49297.61685493134,47106.46610390365,45840.1421832048,44572.073118191125,43302.258908862605,42030.699555219246,40757.395057261056,39612.28626556917,38464.37386127449,37313.65784437705,36160.13821487682,35003.814972773805,33811.46786602138,32619.6276540382,31428.29433682424,30237.467914379497,29047.148386704,27962.232050638508,26877.758237072838,25793.72694600697,24710.138177440927,23626.991931374705,22553.63573472581,21481.49851587056,20410.58027480895,19340.881011540983,18272.400726066666,17444.668024558778,16617.35542951426,15790.462940933096,14963.990558815298,14137.938283160864,13326.246316288809,12515.114988830795,11704.54430078683,10894.534252156904,10085.084842941027,9276.283525128125,8468.042995353097,7660.3632536159475,6853.244299916674,6046.686134255279,5654.988458892833,5263.723835342438,4872.892263604094,4482.493743677805,4092.5282755635626,3702.7259872616,3313.356304001159,2924.4192257822374,2535.9147526048387,2147.842884468959,1994.1217655191872,1840.400646569416,1686.6795276196435,1532.9584086698717,1379.2372897200994,1225.7524105224911,1072.267531324883,918.7826521272736,765.2977729296641,611.8128937320553,407.9731668654268,204.1334399987964,0.2937131321694153,-203.54601373446124,-407.38574060109073,-610.4465080650208,-813.5072755289513,-1016.568042992882,-1219.6288104568116,-1422.689577920742
"MESSAGEix-GLOBIOM-GAINS 2.1-M-R12","Low - SSP1","World","Climate Assessment|Harmonized and Infilled|Emissions|N2O","kt N2O/yr",1,,,,11289.003670665752,11349.911708323736,11410.861536078262,11251.8984262583,11093.632777856024,10936.06459087143,10779.193865304527,10623.02060115531,10539.604278400331,10456.697665855703,10374.300763521424,10292.413571397494,10211.036089483914,10132.33715477374,10053.779954468397,9975.36448856788,9897.09075707219,9818.958759981331,9724.569900184664,9630.268177391235,9536.053591601045,9441.926142814084,9347.885831030366,9253.843386887262,9159.900045662254,9066.055807355338,8972.31067196652,8878.664639495792,8763.325919259005,8648.091699780676,8532.961981060804,8417.936763099395,8303.016045896442,8125.128437347814,7947.306975442949,7769.5516601818435,7591.8624915645,7414.239469590916,7318.361460808679,7222.633047462447,7127.054229552219,7031.6250070780015,6936.3453800397865,6841.215348437578,6746.234912271373,6651.404071541176,6556.722826246983,6462.191176388797,6402.816352724067,6343.53799948728,6284.356116678438,6225.27070429754,6166.281762344586,6107.389290819576,6048.593289722512,5989.893759053391,5931.290698812214,5872.784108998982,5824.76927745628,5776.754445913581,5728.739614370881,5680.724782828182,5632.709951285482,5584.695119742781,5536.680288200081,5488.665456657382,5440.650625114682,5392.635793571983,5349.916295302292,5307.196797032602,5264.477298762912,5221.757800493223,5179.038302223533,5136.318803953843,5093.5993056841535,5050.879807414462,5008.160309144774,4965.440810875084
"MESSAGEix-GLOBIOM-GAINS 2.1-M-R12","Low - SSP1","World","Climate Assessment|Surface Temperature (GSAT)|33rd Percentile [MAGICC v7.6.0a3]","°C",1,1.1491,1.1657,1.1865,1.2107,1.2379,1.2634,1.2864,1.3096,1.3327,1.3575,1.3785,1.3988,1.4189,1.4408,1.4646,1.4867,1.5066,1.5221,1.537,1.5508,1.5646,1.5717,1.5809,1.5907,1.6014,1.6148,1.6278,1.6428,1.6554,1.6638,1.6675,1.6715,1.6739,1.6748,1.6762,1.6792,1.6841,1.6893,1.6953,1.697,1.6971,1.6944,1.6903,1.6877,1.685,1.6856,1.6867,1.6883,1.691,1.6919,1.6902,1.6823,1.6757,1.6675,1.6574,1.6483,1.6424,1.6366,1.6326,1.6288,1.6258,1.6219,1.617,1.6082,1.5984,1.5874,1.5752,1.5647,1.5555,1.5481,1.5442,1.5419,1.5387,1.5331,1.5247,1.515,1.5035,1.4922,1.4812,1.4731,1.4669
"MESSAGEix-GLOBIOM-GAINS 2.1-M-R12","Low - SSP1","World","Climate Assessment|Surface Temperature (GSAT)|67th Percentile [MAGICC v7.6.0a3]","°C",1,1.2622,1.2817,1.3037,1.3307,1.3653,1.3965,1.4253,1.4551,1.4844,1.5157,1.5434,1.5709,1.5972,1.6265,1.6591,1.6856,1.7099,1.7332,1.7543,1.773,1.7864,1.8019,1.8156,1.8291,1.8449,1.8667,1.8887,1.905,1.9205,1.9314,1.9396,1.9457,1.9494,1.9533,1.9568,1.9673,1.9753,1.9801,1.9842,1.9889,1.9953,1.9972,1.9985,1.996,1.9952,1.9969,2.0011,2.0088,2.0152,2.0189,2.0193,2.0158,2.0093,2.0031,1.9965,1.9893,1.9829,1.9757,1.9727,1.9706,1.9682,1.9635,1.9565,1.9502,1.9418,1.9306,1.9212,1.9126,1.9062,1.9014,1.8989,1.8971,1.8944,1.889,1.8818,1.8727,1.8638,1.8542,1.845,1.8386,1.833
"MESSAGEix-GLOBIOM-GAINS 2.1-M-R12","Low - SSP1","World","Climate Assessment|Surface Temperature (GSAT)|Median [MAGICC v7.6.0a3]","°C",1,1.2035,1.2215,1.2429,1.2687,1.2963,1.3245,1.3532,1.3804,1.4076,1.4365,1.462,1.4865,1.51,1.5336,1.5616,1.5873,1.6092,1.6298,1.6491,1.6671,1.6789,1.6869,1.6974,1.709,1.719,1.7365,1.7554,1.7725,1.7879,1.799,1.8054,1.8099,1.8118,1.8153,1.817,1.8235,1.8318,1.8386,1.8441,1.8494,1.8512,1.8513,1.8489,1.847,1.8484,1.8496,1.8527,1.8563,1.8595,1.861,1.858,1.8517,1.8427,1.8349,1.8274,1.82,1.8134,1.8054,1.7982,1.797,1.7957,1.7901,1.7843,1.7771,1.7702,1.762,1.7509,1.741,1.7318,1.7255,1.7218,1.7202,1.7168,1.7132,1.7057,1.6959,1.6844,1.6734,1.6641,1.6557,1.6494
"MESSAGEix-GLOBIOM-GAINS 2.1-M-R12","Low - SSP2 (Marker)","World","Climate Assessment|Effective Radiative Forcing|33rd Percentile [MAGICC v7.6.0a3]","W/m^2",1,2.566,2.556,2.6284,2.6921,2.7725,2.8261,2.8685,2.9148,2.976,3.014,3.0496,3.0772,3.1094,3.1525,3.2078,3.2359,3.2691,3.2741,3.293,3.2946,3.2911,3.2903,3.2981,3.3105,3.3271,3.3602,3.3898,3.4215,3.4314,3.418,3.3924,3.3826,3.3727,3.3681,3.3757,3.3908,3.4031,3.3989,3.3959,3.3914,3.3594,3.3355,3.3108,3.2949,3.28,3.2725,3.2849,3.2906,3.2906,3.2738,3.2448,3.209,3.1829,3.1572,3.1342,3.1156,3.0913,3.0786,3.0783,3.0761,3.0699,3.0521,3.0344,3.0064,2.9823,2.9469,2.92,2.9025,2.8879,2.8845,2.8904,2.8911,2.8957,2.8736,2.8474,2.8224,2.7922,2.7767,2.7585,2.7513,2.7531
"MESSAGEix-GLOBIOM-GAINS 2.1-M-R12","Low - SSP2 (Marker)","World","Climate Assessment|Effective Radiative Forcing|67th Percentile [MAGICC v7.6.0a3]","W/m^2",1,2.8229,2.8276,2.9005,2.9522,3.0288,3.0729,3.1149,3.1566,3.2039,3.2468,3.2811,3.3116,3.3446,3.3866,3.4451,3.4734,3.5097,3.5107,3.5307,3.5322,3.5298,3.5258,3.5308,3.5423,3.5617,3.5986,3.6247,3.6548,3.6619,3.6482,3.6246,3.6191,3.6103,3.6025,3.602,3.6116,3.6279,3.6242,3.6194,3.6145,3.5887,3.5653,3.546,3.5316,3.5182,3.5114,3.5181,3.5264,3.5237,3.5047,3.478,3.4413,3.4179,3.3953,3.3704,3.3511,3.3314,3.3223,3.3199,3.3163,3.3116,3.2964,3.2787,3.2506,3.2297,3.1981,3.1712,3.1557,3.1416,3.1382,3.1383,3.1388,3.144,3.1225,3.0949,3.0655,3.0323,3.0099,2.9915,2.9857,2.9885
"MESSAGEix-GLOBIOM-GAINS 2.1-M-R12","Low - SSP2 (Marker)","World","Climate Assessment|Effective Radiative Forcing|Median [MAGICC v7.6.0a3]","W/m^2",1,2.6983,2.6998,2.7568,2.814,2.89,2.9419,2.9872,3.0282,3.0817,3.1181,3.1505,3.178,3.2098,3.2584,3.3122,3.3415,3.3832,3.3888,3.4099,3.4169,3.4129,3.409,3.4202,3.4312,3.4484,3.4858,3.5072,3.5376,3.5441,3.5243,3.5065,3.4972,3.4876,3.4795,3.4832,3.4989,3.5164,3.5141,3.5142,3.5077,3.4822,3.4581,3.4345,3.4191,3.4074,3.4003,3.4127,3.421,3.4191,3.4009,3.3713,3.3349,3.3087,3.2839,3.2577,3.2387,3.2173,3.2029,3.1991,3.1972,3.1887,3.1726,3.1523,3.1211,3.0984,3.0615,3.0364,3.0206,3.0072,3.0034,3.0059,3.0069,3.0126,2.9875,2.9551,2.9299,2.9024,2.8859,2.8687,2.8602,2.8567
"MESSAGEix-GLOBIOM-GAINS 2.1-M-R12","Low - SSP2 (Marker)","World","Climate Assessment|Harmonized and Infilled|Emissions|CH4","Mt CH4/yr",1,,,,363.4899013289108,363.1413345013366,362.8211780995736,354.5863034821009,346.31874182375765,338.0184931245441,329.6855573844599,321.3199346035053,317.1223359530684,312.9398913801332,308.7726008847,304.6204644667687,300.4834821263393,298.4481937252431,296.41056983729794,294.370610462504,292.328315600861,290.28368525236914,286.27506869377686,282.2820521772588,278.3046357028149,274.34281927044515,270.39660288014954,267.4701957965938,264.5485621680456,261.63170199450514,258.7196152759723,255.81230201244705,252.138410454084,248.4747898371685,244.82144016170065,241.1783614276804,237.54555363510767,233.0163646631596,228.4971948284137,223.98804413086995,219.4889125705284,214.99980014738892,211.93993199548095,208.8867872406435,205.84036588287657,202.80066792218008,199.7676933585542,196.74144219199877,193.7219144225138,190.7091100500994,187.70302907475556,184.70367149648217,183.13730234339585,181.5743891881287,180.01493203068063,178.4589308710517,176.906385709242,175.35729654525136,173.81166337907985,172.26948621072748,170.73076504019426,169.19549986748015,168.00341926225585,166.81133865703157,165.61925805180726,164.42717744658296,163.23509684135863,162.04301623613438,160.85093563091004,159.65885502568577,158.4667744204615,157.2746938152372,156.4901582939754,155.7056227727136,154.92108725145184,154.1365517301901,153.3520162089283,152.56748068766652,151.78294516640477,150.998409645143,150.21387412388123,149.42933860261945
"MESSAGEix-GLOBIOM-GAINS 2.1-M-R12","Low - SSP2 (Marker)","World","Climate Assessment|Harmonized and Infilled|Emissions|CO2","Mt CO2/yr",1,,,,42339.76770647963,42536.47258092392,42731.25892802239,41367.25949723755,40000.01945944402,38629.53881464178,37255.81756283085,35878.855704011214,34804.33527344574,33726.52536906924,32645.42599088174,31561.037138883228,30473.358813073704,29360.29096137989,28243.3829052574,27122.634644706217,25998.046179726363,24869.617510317818,23725.146083115666,22581.38361172128,21438.33009613465,20295.985536355787,19154.349932384685,17984.87623051236,16816.386987134258,15648.882202250366,14482.361875860688,13316.826007965228,12309.303608802673,11302.123573710778,10295.28590268955,9288.790595738988,8282.637652859086,7462.571225808708,6642.551262089135,5822.577761700366,5002.650724642403,4182.770150915241,3521.5136483632195,2860.075886491016,2198.4568652986254,1536.656584786052,874.6750449532965,212.51224580035523,-449.83181267276814,-1112.3571304660773,-1775.0637075795694,-2437.951544013244,-2817.33652378989,-3196.746119222136,-3576.180330309983,-3955.639157053433,-4335.122599452482,-4714.630657507134,-5094.163331217385,-5473.720620583238,-5853.302525604692,-6232.9090462817485,-6375.676296969225,-6518.443547656702,-6661.21079834418,-6803.978049031658,-6946.745299719137,-7089.512550406612,-7232.27980109409,-7375.047051781567,-7517.8143024690435,-7660.581553156522,-7832.18252011245,-8003.783487068378,-8175.384454024306,-8346.985420980236,-8518.586387936162,-8690.187354892092,-8861.78832184802,-9033.389288803948,-9204.990255759876,-9376.591222715804
"MESSAGEix-GLOBIOM-GAINS 2.1-M-R12","Low - SSP2 (Marker)","World","Climate Assessment|Harmonized and Infilled|Emissions|Kyoto Gases [AR6GWP100]","Mt CO2-equiv/yr",1,,,,57507.00308133636,57757.743859626695,58007.3590168594,56366.04975188793,54720.8356715448,53071.71677583004,51418.69306474362,49761.76453828552,48488.66065205484,47212.89555784531,45934.46925565696,44653.38174548978,43369.63302734377,42165.57296738352,40957.612007381154,39745.75014733668,38529.987387250105,37310.3237271214,36044.27626898594,34779.3882631549,33515.65970962827,32253.09060840608,30991.68095948831,29733.40635668066,28476.226836236336,27220.142398155327,25965.153042437632,24711.25876908325,23591.323801820112,22471.983926885998,21353.239144280906,20235.089454004847,19117.53485605781,18161.98419150767,17206.778424073833,16251.9175537563,15297.401580555068,14343.230504470135,13587.1550855043,12831.084491820116,12075.018723417568,11318.957780296669,10562.901662457412,9806.8503698998,9050.803902623831,8294.762260629508,7538.725443916828,6782.693452485796,6360.820645372707,5938.979624046751,5517.170388507924,5095.392938756226,4673.64727479166,4251.933396614221,3830.251304223913,3408.600997620736,2986.9824768046874,2565.395741775768,2387.185229889154,2208.974718002541,2030.7642061159268,1852.553694229312,1674.3431823426954,1496.132670456085,1317.9221585694693,1139.711646682857,961.5011347962438,783.2906229096285,587.0159632648317,390.74130362003297,194.46664397523557,-1.8080156695614136,-198.0826753143579,-394.35733495915673,-590.6319946039532,-786.9066542487502,-983.1813138935472,-1179.4559735383446
"MESSAGEix-GLOBIOM-GAINS 2.1-M-R12","Low - SSP2 (Marker)","World","Climate Assessment|Harmonized and Infilled|Emissions|N2O","kt N2O/yr",1,,,,11289.003670665752,11351.288258735654,11413.632025669132,11385.432487665745,11357.824937781808,11330.80937601732,11304.385802372286,11278.554216846698,11202.955684352017,11127.884593452249,11053.340944147392,10979.32473643745,10905.83597032242,10831.84782218264,10758.15707028606,10684.763714632678,10611.667755222496,10538.86919205552,10474.119217884578,10409.436331891484,10344.820534076238,10280.271824438834,10215.790202979284,10159.951829865084,10104.069023263575,10048.14178317476,9992.170109598634,9936.154002535195,9875.20029635205,9814.16813144772,9753.057507822214,9691.868425475524,9630.60088440766,9593.367823302142,9556.11150186561,9518.831920098066,9481.529077999512,9444.202975569946,9421.834682943816,9399.419288148769,9376.95679118479,9354.447192051895,9331.890490750076,9309.286687279333,9286.635781639665,9263.937773831076,9241.192663853562,9218.400451707128,9203.070942439232,9187.611010715998,9172.020656537425,9156.299879903503,9140.448680814245,9124.46705926964,9108.355015269695,9092.112548814408,9075.739659903778,9059.236348537808,9036.179324558563,9013.12230057932,8990.065276600079,8967.008252620833,8943.951228641588,8920.894204662345,8897.837180683102,8874.780156703859,8851.723132724615,8828.66610874537,8806.351579151384,8784.037049557392,8761.722519963403,8739.407990369415,8717.093460775424,8694.778931181438,8672.464401587447,8650.14987199346,8627.835342399469,8605.520812805482
"MESSAGEix-GLOBIOM-GAINS 2.1-M-R12","Low - SSP2 (Marker)","World","Climate Assessment|Surface Temperature (GSAT)|33rd Percentile [MAGICC v7.6.0a3]","°C",1,1.1491,1.1657,1.1865,1.2108,1.2382,1.2633,1.2859,1.3077,1.33,1.3528,1.3756,1.3926,1.4099,1.4307,1.4544,1.4757,1.4956,1.5104,1.5239,1.534,1.5424,1.5495,1.5571,1.5679,1.5777,1.5899,1.6036,1.6173,1.628,1.6352,1.6385,1.6398,1.6418,1.6422,1.6448,1.6495,1.6538,1.6572,1.6585,1.6594,1.6594,1.6564,1.6519,1.6503,1.647,1.645,1.6428,1.6432,1.6452,1.6447,1.64,1.634,1.6291,1.622,1.6145,1.6069,1.599,1.5923,1.5877,1.5851,1.582,1.5776,1.5738,1.5673,1.5605,1.5499,1.5394,1.5315,1.5244,1.5186,1.5155,1.5149,1.515,1.511,1.5027,1.4931,1.483,1.4729,1.4633,1.456,1.4513
"MESSAGEix-GLOBIOM-GAINS 2.1-M-R12","Low - SSP2 (Marker)","World","Climate Assessment|Surface Temperature (GSAT)|67th Percentile [MAGICC v7.6.0a3]","°C",1,1.2622,1.2817,1.3037,1.3308,1.3654,1.3965,1.4249,1.4534,1.4822,1.5119,1.5384,1.5625,1.5864,1.6127,1.6418,1.6671,1.6911,1.7126,1.7322,1.7486,1.7614,1.7727,1.7846,1.795,1.806,1.8213,1.8379,1.8553,1.8725,1.8817,1.8845,1.8867,1.8924,1.8967,1.902,1.9088,1.9182,1.9251,1.9312,1.9362,1.9396,1.9412,1.9394,1.9357,1.9341,1.9332,1.9346,1.9378,1.9401,1.9428,1.9424,1.9387,1.9334,1.9272,1.9218,1.9146,1.9074,1.901,1.896,1.8941,1.8941,1.8934,1.8899,1.8841,1.8768,1.8658,1.8565,1.8478,1.8398,1.836,1.8338,1.8334,1.8358,1.8344,1.8286,1.8193,1.8094,1.7995,1.7915,1.7859,1.7827
"MESSAGEix-GLOBIOM-GAINS 2.1-M-R12","Low - SSP2 (Marker)","World","Climate Assessment|Surface Temperature (GSAT)|Median [MAGICC v7.6.0a3]","°C",1,1.2035,1.2215,1.2429,1.2687,1.2964,1.3244,1.3519,1.3786,1.4046,1.4322,1.458,1.4793,1.5003,1.5225,1.5471,1.5702,1.593,1.6122,1.6307,1.6431,1.6565,1.6653,1.6743,1.6833,1.693,1.7072,1.7217,1.736,1.7483,1.7569,1.7608,1.7638,1.7661,1.7695,1.7733,1.7771,1.7854,1.7923,1.7981,1.8009,1.8011,1.8005,1.7974,1.7953,1.7937,1.7933,1.7941,1.7966,1.7986,1.7972,1.7948,1.788,1.7807,1.7738,1.766,1.7587,1.7507,1.7449,1.7416,1.739,1.7363,1.7326,1.7278,1.7215,1.7144,1.7054,1.6956,1.6881,1.6807,1.6755,1.6728,1.6719,1.6719,1.6703,1.6656,1.6583,1.6493,1.6411,1.6322,1.625,1.621
"MESSAGEix-GLOBIOM-GAINS 2.1-M-R12","Low-to-Negative - SSP2","World","Climate Assessment|Effective Radiative Forcing|33rd Percentile [MAGICC v7.6.0a3]","W/m^2",1,2.566,2.556,2.6284,2.6921,2.7725,2.8224,2.8579,2.8912,2.9447,2.9905,3.0259,3.0522,3.087,3.1439,3.2073,3.251,3.3132,3.3357,3.3671,3.3767,3.3802,3.3796,3.3894,3.4043,3.4269,3.4616,3.4875,3.5165,3.5245,3.5108,3.4848,3.4693,3.4537,3.4401,3.4365,3.4455,3.456,3.4478,3.4377,3.4261,3.3943,3.3651,3.3353,3.3146,3.2942,3.2818,3.2839,3.2861,3.277,3.2501,3.2164,3.1767,3.1446,3.1137,3.0783,3.0486,3.0165,2.9911,2.9717,2.9543,2.9326,2.9064,2.8748,2.8379,2.8008,2.7527,2.7108,2.6834,2.6569,2.6484,2.6397,2.6233,2.6137,2.5764,2.53,2.4862,2.4419,2.4102,2.3748,2.3523,2.3418
"MESSAGEix-GLOBIOM-GAINS 2.1-M-R12","Low-to-Negative - SSP2","World","Climate Assessment|Effective Radiative Forcing|67th Percentile [MAGICC v7.6.0a3]","W/m^2",1,2.8229,2.8276,2.9005,2.9522,3.0288,3.0694,3.1055,3.1398,3.1896,3.2279,3.2687,3.2999,3.3399,3.3908,3.454,3.4993,3.5625,3.5865,3.6088,3.6211,3.6278,3.6215,3.6324,3.6476,3.67,3.7118,3.7385,3.7654,3.7707,3.7553,3.7296,3.7112,3.6965,3.6848,3.68,3.6833,3.6859,3.6766,3.6737,3.6646,3.6276,3.5976,3.5746,3.5518,3.5327,3.5219,3.527,3.5232,3.5136,3.4898,3.4559,3.4192,3.3826,3.3477,3.3126,3.2802,3.2494,3.2277,3.2087,3.1929,3.1752,3.1489,3.1171,3.0755,3.0431,3.0009,2.9628,2.9329,2.9048,2.8869,2.8763,2.8558,2.8449,2.8081,2.7587,2.7183,2.6739,2.6389,2.6034,2.5799,2.5655
"MESSAGEix-GLOBIOM-GAINS 2.1-M-R12","Low-to-Negative - SSP2","World","Climate Assessment|Effective Radiative Forcing|Median [MAGICC v7.6.0a3]","W/m^2",1,2.6983,2.6998,2.7568,2.814,2.89,2.9378,2.9732,3.0119,3.0589,3.0971,3.1344,3.1652,3.2057,3.2542,3.3193,3.3676,3.4321,3.4551,3.4807,3.4912,3.5003,3.5053,3.5169,3.5366,3.5572,3.5947,3.6188,3.6419,3.6496,3.6349,3.602,3.5841,3.5687,3.5551,3.5533,3.5673,3.5752,3.5632,3.5549,3.5446,3.5128,3.4836,3.455,3.4386,3.4222,3.4083,3.4107,3.4107,3.4023,3.3754,3.3402,3.3032,3.2692,3.236,3.1997,3.1669,3.1371,3.1105,3.0899,3.0697,3.0479,3.017,2.9841,2.9442,2.9116,2.8649,2.8302,2.8002,2.7733,2.7567,2.7473,2.73,2.7198,2.6806,2.6338,2.5897,2.5448,2.5122,2.4767,2.4542,2.441
"MESSAGEix-GLOBIOM-GAINS 2.1-M-R12","Low-to-Negative - SSP2","World","Climate Assessment|Harmonized and Infilled|Emissions|CH4","Mt CH4/yr",1,,,,363.4899013289108,363.1413345013366,362.8211780995736,360.1023765903335,357.4090051258784,354.74106370620814,352.0985523313228,349.4814710012224,350.21082794496454,350.9783111225468,351.7839205339692,352.6276561792316,353.5095180583341,343.2782546793273,332.9751499049332,322.6002037351518,312.1534161699832,301.63478720942726,297.09928854045575,292.57877955935214,288.0732602661164,283.58273066074844,279.10719074324845,273.60420546660083,268.1037665296394,262.60587393236426,257.11052767477526,251.61772775687243,245.50315037989876,239.3918663919296,233.283875792965,227.17917858300493,221.0777747620496,217.65495643456865,214.23128924327304,210.8067731881628,207.38140826923785,203.9551944864983,200.5457965428606,197.14644961436457,193.75715370101025,190.37790880279755,187.00871491972657,183.6495720517973,180.30048019900963,176.9614393613637,173.63244953885942,170.31351073149685,167.8616373682505,165.41705715040374,162.97977007795663,160.5497761509091,158.1270753692612,155.71166773301292,153.30355324216424,150.90273189671518,148.50920369666576,146.12296864201593,144.27460214941638,142.42623565681686,140.5778691642173,138.7295026716178,136.88113617901828,135.03276968641873,133.1844031938192,131.33603670121968,129.48767020862016,127.63930371602063,126.59722461749466,125.55514551896871,124.51306642044278,123.47098732191682,122.42890822339086,121.38682912486492,120.34475002633896,119.302670927813,118.26059182928704,117.21851273076108
"MESSAGEix-GLOBIOM-GAINS 2.1-M-R12","Low-to-Negative - SSP2","World","Climate Assessment|Harmonized and Infilled|Emissions|CO2","Mt CO2/yr",1,,,,42339.76770647963,42539.48940316261,42737.75240391932,42079.33427680156,41420.87026817597,40762.36037804256,40103.80460640131,39445.20295325223,39103.6299969258,38759.0324566589,38411.41033245158,38060.7636243038,37707.09233221559,35722.363061845776,33738.749047310506,31756.250288609783,29774.866785743605,27794.59853871196,26215.126772303985,24636.7162580208,23059.36699586241,21483.078985828823,19907.85222792004,18442.425521261823,16976.8430003051,15511.104665049872,14045.210515496145,12579.160551643909,11611.55276384419,10642.350537268248,9671.553871916076,8699.162767787679,7725.177224883055,7001.871174369954,6278.045361380694,5553.699785915271,4828.834447973683,4103.449347555935,3181.5573934343147,2259.540881941746,1337.3998130782363,415.1341868437812,-507.2559967616198,-1429.7707377379647,-2352.4100360852544,-3275.1738918034875,-4198.062304892666,-5121.075275352789,-6403.931048418879,-7686.54628012779,-8968.920970479525,-10251.055119474076,-11532.948727111452,-12814.60179339165,-14096.014318314668,-15377.186301880503,-16658.11774408917,-17938.808644940647,-18119.77409828818,-18300.739551635717,-18481.705004983243,-18662.670458330776,-18843.635911678302,-19024.60136502584,-19205.56681837337,-19386.5322717209,-19567.49772506843,-19748.46317841596,-19831.02733680541,-19913.591495194865,-19996.15565358432,-20078.71981197377,-20161.283970363223,-20243.848128752677,-20326.412287142128,-20408.976445531574,-20491.54060392103,-20574.10476231048
"MESSAGEix-GLOBIOM-GAINS 2.1-M-R12","Low-to-Negative - SSP2","World","Climate Assessment|Harmonized and Infilled|Emissions|Kyoto Gases [AR6GWP100]","Mt CO2-equiv/yr",1,,,,57507.00308133636,57760.09635246376,58012.52383395307,57243.87235220166,56476.08075298018,55709.14820320462,54943.07470287496,54177.86019702181,53876.05974233292,53572.412098694585,53266.91893227491,52959.57935502041,52650.39269875528,50250.88217874105,47850.55170781479,45449.40206409116,43047.43319260075,40644.64598139698,38925.05512090414,37206.969122533774,35490.38648502596,33775.30804146476,32061.734460026026,30413.332482083995,28764.86528206041,27116.332136810008,25467.73226821814,23819.06728748348,22668.65361388287,21516.73411347698,20363.30795318178,19208.374354882624,18051.93487480881,17224.883937990853,16397.30403321584,15569.195050545002,14740.557044947716,13911.39084950802,12886.093585364544,11860.976729395305,10836.04028160031,9811.284241979554,8786.708610533038,7762.314165375412,6738.100128392027,5714.066499582884,4690.21327894798,3666.54046648732,2305.8562938219893,945.6239171538732,-414.155885402382,-1773.484615106679,-3132.3616037831503,-4490.78601834776,-5848.758636915155,-7206.2786264013,-8563.347652974266,-9919.964828580629,-10165.460003444978,-10410.955956423975,-10656.451076318936,-10901.947029297931,-11147.442149192892,-11392.92487422289,-11638.407599252883,-11883.890269313491,-12129.372994343492,-12374.855719373489,-12496.708316055105,-12618.560079652692,-12740.412676334308,-12862.264439931898,-12984.117036613516,-13105.969578325748,-13227.82217500737,-13349.6747167196,-13471.526535286572,-13593.379076998806
"MESSAGEix-GLOBIOM-GAINS 2.1-M-R12","Low-to-Negative - SSP2","World","Climate Assessment|Harmonized and Infilled|Emissions|N2O","kt N2O/yr",1,,,,11289.003670665752,11351.288258735654,11413.632025669132,11436.406280130745,11459.515688721562,11482.960251441584,11506.739968290813,11530.854839269245,11535.17480336923,11539.772278316745,11544.647264111789,11549.799760754362,11555.229768244466,11405.880950815406,11257.089027098922,11108.853997095017,10961.175860803682,10814.054618224927,10742.504483565564,10671.00766915191,10599.564174983963,10528.174001061723,10456.837147385197,10395.984441023998,10335.075958571084,10274.111700026451,10213.091665390102,10152.015854662037,10085.152194504351,10018.30984179969,9951.48879654804,9884.689058749407,9817.910628403792,9773.564176551354,9729.264041957227,9685.010224621425,9640.802724543928,9596.641541724748,9552.563771121337,9508.548291805511,9464.59510377728,9420.704207036635,9376.875601583586,9333.109287418123,9289.405264540252,9245.763532949974,9202.18409264728,9158.666943632184,9110.846806063671,9063.05618644797,9015.295084785068,8967.563501074968,8919.861435317673,8872.188887513179,8824.545857661486,8776.932345762598,8729.348351816512,8681.793875823229,8627.955354622898,8574.116833422568,8520.278312222237,8466.439791021909,8412.601269821576,8358.762748621248,8304.924227420915,8251.085706220587,8197.247185020255,8143.408663819924,8102.672322958097,8061.935982096265,8021.19964123444,7980.46330037261,7939.726959510782,7898.990618648954,7858.254277787126,7817.517936925297,7776.781596063469,7736.045255201639
"MESSAGEix-GLOBIOM-GAINS 2.1-M-R12","Low-to-Negative - SSP2","World","Climate Assessment|Surface Temperature (GSAT)|33rd Percentile [MAGICC v7.6.0a3]","°C",1,1.1491,1.1657,1.1865,1.2108,1.2382,1.263,1.2845,1.3037,1.3249,1.3463,1.3674,1.3877,1.4073,1.4277,1.4521,1.4775,1.5038,1.5273,1.5472,1.5621,1.5751,1.5851,1.5933,1.6057,1.6172,1.6311,1.645,1.6599,1.6728,1.6805,1.6841,1.6838,1.6851,1.685,1.684,1.687,1.6904,1.691,1.6905,1.6912,1.6875,1.6818,1.6746,1.668,1.6628,1.6579,1.6573,1.6556,1.6554,1.6512,1.6442,1.6348,1.6254,1.6133,1.6041,1.5911,1.5771,1.565,1.5557,1.5483,1.542,1.5334,1.5228,1.5117,1.4981,1.4823,1.4658,1.4537,1.4414,1.4294,1.4172,1.4077,1.3988,1.3896,1.3755,1.3602,1.3421,1.3248,1.3096,1.2963,1.2858
"MESSAGEix-GLOBIOM-GAINS 2.1-M-R12","Low-to-Negative - SSP2","World","Climate Assessment|Surface Temperature (GSAT)|67th Percentile [MAGICC v7.6.0a3]","°C",1,1.2622,1.2817,1.3037,1.3308,1.3654,1.3957,1.4234,1.4506,1.4775,1.5042,1.5315,1.5561,1.5804,1.6061,1.636,1.6659,1.6967,1.7246,1.7494,1.7706,1.7902,1.8053,1.8209,1.8351,1.8503,1.868,1.8855,1.9027,1.9201,1.9332,1.9387,1.9404,1.9406,1.943,1.9454,1.9513,1.9592,1.9649,1.97,1.9708,1.9719,1.9732,1.968,1.9638,1.9584,1.955,1.9531,1.9522,1.9513,1.9507,1.9463,1.9375,1.9296,1.92,1.9106,1.8988,1.8876,1.8772,1.8666,1.8605,1.8537,1.8456,1.8341,1.8205,1.8059,1.7898,1.7733,1.7593,1.7467,1.7344,1.7259,1.7192,1.7126,1.7028,1.6913,1.6754,1.6572,1.6407,1.6232,1.6076,1.5959
"MESSAGEix-GLOBIOM-GAINS 2.1-M-R12","Low-to-Negative - SSP2","World","Climate Assessment|Surface Temperature (GSAT)|Median [MAGICC v7.6.0a3]","°C",1,1.2035,1.2215,1.2429,1.2687,1.2964,1.3239,1.3496,1.3745,1.3982,1.4225,1.4469,1.4698,1.4917,1.5176,1.5437,1.5714,1.6015,1.6268,1.648,1.6672,1.6821,1.6972,1.7081,1.7192,1.7325,1.7502,1.7692,1.7846,1.7952,1.8035,1.8072,1.8092,1.8108,1.8105,1.8115,1.8128,1.8175,1.8219,1.8277,1.8311,1.8303,1.8266,1.8219,1.8184,1.8151,1.8111,1.8097,1.8092,1.8085,1.8054,1.7993,1.7914,1.7803,1.7694,1.7577,1.7459,1.7303,1.7196,1.71,1.7013,1.6929,1.6828,1.6725,1.6597,1.648,1.6341,1.6185,1.6028,1.5891,1.5775,1.5688,1.5593,1.5515,1.5407,1.5252,1.5092,1.4923,1.4763,1.4611,1.4469,1.435
"MESSAGEix-GLOBIOM-GAINS 2.1-M-R12","Low-to-Negative - SSP4","World","Climate Assessment|Effective Radiative Forcing|33rd Percentile [MAGICC v7.6.0a3]","W/m^2",1,2.566,2.556,2.6284,2.6917,2.771,2.8242,2.8664,2.9159,2.9805,3.0261,3.0652,3.0952,3.1341,3.1871,3.2565,3.2953,3.3491,3.3727,3.4053,3.4192,3.4272,3.4362,3.4531,3.4727,3.5019,3.5433,3.5726,3.6112,3.6234,3.6154,3.5944,3.5793,3.5688,3.5598,3.5619,3.5739,3.5802,3.5733,3.5649,3.5584,3.5303,3.5094,3.4854,3.4646,3.4448,3.4344,3.4362,3.4339,3.4278,3.4059,3.3741,3.327,3.2951,3.2669,3.2302,3.1974,3.1652,3.1389,3.1199,3.1004,3.0691,3.0245,2.9809,2.9284,2.8828,2.8233,2.7748,2.7332,2.6924,2.6666,2.656,2.6353,2.6199,2.5751,2.5263,2.4761,2.4244,2.3894,2.3476,2.3215,2.3095
"MESSAGEix-GLOBIOM-GAINS 2.1-M-R12","Low-to-Negative - SSP4","World","Climate Assessment|Effective Radiative Forcing|67th Percentile [MAGICC v7.6.0a3]","W/m^2",1,2.8229,2.8276,2.9005,2.9518,3.0279,3.0715,3.114,3.1555,3.2094,3.2597,3.3041,3.337,3.377,3.4313,3.4925,3.5406,3.5961,3.6197,3.6508,3.6633,3.6769,3.6823,3.6985,3.7197,3.7459,3.7905,3.8209,3.8584,3.8653,3.8546,3.8352,3.8215,3.8096,3.8006,3.8048,3.812,3.8207,3.8135,3.8045,3.79,3.7598,3.7398,3.7154,3.698,3.6809,3.6687,3.6759,3.6827,3.6773,3.6489,3.6161,3.57,3.5382,3.5093,3.472,3.4387,3.4042,3.378,3.3567,3.3354,3.3053,3.2634,3.2205,3.1654,3.1175,3.0574,3.0079,2.9691,2.9295,2.9057,2.8842,2.8635,2.8479,2.8075,2.759,2.711,2.6644,2.6272,2.5917,2.5654,2.544
"MESSAGEix-GLOBIOM-GAINS 2.1-M-R12","Low-to-Negative - SSP4","World","Climate Assessment|Effective Radiative Forcing|Median [MAGICC v7.6.0a3]","W/m^2",1,2.6983,2.6998,2.7568,2.8137,2.8889,2.9401,2.9856,3.029,3.0882,3.1349,3.1749,3.2068,3.2519,3.3039,3.3669,3.4094,3.4678,3.4895,3.5214,3.5333,3.5486,3.5647,3.5861,3.6053,3.6307,3.6757,3.7027,3.7342,3.7493,3.7406,3.7189,3.7057,3.693,3.6807,3.6852,3.6953,3.7032,3.6969,3.6925,3.6821,3.65,3.6239,3.5959,3.5785,3.5636,3.5568,3.5611,3.5629,3.5561,3.5332,3.5003,3.4591,3.4262,3.3937,3.3576,3.3286,3.2945,3.2646,3.2457,3.2187,3.1864,3.1398,3.0922,3.0383,2.9897,2.9331,2.8874,2.8434,2.8019,2.7729,2.7554,2.7328,2.7179,2.6753,2.6249,2.5753,2.5258,2.4895,2.4507,2.4256,2.4042
"MESSAGEix-GLOBIOM-GAINS 2.1-M-R12","Low-to-Negative - SSP4","World","Climate Assessment|Harmonized and Infilled|Emissions|CH4","Mt CH4/yr",1,,,,363.4899013289108,363.5043068826112,363.5460845199525,362.97682179515766,362.43111042280304,361.9089504028888,361.41034173541465,360.9352844203808,360.0720168243239,359.2143328954557,358.3622326337764,357.515716039286,356.6747831119842,355.0204275616968,353.3638387172364,351.7050165786029,350.0439611457964,348.38067241881686,343.63983117437004,338.891377911946,334.1353126315448,329.37163533316647,324.60034601681093,319.70585612774295,314.8097956541171,309.91216459593346,305.012962953192,300.1121907258926,296.3709456381363,292.61958646484163,288.85811320600874,285.0865258616376,281.3048244317281,278.02504752996424,274.7376433043507,271.4426117548874,268.1399528815746,264.829666684412,262.7195866166554,260.618793169559,258.5272863431229,256.44506613734706,254.3721325522315,252.3084855877762,250.2541252439812,248.2090515208465,246.173264418372,244.14676393655785,241.5878853829173,239.0359914027844,236.49108199615904,233.95315716304123,231.42221690343092,228.8982612173283,226.38129010473315,223.8713035656456,221.36830160006565,218.87228420799323,217.26323514638727,215.65418608478137,214.04513702317544,212.4360879615695,210.8270388999636,209.21798983835765,207.60894077675172,205.9998917151458,204.39084265353983,202.78179359193396,201.6870518923852,200.5923101928364,199.49756849328764,198.4028267937389,197.30808509419015,196.2133433946414,195.11860169509268,194.02385999554392,192.9291182959952,191.8343765964464
"MESSAGEix-GLOBIOM-GAINS 2.1-M-R12","Low-to-Negative - SSP4","World","Climate Assessment|Harmonized and Infilled|Emissions|CO2","Mt CO2/yr",1,,,,42339.76770647963,42541.57067729212,42741.3571055521,42051.00024078175,41358.27372445066,40663.17755655888,39965.7117371064,39265.8762660932,38883.51655859928,38494.00719554335,38097.34817692544,37693.53950274553,37282.58117300362,36042.73263257934,34801.7875724607,33559.745992647666,32316.60789314026,31072.373273938472,29584.82409944042,28099.18013567032,26615.44138262816,25133.607840313965,23653.679508727728,22224.26051932031,20795.762627447948,19368.18583311064,17941.530136308393,16515.7955370412,15244.53178809843,13974.369347065363,12705.308213942004,11437.348388728347,10170.489871424395,8720.629985167212,7271.2102829906335,5822.230764894661,4373.691430879295,2925.592280944533,1666.6620159720924,407.9841554528002,-850.44130061334,-2108.6143522263324,-3366.534999386169,-4624.203242092859,-5881.619080346396,-7138.782514146787,-8395.693543494022,-9652.352168388108,-11316.848034575409,-12981.317215470124,-14645.759711072247,-16310.17552138177,-17974.56464639871,-19638.92708612305,-21303.2628405548,-22967.57190969397,-24631.85429354053,-26296.109992094516,-26229.00858805097,-26161.90718400744,-26094.805779963892,-26027.704375920363,-25960.602971876822,-25893.501567833293,-25826.400163789756,-25759.29875974621,-25692.19735570268,-25625.09595165914,-25632.833886638826,-25640.571821618498,-25648.309756598173,-25656.04769157785,-25663.785626557536,-25671.523561537208,-25679.261496516887,-25686.99943149657,-25694.737366476245,-25702.475301455925
"MESSAGEix-GLOBIOM-GAINS 2.1-M-R12","Low-to-Negative - SSP4","World","Climate Assessment|Harmonized and Infilled|Emissions|Kyoto Gases [AR6GWP100]","Mt CO2-equiv/yr",1,,,,57507.00308133636,57772.72468921202,58037.19160667192,57292.93015458247,56547.13885599986,55799.817655954736,55050.96655444707,54300.585551476885,53903.39418928267,53499.33646940379,53088.412446809685,52670.62201156154,52245.965273598136,50892.84627718819,49538.55034682396,48183.07681432953,46826.42484662088,45468.5959999273,43834.749061232826,42202.58513837249,40572.10350820103,38943.30328266503,37316.18612793257,35735.39258907601,34155.46187946265,32576.3955553218,30998.192893508192,29420.85378408305,28009.10227755191,26598.21389384825,25188.187964796198,23779.02360234234,22370.722472654736,20817.080765083698,19263.66566661047,17710.475730944527,16157.511681231135,14604.773462500903,13275.983719332296,11947.700691063204,10619.925155808283,9292.65711356753,7965.896564340952,6639.646675556512,5313.904224816858,3988.6692670913694,2663.9418573494404,1339.7218856522932,-407.9913036668737,-2155.4767840298678,-3902.736221604743,-5649.768005192817,-7396.573636054014,-9143.152500981829,-10889.505213182754,-12635.63104951154,-14381.529231853525,-16127.201371407396,-16113.160253166912,-16099.118356811798,-16085.0772935407,-16071.035397185582,-16056.994278945109,-16042.938431495728,-16028.881750962306,-16014.82590351292,-16000.770056063544,-15986.714153644769,-16036.629099558835,-16086.543990503504,-16136.458158302916,-16186.373049247586,-16236.287995161654,-16286.202941075706,-16336.11783202038,-16386.032777934448,-16435.946890764473,-16485.86183667853
"MESSAGEix-GLOBIOM-GAINS 2.1-M-R12","Low-to-Negative - SSP4","World","Climate Assessment|Harmonized and Infilled|Emissions|N2O","kt N2O/yr",1,,,,11289.003670665752,11352.088026492307,11415.220824486394,11465.01222130443,11515.163137490328,11565.67357304408,11616.543527965694,11667.773002255166,11675.117246548618,11682.738507907765,11690.636786332609,11698.812081823144,11707.26439437938,11663.706279240843,11620.468531031504,11577.551149751356,11534.954135400403,11492.67748797864,11423.50034408082,11354.33247160173,11285.17387054138,11216.024540899758,11146.88448267687,11082.813676786476,11018.70932642638,10954.571431596582,10890.39999229709,10826.1950085279,10755.522860015186,10684.874799701593,10614.250827587108,10543.650943671735,10473.075147955478,10421.17054680571,10369.272823109652,10317.381976867297,10265.498008078646,10213.6209167437,10169.650781175827,10125.644635881634,10081.60248086112,10037.524316114288,9993.410141641138,9949.259957441667,9905.073763515877,9860.851559863768,9816.59334648534,9772.299123380591,9727.530334655396,9682.75438450931,9637.97127294234,9593.18099995448,9548.383565545735,9503.578969716107,9458.767212465587,9413.948293794185,9369.122213701896,9324.288972188717,9294.973605157482,9265.658238126243,9236.342871095008,9207.027504063772,9177.712137032537,9148.396770001298,9119.08140297006,9089.766035938825,9060.45066890759,9031.135301876351,8989.52954558783,8947.923789299308,8906.318033010786,8864.712276722265,8823.10652043374,8781.50076414522,8739.895007856696,8698.289251568174,8656.68349527965,8615.077738991129
"MESSAGEix-GLOBIOM-GAINS 2.1-M-R12","Low-to-Negative - SSP4","World","Climate Assessment|Surface Temperature (GSAT)|33rd Percentile [MAGICC v7.6.0a3]","°C",1,1.1491,1.1657,1.1865,1.2107,1.238,1.2631,1.2856,1.3074,1.3304,1.3543,1.3799,1.4012,1.4194,1.4411,1.4692,1.4938,1.5198,1.5419,1.5606,1.5757,1.5908,1.6032,1.6162,1.6299,1.6431,1.661,1.678,1.6926,1.7083,1.7192,1.7273,1.731,1.7331,1.7336,1.7362,1.7427,1.7478,1.7502,1.752,1.7534,1.7514,1.7459,1.7398,1.7331,1.7271,1.7234,1.7238,1.7254,1.7269,1.724,1.7179,1.7081,1.6981,1.6879,1.6763,1.6654,1.6543,1.645,1.6346,1.6254,1.6162,1.6036,1.5875,1.5706,1.5511,1.5341,1.5138,1.4936,1.4749,1.4573,1.4444,1.4326,1.4223,1.4101,1.3936,1.3758,1.3568,1.3376,1.321,1.3042,1.2902
"MESSAGEix-GLOBIOM-GAINS 2.1-M-R12","Low-to-Negative - SSP4","World","Climate Assessment|Surface Temperature (GSAT)|67th Percentile [MAGICC v7.6.0a3]","°C",1,1.2622,1.2817,1.3037,1.3307,1.3653,1.3962,1.4247,1.4539,1.4831,1.5136,1.5436,1.5705,1.5954,1.6255,1.6563,1.6872,1.7179,1.7442,1.7702,1.7927,1.812,1.8296,1.8479,1.865,1.8819,1.9022,1.9237,1.9449,1.9627,1.9768,1.9843,1.9891,1.9963,1.9977,2.0043,2.0118,2.0199,2.0253,2.0295,2.0344,2.0373,2.0359,2.0316,2.0295,2.0284,2.0284,2.0316,2.0345,2.033,2.0333,2.0298,2.022,2.0143,2.0038,1.9944,1.9844,1.9725,1.9594,1.9494,1.9415,1.9351,1.9242,1.9094,1.8905,1.8711,1.8492,1.8303,1.809,1.7901,1.7755,1.7606,1.7465,1.735,1.7225,1.7046,1.686,1.6665,1.647,1.6292,1.6102,1.595
"MESSAGEix-GLOBIOM-GAINS 2.1-M-R12","Low-to-Negative - SSP4","World","Climate Assessment|Surface Temperature (GSAT)|Median [MAGICC v7.6.0a3]","°C",1,1.2035,1.2215,1.2429,1.2687,1.2963,1.324,1.3515,1.3781,1.4051,1.4336,1.4621,1.484,1.5075,1.5336,1.5623,1.5906,1.619,1.643,1.6642,1.6849,1.7021,1.7178,1.7321,1.748,1.763,1.7805,1.799,1.8171,1.832,1.8445,1.8506,1.8548,1.8584,1.8613,1.8649,1.8709,1.8782,1.8844,1.8866,1.8877,1.8909,1.8903,1.8877,1.8843,1.8803,1.8772,1.8761,1.8796,1.8816,1.8786,1.8729,1.8638,1.8536,1.8431,1.8319,1.8213,1.8083,1.7969,1.7867,1.7781,1.7655,1.7508,1.7353,1.7174,1.7026,1.6806,1.6609,1.6416,1.6222,1.6056,1.5915,1.5797,1.5695,1.555,1.5377,1.5198,1.5022,1.4829,1.4647,1.4475,1.432
"MESSAGEix-GLOBIOM-GAINS 2.1-M-R12","Low-to-Negative - SSP5","World","Climate Assessment|Effective Radiative Forcing|33rd Percentile [MAGICC v7.6.0a3]","W/m^2",1,2.566,2.556,2.6284,2.6926,2.7745,2.8262,2.8641,2.9119,2.9712,3.0161,3.055,3.0921,3.1318,3.1889,3.2482,3.3028,3.3774,3.4112,3.4508,3.4735,3.4888,3.4989,3.5206,3.5441,3.5709,3.6159,3.6499,3.685,3.6954,3.6874,3.6647,3.642,3.6267,3.6129,3.6132,3.6215,3.632,3.6228,3.6214,3.6164,3.5945,3.577,3.5599,3.5521,3.5433,3.5372,3.5545,3.5664,3.5693,3.5542,3.525,3.4852,3.4604,3.433,3.3998,3.3662,3.329,3.3015,3.2804,3.2575,3.2266,3.1839,3.1436,3.0947,3.0503,2.9985,2.9508,2.9099,2.8739,2.8454,2.8301,2.8069,2.7879,2.7446,2.6929,2.6405,2.59,2.5503,2.5146,2.4861,2.4697
"MESSAGEix-GLOBIOM-GAINS 2.1-M-R12","Low-to-Negative - SSP5","World","Climate Assessment|Effective Radiative Forcing|67th Percentile [MAGICC v7.6.0a3]","W/m^2",1,2.8229,2.8276,2.9005,2.9527,3.0302,3.0726,3.1116,3.1541,3.2062,3.2515,3.2967,3.334,3.3751,3.4302,3.4937,3.5453,3.6159,3.6486,3.6874,3.711,3.7262,3.7302,3.7486,3.7673,3.794,3.8381,3.8697,3.9017,3.9084,3.9025,3.8782,3.8588,3.8484,3.8377,3.8382,3.848,3.8632,3.8604,3.8591,3.8598,3.8389,3.819,3.8026,3.7937,3.7875,3.7866,3.8027,3.8167,3.8209,3.8065,3.7779,3.7446,3.7202,3.6908,3.6562,3.6236,3.5912,3.5646,3.539,3.5148,3.4821,3.4404,3.3978,3.3462,3.3004,3.2446,3.1952,3.1559,3.1216,3.0975,3.0824,3.0601,3.0408,2.9973,2.9453,2.8954,2.8443,2.8052,2.763,2.733,2.71
"MESSAGEix-GLOBIOM-GAINS 2.1-M-R12","Low-to-Negative - SSP5","World","Climate Assessment|Effective Radiative Forcing|Median [MAGICC v7.6.0a3]","W/m^2",1,2.6983,2.6998,2.7568,2.8145,2.8916,2.9418,2.9819,3.0255,3.0812,3.1242,3.1712,3.2055,3.2473,3.3017,3.3681,3.419,3.4947,3.5252,3.5626,3.5854,3.6001,3.6088,3.6255,3.6455,3.6764,3.7189,3.7481,3.7811,3.7937,3.7819,3.759,3.7433,3.7323,3.7228,3.7206,3.7346,3.7513,3.7471,3.7463,3.7441,3.7245,3.7077,3.6958,3.6899,3.6814,3.6794,3.6941,3.7013,3.706,3.6902,3.6631,3.6221,3.5921,3.5622,3.5272,3.4937,3.4574,3.4269,3.4059,3.383,3.352,3.3092,3.2646,3.2094,3.1611,3.1089,3.062,3.0233,2.985,2.9587,2.9398,2.916,2.8999,2.8515,2.7962,2.7456,2.6955,2.6538,2.615,2.5857,2.5683
"MESSAGEix-GLOBIOM-GAINS 2.1-M-R12","Low-to-Negative - SSP5","World","Climate Assessment|Harmonized and Infilled|Emissions|CH4","Mt CH4/yr",1,,,,363.4899013289108,363.6666223926719,363.86469607355394,364.5774205310197,365.31016907840393,366.0629417157066,366.8357384429278,367.6285592600674,366.2056350239114,364.80917261755496,363.4391720409982,362.0956332942407,360.778556377283,354.46756273065745,348.1532933810585,341.83574832848626,335.5149275729406,329.1908311144217,323.747834439445,318.30269115223143,312.85540125278106,307.4059647410938,301.9543816171696,296.1311548096398,290.302371785761,284.4680325455333,278.6281370889565,272.78268541603086,268.52696369433954,264.2622774365374,259.98862664262447,255.7060113126007,251.41443144646607,249.11455299170535,246.81653360972228,244.5203733005168,242.22607206408887,239.93362990043855,238.74490745794205,237.5655636295643,236.3955984153054,235.2350118151652,234.08380382914385,232.9419744572413,231.8095236994575,230.6864515557925,229.57275802624636,228.46844311081887,226.8187495676903,225.17443339699852,223.5354945987438,221.90193317292585,220.27374911954485,218.65094243860068,217.0335131300934,215.42146119402304,213.81478663038956,212.21348943919293,210.1372360929685,208.06098274674417,205.98472940051977,203.90847605429536,201.832222708071,199.7559693618466,197.6797160156222,195.6034626693978,193.52720932317345,191.45095597694905,189.96288485408675,188.4748137312245,186.98674260836225,185.4986714855,184.0106003626377,182.52252923977545,181.0344581169132,179.54638699405092,178.0583158711887,176.57024474832642
"MESSAGEix-GLOBIOM-GAINS 2.1-M-R12","Low-to-Negative - SSP5","World","Climate Assessment|Harmonized and Infilled|Emissions|CO2","Mt CO2/yr",1,,,,42339.76770647963,42528.1740471678,42713.48200770028,42229.637496107374,41742.01287274396,41250.60813761006,40755.42329070565,40256.45833203076,40226.102495446736,40175.39058984821,40104.32261523519,40012.89857160769,39901.1184589657,38056.59710472287,36200.782577604645,34333.67487761103,32455.27400474204,30565.579958997638,28758.776535686637,26953.67594225444,25150.278178701054,23348.58324502646,21548.591141230663,19846.82834057847,18147.58188071523,16450.851761640955,14756.63798335564,13064.940545859285,12213.40907796674,11362.644227855264,10512.645995524854,9663.41438097552,8814.949384207248,8320.957685552,7827.434961225203,7334.381211226861,6841.796435556968,6349.6806342155305,5319.72627333302,4290.075250239559,3260.727564935146,2231.6832174197807,1202.942207693468,174.50453575620213,-853.6297983920149,-1881.4607947511804,-2908.9884533212976,-3936.2127741023664,-6223.489330562955,-8510.848098013323,-10798.289076453468,-13085.812265883393,-15373.417666303096,-17661.105277712573,-19948.87510011183,-22236.727133500863,-24524.66137787968,-26812.677833248265,-26687.53440187834,-26562.35391845227,-26437.13638297004,-26311.881795431666,-26186.59015583712,-26061.261464186435,-25935.89572047958,-25810.492924716586,-25685.05307689743,-25559.57617702213,-25479.25643667815,-25398.93084206065,-25318.59939316964,-25238.262090005104,-25157.91893256706,-25077.5699208555,-24997.215054870427,-24916.854334611824,-24836.48776007972,-24756.115331274097
"MESSAGEix-GLOBIOM-GAINS 2.1-M-R12","Low-to-Negative - SSP5","World","Climate Assessment|Harmonized and Infilled|Emissions|Kyoto Gases [AR6GWP100]","Mt CO2-equiv/yr",1,,,,57507.00308133636,57760.750658844,58012.02531196981,57518.2556207223,57021.42753946104,56521.54023510202,56018.59370764519,55512.58790212121,55492.06115897726,55452.02776104368,55392.4870401446,55313.43810822659,55214.88263145774,53085.72005516511,50945.25084386671,48793.474164478495,46630.39012693925,44455.99789816492,42494.151807690425,40534.020839389406,38575.604883323096,36618.904049430246,34663.9182277721,32795.57823547828,30929.63505749086,29066.08880374863,27204.93936431281,25346.18684912217,24370.874283032736,23396.197492817,22422.15559042153,21448.74790767048,20475.97589085434,19913.64918546687,19351.967545271786,18790.931080207865,18230.539735305712,17670.793510565338,16600.079843331645,15530.006988067127,14460.574944771786,13391.783713445617,12323.633294088622,11256.122908586156,10189.25411316751,9123.02612971804,8057.438180123098,6992.491820611976,4647.9908890915885,2303.614737267293,-40.63657989151835,-2384.7637855301145,-4728.765433357968,-7072.64146840569,-9416.39344690258,-11760.02059073399,-14103.52289989992,-16446.900374400364,-16393.097899737655,-16339.25915113345,-16285.382517389053,-16231.46966467254,-16177.518981785208,-16123.517185808709,-16069.477614630776,-16015.401714541968,-15961.288039251736,-15907.13803505062,-15883.46007956538,-15859.776992951882,-15836.087328919604,-15812.392588728462,-15788.691161179771,-15764.9847124416,-15741.273132575172,-15717.554975289955,-15693.83096373124,-15670.10104292962
"MESSAGEix-GLOBIOM-GAINS 2.1-M-R12","Low-to-Negative - SSP5","World","Climate Assessment|Harmonized and Infilled|Emissions|N2O","kt N2O/yr",1,,,,11289.003670665752,11342.82835430723,11396.84653405146,11421.353316010543,11446.166783550154,11471.28693667029,11496.71377537095,11522.44729965214,11505.007682233045,11487.816548396362,11470.873898142085,11454.179731470213,11437.734048380757,11340.63475160329,11244.201783394616,11148.43514375474,11053.334832683651,10958.90085018136,10881.0556280909,10803.364175452572,10725.826492266388,10648.442578532338,10571.212434250428,10505.661326157408,10440.16754356493,10374.731086472995,10309.351954881606,10244.03014879076,10170.135232368188,10096.677872413484,10023.658068926648,9951.075821907682,9878.93113135658,9814.23026838703,9749.98379841909,9686.191721452764,9622.85403748805,9559.97074652495,9504.533568823024,9449.378512118012,9394.505576409909,9339.914761698714,9285.606067984432,9231.57949526706,9177.835043546598,9124.372712823046,9071.192503096405,9018.294414366675,8967.76106401006,8917.414691219197,8867.255295994084,8817.282878334725,8767.497438241116,8717.898975713262,8668.487490751157,8619.262983354802,8570.225453524201,8521.37490125935,8477.382394760347,8433.389888261345,8389.397381762343,8345.40487526334,8301.412368764339,8257.419862265335,8213.427355766335,8169.434849267331,8125.442342768329,8081.449836269327,8038.825755923932,7996.201675578536,7953.577595233141,7910.953514887745,7868.329434542349,7825.705354196956,7783.0812738515615,7740.457193506167,7697.833113160771,7655.209032815376
"MESSAGEix-GLOBIOM-GAINS 2.1-M-R12","Low-to-Negative - SSP5","World","Climate Assessment|Surface Temperature (GSAT)|33rd Percentile [MAGICC v7.6.0a3]","°C",1,1.1491,1.1657,1.1865,1.2108,1.2385,1.2636,1.2859,1.3067,1.3299,1.352,1.3773,1.4002,1.4192,1.4418,1.4708,1.4965,1.524,1.5479,1.57,1.5881,1.6035,1.6171,1.6331,1.6475,1.6596,1.6768,1.6951,1.7136,1.726,1.7358,1.7421,1.7455,1.7493,1.7497,1.7521,1.7551,1.7619,1.7647,1.7672,1.7705,1.7697,1.7684,1.7662,1.7646,1.7625,1.7622,1.764,1.7682,1.7722,1.7751,1.7753,1.77,1.7623,1.7545,1.7461,1.7362,1.7279,1.7182,1.7093,1.7014,1.6923,1.6816,1.6676,1.6515,1.6339,1.6139,1.5937,1.5748,1.5562,1.5392,1.5263,1.5168,1.5049,1.4906,1.4732,1.4568,1.437,1.4173,1.3958,1.3801,1.367
"MESSAGEix-GLOBIOM-GAINS 2.1-M-R12","Low-to-Negative - SSP5","World","Climate Assessment|Surface Temperature (GSAT)|67th Percentile [MAGICC v7.6.0a3]","°C",1,1.2622,1.2817,1.3037,1.3308,1.3657,1.3969,1.425,1.4541,1.4832,1.5108,1.542,1.5685,1.5943,1.6234,1.6547,1.6871,1.7188,1.7511,1.7798,1.8052,1.8275,1.8456,1.8651,1.8846,1.9043,1.9278,1.95,1.9725,1.9908,2.0062,2.0154,2.0225,2.0251,2.03,2.0357,2.0411,2.0483,2.0578,2.0647,2.0723,2.0758,2.0772,2.0776,2.0786,2.0811,2.084,2.0888,2.0952,2.1011,2.1047,2.105,2.1016,2.0957,2.0896,2.0808,2.0728,2.0627,2.0537,2.0446,2.0365,2.0278,2.0167,2.0034,1.9885,1.9707,1.9523,1.9326,1.9142,1.8965,1.8796,1.8659,1.8529,1.8436,1.8294,1.8101,1.7886,1.7688,1.7499,1.7331,1.7175,1.7026
"MESSAGEix-GLOBIOM-GAINS 2.1-M-R12","Low-to-Negative - SSP5","World","Climate Assessment|Surface Temperature (GSAT)|Median [MAGICC v7.6.0a3]","°C",1,1.2035,1.2215,1.2429,1.2688,1.2966,1.3246,1.3514,1.3773,1.4042,1.4299,1.4588,1.482,1.5057,1.5326,1.5632,1.5916,1.6207,1.6491,1.6761,1.7,1.7191,1.7349,1.7491,1.7639,1.7801,1.7988,1.8197,1.8391,1.8562,1.8683,1.876,1.8801,1.883,1.884,1.8883,1.8963,1.9043,1.9113,1.9174,1.9231,1.9241,1.9204,1.9189,1.9169,1.9176,1.9191,1.9229,1.9282,1.9334,1.9378,1.9396,1.9354,1.9333,1.9279,1.9205,1.9132,1.9053,1.8958,1.8847,1.8723,1.8607,1.8486,1.835,1.8176,1.7999,1.779,1.7602,1.7412,1.7237,1.7088,1.6962,1.685,1.6753,1.663,1.6439,1.6236,1.6054,1.5866,1.5684,1.5507,1.5358
"MESSAGEix-GLOBIOM-GAINS 2.1-M-R12","Medium - SSP2","World","Climate Assessment|Effective Radiative Forcing|33rd Percentile [MAGICC v7.6.0a3]","W/m^2",1,2.566,2.556,2.6284,2.6925,2.774,2.8237,2.8596,2.8942,2.9482,2.9942,3.0276,3.0503,3.0812,3.1357,3.198,3.2374,3.2848,3.3111,3.3489,3.3681,3.3852,3.4084,3.4381,3.4711,3.5127,3.5702,3.6175,3.67,3.7008,3.7135,3.7185,3.7341,3.7541,3.7766,3.8118,3.8633,3.9182,3.9507,3.9882,4.0225,4.0423,4.0654,4.0892,4.1202,4.1546,4.1938,4.2535,4.3078,4.3508,4.3824,4.4,4.4079,4.4268,4.4494,4.4686,4.495,4.5184,4.5561,4.6032,4.6444,4.6792,4.7102,4.7388,4.7538,4.7763,4.7885,4.81,4.8402,4.873,4.9154,4.9645,5.0099,5.0593,5.0834,5.0989,5.1188,5.1361,5.1644,5.1922,5.2311,5.2815
"MESSAGEix-GLOBIOM-GAINS 2.1-M-R12","Medium - SSP2","World","Climate Assessment|Effective Radiative Forcing|67th Percentile [MAGICC v7.6.0a3]","W/m^2",1,2.8229,2.8276,2.9005,2.9526,3.0297,3.0706,3.1068,3.1413,3.1912,3.2292,3.2696,3.2978,3.3372,3.3857,3.4472,3.4907,3.5404,3.5662,3.6016,3.6175,3.6376,3.6573,3.6894,3.7269,3.7706,3.8274,3.8802,3.9363,3.9682,3.9841,3.9912,4.0134,4.0342,4.0587,4.0939,4.1424,4.1946,4.2288,4.2635,4.299,4.3152,4.338,4.3647,4.3973,4.429,4.4691,4.5243,4.5795,4.6284,4.6652,4.6829,4.6998,4.7256,4.7485,4.771,4.7961,4.8232,4.8584,4.9023,4.9504,4.9932,5.0239,5.0505,5.0693,5.0948,5.1072,5.1289,5.1604,5.1923,5.2382,5.295,5.3443,5.3999,5.4256,5.4387,5.4617,5.4878,5.5193,5.5509,5.5968,5.6485
"MESSAGEix-GLOBIOM-GAINS 2.1-M-R12","Medium - SSP2","World","Climate Assessment|Effective Radiative Forcing|Median [MAGICC v7.6.0a3]","W/m^2",1,2.6983,2.6998,2.7568,2.8143,2.8911,2.9394,2.9745,3.0141,3.061,3.0998,3.1356,3.163,3.1995,3.248,3.3123,3.3549,3.4078,3.4314,3.4701,3.4899,3.5085,3.5307,3.5633,3.6022,3.6452,3.7045,3.7556,3.8095,3.8425,3.8563,3.8608,3.8801,3.8986,3.9211,3.9552,3.9994,4.0503,4.0828,4.1172,4.1522,4.1708,4.197,4.2196,4.2468,4.2798,4.3197,4.3797,4.4334,4.4688,4.4979,4.5195,4.5342,4.5552,4.579,4.6031,4.6307,4.6559,4.6915,4.7345,4.7811,4.8229,4.8537,4.8822,4.903,4.9263,4.9424,4.9629,4.9925,5.0251,5.0723,5.131,5.1764,5.2324,5.2553,5.2725,5.2889,5.3052,5.3361,5.3659,5.4088,5.4595
"MESSAGEix-GLOBIOM-GAINS 2.1-M-R12","Medium - SSP2","World","Climate Assessment|Harmonized and Infilled|Emissions|CH4","Mt CH4/yr",1,,,,363.4899013289108,363.3200810215092,363.1757942849115,360.27436226149155,357.39060850221006,354.52453300706713,351.6761357760628,348.845416809197,352.23558627306534,355.6567944465314,359.1090413295952,362.5923269222566,366.10665122451576,368.2091246521602,370.3197226445014,372.4384452015393,374.5652923232741,376.7002640097056,378.16948332494417,379.6535852993957,381.1525699330603,382.6664372259381,384.19518717802896,385.1667810783466,386.1388812203052,387.1114876039049,388.08460022914574,389.0582190960276,390.8859266823446,392.7123082952374,394.5373639347061,396.3610936007504,398.18349729337046,400.1134053586004,402.0320511648737,403.93943471219046,405.8355560005507,407.7204150299543,407.716729509423,407.7108873087854,407.7028884280418,407.6927328671919,407.680420626236,407.6659517051738,407.6493261040056,407.6305438227311,407.6096048613504,407.5865092198637,407.6708444054477,407.7557468253412,407.841216479544,407.927253368056,408.0138574908774,408.101028848008,408.18876743944816,408.2770732651975,408.3659463252563,408.4553866196243,410.0285423114957,411.60169800336695,413.1748536952383,414.7480093871097,416.32116507898087,417.8943207708522,419.46747646272354,421.0406321545949,422.61378784646615,424.1869435383375,428.11594153151896,432.04493952470045,435.973937517882,439.9029355110633,443.8319335042448,447.7609314974264,451.6899294906079,455.6189274837894,459.5479254769709,463.4769234701524
"MESSAGEix-GLOBIOM-GAINS 2.1-M-R12","Medium - SSP2","World","Climate Assessment|Harmonized and Infilled|Emissions|CO2","Mt CO2/yr",1,,,,42339.76770647963,42565.965015632704,42789.02739440753,42154.01441514171,41517.57485824045,40879.70872370374,40240.41601153159,39599.696721723965,39635.030927412976,39668.3207631558,39699.56622895243,39728.76732480288,39755.92405070714,39748.12481972133,39738.6803350808,39727.59059678559,39714.855604835655,39700.47535923102,39459.21451006604,39218.51426794402,38978.37463286498,38738.7956048289,38499.7771838358,38346.76096186667,38193.374513464565,38039.61783862946,37885.49093736137,37730.993809660285,37592.24952753005,37453.66700643585,37315.24624637767,37176.98724735554,37038.89000936943,37215.21187031285,37390.51073969641,37564.78661752013,37738.03950378398,37910.26939848799,37847.11260189685,37782.785323256045,37717.287562565536,37650.61931982536,37582.78059503548,37513.77138819591,37443.59169930666,37372.241528367726,37299.72087537911,37226.0297403408,37217.81572136842,37208.84279206914,37199.11095244294,37188.620202489845,37177.37054220984,37165.36197160293,37152.59449066911,37139.06809940839,37124.78279782075,37109.73858590622,37285.14826961591,37460.55795332559,37635.96763703528,37811.37732074497,37986.78700445465,38162.19668816434,38337.606371874026,38513.01605558372,38688.4257392934,38863.8354230031,39015.12023064,39166.40503827691,39317.68984591381,39468.97465355072,39620.25946118763,39771.54426882453,39922.82907646144,40074.11388409835,40225.39869173525,40376.68349937216
"MESSAGEix-GLOBIOM-GAINS 2.1-M-R12","Medium - SSP2","World","Climate Assessment|Harmonized and Infilled|Emissions|Kyoto Gases [AR6GWP100]","Mt CO2-equiv/yr",1,,,,57507.00308133636,57795.42343197045,58081.42969149011,57330.09247869784,56578.00106699866,55825.15545639257,55071.55564687957,54317.20163845965,54502.59832381855,54686.90526618202,54870.122465550055,55052.24992192266,55233.28763529983,55318.52449388266,55402.406301042975,55484.93305678081,55566.104761096125,55645.92141398894,55473.67784787552,55302.38710761558,55132.04919320912,54962.66410465613,54794.231841956615,54698.79490018264,54602.96678078576,54506.74748376593,54410.13700912318,54313.13535685752,54270.00849719438,54226.918557347046,54183.86553731548,54140.84943709972,54097.87025669973,54365.76664284594,54632.26047110122,54897.351741465565,55161.04045393896,55423.32660852144,55397.05070615145,55369.450766719,55340.526790224045,55310.27877666664,55278.70672604672,55245.892327163005,55211.75403023364,55176.291835258606,55139.50574223793,55101.3957511716,55132.73232642786,55163.24540214566,55192.93497832499,55221.80105496588,55249.84363206831,55276.78999093744,55302.912398791486,55328.21085563046,55352.68536145433,55376.33591626312,55629.420037861964,55882.50415946079,56135.58828105964,56388.67240265847,56641.7565242573,56895.08384079696,57148.41115733661,57401.73847387628,57655.06579041592,57908.393106955584,58191.65734507345,58474.92158319133,58758.18582130919,59041.45005942707,59324.71429754494,59608.786333981,59892.85837041709,60176.93040685316,60461.00244328922,60745.07447972529
"MESSAGEix-GLOBIOM-GAINS 2.1-M-R12","Medium - SSP2","World","Climate Assessment|Harmonized and Infilled|Emissions|N2O","kt N2O/yr",1,,,,11289.003670665752,11350.830273910356,11412.736245864024,11435.816108699242,11459.200958201853,11482.890794371851,11506.885617209246,11531.18542671403,11584.822568468757,11638.599839740507,11692.517240529274,11746.574770835068,11800.772430657877,11841.51113501746,11882.356990792689,11923.30999798355,11964.370156590052,12005.53746661219,12024.582677323677,12043.503403416387,12062.299644890329,12080.971401745492,12099.51867398189,12116.133356610204,12132.620868250291,12148.981208902143,12165.214378565774,12181.320377241163,12175.741281824716,12169.919344823424,12163.854566237294,12157.546946066324,12150.996484310512,12163.849708142385,12176.47820323856,12188.881969599026,12201.061007223794,12213.015316112856,12207.104537700605,12200.873074289251,12194.3209258788,12187.448092469243,12180.25457406059,12172.740370652831,12164.905482245977,12156.749908840016,12148.273650434954,12139.47670703079,12122.78512350238,12105.854004497653,12088.68335001661,12071.273160059256,12053.623434625584,12035.734173715597,12017.605377329295,11999.237045466682,11980.62917812775,11961.781775312502,11947.014989503712,11932.24820369492,11917.48141788613,11902.71463207734,11887.94784626855,11873.18106045976,11858.414274650968,11843.647488842178,11828.880703033388,11814.113917224597,11801.741665789816,11789.369414355038,11776.997162920254,11764.624911485476,11752.252660050694,11739.880408615914,11727.508157181135,11715.135905746352,11702.763654311577,11690.391402876794
"MESSAGEix-GLOBIOM-GAINS 2.1-M-R12","Medium - SSP2","World","Climate Assessment|Surface Temperature (GSAT)|33rd Percentile [MAGICC v7.6.0a3]","°C",1,1.1491,1.1657,1.1865,1.2108,1.2384,1.2632,1.2849,1.3041,1.3254,1.3468,1.368,1.3875,1.407,1.4268,1.4508,1.4739,1.4994,1.521,1.5418,1.5598,1.574,1.5892,1.6054,1.622,1.6422,1.6649,1.6873,1.7134,1.7355,1.7536,1.7685,1.7825,1.7965,1.8104,1.8254,1.8442,1.8637,1.8829,1.9017,1.9221,1.9393,1.9538,1.9701,1.9864,2.0037,2.0227,2.0436,2.0666,2.0896,2.1109,2.1293,2.1436,2.1583,2.1734,2.1885,2.2033,2.2185,2.2352,2.2551,2.275,2.2945,2.3129,2.3306,2.3471,2.3629,2.3767,2.3908,2.4052,2.4216,2.4403,2.4619,2.4844,2.5085,2.5306,2.5475,2.5625,2.5775,2.5939,2.611,2.631,2.6543
"MESSAGEix-GLOBIOM-GAINS 2.1-M-R12","Medium - SSP2","World","Climate Assessment|Surface Temperature (GSAT)|67th Percentile [MAGICC v7.6.0a3]","°C",1,1.2622,1.2817,1.3037,1.3308,1.3656,1.3961,1.4237,1.4511,1.4784,1.5045,1.5323,1.556,1.5799,1.6049,1.6334,1.6629,1.6886,1.7161,1.7383,1.7626,1.7849,1.8053,1.8277,1.8471,1.869,1.8956,1.9241,1.9529,1.9798,2.0016,2.0193,2.0359,2.0529,2.0682,2.0869,2.1119,2.1402,2.1637,2.1883,2.2117,2.2325,2.2533,2.2755,2.2945,2.3155,2.3353,2.3621,2.3913,2.4215,2.4478,2.4713,2.4906,2.5082,2.5255,2.5424,2.5596,2.5771,2.598,2.6225,2.6471,2.671,2.6951,2.7195,2.7426,2.7647,2.7798,2.7953,2.814,2.8343,2.8581,2.8865,2.9158,2.9466,2.9723,2.9925,3.0104,3.0282,3.0475,3.0709,3.0959,3.1227
"MESSAGEix-GLOBIOM-GAINS 2.1-M-R12","Medium - SSP2","World","Climate Assessment|Surface Temperature (GSAT)|Median [MAGICC v7.6.0a3]","°C",1,1.2035,1.2215,1.2429,1.2688,1.2965,1.3242,1.35,1.3749,1.3988,1.4232,1.4475,1.4701,1.4909,1.5159,1.5417,1.5684,1.5948,1.6187,1.6413,1.6622,1.6808,1.6974,1.7165,1.7369,1.7589,1.7813,1.8036,1.8284,1.8531,1.873,1.888,1.9033,1.9174,1.9315,1.9496,1.9689,1.9918,2.0133,2.0338,2.054,2.0741,2.0944,2.1127,2.1297,2.1469,2.167,2.1911,2.2159,2.2404,2.2639,2.2846,2.3004,2.3181,2.3351,2.3519,2.3694,2.387,2.4055,2.4252,2.4465,2.4688,2.4914,2.5134,2.5327,2.5517,2.5672,2.5821,2.5992,2.618,2.6397,2.6639,2.6889,2.7161,2.7415,2.7646,2.7863,2.8076,2.8259,2.8447,2.8668,2.8901
"MESSAGEix-GLOBIOM-GAINS 2.1-M-R12","Medium-to-Low - SSP2","World","Climate Assessment|Effective Radiative Forcing|33rd Percentile [MAGICC v7.6.0a3]","W/m^2",1,2.566,2.556,2.6284,2.6921,2.7725,2.8224,2.8578,2.8912,2.9446,2.9904,3.0245,3.0499,3.0822,3.14,3.2004,3.2371,3.2808,3.3002,3.333,3.3479,3.3649,3.3892,3.4169,3.4457,3.4797,3.5326,3.5758,3.622,3.6473,3.6542,3.648,3.6565,3.6633,3.6785,3.7038,3.7424,3.7878,3.813,3.8362,3.8611,3.8643,3.8688,3.8734,3.8844,3.9026,3.9245,3.9648,3.9991,4.0229,4.0325,4.0314,4.0203,4.0221,4.0254,4.026,4.0267,4.0284,4.0409,4.0598,4.0763,4.0925,4.1048,4.1112,4.1041,4.1014,4.0893,4.0795,4.0811,4.0837,4.0969,4.1112,4.1165,4.1297,4.1095,4.0799,4.057,4.0294,4.0099,3.9921,3.9848,3.985
"MESSAGEix-GLOBIOM-GAINS 2.1-M-R12","Medium-to-Low - SSP2","World","Climate Assessment|Effective Radiative Forcing|67th Percentile [MAGICC v7.6.0a3]","W/m^2",1,2.8229,2.8276,2.9005,2.9522,3.0288,3.0694,3.1055,3.1398,3.1895,3.2278,3.2677,3.2976,3.3389,3.3888,3.4482,3.4905,3.5349,3.5589,3.5897,3.6007,3.6148,3.6378,3.665,3.6996,3.7363,3.789,3.8365,3.884,3.9099,3.9175,3.9162,3.9257,3.934,3.9438,3.9686,4.0049,4.0548,4.0783,4.1014,4.121,4.1245,4.1319,4.1378,4.1516,4.1657,4.1884,4.2271,4.2593,4.2853,4.294,4.294,4.2833,4.2866,4.2911,4.2937,4.2973,4.3072,4.3201,4.3408,4.3587,4.3745,4.3832,4.3911,4.3879,4.3893,4.3787,4.3698,4.3665,4.3725,4.3784,4.3991,4.4059,4.4152,4.3988,4.3754,4.3556,4.3294,4.3167,4.2992,4.2927,4.2935
"MESSAGEix-GLOBIOM-GAINS 2.1-M-R12","Medium-to-Low - SSP2","World","Climate Assessment|Effective Radiative Forcing|Median [MAGICC v7.6.0a3]","W/m^2",1,2.6983,2.6998,2.7568,2.814,2.89,2.9378,2.9731,3.0119,3.0588,3.097,3.1333,3.1618,3.2005,3.2494,3.3154,3.3549,3.4017,3.4244,3.4561,3.474,3.4904,3.5125,3.5409,3.5733,3.6109,3.6673,3.7096,3.7587,3.7876,3.7975,3.7878,3.7935,3.8024,3.8131,3.8343,3.8709,3.9125,3.9333,3.9599,3.9852,3.9869,3.9885,3.9959,4.0105,4.0265,4.0489,4.0894,4.1257,4.1495,4.1562,4.1594,4.1521,4.1556,4.1591,4.1602,4.164,4.1733,4.1862,4.2041,4.2278,4.2463,4.2593,4.2646,4.2548,4.2541,4.2371,4.2304,4.2342,4.2377,4.2467,4.2577,4.2656,4.2717,4.2533,4.2273,4.2053,4.1762,4.1555,4.1379,4.1312,4.1294
"MESSAGEix-GLOBIOM-GAINS 2.1-M-R12","Medium-to-Low - SSP2","World","Climate Assessment|Harmonized and Infilled|Emissions|CH4","Mt CH4/yr",1,,,,363.4899013289108,363.1413345013366,362.8211780995736,360.1023778662177,357.40900767764674,354.7410675338607,352.0985574348596,349.4814773806433,351.3928031877246,353.3388967138948,355.3197579591538,357.33538692350174,359.3857836069385,361.4038231152071,363.4291508900469,365.46176693145793,367.50167123944016,369.54886381399353,366.0824286132935,362.6024367000844,359.1088880743662,355.60178273613883,352.0811206854026,349.09746706334977,346.06215803834755,342.97519361039576,339.8365737794945,336.6462985456438,334.67774203299507,332.7094690464908,330.74147958613105,328.7737736519158,326.806351243845,325.37750077216083,323.9443911296505,322.507022316314,321.0653943321512,319.6195071771623,316.8287088657373,314.05042997534923,311.28467050599806,308.5314304576838,305.79070983040646,303.0625086241659,300.3468268389624,297.6436644747956,294.95302153166585,292.2748980095729,288.0305737635324,283.795369450736,279.56928507118363,275.35232062487535,271.1444761118112,266.94575153199105,262.75614688541503,258.57566217208307,254.4042973919952,250.24205254515147,246.60790434232035,242.9737561394892,239.33960793665813,235.705459733827,232.0713115309959,228.4371633281648,224.80301512533364,221.16886692250256,217.53471871967145,213.90057051684036,211.77903382686088,209.65749713688143,207.53596044690204,205.4144237569226,203.2928870669432,201.1713503769637,199.0498136869843,196.92827699700484,194.80674030702545,192.685203617046
"MESSAGEix-GLOBIOM-GAINS 2.1-M-R12","Medium-to-Low - SSP2","World","Climate Assessment|Harmonized and Infilled|Emissions|CO2","Mt CO2/yr",1,,,,42339.76770647963,42536.47258092392,42731.25892802239,42069.16045659598,41406.78795995496,40744.14143809932,40081.22089102908,39418.02631874422,39300.99445317656,39181.47112239949,39059.45632641305,38934.9500652172,38807.95233881198,38729.874978682026,38650.29021433697,38569.1980457768,38486.59847300151,38402.49149601111,37758.163452729976,37116.68996341485,36478.07102806572,35842.306646682584,35209.39681926544,34720.97462697962,34233.70084364354,33747.57546925723,33262.598503820685,32778.76994733388,32165.83468537561,31554.387606872508,30944.42871182458,30335.95800023183,29728.975472094266,29313.26830876789,28897.863566020373,28482.761243851688,28067.96134226184,27653.46386125083,27045.20389691459,26435.754815363263,25825.116616596864,25213.289300615383,24600.27286741882,23986.06731700718,23370.672649380453,22754.08886453865,22136.315962481767,21517.353943209804,20869.908936584827,20221.622007126203,19572.49315483394,18922.52237970804,18271.7096817485,17620.05506095531,16967.55851732848,16314.220050868023,15660.039661573916,15005.017349446174,14030.56346094263,13056.109572439089,12081.655683935543,11107.201795432,10132.74790692846,9158.294018424916,8183.840129921371,7209.386241417829,6234.9323529142885,5260.478464410746,4426.337331927749,3592.196199444752,2758.055066961757,1923.913934478761,1089.7728019957658,255.6316695127689,-578.509462970228,-1412.650595453223,-2246.79172793622,-3080.9328604192165
"MESSAGEix-GLOBIOM-GAINS 2.1-M-R12","Medium-to-Low - SSP2","World","Climate Assessment|Harmonized and Infilled|Emissions|Kyoto Gases [AR6GWP100]","Mt CO2-equiv/yr",1,,,,57507.00308133636,57757.743859626695,58007.3590168594,57232.69767345458,56458.6672357889,55685.26770386234,54912.49907767489,54140.36135722656,54105.43411821055,54069.07948093206,54031.29744539114,53992.088011587744,53951.4511795219,53958.20010869208,53963.7389332874,53968.06765330782,53971.18626875334,53973.09477962399,53180.29133476463,52389.94593758757,51602.058588092805,50816.62928628033,50033.65803215015,49448.09767233335,48862.25436013545,48276.12809555647,47689.7188785964,47103.02670925523,46417.08622571276,45732.62375790573,45049.63930583416,44368.132869498026,43688.10444889736,43229.93250117666,42771.92653085488,42314.08653793198,41856.41252240798,41398.90448428289,40705.7132698654,40011.65792527559,39316.73845051348,38620.95484557905,37924.3071104723,37226.79524519324,36528.41924974187,35829.179124118185,35129.074868322175,34428.106482353855,33636.34466102524,32843.828006666125,32050.55651927653,31256.530198856453,30461.7490454059,29666.213058924845,28869.92223941331,28072.8765868713,27275.0761012988,26476.52078269581,25381.80012506764,24287.079467439456,23192.35880981128,22097.6381521831,21002.917494554928,19908.19683692675,18813.476179298566,17718.755521670388,16624.034864042213,15529.314206414036,14632.77435593318,13736.234505452328,12839.694654971476,11943.15480449062,11046.61495400977,10150.075103528916,9253.53525304806,8356.995402567209,7460.455552086354,6563.915701605501
"MESSAGEix-GLOBIOM-GAINS 2.1-M-R12","Medium-to-Low - SSP2","World","Climate Assessment|Harmonized and Infilled|Emissions|N2O","kt N2O/yr",1,,,,11289.003670665752,11351.288258735654,11413.632025669132,11436.406346082418,11459.515820624909,11482.960449296605,11506.740232097509,11530.855169027613,11570.0492202057,11609.44584242711,11649.045035691835,11688.846799999888,11728.851135351251,11755.718229121889,11782.787312564658,11810.058385679553,11837.531448466572,11865.206500925724,11794.343324718446,11723.425431103931,11652.452820082191,11581.425491653215,11510.343445817016,11486.00928679507,11461.610003440312,11437.145595752749,11412.616063732372,11388.021407379185,11330.149158403025,11272.155485191326,11214.040387744091,11155.80386606132,11097.445920143013,11048.287689857249,10999.014640562227,10949.626772257952,10900.124084944422,10850.506578621633,10790.125428245172,10729.58518768159,10668.885856930894,10608.027435993085,10547.009924868147,10485.833323556102,10424.497632056937,10363.002850370656,10301.348978497255,10239.536016436745,10194.421901067564,10149.224796051018,10103.944701387109,10058.58161707583,10013.135543117183,9967.606479511174,9921.9944262578,9876.299383357058,9830.52135080895,9784.660328613474,9751.2644655953,9717.868602577128,9684.472739558953,9651.076876540776,9617.681013522604,9584.28515050443,9550.889287486254,9517.49342446808,9484.097561449906,9450.70169843173,9433.488144945664,9416.274591459596,9399.06103797353,9381.84748448746,9364.633931001394,9347.420377515326,9330.20682402926,9312.993270543191,9295.77971705712,9278.566163571057
"MESSAGEix-GLOBIOM-GAINS 2.1-M-R12","Medium-to-Low - SSP2","World","Climate Assessment|Surface Temperature (GSAT)|33rd Percentile [MAGICC v7.6.0a3]","°C",1,1.1491,1.1657,1.1865,1.2108,1.2382,1.263,1.2845,1.3037,1.3249,1.3463,1.3673,1.3871,1.4064,1.4265,1.451,1.4754,1.5004,1.5202,1.5395,1.5558,1.5691,1.5825,1.5982,1.6148,1.6327,1.6533,1.6754,1.696,1.7144,1.7299,1.7415,1.7516,1.761,1.7712,1.7824,1.7956,1.8097,1.8267,1.8422,1.8574,1.8692,1.8782,1.8864,1.8954,1.9038,1.9152,1.9293,1.9441,1.9582,1.97,1.978,1.9831,1.9892,1.9958,2.0009,2.0048,2.0108,2.0182,2.0276,2.0364,2.0446,2.0526,2.0601,2.066,2.0712,2.0753,2.079,2.0832,2.0849,2.0885,2.0933,2.099,2.1056,2.1077,2.1061,2.1007,2.094,2.088,2.0835,2.0792,2.0774
"MESSAGEix-GLOBIOM-GAINS 2.1-M-R12","Medium-to-Low - SSP2","World","Climate Assessment|Surface Temperature (GSAT)|67th Percentile [MAGICC v7.6.0a3]","°C",1,1.2622,1.2817,1.3037,1.3308,1.3654,1.3957,1.4234,1.4506,1.4775,1.5041,1.5313,1.5557,1.5797,1.6052,1.6346,1.6631,1.6894,1.7142,1.737,1.7572,1.7787,1.7979,1.8172,1.8371,1.858,1.8832,1.9093,1.9369,1.9621,1.9801,1.9937,2.0057,2.0191,2.0328,2.0484,2.0652,2.0864,2.1038,2.1222,2.1412,2.1571,2.1719,2.1863,2.2003,2.2124,2.2251,2.2417,2.2599,2.2791,2.2948,2.3073,2.3167,2.3251,2.3344,2.3437,2.3545,2.3642,2.3732,2.3849,2.3978,2.4096,2.4224,2.435,2.4439,2.4515,2.4567,2.4624,2.4669,2.4723,2.4806,2.4909,2.5014,2.5098,2.5138,2.5155,2.5148,2.512,2.509,2.5051,2.5044,2.5056
"MESSAGEix-GLOBIOM-GAINS 2.1-M-R12","Medium-to-Low - SSP2","World","Climate Assessment|Surface Temperature (GSAT)|Median [MAGICC v7.6.0a3]","°C",1,1.2035,1.2215,1.2429,1.2687,1.2964,1.3239,1.3496,1.3745,1.3982,1.4225,1.4466,1.4691,1.4906,1.5159,1.5422,1.569,1.5945,1.6174,1.6386,1.6591,1.6743,1.6918,1.7107,1.7288,1.7474,1.7679,1.7902,1.8129,1.8343,1.8515,1.8636,1.8736,1.8832,1.8944,1.908,1.9236,1.9421,1.9613,1.979,1.9919,2.0058,2.0192,2.0321,2.0412,2.0519,2.0636,2.0783,2.0951,2.1133,2.1279,2.1376,2.1454,2.1546,2.1623,2.1695,2.177,2.1847,2.1939,2.2032,2.2145,2.2269,2.2389,2.2489,2.2571,2.2631,2.2668,2.2698,2.2724,2.2767,2.2828,2.2913,2.2981,2.306,2.3106,2.311,2.3093,2.3061,2.3062,2.3047,2.3018,2.3012
"MESSAGEix-GLOBIOM-GAINS 2.1-M-R12","Very Low - SSP1","World","Climate Assessment|Effective Radiative Forcing|33rd Percentile [MAGICC v7.6.0a3]","W/m^2",1,2.566,2.556,2.6284,2.6916,2.7709,2.828,2.8803,2.9389,3.0014,3.0426,3.0842,3.1168,3.1526,3.1956,3.2491,3.2693,3.2926,3.296,3.3074,3.2977,3.2831,3.2588,3.2521,3.2521,3.2542,3.2791,3.2894,3.3047,3.297,3.271,3.2265,3.1962,3.1672,3.1442,3.1269,3.1248,3.126,3.1052,3.0853,3.0716,3.0328,2.998,2.9657,2.9408,2.916,2.901,2.9029,2.9,2.8898,2.8637,2.8294,2.7909,2.7589,2.726,2.6943,2.6682,2.6425,2.627,2.6164,2.6084,2.5975,2.5786,2.556,2.5249,2.5008,2.4642,2.4353,2.4151,2.3978,2.3969,2.4037,2.3998,2.4024,2.376,2.3406,2.307,2.2736,2.2511,2.2277,2.2206,2.2228
"MESSAGEix-GLOBIOM-GAINS 2.1-M-R12","Very Low - SSP1","World","Climate Assessment|Effective Radiative Forcing|67th Percentile [MAGICC v7.6.0a3]","W/m^2",1,2.8229,2.8276,2.9005,2.9516,3.0278,3.0743,3.1255,3.1688,3.2217,3.261,3.3015,3.3375,3.3723,3.4171,3.4678,3.4854,3.5101,3.5056,3.5171,3.5015,3.486,3.4646,3.4587,3.4576,3.4622,3.4818,3.4906,3.5013,3.4909,3.4677,3.436,3.4069,3.3823,3.3587,3.342,3.3345,3.3343,3.3154,3.2977,3.2784,3.2427,3.2105,3.182,3.1595,3.1395,3.1227,3.1223,3.1194,3.1113,3.0819,3.0443,3.0057,2.9733,2.9441,2.9084,2.8792,2.8521,2.8363,2.8239,2.8162,2.8047,2.784,2.7631,2.732,2.7075,2.6739,2.6466,2.6282,2.6115,2.6032,2.6068,2.6039,2.6059,2.5801,2.5456,2.5167,2.4873,2.4657,2.4439,2.4354,2.435
"MESSAGEix-GLOBIOM-GAINS 2.1-M-R12","Very Low - SSP1","World","Climate Assessment|Effective Radiative Forcing|Median [MAGICC v7.6.0a3]","W/m^2",1,2.6983,2.6998,2.7568,2.8136,2.8888,2.9434,2.9973,3.0439,3.0927,3.1336,3.1811,3.2158,3.2478,3.3021,3.3559,3.3781,3.4003,3.3985,3.4025,3.3899,3.3749,3.3556,3.3438,3.3436,3.3487,3.371,3.3811,3.3935,3.3899,3.3653,3.3255,3.2935,3.2682,3.2472,3.2337,3.2322,3.2311,3.2138,3.1964,3.1819,3.1457,3.1094,3.0738,3.0475,3.0223,3.0077,3.014,3.0135,3.0032,2.9778,2.9427,2.8978,2.8668,2.8352,2.8013,2.7749,2.7497,2.7322,2.7237,2.7148,2.7024,2.6832,2.6598,2.6295,2.6028,2.5669,2.5386,2.5158,2.498,2.4928,2.4964,2.4943,2.4981,2.4709,2.4362,2.4062,2.3717,2.351,2.3288,2.3185,2.3183
"MESSAGEix-GLOBIOM-GAINS 2.1-M-R12","Very Low - SSP1","World","Climate Assessment|Harmonized and Infilled|Emissions|CH4","Mt CH4/yr",1,,,,363.4899013289108,363.01427173746765,362.5648685641521,352.6109106556098,342.6409277590523,332.65491987447945,322.65288700189126,312.63482914128787,301.54954836217684,290.47545038095484,279.41253519762176,268.36080281217767,257.3202532246225,252.64183971287017,247.97507484180312,243.31995861142144,238.676491021725,234.0446720727139,229.45528859938503,224.874004212113,220.30081891089785,215.73573269573956,211.178745566638,205.578889045392,199.99502461112357,194.4271522638328,188.8752720035197,183.33938383018432,177.9637147675503,172.59501684576458,167.23329006482706,161.87853442473775,156.53074992549665,152.20780781516356,147.88564618918295,143.56426504755478,139.24366439027915,134.92384421735596,132.05732967545794,129.19807207563417,126.34607141788472,123.50132770220952,120.66384092860866,117.83361109708206,115.01063820762974,112.1949222602517,109.38646325494796,106.58526119171847,105.5657623791009,104.5493970582248,103.53616522909016,102.52606689169696,101.51910204604528,100.51527069213503,99.51457282996628,98.51700845953896,97.52257758085317,96.53128019390876,96.09577227804152,95.66026436217425,95.224756446307,94.78924853043972,94.35374061457247,93.9182326987052,93.48272478283796,93.04721686697069,92.6117089511034,92.17620103523616,91.134834328748,90.0934676222599,89.05210091577177,88.01073420928364,86.96936750279552,85.9280007963074,84.88663408981927,83.84526738333116,82.80390067684303,81.7625339703549
"MESSAGEix-GLOBIOM-GAINS 2.1-M-R12","Very Low - SSP1","World","Climate Assessment|Harmonized and Infilled|Emissions|CO2","Mt CO2/yr",1,,,,42339.76770647963,42558.4198348728,42774.162516076685,40624.06595453305,38471.56680937324,36316.66508059727,34159.36076820515,31999.653872196883,29626.34911977299,27249.53066041068,24869.19849410994,22485.352620870784,20097.993040693204,18457.71600098539,16809.917696920234,15154.59812849774,13491.757295717913,11821.395198580747,10710.5089270988,9599.64291931236,8488.797175221418,7377.971694825981,6267.166478126049,5239.270034620695,4211.180995139478,3182.899359682394,2154.4251282494406,1125.7583008406236,519.5208858884562,-86.56820466755835,-692.5089708274181,-1298.301412591125,-1903.945529958676,-2358.717282113167,-2813.29849881086,-3267.6891800517524,-3721.889325835846,-4175.898936163139,-4510.921040829764,-4845.6076963148735,-5179.9589026184685,-5513.974659740549,-5847.654967681116,-6180.999826440166,-6514.009236017701,-6846.683196413724,-7179.02170762823,-7511.024769661222,-7640.302409916889,-7769.405872678872,-7898.335157947169,-8027.090265721784,-8155.671196002713,-8284.07794878996,-8412.310524083521,-8540.368921883395,-8668.25314218959,-8795.963185002098,-8823.324743889696,-8850.686302777296,-8878.047861664892,-8905.40942055249,-8932.770979440089,-8960.132538327687,-8987.494097215285,-9014.855656102882,-9042.21721499048,-9069.578773878078,-9117.191710327936,-9164.804646777797,-9212.41758322766,-9260.03051967752,-9307.64345612738,-9355.25639257724,-9402.8693290271,-9450.48226547696,-9498.095201926822,-9545.708138376682
"MESSAGEix-GLOBIOM-GAINS 2.1-M-R12","Very Low - SSP1","World","Climate Assessment|Harmonized and Infilled|Emissions|Kyoto Gases [AR6GWP100]","Mt CO2-equiv/yr",1,,,,57507.00308133636,57776.30265009784,58043.42325022695,55528.81976491837,53011.64569228925,50491.901694863394,47969.5885698811,45444.7048126728,42582.53700826237,39717.35857106651,36849.16954599073,33977.969933035056,31103.759777105,29293.06124038133,27475.29054520483,25650.44848881581,23818.533611450228,21979.546620537338,20718.936828250626,19458.62550230197,18198.61268759689,16938.89829432435,15679.48241229539,14472.115445520316,13265.033330308532,12058.236066660038,10851.72365457483,9645.496094052914,8869.130775920905,8093.123200063513,7317.473276669679,6542.181095550459,5767.246611800328,5175.147536967311,4583.272993045978,3991.624439800392,3400.2003725609616,2809.002295997278,2379.4517617356505,1950.4557148404217,1522.0156150756527,1094.130665201018,666.8002026927846,240.01286377719097,-186.21928034273884,-611.8961847614755,-1037.0179392900743,-1461.5844990230116,-1633.302366330155,-1804.7469220489568,-1975.918166179416,-2146.8160538160078,-2317.440674769784,-2487.791276705956,-2657.868567053785,-2827.672500907741,-2997.2031680788887,-3166.4605236616944,-3219.400406004594,-3272.3402434419663,-3325.280125784864,-3378.220008127764,-3431.1598904706625,-3484.088409039802,-3537.0169725144683,-3589.945535989135,-3642.874099463801,-3695.80266293847,-3785.643057939142,-3875.4834080342857,-3965.3238030349626,-4055.1641980356394,-4145.003885607047,-4234.844280607719,-4324.684675608394,-4414.524363179804,-4504.364758180479,-4594.205108275623
"MESSAGEix-GLOBIOM-GAINS 2.1-M-R12","Very Low - SSP1","World","Climate Assessment|Harmonized and Infilled|Emissions|N2O","kt N2O/yr",1,,,,11289.003670665752,11349.911708323736,11410.861536078262,11233.016037552836,11055.70353291626,10878.924022168534,10702.67750530966,10526.963982339632,10313.25909652821,10100.143193170356,9887.616272266074,9675.67833381536,9464.329377818216,9327.77512826888,9191.49605803218,9055.492167108116,8919.763455496693,8784.309923197909,8683.06715921132,8581.981775974209,8481.053773486577,8380.283151748421,8279.669910759743,8181.232953956528,8082.912686078224,7984.709107124832,7886.622217096351,7788.652015992783,7692.661642479024,7596.766207137702,7500.965709968817,7405.260150972366,7309.649530148356,7233.789959257358,7157.9963456449,7082.268689310986,7006.60699025561,6931.011248478778,6869.213569123059,6807.467912628222,6745.774278994269,6684.1326682211975,6622.5430803090085,6561.005515257703,6499.519973067279,6438.08645373774,6376.704957269083,6315.375483661308,6266.423055057061,6217.499056992605,6168.603489467942,6119.736352483067,6070.89764603798,6022.087370132686,5973.305524767182,5924.552109941467,5875.8271256555445,5827.13057190941,5784.90655374157,5742.682535573728,5700.458517405889,5658.23449923805,5616.0104810702105,5573.78646290237,5531.562444734531,5489.338426566691,5447.114408398851,5404.890390231011,5369.508020829436,5334.125651427859,5298.743282026284,5263.3609126247065,5227.97854322313,5192.596173821555,5157.213804419978,5121.831435018403,5086.449065616826,5051.06669621525
"MESSAGEix-GLOBIOM-GAINS 2.1-M-R12","Very Low - SSP1","World","Climate Assessment|Surface Temperature (GSAT)|33rd Percentile [MAGICC v7.6.0a3]","°C",1,1.1491,1.1657,1.1865,1.2107,1.2379,1.2635,1.2867,1.3106,1.3344,1.3581,1.3794,1.402,1.42,1.4417,1.4628,1.4822,1.4979,1.5092,1.5215,1.5317,1.536,1.5382,1.5378,1.5399,1.5445,1.5523,1.5594,1.5656,1.5721,1.5734,1.571,1.5638,1.5579,1.5525,1.5479,1.545,1.5434,1.5378,1.5339,1.5274,1.5201,1.5122,1.5014,1.4935,1.4856,1.4769,1.4716,1.4705,1.469,1.4667,1.4596,1.447,1.4354,1.4231,1.4114,1.3968,1.3853,1.3745,1.3664,1.361,1.3561,1.3497,1.3401,1.3275,1.3149,1.3012,1.2912,1.281,1.2713,1.2638,1.2587,1.2547,1.2523,1.2482,1.2405,1.2307,1.2184,1.2072,1.1969,1.1878,1.1808
"MESSAGEix-GLOBIOM-GAINS 2.1-M-R12","Very Low - SSP1","World","Climate Assessment|Surface Temperature (GSAT)|67th Percentile [MAGICC v7.6.0a3]","°C",1,1.2622,1.2817,1.3037,1.3307,1.3653,1.3966,1.4255,1.4557,1.485,1.5179,1.5445,1.5745,1.6017,1.6293,1.6576,1.6824,1.7043,1.7233,1.7391,1.7523,1.762,1.7702,1.776,1.7848,1.7904,1.8002,1.8147,1.8283,1.8358,1.8401,1.8366,1.8269,1.824,1.8193,1.8137,1.8145,1.8163,1.8153,1.813,1.8115,1.8064,1.7986,1.7916,1.7847,1.7766,1.7708,1.7655,1.7645,1.7644,1.7601,1.7528,1.7432,1.7321,1.7205,1.7079,1.6956,1.6834,1.6741,1.6672,1.6629,1.6565,1.6488,1.6426,1.6352,1.6246,1.6154,1.6032,1.5922,1.582,1.5748,1.5716,1.5697,1.5676,1.5627,1.5554,1.5453,1.5319,1.5202,1.5095,1.5024,1.4974
"MESSAGEix-GLOBIOM-GAINS 2.1-M-R12","Very Low - SSP1","World","Climate Assessment|Surface Temperature (GSAT)|Median [MAGICC v7.6.0a3]","°C",1,1.2035,1.2215,1.2429,1.2687,1.2963,1.3246,1.354,1.3818,1.4087,1.4375,1.4626,1.4885,1.5106,1.5349,1.5611,1.5834,1.6027,1.6187,1.636,1.6442,1.6486,1.6537,1.6585,1.6607,1.6666,1.6756,1.683,1.6909,1.6981,1.7022,1.7001,1.696,1.6908,1.6858,1.6823,1.6809,1.6789,1.6769,1.6744,1.6701,1.6655,1.6571,1.6485,1.6411,1.6303,1.6237,1.6204,1.6178,1.6157,1.611,1.604,1.5947,1.5849,1.574,1.5641,1.5527,1.5412,1.5306,1.522,1.5158,1.511,1.5042,1.4957,1.4864,1.4759,1.4626,1.4508,1.441,1.4319,1.4248,1.4192,1.4141,1.4103,1.4052,1.3963,1.3852,1.3731,1.3626,1.3514,1.3428,1.3365
"MESSAGEix-GLOBIOM-GAINS 2.1-M-R12","Very Low - SSP2","World","Climate Assessment|Effective Radiative Forcing|33rd Percentile [MAGICC v7.6.0a3]","W/m^2",1,2.566,2.556,2.6284,2.6925,2.7744,2.8319,2.8844,2.9451,3.0059,3.0475,3.0867,3.119,3.1537,3.1959,3.253,3.2711,3.2947,3.2977,3.31,3.2952,3.279,3.2546,3.2457,3.2446,3.2461,3.2702,3.2773,3.2918,3.2861,3.252,3.2066,3.174,3.1469,3.1164,3.1034,3.0977,3.0965,3.074,3.057,3.0376,2.9999,2.9683,2.9318,2.9054,2.8839,2.866,2.8672,2.8639,2.8531,2.8273,2.7972,2.7517,2.7202,2.6916,2.659,2.6328,2.6067,2.5894,2.5806,2.5778,2.564,2.5437,2.5222,2.4915,2.4659,2.4316,2.4027,2.3818,2.3641,2.3592,2.363,2.3627,2.3667,2.3405,2.3051,2.274,2.2389,2.2182,2.1981,2.1904,2.1909
"MESSAGEix-GLOBIOM-GAINS 2.1-M-R12","Very Low - SSP2","World","Climate Assessment|Effective Radiative Forcing|67th Percentile [MAGICC v7.6.0a3]","W/m^2",1,2.8229,2.8276,2.9005,2.9525,3.03,3.077,3.1294,3.1722,3.2255,3.265,3.3059,3.3371,3.3745,3.4161,3.4654,3.4866,3.509,3.5064,3.5168,3.5014,3.4827,3.4604,3.4514,3.4473,3.4518,3.4683,3.4769,3.4844,3.473,3.4487,3.4146,3.3846,3.3557,3.3289,3.3146,3.3079,3.3074,3.2843,3.2647,3.2477,3.2107,3.179,3.148,3.1265,3.1021,3.0882,3.0865,3.0843,3.0692,3.0433,3.0089,2.9685,2.9368,2.9078,2.8748,2.8466,2.8203,2.8008,2.7931,2.785,2.7714,2.7509,2.7306,2.7006,2.6761,2.643,2.6167,2.5964,2.58,2.5727,2.5724,2.5714,2.5725,2.5468,2.5161,2.4875,2.4616,2.4425,2.4235,2.415,2.4119
"MESSAGEix-GLOBIOM-GAINS 2.1-M-R12","Very Low - SSP2","World","Climate Assessment|Effective Radiative Forcing|Median [MAGICC v7.6.0a3]","W/m^2",1,2.6983,2.6998,2.7568,2.8144,2.8915,2.9477,3.001,3.0475,3.096,3.1391,3.1851,3.2174,3.2484,3.3018,3.3572,3.3762,3.3999,3.3973,3.4024,3.3867,3.3733,3.3481,3.3381,3.3365,3.3393,3.3572,3.3667,3.3791,3.3753,3.3447,3.3014,3.2729,3.2479,3.2245,3.2094,3.2062,3.2047,3.1833,3.1676,3.1511,3.1106,3.0725,3.0369,3.0105,2.9889,2.9719,2.9765,2.9735,2.9672,2.9409,2.9058,2.8602,2.8272,2.7958,2.7641,2.7377,2.7125,2.6968,2.6891,2.6822,2.6719,2.6518,2.6287,2.5938,2.569,2.5298,2.5028,2.4856,2.4683,2.4599,2.4608,2.4583,2.4593,2.435,2.4024,2.3717,2.3384,2.3171,2.2964,2.2901,2.2924
"MESSAGEix-GLOBIOM-GAINS 2.1-M-R12","Very Low - SSP2","World","Climate Assessment|Harmonized and Infilled|Emissions|CH4","Mt CH4/yr",1,,,,363.4899013289108,363.4767508333765,363.49059332272816,353.2742050543072,343.0247068579968,332.74209873379726,322.42638068170845,312.0775527017303,301.1309940957869,290.20763578545643,279.30747777073907,268.43052005163486,257.5767626281437,252.10328655561452,246.63915829678564,241.18437785165716,235.73894522022871,230.3028604025006,226.02498702727905,221.7536007663209,217.48870161962628,213.23028958719505,208.97836466902737,201.89622397667145,194.82899864493493,187.7766886738179,180.73929406332036,173.71681481344223,169.207157854984,164.6988386081445,160.19185707292385,155.6862132493219,151.18190713733873,146.77168390468591,142.36509493150544,137.9621402177973,133.56281976356152,129.16713356879802,126.66521409142034,124.17065455208616,121.68345495079552,119.20361528754844,116.73113556234487,114.26601577518484,111.8082559260684,109.35785601499543,106.91481604196608,104.47913600698024,103.42659341099258,102.37742817209003,101.3316402902726,100.28922976554024,99.25019659789294,98.21454078733072,97.1822623338536,96.15336123746155,95.12783749815463,94.10569111593274,93.26522545205655,92.42475978818037,91.5842941243042,90.743828460428,89.90336279655182,89.06289713267563,88.22243146879946,87.38196580492327,86.54150014104708,85.7010344771709,85.11152598677617,84.52201749638145,83.93250900598673,83.34300051559201,82.75349202519729,82.16398353480257,81.57447504440785,80.98496655401313,80.3954580636184,79.80594957322369
"MESSAGEix-GLOBIOM-GAINS 2.1-M-R12","Very Low - SSP2","World","Climate Assessment|Harmonized and Infilled|Emissions|CO2","Mt CO2/yr",1,,,,42339.76770647963,42520.82857005437,42699.46868010261,40473.57171651979,38245.1518615323,36014.209115140104,33780.743477343225,31544.754948141646,29239.742345535386,26929.25515681838,24613.293381990625,22291.85702105213,19964.94607400288,18250.74797438176,16527.106388389395,14794.02131602578,13051.492757290924,11299.520712184818,10163.048712452248,9026.577315127455,7890.1065202104255,6753.636327701173,5617.16673759969,4524.579856182623,3431.9583696118843,2339.3022778874683,1246.6115810093795,153.88627897762035,-438.5729457963325,-1030.831330220259,-1622.888874294159,-2214.7455780180358,-2806.4014413918853,-3284.2683692115734,-3762.030447737218,-4239.687676968822,-4717.240056906385,-5194.687587549905,-5512.004391836238,-5829.11382786785,-6146.015895644742,-6462.710595166914,-6779.197926434363,-7095.477889447094,-7411.550484205102,-7727.415710708391,-8043.073568956957,-8358.524058950805,-8477.179334523618,-8595.580460113522,-8713.727435720517,-8831.620261344604,-8949.258936985781,-9066.64346264405,-9183.773838319412,-9300.650064011865,-9417.272139721408,-9533.640065448042,-9592.973819623738,-9652.30757379943,-9711.641327975123,-9770.975082150817,-9830.30883632651,-9889.642590502202,-9948.976344677896,-10008.31009885359,-10067.643853029283,-10126.977607204975,-10107.549456981462,-10088.121306757948,-10068.693156534437,-10049.26500631092,-10029.836856087408,-10010.408705863894,-9990.98055564038,-9971.552405416867,-9952.124255193352,-9932.69610496984
"MESSAGEix-GLOBIOM-GAINS 2.1-M-R12","Very Low - SSP2","World","Climate Assessment|Harmonized and Infilled|Emissions|Kyoto Gases [AR6GWP100]","Mt CO2-equiv/yr",1,,,,57507.00308133636,57750.65485926729,57992.65307855434,55391.11169805242,52786.41682919517,50178.569134506295,47567.56941122612,44953.41615468505,42168.60665084369,39379.12394032086,36584.96806802208,33786.13903394737,30982.63688300224,29073.40099916853,27155.066502797967,25227.63419113085,23291.102604403128,21345.472450044064,20064.59471469328,18783.95686730684,17503.558952790263,16223.4008813325,14943.48274274461,13624.957764942768,12306.86636865852,10989.208553891856,9671.984320642783,8355.193668911304,7612.478465990093,6870.022960000529,6127.827061131553,5385.890859194219,4644.214309283004,4024.529680418038,3405.075156296309,2785.8521966818703,2166.8592969051383,1548.0979616356967,1141.0321640817667,734.4028968300537,328.2116196446176,-77.54246471486523,-482.8600187721275,-887.7524063009349,-1292.207556098258,-1696.22542325857,-2099.806097592926,-2502.9495341958,-2667.6040004409133,-2831.884752630584,-2995.791790764815,-3159.325069938077,-3322.4846799614274,-3485.2698685000737,-3647.6813429832814,-3809.719058505519,-3971.3831048778457,-4132.673437194731,-4230.086280925688,-4327.49907975111,-4424.911923482062,-4522.324767213014,-4619.737610943968,-4717.139090901159,-4814.54061576388,-4911.9421406266,-5009.343665489321,-5106.745190352042,-5119.287781581723,-5131.830327905876,-5144.37291913556,-5156.915510365243,-5169.45739416566,-5181.999985395342,-5194.542576625026,-5207.084460425444,-5219.627051655124,-5232.16959797928
"MESSAGEix-GLOBIOM-GAINS 2.1-M-R12","Very Low - SSP2","World","Climate Assessment|Harmonized and Infilled|Emissions|N2O","kt N2O/yr",1,,,,11289.003670665752,11347.00927419909,11405.115080744245,11213.635823790495,11022.736609555175,10832.41743803829,10642.678309239836,10453.519223159808,10250.490266562812,10047.987122134571,9846.009789875094,9644.558269784367,9443.632561862403,9305.48356234657,9167.47308486242,9029.601129409946,8891.867695989155,8754.272784600042,8659.620586808458,8565.146887146764,8470.851685614958,8376.734982213038,8282.796776941008,8185.972381920219,8089.305202400085,7992.795238380605,7896.442489861779,7800.246956843605,7712.129149972738,7624.0901407743695,7536.129929248504,7448.248515395135,7360.445899214271,7289.441130023246,7218.497646849852,7147.615449694082,7076.794538555942,7006.034913435429,6946.647472318199,6887.280227365516,6827.933178577378,6768.606325953787,6709.2996694947415,6650.013209200245,6590.746945070292,6531.500877104886,6472.275005304027,6413.069329667713,6371.38658905693,6329.710592433959,6288.041339798802,6246.378831151456,6204.7230664919225,6163.074045820202,6121.431769136292,6079.796236440197,6038.167447731915,5996.545403011445,5961.354846017006,5926.1642890225685,5890.973732028128,5855.78317503369,5820.592618039254,5785.402061044815,5750.211504050376,5715.020947055939,5679.8303900615,5644.639833067063,5607.934700353711,5571.229567640359,5534.524434927006,5497.819302213654,5461.114169500302,5424.409036786949,5387.703904073597,5350.998771360244,5314.293638646894,5277.5885059335415
"MESSAGEix-GLOBIOM-GAINS 2.1-M-R12","Very Low - SSP2","World","Climate Assessment|Surface Temperature (GSAT)|33rd Percentile [MAGICC v7.6.0a3]","°C",1,1.1491,1.1657,1.1865,1.2108,1.2384,1.2643,1.2873,1.3116,1.3358,1.3594,1.3806,1.4034,1.4208,1.4416,1.4633,1.481,1.4975,1.5097,1.5223,1.5323,1.5363,1.536,1.5367,1.5393,1.5429,1.5497,1.5556,1.5618,1.5673,1.5698,1.5653,1.5568,1.5485,1.5436,1.5387,1.5343,1.5306,1.5253,1.5208,1.5167,1.5066,1.4958,1.4868,1.4786,1.4695,1.4597,1.4559,1.4547,1.4551,1.4506,1.4412,1.4303,1.4172,1.4056,1.3922,1.3797,1.3679,1.3566,1.3489,1.3428,1.3375,1.3309,1.321,1.3102,1.299,1.2868,1.2764,1.2655,1.2561,1.2493,1.2435,1.2385,1.2367,1.2305,1.2214,1.2111,1.1997,1.189,1.1793,1.1711,1.166
"MESSAGEix-GLOBIOM-GAINS 2.1-M-R12","Very Low - SSP2","World","Climate Assessment|Surface Temperature (GSAT)|67th Percentile [MAGICC v7.6.0a3]","°C",1,1.2622,1.2817,1.3037,1.3308,1.3656,1.3975,1.4264,1.457,1.4868,1.5193,1.5462,1.5756,1.603,1.6311,1.6584,1.6829,1.7059,1.7264,1.7388,1.7526,1.7636,1.7713,1.7761,1.7841,1.7903,1.7992,1.8115,1.822,1.8306,1.8315,1.8257,1.8195,1.8149,1.8074,1.8021,1.8014,1.8042,1.8031,1.8008,1.7969,1.7916,1.7832,1.7749,1.7672,1.7588,1.7507,1.7471,1.7464,1.7449,1.74,1.7338,1.7231,1.7113,1.6998,1.688,1.6762,1.6647,1.6551,1.6482,1.6425,1.6388,1.6325,1.6269,1.6178,1.6091,1.5986,1.5872,1.5764,1.5655,1.558,1.5539,1.5514,1.5508,1.5463,1.5377,1.5271,1.5133,1.5035,1.4946,1.4881,1.484
"MESSAGEix-GLOBIOM-GAINS 2.1-M-R12","Very Low - SSP2","World","Climate Assessment|Surface Temperature (GSAT)|Median [MAGICC v7.6.0a3]","°C",1,1.2035,1.2215,1.2429,1.2688,1.2966,1.3253,1.3549,1.3831,1.4101,1.4396,1.4636,1.4899,1.511,1.5351,1.5608,1.5848,1.6031,1.6199,1.6354,1.6439,1.6492,1.6532,1.6564,1.6599,1.6644,1.6713,1.6787,1.6861,1.694,1.697,1.6934,1.6885,1.6823,1.6765,1.6722,1.6691,1.6686,1.6655,1.6605,1.657,1.6509,1.6444,1.6331,1.6259,1.6152,1.6075,1.6027,1.6009,1.5975,1.5942,1.5865,1.5744,1.5664,1.5566,1.5467,1.535,1.5223,1.5124,1.5043,1.4982,1.4918,1.4853,1.4771,1.4672,1.4568,1.4448,1.4327,1.4217,1.4116,1.403,1.3961,1.3923,1.3906,1.3853,1.3778,1.3684,1.3567,1.3447,1.3334,1.325,1.3203
"REMIND-MAgPIE 3.5-4.11","High - SSP2","World","Climate Assessment|Effective Radiative Forcing|33rd Percentile [MAGICC v7.6.0a3]","W/m^2",1,2.566,2.556,2.6284,2.6851,2.7407,2.7716,2.7966,2.823,2.8587,2.8848,2.9232,2.97,3.0223,3.0911,3.1741,3.2318,3.3017,3.3419,3.404,3.4397,3.4728,3.5055,3.5526,3.6041,3.6654,3.7455,3.8078,3.8773,3.9246,3.9547,3.9704,3.9912,4.0179,4.0458,4.0863,4.1466,4.2183,4.2644,4.3139,4.3593,4.382,4.403,4.4289,4.4634,4.5006,4.5457,4.603,4.6616,4.7072,4.7465,4.7725,4.7874,4.81,4.8358,4.8606,4.8897,4.9212,4.9645,5.0162,5.0699,5.1189,5.159,5.1949,5.2175,5.2497,5.2674,5.2909,5.3233,5.3558,5.3992,5.4527,5.5021,5.5615,5.5854,5.5993,5.6175,5.6314,5.6561,5.6843,5.7201,5.768
"REMIND-MAgPIE 3.5-4.11","High - SSP2","World","Climate Assessment|Effective Radiative Forcing|67th Percentile [MAGICC v7.6.0a3]","W/m^2",1,2.8229,2.8276,2.9005,2.9463,3.0072,3.0381,3.0642,3.0943,3.1353,3.166,3.2076,3.254,3.306,3.3747,3.4564,3.5142,3.5829,3.6222,3.6717,3.7066,3.7419,3.7703,3.8187,3.8715,3.9312,4.0131,4.0803,4.1537,4.2045,4.2332,4.2508,4.2775,4.303,4.3346,4.3793,4.4391,4.5082,4.5567,4.6093,4.6581,4.6805,4.7063,4.7367,4.7727,4.8132,4.8594,4.9263,4.9807,5.0288,5.0672,5.0968,5.1205,5.1513,5.1854,5.2133,5.2478,5.2825,5.3287,5.3801,5.4366,5.4838,5.5233,5.5578,5.5838,5.6148,5.6347,5.6587,5.6919,5.7241,5.7751,5.8339,5.8894,5.948,5.9722,5.9908,6.0094,6.0225,6.0524,6.0783,6.1193,6.1659
"REMIND-MAgPIE 3.5-4.11","High - SSP2","World","Climate Assessment|Effective Radiative Forcing|Median [MAGICC v7.6.0a3]","W/m^2",1,2.6983,2.6998,2.7568,2.8058,2.8652,2.8939,2.9215,2.9497,2.9817,3.0157,3.0659,3.1134,3.1611,3.2351,3.3162,3.3731,3.4416,3.4851,3.5354,3.5729,3.6145,3.6484,3.6926,3.7509,3.8126,3.8857,3.9524,4.0199,4.0669,4.0955,4.1083,4.1296,4.1545,4.1839,4.2256,4.2841,4.3579,4.4077,4.458,4.5045,4.5266,4.5537,4.5805,4.6147,4.652,4.6932,4.7502,4.8165,4.8622,4.8969,4.9241,4.9479,4.9757,5.0069,5.0399,5.075,5.1077,5.1504,5.1957,5.2445,5.2883,5.3302,5.3671,5.3954,5.4242,5.44,5.4675,5.4984,5.534,5.5844,5.6371,5.6898,5.7448,5.774,5.7911,5.8059,5.8247,5.8501,5.8779,5.9151,5.9581
"REMIND-MAgPIE 3.5-4.11","High - SSP2","World","Climate Assessment|Harmonized and Infilled|Emissions|CH4","Mt CH4/yr",1,,,,363.4899013289108,363.261633350691,363.04360423160045,359.43477097922846,355.8734078999442,352.3595149937475,348.89309226063847,345.47413970061706,345.2351266240594,344.9384577294636,344.58413301682947,344.1721524861571,343.7025161374465,344.1561324282268,344.5651471685898,344.9295603585356,345.2493719980639,345.5245820871751,346.3041067107425,347.07237975535645,347.8294012210172,348.5751711077246,349.3096894154788,349.7323451127197,350.1602721511158,350.59347053066705,351.0319402513734,351.475681313235,352.1979782514978,352.9202751897605,353.6425721280233,354.3648690662861,355.0871660045488,354.17450831265927,353.2618506207697,352.34919292888014,351.4365352369905,350.52387754510096,350.40751508439064,350.2911526236804,350.1747901629701,350.0584277022599,349.94206524154964,349.8257027808394,349.7093403201291,349.59297785941897,349.4766153987087,349.36025293799844,348.87555617381656,348.39085940963463,347.90616264545275,347.4214658812709,346.936769117089,346.45207235290707,345.96737558872525,345.4826788245434,344.99798206036144,344.5132852961796,343.50573444328705,342.49818359039466,341.4906327375021,340.4830818846096,339.47553103171714,338.46798017882463,337.4604293259322,336.4528784730396,335.4453276201472,334.43777676725466,333.816197345664,333.19461792407327,332.57303850248263,331.951459080892,331.3298796593013,330.70830023771066,330.08672081612,329.4651413945293,328.84356197293863,328.221982551348
"REMIND-MAgPIE 3.5-4.11","High - SSP2","World","Climate Assessment|Harmonized and Infilled|Emissions|CO2","Mt CO2/yr",1,,,,42339.76770647963,42375.714837640815,42415.23474448441,42217.37002803524,42022.92544963284,41831.90100927719,41644.29670696831,41460.11254270619,41997.83193915198,42538.78104456118,43082.9598589338,43630.3683822698,44181.00661456922,44371.69400021795,44563.81896191488,44757.38149965999,44952.381613453326,45148.81930329485,45352.34723444496,45555.8316928571,45759.27267853126,45962.67019146744,46166.02423166565,46180.30038900837,46193.46209906636,46205.50936183964,46216.44217732821,46226.26054553207,46440.18741014335,46654.11427475463,46868.04113936589,47081.96800397719,47295.89486858846,47144.246649912064,46992.59843123567,46840.95021255928,46689.30199388289,46537.65377520649,46759.91824593626,46982.18271666603,47204.4471873958,47426.71165812558,47648.97612885535,47871.24059958512,48093.50507031489,48315.76954104466,48538.03401177444,48760.2984825042,48651.386003036205,48542.47352356821,48433.56104410021,48324.6485646322,48215.7360851642,48106.823605696205,47997.9111262282,47888.9986467602,47780.08616729219,47671.17368782419,47370.64956258625,47070.12543734833,46769.60131211039,46469.077186872455,46168.553061634506,45868.02893639657,45567.50481115864,45266.9806859207,44966.45656068277,44665.93243544482,44351.0230012156,44036.11356698638,43721.20413275716,43406.294698527934,43091.38526429871,42776.47583006949,42461.56639584026,42146.65696161104,41831.74752738182,41516.8380931526
"REMIND-MAgPIE 3.5-4.11","High - SSP2","World","Climate Assessment|Harmonized and Infilled|Emissions|Kyoto Gases [AR6GWP100]","Mt CO2-equiv/yr",1,,,,57507.00308133636,57589.14669611887,57675.10071927173,57437.42393553835,57204.77680801707,56977.15933670788,56754.57152161077,56537.01336272575,57138.26730731924,57740.15943476705,58342.68974506916,58945.85823822558,59549.66491423632,59830.29724678734,60110.21267507355,60389.41119909493,60667.89281885149,60945.65753434321,61260.13225060522,61573.6071694392,61886.0822908451,62197.55761482294,62508.03314137272,62625.10394703038,62740.7059212497,62854.83906403071,62967.5033753734,63078.69885527776,63395.20283240519,63711.12783021293,64026.47384870097,64341.24088786933,64655.428947718,64547.41104054671,64438.81415405572,64329.638288245056,64219.8834431147,64109.54961866464,64403.065007825695,64695.92494143498,64988.129419492514,65279.67844199829,65570.5720089523,65860.81012035454,66150.39277620503,66439.31997650376,66727.59172125072,67015.2080104459,66919.08697097309,66822.61133726887,66725.78110933324,66628.59628716619,66531.05687076773,66433.16286013788,66334.9142552766,66236.31105618393,66137.35326285982,66038.04087530433,65723.52726265034,65409.01364999639,65094.50003734241,64779.98642468843,64465.47281203445,64150.95919938047,63836.44558672651,63521.93197407253,63207.41836141856,62892.90474876457,62546.59059725366,62200.27644574273,61853.96229423181,61507.648142720886,61161.33399120996,60815.01983969903,60468.7056881881,60122.39153667718,59776.07738516626,59429.76323365533
"REMIND-MAgPIE 3.5-4.11","High - SSP2","World","Climate Assessment|Harmonized and Infilled|Emissions|N2O","kt N2O/yr",1,,,,11289.003670665756,11411.88830232768,11535.187393438351,11644.44440718758,11755.67188766557,11868.869834872332,11984.038248807858,12101.177129472151,12190.034952867089,12276.657311967248,12361.04420677263,12443.195637283236,12523.11160349907,12614.254479169524,12703.66446405206,12791.341558146672,12877.285761453364,12961.497073972138,13061.568657399874,13161.2161398208,13260.439521234908,13359.238801642205,13457.61398104269,13556.84181606231,13656.298777130198,13755.984864246357,13855.900077410788,13956.044416623488,14028.57255264975,14101.100688676011,14173.62882470228,14246.156960728538,14318.685096754802,14352.983671494085,14387.28224623336,14421.580820972644,14455.87939571192,14490.177970451205,14522.04840673844,14553.918843025673,14585.789279312909,14617.65971560014,14649.530151887371,14681.400588174609,14713.27102446184,14745.141460749075,14777.011897036307,14808.88233332354,14817.708474644372,14826.534615965204,14835.360757286036,14844.18689860687,14853.0130399277,14861.839181248532,14870.665322569364,14879.491463890194,14888.317605211025,14897.143746531854,14867.75498838872,14838.36623024559,14808.97747210246,14779.588713959332,14750.1999558162,14720.811197673069,14691.42243952994,14662.033681386809,14632.64492324368,14603.256165100544,14564.203406563964,14525.150648027378,14486.097889490798,14447.045130954211,14407.99237241763,14368.939613881044,14329.886855344464,14290.834096807876,14251.781338271292,14212.728579734709
"REMIND-MAgPIE 3.5-4.11","High - SSP2","World","Climate Assessment|Surface Temperature (GSAT)|33rd Percentile [MAGICC v7.6.0a3]","°C",1,1.1491,1.1657,1.1865,1.2097,1.2339,1.256,1.2758,1.2926,1.3105,1.3276,1.3454,1.3622,1.3832,1.4072,1.4369,1.466,1.4939,1.5215,1.548,1.571,1.593,1.615,1.6369,1.6625,1.6879,1.7178,1.7476,1.7773,1.8051,1.8304,1.8516,1.8715,1.8904,1.9086,1.929,1.9527,1.9792,2.0052,2.0331,2.0592,2.0824,2.1024,2.1211,2.1407,2.1635,2.1846,2.2077,2.2335,2.2591,2.2828,2.3065,2.3253,2.3434,2.3624,2.3811,2.4004,2.4228,2.4434,2.4662,2.489,2.5123,2.5358,2.5558,2.575,2.5955,2.6144,2.6329,2.6528,2.6737,2.6957,2.7187,2.7424,2.7656,2.788,2.8079,2.827,2.8449,2.8632,2.8816,2.9012,2.9222
"REMIND-MAgPIE 3.5-4.11","High - SSP2","World","Climate Assessment|Surface Temperature (GSAT)|67th Percentile [MAGICC v7.6.0a3]","°C",1,1.2622,1.2817,1.3037,1.3298,1.3605,1.3847,1.4069,1.4288,1.4508,1.4713,1.4918,1.5138,1.5417,1.5714,1.6079,1.644,1.6807,1.714,1.7458,1.7777,1.8049,1.835,1.8623,1.894,1.9243,1.9592,1.9938,2.0303,2.0669,2.0992,2.1279,2.1514,2.172,2.1942,2.2184,2.2476,2.2798,2.3126,2.3434,2.3716,2.4017,2.4256,2.4456,2.4676,2.4936,2.5228,2.5506,2.5835,2.6134,2.6406,2.6681,2.6938,2.719,2.7441,2.7686,2.7927,2.8164,2.8411,2.8684,2.898,2.9285,2.9571,2.9857,3.0116,3.0364,3.0585,3.0816,3.1057,3.1301,3.1545,3.1815,3.2134,3.2453,3.2738,3.2999,3.3216,3.3419,3.3611,3.3827,3.4061,3.4308
"REMIND-MAgPIE 3.5-4.11","High - SSP2","World","Climate Assessment|Surface Temperature (GSAT)|Median [MAGICC v7.6.0a3]","°C",1,1.2035,1.2215,1.2429,1.2672,1.2927,1.3149,1.3346,1.3529,1.3706,1.389,1.4086,1.4308,1.4563,1.4846,1.5167,1.5484,1.5812,1.6115,1.6435,1.6685,1.6944,1.721,1.7478,1.7746,1.8027,1.8342,1.8669,1.902,1.9331,1.9616,1.9845,2.0067,2.0282,2.048,2.0699,2.0956,2.1256,2.1553,2.1819,2.2099,2.2358,2.2597,2.2812,2.3016,2.3187,2.3409,2.3691,2.3985,2.4295,2.4575,2.4804,2.5,2.5218,2.5435,2.5623,2.5831,2.6039,2.6245,2.6479,2.6741,2.7014,2.7281,2.7537,2.7765,2.7971,2.8153,2.8348,2.8583,2.8802,2.9047,2.9318,2.9597,2.9907,3.019,3.0414,3.0654,3.0867,3.1072,3.1262,3.1459,3.1678
"REMIND-MAgPIE 3.5-4.11","High - SSP3","World","Climate Assessment|Effective Radiative Forcing|33rd Percentile [MAGICC v7.6.0a3]","W/m^2",1,2.566,2.556,2.6284,2.6851,2.7407,2.7712,2.7954,2.8191,2.8614,2.8898,2.9243,2.9586,3.0073,3.0739,3.1493,3.2008,3.2593,3.3024,3.3508,3.3793,3.4244,3.4746,3.5317,3.5977,3.671,3.7618,3.8306,3.9104,3.9624,3.9995,4.0249,4.0653,4.1056,4.1481,4.2035,4.2788,4.3561,4.4089,4.4684,4.5266,4.5594,4.5924,4.6272,4.6692,4.7154,4.7681,4.8344,4.899,4.9598,5.0043,5.05,5.1006,5.1561,5.2081,5.2555,5.316,5.3711,5.4381,5.517,5.5896,5.657,5.7113,5.7691,5.8203,5.8795,5.9226,5.9754,6.0287,6.0845,6.1516,6.2274,6.2972,6.3725,6.4262,6.4698,6.5148,6.5559,6.6104,6.6594,6.7219,6.7881
"REMIND-MAgPIE 3.5-4.11","High - SSP3","World","Climate Assessment|Effective Radiative Forcing|67th Percentile [MAGICC v7.6.0a3]","W/m^2",1,2.8229,2.8276,2.9005,2.9463,3.0072,3.0375,3.0629,3.0929,3.1327,3.1701,3.2068,3.2421,3.2981,3.3672,3.4405,3.4971,3.5663,3.6073,3.66,3.6953,3.734,3.7817,3.8343,3.8952,3.9651,4.0454,4.1188,4.1977,4.2536,4.2931,4.3213,4.3681,4.411,4.4588,4.5176,4.5911,4.6694,4.7297,4.7888,4.8454,4.8851,4.918,4.956,5.004,5.0533,5.1108,5.1879,5.2604,5.3221,5.372,5.4255,5.4781,5.5394,5.5929,5.6439,5.712,5.7743,5.8398,5.9155,5.9864,6.0594,6.1234,6.1865,6.2364,6.2899,6.3369,6.3849,6.4461,6.5102,6.5863,6.6662,6.7409,6.8248,6.8711,6.9198,6.9678,7.0118,7.071,7.1298,7.1956,7.2682
"REMIND-MAgPIE 3.5-4.11","High - SSP3","World","Climate Assessment|Effective Radiative Forcing|Median [MAGICC v7.6.0a3]","W/m^2",1,2.6983,2.6998,2.7568,2.8058,2.8652,2.8934,2.9202,2.9486,2.9837,3.0188,3.0648,3.1055,3.1532,3.2176,3.3019,3.3533,3.4144,3.4553,3.506,3.5399,3.5824,3.627,3.6933,3.7587,3.8347,3.9163,3.9876,4.0588,4.1121,4.1516,4.1813,4.2199,4.2607,4.3073,4.3586,4.4281,4.501,4.5569,4.6138,4.6752,4.7085,4.7403,4.7784,4.8247,4.8733,4.9295,5.005,5.0727,5.1348,5.1832,5.231,5.2801,5.3341,5.3896,5.4388,5.4943,5.5543,5.6209,5.6991,5.7786,5.853,5.9121,5.9687,6.0153,6.0692,6.1132,6.1641,6.2195,6.2814,6.3512,6.4309,6.5107,6.592,6.641,6.6846,6.7329,6.7732,6.8274,6.8811,6.9476,7.017
"REMIND-MAgPIE 3.5-4.11","High - SSP3","World","Climate Assessment|Harmonized and Infilled|Emissions|CH4","Mt CH4/yr",1,,,,363.4899013289108,363.261633350691,363.04360423160045,360.02360472700093,357.0118063352114,354.0082090562316,351.0128128900617,348.0256178367017,349.3795637728596,350.71020075919023,352.0175287956935,353.3015478823696,354.56225801921846,356.0664703031955,357.5696629695993,359.07183601842985,360.57298944968727,362.0731232633715,362.53420331350793,362.94200315245513,363.2965227802132,363.597762196782,363.8457214021616,364.6255414421176,365.4294929022278,366.2575757824928,367.1097900829123,367.9861358034865,368.7916572780295,369.5971787525725,370.4027002271156,371.2082217016586,372.0137431762016,372.15208180976015,372.2904204433187,372.4287590768773,372.5670977104359,372.7054363439944,373.4946401191984,374.2838438944025,375.0730476696065,375.86225144481057,376.65145522001467,377.4406589952187,378.2298627704226,379.01906654562674,379.8082703208308,380.5974740960348,380.572612951872,380.5477518077092,380.5228906635465,380.4980295193837,380.4731683752208,380.4483072310581,380.4234460868952,380.3985849427324,380.3737237985696,380.3488626544068,380.3621883839307,380.3755141134546,380.3888398429784,380.4021655725023,380.4154913020263,380.4288170315502,380.442142761074,380.45546849059787,380.4687942201218,380.4821199496458,380.6853610578348,380.8886021660239,381.0918432742129,381.295084382402,381.4983254905911,381.7015665987801,381.9048077069692,382.1080488151583,382.3112899233473,382.5145310315364
"REMIND-MAgPIE 3.5-4.11","High - SSP3","World","Climate Assessment|Harmonized and Infilled|Emissions|CO2","Mt CO2/yr",1,,,,42339.76770647963,42375.714837640815,42415.23474448441,42369.91230368324,42327.96289069566,42289.38650552165,42254.18314816125,42222.35281861445,43314.40270305984,44411.37583104708,45513.27220257616,46620.09181764711,47731.834676259896,48449.39950519882,49170.09361040924,49893.91699189116,50620.86964964459,51350.951583669535,51973.53561825989,52597.44692986495,53222.68551848472,53849.25138411918,54477.14452676835,54960.07935511064,55443.573207562666,55927.62608412447,56412.237984796026,56897.40890957733,57381.97835708447,57866.5478045916,58351.11725209874,58835.68669960587,59320.25614711301,60194.00569499323,61067.75524287344,61941.50479075367,62815.25433863387,63689.003886514096,64279.50363015338,64870.00337379268,65460.503117432,66051.00286107129,66641.50260471058,67232.00234834988,67822.50209198918,68413.00183562847,69003.50157926777,69594.00132290708,69830.17642263447,70066.35152236186,70302.52662208927,70538.70172181666,70774.87682154407,71011.05192127144,71247.22702099883,71483.40212072624,71719.57722045365,71955.75232018103,71886.98679340648,71818.22126663197,71749.45573985741,71680.69021308285,71611.92468630832,71543.15915953377,71474.39363275922,71405.62810598467,71336.86257921014,71268.09705243558,70988.78890313547,70709.48075383536,70430.17260453526,70150.86445523516,69871.55630593507,69592.24815663495,69312.94000733485,69033.63185803476,68754.32370873464,68475.01555943454
"REMIND-MAgPIE 3.5-4.11","High - SSP3","World","Climate Assessment|Harmonized and Infilled|Emissions|Kyoto Gases [AR6GWP100]","Mt CO2-equiv/yr",1,,,,57507.00308133636,57618.483488487305,57733.91231244915,57733.8511970312,57737.49390391425,57744.840433098274,57755.89078458333,57770.64495836936,59026.86516458008,60287.13118895933,61551.44303150709,62819.800692223405,64092.20417110824,64991.789554530886,65894.50874877258,66800.36175383332,67709.34856971313,68621.46919641197,69393.09330327855,70164.00023542125,70934.18999284002,71703.6625755349,72472.41798350585,73122.02515249414,73773.14766034341,74425.78550705369,75079.93869262494,75735.60721705719,76350.84037161096,76966.06562417491,77581.28297474902,78196.4924233333,78811.69396992774,79804.2938662482,80796.87189609195,81789.42805945905,82781.96235634942,83774.47478676314,84511.13109604693,85247.74012909779,85984.30188591572,86720.81636650064,87457.28357085264,88193.64132167198,88929.95179625838,89666.2149946118,90402.4309167323,91138.59956261984,91478.54137232785,91818.4237864294,92158.24680492457,92498.01042781323,92837.71465509552,93177.31339794691,93516.8527451919,93856.33269683048,94195.7532528626,94535.11441328826,94548.2754896608,94561.43656603336,94574.59764240588,94587.75871877842,94600.919795151,94614.03222191936,94627.14464868775,94640.25707545612,94653.36950222452,94666.48192899291,94444.4685929922,94222.45525699148,94000.44192099078,93778.42858499008,93556.41524898936,93334.36055995776,93112.30587092614,92890.25118189452,92668.19649286287,92446.14180383128
"REMIND-MAgPIE 3.5-4.11","High - SSP3","World","Climate Assessment|Harmonized and Infilled|Emissions|N2O","kt N2O/yr",1,,,,11289.003670665756,11411.88830232768,11535.187393438351,11746.0238715472,11957.250079013407,12168.866015836977,12380.871682017909,12593.2670775562,12779.475672550105,12964.794849043155,13149.224607035356,13332.7649465267,13515.415867517191,13727.838831476553,13940.276942815486,14152.730201533994,14365.198607632075,14577.682161109737,14772.408202508885,14965.055520474863,15155.624115007671,15344.113986107315,15530.52513377379,15764.487456774415,15999.43337526761,16235.362889253358,16472.275998731668,16710.17270370253,16818.952192274002,16927.731680845467,17036.511169416935,17145.2906579884,17254.070146559872,17370.373516505064,17486.676886450263,17602.980256395458,17719.283626340653,17835.58699628585,17960.13669008014,18084.68638387444,18209.236077668727,18333.78577146302,18458.335465257314,18582.88515905161,18707.4348528459,18831.9845466402,18956.53424043449,19081.08393422878,19165.573056736524,19250.06217924426,19334.551301752,19419.04042425974,19503.52954676748,19588.018669275218,19672.50779178296,19756.996914290696,19841.48603679844,19925.975159306174,19995.856838563435,20065.738517820693,20135.620197077955,20205.50187633522,20275.38355559248,20345.26523484974,20415.146914106997,20485.02859336426,20554.91027262152,20624.791951878786,20692.87604333812,20760.960134797453,20829.04422625679,20897.128317716128,20965.21240917546,21033.296500634795,21101.38059209413,21169.46468355347,21237.5487750128,21305.63286647214
"REMIND-MAgPIE 3.5-4.11","High - SSP3","World","Climate Assessment|Surface Temperature (GSAT)|33rd Percentile [MAGICC v7.6.0a3]","°C",1,1.1491,1.1657,1.1865,1.2097,1.2339,1.2559,1.2756,1.2926,1.3101,1.3278,1.3449,1.3636,1.3828,1.4053,1.433,1.4611,1.4896,1.5152,1.5402,1.564,1.5861,1.6089,1.6327,1.6586,1.6868,1.719,1.7537,1.7878,1.8197,1.8482,1.8709,1.8956,1.9208,1.9478,1.9758,2.0062,2.0368,2.0667,2.0948,2.1229,2.1494,2.1711,2.194,2.2211,2.2477,2.2741,2.3033,2.3351,2.3684,2.398,2.4282,2.4581,2.4865,2.5144,2.5445,2.574,2.6057,2.638,2.6701,2.7078,2.7439,2.7793,2.8132,2.8446,2.8748,2.9029,2.9349,2.9663,2.997,3.0298,3.0655,3.1027,3.1413,3.1777,3.2104,3.2435,3.2759,3.3076,3.3371,3.3697,3.4017
"REMIND-MAgPIE 3.5-4.11","High - SSP3","World","Climate Assessment|Surface Temperature (GSAT)|67th Percentile [MAGICC v7.6.0a3]","°C",1,1.2622,1.2817,1.3037,1.3298,1.3605,1.3847,1.4067,1.4284,1.4507,1.4711,1.4937,1.5142,1.5395,1.5671,1.5989,1.6345,1.669,1.7021,1.7334,1.7618,1.7884,1.8165,1.8478,1.8806,1.9159,1.9558,1.9944,2.0314,2.0706,2.1036,2.1341,2.1639,2.1938,2.2235,2.2536,2.2868,2.3268,2.3637,2.4002,2.4371,2.47,2.4994,2.5271,2.555,2.5854,2.6161,2.6511,2.6881,2.726,2.7607,2.7953,2.8294,2.8644,2.9003,2.9353,2.9709,3.0084,3.0444,3.0855,3.13,3.1741,3.2154,3.2548,3.2919,3.3292,3.3654,3.4005,3.4357,3.4739,3.5139,3.5574,3.6071,3.6526,3.6964,3.7376,3.7839,3.8274,3.8668,3.9024,3.941,3.9841
"REMIND-MAgPIE 3.5-4.11","High - SSP3","World","Climate Assessment|Surface Temperature (GSAT)|Median [MAGICC v7.6.0a3]","°C",1,1.2035,1.2215,1.2429,1.2672,1.2927,1.3148,1.3345,1.3531,1.3705,1.3905,1.4095,1.431,1.4538,1.4795,1.5096,1.5393,1.5703,1.5984,1.6257,1.6519,1.6762,1.7036,1.7327,1.763,1.798,1.8333,1.8707,1.9087,1.9413,1.9707,1.9972,2.0239,2.0483,2.0752,2.1047,2.1375,2.1725,2.2065,2.2394,2.2725,2.3014,2.3278,2.3542,2.3789,2.4058,2.4356,2.4679,2.5037,2.5406,2.5757,2.6063,2.6348,2.6634,2.6933,2.7269,2.7588,2.7937,2.8302,2.8705,2.9062,2.9432,2.982,3.0199,3.0552,3.0878,3.1211,3.151,3.1845,3.2179,3.2559,3.294,3.3381,3.3853,3.4281,3.4655,3.4987,3.5281,3.5584,3.5933,3.6318,3.6715
"REMIND-MAgPIE 3.5-4.11","Low - SSP1","World","Climate Assessment|Effective Radiative Forcing|33rd Percentile [MAGICC v7.6.0a3]","W/m^2",1,2.566,2.556,2.6284,2.6851,2.7407,2.7804,2.8286,2.8698,2.9178,2.9576,3.007,3.0616,3.1113,3.1733,3.2466,3.2829,3.3154,3.3295,3.3512,3.3533,3.3533,3.3491,3.3506,3.3577,3.3775,3.4134,3.4366,3.4612,3.4683,3.4549,3.4221,3.4002,3.3842,3.369,3.3669,3.3773,3.3937,3.3834,3.3755,3.3692,3.3425,3.3131,3.2895,3.2745,3.2603,3.251,3.2611,3.2692,3.2678,3.2501,3.2209,3.1856,3.1604,3.1371,3.113,3.0934,3.0735,3.0621,3.0574,3.0539,3.0491,3.0361,3.0226,2.9995,2.981,2.9529,2.9296,2.9141,2.9023,2.9006,2.9033,2.9019,2.904,2.8783,2.8445,2.8155,2.7827,2.7596,2.7357,2.725,2.7232
"REMIND-MAgPIE 3.5-4.11","Low - SSP1","World","Climate Assessment|Effective Radiative Forcing|67th Percentile [MAGICC v7.6.0a3]","W/m^2",1,2.8229,2.8276,2.9005,2.9463,3.0072,3.0456,3.0901,3.1301,3.1747,3.2082,3.2532,3.3033,3.3499,3.4122,3.4801,3.512,3.5433,3.5564,3.5763,3.5785,3.574,3.5657,3.5655,3.5769,3.5927,3.6266,3.6473,3.6717,3.6775,3.6645,3.6403,3.6202,3.6076,3.5979,3.5971,3.6032,3.614,3.6054,3.6018,3.5969,3.5692,3.5437,3.5197,3.4998,3.487,3.4779,3.4893,3.4941,3.4882,3.4719,3.4468,3.4129,3.3853,3.3618,3.3394,3.3195,3.2984,3.288,3.2853,3.2823,3.2766,3.2627,3.2491,3.2276,3.2087,3.1796,3.1557,3.1404,3.1279,3.1219,3.1264,3.1243,3.127,3.1028,3.069,3.0409,3.0053,2.9829,2.9622,2.9516,2.9507
"REMIND-MAgPIE 3.5-4.11","Low - SSP1","World","Climate Assessment|Effective Radiative Forcing|Median [MAGICC v7.6.0a3]","W/m^2",1,2.6983,2.6998,2.7568,2.8058,2.8652,2.9027,2.949,2.9915,3.0382,3.0705,3.1224,3.1752,3.2247,3.2864,3.3614,3.3938,3.4267,3.4359,3.4622,3.4587,3.453,3.44,3.446,3.4582,3.4736,3.5076,3.5285,3.5561,3.5638,3.5546,3.5229,3.5012,3.484,3.471,3.4677,3.4764,3.4929,3.4874,3.4813,3.4737,3.4468,3.4216,3.3972,3.3825,3.3674,3.3625,3.3734,3.3773,3.3768,3.3585,3.3304,3.297,3.2729,3.2523,3.2269,3.2056,3.1841,3.1717,3.1655,3.1644,3.158,3.1452,3.1315,3.1069,3.0854,3.0528,3.0291,3.0153,3.0001,2.9985,3.0002,2.9993,3.004,2.9759,2.938,2.9063,2.8737,2.8515,2.8287,2.818,2.8163
"REMIND-MAgPIE 3.5-4.11","Low - SSP1","World","Climate Assessment|Harmonized and Infilled|Emissions|CH4","Mt CH4/yr",1,,,,363.4899013289108,363.261633350691,363.04360423160045,354.52303329538165,345.9578673206988,337.34810630755186,328.6937502559408,319.9947991658657,309.46951883724364,298.9277796580328,288.3695816282332,277.79492474784456,267.20380901686724,261.7598864520842,256.3196728785253,250.8831682961908,245.4503727050805,240.0212861051945,237.0680363159947,234.11955585492703,231.1758447219914,228.23690291718788,225.30273044051648,222.85634637969585,220.40067927252684,217.93572911900952,215.46149591914372,212.9779796729296,211.5587284161915,210.13947715945343,208.7202259027153,207.3009746459772,205.8817233892391,204.0168374803308,202.1519515714225,200.28706566251415,198.42217975360583,196.5572938446976,194.5198792477542,192.48246465081087,190.4450500538676,188.4076354569242,186.37022085998083,184.33280626303755,182.2953916660942,180.25797706915083,178.2205624722075,176.18314787526415,174.3479486788941,172.512749482524,170.67755028615397,168.8423510897839,167.00715189341386,165.1719526970438,163.33675350067372,161.50155430430365,159.6663551079336,157.83115591156354,155.69024878456952,153.54934165757552,151.40843453058153,149.2675274035875,147.1266202765935,144.98571314959952,142.8448060226055,140.7038988956115,138.56299176861748,136.42208464162348,134.72619729959433,133.03030995756512,131.33442261553597,129.63853527350676,127.9426479314776,126.24676058944844,124.55087324741922,122.85498590539008,121.15909856336086,119.4632112213317
"REMIND-MAgPIE 3.5-4.11","Low - SSP1","World","Climate Assessment|Harmonized and Infilled|Emissions|CO2","Mt CO2/yr",1,,,,42339.76770647963,42375.714837640815,42415.23474448441,41668.016560033495,40920.506000238194,40172.70306509854,39424.60775461451,38676.2200687861,36819.773724275605,34957.42972907979,33089.188083198664,31215.04878663222,29335.011839380448,27868.658096108316,26396.31214578388,24917.973988407142,23433.643623978125,21943.3210524968,20886.165052780285,19828.19801263362,18769.4199320568,17709.830811049833,16649.43064961272,15863.508143863395,15076.607478469596,14288.728653431326,13499.871668748588,12710.036524421384,12094.794813134547,11479.553101847718,10864.311390560888,10249.069679274056,9633.827967987228,8971.66572700004,8309.503486012847,7647.341245025656,6985.179004038466,6323.016763051276,5874.614575588431,5426.212388125585,4977.810200662739,4529.4080131998935,4081.005825737048,3632.603638274201,3184.2014508113552,2735.7992633485096,2287.397075885664,1838.9948884228188,1542.9905813741798,1246.9862743255412,950.9819672769016,654.9776602282632,358.9733531796255,62.96904613098559,-233.03526091765207,-529.0395679662925,-825.0438750149303,-1121.0481820635682,-1352.9379950982295,-1584.8278081328915,-1816.717621167553,-2048.607434202216,-2280.497247236877,-2512.3870602715388,-2744.276873306201,-2976.1666863408614,-3208.056499375524,-3439.946312410185,-3601.831806418698,-3763.717300427209,-3925.6027944357215,-4087.4882884442345,-4249.373782452745,-4411.25927646126,-4573.144770469771,-4735.030264478284,-4896.915758486795,-5058.801252495309
"REMIND-MAgPIE 3.5-4.11","Low - SSP1","World","Climate Assessment|Harmonized and Infilled|Emissions|Kyoto Gases [AR6GWP100]","Mt CO2-equiv/yr",1,,,,57507.00308133636,57583.21724261318,57662.99453286117,56562.20139159166,55459.84993348678,54355.94015854656,53250.47206677096,52143.44565816,49909.63176839383,47669.60369847797,45423.36144841238,43170.905018197096,40912.2344078321,39242.00232270668,37565.84329779182,35883.7573330875,34195.74442859376,32501.804584310565,31305.078297156168,30107.7185188146,28909.725249285857,27711.09848856995,26511.83823666688,25601.6310466564,24690.150613897684,23777.396938390742,22863.37002013558,21948.069859132196,21248.705666699625,20549.51454893705,19850.496505844458,19151.651537421843,18452.97964366922,17693.861206598376,16934.90903991121,16176.123143607718,15417.503517687906,14659.05016215177,14112.685892106992,13566.476171889875,13020.42100150042,12474.520380938626,11928.774310204491,11383.578849986878,10838.523826008732,10293.609238270054,9748.835086770843,9204.2013715111,8822.779818801415,8441.512735993168,8060.400123086363,7679.441980080997,7298.638306977077,6917.656017480478,6536.8245534295975,6156.143914824433,5775.614101664987,5395.235113951257,5075.802064595186,4756.369015239114,4436.935965883044,4117.502916526972,3798.069867170901,3479.6432758506908,3161.21668453048,2842.790093210272,2524.3635018900604,2205.9369105698506,1975.4310315586008,1744.925152547352,1514.4192735361014,1283.9133945248518,1053.4075155136045,829.2126401503058,605.0177647870103,380.8228894237142,156.62801406041862,-67.56686130287795
"REMIND-MAgPIE 3.5-4.11","Low - SSP1","World","Climate Assessment|Harmonized and Infilled|Emissions|N2O","kt N2O/yr",1,,,,11289.003670665756,11411.88830232768,11535.187393438351,11423.712573323288,11310.464400001389,11195.442873472655,11078.647993737088,10960.079760794688,10731.59709047475,10502.455268401123,10272.654294573818,10042.194168992826,9811.07489165815,9682.605949647685,9554.276516638583,9426.08659263084,9298.03617762446,9170.12527161944,9030.481764120166,8890.98554518103,8751.636614802032,8612.434972983167,8473.380619724441,8348.845358081275,8223.942259862,8098.671325066622,7973.032553695136,7847.025945747544,7773.744529704696,7700.463113661852,7627.181697619003,7553.900281576157,7480.618865533311,7395.52521024843,7310.43155496355,7225.337899678669,7140.244244393787,7055.150589108906,6965.889695542935,6876.628801976965,6787.367908410994,6698.107014845024,6608.8461212790535,6519.585227713082,6430.324334147111,6341.06344058114,6251.802547015169,6162.541653449199,6091.809965125156,6021.078276801111,5950.3465884770685,5879.614900153024,5808.883211828982,5738.151523504937,5667.419835180895,5596.688146856851,5525.956458532807,5455.224770208763,5380.894352698673,5306.563935188583,5232.233517678495,5157.903100168404,5083.572682658314,5009.242265148225,4934.911847638135,4860.581430128046,4786.251012617957,4711.920595107866,4649.57375895645,4587.226922805035,4524.880086653619,4462.533250502205,4400.18641435079,4337.839578199374,4275.492742047959,4213.145905896544,4150.799069745129,4088.452233593714
"REMIND-MAgPIE 3.5-4.11","Low - SSP1","World","Climate Assessment|Surface Temperature (GSAT)|33rd Percentile [MAGICC v7.6.0a3]","°C",1,1.1491,1.1657,1.1865,1.2097,1.2339,1.2568,1.2784,1.2984,1.3184,1.3384,1.3582,1.3797,1.4022,1.4253,1.4544,1.4832,1.5021,1.5192,1.5323,1.5429,1.5534,1.5628,1.5705,1.5772,1.5872,1.5988,1.6094,1.6215,1.6317,1.6387,1.6423,1.6407,1.64,1.638,1.6396,1.6415,1.6441,1.6502,1.6529,1.6541,1.6506,1.6455,1.6406,1.6348,1.6307,1.6285,1.6265,1.6283,1.6275,1.6257,1.6231,1.6183,1.6133,1.608,1.5996,1.5912,1.5814,1.5755,1.571,1.5685,1.5662,1.562,1.5577,1.5526,1.5466,1.5385,1.5309,1.5242,1.5174,1.5116,1.5092,1.5081,1.508,1.5045,1.4961,1.4872,1.4772,1.4668,1.4564,1.4482,1.4427
"REMIND-MAgPIE 3.5-4.11","Low - SSP1","World","Climate Assessment|Surface Temperature (GSAT)|67th Percentile [MAGICC v7.6.0a3]","°C",1,1.2622,1.2817,1.3037,1.3298,1.3605,1.386,1.4121,1.4383,1.4652,1.4917,1.5178,1.548,1.5764,1.6061,1.6402,1.671,1.7017,1.7254,1.7443,1.7644,1.7787,1.7891,1.8008,1.8155,1.8282,1.8453,1.8623,1.8796,1.8947,1.907,1.9136,1.9163,1.9161,1.9149,1.9143,1.9156,1.923,1.9286,1.9339,1.9337,1.9347,1.9338,1.9311,1.9255,1.9222,1.9196,1.9189,1.9207,1.9231,1.9243,1.9208,1.9157,1.9104,1.9043,1.8969,1.89,1.8839,1.8773,1.8729,1.8706,1.8692,1.8676,1.8646,1.8593,1.852,1.8404,1.8306,1.8251,1.8196,1.8157,1.8147,1.8135,1.8132,1.8101,1.804,1.7959,1.7863,1.7781,1.7702,1.7626,1.7578
"REMIND-MAgPIE 3.5-4.11","Low - SSP1","World","Climate Assessment|Surface Temperature (GSAT)|Median [MAGICC v7.6.0a3]","°C",1,1.2035,1.2215,1.2429,1.2672,1.2927,1.3155,1.3399,1.3614,1.3848,1.4106,1.4342,1.4613,1.4877,1.5175,1.5484,1.5778,1.603,1.6246,1.6417,1.6583,1.6725,1.6811,1.6877,1.694,1.7035,1.719,1.7335,1.75,1.7619,1.7717,1.7773,1.7795,1.7793,1.7799,1.7831,1.7853,1.7903,1.7957,1.7997,1.8029,1.8007,1.7964,1.7904,1.7865,1.7833,1.78,1.7805,1.7828,1.785,1.785,1.782,1.7772,1.77,1.7632,1.757,1.7506,1.7441,1.7362,1.7319,1.7286,1.7248,1.7228,1.7192,1.7145,1.7089,1.701,1.6929,1.686,1.6793,1.6748,1.6735,1.6722,1.67,1.6658,1.6588,1.6497,1.6385,1.6277,1.6188,1.6121,1.6062
"REMIND-MAgPIE 3.5-4.11","Low - SSP2","World","Climate Assessment|Effective Radiative Forcing|33rd Percentile [MAGICC v7.6.0a3]","W/m^2",1,2.566,2.556,2.6284,2.6851,2.7407,2.781,2.8287,2.8713,2.921,2.9624,3.0107,3.0598,3.1058,3.1655,3.2415,3.2781,3.3151,3.3275,3.3456,3.3493,3.3471,3.3397,3.3415,3.3508,3.369,3.404,3.4243,3.4522,3.4598,3.4461,3.4179,3.3952,3.3714,3.3547,3.3501,3.3544,3.3664,3.3574,3.3516,3.3461,3.3162,3.2827,3.253,3.2357,3.2185,3.2074,3.2168,3.219,3.2142,3.1941,3.1673,3.1368,3.1134,3.0929,3.0697,3.051,3.0343,3.024,3.0219,3.0247,3.0224,3.0123,3.0001,2.9777,2.9641,2.9371,2.9164,2.9043,2.8946,2.8961,2.9018,2.9024,2.9143,2.8911,2.8616,2.8388,2.8101,2.7916,2.775,2.7724,2.778
"REMIND-MAgPIE 3.5-4.11","Low - SSP2","World","Climate Assessment|Effective Radiative Forcing|67th Percentile [MAGICC v7.6.0a3]","W/m^2",1,2.8229,2.8276,2.9005,2.9463,3.0072,3.0461,3.0906,3.1313,3.1785,3.2159,3.2611,3.3066,3.3567,3.413,3.4809,3.5145,3.5508,3.5619,3.5834,3.586,3.5765,3.5652,3.5741,3.5803,3.5953,3.6257,3.6445,3.6719,3.6741,3.6621,3.6354,3.6121,3.5953,3.5756,3.5706,3.5806,3.5936,3.5841,3.5766,3.5682,3.5419,3.5108,3.487,3.4653,3.4461,3.4358,3.4431,3.4447,3.4376,3.4157,3.389,3.3583,3.3362,3.3133,3.2897,3.2727,3.2538,3.2428,3.2408,3.2405,3.2383,3.2278,3.2141,3.1956,3.1779,3.1499,3.1304,3.1181,3.1081,3.109,3.1165,3.1182,3.128,3.1062,3.0741,3.0461,3.0239,3.0076,2.9939,2.9885,2.9868
"REMIND-MAgPIE 3.5-4.11","Low - SSP2","World","Climate Assessment|Effective Radiative Forcing|Median [MAGICC v7.6.0a3]","W/m^2",1,2.6983,2.6998,2.7568,2.8058,2.8652,2.9032,2.9503,2.9949,3.041,3.0763,3.1281,3.1769,3.2254,3.2823,3.3541,3.3921,3.4275,3.4393,3.4587,3.4577,3.4566,3.4487,3.4503,3.4598,3.471,3.5058,3.5289,3.5544,3.5602,3.5453,3.5141,3.4929,3.4738,3.4566,3.4509,3.4582,3.4705,3.4626,3.4569,3.4495,3.418,3.3858,3.361,3.3417,3.3255,3.3141,3.3219,3.3265,3.3205,3.301,3.2741,3.2432,3.222,3.201,3.1784,3.1606,3.1418,3.1331,3.1355,3.1384,3.1373,3.1268,3.1139,3.0898,3.0711,3.0415,3.0189,3.0063,2.9962,2.9958,3.0046,3.0071,3.0134,2.992,2.9626,2.9355,2.9078,2.8912,2.8768,2.8726,2.8731
"REMIND-MAgPIE 3.5-4.11","Low - SSP2","World","Climate Assessment|Harmonized and Infilled|Emissions|CH4","Mt CH4/yr",1,,,,363.4899013289108,363.261633350691,363.04360423160045,355.853632899326,348.6195179362912,341.3412593424962,334.0188571179409,326.6523112626254,317.7932736677856,308.92790868730725,300.0562163211905,291.1781965694353,282.29384943204155,276.7962576635986,271.29637401337726,265.7941984813774,260.28973106759906,254.78297177204223,252.4177926255713,250.05258687460216,247.6873545191347,245.322095559169,242.956809994705,241.02599057765207,239.08361339156747,237.1296784364511,235.1641857123029,233.18713521912304,232.70443575074745,232.22173628237192,231.73903681399636,231.25633734562075,230.7736378772452,230.074926867313,229.37621585738088,228.67750484744863,227.97879383751643,227.28008282758427,226.74119234879967,226.20230187001508,225.66341139123043,225.12452091244583,224.5856304336613,224.04673995487664,223.50784947609208,222.96895899730745,222.4300685185229,221.89117803973824,221.45388678833592,221.01659553693355,220.57930428553124,220.1420130341289,219.70472178272652,219.26743053132424,218.83013927992192,218.39284802851955,217.95555677711724,217.51826552571487,216.61215648437877,215.7060474430426,214.79993840170644,213.8938293603703,212.98772031903417,212.081611277698,211.1755022363619,210.2693931950257,209.3632841536896,208.45717511235347,208.33571549701645,208.21425588167943,208.0927962663424,207.9713366510054,207.8498770356684,207.7284174203314,207.6069578049944,207.48549818965736,207.36403857432035,207.24257895898333
"REMIND-MAgPIE 3.5-4.11","Low - SSP2","World","Climate Assessment|Harmonized and Infilled|Emissions|CO2","Mt CO2/yr",1,,,,42339.76770647963,42375.714837640815,42415.23474448441,41685.63843502006,40957.091020397085,40229.59250061547,39503.14287567523,38777.742145576354,36927.68981709496,35068.55575740436,33200.33996650455,31323.04244439555,29436.663191077347,27660.26034423209,25869.679803167797,24064.92156788443,22245.98563838201,20412.872014660545,19049.543641002263,17684.371488750076,16317.355557903977,14948.49584846397,13577.792360430054,12632.349273570804,11685.710973927118,10737.87746149899,9788.848736286423,8838.624798289417,8103.865391604163,7369.105984918903,6634.346578233648,5899.587171548392,5164.827764863136,4346.440483084575,3528.0532013060174,2709.66591952746,1891.2786377489,1072.8913559703424,544.76752214301,16.643688315677537,-511.48014551165625,-1039.6039793389905,-1567.7278131663224,-2095.851646993656,-2623.975480820987,-3152.09931464832,-3680.223148475654,-4208.346982302986,-4423.903529129097,-4639.460075955209,-4855.016622781317,-5070.573169607428,-5286.1297164335365,-5501.6862632596485,-5717.242810085758,-5932.799356911868,-6148.355903737978,-6363.912450564088,-6514.679985429425,-6665.44752029476,-6816.215055160095,-6966.982590025431,-7117.750124890765,-7268.517659756101,-7419.285194621436,-7570.052729486771,-7720.820264352106,-7871.587799217443,-7941.123431459754,-8010.659063702066,-8080.194695944378,-8149.730328186692,-8219.265960429006,-8288.801592671318,-8358.33722491363,-8427.872857155944,-8497.408489398258,-8566.944121640568
"REMIND-MAgPIE 3.5-4.11","Low - SSP2","World","Climate Assessment|Harmonized and Infilled|Emissions|Kyoto Gases [AR6GWP100]","Mt CO2-equiv/yr",1,,,,57507.00308133636,57696.40380087418,57892.19991552894,56937.09775781512,55980.94265998872,55023.73462204969,54065.47364399807,53106.15972583384,50919.17629644863,48722.35475889509,46515.69511317324,44299.1973592831,42072.86149722464,40090.587545999246,38093.85148377576,36082.65331055415,34056.99302633444,32016.870631116624,30503.266026144043,28987.28617164885,27468.931067631045,25948.20071409063,24425.095111027607,23375.234079506416,22323.5387386983,21270.009088603256,20214.645129221284,19157.446860552383,18380.647031829398,17603.651769271357,16826.46107287829,16049.07494265018,15271.49337858703,14426.219496293785,13580.910422136336,12735.566156114674,11890.1866982288,11044.77204847872,10495.06837754638,9945.295361936754,9395.453001649836,8845.541296685633,8295.560247044139,7754.833634786867,7214.118471971568,6673.414758598232,6132.722494666863,5592.0416801774645,5354.392681758198,5116.720545282543,4879.025270750508,4641.3068581620855,4403.565307517277,4170.164878023519,3936.78347529186,3703.421099322296,3470.07775011483,3236.75342766946,3040.0794251803686,2843.405422691277,2646.7314202021853,2450.0574177130948,2253.383415224005,2063.7132667686324,1874.0431183132607,1684.3729698578902,1494.7028214025202,1305.0326729471485,1215.6941332000038,1126.3555934528592,1037.017053705712,947.678513958568,858.339974211422,772.3643546483025,686.3887350851832,600.4131155220622,514.437495958941,428.4618763958241
"REMIND-MAgPIE 3.5-4.11","Low - SSP2","World","Climate Assessment|Harmonized and Infilled|Emissions|N2O","kt N2O/yr",1,,,,11289.003670665756,11411.88830232768,11535.187393438351,11589.010153198858,11641.078616421562,11691.39278310646,11739.952653253556,11786.758226862854,11614.880189299862,11442.712015084617,11270.253704217115,11097.505256697365,10924.46667252536,10837.733510426826,10750.884949725652,10663.920990421844,10576.841632515396,10489.646876006314,10404.27701150975,10318.900013799735,10233.515882876269,10148.124618739352,10062.726221388984,10000.332567874691,9937.471510030084,9874.143047855165,9810.347181349924,9746.083910514366,9734.762704826737,9723.441499139102,9712.120293451471,9700.79908776384,9689.477882076208,9691.943041140212,9694.40820020422,9696.873359268224,9699.33851833223,9701.803677396236,9720.971701544217,9740.139725692192,9759.307749840173,9778.475773988152,9797.643798136129,9816.81182228411,9835.979846432092,9855.147870580073,9874.315894728052,9893.48391887603,9885.966435551443,9878.448952226854,9870.931468902269,9863.41398557768,9855.896502253092,9848.3790189285,9840.861535603915,9833.344052279328,9825.82656895474,9818.309085630151,9780.686324559656,9743.063563489157,9705.440802418658,9667.81804134816,9630.19528027766,9592.572519207164,9554.949758136663,9517.326997066166,9479.704235995669,9442.081474925171,9408.304667741604,9374.52786055804,9340.75105337447,9306.974246190906,9273.19743900734,9239.420631823772,9205.643824640203,9171.86701745664,9138.090210273074,9104.313403089507
"REMIND-MAgPIE 3.5-4.11","Low - SSP2","World","Climate Assessment|Surface Temperature (GSAT)|33rd Percentile [MAGICC v7.6.0a3]","°C",1,1.1491,1.1657,1.1865,1.2097,1.2339,1.2569,1.2786,1.299,1.3195,1.3399,1.3604,1.3806,1.4037,1.4262,1.4535,1.4806,1.5041,1.5231,1.5376,1.5471,1.5545,1.565,1.572,1.5802,1.5901,1.603,1.6137,1.6248,1.635,1.6389,1.6398,1.6374,1.6354,1.6334,1.633,1.6352,1.6399,1.6429,1.6441,1.6446,1.6425,1.6366,1.6293,1.624,1.6179,1.6137,1.6111,1.6111,1.6107,1.6095,1.6062,1.5995,1.5925,1.5861,1.5796,1.5725,1.5656,1.5598,1.5568,1.5552,1.5549,1.5526,1.549,1.545,1.5401,1.5327,1.5247,1.518,1.5125,1.5092,1.5092,1.51,1.5085,1.5058,1.5001,1.4927,1.4855,1.4775,1.47,1.4632,1.4603
"REMIND-MAgPIE 3.5-4.11","Low - SSP2","World","Climate Assessment|Surface Temperature (GSAT)|67th Percentile [MAGICC v7.6.0a3]","°C",1,1.2622,1.2817,1.3037,1.3298,1.3605,1.3861,1.4125,1.4388,1.4667,1.4931,1.5206,1.5486,1.5794,1.6075,1.6395,1.6715,1.6997,1.7242,1.746,1.7633,1.7772,1.7888,1.8004,1.8118,1.8238,1.8393,1.8578,1.8742,1.8891,1.9015,1.908,1.9094,1.9082,1.9059,1.9073,1.9105,1.9187,1.9231,1.9262,1.9263,1.9231,1.9175,1.9124,1.9079,1.9041,1.9005,1.8999,1.8988,1.9009,1.8995,1.8958,1.8914,1.8866,1.8807,1.8749,1.8683,1.8623,1.8574,1.8554,1.856,1.8568,1.8559,1.8532,1.8482,1.8438,1.8375,1.8301,1.8207,1.8155,1.8131,1.8124,1.8123,1.8134,1.8131,1.8085,1.8015,1.793,1.7844,1.7786,1.7748,1.774
"REMIND-MAgPIE 3.5-4.11","Low - SSP2","World","Climate Assessment|Surface Temperature (GSAT)|Median [MAGICC v7.6.0a3]","°C",1,1.2035,1.2215,1.2429,1.2672,1.2927,1.3156,1.3402,1.3619,1.3857,1.412,1.4366,1.4621,1.4871,1.5157,1.5476,1.5767,1.6007,1.6237,1.643,1.6599,1.6719,1.6799,1.6853,1.6945,1.7062,1.7211,1.7332,1.747,1.7581,1.7673,1.7717,1.7763,1.7764,1.7727,1.7721,1.7745,1.7805,1.7846,1.786,1.7877,1.7868,1.7827,1.7787,1.7742,1.7699,1.7655,1.764,1.764,1.7631,1.7605,1.7566,1.7503,1.7443,1.7393,1.7327,1.727,1.7229,1.7186,1.7147,1.7112,1.709,1.7073,1.7054,1.7021,1.698,1.6928,1.6868,1.6814,1.6733,1.6673,1.6651,1.6635,1.6632,1.6625,1.6566,1.6481,1.6402,1.6319,1.6257,1.6203,1.6171
"REMIND-MAgPIE 3.5-4.11","Low-to-Negative - SSP2","World","Climate Assessment|Effective Radiative Forcing|33rd Percentile [MAGICC v7.6.0a3]","W/m^2",1,2.566,2.556,2.6284,2.6851,2.7407,2.7713,2.7945,2.8184,2.8518,2.8716,2.9175,2.9853,3.044,3.1221,3.2091,3.2605,3.3148,3.3357,3.3694,3.3854,3.3923,3.3952,3.4085,3.4269,3.4506,3.4851,3.5052,3.5318,3.5359,3.5181,3.4953,3.489,3.4882,3.4851,3.4913,3.5136,3.5329,3.5253,3.5225,3.5152,3.4846,3.4531,3.4236,3.4075,3.391,3.3811,3.3875,3.3864,3.3754,3.3493,3.315,3.2708,3.2363,3.2032,3.17,3.1411,3.1096,3.0868,3.0693,3.0543,3.0363,3.0093,2.9793,2.9439,2.9132,2.8694,2.8309,2.8029,2.7762,2.7583,2.7488,2.7327,2.7274,2.6893,2.6442,2.6049,2.5617,2.5274,2.4946,2.4727,2.4598
"REMIND-MAgPIE 3.5-4.11","Low-to-Negative - SSP2","World","Climate Assessment|Effective Radiative Forcing|67th Percentile [MAGICC v7.6.0a3]","W/m^2",1,2.8229,2.8276,2.9005,2.9463,3.0072,3.0377,3.0636,3.0918,3.1315,3.1563,3.2071,3.2637,3.3171,3.3877,3.4708,3.5162,3.562,3.5834,3.6094,3.6324,3.6342,3.6323,3.6457,3.6632,3.6874,3.724,3.7467,3.7696,3.7727,3.7571,3.7358,3.7332,3.7258,3.725,3.7318,3.7426,3.7573,3.7533,3.7512,3.7496,3.7204,3.6892,3.6673,3.6472,3.6345,3.6214,3.6192,3.6235,3.6085,3.5816,3.5447,3.4985,3.465,3.4296,3.3906,3.3607,3.3307,3.3081,3.2934,3.2795,3.2646,3.2407,3.2155,3.1767,3.1456,3.1033,3.0668,3.0381,3.0124,2.994,2.9867,2.9679,2.962,2.9243,2.8793,2.8365,2.7933,2.7589,2.7226,2.7049,2.6904
"REMIND-MAgPIE 3.5-4.11","Low-to-Negative - SSP2","World","Climate Assessment|Effective Radiative Forcing|Median [MAGICC v7.6.0a3]","W/m^2",1,2.6983,2.6998,2.7568,2.8058,2.8652,2.8937,2.9206,2.9466,2.9787,3.0115,3.0611,3.1203,3.1801,3.2495,3.3355,3.3858,3.434,3.455,3.4899,3.5053,3.5112,3.5114,3.5271,3.5418,3.567,3.6041,3.6233,3.6456,3.6514,3.6345,3.6091,3.6082,3.6011,3.5954,3.6014,3.6187,3.6339,3.6316,3.6293,3.6228,3.5941,3.5634,3.5371,3.5184,3.5021,3.4904,3.4941,3.4969,3.4886,3.4649,3.427,3.3827,3.3488,3.3163,3.2848,3.2538,3.2198,3.1978,3.1853,3.1726,3.1547,3.1274,3.0982,3.0581,3.0247,2.9797,2.942,2.9132,2.886,2.8673,2.8631,2.8472,2.8356,2.7982,2.7538,2.7111,2.6659,2.6321,2.5976,2.5777,2.5674
"REMIND-MAgPIE 3.5-4.11","Low-to-Negative - SSP2","World","Climate Assessment|Harmonized and Infilled|Emissions|CH4","Mt CH4/yr",1,,,,363.4899013289108,363.261633350691,363.04360423160045,358.55086204258333,354.1176352512883,349.7439238577153,345.4297278618643,341.17504726373545,334.6934689918421,328.1156833632008,321.44169037781137,314.6714900356739,307.8050823367884,303.7603924492404,299.68012296302226,295.56427387813403,291.41284519457554,287.225836912347,282.8858500315185,278.55305497625244,274.2274517465488,269.9090403424077,265.59782076382913,262.75553137499713,259.9285056142639,257.1167434816295,254.3202449770938,251.53901010065687,249.5758067154576,247.6126033302583,245.64939994505903,243.6861965598597,241.7229931746604,240.35712889003275,238.99126460540512,237.62540032077757,236.25953603614997,234.89367175152236,233.6550216953913,232.41637163926035,231.17772158312937,229.9390715269984,228.70042147086733,227.4617714147364,226.22312135860545,224.98447130247445,223.7458212463435,222.5071711902125,221.89328094730303,221.2793907043936,220.66550046148404,220.05161021857455,219.43771997566512,218.8238297327556,218.2099394898461,217.59604924693664,216.98215900402715,216.3682687611177,215.4657038239669,214.56313888681612,213.66057394966535,212.7580090125146,211.85544407536383,210.95287913821304,210.0503142010623,209.1477492639115,208.24518432676072,207.34261938961,207.28063289560853,207.2186464016071,207.15665990760567,207.09467341360423,207.0326869196028,206.97070042560136,206.90871393159995,206.84672743759856,206.78474094359711,206.72275444959567
"REMIND-MAgPIE 3.5-4.11","Low-to-Negative - SSP2","World","Climate Assessment|Harmonized and Infilled|Emissions|CO2","Mt CO2/yr",1,,,,42339.76770647963,42375.714837640815,42415.23474448441,41977.4707644572,41542.03567766151,41108.92948409735,40678.1521837647,40249.70377666358,39308.94408814935,38367.094517999234,37424.15506621321,36480.12573279129,35535.00651773348,34116.38773555524,32691.18289290236,31259.39198977482,29821.01502617261,28376.052002095752,27080.742470443343,25782.704787772946,24481.938954084573,23178.44496937821,21872.22283365388,20696.638583043736,19518.996507307704,18339.296606445798,17157.53888045799,15973.723329344304,14704.995900604776,13436.268471865247,12167.541043125726,10898.813614386194,9630.086185646667,8145.111493872476,6660.136802098283,5175.1621103240905,3690.187418549899,2205.2127267757064,948.2639030286869,-308.6849207183336,-1565.6337444653527,-2822.5825682123723,-4079.531391959393,-5336.480215706412,-6593.429039453432,-7850.377863200452,-9107.326686947474,-10364.275510694491,-11082.948901464835,-11801.622292235175,-12520.295683005515,-13238.96907377586,-13957.6424645462,-14676.31585531654,-15394.989246086889,-16113.662636857229,-16832.33602762757,-17551.00941839791,-18016.844440646644,-18482.67946289537,-18948.5144851441,-19414.349507392828,-19880.18452964156,-20346.019551890284,-20811.85457413901,-21277.689596387747,-21743.52461863647,-22209.359640885203,-22395.02608411428,-22580.69252734335,-22766.358970572423,-22952.0254138015,-23137.69185703057,-23323.358300259653,-23509.024743488728,-23694.6911867178,-23880.35762994688,-24066.024073175955
"REMIND-MAgPIE 3.5-4.11","Low-to-Negative - SSP2","World","Climate Assessment|Harmonized and Infilled|Emissions|Kyoto Gases [AR6GWP100]","Mt CO2-equiv/yr",1,,,,57507.00308133636,57523.25508696647,57543.677502076695,56961.99369701711,56385.14324899511,55813.09599735255,55245.91236504001,54683.55809578545,53465.046796935545,52241.91258606489,51014.176380223966,49781.87449654815,48544.94692804703,46929.50952719908,45306.315289953134,43675.378374640575,42036.68963818724,40390.25203581521,38954.03027042029,37515.375470660445,36074.33309457527,34630.85235366149,33184.99159154899,31914.18826859236,30641.97044239735,29368.35591541693,28093.287229555728,26816.805907722428,25425.86009247457,24034.990517526927,22644.16633924911,21253.43741148513,19862.776444964176,18283.74282424321,16704.757693000414,15125.86459275697,13547.042886318744,11968.28820261026,10653.266329217626,9338.285936556636,8023.326136729128,6708.43033314582,5393.578651403737,4079.085641130392,2764.6327853723683,1450.2224073339385,135.85576548685694,-1178.4729071994525,-1917.563524265459,-2656.6190132834595,-3395.684376656661,-4134.740533612192,-4873.785678742987,-5612.678109687959,-6351.562325240187,-7090.408073428304,-7829.269793605136,-8568.119487028323,-9065.105346366676,-9562.089914435515,-10059.07545008638,-10556.05764184317,-11053.043603852058,-11549.928791539109,-12046.820986828185,-12543.707945809696,-13040.596293965626,-13537.483513737405,-13733.156338465247,-13928.826929545998,-14124.496488140696,-14320.167814863422,-14515.840418591264,-14711.582696601356,-14907.323423659742,-15103.062593176612,-15298.803123120357,-15494.544820130452
"REMIND-MAgPIE 3.5-4.11","Low-to-Negative - SSP2","World","Climate Assessment|Harmonized and Infilled|Emissions|N2O","kt N2O/yr",1,,,,11289.003670665756,11411.88830232768,11535.187393438351,11637.801455657738,11742.837981885432,11850.296972121432,11960.178426365736,12072.482344618347,11972.22929501778,11868.200842340528,11760.396986586586,11648.81772775596,11533.463065848642,11479.931590092096,11425.001667072183,11368.673296788907,11310.946479242262,11251.821214432246,11194.134289035504,11136.6342857756,11079.32120465254,11022.195045666318,10965.25580881694,10921.051335233182,10877.377566351131,10834.234502170786,10791.622142692142,10749.540487915205,10655.06095581157,10560.581423707945,10466.10189160431,10371.62235950068,10277.14282739705,10222.361222255242,10167.57961711343,10112.798011971625,10058.016406829816,10003.234801688008,10002.053884287086,10000.872966886169,9999.692049485247,9998.511132084332,9997.330214683414,9996.149297282496,9994.968379881577,9993.78746248066,9992.606545079738,9991.42562767882,9996.780294702685,10002.134961726551,10007.489628750413,10012.844295774275,10018.198962798142,10023.553629822009,10028.908296845872,10034.262963869734,10039.6176308936,10044.972297917464,10019.117161800315,9993.262025683174,9967.406889566026,9941.55175344888,9915.696617331736,9889.84148121459,9863.986345097444,9838.131208980296,9812.276072863153,9786.420936746006,9752.34555521552,9718.270173685036,9684.19479215455,9650.11941062407,9616.044029093582,9581.9686475631,9547.893266032615,9513.817884502132,9479.742502971649,9445.667121441164
"REMIND-MAgPIE 3.5-4.11","Low-to-Negative - SSP2","World","Climate Assessment|Surface Temperature (GSAT)|33rd Percentile [MAGICC v7.6.0a3]","°C",1,1.1491,1.1657,1.1865,1.2097,1.2339,1.2559,1.2756,1.2919,1.3095,1.3252,1.3411,1.3618,1.3854,1.4108,1.4387,1.4683,1.495,1.5177,1.5387,1.5582,1.5712,1.5802,1.5913,1.6013,1.6153,1.6316,1.6462,1.6617,1.6742,1.6821,1.6847,1.6859,1.6889,1.6914,1.6953,1.6984,1.7031,1.7089,1.714,1.7178,1.7175,1.7145,1.7103,1.706,1.7001,1.6959,1.6944,1.6946,1.6935,1.6894,1.6816,1.672,1.6629,1.6507,1.6408,1.6296,1.6194,1.6077,1.5987,1.592,1.5853,1.5774,1.5671,1.5544,1.5415,1.5267,1.5113,1.4973,1.4859,1.474,1.465,1.4583,1.4527,1.4435,1.4301,1.4146,1.3979,1.3816,1.3657,1.3522,1.3406
"REMIND-MAgPIE 3.5-4.11","Low-to-Negative - SSP2","World","Climate Assessment|Surface Temperature (GSAT)|67th Percentile [MAGICC v7.6.0a3]","°C",1,1.2622,1.2817,1.3037,1.3298,1.3605,1.3847,1.4067,1.4281,1.4504,1.4688,1.4896,1.5137,1.5439,1.5782,1.6171,1.6556,1.686,1.7159,1.7427,1.7674,1.7882,1.8042,1.8185,1.8365,1.8515,1.8686,1.8863,1.9043,1.92,1.9301,1.9352,1.9422,1.9488,1.9546,1.9593,1.9685,1.9817,1.9912,2.0001,2.0039,2.0053,2.0041,2.0026,1.9985,1.9943,1.9893,1.9876,1.9899,1.9934,1.9941,1.9899,1.9816,1.9703,1.9589,1.948,1.9377,1.9282,1.9168,1.9094,1.9035,1.8964,1.8888,1.8795,1.8682,1.8563,1.8432,1.826,1.8119,1.7989,1.7887,1.7794,1.7725,1.767,1.7572,1.745,1.7306,1.7167,1.7021,1.6857,1.672,1.6613
"REMIND-MAgPIE 3.5-4.11","Low-to-Negative - SSP2","World","Climate Assessment|Surface Temperature (GSAT)|Median [MAGICC v7.6.0a3]","°C",1,1.2035,1.2215,1.2429,1.2672,1.2927,1.3149,1.3344,1.3517,1.3689,1.3856,1.4068,1.4301,1.4601,1.4914,1.5256,1.5592,1.5904,1.6157,1.6399,1.6621,1.6813,1.6973,1.7097,1.7219,1.7345,1.7507,1.7692,1.7847,1.7971,1.8061,1.8101,1.8139,1.8186,1.8227,1.8307,1.8385,1.8462,1.8526,1.8565,1.8597,1.8596,1.8601,1.8579,1.8519,1.8492,1.8458,1.8471,1.8466,1.8461,1.8411,1.8369,1.8282,1.8186,1.8116,1.8026,1.7934,1.7808,1.7724,1.7651,1.755,1.7472,1.7387,1.7294,1.718,1.7056,1.6918,1.6765,1.6601,1.6479,1.6375,1.6275,1.6166,1.6111,1.6003,1.587,1.5733,1.5563,1.5404,1.5256,1.5134,1.5022
"REMIND-MAgPIE 3.5-4.11","Medium - SSP1","World","Climate Assessment|Effective Radiative Forcing|33rd Percentile [MAGICC v7.6.0a3]","W/m^2",1,2.566,2.556,2.6284,2.6851,2.7407,2.7682,2.7839,2.8011,2.8267,2.8392,2.8803,2.9518,3.0195,3.0938,3.19,3.2377,3.2749,3.3003,3.3311,3.3472,3.3542,3.3568,3.371,3.3879,3.4092,3.4628,3.5219,3.5772,3.6136,3.6257,3.617,3.6077,3.6049,3.6064,3.6201,3.6443,3.6696,3.6733,3.6811,3.6864,3.6756,3.6678,3.6601,3.6616,3.6672,3.6766,3.7008,3.7241,3.7399,3.7382,3.7285,3.7192,3.7188,3.7166,3.7092,3.71,3.7092,3.7174,3.7345,3.7503,3.7653,3.7711,3.776,3.7699,3.7703,3.7587,3.7554,3.7592,3.7634,3.7788,3.8057,3.8274,3.8515,3.8489,3.833,3.822,3.8053,3.8034,3.8015,3.8113,3.8302
"REMIND-MAgPIE 3.5-4.11","Medium - SSP1","World","Climate Assessment|Effective Radiative Forcing|67th Percentile [MAGICC v7.6.0a3]","W/m^2",1,2.8229,2.8276,2.9005,2.9463,3.0072,3.0351,3.0553,3.0814,3.1114,3.1377,3.1784,3.2439,3.2947,3.3612,3.4442,3.4876,3.5282,3.5489,3.5803,3.5852,3.593,3.5977,3.6116,3.628,3.6535,3.7027,3.7589,3.801,3.837,3.8534,3.8475,3.8413,3.8405,3.8406,3.8509,3.8749,3.8983,3.9029,3.9122,3.9203,3.9121,3.9063,3.9023,3.9049,3.9079,3.9197,3.9442,3.9647,3.9795,3.979,3.9754,3.9674,3.9665,3.9654,3.9606,3.9619,3.9642,3.9738,3.9889,4.0061,4.0199,4.0273,4.0341,4.0284,4.0269,4.0162,4.0135,4.0192,4.0262,4.0444,4.0743,4.098,4.1198,4.1156,4.1037,4.0981,4.0867,4.0858,4.084,4.0967,4.1111
"REMIND-MAgPIE 3.5-4.11","Medium - SSP1","World","Climate Assessment|Effective Radiative Forcing|Median [MAGICC v7.6.0a3]","W/m^2",1,2.6983,2.6998,2.7568,2.8058,2.8652,2.8907,2.9121,2.9298,2.9623,2.9799,3.0233,3.0972,3.1572,3.2326,3.3143,3.3597,3.4019,3.4181,3.4489,3.4612,3.4693,3.4673,3.4828,3.5034,3.5249,3.5742,3.6277,3.6812,3.7103,3.7285,3.7193,3.7076,3.7065,3.7102,3.7197,3.7452,3.7708,3.7753,3.7834,3.7901,3.7761,3.7657,3.7611,3.7642,3.767,3.7802,3.8033,3.8296,3.8448,3.8435,3.8352,3.8226,3.8223,3.8238,3.8195,3.8191,3.8208,3.8312,3.8532,3.8717,3.8878,3.8966,3.9033,3.9018,3.9043,3.895,3.8918,3.8983,3.9039,3.9239,3.9508,3.9691,3.9892,3.9861,3.9746,3.9669,3.9541,3.9511,3.9493,3.9581,3.9746
"REMIND-MAgPIE 3.5-4.11","Medium - SSP1","World","Climate Assessment|Harmonized and Infilled|Emissions|CH4","Mt CH4/yr",1,,,,363.4899013289108,363.261633350691,363.04360423160045,357.6336828817046,352.2989475374955,347.03939819897283,341.855034866137,336.7458575389877,331.6704776694174,326.4728868096729,321.15308495975404,315.71107211966097,310.14684828939346,307.0259227761242,303.89393278813475,300.750878325425,297.596759387995,294.43157597584474,292.78009628640086,291.19445211721506,289.6746434682875,288.220670339618,286.83253273120664,284.20737227669395,281.5141496239466,278.7528647729646,275.923517723748,273.0261084762967,271.6929822415996,270.3598560069023,269.0267297722052,267.693603537508,266.3604773028108,264.6083463061956,262.8562153095803,261.104084312965,259.3519533163497,257.59982231973447,255.73069356237036,253.86156480500625,251.99243604764217,250.1233072902781,248.25417853291395,246.38504977554987,244.5159210181858,242.64679226082168,240.7776635034576,238.9085347460935,236.99098604862496,235.0734373511564,233.1558886536879,231.2383399562193,229.32079125875077,227.40324256128216,225.48569386381365,223.56814516634512,221.65059646887656,219.733047771408,217.65445874364545,215.5758697158829,213.49728068812036,211.41869166035772,209.34010263259523,207.26151360483263,205.18292457707005,203.1043355493075,201.02574652154493,198.9471574937824,197.0754355374583,195.20371358113425,193.33199162481023,191.46026966848615,189.58854771216212,187.71682575583807,185.84510379951405,183.97338184319003,182.10165988686597,180.22993793054192
"REMIND-MAgPIE 3.5-4.11","Medium - SSP1","World","Climate Assessment|Harmonized and Infilled|Emissions|CO2","Mt CO2/yr",1,,,,42339.76770647963,42375.714837640815,42415.23474448441,42204.628078891685,41994.822480585615,41785.81794956618,41577.61448583339,41370.21208938725,40396.732964598974,39421.92710069184,38445.79449766583,37468.33515552095,36489.54907425719,35714.005750383374,34937.613387084864,34160.371984361656,33382.28154221376,32603.34206064116,31894.65524143928,31186.04318825211,30477.50590107965,29769.04337992189,29060.65562477884,28437.10796019944,27812.98359114813,27188.28251762491,26563.004739629767,25937.15025716272,25526.985885931656,25116.821514700583,24706.65714346952,24296.49277223845,23886.32840100738,23616.720489809253,23347.11257861113,23077.504667413,22807.896756214872,22538.288845016745,22343.36430129442,22148.4397575721,21953.51521384978,21758.59067012746,21563.666126405144,21368.74158268282,21173.8170389605,20978.892495238186,20783.96795151586,20589.043407793542,20286.58659338775,19984.12977898196,19681.67296457617,19379.21615017038,19076.75933576459,18774.3025213588,18471.84570695301,18169.388892547217,17866.932078141428,17564.475263735636,17335.412683667237,17106.350103598834,16877.28752353043,16648.224943462024,16419.162363393625,16190.09978332522,15961.03720325682,15731.974623188418,15502.912043120015,15273.849463051612,15000.06467068941,14726.279878327208,14452.495085965003,14178.710293602802,13904.9255012406,13631.140708878398,13357.355916516197,13083.571124153992,12809.78633179179,12536.00153942959
"REMIND-MAgPIE 3.5-4.11","Medium - SSP1","World","Climate Assessment|Harmonized and Infilled|Emissions|Kyoto Gases [AR6GWP100]","Mt CO2-equiv/yr",1,,,,57507.00308133636,57589.04388521537,57674.89509746473,57092.69713943587,56515.61461702041,55943.6475302183,55376.79587902958,54815.05966345426,53562.90225233176,52305.45158234618,51042.70765349752,49774.67046578577,48501.34001921092,47625.85150167793,46749.0198052753,45870.84493000302,44991.32687586108,44110.465642849485,43351.711617237386,42595.501423269525,41841.83506094592,41090.71253026653,40342.13383123138,39633.5901357415,38921.7278934884,38206.54710447208,37488.04776869252,36766.22988614975,36327.689980561976,35889.01765528415,35450.212910316295,35011.27574565839,34572.206161310445,34256.905700357886,33941.47281971529,33625.90751938264,33310.209799359945,32994.37965964721,32748.200354562883,32501.85536097226,32255.34467887532,32008.668308272063,31761.826249162496,31514.81850154661,31267.645065424425,31020.305940795926,30772.801127661118,30525.13062601999,30169.53708406586,29813.738487225022,29457.73483549749,29101.52612888323,28745.11236738226,28388.493550994583,28031.6696797202,27674.64075355909,27317.40677251129,26959.96773657677,26672.17705657377,26384.386376570776,26096.59569656777,25808.805016564773,25521.014336561777,25233.223656558774,24945.432976555778,24657.642296552774,24369.85161654978,24082.06093654678,23754.25881790212,23426.456699257466,23098.65458061281,22770.852461968152,22443.0503433235,22115.24822467884,21787.446106034186,21459.64398738953,21131.84186874488,20804.039750100223
"REMIND-MAgPIE 3.5-4.11","Medium - SSP1","World","Climate Assessment|Harmonized and Infilled|Emissions|N2O","kt N2O/yr",1,,,,11289.003670665756,11411.88830232768,11535.187393438351,11491.400434394089,11450.676500365622,11413.015591352949,11378.417707356077,11346.882848375,11251.886708873591,11152.08363616055,11047.473630235872,10938.056691099562,10823.832818751614,10753.202045933598,10682.158551313523,10610.702334891392,10538.8333966672,10466.551736640951,10419.539638325066,10375.183028653042,10333.48190762488,10294.436275240572,10258.046131500125,10171.704281465432,10082.70154080653,9991.037909523424,9896.713387616106,9799.727975084585,9779.268722481314,9758.809469878046,9738.35021727478,9717.890964671513,9697.431712068244,9658.786803457668,9620.141894847093,9581.496986236514,9542.85207762594,9504.20716901536,9440.593391605751,9376.97961419614,9313.365836786536,9249.752059376928,9186.138281967316,9122.524504557708,9058.9107271481,8995.296949738493,8931.683172328885,8868.069394919276,8791.544071272505,8715.018747625734,8638.493423978964,8561.968100332193,8485.442776685422,8408.91745303865,8332.39212939188,8255.866805745107,8179.341482098337,8102.8161584515665,8015.4884197520605,7928.160681052553,7840.832942353048,7753.505203653541,7666.177464954035,7578.849726254528,7491.521987555022,7404.194248855515,7316.866510156009,7229.538771456501,7140.016085769118,7050.493400081732,6960.970714394349,6871.448028706964,6781.925343019579,6692.402657332195,6602.879971644809,6513.357285957425,6423.834600270041,6334.311914582655
"REMIND-MAgPIE 3.5-4.11","Medium - SSP1","World","Climate Assessment|Surface Temperature (GSAT)|33rd Percentile [MAGICC v7.6.0a3]","°C",1,1.1491,1.1657,1.1865,1.2097,1.2339,1.2555,1.274,1.2903,1.3054,1.3203,1.3366,1.3547,1.3764,1.4011,1.4303,1.4575,1.482,1.5035,1.5225,1.5427,1.5559,1.5639,1.5732,1.5847,1.5978,1.6136,1.6338,1.6567,1.6794,1.6965,1.7063,1.7139,1.7218,1.7275,1.7335,1.7416,1.7523,1.762,1.7697,1.7773,1.7825,1.7851,1.7889,1.7929,1.7966,1.8017,1.8099,1.8182,1.827,1.8339,1.8385,1.8416,1.8431,1.8444,1.8457,1.8477,1.8501,1.8554,1.8624,1.8704,1.8782,1.8856,1.8918,1.8966,1.9007,1.9046,1.9067,1.9098,1.9138,1.9203,1.9292,1.9397,1.9505,1.9581,1.9622,1.9645,1.9638,1.9654,1.968,1.9716,1.9765
"REMIND-MAgPIE 3.5-4.11","Medium - SSP1","World","Climate Assessment|Surface Temperature (GSAT)|67th Percentile [MAGICC v7.6.0a3]","°C",1,1.2622,1.2817,1.3037,1.3298,1.3605,1.3842,1.4049,1.4239,1.4437,1.46,1.4812,1.5038,1.5334,1.5644,1.6036,1.6387,1.6703,1.6989,1.7244,1.7462,1.7651,1.7809,1.796,1.8109,1.8261,1.8461,1.8696,1.8943,1.9252,1.9492,1.9653,1.9766,1.9861,1.9943,2.0059,2.0207,2.0368,2.0507,2.0631,2.0734,2.0812,2.0858,2.089,2.0923,2.0993,2.1061,2.1154,2.1283,2.1402,2.1478,2.1551,2.1582,2.1618,2.1664,2.1723,2.1774,2.183,2.19,2.199,2.2077,2.2167,2.2253,2.2333,2.2401,2.2463,2.2516,2.2564,2.2609,2.2659,2.2735,2.2854,2.2961,2.3084,2.3173,2.3232,2.3277,2.3306,2.3337,2.3372,2.3407,2.3477
"REMIND-MAgPIE 3.5-4.11","Medium - SSP1","World","Climate Assessment|Surface Temperature (GSAT)|Median [MAGICC v7.6.0a3]","°C",1,1.2035,1.2215,1.2429,1.2672,1.2927,1.3146,1.3327,1.3481,1.3637,1.38,1.3978,1.419,1.446,1.4771,1.5128,1.5446,1.5733,1.5986,1.6239,1.6453,1.6632,1.6752,1.6872,1.702,1.7154,1.7345,1.7573,1.7785,1.8021,1.8221,1.8338,1.8426,1.8515,1.861,1.8708,1.8824,1.8957,1.9074,1.9183,1.9279,1.9354,1.9408,1.9441,1.9496,1.9563,1.9631,1.9713,1.9839,1.9954,2.0024,2.0081,2.0115,2.0161,2.0205,2.022,2.024,2.0287,2.0348,2.0421,2.0517,2.063,2.0729,2.0808,2.0858,2.0894,2.0922,2.0934,2.096,2.1016,2.1089,2.1186,2.1277,2.1385,2.1466,2.1506,2.1538,2.1558,2.1571,2.161,2.1666,2.1725
"REMIND-MAgPIE 3.5-4.11","Medium - SSP2","World","Climate Assessment|Effective Radiative Forcing|33rd Percentile [MAGICC v7.6.0a3]","W/m^2",1,2.566,2.556,2.6284,2.6851,2.7407,2.7715,2.7956,2.8201,2.8537,2.8737,2.9145,2.9726,3.0266,3.0967,3.184,3.2376,3.2882,3.3181,3.3629,3.3831,3.3933,3.3962,3.4143,3.4396,3.47,3.5286,3.5885,3.647,3.6805,3.7019,3.6968,3.7053,3.7159,3.7325,3.7571,3.7972,3.8398,3.8614,3.8869,3.9113,3.913,3.9132,3.9156,3.9288,3.9454,3.9673,4.0112,4.0512,4.0817,4.0944,4.0996,4.1051,4.1163,4.1315,4.1455,4.1623,4.1814,4.2105,4.2463,4.2853,4.3157,4.3383,4.3574,4.3655,4.3785,4.3773,4.3857,4.4047,4.4267,4.4617,4.5016,4.5373,4.5761,4.5845,4.5847,4.5897,4.5881,4.601,4.6167,4.6424,4.6753
"REMIND-MAgPIE 3.5-4.11","Medium - SSP2","World","Climate Assessment|Effective Radiative Forcing|67th Percentile [MAGICC v7.6.0a3]","W/m^2",1,2.8229,2.8276,2.9005,2.9463,3.0072,3.0381,3.0642,3.0931,3.1331,3.1581,3.2041,3.258,3.3026,3.371,3.4523,3.5015,3.5508,3.578,3.6132,3.6335,3.6486,3.6537,3.6783,3.7058,3.741,3.795,3.8495,3.9013,3.9368,3.9544,3.9507,3.9595,3.9739,3.992,4.0203,4.0585,4.1003,4.1252,4.1477,4.1697,4.1778,4.1828,4.1891,4.2055,4.2251,4.248,4.2862,4.3248,4.3563,4.3703,4.3796,4.3909,4.4074,4.425,4.4391,4.4584,4.4797,4.5061,4.5379,4.5725,4.6049,4.6296,4.6521,4.661,4.6776,4.6873,4.6966,4.7133,4.734,4.7677,4.8115,4.852,4.8885,4.8997,4.902,4.9085,4.9173,4.9295,4.9463,4.9702,5.0067
"REMIND-MAgPIE 3.5-4.11","Medium - SSP2","World","Climate Assessment|Effective Radiative Forcing|Median [MAGICC v7.6.0a3]","W/m^2",1,2.6983,2.6998,2.7568,2.8058,2.8652,2.8941,2.9217,2.9477,2.9806,3.0147,3.0594,3.1108,3.1669,3.2376,3.3159,3.3687,3.4226,3.4491,3.4883,3.5052,3.5193,3.5272,3.5478,3.5743,3.605,3.6636,3.7195,3.7738,3.8119,3.8255,3.8259,3.8334,3.846,3.857,3.8813,3.9234,3.9663,3.9945,4.0205,4.0476,4.0485,4.05,4.0551,4.068,4.0839,4.1084,4.1525,4.1895,4.2173,4.2324,4.2389,4.2454,4.2558,4.271,4.284,4.301,4.3177,4.3463,4.3835,4.42,4.4494,4.4705,4.4908,4.5009,4.5169,4.521,4.5338,4.5532,4.5739,4.6078,4.653,4.6885,4.7251,4.7358,4.7381,4.7437,4.7496,4.7667,4.785,4.8111,4.8432
"REMIND-MAgPIE 3.5-4.11","Medium - SSP2","World","Climate Assessment|Harmonized and Infilled|Emissions|CH4","Mt CH4/yr",1,,,,363.4899013289108,363.261633350691,363.04360423160045,358.55086204258333,354.1176352512883,349.7439238577153,345.4297278618643,341.17504726373545,338.5778612839192,335.88480703133047,333.09588450596897,330.21109370783483,327.2304346369282,325.6866825038428,324.11606813402426,322.5185915274725,320.89425268418745,319.24305160416924,319.17859038062045,319.1668141159762,319.2077228102364,319.3013164634012,319.4475950754704,318.90955415950964,318.3307503982833,317.7111837917914,317.0508543400341,316.34976204301114,315.8091478301038,315.26853361719645,314.7279194042892,314.1873051913819,313.6466909784745,312.91515298895587,312.1836149994372,311.4520770099186,310.72053902039994,309.9890010308813,309.7518477973151,309.5146945637489,309.2775413301828,309.04038809661654,308.8032348630504,308.56608162948424,308.328928395918,308.09177516235184,307.85462192878566,307.6174686952195,307.08765438960444,306.5578400839894,306.02802577837434,305.4982114727593,304.96839716714425,304.4385828615292,303.9087685559141,303.3789542502991,302.84913994468405,302.319325639069,301.4004787415785,300.48163184408804,299.5627849465976,298.6439380491071,297.72509115161654,296.8062442541261,295.8873973566356,294.9685504591451,294.0497035616546,293.1308566641641,292.85520100689814,292.5795453496323,292.30388969236634,292.02823403510047,291.75257837783454,291.4769227205686,291.2012670633027,290.92561140603675,290.6499557487708,290.3743000915049
"REMIND-MAgPIE 3.5-4.11","Medium - SSP2","World","Climate Assessment|Harmonized and Infilled|Emissions|CO2","Mt CO2/yr",1,,,,42339.76770647963,42375.714837640815,42415.23474448441,41977.4707644572,41542.03567766151,41108.92948409735,40678.1521837647,40249.70377666358,39855.20782775238,39460.883043824826,39066.72942488092,38672.74697092066,38278.93568194404,37744.99166644641,37209.9501440856,36673.81111486162,36136.57457877447,35598.24053582415,35233.7045259054,34868.96968059936,34504.035999906024,34138.9034838254,33773.57213235748,33286.05174813122,32797.76866371521,32308.72287910946,31818.91439431395,31328.343209328697,31195.96821203413,31063.59321473958,30931.218217445014,30798.843220150466,30666.468222855903,30684.20026182818,30701.932300800465,30719.66433977273,30737.39637874502,30755.128417717297,30818.610448115567,30882.09247851384,30945.574508912112,31009.056539310383,31072.538569708653,31136.02060010692,31199.502630505194,31262.98466090347,31326.46669130173,31389.94872170001,31349.101875189896,31308.25502867978,31267.40818216966,31226.561335659557,31185.714489149443,31144.86764263932,31104.02079612921,31063.173949619097,31022.32710310898,30981.480256598872,30826.782381297435,30672.084505996005,30517.386630694567,30362.68875539313,30207.990880091707,30053.293004790277,29898.59512948884,29743.897254187403,29589.199378885973,29434.50150358454,29366.737921161508,29298.974338738477,29231.210756315435,29163.4471738924,29095.68359146936,29027.92000904633,28960.156426623296,28892.39284420025,28824.629261777227,28756.865679354192
"REMIND-MAgPIE 3.5-4.11","Medium - SSP2","World","Climate Assessment|Harmonized and Infilled|Emissions|Kyoto Gases [AR6GWP100]","Mt CO2-equiv/yr",1,,,,57507.00308133636,57630.42812753287,57757.86176326797,57173.96591962743,56594.81609810057,56020.41229868741,55450.75452138793,54885.84276620212,54438.88255803637,53988.37390337176,53534.315446815,53076.70854375939,52615.551838811625,52044.54535882018,51471.43753140995,50896.22971197422,50318.92054511971,49739.51070854306,49389.18567036119,49040.7278815406,48694.13801977792,48349.41608507315,48006.56275512291,47519.20230862012,47029.52636965241,46537.53493821981,46043.22869201893,45546.60627565651,45411.12007145638,45275.64719131126,45140.18763522113,45004.74208088265,44869.309172902525,44881.69253538363,44894.08602789403,44906.49032813035,44918.90408069935,44931.327963297656,45004.046765601495,45076.76917326669,45149.4938309,45222.22141619804,45294.95192916081,45367.68536978831,45440.42241577717,45513.16171173414,45585.90393535583,45658.649086642254,45608.160488154914,45557.67930275094,45507.20620812696,45456.74188197963,45406.28496891567,45355.8361466317,45305.39609282437,45254.963452100405,45204.53890215644,45154.12312068912,44969.65308535452,44785.18372771655,44600.71369238195,44416.24433474397,44231.77429940938,44047.43031564775,43863.08633188612,43678.74234812448,43494.399042059486,43310.055058297854,43228.608987522144,43147.16291674643,43065.71684597071,42984.270775194986,42902.82470441927,42821.37863364356,42739.93256286784,42658.48649209212,42577.04042131641,42495.59435054069
"REMIND-MAgPIE 3.5-4.11","Medium - SSP2","World","Climate Assessment|Harmonized and Infilled|Emissions|N2O","kt N2O/yr",1,,,,11289.003670665756,11411.88830232768,11535.187393438351,11637.801455657738,11742.837981885432,11850.296972121432,11960.178426365736,12072.482344618347,12110.799025929236,12145.353884133372,12176.146919230756,12203.178131221388,12226.447520105268,12271.927298510327,12316.364171939496,12359.758140392762,12402.109203870134,12443.417362371603,12532.144937143808,12623.003533076037,12715.993150168297,12811.113788420587,12908.365447832908,12983.976188535402,13058.009336658706,13130.464892202814,13201.342855167732,13270.64322555346,13322.441723735385,13374.240221917313,13426.038720099235,13477.83721828116,13529.635716463086,13567.39312234602,13605.150528228956,13642.907934111889,13680.665339994825,13718.422745877751,13762.415413558816,13806.408081239875,13850.400748920938,13894.393416601995,13938.386084283058,13982.37875196412,14026.37141964518,14070.364087326245,14114.356755007304,14158.34942268836,14161.33277892336,14164.316135158357,14167.299491393347,14170.282847628345,14173.26620386334,14176.249560098337,14179.23291633333,14182.216272568328,14185.19962880332,14188.182985038316,14162.703529427085,14137.224073815843,14111.74461820461,14086.265162593374,14060.78570698214,14035.3062513709,14009.826795759664,13984.34734014843,13958.867884537194,13933.388428925957,13905.381844614414,13877.375260302872,13849.368675991333,13821.362091679788,13793.355507368246,13765.348923056708,13737.342338745166,13709.33575443362,13681.32917012208,13653.322585810538
"REMIND-MAgPIE 3.5-4.11","Medium - SSP2","World","Climate Assessment|Surface Temperature (GSAT)|33rd Percentile [MAGICC v7.6.0a3]","°C",1,1.1491,1.1657,1.1865,1.2097,1.2339,1.256,1.2758,1.2923,1.3098,1.3257,1.3414,1.3613,1.382,1.4066,1.4353,1.4617,1.489,1.5103,1.5334,1.5555,1.5748,1.5887,1.6006,1.6114,1.6265,1.6464,1.6681,1.6941,1.7173,1.7356,1.7492,1.7601,1.7735,1.7854,1.7978,1.8125,1.8292,1.8452,1.8611,1.876,1.8891,1.9004,1.9089,1.9164,1.9256,1.9386,1.9535,1.97,1.9851,1.9998,2.0126,2.0237,2.0346,2.0454,2.0545,2.0653,2.0766,2.088,2.1013,2.1165,2.132,2.1465,2.1609,2.1736,2.1852,2.1952,2.2042,2.214,2.2249,2.2381,2.2538,2.2719,2.2909,2.3066,2.3178,2.3272,2.3353,2.3453,2.3559,2.3681,2.3821
"REMIND-MAgPIE 3.5-4.11","Medium - SSP2","World","Climate Assessment|Surface Temperature (GSAT)|67th Percentile [MAGICC v7.6.0a3]","°C",1,1.2622,1.2817,1.3037,1.3298,1.3605,1.3847,1.4068,1.4284,1.4507,1.4693,1.4897,1.5117,1.5404,1.5717,1.6105,1.6446,1.6781,1.7095,1.7369,1.7617,1.7831,1.8024,1.8207,1.8392,1.8598,1.8827,1.9098,1.938,1.9653,1.9899,2.0085,2.0227,2.0374,2.0527,2.0693,2.0874,2.1089,2.1316,2.1521,2.1717,2.1878,2.1996,2.2115,2.2224,2.2352,2.25,2.2691,2.2882,2.3049,2.3205,2.3341,2.3468,2.3595,2.3734,2.3877,2.3986,2.4125,2.4313,2.451,2.4692,2.4866,2.5038,2.5203,2.5352,2.5501,2.5643,2.5787,2.5939,2.6097,2.6264,2.6457,2.6654,2.6859,2.7056,2.7215,2.7356,2.7488,2.7617,2.7747,2.7905,2.808
"REMIND-MAgPIE 3.5-4.11","Medium - SSP2","World","Climate Assessment|Surface Temperature (GSAT)|Median [MAGICC v7.6.0a3]","°C",1,1.2035,1.2215,1.2429,1.2672,1.2927,1.3149,1.3345,1.352,1.3694,1.386,1.4072,1.4288,1.4555,1.4846,1.5179,1.5496,1.5791,1.6068,1.6315,1.6563,1.676,1.6912,1.7078,1.7235,1.7407,1.7619,1.788,1.8137,1.84,1.8599,1.8765,1.8897,1.9025,1.915,1.9286,1.9454,1.9652,1.9831,2,2.016,2.029,2.0393,2.0487,2.0594,2.0709,2.0829,2.0981,2.1149,2.1342,2.1504,2.1643,2.1761,2.1884,2.2003,2.2118,2.2231,2.2368,2.2509,2.2684,2.2883,2.3054,2.3242,2.3407,2.3555,2.3697,2.3827,2.3952,2.4083,2.4206,2.4361,2.4539,2.4747,2.496,2.514,2.5285,2.5396,2.5506,2.5625,2.5738,2.5866,2.6013
"REMIND-MAgPIE 3.5-4.11","Medium - SSP3","World","Climate Assessment|Effective Radiative Forcing|33rd Percentile [MAGICC v7.6.0a3]","W/m^2",1,2.566,2.556,2.6284,2.6851,2.7407,2.77,2.7911,2.8163,2.8494,2.8704,2.9088,2.9564,3.0084,3.0792,3.1573,3.2135,3.2778,3.3177,3.3693,3.4045,3.4291,3.445,3.4786,3.5196,3.5655,3.6402,3.7119,3.7893,3.8386,3.8723,3.8795,3.8934,3.911,3.9332,3.9651,4.0178,4.0709,4.1017,4.1391,4.173,4.1995,4.2354,4.2652,4.3046,4.3442,4.3904,4.4585,4.5192,4.57,4.612,4.6389,4.6551,4.6814,4.717,4.7423,4.7754,4.8108,4.8555,4.9064,4.9621,5.0135,5.0567,5.0972,5.1278,5.1625,5.187,5.2203,5.2601,5.3047,5.3564,5.4151,5.469,5.5242,5.5562,5.5828,5.6077,5.6259,5.6561,5.6884,5.7374,5.7937
"REMIND-MAgPIE 3.5-4.11","Medium - SSP3","World","Climate Assessment|Effective Radiative Forcing|67th Percentile [MAGICC v7.6.0a3]","W/m^2",1,2.8229,2.8276,2.9005,2.9463,3.0072,3.0368,3.0606,3.0895,3.1301,3.1554,3.1966,3.2454,3.2962,3.3677,3.4441,3.5005,3.5639,3.6022,3.6484,3.6767,3.7026,3.7212,3.7574,3.8027,3.8522,3.9226,3.9949,4.0654,4.1135,4.1465,4.1609,4.1769,4.1997,4.2252,4.2648,4.3132,4.3654,4.4055,4.4447,4.4831,4.5146,4.5475,4.5776,4.6214,4.6697,4.7247,4.7841,4.8521,4.9055,4.9406,4.9714,4.9951,5.028,5.0606,5.0916,5.1334,5.1715,5.2159,5.2667,5.3199,5.3727,5.4253,5.467,5.5039,5.5431,5.5692,5.6031,5.6452,5.687,5.7372,5.7899,5.8472,5.9098,5.9436,5.9646,5.99,6.0169,6.0571,6.0933,6.1431,6.1954
"REMIND-MAgPIE 3.5-4.11","Medium - SSP3","World","Climate Assessment|Effective Radiative Forcing|Median [MAGICC v7.6.0a3]","W/m^2",1,2.6983,2.6998,2.7568,2.8058,2.8652,2.8927,2.9179,2.9434,2.9758,3.0095,3.0553,3.1055,3.1541,3.2235,3.3044,3.3547,3.421,3.4611,3.5133,3.54,3.5632,3.5894,3.6308,3.672,3.7197,3.7931,3.8685,3.9366,3.9884,4.0168,4.0202,4.0362,4.0585,4.0801,4.1137,4.1594,4.2107,4.2454,4.283,4.3193,4.3481,4.3812,4.4176,4.4564,4.5007,4.5488,4.6213,4.6771,4.7265,4.7619,4.7966,4.8136,4.8427,4.877,4.9089,4.9438,4.9799,5.0244,5.0791,5.1309,5.1892,5.2341,5.2755,5.3075,5.3452,5.3691,5.3994,5.4405,5.4808,5.535,5.596,5.6513,5.7126,5.7397,5.7655,5.7903,5.8145,5.8484,5.8809,5.9283,5.9828
"REMIND-MAgPIE 3.5-4.11","Medium - SSP3","World","Climate Assessment|Harmonized and Infilled|Emissions|CH4","Mt CH4/yr",1,,,,363.4899013289108,363.261633350691,363.04360423160045,359.3556449854258,355.7037312991405,352.08786317274433,348.5080406062376,344.96426359962027,344.08800838793024,343.15641748832815,342.16949090081414,341.127228625388,340.0296306620499,339.26692486098267,338.4521010282332,337.5851591638013,336.66609926768723,335.6949213398909,335.52026655689804,335.38529906003623,335.2900188493057,335.2344259247064,335.2185202862381,334.3560052699265,333.4624478087387,332.5378479026748,331.5822055517348,330.59552075591864,330.7751934414614,330.9548661270041,331.13453881254685,331.31421149808966,331.4938841836324,331.5333612854426,331.57283838725266,331.6123154890629,331.651792590873,331.6912696926832,330.9493774247352,330.2074851567872,329.4655928888391,328.7237006208911,327.9818083529431,327.2399160849951,326.49802381704706,325.756131549099,325.01423928115105,324.272347013203,324.3036291242325,324.3349112352619,324.3661933462913,324.39747545732075,324.4287575683502,324.46003967937963,324.4913217904091,324.5226039014385,324.553886012468,324.58516812349734,324.22779594675967,323.87042377002206,323.5130515932844,323.1556794165467,322.7983072398091,322.4409350630715,322.0835628863338,321.7261907095961,321.36881853285854,321.01144635612087,321.3574445811024,321.703442806084,322.0494410310656,322.39543925604715,322.74143748102875,323.0874357060104,323.43343393099195,323.7794321559735,324.1254303809551,324.4714286059367
"REMIND-MAgPIE 3.5-4.11","Medium - SSP3","World","Climate Assessment|Harmonized and Infilled|Emissions|CO2","Mt CO2/yr",1,,,,42339.76770647963,42375.714837640815,42415.23474448441,42143.88531567438,41875.11676745372,41608.92909982242,41345.32231278048,41084.296406327936,41613.28452620706,42143.79429423885,42675.82571042324,43209.37877476027,43744.45348724994,43709.799585980254,43674.47181704104,43638.47018043231,43601.79467615408,43564.44530420631,43745.82718588821,43927.30872295836,44108.88991541679,44290.570763263466,44472.351266498415,44294.98478591851,44117.26436987053,43939.19001835451,43760.76173137041,43581.979508918266,43664.06134942601,43746.14318993376,43828.22503044151,43910.30687094925,43992.388711457,44600.18260582785,45207.976500198696,45815.77039456955,46423.5642889404,47031.358183311255,47160.12974144163,47288.901299572026,47417.67285770239,47546.44441583278,47675.215973963146,47803.98753209353,47932.75909022392,48061.53064835428,48190.30220648467,48319.073764615045,48422.52392318552,48525.97408175601,48629.42424032648,48732.874398896965,48836.32455746745,48939.77471603793,49043.2248746084,49146.67503317888,49250.12519174937,49353.57535031985,49237.726172265735,49121.87699421163,49006.027816157526,48890.17863810341,48774.32946004932,48658.4802819952,48542.63110394109,48426.781925886986,48310.93274783287,48195.08356977877,48029.77412764636,47864.46468551394,47699.15524338152,47533.84580124912,47368.53635911671,47203.22691698431,47037.917474851885,46872.60803271948,46707.29859058707,46541.98914845465
"REMIND-MAgPIE 3.5-4.11","Medium - SSP3","World","Climate Assessment|Harmonized and Infilled|Emissions|Kyoto Gases [AR6GWP100]","Mt CO2-equiv/yr",1,,,,57507.00308133636,57589.14669611887,57675.10071927173,57389.333930575405,57107.30455705518,56829.01259871099,56554.45805554289,56283.64092755089,56871.83463204824,57459.04519185612,58045.27260697452,58630.51687740343,59214.77800314288,59251.574087582216,59285.24842975453,59315.80102965985,59343.231887298185,59367.541002669495,59656.51414885966,59946.60522270137,60237.81422419467,60530.14115333953,60823.586010135965,60738.37916117498,60651.059435609626,60561.62683343993,60470.08135466584,60376.4229992874,60559.649582856655,60742.2971871062,60924.36581203607,61105.85545764625,61286.76612393672,61988.84918817236,62690.35327308829,63391.27837868453,64091.62450496109,64791.39165191796,64990.64628278542,65189.24545810114,65387.18917786505,65584.47744207724,65781.11025073765,65977.0876038463,66172.40950140319,66367.0759434083,66561.08692986167,66754.44246076328,66908.69061472257,67062.58417445044,67216.1231399469,67369.30751121195,67522.13728824562,67674.61247104785,67826.73305961867,67978.49905395808,68129.9104540661,68280.9672599427,68195.63921708503,68110.31117422738,68024.98313136972,67939.65508851205,67854.32704565441,67768.99900279674,67683.67095993909,67598.34291708143,67513.01487422377,67427.68683136611,67290.36595509798,67153.04507882985,67015.7242025617,66878.40332629357,66741.08245002545,66603.76157375734,66466.44069748919,66329.11982122106,66191.79894495293,66054.4780686848
"REMIND-MAgPIE 3.5-4.11","Medium - SSP3","World","Climate Assessment|Harmonized and Infilled|Emissions|N2O","kt N2O/yr",1,,,,11289.003670665756,11411.88830232768,11535.187393438351,11745.55181607042,11957.39499528332,12170.716931077048,12385.517623451597,12601.797072406976,12739.92263221478,12875.89331980277,13009.70913517094,13141.370078319293,13270.876149247828,13418.577358871618,13564.239141234357,13707.861496336036,13849.444424176658,13988.987924756222,14174.283262174356,14361.18161440082,14549.682981435612,14739.787363278734,14931.494759930189,15123.108112210271,15313.516882287988,15502.721070163334,15690.720675836305,15877.51569930691,16000.25206682122,16122.988434335528,16245.724801849838,16368.461169364147,16491.197536878455,16613.753612040633,16736.30968720281,16858.86576236499,16981.421837527167,17103.977912689345,17196.96349889501,17289.949085100667,17382.934671306328,17475.92025751199,17568.90584371765,17661.89142992331,17754.877016128972,17847.86260233463,17940.84818854029,18033.83377474595,18129.146160664677,18224.458546583395,18319.770932502117,18415.083318420835,18510.395704339557,18605.708090258275,18701.020476177,18796.33286209572,18891.64524801444,18986.957633933154,19054.16461772324,19121.37160151332,19188.5785853034,19255.785569093478,19322.99255288356,19390.199536673637,19457.406520463715,19524.6135042538,19591.820488043875,19659.02747183395,19738.64821808351,19818.268964333067,19897.88971058262,19977.510456832177,20057.13120308173,20136.751949331287,20216.37269558084,20295.9934418304,20375.61418807996,20455.234934329517
"REMIND-MAgPIE 3.5-4.11","Medium - SSP3","World","Climate Assessment|Surface Temperature (GSAT)|33rd Percentile [MAGICC v7.6.0a3]","°C",1,1.1491,1.1657,1.1865,1.2097,1.2339,1.2558,1.2752,1.2918,1.3091,1.3259,1.3425,1.3603,1.3808,1.4034,1.4324,1.461,1.4888,1.515,1.5404,1.5617,1.5809,1.5983,1.6191,1.6367,1.6594,1.6869,1.7176,1.7489,1.7769,1.7993,1.818,1.8327,1.8509,1.8695,1.887,1.9042,1.9265,1.9508,1.9724,1.9933,2.0121,2.031,2.0493,2.0683,2.0903,2.1126,2.1384,2.1665,2.1943,2.2214,2.2437,2.2611,2.2794,2.3,2.3204,2.3401,2.3615,2.3836,2.4068,2.4313,2.4567,2.481,2.5051,2.5269,2.5473,2.5689,2.5884,2.6083,2.6307,2.6554,2.6831,2.7125,2.7429,2.768,2.7901,2.8119,2.8308,2.8502,2.8704,2.8938,2.919
"REMIND-MAgPIE 3.5-4.11","Medium - SSP3","World","Climate Assessment|Surface Temperature (GSAT)|67th Percentile [MAGICC v7.6.0a3]","°C",1,1.2622,1.2817,1.3037,1.3298,1.3605,1.3846,1.4063,1.4271,1.4489,1.4685,1.4883,1.5098,1.5372,1.5679,1.6005,1.6378,1.6729,1.706,1.7347,1.7641,1.7901,1.8142,1.8384,1.8614,1.887,1.9184,1.9522,1.9908,2.026,2.0564,2.081,2.1031,2.1231,2.1439,2.1656,2.1899,2.2172,2.2418,2.2668,2.2909,2.3136,2.3372,2.3601,2.3856,2.4103,2.4381,2.471,2.5045,2.5366,2.5669,2.5938,2.619,2.6427,2.6683,2.6936,2.7178,2.7423,2.7673,2.7952,2.8264,2.8586,2.889,2.9187,2.9479,2.9766,3.0035,3.0298,3.0554,3.0813,3.1106,3.1445,3.1797,3.2134,3.244,3.2711,3.2983,3.3231,3.3456,3.3699,3.398,3.4275
"REMIND-MAgPIE 3.5-4.11","Medium - SSP3","World","Climate Assessment|Surface Temperature (GSAT)|Median [MAGICC v7.6.0a3]","°C",1,1.2035,1.2215,1.2429,1.2672,1.2927,1.3148,1.3337,1.3509,1.3683,1.3849,1.405,1.4259,1.4507,1.4788,1.5109,1.5416,1.573,1.6025,1.631,1.6588,1.6795,1.7011,1.7225,1.7447,1.7698,1.7988,1.8301,1.8659,1.8972,1.9244,1.9477,1.9654,1.9812,1.9993,2.0193,2.0403,2.0632,2.0857,2.1082,2.1305,2.1519,2.1742,2.1973,2.2196,2.2402,2.2659,2.2946,2.3213,2.3536,2.3832,2.4083,2.4286,2.4501,2.4729,2.4947,2.5162,2.5397,2.5645,2.5914,2.6201,2.6493,2.6776,2.7031,2.7271,2.7505,2.7723,2.7971,2.8226,2.8454,2.8717,2.9023,2.9345,2.9663,2.9956,3.0219,3.0457,3.0667,3.0887,3.1116,3.1366,3.1655
"REMIND-MAgPIE 3.5-4.11","Medium-to-Low - SSP1","World","Climate Assessment|Effective Radiative Forcing|33rd Percentile [MAGICC v7.6.0a3]","W/m^2",1,2.566,2.556,2.6284,2.6851,2.7407,2.7682,2.7839,2.8011,2.8267,2.8392,2.8803,2.9518,3.0195,3.0938,3.19,3.2377,3.2749,3.3003,3.3311,3.3472,3.3646,3.3855,3.4191,3.4526,3.4977,3.5481,3.5843,3.6265,3.6505,3.6525,3.637,3.6211,3.6128,3.6056,3.6099,3.6268,3.6457,3.6438,3.644,3.647,3.6239,3.6017,3.5824,3.571,3.5635,3.5596,3.5712,3.5866,3.5908,3.5775,3.56,3.5328,3.5151,3.501,3.4822,3.4693,3.456,3.4516,3.4566,3.4617,3.4657,3.4581,3.4471,3.4272,3.4131,3.3873,3.3674,3.3587,3.3502,3.3512,3.3637,3.3635,3.3699,3.3522,3.324,3.2988,3.2729,3.2535,3.234,3.2299,3.2292
"REMIND-MAgPIE 3.5-4.11","Medium-to-Low - SSP1","World","Climate Assessment|Effective Radiative Forcing|67th Percentile [MAGICC v7.6.0a3]","W/m^2",1,2.8229,2.8276,2.9005,2.9463,3.0072,3.0351,3.0553,3.0814,3.1114,3.1377,3.1784,3.2439,3.2947,3.3612,3.4442,3.4876,3.5282,3.5489,3.5803,3.5852,3.6028,3.6194,3.6451,3.6809,3.7199,3.7715,3.8095,3.8487,3.8683,3.871,3.8521,3.8433,3.8345,3.8291,3.8368,3.855,3.8757,3.8768,3.8784,3.8797,3.8611,3.8424,3.8278,3.8178,3.8078,3.8055,3.8159,3.828,3.8319,3.8201,3.8016,3.7787,3.763,3.7501,3.7357,3.7215,3.7103,3.7059,3.7077,3.7115,3.7099,3.7057,3.6996,3.6809,3.6635,3.6426,3.6187,3.6081,3.602,3.6067,3.616,3.6173,3.6233,3.6023,3.5724,3.5489,3.5202,3.5011,3.4823,3.4752,3.4769
"REMIND-MAgPIE 3.5-4.11","Medium-to-Low - SSP1","World","Climate Assessment|Effective Radiative Forcing|Median [MAGICC v7.6.0a3]","W/m^2",1,2.6983,2.6998,2.7568,2.8058,2.8652,2.8907,2.9121,2.9298,2.9623,2.9799,3.0233,3.0972,3.1572,3.2326,3.3143,3.3597,3.4019,3.4181,3.4489,3.4612,3.4788,3.4975,3.5254,3.5581,3.5986,3.6477,3.6856,3.7255,3.7471,3.7479,3.7306,3.7188,3.7098,3.7056,3.713,3.7303,3.755,3.7525,3.754,3.7529,3.7286,3.707,3.6909,3.6827,3.676,3.6734,3.6863,3.7013,3.7048,3.6935,3.6731,3.6506,3.6352,3.6187,3.6019,3.59,3.5793,3.576,3.5816,3.5842,3.586,3.5802,3.5708,3.5482,3.5335,3.5095,3.4871,3.4764,3.4666,3.466,3.4786,3.4826,3.4872,3.4688,3.4369,3.4084,3.3819,3.3648,3.3463,3.3396,3.3387
"REMIND-MAgPIE 3.5-4.11","Medium-to-Low - SSP1","World","Climate Assessment|Harmonized and Infilled|Emissions|CH4","Mt CH4/yr",1,,,,363.4899013289108,363.261633350691,363.04360423160045,357.6336828817046,352.2989475374955,347.03939819897283,341.855034866137,336.7458575389877,331.6704776694174,326.4728868096729,321.15308495975404,315.71107211966097,310.14684828939346,307.0259227761242,303.89393278813475,300.750878325425,297.596759387995,294.43157597584474,287.7798550120066,281.13488811409013,274.49667528209545,267.8652165160225,261.2405118158713,257.0279451629579,252.8069328896338,248.57747499589905,244.33957148175364,240.09322234719755,236.9834400085148,233.87365766983203,230.7638753311492,227.65409299246647,224.54431065378367,222.15928511295,219.77425957211625,217.38923403128257,215.00420849044883,212.61918294961512,210.44157185445025,208.2639607592853,206.0863496641204,203.90873856895556,201.7311274737906,199.5535163786257,197.37590528346075,195.19829418829585,193.0206830931309,190.84307199796604,188.46303922286583,186.0830064477657,183.70297367266556,181.3229408975654,178.9429081224652,176.56287534736504,174.1828425722649,171.8028097971647,169.42277702206454,167.04274424696436,164.64885136318316,162.25495847940195,159.86106559562074,157.4671727118395,155.07327982805833,152.67938694427713,150.2854940604959,147.8916011767147,145.4977082929335,143.1038154091523,141.16167108891594,139.21952676867957,137.27738244844323,135.33523812820687,133.39309380797053,131.45094948773416,129.50880516749783,127.56666084726147,125.62451652702512,123.68237220678876
"REMIND-MAgPIE 3.5-4.11","Medium-to-Low - SSP1","World","Climate Assessment|Harmonized and Infilled|Emissions|CO2","Mt CO2/yr",1,,,,42339.76770647963,42375.714837640815,42415.23474448441,42204.628078891685,41994.822480585615,41785.81794956618,41577.61448583339,41370.21208938725,40396.732964598974,39421.92710069184,38445.79449766583,37468.33515552095,36489.54907425719,35714.005750383374,34937.613387084864,34160.371984361656,33382.28154221376,32603.34206064116,31331.135407841623,30058.02599281201,28784.013815552345,27509.0988760626,26233.28117434279,25210.653056443272,24186.734132476504,23161.524402442494,22135.02386634124,21107.232524172723,20487.433398130837,19867.63427208894,19247.83514604704,18628.036020005147,18008.23689396325,17347.004035868264,16685.771177773273,16024.538319678282,15363.305461583295,14702.072603488305,14261.095371205603,13820.118138922908,13379.140906640205,12938.163674357504,12497.186442074802,12056.209209792103,11615.231977509402,11174.254745226704,10733.277512944003,10292.300280661302,9867.42485111365,9442.549421566004,9017.673992018352,8592.798562470698,8167.92313292305,7743.0477033754,7318.17227382775,6893.2968442800975,6468.421414732447,6043.5459851848,5675.080152143983,5306.614319103165,4938.148486062348,4569.682653021531,4201.216819980714,3832.750986939897,3464.28515389908,3095.8193208582647,2727.353487817446,2358.887654776629,2044.7280400914392,1730.568425406249,1416.4088107210582,1102.2491960358666,788.0895813506768,473.9299666654865,159.7703519802958,-154.389262704894,-468.5488773900856,-782.7084920752754
"REMIND-MAgPIE 3.5-4.11","Medium-to-Low - SSP1","World","Climate Assessment|Harmonized and Infilled|Emissions|Kyoto Gases [AR6GWP100]","Mt CO2-equiv/yr",1,,,,57507.00308133636,57589.04388521537,57674.89509746473,57092.69713943587,56515.61461702041,55943.6475302183,55376.79587902958,54815.05966345426,53562.90225233176,52305.45158234618,51042.70765349752,49774.67046578577,48501.34001921092,47625.85150167793,46749.0198052753,45870.84493000302,44991.32687586108,44110.465642849485,42891.78127791581,41670.27459636931,40445.94559821001,39218.79428343789,37988.82065205296,36832.29776691176,35673.90916942164,34513.65485958261,33351.534837394654,32187.54910285777,31392.79233520276,30598.485944554337,29804.62993091249,29011.22429427725,28218.2690346486,27399.432817001438,26581.046976360863,25763.111512726875,24945.626426099487,24128.591716478684,23581.735800653893,23034.99958324203,22488.383064243084,21941.88624365707,21395.50912148398,20849.25169772382,20303.11397237658,19757.09594544227,19211.19761692089,18665.418986812427,18102.518975478648,17539.95653449835,16977.73166387152,16415.844363598164,15854.29463367829,15293.082474111889,14732.207884898964,14171.67086603951,13611.471417533534,13051.609539381036,12539.5082166077,12027.40689383436,11515.30557106102,11003.204248287682,10491.102925514342,9979.001602741006,9466.900279967664,8954.798957194329,8442.697634420989,7930.59631164765,7538.463171060931,7146.330030474212,6754.196889887494,6362.063749300773,5969.930608714055,5577.797468127336,5185.664327540618,4793.531186953899,4401.398046367179,4009.2649057804606
"REMIND-MAgPIE 3.5-4.11","Medium-to-Low - SSP1","World","Climate Assessment|Harmonized and Infilled|Emissions|N2O","kt N2O/yr",1,,,,11289.003670665756,11411.88830232768,11535.187393438351,11491.400434394089,11450.676500365622,11413.015591352949,11378.417707356077,11346.882848375,11251.886708873591,11152.08363616055,11047.473630235872,10938.056691099562,10823.832818751614,10753.202045933598,10682.158551313523,10610.702334891392,10538.8333966672,10466.551736640951,10222.018784848306,9977.76456535547,9733.78907816244,9490.092323269211,9246.674300675792,9126.454747989976,9005.905237964385,8885.02577059902,8763.816345893883,8642.276963848972,8580.748411694667,8519.219859540362,8457.69130738606,8396.162755231755,8334.634203077452,8254.357234688736,8174.080266300024,8093.803297911309,8013.526329522597,7933.249361133881,7843.022482002562,7752.795602871243,7662.568723739922,7572.341844608602,7482.114965477281,7391.888086345958,7301.66120721464,7211.434328083317,7121.207448951998,7030.9805698206765,6926.188373776404,6821.396177732129,6716.603981687855,6611.81178564358,6507.0195895993065,6402.227393555033,6297.435197510758,6192.643001466484,6087.850805422209,5983.058609377937,5881.192469391035,5779.326329404132,5677.460189417228,5575.594049430327,5473.727909443425,5371.861769456523,5269.99562946962,5168.129489482717,5066.263349495815,4964.397209508913,4881.473992548,4798.550775587088,4715.627558626174,4632.704341665261,4549.781124704347,4466.857907743434,4383.934690782521,4301.011473821608,4218.088256860695,4135.165039899782
"REMIND-MAgPIE 3.5-4.11","Medium-to-Low - SSP1","World","Climate Assessment|Surface Temperature (GSAT)|33rd Percentile [MAGICC v7.6.0a3]","°C",1,1.1491,1.1657,1.1865,1.2097,1.2339,1.2555,1.274,1.2903,1.3054,1.3203,1.3366,1.3547,1.3764,1.4011,1.4303,1.4575,1.482,1.5035,1.5225,1.5427,1.5566,1.5678,1.581,1.5994,1.6196,1.6397,1.6605,1.6808,1.6973,1.7093,1.717,1.7224,1.7266,1.7304,1.7337,1.7398,1.7472,1.7532,1.7587,1.7632,1.7658,1.7632,1.7617,1.761,1.7609,1.7603,1.765,1.77,1.7751,1.7767,1.7766,1.776,1.7752,1.7724,1.7686,1.766,1.7609,1.758,1.7582,1.7611,1.7641,1.766,1.7652,1.7643,1.7613,1.7569,1.7527,1.7481,1.7438,1.7414,1.7413,1.7417,1.7441,1.7425,1.7368,1.7305,1.723,1.7151,1.707,1.7015,1.6988
"REMIND-MAgPIE 3.5-4.11","Medium-to-Low - SSP1","World","Climate Assessment|Surface Temperature (GSAT)|67th Percentile [MAGICC v7.6.0a3]","°C",1,1.2622,1.2817,1.3037,1.3298,1.3605,1.3842,1.4049,1.4239,1.4437,1.46,1.4812,1.5038,1.5334,1.5644,1.6036,1.6387,1.6703,1.6989,1.7244,1.7462,1.7662,1.7853,1.8052,1.8259,1.8499,1.8739,1.9038,1.9302,1.9534,1.971,1.987,1.9949,2.0009,2.0066,2.0163,2.0276,2.0398,2.0517,2.0585,2.0637,2.0664,2.0645,2.066,2.0684,2.0677,2.0681,2.072,2.0771,2.0824,2.0874,2.0888,2.0876,2.0843,2.0832,2.082,2.0802,2.0776,2.0769,2.0781,2.0802,2.0825,2.0842,2.0854,2.0858,2.0857,2.0821,2.0768,2.0755,2.0735,2.0717,2.0733,2.0762,2.0799,2.0799,2.0767,2.0697,2.0627,2.0558,2.0476,2.0423,2.0396
"REMIND-MAgPIE 3.5-4.11","Medium-to-Low - SSP1","World","Climate Assessment|Surface Temperature (GSAT)|Median [MAGICC v7.6.0a3]","°C",1,1.2035,1.2215,1.2429,1.2672,1.2927,1.3146,1.3327,1.3481,1.3637,1.38,1.3978,1.419,1.446,1.4771,1.5128,1.5446,1.5733,1.5986,1.6239,1.6453,1.6642,1.6805,1.6984,1.7188,1.7363,1.7584,1.7797,1.8016,1.8212,1.8367,1.8483,1.8572,1.8616,1.869,1.8756,1.8855,1.8955,1.9058,1.9141,1.9198,1.9234,1.9277,1.9262,1.9252,1.9269,1.927,1.9304,1.9357,1.9414,1.9439,1.9449,1.941,1.9392,1.9365,1.935,1.9323,1.9297,1.9292,1.9305,1.9331,1.9359,1.9373,1.9378,1.9373,1.9357,1.9333,1.9305,1.9276,1.925,1.9235,1.9234,1.9231,1.9261,1.9247,1.9194,1.914,1.9073,1.8986,1.8923,1.8886,1.8858
"REMIND-MAgPIE 3.5-4.11","Medium-to-Low - SSP2","World","Climate Assessment|Effective Radiative Forcing|33rd Percentile [MAGICC v7.6.0a3]","W/m^2",1,2.566,2.556,2.6284,2.6851,2.7407,2.7715,2.7955,2.8191,2.8516,2.8699,2.9087,2.9625,3.0185,3.0822,3.1687,3.2194,3.2679,3.2925,3.3313,3.3505,3.3634,3.3714,3.3979,3.4261,3.4565,3.5206,3.5812,3.6398,3.6805,3.7019,3.6987,3.6977,3.7016,3.7089,3.7291,3.754,3.7803,3.7864,3.7957,3.7995,3.7831,3.7681,3.7595,3.7555,3.7515,3.7556,3.7775,3.7985,3.8073,3.8024,3.7891,3.7697,3.7612,3.7551,3.7432,3.7384,3.7324,3.7343,3.7416,3.7519,3.7605,3.7595,3.757,3.7432,3.7336,3.7147,3.6993,3.6937,3.6875,3.6973,3.7141,3.7187,3.7308,3.7152,3.6875,3.6631,3.6389,3.6254,3.6112,3.6093,3.6162
"REMIND-MAgPIE 3.5-4.11","Medium-to-Low - SSP2","World","Climate Assessment|Effective Radiative Forcing|67th Percentile [MAGICC v7.6.0a3]","W/m^2",1,2.8229,2.8276,2.9005,2.9463,3.0072,3.0381,3.0642,3.0923,3.1313,3.1548,3.2004,3.2495,3.2943,3.3583,3.4359,3.4785,3.5272,3.5566,3.5911,3.601,3.6109,3.6222,3.6454,3.6736,3.7099,3.7763,3.8339,3.8921,3.9312,3.9481,3.9486,3.9457,3.9475,3.9561,3.9713,3.9918,4.0184,4.0249,4.0308,4.038,4.0257,4.0152,4.0064,3.9988,3.999,4.0058,4.0309,4.051,4.0628,4.0591,4.0438,4.0257,4.0198,4.0107,4.0057,3.998,3.9926,3.9953,4.008,4.0182,4.0253,4.0196,4.0168,4.002,3.9908,3.9649,3.9515,3.9425,3.9394,3.9436,3.9569,3.9656,3.978,3.9631,3.9386,3.9154,3.8935,3.8775,3.8653,3.8638,3.8694
"REMIND-MAgPIE 3.5-4.11","Medium-to-Low - SSP2","World","Climate Assessment|Effective Radiative Forcing|Median [MAGICC v7.6.0a3]","W/m^2",1,2.6983,2.6998,2.7568,2.8058,2.8652,2.8941,2.9216,2.9471,2.9784,3.0089,3.0526,3.1016,3.1562,3.2252,3.2998,3.3476,3.3968,3.4165,3.454,3.4712,3.4946,3.5025,3.5242,3.5513,3.5814,3.6435,3.7108,3.7692,3.8051,3.8192,3.8148,3.8158,3.8215,3.8266,3.8425,3.8699,3.894,3.9,3.908,3.9167,3.9004,3.8866,3.8749,3.8707,3.8697,3.8771,3.8964,3.9201,3.932,3.9263,3.9114,3.8924,3.8821,3.8711,3.8621,3.8601,3.8537,3.8583,3.8712,3.8804,3.8889,3.8873,3.8806,3.8704,3.8618,3.8425,3.8282,3.8237,3.8196,3.8233,3.8351,3.8424,3.8512,3.8347,3.8079,3.7872,3.7631,3.7507,3.7375,3.7354,3.7394
"REMIND-MAgPIE 3.5-4.11","Medium-to-Low - SSP2","World","Climate Assessment|Harmonized and Infilled|Emissions|CH4","Mt CH4/yr",1,,,,363.4899013289108,363.261633350691,363.04360423160045,358.55086204258333,354.1176352512883,349.7439238577153,345.4297278618643,341.17504726373545,338.5778612839192,335.88480703133047,333.09588450596897,330.21109370783483,327.2304346369282,325.6866825038428,324.11606813402426,322.5185915274725,320.89425268418745,319.24305160416924,314.26076700268925,309.31289192383633,304.3994263676103,299.5203703340114,294.67572382303933,290.7931769961745,286.8698719886136,282.90580880035634,278.900987431403,274.8554078817534,272.239712315646,269.6240167495385,267.008321183431,264.3926256173236,261.7769300512162,260.32117209182684,258.86541413243754,257.4096561730483,255.95389821365904,254.4981402542697,253.50454963739944,252.5109590205292,251.51736840365885,250.52377778678857,249.5301871699183,248.53659655304796,247.54300593617765,246.54941531930737,245.5558247024371,244.5622340855668,243.5113501299448,242.46046617432268,241.40958221870065,240.3586982630785,239.30781430745645,238.2569303518344,237.20604639621232,236.15516244059023,235.10427848496815,234.05339452934615,232.5637242565961,231.07405398384608,229.58438371109605,228.094713438346,226.605043165596,225.11537289284595,223.6257026200959,222.13603234734583,220.64636207459583,219.1566918018458,218.4694514040673,217.7822110062889,217.0949706085105,216.40773021073204,215.7204898129536,215.03324941517516,214.34600901739665,213.65876861961823,212.97152822183983,212.28428782406132
"REMIND-MAgPIE 3.5-4.11","Medium-to-Low - SSP2","World","Climate Assessment|Harmonized and Infilled|Emissions|CO2","Mt CO2/yr",1,,,,42339.76770647963,42375.714837640815,42415.23474448441,41977.4707644572,41542.03567766151,41108.92948409735,40678.1521837647,40249.70377666358,39855.20782775238,39460.883043824826,39066.72942488092,38672.74697092066,38278.93568194404,37744.99166644641,37209.9501440856,36673.81111486162,36136.57457877447,35598.24053582415,34565.74896588558,33531.7944988,32496.37713456742,31459.49687318784,30421.153714661257,29248.89848898084,28074.529405786496,26898.04646507821,25719.449666856,24538.739011119877,23773.019378310983,23007.299745502107,22241.58011269322,21475.86047988434,20710.14084707546,19949.16490143348,19188.18895579149,18427.21301014951,17666.23706450752,16905.261118865543,16401.139504900704,15897.017890935867,15392.896276971036,14888.774663006196,14384.653049041362,13880.531435076524,13376.409821111689,12872.288207146854,12368.166593182015,11864.044979217184,11362.089038426786,10860.133097636392,10358.177156845992,9856.221216055596,9354.2652752652,8852.309334474809,8350.353393684409,7848.397452894013,7346.441512103615,6844.485571313223,6464.032673757583,6083.579776201948,5703.126878646311,5322.673981090672,4942.221083535036,4561.768185979399,4181.315288423763,3800.862390868126,3420.4094933124898,3039.956595756852,2681.1170254084745,2322.277455060099,1963.437884711721,1604.5983143633443,1245.7587440149675,886.9191736665914,528.0796033182135,169.24003296983688,-189.59953737854065,-548.4391077269157
"REMIND-MAgPIE 3.5-4.11","Medium-to-Low - SSP2","World","Climate Assessment|Harmonized and Infilled|Emissions|Kyoto Gases [AR6GWP100]","Mt CO2-equiv/yr",1,,,,57507.00308133636,57589.04388521537,57674.89509746473,56931.09660239488,56193.32928576603,55461.59314757818,54735.88818783133,54016.21440652548,53448.57618088595,52878.16287736,52304.97449594761,51729.01103664879,51150.27249946353,50592.08460809776,50031.692272857246,49469.09549374199,48904.29427075196,48337.2886038872,47434.52073317411,46529.44708407366,45622.067656585845,44712.38245071069,43800.39146644815,42523.06424709615,41241.80019067863,39956.59929719558,38667.46156664703,37374.38699903296,36452.3591772301,35530.78173243383,34609.65466464416,33688.977973861074,32768.751660084585,31888.339535103318,31008.37778712863,30128.86641616053,29249.805422199024,28371.19480524412,27808.253831692677,27245.43255655415,26682.730979828568,26120.1491015159,25557.68692161616,24995.344440129345,24433.12165705546,23871.0185723945,23309.035186146462,22747.17149831136,22156.5687032843,21566.30347861072,20976.37582429061,20386.785740323983,19797.533226710824,19208.618283451156,18620.040910544943,18031.80110799221,17443.89887579296,16856.334213947186,16367.891809866587,15879.449405786,15391.00700170541,14902.564597624816,14414.122193544225,13925.679789463631,13437.237385383043,12948.794981302452,12460.35257722186,11971.910173141268,11583.665610355822,11195.421047570377,10807.176484784932,10418.931921999489,10030.687359214042,9642.442796428595,9254.198233643148,8865.953670857705,8477.70910807226,8089.464545286815
"REMIND-MAgPIE 3.5-4.11","Medium-to-Low - SSP2","World","Climate Assessment|Harmonized and Infilled|Emissions|N2O","kt N2O/yr",1,,,,11289.003670665756,11411.88830232768,11535.187393438351,11637.801455657738,11742.837981885432,11850.296972121432,11960.178426365736,12072.482344618347,12110.799025929236,12145.353884133372,12176.146919230756,12203.178131221388,12226.447520105268,12271.927298510327,12316.364171939496,12359.758140392762,12402.109203870134,12443.417362371603,12307.397732373212,12172.774365445,12039.547261586964,11907.716420799105,11777.28184308142,11728.912914656908,11678.944604577786,11627.376912844062,11574.209839455734,11519.443384412803,11475.733263263252,11432.0231421137,11388.313020964151,11344.6028998146,11300.892778665053,11265.453226725358,11230.01367478567,11194.574122845976,11159.134570906288,11123.695018966602,11084.842325223795,11045.989631480994,11007.13693773819,10968.284243995393,10929.431550252588,10890.578856509786,10851.726162766983,10812.873469024184,10774.020775281382,10735.16808153858,10675.410594234336,10615.65310693009,10555.89561962585,10496.138132321608,10436.380645017369,10376.623157713124,10316.86567040888,10257.108183104636,10197.350695800396,10137.593208496151,10073.88887202499,10010.18453555383,9946.480199082667,9882.775862611508,9819.071526140346,9755.367189669189,9691.662853198024,9627.958516726863,9564.2541802557,9500.549843784542,9467.28491996606,9434.01999614758,9400.755072329102,9367.490148510622,9334.225224692143,9300.96030087366,9267.695377055185,9234.430453236702,9201.165529418222,9167.900605599743
"REMIND-MAgPIE 3.5-4.11","Medium-to-Low - SSP2","World","Climate Assessment|Surface Temperature (GSAT)|33rd Percentile [MAGICC v7.6.0a3]","°C",1,1.1491,1.1657,1.1865,1.2097,1.2339,1.2559,1.2758,1.2921,1.3095,1.325,1.3398,1.3596,1.3802,1.4039,1.4309,1.4557,1.4811,1.5018,1.5244,1.5427,1.5602,1.5722,1.5841,1.5989,1.6164,1.6372,1.6611,1.6864,1.7085,1.7291,1.7418,1.7542,1.7647,1.7735,1.7832,1.7949,1.8068,1.8161,1.8248,1.8336,1.8404,1.8428,1.8449,1.8465,1.8493,1.8533,1.861,1.8677,1.8725,1.8768,1.8787,1.8787,1.8803,1.8826,1.8857,1.8868,1.8864,1.8881,1.8911,1.8961,1.9016,1.9064,1.9087,1.9092,1.9091,1.9067,1.9024,1.8992,1.898,1.9003,1.9036,1.9077,1.9124,1.9148,1.9126,1.908,1.9026,1.8964,1.8908,1.8894,1.8905
"REMIND-MAgPIE 3.5-4.11","Medium-to-Low - SSP2","World","Climate Assessment|Surface Temperature (GSAT)|67th Percentile [MAGICC v7.6.0a3]","°C",1,1.2622,1.2817,1.3037,1.3298,1.3605,1.3847,1.4068,1.4283,1.4504,1.4687,1.4882,1.5094,1.5369,1.5677,1.6055,1.6384,1.6703,1.6987,1.7272,1.7516,1.7725,1.7909,1.8074,1.8233,1.845,1.8716,1.9007,1.9309,1.9603,1.986,2.0035,2.019,2.0349,2.0472,2.0584,2.0722,2.0861,2.1002,2.1136,2.1277,2.1369,2.1408,2.1454,2.1516,2.1579,2.1648,2.1744,2.1845,2.1966,2.2048,2.2107,2.2159,2.2165,2.2177,2.218,2.2187,2.2218,2.225,2.2311,2.2381,2.2459,2.2528,2.2576,2.26,2.262,2.2632,2.2637,2.2637,2.2631,2.2641,2.2694,2.2739,2.2786,2.2806,2.2803,2.2781,2.2725,2.2683,2.2631,2.2609,2.2616
"REMIND-MAgPIE 3.5-4.11","Medium-to-Low - SSP2","World","Climate Assessment|Surface Temperature (GSAT)|Median [MAGICC v7.6.0a3]","°C",1,1.2035,1.2215,1.2429,1.2672,1.2927,1.3149,1.3345,1.3519,1.369,1.3855,1.4058,1.4267,1.4524,1.4809,1.5139,1.5438,1.5733,1.5995,1.6215,1.6427,1.6616,1.6774,1.6944,1.7137,1.733,1.7575,1.7823,1.8097,1.8376,1.8566,1.8738,1.887,1.8951,1.9023,1.9135,1.9275,1.9442,1.9577,1.9694,1.9794,1.9868,1.9892,1.992,1.995,2.0011,2.0068,2.0144,2.0239,2.0345,2.0421,2.0472,2.0495,2.0516,2.0547,2.0564,2.0571,2.0592,2.0608,2.0642,2.0707,2.0775,2.0829,2.0871,2.0893,2.0921,2.0915,2.0923,2.0937,2.0941,2.0956,2.0975,2.102,2.107,2.1095,2.1084,2.1046,2.1003,2.0961,2.0921,2.0905,2.0905
"REMIND-MAgPIE 3.5-4.11","Medium-to-Low - SSP3","World","Climate Assessment|Effective Radiative Forcing|33rd Percentile [MAGICC v7.6.0a3]","W/m^2",1,2.566,2.556,2.6284,2.6851,2.7407,2.77,2.7911,2.8156,2.8479,2.8673,2.9039,2.9493,2.9994,3.0686,3.1459,3.1989,3.2607,3.2989,3.3451,3.3801,3.4056,3.4381,3.4739,3.5193,3.5702,3.6397,3.703,3.7666,3.8063,3.8293,3.8345,3.8475,3.8573,3.8733,3.8959,3.9283,3.964,3.98,3.9957,4.0118,4.0017,3.9879,3.9779,3.9754,3.9782,3.9819,4.0082,4.0299,4.0411,4.0413,4.0334,4.0104,4.0023,3.9948,3.9862,3.9828,3.9782,3.982,3.9997,4.0164,4.0248,4.0253,4.0203,4.0058,3.9971,3.9735,3.9649,3.9584,3.9577,3.9675,3.9839,3.9948,4.0085,3.9924,3.9681,3.9476,3.9249,3.9126,3.9007,3.9009,3.9106
"REMIND-MAgPIE 3.5-4.11","Medium-to-Low - SSP3","World","Climate Assessment|Effective Radiative Forcing|67th Percentile [MAGICC v7.6.0a3]","W/m^2",1,2.8229,2.8276,2.9005,2.9463,3.0072,3.0368,3.0606,3.0888,3.1284,3.152,3.1925,3.2393,3.2881,3.3546,3.4345,3.484,3.5436,3.5795,3.6255,3.6467,3.6728,3.7019,3.7417,3.7858,3.8375,3.9075,3.969,4.0338,4.072,4.0905,4.0881,4.1016,4.1168,4.1315,4.158,4.1879,4.2202,4.2341,4.2533,4.2655,4.2556,4.2466,4.2373,4.2399,4.248,4.2539,4.2804,4.3048,4.3191,4.3162,4.3028,4.2887,4.2799,4.2749,4.2656,4.2628,4.258,4.264,4.2717,4.2859,4.2915,4.2882,4.2836,4.2698,4.2613,4.2404,4.2297,4.2237,4.2202,4.227,4.2447,4.2552,4.2692,4.2555,4.2333,4.215,4.1952,4.1857,4.1783,4.1797,4.1831
"REMIND-MAgPIE 3.5-4.11","Medium-to-Low - SSP3","World","Climate Assessment|Effective Radiative Forcing|Median [MAGICC v7.6.0a3]","W/m^2",1,2.6983,2.6998,2.7568,2.8058,2.8652,2.8927,2.9179,2.9429,2.974,3.0059,3.0483,3.0975,3.144,3.2111,3.2931,3.3422,3.4046,3.4405,3.4884,3.5149,3.5386,3.574,3.6118,3.6604,3.7123,3.7812,3.8461,3.9039,3.9416,3.9633,3.9623,3.9713,3.982,3.997,4.0258,4.0606,4.0878,4.1028,4.116,4.1356,4.1314,4.1136,4.1095,4.1125,4.1165,4.1241,4.152,4.1765,4.1883,4.1855,4.1746,4.1542,4.1483,4.1446,4.1358,4.1296,4.1221,4.1244,4.1354,4.1502,4.1564,4.1552,4.1505,4.1347,4.1273,4.106,4.0947,4.0922,4.0894,4.1016,4.1158,4.1234,4.1351,4.1199,4.0982,4.0819,4.0581,4.0438,4.035,4.0365,4.0441
"REMIND-MAgPIE 3.5-4.11","Medium-to-Low - SSP3","World","Climate Assessment|Harmonized and Infilled|Emissions|CH4","Mt CH4/yr",1,,,,363.4899013289108,363.261633350691,363.04360423160045,359.3556449854258,355.7037312991405,352.08786317274433,348.5080406062376,344.96426359962027,344.08800838793024,343.15641748832815,342.16949090081414,341.127228625388,340.0296306620499,339.26692486098267,338.4521010282332,337.5851591638013,336.66609926768723,335.6949213398909,329.833973397331,323.98281900360126,318.1414581587017,312.3098908626324,306.48811711539315,301.3062634729515,296.1156352412474,290.9162324202808,285.70805501005174,280.4911030105602,276.41164814501,272.3321932794596,268.25273841390936,264.173283548359,260.0938286828087,257.5235434392897,254.95325819577064,252.38297295225163,249.8126877087325,247.2424024652135,245.6560298172308,244.06965716924805,242.48328452126535,240.89691187328265,239.31053922529992,237.72416657731725,236.1377939293345,234.5514212813518,232.9650486333691,231.3786759853864,230.42124582161605,229.46381565784577,228.50638549407543,227.54895533030515,226.5915251665348,225.63409500276447,224.67666483899416,223.71923467522384,222.76180451145356,221.8043743476832,220.88654896218,219.9687235766767,219.05089819117345,218.1330728056701,217.2152474201669,216.2974220346636,215.37959664916036,214.4617712636571,213.54394587815383,212.62612049265056,212.56891393657733,212.51170738050408,212.4545008244308,212.39729426835757,212.34008771228432,212.28288115621103,212.22567460013775,212.16846804406455,212.11126148799127,212.054054931918
"REMIND-MAgPIE 3.5-4.11","Medium-to-Low - SSP3","World","Climate Assessment|Harmonized and Infilled|Emissions|CO2","Mt CO2/yr",1,,,,42339.76770647963,42375.714837640815,42415.23474448441,42143.88531567438,41875.11676745372,41608.92909982242,41345.32231278048,41084.296406327936,41613.28452620706,42143.79429423885,42675.82571042324,43209.37877476027,43744.45348724994,43709.799585980254,43674.47181704104,43638.47018043231,43601.79467615408,43564.44530420631,42901.98093169572,42238.36635096585,41573.60156201672,40907.68656484833,40240.621359460674,38876.5166965002,37511.07958046362,36144.31001135093,34776.2079891621,33406.77351389716,32158.008233776745,30909.242953656325,29660.477673535897,28411.71239341548,27162.94711329506,25911.5167488717,24660.086384448343,23408.65602002498,22157.225655601625,20905.795291178263,20095.428104379847,19285.060917581435,18474.693730783023,17664.326543984607,16853.959357186195,16043.59217038778,15233.224983589367,14422.857796790948,13612.490609992536,12802.123423194123,12202.434962791462,11602.746502388803,11003.05804198614,10403.36958158348,9803.681121180822,9203.99266077816,8604.304200375502,8004.61573997284,7404.92727957018,6805.238819167519,6394.447123838004,5983.655428508489,5572.863733178975,5162.072037849461,4751.280342519946,4340.488647190432,3929.696951860916,3518.9052565314023,3108.113561201889,2697.3218658723736,2419.30802895486,2141.294192037347,1863.280355119835,1585.2665182023222,1307.2526812848098,1029.2388443672965,751.225007449784,473.2111705322704,195.19733361475744,-82.816503302755
"REMIND-MAgPIE 3.5-4.11","Medium-to-Low - SSP3","World","Climate Assessment|Harmonized and Infilled|Emissions|Kyoto Gases [AR6GWP100]","Mt CO2-equiv/yr",1,,,,57507.00308133636,57583.21724261318,57662.99453286117,57269.8467024566,56881.13823832549,56496.8691404678,56117.03940888356,55741.6490435728,56266.90780026007,56791.76008626008,57316.20590157278,57840.24524619818,58363.87812013631,58337.102083195954,58307.5142166465,58275.11452048798,58239.9029947204,58201.87963934372,57314.71696604134,56426.89065933651,55538.40071922922,54649.24714571948,53759.42993880728,52234.147311323904,50707.24219868913,49178.71460090293,47648.56451796527,46116.7919498762,44715.11657265087,43313.62168584155,41912.30728944825,40511.17338347097,39110.2199679097,37757.64682093404,36405.24742129741,35053.021768999846,33700.969864041326,32349.091706421856,31471.86776914813,30594.77091260457,29717.80113679116,28840.95844170789,27964.242827354792,27086.437344128324,26208.822975121107,25331.399720333124,24454.167579764395,23577.12655341491,22930.079571951497,22283.16673120677,21636.3880311807,20989.74347187332,20343.233053284617,19695.426049102105,19047.80472068654,18400.369068037915,17753.11909115624,17106.054790041515,16659.14276253161,16212.230735021703,15765.3187075118,15318.406680001892,14871.494652491989,14426.40760076305,13981.320549034112,13536.233497305177,13091.146445576238,12646.0593938473,12370.546667596296,12095.033941345297,11819.521215094292,11544.00848884329,11268.495762592289,10998.974830776451,10729.453898960614,10459.932967144778,10190.412035328938,9920.891103513102
"REMIND-MAgPIE 3.5-4.11","Medium-to-Low - SSP3","World","Climate Assessment|Harmonized and Infilled|Emissions|N2O","kt N2O/yr",1,,,,11289.003670665756,11411.88830232768,11535.187393438351,11745.55181607042,11957.39499528332,12170.716931077048,12385.517623451597,12601.797072406976,12739.92263221478,12875.89331980277,13009.70913517094,13141.370078319293,13270.876149247828,13418.577358871618,13564.239141234357,13707.861496336036,13849.444424176658,13988.987924756222,13868.837401750165,13749.089084936377,13629.742974314851,13510.799069885605,13392.257371648617,13410.664323683157,13428.729877831816,13446.454034094608,13463.836792471518,13480.878152962558,13430.79688123923,13380.715609515904,13330.634337792577,13280.553066069251,13230.471794345924,13211.349901828547,13192.228009311166,13173.106116793786,13153.984224276406,13134.862331759028,13113.53888260565,13092.215433452271,13070.891984298894,13049.568535145518,13028.24508599214,13006.92163683876,12985.598187685382,12964.274738532004,12942.951289378629,12921.627840225248,12901.8840526415,12882.14026505775,12862.396477473998,12842.652689890248,12822.908902306495,12803.165114722748,12783.421327138998,12763.677539555249,12743.933751971495,12724.189964387746,12717.106003259494,12710.02204213124,12702.938081002989,12695.854119874732,12688.77015874648,12681.686197618228,12674.602236489976,12667.518275361725,12660.434314233473,12653.350353105216,12684.232529238176,12715.114705371136,12745.996881504096,12776.879057637054,12807.761233770016,12838.643409902974,12869.525586035932,12900.407762168894,12931.289938301852,12962.172114434812
"REMIND-MAgPIE 3.5-4.11","Medium-to-Low - SSP3","World","Climate Assessment|Surface Temperature (GSAT)|33rd Percentile [MAGICC v7.6.0a3]","°C",1,1.1491,1.1657,1.1865,1.2097,1.2339,1.2558,1.2752,1.2917,1.3089,1.3253,1.341,1.3588,1.3785,1.401,1.4293,1.4565,1.4839,1.5075,1.5297,1.5499,1.5717,1.5912,1.6102,1.6309,1.6531,1.6798,1.7044,1.7316,1.7604,1.7814,1.7978,1.8111,1.8261,1.8396,1.8542,1.8691,1.8858,1.9,1.9141,1.9242,1.9346,1.9411,1.945,1.9493,1.953,1.9583,1.9661,1.9748,1.9837,1.9906,1.995,1.9966,1.9995,2.001,2.0006,2.0021,2.0023,2.0039,2.0073,2.0117,2.017,2.0205,2.0229,2.0247,2.0266,2.026,2.0245,2.0236,2.0246,2.0279,2.0321,2.037,2.0431,2.0464,2.0455,2.0429,2.0396,2.0356,2.0318,2.0296,2.0301
"REMIND-MAgPIE 3.5-4.11","Medium-to-Low - SSP3","World","Climate Assessment|Surface Temperature (GSAT)|67th Percentile [MAGICC v7.6.0a3]","°C",1,1.2622,1.2817,1.3037,1.3298,1.3605,1.3846,1.4063,1.427,1.4487,1.468,1.4873,1.508,1.5343,1.5645,1.5967,1.6336,1.6661,1.6996,1.7286,1.7539,1.7798,1.8045,1.8311,1.8594,1.8886,1.9181,1.9513,1.987,2.0194,2.0485,2.07,2.0876,2.1058,2.1228,2.1412,2.1611,2.1826,2.2016,2.2197,2.2361,2.2476,2.2572,2.2634,2.2707,2.2788,2.2879,2.2985,2.3125,2.3272,2.3399,2.3505,2.3566,2.3606,2.3667,2.3689,2.3694,2.374,2.3794,2.3875,2.395,2.4023,2.4082,2.4125,2.4142,2.4157,2.4171,2.4178,2.4195,2.422,2.4278,2.4347,2.4415,2.4491,2.4534,2.453,2.45,2.4461,2.4443,2.4447,2.4456,2.4479
"REMIND-MAgPIE 3.5-4.11","Medium-to-Low - SSP3","World","Climate Assessment|Surface Temperature (GSAT)|Median [MAGICC v7.6.0a3]","°C",1,1.2035,1.2215,1.2429,1.2672,1.2927,1.3148,1.3337,1.3509,1.368,1.3843,1.4039,1.4241,1.448,1.4756,1.5064,1.5377,1.5686,1.5963,1.6248,1.6485,1.6712,1.6945,1.7186,1.7407,1.7677,1.7969,1.8268,1.8574,1.8856,1.9126,1.9322,1.9473,1.9625,1.9767,1.9869,2.0023,2.0221,2.0406,2.0563,2.0719,2.0844,2.0923,2.0959,2.1012,2.1096,2.1172,2.128,2.1409,2.1503,2.1623,2.1686,2.1716,2.175,2.1783,2.1801,2.185,2.1886,2.1918,2.1973,2.2041,2.2106,2.2167,2.2227,2.2256,2.2272,2.2263,2.2257,2.2285,2.2297,2.2337,2.239,2.2457,2.2523,2.2561,2.2563,2.2565,2.2533,2.2516,2.2496,2.2471,2.2488
"REMIND-MAgPIE 3.5-4.11","Very Low - SSP1 (Marker)","World","Climate Assessment|Effective Radiative Forcing|33rd Percentile [MAGICC v7.6.0a3]","W/m^2",1,2.566,2.556,2.6284,2.6851,2.7407,2.7811,2.8321,2.8736,2.92,2.9586,3.0083,3.0574,3.1007,3.1609,3.219,3.2402,3.2695,3.2745,3.2861,3.2875,3.2692,3.2465,3.2423,3.2414,3.2447,3.2538,3.2504,3.2582,3.2459,3.2097,3.1559,3.117,3.0779,3.0429,3.0222,3.0217,3.0266,3.0117,2.9972,2.9862,2.9547,2.9259,2.9005,2.8805,2.8627,2.8538,2.8619,2.87,2.866,2.8517,2.8178,2.7768,2.7484,2.7216,2.6937,2.6715,2.6483,2.6351,2.6289,2.6267,2.6157,2.5993,2.5803,2.5547,2.5321,2.5001,2.4745,2.4579,2.4425,2.438,2.4416,2.4399,2.4456,2.4186,2.3855,2.3518,2.3191,2.2985,2.279,2.2707,2.2697
"REMIND-MAgPIE 3.5-4.11","Very Low - SSP1 (Marker)","World","Climate Assessment|Effective Radiative Forcing|67th Percentile [MAGICC v7.6.0a3]","W/m^2",1,2.8229,2.8276,2.9005,2.9463,3.0072,3.0464,3.0918,3.1311,3.1732,3.2035,3.2483,3.293,3.3348,3.3855,3.4416,3.4618,3.4911,3.4923,3.5015,3.493,3.4711,3.4481,3.4414,3.4409,3.447,3.467,3.4605,3.4623,3.4447,3.4117,3.3678,3.3238,3.286,3.2514,3.2288,3.225,3.2293,3.2129,3.1985,3.1845,3.1525,3.1211,3.0945,3.078,3.066,3.0594,3.0691,3.0753,3.0714,3.0546,3.0305,2.9923,2.9633,2.9383,2.9121,2.8904,2.8674,2.8529,2.8483,2.8426,2.8327,2.8178,2.8008,2.7727,2.7503,2.7151,2.6903,2.6738,2.66,2.6552,2.6627,2.6607,2.6618,2.6374,2.6026,2.5752,2.5413,2.5177,2.496,2.4875,2.49
"REMIND-MAgPIE 3.5-4.11","Very Low - SSP1 (Marker)","World","Climate Assessment|Effective Radiative Forcing|Median [MAGICC v7.6.0a3]","W/m^2",1,2.6983,2.6998,2.7568,2.8058,2.8652,2.9035,2.9506,2.9933,3.0405,3.0714,3.1209,3.1715,3.2122,3.2629,3.3258,3.3508,3.3764,3.3808,3.3931,3.3768,3.3574,3.3369,3.3308,3.331,3.3357,3.348,3.3438,3.3485,3.3329,3.2972,3.252,3.2124,3.1753,3.1414,3.1212,3.1191,3.1235,3.1139,3.1013,3.0911,3.059,3.0272,3.0011,2.9832,2.9674,2.9598,2.9688,2.9728,2.9732,2.9562,2.9262,2.8846,2.8542,2.8274,2.7972,2.7726,2.7507,2.7358,2.7317,2.7284,2.7199,2.7025,2.6845,2.6541,2.6321,2.5992,2.574,2.5572,2.5434,2.5391,2.5431,2.5405,2.5437,2.5187,2.4851,2.4588,2.4273,2.4064,2.3849,2.3761,2.3754
"REMIND-MAgPIE 3.5-4.11","Very Low - SSP1 (Marker)","World","Climate Assessment|Harmonized and Infilled|Emissions|CH4","Mt CH4/yr",1,,,,363.4899013289108,363.261633350691,363.04360423160045,353.2903896216476,343.4928689777774,333.65104229998985,323.7649095882849,313.8344708426627,300.0152749829037,286.21364578947987,272.42958326239125,258.66308740163777,244.9141582072196,236.36329091880376,227.7882595529966,219.18906410979804,210.56570458920817,201.9181809912269,197.0120094939592,192.09329883018512,187.16204899990487,182.2182600031184,177.2619318398257,174.04700099736527,170.83054506930003,167.61256405563,164.39305795635516,161.1720267714755,159.08266670215477,156.9933066328341,154.9039465635134,152.81458649419267,150.72522642487198,148.2048396214552,145.68445281803838,143.1640660146216,140.64367921120478,138.12329240778797,135.62166784283477,133.1200432778815,130.6184187129283,128.1167941479751,125.61516958302188,123.11354501806863,120.61192045311545,118.1102958881622,115.60867132320898,113.10704675825576,112.49371286536876,111.88037897248176,111.26704507959477,110.65371118670774,110.04037729382074,109.42704340093374,108.81370950804674,108.20037561515971,107.58704172227272,106.97370782938572,106.25940373639452,105.54509964340332,104.83079555041216,104.11649145742096,103.40218736442976,102.68788327143857,101.97357917844738,101.25927508545618,100.54497099246498,99.8306668994738,99.17851685231074,98.52636680514766,97.87421675798458,97.22206671082152,96.56991666365845,95.91776661649536,95.26561656933228,94.6134665221692,93.96131647500611,93.30916642784304
"REMIND-MAgPIE 3.5-4.11","Very Low - SSP1 (Marker)","World","Climate Assessment|Harmonized and Infilled|Emissions|CO2","Mt CO2/yr",1,,,,42339.76770647963,42375.714837640815,42415.23474448441,41379.71805583119,40341.33937083869,39300.09868950693,38255.99601183589,37209.03133782559,34292.83384796747,31363.852128031343,28422.086178017234,25467.53599792513,22500.201587755026,20128.43655322792,17739.446077968212,15333.2301619759,12909.78880525098,10469.122007793449,8947.882214428568,7423.882038709366,5897.121480635848,4367.60054020801,2835.319217425856,2033.8331284486223,1230.7491957196962,426.0674192390825,-380.2122009932236,-1188.089664977217,-1461.507387994111,-1734.9251110110044,-2008.342834027898,-2281.760557044792,-2555.178280061685,-2732.949112763313,-2910.719945464941,-3088.4907781665693,-3266.2616108681964,-3444.032443569824,-3526.1236768689687,-3608.214910168111,-3690.3061434672554,-3772.397376766397,-3854.4886100655417,-3936.579843364684,-4018.671076663827,-4100.762309962971,-4182.853543262115,-4264.944776561257,-4352.954265589303,-4440.963754617351,-4528.973243645397,-4616.982732673443,-4704.99222170149,-4793.001710729537,-4881.011199757583,-4969.02068878563,-5057.030177813676,-5145.039666841723,-5176.86109042715,-5208.682514012575,-5240.503937598001,-5272.325361183427,-5304.146784768854,-5335.968208354279,-5367.789631939705,-5399.611055525132,-5431.432479110558,-5463.253902695984,-5493.842768783675,-5524.431634871365,-5555.020500959056,-5585.609367046749,-5616.198233134439,-5646.78709922213,-5677.375965309821,-5707.964831397512,-5738.553697485203,-5769.142563572895
"REMIND-MAgPIE 3.5-4.11","Very Low - SSP1 (Marker)","World","Climate Assessment|Harmonized and Infilled|Emissions|Kyoto Gases [AR6GWP100]","Mt CO2-equiv/yr",1,,,,57507.00308133636,57589.04388521537,57674.89509746473,56130.835150114566,54583.46659518087,53032.78943266365,51478.803662562896,49921.50928487861,46358.5465051038,42784.49360621533,39199.35058821323,35603.1174510975,31995.794194868125,29293.161214381194,26572.45108721252,23833.66381336209,21076.799392829907,18301.857825615964,16583.075476804705,14861.029177924554,13135.71892897552,11407.144729957596,9675.306580870789,8744.057950167298,7811.139211592402,6876.550365146109,5940.291410828411,5002.362348639313,4654.502589662292,4306.632306021215,3958.7514977160777,3610.860164746881,3262.9583071136262,2994.56809865532,2726.167365532953,2457.7561077465284,2189.334325296045,1920.9020181815024,1747.9578445568995,1575.002690391766,1402.0365556861,1229.0594404399026,1056.0713446531709,883.072268325909,710.0622114581148,537.0411740497871,364.0091561009267,190.96615761153663,77.81143536930946,-35.35222548950721,-148.5248249649089,-261.7063630568986,-374.8968397654752,-488.0962550906395,-601.3046090323896,-714.5219015907279,-827.7481327656526,-940.9833025571656,-1002.025390466825,-1063.0674783764832,-1124.1095662861424,-1185.151654195802,-1246.1937421054613,-1307.2358300151202,-1368.2779179247789,-1429.320005834439,-1490.3620937440985,-1551.4041816537576,-1608.025301737133,-1664.6464218205083,-1721.267541903885,-1777.8886619872633,-1834.5097820706392,-1891.1309021540155,-1947.7520222373923,-2004.373142320768,-2060.994262404145,-2117.6153824875214
"REMIND-MAgPIE 3.5-4.11","Very Low - SSP1 (Marker)","World","Climate Assessment|Harmonized and Infilled|Emissions|N2O","kt N2O/yr",1,,,,11289.003670665756,11411.88830232768,11535.187393438351,11364.32373877564,11191.69820683836,11017.310797626507,10841.161511140082,10663.250347379086,10278.65931974552,9894.675459312914,9511.298766081269,9128.529240050586,8746.366881220865,8469.56420592994,8191.761684179596,7912.959315969833,7633.157101300652,7352.35504017205,7134.599903693864,6916.313115229149,6697.494674777904,6478.144582340132,6258.262837915829,6115.741477981978,5973.140918894958,5830.461160654771,5687.702203261415,5544.864046714891,5485.933343274858,5427.0026398348255,5368.071936394793,5309.141232954759,5250.210529514727,5176.264915470376,5102.319301426026,5028.373687381676,4954.428073337326,4880.482459292976,4802.403883382498,4724.32530747202,4646.246731561541,4568.168155651062,4490.089579740585,4412.011003830106,4333.932427919627,4255.853852009149,4177.77527609867,4099.696700188192,4070.425401601204,4041.154103014216,4011.8828044272286,3982.61150584024,3953.340207253252,3924.0689086662633,3894.7976100792753,3865.5263114922873,3836.2550129052993,3806.9837143183113,3772.393833299174,3737.803952280036,3703.214071260898,3668.62419024176,3634.034309222623,3599.444428203485,3564.854547184347,3530.264666165209,3495.674785146072,3461.084904126934,3432.840821262987,3404.59673839904,3376.3526555350927,3348.108572671146,3319.864489807197,3291.62040694325,3263.3763240793032,3235.132241215356,3206.8881583514085,3178.644075487461
"REMIND-MAgPIE 3.5-4.11","Very Low - SSP1 (Marker)","World","Climate Assessment|Surface Temperature (GSAT)|33rd Percentile [MAGICC v7.6.0a3]","°C",1,1.1491,1.1657,1.1865,1.2097,1.2339,1.2568,1.2787,1.2984,1.3183,1.3377,1.3567,1.3782,1.3988,1.4205,1.4466,1.4692,1.4874,1.4991,1.5098,1.5154,1.5222,1.5261,1.5279,1.5325,1.533,1.5385,1.5446,1.5479,1.5493,1.5466,1.5397,1.5323,1.5228,1.5124,1.5024,1.4988,1.4967,1.4934,1.4896,1.4851,1.4779,1.4709,1.4625,1.4573,1.4534,1.4477,1.445,1.4459,1.4463,1.4453,1.4406,1.4314,1.4216,1.4117,1.4013,1.3918,1.3822,1.3739,1.3683,1.3648,1.3606,1.3563,1.3501,1.3414,1.3327,1.3192,1.3092,1.2977,1.2908,1.2862,1.2826,1.2803,1.2785,1.2737,1.2648,1.255,1.2437,1.2333,1.2234,1.2152,1.2097
"REMIND-MAgPIE 3.5-4.11","Very Low - SSP1 (Marker)","World","Climate Assessment|Surface Temperature (GSAT)|67th Percentile [MAGICC v7.6.0a3]","°C",1,1.2622,1.2817,1.3037,1.3298,1.3605,1.3861,1.4124,1.4389,1.4668,1.492,1.5181,1.5483,1.5729,1.6013,1.6319,1.6594,1.6853,1.7041,1.7236,1.7345,1.7462,1.7523,1.7621,1.7748,1.7802,1.7938,1.8026,1.8113,1.8162,1.8136,1.8058,1.7963,1.7849,1.7745,1.7672,1.763,1.7618,1.7612,1.7579,1.755,1.7521,1.7471,1.7418,1.7364,1.7297,1.7269,1.7274,1.7288,1.73,1.7313,1.7297,1.7227,1.7149,1.7062,1.6964,1.6878,1.6795,1.6714,1.6659,1.6622,1.6596,1.6541,1.6481,1.6399,1.6317,1.6226,1.6124,1.6039,1.5942,1.59,1.5862,1.5819,1.5797,1.5754,1.5683,1.5597,1.5489,1.5385,1.5287,1.522,1.5173
"REMIND-MAgPIE 3.5-4.11","Very Low - SSP1 (Marker)","World","Climate Assessment|Surface Temperature (GSAT)|Median [MAGICC v7.6.0a3]","°C",1,1.2035,1.2215,1.2429,1.2672,1.2927,1.3157,1.3401,1.3618,1.3855,1.4119,1.4327,1.4603,1.4854,1.5125,1.5405,1.5666,1.5886,1.6055,1.6184,1.6312,1.6402,1.6411,1.645,1.6516,1.6572,1.6657,1.6735,1.6776,1.6798,1.6804,1.6751,1.6663,1.6588,1.6508,1.6432,1.6393,1.638,1.6363,1.6338,1.6304,1.6249,1.6172,1.6086,1.6015,1.5958,1.5921,1.5905,1.5903,1.5907,1.5903,1.5861,1.5782,1.568,1.5589,1.5521,1.5435,1.5352,1.5276,1.5224,1.5176,1.5139,1.5092,1.5019,1.4943,1.4859,1.4758,1.4661,1.4566,1.4486,1.4416,1.4372,1.435,1.4336,1.4282,1.4199,1.4098,1.3987,1.3874,1.3774,1.3705,1.3667
"REMIND-MAgPIE 3.5-4.11","Very Low - SSP2","World","Climate Assessment|Effective Radiative Forcing|33rd Percentile [MAGICC v7.6.0a3]","W/m^2",1,2.566,2.556,2.6284,2.6851,2.7407,2.7816,2.8339,2.8766,2.9244,2.9658,3.0135,3.0606,3.1043,3.1615,3.2203,3.2456,3.274,3.2806,3.2993,3.2967,3.2799,3.2568,3.2535,3.2543,3.2578,3.2695,3.2655,3.2754,3.266,3.2281,3.178,3.1337,3.0929,3.0595,3.0377,3.0363,3.0398,3.0243,3.012,3.0022,2.9744,2.9441,2.9184,2.9025,2.8866,2.8802,2.8892,2.8971,2.8945,2.8816,2.8491,2.8074,2.7763,2.7502,2.7208,2.6986,2.6775,2.6657,2.6605,2.6554,2.6499,2.6374,2.6239,2.6008,2.5829,2.555,2.5353,2.5225,2.5126,2.5107,2.518,2.5184,2.5238,2.5003,2.4654,2.4401,2.41,2.3917,2.3731,2.3666,2.3683
"REMIND-MAgPIE 3.5-4.11","Very Low - SSP2","World","Climate Assessment|Effective Radiative Forcing|67th Percentile [MAGICC v7.6.0a3]","W/m^2",1,2.8229,2.8276,2.9005,2.9463,3.0072,3.0471,3.0929,3.1342,3.1781,3.2135,3.2553,3.2991,3.3406,3.3902,3.447,3.4688,3.4994,3.501,3.5142,3.5022,3.4844,3.4621,3.4547,3.4544,3.4608,3.4822,3.4801,3.483,3.4675,3.4349,3.3891,3.3451,3.3057,3.2708,3.2482,3.2409,3.2447,3.2293,3.2167,3.2026,3.1698,3.1411,3.1141,3.1002,3.0897,3.0863,3.093,3.1037,3.0987,3.0862,3.0614,3.0236,2.9935,2.9668,2.9398,2.9183,2.8978,2.8833,2.877,2.8747,2.8694,2.8554,2.8401,2.8188,2.8002,2.7719,2.7504,2.7372,2.7263,2.7291,2.7374,2.7379,2.7408,2.7159,2.6841,2.6563,2.6265,2.6065,2.5878,2.5825,2.5869
"REMIND-MAgPIE 3.5-4.11","Very Low - SSP2","World","Climate Assessment|Effective Radiative Forcing|Median [MAGICC v7.6.0a3]","W/m^2",1,2.6983,2.6998,2.7568,2.8058,2.8652,2.9042,2.9531,2.9975,3.0438,3.078,3.1286,3.1773,3.2202,3.2656,3.3319,3.3532,3.3849,3.3895,3.4037,3.3887,3.3682,3.3495,3.3431,3.3434,3.3527,3.3623,3.3616,3.3677,3.3539,3.3183,3.2725,3.231,3.1934,3.1596,3.1363,3.1319,3.1366,3.1259,3.1195,3.1067,3.0757,3.0486,3.0218,3.009,2.9902,2.9845,2.9958,3.0004,3.0033,2.9879,2.9574,2.9156,2.8858,2.8592,2.8296,2.8054,2.7829,2.769,2.7624,2.7609,2.7544,2.7435,2.7288,2.704,2.686,2.6575,2.6373,2.6226,2.6115,2.6128,2.6197,2.619,2.6251,2.6005,2.5697,2.5393,2.5093,2.4904,2.4732,2.4647,2.4696
"REMIND-MAgPIE 3.5-4.11","Very Low - SSP2","World","Climate Assessment|Harmonized and Infilled|Emissions|CH4","Mt CH4/yr",1,,,,363.4899013289108,363.261633350691,363.04360423160045,353.1264128366084,343.1651077827394,333.15968906999365,323.110156698371,313.0165106678715,299.3718464627067,285.744138943402,272.13338810995737,258.5395939623727,244.96275650064817,236.1570438344664,227.3307056605356,218.483741978856,209.61615278942745,200.72793809225,195.97948168155992,191.2132392569648,186.42921081846472,181.62739636605957,176.8077958997494,173.7618871997663,170.71524016012,167.66785478081036,164.6197310618374,161.57086900320115,159.89110404152322,158.21133907984532,156.5315741181674,154.8518091564895,153.17204419481158,151.16187795822228,149.15171172163292,147.14154548504365,145.1313792484543,143.121213011865,140.86045314678822,138.59969328171144,136.33893341663466,134.07817355155788,131.81741368648113,129.55665382140432,127.29589395632756,125.0351340912508,122.77437422617402,120.51361436109724,120.2849242095294,120.05623405796156,119.82754390639371,119.59885375482588,119.37016360325802,119.1414734516902,118.91278330012234,118.6840931485545,118.45540299698666,118.22671284541885,117.68376888606734,117.14082492671588,116.5978809673644,116.0549370080129,115.51199304866144,114.96904908930998,114.4261051299585,113.88316117060702,113.34021721125556,112.79727325190407,112.49908194872296,112.20089064554186,111.90269934236078,111.60450803917966,111.30631673599854,111.00812543281744,110.70993412963634,110.41174282645522,110.11355152327414,109.81536022009304
"REMIND-MAgPIE 3.5-4.11","Very Low - SSP2","World","Climate Assessment|Harmonized and Infilled|Emissions|CO2","Mt CO2/yr",1,,,,42339.76770647963,42375.714837640815,42415.23474448441,41386.05754214082,40354.972395057455,39321.97930323429,38287.07826667134,37250.2692853686,34525.56897489711,31786.09540932681,29031.8485886577,26262.82851288977,23479.035182023043,21009.56901033405,18517.25868346077,16002.104201403195,13464.105564161322,10903.26277173515,9349.779860728207,7794.07201782958,6236.139243039268,4675.981536357269,3113.5988977835887,2272.859792310623,1430.324038577612,585.9916365845565,-260.13741366854583,-1108.0631121816932,-1354.0449020447263,-1600.02669190776,-1846.008481770792,-2091.990271633826,-2337.972061496858,-2495.527814765213,-2653.0835680335654,-2810.6393213019187,-2968.195074570272,-3125.750827838625,-3186.983370741549,-3248.215913644474,-3309.448456547398,-3370.6809994503224,-3431.9135423532466,-3493.146085256171,-3554.378628159095,-3615.61117106202,-3676.843713964944,-3738.076256867869,-3752.386702987841,-3766.697149107814,-3781.0075952277866,-3795.318041347759,-3809.6284874677312,-3823.938933587704,-3838.2493797076777,-3852.559825827649,-3866.870271947623,-3881.180718067596,-3879.0132721944456,-3876.845826321297,-3874.678380448147,-3872.510934574997,-3870.343488701848,-3868.1760428286975,-3866.008596955549,-3863.8411510824,-3861.6737052092494,-3859.506259336101,-3836.437335295071,-3813.368411254041,-3790.299487213012,-3767.230563171983,-3744.1616391309526,-3721.0927150899233,-3698.0237910488936,-3674.954867007864,-3651.8859429668346,-3628.817018925805
"REMIND-MAgPIE 3.5-4.11","Very Low - SSP2","World","Climate Assessment|Harmonized and Infilled|Emissions|Kyoto Gases [AR6GWP100]","Mt CO2-equiv/yr",1,,,,57507.00308133636,57589.04388521537,57674.89509746473,56129.24451769111,54581.246830133,53030.90203479038,51478.21013166324,49923.17112075161,46557.77737336359,43179.279814795,39787.67844504582,36382.973264116044,32965.16427200571,30158.279005032626,27327.834200586665,24473.829858667832,21596.265979276115,18695.14256241152,16950.736111819508,15203.403051555517,13453.143381619551,11699.957102011607,9943.844212731688,8979.953395373992,8014.223635879786,7046.654934249071,6077.247290481842,5106.000704578105,4800.9978280420255,4495.984426841888,4190.960500977694,3885.926050449438,3580.8810752571258,3351.433787654852,3121.9759753885223,2892.507638458134,2663.028776863685,2433.5393906051795,2291.344781270626,2149.13919139554,2006.9226209799208,1864.6950700237708,1722.4565385270887,1580.2070264898723,1437.9465339121266,1295.6750607938468,1153.392607135035,1011.0991729356908,984.7181248371612,958.3281381220436,931.9292127903384,905.5213488420478,879.1045462771689,852.6788050957034,826.2441252976491,799.8005068830106,773.347949851782,746.8864542039681,725.5828635883765,704.2792729727839,682.9756823571907,661.6720917415985,640.3685011260056,619.0649105104137,597.7613198948206,576.4577292792288,555.1541386636356,533.8505480480436,542.5923309923037,551.334113936565,560.0758968808258,568.8176798250854,577.5594627693463,586.3012457136065,595.0430286578674,603.7848116021274,612.5265945463887,621.268377490649
"REMIND-MAgPIE 3.5-4.11","Very Low - SSP2","World","Climate Assessment|Harmonized and Infilled|Emissions|N2O","kt N2O/yr",1,,,,11289.003670665756,11411.88830232768,11535.187393438351,11352.033751850737,11167.125855464434,10980.463704279442,10792.047298295758,10601.876637513393,10221.690078147194,9842.082669165578,9463.054410568546,9084.605302356098,8706.735344528233,8431.980422773562,8156.363374587097,7879.884199968836,7602.542898918776,7324.339471436922,7114.711679082517,6904.362773117782,6693.292753542718,6481.501620357326,6268.989373561603,6133.409816068807,5997.780436827527,5862.10123583776,5726.37221309951,5590.593368612776,5546.289939106247,5501.986509599719,5457.683080093191,5413.379650586662,5369.076221080134,5311.587338201625,5254.098455323116,5196.609572444607,5139.120689566097,5081.631806687589,5015.167695126107,4948.703583564626,4882.239472003143,4815.77536044166,4749.311248880178,4682.847137318695,4616.3830257572135,4549.918914195731,4483.454802634249,4416.990691072766,4396.302069602333,4375.613448131899,4354.924826661465,4334.236205191031,4313.547583720598,4292.858962250164,4272.1703407797295,4251.481719309297,4230.793097838862,4210.104476368429,4179.062874129303,4148.021271890177,4116.979669651049,4085.9380674119234,4054.896465172797,4023.85486293367,3992.813260694544,3961.7716584554178,3930.730056216291,3899.688453977165,3878.146436834167,3856.6044196911703,3835.062402548173,3813.520385405176,3791.978368262179,3770.436351119181,3748.894333976185,3727.3523168331863,3705.81029969019,3684.268282547192
"REMIND-MAgPIE 3.5-4.11","Very Low - SSP2","World","Climate Assessment|Surface Temperature (GSAT)|33rd Percentile [MAGICC v7.6.0a3]","°C",1,1.1491,1.1657,1.1865,1.2097,1.2339,1.2569,1.2789,1.2991,1.3195,1.3399,1.3582,1.381,1.4005,1.4223,1.4489,1.4716,1.49,1.5011,1.5116,1.5194,1.5266,1.5305,1.5328,1.5377,1.5399,1.5444,1.5511,1.5552,1.5565,1.5546,1.5476,1.5405,1.5298,1.5185,1.51,1.5047,1.5039,1.501,1.4942,1.4913,1.4863,1.4792,1.4723,1.4667,1.4614,1.4574,1.4564,1.4566,1.4588,1.4588,1.4542,1.4449,1.4349,1.4246,1.4144,1.4048,1.3959,1.3876,1.3819,1.3785,1.3762,1.373,1.3688,1.3615,1.3529,1.3441,1.335,1.326,1.3184,1.3133,1.3131,1.3125,1.313,1.3086,1.302,1.2929,1.2816,1.2726,1.2641,1.258,1.2538
"REMIND-MAgPIE 3.5-4.11","Very Low - SSP2","World","Climate Assessment|Surface Temperature (GSAT)|67th Percentile [MAGICC v7.6.0a3]","°C",1,1.2622,1.2817,1.3037,1.3298,1.3605,1.3862,1.413,1.4398,1.4687,1.494,1.5205,1.5507,1.5766,1.604,1.6355,1.6631,1.6885,1.7082,1.7262,1.7385,1.7498,1.7585,1.7674,1.7817,1.7893,1.8023,1.8115,1.8202,1.8249,1.8233,1.8155,1.8069,1.7948,1.7856,1.7783,1.7723,1.7696,1.7688,1.7675,1.7641,1.7591,1.7536,1.7503,1.7461,1.7422,1.7395,1.7407,1.7436,1.7454,1.7462,1.7449,1.7382,1.7289,1.7194,1.7106,1.701,1.6921,1.6841,1.6784,1.6754,1.6728,1.6699,1.6663,1.6594,1.6522,1.6472,1.6388,1.6327,1.6268,1.6226,1.6205,1.6195,1.6185,1.6152,1.6086,1.5996,1.5893,1.5792,1.5714,1.5635,1.5594
"REMIND-MAgPIE 3.5-4.11","Very Low - SSP2","World","Climate Assessment|Surface Temperature (GSAT)|Median [MAGICC v7.6.0a3]","°C",1,1.2035,1.2215,1.2429,1.2672,1.2927,1.3158,1.3405,1.3625,1.387,1.4138,1.4347,1.4629,1.4877,1.5141,1.5412,1.5691,1.5904,1.6085,1.6227,1.6354,1.6443,1.646,1.649,1.6557,1.664,1.6724,1.6797,1.6866,1.6887,1.6877,1.6829,1.6752,1.6685,1.6616,1.6509,1.6476,1.6465,1.6438,1.6413,1.639,1.633,1.6254,1.6173,1.6109,1.6063,1.6022,1.601,1.6011,1.6031,1.6024,1.5997,1.593,1.5841,1.5738,1.5658,1.557,1.5484,1.5414,1.5361,1.5314,1.5285,1.5254,1.5211,1.5146,1.5074,1.5012,1.4928,1.4844,1.4776,1.4735,1.472,1.4706,1.4694,1.4657,1.4586,1.4497,1.4383,1.4269,1.4179,1.412,1.4094
"WITCH 6.0","High - SSP5","World","Climate Assessment|Effective Radiative Forcing|33rd Percentile [MAGICC v7.6.0a3]","W/m^2",1,2.566,2.556,2.6284,2.6807,2.7359,2.7673,2.7903,2.8118,2.8513,2.8824,2.937,3.0022,3.0715,3.1481,3.235,3.2882,3.3461,3.3825,3.4322,3.4644,3.4984,3.5381,3.5845,3.6384,3.702,3.7852,3.8605,3.9328,3.9946,4.0359,4.0642,4.1058,4.1476,4.1928,4.2519,4.3252,4.3984,4.4506,4.5077,4.5618,4.5957,4.6345,4.6767,4.7242,4.7749,4.8331,4.9036,4.9747,5.0315,5.0779,5.1131,5.1366,5.1724,5.2103,5.2431,5.2857,5.3223,5.3688,5.4223,5.4768,5.5299,5.5708,5.611,5.6378,5.6715,5.6922,5.7179,5.7576,5.797,5.8463,5.9052,5.9552,6.0146,6.0439,6.0588,6.0803,6.0969,6.1276,6.1588,6.2005,6.259
"WITCH 6.0","High - SSP5","World","Climate Assessment|Effective Radiative Forcing|67th Percentile [MAGICC v7.6.0a3]","W/m^2",1,2.8229,2.8276,2.9005,2.9437,2.9991,3.0275,3.0506,3.077,3.1121,3.1441,3.1963,3.2536,3.3172,3.3943,3.4777,3.5356,3.5945,3.636,3.6891,3.7221,3.7587,3.7931,3.8441,3.8994,3.9607,4.0512,4.1299,4.2078,4.2638,4.3099,4.3343,4.3764,4.4228,4.4668,4.5235,4.5943,4.6763,4.7321,4.7901,4.8483,4.8834,4.9237,4.9721,5.0238,5.0772,5.1339,5.2078,5.2768,5.3398,5.3846,5.4216,5.4508,5.4905,5.5295,5.5681,5.6105,5.6528,5.7031,5.7644,5.8273,5.8786,5.9234,5.9668,6.0008,6.038,6.063,6.0966,6.1353,6.1761,6.228,6.2883,6.3431,6.4014,6.4334,6.4587,6.4836,6.5063,6.5428,6.5783,6.6238,6.6776
"WITCH 6.0","High - SSP5","World","Climate Assessment|Effective Radiative Forcing|Median [MAGICC v7.6.0a3]","W/m^2",1,2.6983,2.6998,2.7568,2.8047,2.8594,2.8952,2.9133,2.9413,2.9782,3.0095,3.0572,3.1166,3.1776,3.2578,3.3459,3.4046,3.4673,3.5072,3.5538,3.5872,3.6276,3.664,3.7108,3.7668,3.829,3.9111,3.9852,4.0649,4.1192,4.1634,4.1942,4.2378,4.2818,4.3273,4.383,4.4534,4.5283,4.5828,4.6431,4.6993,4.7379,4.7756,4.8187,4.868,4.9198,4.9796,5.0519,5.1254,5.1868,5.2279,5.2657,5.2955,5.3369,5.3747,5.4107,5.4511,5.4906,5.5382,5.5939,5.6573,5.7106,5.7519,5.7895,5.8203,5.8566,5.8831,5.9141,5.9523,5.9955,6.0446,6.1076,6.162,6.2205,6.2501,6.273,6.3015,6.3236,6.3538,6.3864,6.4321,6.4874
"WITCH 6.0","High - SSP5","World","Climate Assessment|Harmonized and Infilled|Emissions|CH4","Mt CH4/yr",1,,,,363.4899013289108,362.9507162010447,362.4095092603422,370.838806709439,379.2719728254244,387.70900760829846,396.14991105806126,404.5946831747127,409.4645497784532,414.3353143404772,419.20697686078455,424.0795373393753,428.9529957762495,434.9128687343657,440.8734635128665,446.8347801117517,452.7968185310213,458.7595787706753,466.9004463448294,475.0423019349025,483.18514554089467,491.3289771628059,499.4737968006363,507.3242173948125,515.1755604865415,523.0278260758232,530.8810141626576,538.7351247470449,544.1114425000125,549.4899556843318,554.870664300003,560.253568347026,565.6386678254008,569.2528164649513,572.8691483625912,576.487663518321,580.1083619321404,583.7312436040495,585.6197635625601,587.5102741873707,589.402775478481,591.297267435891,593.1937500596007,592.6328482699796,592.073772530037,591.5165228397732,590.9610991991879,590.4075016082812,587.6832701182454,584.9614578045503,582.2420646671961,579.525090706183,576.8105359215109,573.304978117776,569.8011250073107,566.2989765901146,562.7985328661882,559.2997938355311,554.885617402232,550.471440968933,546.057264535634,541.643088102335,537.228911669036,532.9567436582813,528.6845756475267,524.4124076367721,520.1402396260173,515.8680716152626,511.6309010493052,507.39373048334767,503.1565599173903,498.91938935143287,494.68221878547536,490.35781464818825,486.0334105109012,481.7090063736141,477.3846022363269,473.0601980990398
"WITCH 6.0","High - SSP5","World","Climate Assessment|Harmonized and Infilled|Emissions|CO2","Mt CO2/yr",1,,,,42339.76770647963,42388.66328223088,42434.14970369846,42533.90271910223,42632.38344647466,42729.59188581575,42825.52803712548,42920.19190040388,42907.75986854028,42894.96744647878,42881.81463421938,42868.30143176209,42854.427839106895,42994.28881681276,43132.0858359125,43267.81889640609,43401.48799829355,43533.09314157487,43944.10478997588,44352.50689782168,44758.29946511229,45161.48249184771,45562.05597802794,45910.93118737606,46256.95700102853,46600.1334189853,46940.4604412464,47277.93806781183,47530.3023948666,47780.14670456022,48027.47099689265,48272.27527186392,48514.559529474005,48792.09091482677,49067.21557749992,49339.93351749348,49610.24473480744,49878.149229441806,50236.415173623725,50591.94450534579,50944.737224608005,51294.79333141036,51642.11282575288,51937.90289975666,52231.55763474439,52523.077030716064,52812.46108767169,53099.70980561126,53397.27402302367,53692.80713603467,53986.30914464428,54277.78004885249,54567.21984865927,54831.07041033772,55093.28787017701,55353.87222817712,55612.823484338085,55870.14163865987,56127.84210033388,56385.54256200788,56643.24302368187,56900.94348535586,57158.64394702988,57545.04274356112,57931.44154009236,58317.840336623616,58704.23913315486,59090.637929686105,59487.46137861342,59884.28482754072,60281.10827646804,60677.93172539535,61074.75517432265,61434.82945480444,61794.90373528622,62154.97801576799,62515.05229624977,62875.12657673155
"WITCH 6.0","High - SSP5","World","Climate Assessment|Harmonized and Infilled|Emissions|Kyoto Gases [AR6GWP100]","Mt CO2-equiv/yr",1,,,,57507.00308133636,57562.19760885528,57613.54085142964,58001.80319036616,58388.5195898877,58773.69004999424,59157.3145706858,59539.39315196238,59704.96819023575,59869.86739974007,60034.09078047533,60197.63833244156,60360.510055638726,60702.33808136821,61041.8180263096,61378.9498904629,61713.73367382811,62046.169376405225,62711.467233854135,63373.91563609365,64033.51458312381,64690.26407494459,65344.16411155603,65933.77167064515,66520.3184869318,67103.80456041599,67684.22989109768,68261.5944789769,68672.25918346918,69080.30084441963,69485.71946182821,69888.51503569495,70288.68756601981,70674.2020790461,71057.21054156328,71437.71295357145,71815.70931507055,72191.19962606058,72610.90782769029,73027.73963158464,73441.69503774366,73852.77404616731,74260.97665685564,74550.77918083452,74838.28082610974,75123.4815926813,75406.3814805492,75686.98048971345,75918.57429825419,76147.9595343387,76375.13619796705,76600.10428913918,76822.8638078551,76997.1704489529,77169.63665710943,77340.26243232467,77509.04777459867,77675.9926839314,77834.7763022739,77993.55992061638,78152.34353895886,78311.12715730134,78469.91077564385,78763.26577797135,79056.62078029885,79349.97578262637,79643.33078495387,79936.68578728137,80244.67250567349,80552.65922406557,80860.64594245769,81168.63266084979,81476.61937924188,81749.35641604666,82022.09345285142,82294.83048965617,82567.56752646093,82840.30456326569
"WITCH 6.0","High - SSP5","World","Climate Assessment|Harmonized and Infilled|Emissions|N2O","kt N2O/yr",1,,,,11289.003670665752,11319.238156273384,11349.555924766311,11397.500273456892,11445.611200098623,11493.888704691515,11542.332787235558,11590.943447730762,11627.136319288877,11663.448082460702,11699.878737246236,11736.428283645477,11773.096721658429,11814.18596718681,11855.352693543451,11896.596900728358,11937.918588741522,11979.317757582949,12015.898322980507,12052.469531225972,12089.031382319336,12125.583876260604,12162.127013049774,12198.813957447825,12235.48180141284,12272.130544944826,12308.760188043778,12345.370730709696,12365.383638247917,12385.391586453596,12405.39457532674,12425.392604867344,12445.38567507541,12465.722596122048,12486.041652230768,12506.342843401562,12526.626169634435,12546.891630929387,12558.6785372158,12570.434595994942,12582.15980726681,12593.854171031408,12605.51768728873,12616.700114229272,12627.834702702148,12638.921452707364,12649.960364244916,12660.951437314809,12666.07819454614,12671.19356682415,12676.29755414885,12681.390156520229,12686.471373938291,12690.52975288315,12694.565314437035,12698.578058599953,12702.567985371892,12706.535094752864,12709.683081094072,12712.83106743528,12715.979053776487,12719.127040117695,12722.275026458909,12726.359351844136,12730.443677229368,12734.528002614596,12738.612327999826,12742.696653385055,12733.91701925361,12725.137385122162,12716.357750990715,12707.57811685927,12698.798482727823,12688.06532334332,12677.332163958814,12666.599004574313,12655.86584518981,12645.132685805303
"WITCH 6.0","High - SSP5","World","Climate Assessment|Surface Temperature (GSAT)|33rd Percentile [MAGICC v7.6.0a3]","°C",1,1.1491,1.1657,1.1865,1.2092,1.2324,1.2536,1.2721,1.288,1.304,1.3204,1.3396,1.3634,1.3863,1.415,1.4458,1.4751,1.5038,1.5314,1.5588,1.5834,1.6062,1.6279,1.6498,1.6735,1.6987,1.7296,1.7623,1.796,1.8281,1.8584,1.8857,1.91,1.9345,1.9593,1.9855,2.0137,2.0448,2.0758,2.1056,2.1353,2.1616,2.1872,2.2112,2.2369,2.264,2.2921,2.3239,2.3563,2.3887,2.4192,2.4484,2.4729,2.4956,2.5186,2.5395,2.5612,2.5829,2.609,2.6361,2.6623,2.6887,2.7145,2.7374,2.7594,2.7834,2.8066,2.8276,2.8515,2.8768,2.9007,2.9264,2.9537,2.985,3.0134,3.0354,3.0553,3.0762,3.098,3.118,3.1396,3.1648
"WITCH 6.0","High - SSP5","World","Climate Assessment|Surface Temperature (GSAT)|67th Percentile [MAGICC v7.6.0a3]","°C",1,1.2622,1.2817,1.3037,1.3296,1.3591,1.3829,1.4045,1.426,1.445,1.4679,1.4923,1.5185,1.5473,1.5806,1.6188,1.6568,1.6888,1.7181,1.7492,1.7768,1.8056,1.8344,1.865,1.8957,1.9271,1.9638,2.0014,2.0419,2.0822,2.12,2.1518,2.18,2.2095,2.2413,2.2748,2.3098,2.3481,2.3858,2.4215,2.4576,2.492,2.5245,2.5571,2.5881,2.6184,2.6509,2.6858,2.7249,2.7643,2.8009,2.8341,2.8641,2.8925,2.9188,2.9462,2.9773,3.0055,3.0329,3.0641,3.0985,3.1322,3.1651,3.1958,3.224,3.2507,3.2764,3.3016,3.3273,3.3547,3.3842,3.4167,3.4501,3.4866,3.5208,3.5508,3.5814,3.606,3.6302,3.6547,3.6834,3.7126
"WITCH 6.0","High - SSP5","World","Climate Assessment|Surface Temperature (GSAT)|Median [MAGICC v7.6.0a3]","°C",1,1.2035,1.2215,1.2429,1.2671,1.2914,1.3144,1.3331,1.3493,1.3696,1.389,1.4096,1.4351,1.4636,1.4942,1.5312,1.5647,1.5966,1.6256,1.6539,1.6843,1.7115,1.7355,1.7596,1.7857,1.8149,1.848,1.8825,1.9198,1.9565,1.9901,2.0179,2.0437,2.0699,2.0959,2.1251,2.1562,2.19,2.2233,2.2569,2.2912,2.3215,2.35,2.3759,2.4051,2.4348,2.4639,2.4981,2.5325,2.5655,2.5975,2.6286,2.657,2.683,2.71,2.7358,2.7592,2.786,2.8112,2.8392,2.8694,2.8996,2.9286,2.9569,2.9831,3.0097,3.0342,3.0565,3.0802,3.1048,3.1309,3.1594,3.1893,3.2223,3.2511,3.2771,3.2995,3.3206,3.3415,3.3631,3.3883,3.4156
"WITCH 6.0","High-to-Low - SSP5 (Marker)","World","Climate Assessment|Effective Radiative Forcing|33rd Percentile [MAGICC v7.6.0a3]","W/m^2",1,2.566,2.556,2.6284,2.681,2.7365,2.7681,2.7913,2.8129,2.8524,2.8835,2.9383,3.0035,3.0723,3.1486,3.2356,3.2888,3.3467,3.3831,3.4328,3.465,3.4991,3.5386,3.5855,3.6391,3.7027,3.7856,3.8615,3.9334,3.9953,4.0366,4.0649,4.1063,4.1479,4.193,4.2525,4.3256,4.3982,4.4507,4.5076,4.5618,4.5957,4.6342,4.6761,4.724,4.7745,4.8405,4.9354,5.0127,5.0752,5.1155,5.1431,5.1564,5.1802,5.1988,5.2066,5.2117,5.2077,5.2099,5.2202,5.2235,5.2175,5.1945,5.1728,5.1355,5.1035,5.0625,5.0292,5.0003,4.9707,4.9475,4.9364,4.9186,4.9035,4.8637,4.8104,4.7596,4.7153,4.6782,4.6386,4.6148,4.6007
"WITCH 6.0","High-to-Low - SSP5 (Marker)","World","Climate Assessment|Effective Radiative Forcing|67th Percentile [MAGICC v7.6.0a3]","W/m^2",1,2.8229,2.8276,2.9005,2.9439,2.9995,3.0281,3.0514,3.078,3.1128,3.1452,3.1967,3.2546,3.3179,3.3949,3.4785,3.5362,3.595,3.6369,3.6898,3.7227,3.7594,3.7937,3.8447,3.9,3.9614,4.0519,4.1306,4.2086,4.2645,4.3102,4.3346,4.3773,4.4234,4.467,4.5238,4.595,4.6767,4.7323,4.7898,4.8482,4.8835,4.9236,4.972,5.0235,5.0768,5.1435,5.2353,5.3134,5.3823,5.4294,5.4566,5.4726,5.5054,5.5292,5.5408,5.5493,5.5478,5.5495,5.5597,5.5646,5.5614,5.5387,5.513,5.4771,5.4451,5.4067,5.3709,5.3434,5.3164,5.2983,5.2788,5.2612,5.2415,5.2045,5.1594,5.1168,5.0678,5.0311,5.001,4.9737,4.9597
"WITCH 6.0","High-to-Low - SSP5 (Marker)","World","Climate Assessment|Effective Radiative Forcing|Median [MAGICC v7.6.0a3]","W/m^2",1,2.6983,2.6998,2.7568,2.8049,2.8597,2.8957,2.914,2.9422,2.9788,3.0103,3.0586,3.1173,3.1785,3.2584,3.3463,3.4054,3.4678,3.5081,3.5546,3.588,3.6282,3.6645,3.7116,3.7677,3.83,3.9114,3.9857,4.0658,4.1204,4.1647,4.1946,4.2383,4.2821,4.3278,4.3834,4.4541,4.5287,4.583,4.6429,4.6992,4.7376,4.7753,4.8183,4.8674,4.9194,4.9875,5.0785,5.164,5.2301,5.2795,5.3127,5.3291,5.3541,5.3707,5.3798,5.3871,5.3831,5.3874,5.3977,5.405,5.4013,5.3775,5.3562,5.3214,5.2893,5.2423,5.2036,5.1703,5.1412,5.1224,5.1146,5.0959,5.0852,5.0437,4.9934,4.9448,4.8963,4.8594,4.8217,4.7988,4.7855
"WITCH 6.0","High-to-Low - SSP5 (Marker)","World","Climate Assessment|Harmonized and Infilled|Emissions|CH4","Mt CH4/yr",1,,,,363.4899013289108,362.9745899899729,362.4572568381988,370.8474448519642,379.2415015326185,387.6394268801614,396.041220894593,404.4468835759132,409.3143195417077,414.1826534657856,419.0518853481469,423.9220151887917,428.79304298771984,434.7478393489482,440.7033575305611,446.6595975325585,452.6165593549402,458.5742429977065,466.6942704738683,474.8152859659493,482.9372894739493,491.0602809978684,499.1842605377066,507.01729904581896,514.8512600514842,522.6861435547021,530.5219495554728,538.3586780537962,543.7212841729728,549.0860857235011,554.4530827053813,559.8222751186133,565.1936629631972,568.7856063047021,572.3797329042968,575.976042761981,579.574535877755,583.1752122516186,585.0282573776431,586.8832931699671,588.740319628591,590.5993367535148,592.4603445447383,575.7760132510231,559.0954053156589,542.4185207386457,525.7453595199835,509.0759216596721,477.5213173966741,445.9837792463623,414.4633072087365,382.95990128379697,351.4735614715436,331.5822886881816,311.71217712599184,291.8632267849746,272.0354376651297,252.2288097664572,241.1523461499825,230.07588253350772,218.99941891703307,207.9229553005584,196.84649168408367,188.5445792652322,180.24266684638064,171.9407544275291,163.6388420086776,155.33692958982607,152.42617012028748,149.5154106507489,146.60465118121033,143.6938917116717,140.78313224213312,138.88972473912247,136.99631723611185,135.10290973310117,133.20950223009055,131.31609472707987
"WITCH 6.0","High-to-Low - SSP5 (Marker)","World","Climate Assessment|Harmonized and Infilled|Emissions|CO2","Mt CO2/yr",1,,,,42339.76770647963,42388.66328223088,42434.14970369846,42533.90271910223,42632.38344647466,42729.59188581575,42825.52803712548,42920.19190040388,42907.75986854028,42894.96744647878,42881.81463421938,42868.30143176209,42854.427839106895,42994.28881681276,43132.0858359125,43267.81889640609,43401.48799829355,43533.09314157487,43944.10478997588,44352.50689782168,44758.29946511229,45161.48249184771,45562.05597802794,45910.93118737606,46256.95700102853,46600.1334189853,46940.4604412464,47277.93806781183,47530.3023948666,47780.14670456022,48027.47099689265,48272.27527186392,48514.559529474005,48792.09091482677,49067.21557749992,49339.93351749348,49610.24473480744,49878.149229441806,50236.415173623725,50591.94450534579,50944.737224608005,51294.79333141036,51642.11282575288,50099.95670941218,48576.93356946945,47073.0434059247,45588.2862187779,44122.662008029096,40777.904948539865,37445.45842085954,34125.32242498812,30817.496960925582,27521.98202867194,25372.896399010893,23226.87345506337,21083.91319682937,18944.015624308868,16807.180737501898,15800.498285882106,14793.815834262314,13787.133382642518,12780.450931022722,11773.768479402932,10496.305622275206,9218.842765147478,7941.379908019753,6663.917050892029,5386.454193764304,4695.146917583516,4003.83964140273,3312.532365221942,2621.225089041156,1929.917812860368,1415.9030258540363,901.888238847705,387.8734518413735,-126.14133516495804,-640.1561221712905
"WITCH 6.0","High-to-Low - SSP5 (Marker)","World","Climate Assessment|Harmonized and Infilled|Emissions|Kyoto Gases [AR6GWP100]","Mt CO2-equiv/yr",1,,,,57507.00308133636,57563.15193472839,57615.449503175856,58001.99725632341,58386.999070055965,58770.45494437354,59152.36487927612,59532.72887476373,59698.16262758561,59862.92055163846,60027.00264692224,60190.408913437,60353.13935118269,60694.69765601413,61033.907880057486,61370.77002331275,61705.28408577992,62037.450067458994,62701.963503494575,63363.62748432078,64022.44200993762,64678.40708034508,65331.52269554319,65920.42080657498,66506.25817480432,67089.03480023115,67668.75068285553,68245.40582267742,68655.47090129911,69062.91293637895,69467.73192791693,69869.92787591307,70269.50078036734,70654.1485882067,71036.29034553701,71415.92605235826,71793.05570867045,72167.67931447357,72585.98950222795,73001.42329224698,73413.98068453066,73823.661679079,74230.46627589202,72103.6535364832,69997.2337221474,67911.20683288467,65845.57286869494,63800.33182957827,59431.86819443918,55076.96261218689,50735.6150828214,46407.82560634271,42093.59418275081,39287.25565862601,36484.92081696933,33686.58965778075,30892.262181060272,28101.938386807917,26725.91020590521,25349.882025002506,23973.8538440998,22597.82566319709,21221.79748229439,19660.234552075053,18098.671621855712,16537.10869163637,14975.545761417034,13413.982831197694,12602.371858869616,11790.760886541544,10979.149914213467,10167.53894188539,9355.927969557311,8766.407570527745,8176.887171498174,7587.366772468603,6997.846373439033,6408.325974409462
"WITCH 6.0","High-to-Low - SSP5 (Marker)","World","Climate Assessment|Harmonized and Infilled|Emissions|N2O","kt N2O/yr",1,,,,11289.003670665752,11320.294006683667,11351.66762558688,11397.328338587962,11443.1556295402,11489.149498443592,11535.30994529814,11581.636970103844,11617.560718391693,11653.603358293252,11689.76488980852,11726.045312937496,11762.44462768018,11803.064701615644,11843.762256379368,11884.537291971352,11925.389808391596,11966.319805640103,12002.156844739717,12037.984526687236,12073.802851482656,12109.611819125976,12145.4114296172,12181.27607417587,12217.121618301511,12252.948061994117,12288.755405253689,12324.54364808023,12343.761422695996,12362.974237979226,12382.182093929918,12401.384990548067,12420.582927833682,12440.014437263326,12459.42808175505,12478.823861308849,12498.201775924726,12517.561825602685,12527.8532518563,12538.113830602648,12548.343561841722,12558.542445573525,12568.710481798054,12516.828869844889,12465.08886815144,12413.49047671771,12362.033695543698,12310.718524629405,12016.669891497888,11723.023511822792,11429.779385604115,11136.93751284186,10844.49789353602,10641.627452488232,10439.135123855078,10237.020907636552,10035.284803832656,9833.926812443391,9713.020132425296,9592.113452407202,9471.206772389109,9350.300092371011,9229.39341235292,9120.37227085083,9011.35112934874,8902.32998784665,8793.30884634456,8684.28770484247,8616.318263924812,8548.348823007154,8480.379382089495,8412.409941171838,8344.44050025418,8321.711171953119,8298.981843652056,8276.252515350996,8253.523187049934,8230.793858748873
"WITCH 6.0","High-to-Low - SSP5 (Marker)","World","Climate Assessment|Surface Temperature (GSAT)|33rd Percentile [MAGICC v7.6.0a3]","°C",1,1.1491,1.1657,1.1865,1.2092,1.2325,1.2538,1.2723,1.2882,1.3043,1.3208,1.3398,1.3637,1.3866,1.4153,1.446,1.4753,1.504,1.5317,1.559,1.5837,1.6064,1.6281,1.65,1.6737,1.6989,1.7298,1.7627,1.7964,1.8283,1.8586,1.8859,1.9102,1.9347,1.9596,1.9857,2.0139,2.0449,2.076,2.1058,2.1353,2.1617,2.1872,2.2111,2.237,2.2639,2.2935,2.3302,2.3659,2.4013,2.4322,2.4581,2.4796,2.5006,2.5196,2.5354,2.5492,2.5602,2.5705,2.5821,2.5956,2.6026,2.6072,2.6107,2.6127,2.6084,2.6029,2.5936,2.584,2.5753,2.5668,2.5641,2.5607,2.5544,2.5464,2.5335,2.5197,2.5042,2.4912,2.4774,2.4625,2.4519
"WITCH 6.0","High-to-Low - SSP5 (Marker)","World","Climate Assessment|Surface Temperature (GSAT)|67th Percentile [MAGICC v7.6.0a3]","°C",1,1.2622,1.2817,1.3037,1.3296,1.3592,1.3831,1.4047,1.4263,1.4453,1.4683,1.4926,1.5187,1.5475,1.581,1.6192,1.6573,1.6894,1.7186,1.7495,1.7771,1.8059,1.8349,1.8654,1.8961,1.9276,1.9643,2.002,2.0424,2.0824,2.1202,2.152,2.1804,2.21,2.2416,2.2751,2.31,2.3482,2.386,2.4216,2.4577,2.4921,2.5247,2.5571,2.5881,2.6185,2.6526,2.6929,2.7339,2.774,2.8133,2.8444,2.8732,2.9036,2.9293,2.9525,2.973,2.9903,3.0066,3.0212,3.0378,3.0498,3.0566,3.0626,3.0651,3.0654,3.0628,3.0581,3.0547,3.0497,3.0448,3.0387,3.0361,3.0362,3.0307,3.0207,3.0081,2.9965,2.985,2.9744,2.964,2.9541
"WITCH 6.0","High-to-Low - SSP5 (Marker)","World","Climate Assessment|Surface Temperature (GSAT)|Median [MAGICC v7.6.0a3]","°C",1,1.2035,1.2215,1.2429,1.2671,1.2914,1.3147,1.3333,1.3495,1.3698,1.3893,1.4099,1.4356,1.464,1.4947,1.5315,1.565,1.5969,1.6259,1.6541,1.6846,1.7119,1.7358,1.7599,1.786,1.8152,1.8482,1.8828,1.9201,1.9568,1.9905,2.0183,2.0442,2.0703,2.0963,2.1253,2.1563,2.1901,2.2234,2.257,2.2912,2.3216,2.3499,2.3759,2.405,2.4346,2.4651,2.5044,2.5434,2.5805,2.6152,2.6448,2.6711,2.6969,2.72,2.7377,2.7555,2.7705,2.7781,2.7896,2.8004,2.8118,2.8214,2.8274,2.8299,2.8274,2.8227,2.8166,2.8133,2.8099,2.8064,2.8051,2.8035,2.8033,2.7987,2.7894,2.777,2.7642,2.7513,2.7435,2.7301,2.7211
"WITCH 6.0","Low - SSP2","World","Climate Assessment|Effective Radiative Forcing|33rd Percentile [MAGICC v7.6.0a3]","W/m^2",1,2.566,2.556,2.6284,2.6809,2.7365,2.7716,2.8021,2.8306,2.8657,2.8941,2.9288,2.9655,3.012,3.0628,3.124,3.158,3.1901,3.198,3.223,3.225,3.2275,3.2275,3.2408,3.2549,3.2744,3.3018,3.3238,3.3451,3.344,3.3262,3.2945,3.2689,3.2495,3.2296,3.2217,3.2247,3.2334,3.2199,3.2127,3.2008,3.174,3.1453,3.1214,3.1068,3.0945,3.0842,3.0948,3.0998,3.0972,3.0815,3.0579,3.0336,3.0147,2.9952,2.9744,2.9577,2.9424,2.9364,2.9376,2.9389,2.9355,2.9241,2.9099,2.8873,2.8724,2.8434,2.8222,2.8089,2.7977,2.7979,2.8066,2.8083,2.8135,2.7931,2.7674,2.7448,2.7192,2.7009,2.6841,2.6818,2.6883
"WITCH 6.0","Low - SSP2","World","Climate Assessment|Effective Radiative Forcing|67th Percentile [MAGICC v7.6.0a3]","W/m^2",1,2.8229,2.8276,2.9005,2.9439,2.9995,3.0308,3.0641,3.0901,3.1234,3.1483,3.1813,3.216,3.2565,3.3094,3.3666,3.3981,3.4364,3.4534,3.4752,3.4728,3.4726,3.4756,3.4835,3.4936,3.5149,3.5499,3.5707,3.5903,3.5893,3.5673,3.5322,3.5072,3.4851,3.4672,3.4585,3.4641,3.4715,3.4589,3.4543,3.4471,3.4176,3.3887,3.3634,3.3504,3.3369,3.3287,3.3371,3.3432,3.3417,3.3242,3.3029,3.2748,3.2563,3.2402,3.2178,3.2007,3.1845,3.1773,3.1809,3.1819,3.1801,3.1676,3.1541,3.1332,3.1146,3.0865,3.0657,3.0543,3.0438,3.0408,3.0489,3.056,3.0629,3.043,3.0136,2.9894,2.9657,2.9501,2.9345,2.9325,2.9337
"WITCH 6.0","Low - SSP2","World","Climate Assessment|Effective Radiative Forcing|Median [MAGICC v7.6.0a3]","W/m^2",1,2.6983,2.6998,2.7568,2.8049,2.8597,2.8981,2.924,2.9523,2.991,3.0161,3.05,3.0819,3.1219,3.1741,3.2406,3.2744,3.316,3.325,3.3436,3.3405,3.34,3.3461,3.3572,3.3735,3.3896,3.4187,3.4408,3.4613,3.46,3.4385,3.4089,3.3858,3.3695,3.3531,3.3482,3.3541,3.362,3.3542,3.3468,3.3367,3.3103,3.2805,3.2543,3.2379,3.2217,3.2113,3.2248,3.234,3.2319,3.2157,3.1885,3.1574,3.1385,3.1232,3.1043,3.0865,3.0701,3.0644,3.0664,3.0672,3.0637,3.0506,3.0356,3.0112,2.9926,2.9643,2.943,2.9307,2.921,2.9212,2.9246,2.9313,2.9428,2.9226,2.8951,2.8718,2.8452,2.8289,2.8125,2.8077,2.8107
"WITCH 6.0","Low - SSP2","World","Climate Assessment|Harmonized and Infilled|Emissions|CH4","Mt CH4/yr",1,,,,363.4899013289108,362.9788119232225,362.4657007046979,358.40287773361507,354.3449569427057,350.29193833197,346.2438219014076,342.20060765101886,338.5084076254322,334.8203821650405,331.13653126984383,327.4568549398421,323.7813531750354,316.7161080718376,309.6559075527218,302.60075161768816,295.5506402667366,288.5055734998672,281.49278786762795,274.4918814716964,267.5028543120726,260.5257063887566,253.56043770174824,247.34709348439551,241.1519685292335,234.9750628362621,228.81637640548144,222.67590923689147,222.37435988153615,222.07733363024408,221.784830483015,221.4968504398492,221.2133935007465,220.24396991821905,219.27629274747343,218.3103619885099,217.34617764132832,216.38373970592863,215.7725975199586,215.16237920492023,214.5530847608136,213.94471418763865,213.3372674853954,212.4637485036726,211.59150843753628,210.72054728698623,209.85086505202264,208.98246173264545,208.07621142767863,207.1722386869281,206.2705435103937,205.3711258980757,204.47398584997387,203.67173322592333,202.87199208928035,202.0747624400449,201.2800442782171,200.4878376037968,199.82993576398684,199.1720339241769,198.5141320843669,197.85623024455697,197.198328404747,196.564814053741,195.931299702735,195.29778535172895,194.66427100072295,194.03075664971692,193.3439460740273,192.65713549833765,191.970324922648,191.2835143469584,190.59670377126872,189.7696986279225,188.9426934845764,188.11568834123025,187.28868319788404,186.46167805453783
"WITCH 6.0","Low - SSP2","World","Climate Assessment|Harmonized and Infilled|Emissions|CO2","Mt CO2/yr",1,,,,42339.76770647963,42367.82085744671,42393.24797924903,41173.70263057251,39953.54451512362,38732.77363290235,37511.38998390871,36289.39356814269,35264.37328273919,34240.88527843164,33218.92955522003,32198.506113104355,31179.614952084637,29718.03683144377,28249.87756891363,26775.137164494237,25293.81561818558,23805.91292998765,21966.556637090376,20133.917544358323,18307.9956517915,16488.790959389917,14676.30346715356,13429.563971778549,12184.25314246546,10940.370979214287,9697.91748202503,8456.892650897695,7684.236778370849,6910.878064958804,6136.816510661559,5362.052115479111,4586.584879411463,3967.847864774632,3349.0528553657605,2730.199851184844,2111.2888522318844,1492.319858506883,1192.2293859519068,891.3862729383436,589.7905194661953,287.44212553546004,-15.6589088538567,-210.6226911545664,-406.2197587855708,-602.4501117468726,-799.313750038471,-996.810673660365,-1231.9478340216442,-1467.5558434929635,-1703.6347020743217,-1940.1844097657183,-2177.204966567154,-2391.952754638598,-2606.9924156554407,-2822.323949617685,-3037.947356525328,-3253.862636378371,-3468.524327941326,-3683.186019504283,-3897.8477110672384,-4112.509402630196,-4327.171094193152,-4533.690183357851,-4740.209272522552,-4946.728361687252,-5153.247450851951,-5359.76654001665,-5454.396753577708,-5549.026967138769,-5643.657180699827,-5738.287394260888,-5832.917607821946,-5869.816441825866,-5906.715275829787,-5943.614109833708,-5980.512943837626,-6017.411777841547
"WITCH 6.0","Low - SSP2","World","Climate Assessment|Harmonized and Infilled|Emissions|Kyoto Gases [AR6GWP100]","Mt CO2-equiv/yr",1,,,,57507.00308133636,57542.31854802959,57574.56585489716,56151.27689069326,54728.01725060067,53304.78693461936,51881.58594274936,50458.41427499065,49295.78375233924,48135.22969181999,46976.752093432886,45820.35095717792,44666.02628305512,42973.18630891268,41273.83655921996,39567.97703397695,37855.607733183664,36136.72865684009,34053.83560771721,31978.02625683458,29909.30060419221,27847.6586497901,25793.10039362825,24329.49651350781,22867.987456009145,21408.57322113227,19951.25380887717,18496.02921924386,17688.21784257196,16880.043784653037,16071.507045487086,15262.60762507411,14453.345523414107,13782.7530756134,13112.32497823838,12442.061231289044,11771.961834765392,11102.026788667428,10765.448691966008,10428.294382197206,10090.563859361017,9752.257123457446,9413.374174486496,9175.91136487888,8937.971970278108,8699.555990684166,8460.663426097062,8221.294276516799,7940.89357882661,7660.232042132166,7379.309666433463,7098.126451730506,6816.682398023293,6559.877514112743,6302.979996744716,6045.98984591921,5788.90706163623,5531.731643895769,5287.52067745418,5043.309711012592,4799.098744571004,4554.887778129415,4310.676811687826,4076.905224447704,3843.13363720758,3609.3620499674553,3375.590462727333,3141.8188754872103,3020.242876027038,2898.6668765668624,2777.0908771066897,2655.5148776465157,2533.938878186343,2471.5310473734635,2409.123216560582,2346.715385747701,2284.307554934824,2221.8997241219427
"WITCH 6.0","Low - SSP2","World","Climate Assessment|Harmonized and Infilled|Emissions|N2O","kt N2O/yr",1,,,,11289.003670665752,11319.895640924333,11350.870894068208,11331.61156109212,11312.59655269612,11293.825868880209,11275.299509644388,11257.017474988656,11209.44637650208,11162.172368061842,11115.19544966794,11068.515621320372,11022.13288301914,10959.591802515482,10897.06617853397,10834.5560110746,10772.061300137371,10709.582045722284,10603.476010381832,10497.498203834968,10391.648626081693,10285.927277121998,10180.334156955898,10100.058666750509,10020.16808928051,9940.662424545906,9861.541672546691,9782.805833282871,9775.442691568023,9768.199828888448,9761.077245244143,9754.074940635115,9747.19291506136,9736.586377553333,9725.989844321532,9715.403315365958,9704.826790686611,9694.260270283496,9684.99863394406,9675.712961583513,9666.403253201852,9657.069508799084,9647.7117283752,9637.369087478146,9626.976441193809,9616.533789522187,9606.041132463282,9595.498470017092,9577.85425866253,9560.151947527516,9542.391536612053,9524.57302591614,9506.696415439772,9487.230631043974,9467.69888731604,9448.101184255966,9428.437521863752,9408.7079001394,9395.174934582705,9381.641969026006,9368.109003469312,9354.576037912617,9341.043072355918,9330.53082197708,9320.018571598244,9309.506321219407,9298.994070840568,9288.48182046173,9274.148788956552,9259.815757451372,9245.482725946196,9231.149694441016,9216.81666293584,9200.190791046864,9183.564919157889,9166.93904726891,9150.313175379932,9133.68730349096
"WITCH 6.0","Low - SSP2","World","Climate Assessment|Surface Temperature (GSAT)|33rd Percentile [MAGICC v7.6.0a3]","°C",1,1.1491,1.1657,1.1865,1.2092,1.2325,1.2542,1.2738,1.2905,1.307,1.323,1.3397,1.3569,1.3746,1.3943,1.4192,1.4406,1.4604,1.4775,1.4914,1.5047,1.5118,1.5186,1.5303,1.5397,1.5504,1.563,1.5711,1.5842,1.5932,1.6002,1.5994,1.5979,1.5942,1.5895,1.5872,1.5889,1.5924,1.5951,1.5963,1.5966,1.5921,1.5837,1.5763,1.5718,1.5679,1.5639,1.5622,1.5628,1.5629,1.5616,1.5574,1.5499,1.5444,1.5377,1.5314,1.5267,1.5208,1.5155,1.5116,1.5097,1.5082,1.5067,1.5045,1.4997,1.4941,1.4866,1.4785,1.4716,1.4661,1.463,1.4637,1.4658,1.4664,1.4657,1.4608,1.4543,1.4467,1.4395,1.4316,1.4251,1.4228
"WITCH 6.0","Low - SSP2","World","Climate Assessment|Surface Temperature (GSAT)|67th Percentile [MAGICC v7.6.0a3]","°C",1,1.2622,1.2817,1.3037,1.3296,1.3592,1.3836,1.4064,1.4298,1.4498,1.473,1.4933,1.5148,1.5388,1.5633,1.5922,1.6189,1.6436,1.6649,1.6841,1.6998,1.7142,1.7259,1.7388,1.7514,1.7657,1.7808,1.7976,1.8149,1.8285,1.8375,1.8419,1.8437,1.8401,1.8396,1.8448,1.8475,1.8529,1.8571,1.8584,1.859,1.8564,1.8528,1.8469,1.8409,1.8354,1.8305,1.8314,1.8369,1.8421,1.8412,1.8377,1.832,1.8267,1.8198,1.8146,1.8096,1.8036,1.7996,1.7979,1.7968,1.7958,1.7946,1.7913,1.787,1.7839,1.7776,1.7708,1.7649,1.7604,1.7569,1.7548,1.7544,1.7537,1.7516,1.7473,1.7412,1.7314,1.7243,1.7178,1.7137,1.712
"WITCH 6.0","Low - SSP2","World","Climate Assessment|Surface Temperature (GSAT)|Median [MAGICC v7.6.0a3]","°C",1,1.2035,1.2215,1.2429,1.2671,1.2914,1.3152,1.3351,1.3531,1.3726,1.3913,1.4112,1.4318,1.4527,1.4748,1.5027,1.5268,1.5497,1.5689,1.589,1.6047,1.6162,1.6264,1.6361,1.6461,1.6568,1.6737,1.6879,1.7002,1.7119,1.717,1.7182,1.7145,1.7112,1.7083,1.7077,1.7087,1.7126,1.7141,1.716,1.7191,1.7169,1.712,1.7055,1.6991,1.6963,1.6919,1.6918,1.6942,1.6948,1.6931,1.6895,1.686,1.6801,1.6743,1.6694,1.6631,1.659,1.655,1.651,1.6479,1.6467,1.6452,1.643,1.6395,1.635,1.628,1.6199,1.6122,1.6054,1.6033,1.6021,1.6015,1.6022,1.6015,1.5975,1.5929,1.5845,1.5747,1.5691,1.5635,1.5601
"WITCH 6.0","Low-to-Negative - SSP1","World","Climate Assessment|Effective Radiative Forcing|33rd Percentile [MAGICC v7.6.0a3]","W/m^2",1,2.566,2.556,2.6284,2.6813,2.7372,2.7735,2.8046,2.8377,2.8742,2.9057,2.9417,2.9831,3.0312,3.0892,3.1553,3.2,3.2527,3.2772,3.309,3.3211,3.34,3.3568,3.3777,3.3996,3.4266,3.4652,3.4946,3.5199,3.5222,3.497,3.4592,3.4302,3.4063,3.3852,3.3749,3.3734,3.3743,3.3507,3.3315,3.3121,3.2682,3.2292,3.192,3.1638,3.1387,3.1194,3.118,3.1138,3.1035,3.0778,3.0395,2.9983,2.9681,2.9402,2.9102,2.886,2.8592,2.8399,2.8283,2.8179,2.8081,2.7846,2.7604,2.7259,2.6988,2.6611,2.6302,2.6078,2.5855,2.5736,2.5703,2.564,2.5638,2.5322,2.4923,2.4542,2.4169,2.3904,2.3627,2.3467,2.3406
"WITCH 6.0","Low-to-Negative - SSP1","World","Climate Assessment|Effective Radiative Forcing|67th Percentile [MAGICC v7.6.0a3]","W/m^2",1,2.8229,2.8276,2.9005,2.9441,3,3.032,3.0658,3.0937,3.13,3.1556,3.1907,3.2282,3.2718,3.3299,3.4001,3.4414,3.4963,3.5247,3.5588,3.5734,3.5864,3.5967,3.6192,3.6423,3.6652,3.7024,3.7254,3.7449,3.7417,3.7211,3.6949,3.6666,3.6445,3.6271,3.6148,3.6105,3.6059,3.5834,3.5685,3.5503,3.5069,3.4683,3.4311,3.4041,3.382,3.3643,3.3614,3.3542,3.3429,3.3187,3.2867,3.2471,3.2172,3.1914,3.1602,3.1353,3.1079,3.088,3.0769,3.069,3.058,3.0392,3.0181,2.986,2.9573,2.9189,2.8886,2.8651,2.8421,2.832,2.8263,2.8199,2.8217,2.7892,2.7477,2.7109,2.6723,2.6434,2.6172,2.6012,2.5971
"WITCH 6.0","Low-to-Negative - SSP1","World","Climate Assessment|Effective Radiative Forcing|Median [MAGICC v7.6.0a3]","W/m^2",1,2.6983,2.6998,2.7568,2.8051,2.8602,2.8997,2.9271,2.9552,2.9957,3.0245,3.0605,3.0952,3.1368,3.1978,3.2733,3.3155,3.3719,3.3961,3.429,3.4353,3.4565,3.4717,3.4919,3.5121,3.5355,3.5708,3.5949,3.6202,3.6247,3.6086,3.5747,3.5476,3.525,3.4998,3.4909,3.4933,3.4953,3.4723,3.4518,3.4348,3.3949,3.3532,3.318,3.2875,3.263,3.246,3.246,3.2471,3.2345,3.2072,3.1691,3.1273,3.0953,3.0674,3.0367,3.0116,2.9855,2.9656,2.9541,2.9488,2.9347,2.9137,2.8913,2.8576,2.8296,2.7949,2.7637,2.739,2.7183,2.7103,2.7062,2.6993,2.6951,2.6636,2.6238,2.5885,2.5493,2.5214,2.4946,2.4761,2.4685
"WITCH 6.0","Low-to-Negative - SSP1","World","Climate Assessment|Harmonized and Infilled|Emissions|CH4","Mt CH4/yr",1,,,,363.4899013289108,362.8879274531736,362.2839317646001,359.12879468158155,355.979465907292,352.83594544173155,349.6982332849001,346.56632943679773,347.0190120066949,347.4737592507641,347.93057116900536,348.38944776141875,348.85038902800426,342.395316128055,335.9467486025434,329.5046864514694,323.0691296748332,316.64007827263475,301.5554142200287,286.48715070752826,271.4352877351334,256.3998253028441,241.38076341066036,233.20004614553096,225.03839406471468,216.89580716821135,208.7722854560212,200.667828928144,195.6343480137014,190.6143009897171,185.60768785619103,180.6145086131232,175.63476326051358,172.54597276934703,169.46904275870452,166.40397322858604,163.35076417899165,160.30941560992125,159.51767731479936,158.73121804997402,157.9500378154452,157.174136611213,156.4035144372773,154.9380115933663,153.47616623801986,152.01797837123794,150.5634479930206,149.11257510336776,147.98456329544274,146.8596065570204,145.73770488810072,144.61885828868375,143.50306675876942,142.58753944005645,141.67476651897505,140.76474799552523,139.85748386970707,138.95297414152049,138.22829103540184,137.5036079292832,136.77892482316454,136.0542417170459,135.32955861092722,134.75705130596802,134.1845440010088,133.6120366960496,133.03952939109035,132.46702208613115,131.77401559016005,131.08100909418891,130.3880025982178,129.6949961022467,129.00198960627557,127.9360037856535,126.87001796503138,125.80403214440928,124.7380463237872,123.67206050316508
"WITCH 6.0","Low-to-Negative - SSP1","World","Climate Assessment|Harmonized and Infilled|Emissions|CO2","Mt CO2/yr",1,,,,42339.76770647963,42369.21256783672,42395.984101194255,41439.9087798484,40485.59981011188,39533.05719198473,38582.28092546693,37633.27101055849,37368.39276803113,37106.55183781326,36847.748219904905,36591.98191430603,36339.25292101667,34971.081615090705,33606.3352167365,32245.01372595405,30887.117142743355,29532.64546710441,27115.414044608235,24705.77146048641,22303.717714738927,19909.25280736579,17522.376738366995,15898.097180641167,14276.110833322073,12656.41769640971,11039.017769904076,9423.911053805172,8085.035370868561,6745.360469053201,5404.8863483590985,4063.613008786248,2721.540450334653,1871.506456578969,1021.0159556586232,170.06894757361533,-681.3345676760546,-1533.1945900903852,-1886.0781862950728,-2239.736589356023,-2594.1697992732406,-2949.3778160467227,-3305.36063967647,-3589.6152356899443,-3874.4327447630976,-4159.813166895927,-4445.756502088436,-4732.262750340623,-5044.6590556191,-5357.487193276972,-5670.74716331424,-5984.4389657309,-6298.562600526958,-6652.295304739512,-7006.491636671781,-7361.15159632376,-7716.275183695451,-8071.851786319928,-8432.350344624047,-8792.853691130855,-9153.372438307284,-9513.90658615333,-9874.456134668995,-10181.388840228294,-10488.339091266036,-10795.306887782228,-11102.292229776862,-11409.295117249943,-11578.872758451376,-11748.45774490985,-11918.050076625364,-12087.649753597916,-12257.25677582751,-12363.787068145071,-12470.32449688306,-12576.869062041467,-12683.420763620294,-12789.97960161954
"WITCH 6.0","Low-to-Negative - SSP1","World","Climate Assessment|Harmonized and Infilled|Emissions|Kyoto Gases [AR6GWP100]","Mt CO2-equiv/yr",1,,,,57507.00308133636,57541.285883718025,57572.45322743923,56432.9871400666,55295.88817237467,54161.156324363474,53028.79159603299,51898.79398738325,51663.25395619223,51430.36819147132,51200.13669322054,50972.559461439865,50747.63649612932,49130.65318198621,47517.57597970948,45908.40488929911,44303.1399107551,42701.78104407744,39772.205771027286,36851.10067481426,33938.46575543836,31034.30101289959,28138.60644719794,26215.038881174914,24294.624976977604,22377.364734606013,20463.258154060142,18552.305235339987,17012.308239285707,15472.250608475362,13932.13234290896,12391.953442586497,10851.71390750797,9873.616794314852,8895.66218193026,7917.850070354196,6940.180459586658,5962.653349627647,5555.887535241573,5148.728097518102,4741.175036457231,4333.228352058965,3924.8880443232993,3570.507057719354,3215.836686702513,2860.8769312727786,2505.6277914301468,2150.08926717462,1779.702719257284,1409.1714714963446,1038.4955238917953,667.6748764436446,296.70952915188394,-109.43655376573872,-515.8042217349412,-922.3934747557188,-1329.2043128280743,-1736.2261234850785,-2131.3403338825565,-2526.459332482722,-2921.59373175251,-3316.743531691915,-3711.9087323009385,-4050.899925294433,-4389.908663766374,-4728.9349477167625,-5067.978777145594,-5407.040152052873,-5610.511657385842,-5813.990507975853,-6017.476703822902,-6220.970244926991,-6424.471131288124,-6573.917517745134,-6723.371040622572,-6872.831699920429,-7022.299495638703,-7171.774427777399
"WITCH 6.0","Low-to-Negative - SSP1","World","Climate Assessment|Harmonized and Infilled|Emissions|N2O","kt N2O/yr",1,,,,11289.003670665752,11320.30334060488,11351.686293429306,11244.51193783759,11137.595191916824,11030.936055667007,10924.534529088138,10818.39061218022,10806.61122393203,10794.863854910582,10783.148505115869,10771.465174547897,10759.813863206657,10653.08329221336,10546.570276483788,10440.274816017938,10334.19691081581,10228.336560877404,10013.626852422709,9799.300884984295,9585.358658562169,9371.800173156324,9158.625428766769,8999.204438537792,8840.153873021804,8681.473732218798,8523.164016128781,8365.224724751752,8260.646846447478,8156.363419095553,8052.374442695976,7948.679917248752,7845.2798427538755,7775.58457185629,7706.1503502509295,7636.977177937797,7568.065054916892,7499.413981188214,7455.622913293447,7411.949461774781,7368.393626632216,7324.955407865755,7281.634805475393,7231.545838386692,7181.535005171444,7131.602305829645,7081.747740361297,7031.9713087664,6992.057780776512,6952.229345011931,6912.48600147266,6872.827750158695,6833.254591070035,6796.877786978622,6760.564488950224,6724.314696984842,6688.128411082475,6652.005631243126,6633.991317496489,6615.977003749851,6597.962690003213,6579.948376256575,6561.934062509938,6530.597672922047,6499.261283334157,6467.924893746266,6436.588504158377,6405.252114570488,6374.125273472953,6342.998432375418,6311.871591277883,6280.744750180349,6249.617909082815,6218.687208511042,6187.75650793927,6156.825807367498,6125.895106795726,6094.964406223954
"WITCH 6.0","Low-to-Negative - SSP1","World","Climate Assessment|Surface Temperature (GSAT)|33rd Percentile [MAGICC v7.6.0a3]","°C",1,1.1491,1.1657,1.1865,1.2092,1.2326,1.2545,1.2743,1.2909,1.3075,1.324,1.3423,1.3599,1.3782,1.4016,1.4262,1.4501,1.4753,1.4981,1.5196,1.5342,1.5465,1.5597,1.5736,1.5878,1.6036,1.6205,1.6332,1.6453,1.6566,1.6619,1.6611,1.6585,1.6567,1.6555,1.6533,1.6501,1.6501,1.65,1.6463,1.6418,1.6361,1.6285,1.6201,1.608,1.5993,1.5901,1.585,1.582,1.5776,1.5713,1.563,1.5517,1.541,1.5314,1.5197,1.5082,1.4976,1.4887,1.4834,1.4786,1.4748,1.4674,1.4587,1.4483,1.436,1.4252,1.4142,1.3978,1.3874,1.3772,1.3709,1.3639,1.3594,1.353,1.3438,1.3331,1.3206,1.3079,1.2958,1.2855,1.2779
"WITCH 6.0","Low-to-Negative - SSP1","World","Climate Assessment|Surface Temperature (GSAT)|67th Percentile [MAGICC v7.6.0a3]","°C",1,1.2622,1.2817,1.3037,1.3297,1.3594,1.384,1.4069,1.4304,1.4522,1.4747,1.4965,1.5177,1.5434,1.5691,1.6007,1.6298,1.6597,1.6857,1.7099,1.7318,1.7524,1.7715,1.7917,1.8089,1.8264,1.8463,1.8672,1.8878,1.9028,1.9138,1.9196,1.9235,1.923,1.9207,1.9229,1.9258,1.931,1.9324,1.9314,1.9291,1.9249,1.9163,1.9045,1.8948,1.8871,1.8794,1.8768,1.8759,1.8734,1.8693,1.8639,1.8546,1.8429,1.8295,1.8181,1.8072,1.7964,1.7869,1.7812,1.7754,1.7696,1.7635,1.7556,1.7449,1.7333,1.7198,1.7079,1.6971,1.6876,1.677,1.6695,1.6634,1.6567,1.6496,1.6371,1.625,1.6126,1.5994,1.5876,1.5769,1.5682
"WITCH 6.0","Low-to-Negative - SSP1","World","Climate Assessment|Surface Temperature (GSAT)|Median [MAGICC v7.6.0a3]","°C",1,1.2035,1.2215,1.2429,1.2671,1.2915,1.3157,1.3355,1.3544,1.3742,1.3942,1.4145,1.4362,1.4579,1.4829,1.5121,1.54,1.5664,1.5924,1.6171,1.6379,1.656,1.6709,1.6863,1.7029,1.7183,1.7349,1.7506,1.7658,1.7778,1.7881,1.7905,1.7903,1.7898,1.7887,1.7873,1.7887,1.7915,1.7917,1.7915,1.7893,1.7816,1.7732,1.7621,1.7515,1.742,1.734,1.73,1.7283,1.7248,1.7202,1.7126,1.7014,1.6897,1.6801,1.6697,1.66,1.6505,1.6425,1.6363,1.631,1.624,1.6167,1.6091,1.5987,1.5885,1.5763,1.5634,1.5506,1.5392,1.5304,1.5222,1.5161,1.5104,1.5055,1.4949,1.4817,1.4674,1.4526,1.4378,1.4265,1.4192
"WITCH 6.0","Medium - SSP2","World","Climate Assessment|Effective Radiative Forcing|33rd Percentile [MAGICC v7.6.0a3]","W/m^2",1,2.566,2.556,2.6284,2.6797,2.734,2.7645,2.788,2.809,2.8444,2.8725,2.9135,2.9608,3.0126,3.0744,3.1508,3.1925,3.2365,3.2577,3.2881,3.306,3.3227,3.3424,3.3691,3.3993,3.4345,3.4882,3.5403,3.59,3.6219,3.6361,3.6418,3.6659,3.6842,3.7034,3.7341,3.7812,3.8302,3.856,3.8884,3.9178,3.9291,3.9432,3.9591,3.9853,4.0139,4.0433,4.0894,4.1405,4.1803,4.1995,4.2148,4.2218,4.2441,4.2665,4.2827,4.3028,4.3259,4.3557,4.3983,4.4402,4.4766,4.5025,4.5255,4.5337,4.5518,4.5623,4.5769,4.598,4.625,4.663,4.7085,4.7499,4.7961,4.8159,4.8238,4.8307,4.8387,4.859,4.8769,4.9121,4.9512
"WITCH 6.0","Medium - SSP2","World","Climate Assessment|Effective Radiative Forcing|67th Percentile [MAGICC v7.6.0a3]","W/m^2",1,2.8229,2.8276,2.9005,2.943,2.9974,3.0258,3.049,3.0747,3.1079,3.1346,3.1782,3.2237,3.2706,3.3332,3.4055,3.447,3.4913,3.5148,3.5478,3.5655,3.5824,3.5962,3.6193,3.6519,3.6932,3.7555,3.8122,3.8655,3.8936,3.9072,3.9145,3.931,3.9529,3.9724,4.0057,4.0542,4.1068,4.1338,4.1711,4.2029,4.2135,4.2257,4.2438,4.2715,4.2968,4.3289,4.3791,4.4278,4.4704,4.4955,4.508,4.5166,4.5365,4.5613,4.5819,4.6051,4.6276,4.6576,4.6969,4.7382,4.7808,4.8086,4.8313,4.8443,4.8634,4.8744,4.8907,4.9177,4.9478,4.9878,5.0355,5.0755,5.121,5.1437,5.1562,5.1699,5.1804,5.2023,5.2266,5.2577,5.2975
"WITCH 6.0","Medium - SSP2","World","Climate Assessment|Effective Radiative Forcing|Median [MAGICC v7.6.0a3]","W/m^2",1,2.6983,2.6998,2.7568,2.8042,2.8581,2.8932,2.911,2.9367,2.9717,3.0013,3.0356,3.0857,3.1276,3.1929,3.268,3.3113,3.3593,3.3766,3.4124,3.4261,3.4411,3.4571,3.4889,3.52,3.5639,3.6254,3.6751,3.7283,3.7603,3.779,3.7814,3.8017,3.819,3.8379,3.868,3.9127,3.962,3.9902,4.0199,4.0499,4.0596,4.0756,4.0934,4.117,4.1444,4.1781,4.2309,4.2785,4.3188,4.3425,4.3587,4.3707,4.3874,4.4078,4.4253,4.4459,4.468,4.5017,4.5417,4.5846,4.624,4.6538,4.6808,4.6997,4.7214,4.727,4.7436,4.7693,4.7976,4.835,4.8824,4.9229,4.9734,4.9866,4.9955,5.007,5.0192,5.0399,5.0586,5.0944,5.135
"WITCH 6.0","Medium - SSP2","World","Climate Assessment|Harmonized and Infilled|Emissions|CH4","Mt CH4/yr",1,,,,363.4899013289108,362.9826524068801,362.4733816720131,363.36250062881845,364.2503804494339,365.1370211338595,366.0224226820952,366.9065850941413,366.8290239940476,366.7505717784011,366.67122844720177,366.5909940004496,366.5098684381445,366.431403162388,366.3510601423941,366.26883937816297,366.1847408696944,366.0987646169884,366.0476094897674,365.9956203259162,365.9427971254349,365.88913988832337,365.83464861458174,365.65239008068,365.4693691554288,365.2855858388283,365.1010401308784,364.9157320315792,364.5940832609344,364.272718665138,363.9516382441899,363.6308419980901,363.3103299268387,363.0685929572983,362.8269777759481,362.5854843827883,362.34411277781874,362.10286296103953,361.7684117473137,361.4340002375732,361.099628431818,360.7652963300481,360.4310039322635,359.8444982201882,359.25834159279697,358.6725340500898,358.08707559206664,357.50196621872766,356.5548741606827,355.60864396927485,354.66327564450404,353.7187691863704,352.77512459487366,351.7058991124279,350.6370943708506,349.56871037014173,348.50074711030123,347.4332045913292,345.87871710713074,344.3242296229323,342.7697421387339,341.2152546545354,339.6607671703369,338.2606125679188,336.8604579655005,335.4603033630823,334.0601487606641,332.65999415824587,331.28747011089223,329.91494606353854,328.54242201618484,327.16989796883115,325.7973739214775,323.8352774068858,321.87318089229404,319.9110843777023,317.9489878631106,315.98689134851884
"WITCH 6.0","Medium - SSP2","World","Climate Assessment|Harmonized and Infilled|Emissions|CO2","Mt CO2/yr",1,,,,42339.76770647963,42388.66328223088,42434.14970369846,42319.10728881344,42205.63545055384,42093.73418891965,41983.403503910886,41874.64339552754,41643.8518580916,41414.30973583943,41186.01702877104,40958.973736886415,40733.17986018557,40538.57798272023,40343.8404907368,40148.96738423526,39953.95866321562,39758.81432767788,39644.80082165271,39530.62604266055,39416.28999070141,39301.79266577528,39187.134067882165,39106.25258472396,39025.0536569057,38943.53728442735,38861.70346728894,38779.55220549047,38594.41274337376,38410.00432707205,38226.32695658531,38043.38063191356,37861.16535305679,37802.06024339919,37743.03823091297,37684.09931559814,37625.24349745469,37566.47077648263,37529.08585997483,37491.77817151512,37454.54771110352,37417.39447874,37380.31847442458,37334.532017687314,37288.77351126681,37243.042955163066,37197.340349376085,37151.66569390586,37191.56491784299,37230.88278757762,37269.61930310976,37307.77446443941,37345.34827156655,37433.92097701908,37521.20632990754,37607.20433023193,37691.91497799225,37775.338273188514,37882.79314735431,37990.24802152008,38097.70289568587,38205.15776985165,38312.61264401744,38425.55852756449,38538.50441111154,38651.45029465859,38764.39617820565,38877.3420617527,39010.61563995613,39143.889218159566,39277.16279636299,39410.43637456641,39543.709952769845,39639.64333871626,39735.57672466269,39831.51011060912,39927.44349655555,40023.37688250198
"WITCH 6.0","Medium - SSP2","World","Climate Assessment|Harmonized and Infilled|Emissions|Kyoto Gases [AR6GWP100]","Mt CO2-equiv/yr",1,,,,57507.00308133636,57563.46088740659,57616.06740853226,57463.12142050952,57312.186567787045,57163.26285036486,57016.35026824296,56871.44882142136,56626.89361385643,56383.77285033907,56142.086530869245,55901.83465544696,55663.01722407224,55462.534084829706,55261.72357855163,55060.58570523802,54859.12046488887,54657.32785750417,54531.145108485376,54404.7338716531,54278.09414700734,54151.22593454806,54024.12923427532,53920.35055877452,53816.294604139606,53711.96137037056,53607.35085746739,53502.4630654301,53284.56622234757,53067.5489213081,52851.41116231168,52636.15294535831,52421.77427044802,52335.4194692148,52249.28672898868,52163.37604976966,52077.687431557744,51992.22087435294,51924.677413004174,51857.36108423895,51790.27188805729,51723.40982445916,51656.77489344459,51576.90511162044,51497.16151922683,51417.54411626378,51338.05290273128,51258.68787862933,51253.0845866397,51247.04900147879,51240.5811231466,51233.68095164313,51226.34848696837,51267.24764027184,51306.97874453775,51345.54179976612,51382.93680595694,51419.16376311022,51471.68758317847,51524.2114032467,51576.73522331495,51629.25904338319,51681.78286345142,51746.14962124113,51810.51637903082,51874.883136820514,51939.24989461022,52003.61665239991,52090.196134307815,52176.77561621571,52263.3550981236,52349.93458003149,52436.51406193939,52472.207438232566,52507.90081452575,52543.59419081892,52579.2875671121,52614.98094340528
"WITCH 6.0","Medium - SSP2","World","Climate Assessment|Harmonized and Infilled|Emissions|N2O","kt N2O/yr",1,,,,11289.003670665752,11320.601740187303,11352.283092594156,11402.028325771998,11451.874096423016,11501.820404547205,11551.86725014457,11602.01463321511,11621.91863535776,11641.838878618311,11661.775362996776,11681.728088493144,11701.697055107416,11729.070667370655,11756.39937880617,11783.683189413974,11810.92209919406,11838.11610814643,11857.633789856423,11877.089396902811,11896.482929285592,11915.814387004768,11935.08377006034,11955.139746500976,11975.15072241027,11995.11669778821,12015.0376726348,12034.913646950044,12040.554040548192,12046.157811083587,12051.724958556237,12057.25548296614,12062.74938431329,12069.612438381902,12076.422783662434,12083.180420154891,12089.885347859272,12096.537566775574,12092.47988315266,12088.278574141545,12083.933639742212,12079.445079954672,12074.812894778926,12069.042246583347,12063.123392767431,12057.056333331182,12050.841068274594,12044.47759759767,12035.514642307824,12026.38990003445,12017.103370777551,12007.655054537128,11998.04495131318,11989.403386320784,11980.597237806369,11971.626505769931,11962.491190211476,11953.191291130996,11945.721255885548,11938.251220640102,11930.781185394657,11923.311150149206,11915.841114903758,11908.477483605388,11901.113852307017,11893.75022100865,11886.386589710277,11879.022958411906,11864.373193412704,11849.723428413496,11835.073663414296,11820.423898415092,11805.774133415887,11787.094935380444,11768.415737345002,11749.736539309555,11731.057341274112,11712.37814323867
"WITCH 6.0","Medium - SSP2","World","Climate Assessment|Surface Temperature (GSAT)|33rd Percentile [MAGICC v7.6.0a3]","°C",1,1.1491,1.1657,1.1865,1.2091,1.2321,1.2531,1.2717,1.2877,1.3035,1.3193,1.3366,1.3558,1.3772,1.3986,1.4266,1.4513,1.4751,1.4954,1.5147,1.5319,1.5474,1.5615,1.5765,1.5918,1.6107,1.6323,1.6543,1.6779,1.6998,1.7196,1.7339,1.7471,1.7567,1.768,1.7821,1.7977,1.8195,1.8403,1.8589,1.8764,1.8923,1.904,1.9149,1.9285,1.9434,1.9604,1.9782,1.999,2.0199,2.0372,2.0525,2.0653,2.078,2.0894,2.1026,2.116,2.1275,2.1405,2.158,2.1772,2.1949,2.2139,2.2303,2.2449,2.2595,2.2724,2.2848,2.2965,2.3092,2.3238,2.3403,2.3592,2.3798,2.3977,2.4107,2.4219,2.4329,2.4445,2.4557,2.469,2.4854
"WITCH 6.0","Medium - SSP2","World","Climate Assessment|Surface Temperature (GSAT)|67th Percentile [MAGICC v7.6.0a3]","°C",1,1.2622,1.2817,1.3037,1.3295,1.3588,1.3823,1.4039,1.4251,1.4439,1.4661,1.4883,1.5115,1.536,1.5633,1.5961,1.6262,1.6573,1.6828,1.7075,1.7255,1.7429,1.7616,1.7813,1.8008,1.8223,1.8475,1.8757,1.9051,1.9319,1.9539,1.9693,1.9848,2.0004,2.0191,2.0372,2.0585,2.0841,2.1078,2.1288,2.1505,2.1712,2.1874,2.2034,2.2204,2.2387,2.2585,2.282,2.3094,2.3352,2.3545,2.3718,2.3888,2.4061,2.4233,2.4407,2.4574,2.473,2.4909,2.5116,2.5352,2.5593,2.582,2.6024,2.62,2.6376,2.6528,2.6684,2.6853,2.7025,2.7209,2.7435,2.7687,2.7952,2.8182,2.8366,2.8525,2.8668,2.8818,2.9,2.9196,2.941
"WITCH 6.0","Medium - SSP2","World","Climate Assessment|Surface Temperature (GSAT)|Median [MAGICC v7.6.0a3]","°C",1,1.2035,1.2215,1.2429,1.267,1.2911,1.3139,1.3324,1.3485,1.3685,1.3867,1.4061,1.4271,1.4515,1.4771,1.507,1.5359,1.5621,1.5851,1.6071,1.6284,1.6452,1.6601,1.677,1.6956,1.7162,1.7404,1.7668,1.7918,1.8163,1.8365,1.8511,1.8663,1.8804,1.8965,1.9134,1.9322,1.9542,1.9746,1.9943,2.013,2.0283,2.042,2.0559,2.0709,2.0859,2.1023,2.123,2.1466,2.171,2.192,2.2095,2.2226,2.2377,2.2534,2.2668,2.2806,2.2951,2.31,2.327,2.3465,2.3684,2.3901,2.408,2.4246,2.4399,2.454,2.4678,2.4824,2.4974,2.5156,2.5357,2.5568,2.5818,2.6041,2.6208,2.6351,2.6492,2.6643,2.682,2.6989,2.7178
"WITCH 6.0","Medium-to-Low - SSP2","World","Climate Assessment|Effective Radiative Forcing|33rd Percentile [MAGICC v7.6.0a3]","W/m^2",1,2.566,2.556,2.6284,2.6808,2.7362,2.7674,2.791,2.8126,2.8487,2.8752,2.916,2.9635,3.0145,3.0771,3.1526,3.1941,3.238,3.2591,3.2899,3.308,3.3304,3.3637,3.391,3.4234,3.462,3.5135,3.5452,3.5821,3.5994,3.5954,3.5845,3.5885,3.5893,3.5908,3.6048,3.6343,3.6668,3.6775,3.6881,3.6972,3.6829,3.678,3.6723,3.6719,3.675,3.679,3.6954,3.7124,3.7215,3.7134,3.6913,3.6612,3.6398,3.6185,3.5962,3.5802,3.5609,3.5538,3.5545,3.556,3.5557,3.5442,3.5314,3.5055,3.4891,3.4591,3.4378,3.4259,3.4159,3.4195,3.4276,3.4331,3.4453,3.424,3.3944,3.3656,3.3392,3.3207,3.303,3.2986,3.3049
"WITCH 6.0","Medium-to-Low - SSP2","World","Climate Assessment|Effective Radiative Forcing|67th Percentile [MAGICC v7.6.0a3]","W/m^2",1,2.8229,2.8276,2.9005,2.9438,2.9993,3.0281,3.0517,3.0772,3.1105,3.1384,3.1807,3.2256,3.2731,3.3348,3.4071,3.4484,3.4929,3.5167,3.5493,3.5669,3.5892,3.6157,3.6473,3.681,3.7204,3.7687,3.8027,3.8401,3.8562,3.8549,3.8438,3.8389,3.8412,3.8456,3.8612,3.8882,3.9223,3.9325,3.9473,3.9574,3.9518,3.9451,3.9375,3.9428,3.9462,3.9491,3.962,3.9766,3.9795,3.9743,3.9511,3.9267,3.9077,3.8915,3.8714,3.8563,3.8434,3.8381,3.8389,3.8461,3.8472,3.8338,3.8174,3.7942,3.7786,3.7545,3.735,3.7214,3.713,3.7107,3.724,3.732,3.7389,3.7213,3.69,3.6636,3.638,3.6212,3.6059,3.6028,3.6062
"WITCH 6.0","Medium-to-Low - SSP2","World","Climate Assessment|Effective Radiative Forcing|Median [MAGICC v7.6.0a3]","W/m^2",1,2.6983,2.6998,2.7568,2.8048,2.8595,2.8953,2.913,2.9393,2.9743,3.0041,3.039,3.0889,3.13,3.1947,3.2704,3.3137,3.3611,3.378,3.4142,3.4279,3.4494,3.4825,3.5155,3.5509,3.5917,3.6407,3.6719,3.7041,3.721,3.7191,3.705,3.7056,3.7066,3.7124,3.7276,3.7552,3.7912,3.7975,3.8088,3.8264,3.8219,3.8205,3.8137,3.8093,3.8112,3.8183,3.8399,3.8583,3.8683,3.8582,3.8382,3.806,3.7875,3.7707,3.7485,3.7367,3.7191,3.7131,3.7147,3.718,3.7156,3.7025,3.6883,3.664,3.6455,3.617,3.5948,3.5803,3.5694,3.5697,3.5809,3.5837,3.5911,3.5696,3.5404,3.516,3.4886,3.4706,3.4569,3.4492,3.4527
"WITCH 6.0","Medium-to-Low - SSP2","World","Climate Assessment|Harmonized and Infilled|Emissions|CH4","Mt CH4/yr",1,,,,363.4899013289108,363.02612041157886,362.5603176814106,363.4726253141317,364.3836938106629,365.2935231710042,366.2021133951557,367.1094644831175,367.0630595571016,367.0157635155328,366.9675763584113,366.9184980857368,366.8685286975095,366.8097668829925,366.7491273242382,366.68661002124645,366.6222149740174,366.5559421825511,357.82648293567934,349.1093442301605,340.40452606599456,331.7120284431815,323.0318513617213,320.16687111944,317.3033701775413,314.44134853602526,311.5808061948918,308.721743154141,305.126186399075,301.53298107658134,297.94212718666,294.35362472931104,290.76747370453444,284.9131703085129,279.0646184019574,273.22181798486764,267.38476905724383,261.5534716190858,254.0618819823423,246.58474993634135,239.12207548108307,231.67385861656743,224.24009934279437,218.5784463109937,212.92972884333693,207.293946939824,201.67110060045496,196.0611898252297,192.6196663549895,189.18689820299977,185.7628853692605,182.3476278537716,178.9411256565332,176.66940258625976,174.40512058244886,172.1482796451005,169.89887977421472,167.65692096979149,166.16898556627163,164.6810501627518,163.19311475923195,161.70517935571212,160.21724395219223,159.02789969489316,157.8385554375941,156.64921118029503,155.45986692299596,154.2705226656969,153.29832708483,152.32613150396315,151.3539359230963,150.38174034222942,149.40954476136255,147.9933973183121,146.57724987526166,145.16110243221124,143.7449549891608,142.32880754611034
"WITCH 6.0","Medium-to-Low - SSP2","World","Climate Assessment|Harmonized and Infilled|Emissions|CO2","Mt CO2/yr",1,,,,42339.76770647963,42390.05499262089,42436.88582564369,42323.13624386231,42210.90708679368,42100.1983544378,41991.01004679468,41883.34216386432,41653.72191042958,41425.33322288118,41198.17610121911,40972.25054544336,40747.556555553936,40553.917382705215,40360.10638713368,40166.1235688393,39971.9689278221,39777.64246408206,37507.41888056145,35247.08120002714,32996.62942247915,30756.063547917463,28525.38357634209,27953.75099588736,27385.436232849363,26820.439287228102,26258.76015902357,25700.39884823579,25123.936438600445,24549.857413846526,23978.161773974025,23408.849518982937,22841.920648873274,22041.290360845866,21243.286089918416,20447.907836090944,19655.15559936344,18865.0293797359,17799.033334546006,16733.298965603182,15667.826272907423,14602.615256458725,13537.665916257098,12820.81023946791,12104.407523443846,11388.457768184917,10672.960973691112,9957.917139962436,9566.822577663994,9174.96168351176,8782.334457505749,8388.940899645946,7994.781009932357,7633.582935703952,7271.919335533524,6909.79020942107,6547.195557366592,6184.135379370085,5881.292418602196,5578.394108443613,5275.440448894331,4972.431439954358,4669.367081623687,4377.184178537862,4084.912187876899,3792.5511096408,3500.100943829565,3207.5616904431936,2857.660088937817,2507.689253724545,2157.649184803377,1807.5398821743147,1457.3613458373584,1176.215573558483,895.054125522829,613.8770017304014,332.68420218119536,51.47572687521552
"WITCH 6.0","Medium-to-Low - SSP2","World","Climate Assessment|Harmonized and Infilled|Emissions|Kyoto Gases [AR6GWP100]","Mt CO2-equiv/yr",1,,,,57507.00308133636,57566.028092988025,57621.15452086033,57470.0778856944,57320.96223391609,57173.80756552539,57028.61388052233,56885.381178906886,56642.81055051151,56401.65651686626,56161.9190779711,55923.59823382604,55686.69398443109,55487.66072031954,55288.26388096773,55088.50346637564,54888.37947654329,54687.891911470666,52109.60773262183,49541.76851707415,46984.37426482762,44437.42497588223,41900.920650238,41224.60914179344,40551.70824568078,39882.21796190001,39216.13829045113,38553.469231334144,37842.82723114272,37134.810106081975,36429.417856151886,35726.65048135246,35026.5079816837,34014.87504637388,33006.25737852209,32000.65497812835,30998.06784519265,29998.495979715,28672.04071875286,27346.432302003584,26021.670729467165,24697.756001143596,23374.68811703288,22457.087947093976,21540.556454939087,20625.093640568222,19710.699503981377,18797.374045178552,18277.824612222063,17757.934219549756,17237.702867161635,16717.130555057698,16196.217283237942,15743.994986930613,15291.709562044736,14839.36100858031,14386.949326537337,13934.47451591581,13573.856755401124,13213.183645495745,12852.455186199662,12491.671377512892,12130.83221943542,11790.92069130324,11450.92007559592,11110.83037231346,10770.65158145587,10430.38370302314,10040.85939354025,9651.265850349466,9261.603073450788,8871.871062844213,8482.069818529744,8154.305832203478,7826.526170120434,7498.730832280617,7170.91981868402,6843.09312933065
"WITCH 6.0","Medium-to-Low - SSP2","World","Climate Assessment|Harmonized and Infilled|Emissions|N2O","kt N2O/yr",1,,,,11289.003670665752,11320.465248833176,11352.010109885898,11401.497305316974,11451.085038221228,11500.773308598657,11550.562116449257,11600.451461773033,11620.150474580803,11639.865728506478,11659.597223550065,11679.34495971155,11699.108936990944,11726.25340619844,11753.352974578213,11780.407642130274,11807.417408854615,11834.382274751244,11702.030775251596,11570.088743784085,11438.5561803487,11307.433084945456,11176.719457574342,11165.30329559849,11153.900105827965,11142.50988826276,11131.13264290288,11119.768369748324,11088.843682311064,11057.902126488714,11026.94370228127,10995.968409688736,10964.976248711107,10879.056719362328,10793.338788602254,10707.82245643089,10622.507722848231,10537.394587854287,10410.404765166615,10283.615384855952,10157.026446922288,10030.63795136562,9904.449898185956,9811.310069579453,9718.403576262705,9625.730418235718,9533.290595498494,9441.08410805103,9378.152979410172,9315.393858119896,9252.806744180209,9190.3916375911,9128.14853835258,9085.558959747868,9043.002771871335,9000.479974722983,8957.990568302814,8915.534552610825,8887.394192039927,8859.253831469025,8831.113470898124,8802.973110327224,8774.832749756324,8746.291320219338,8717.74989068235,8689.208461145361,8660.667031608375,8632.125602071386,8602.217943529307,8572.310284987228,8542.40262644515,8512.49496790307,8482.587309360992,8450.477997407968,8418.368685454949,8386.259373501925,8354.150061548902,8322.040749595879
"WITCH 6.0","Medium-to-Low - SSP2","World","Climate Assessment|Surface Temperature (GSAT)|33rd Percentile [MAGICC v7.6.0a3]","°C",1,1.1491,1.1657,1.1865,1.2092,1.2324,1.2538,1.2725,1.2883,1.3044,1.32,1.3374,1.3567,1.378,1.3994,1.4274,1.452,1.4757,1.4963,1.5156,1.5325,1.5484,1.5641,1.5803,1.5974,1.6158,1.6369,1.6578,1.6769,1.693,1.7067,1.7121,1.7171,1.7227,1.7298,1.7375,1.7484,1.7624,1.7744,1.783,1.7953,1.8011,1.807,1.8101,1.8123,1.8158,1.8193,1.8252,1.8333,1.8394,1.8425,1.8424,1.839,1.8355,1.8331,1.8294,1.8237,1.8198,1.8181,1.8166,1.8171,1.8159,1.8154,1.8128,1.8083,1.8033,1.7985,1.793,1.788,1.7838,1.7796,1.7801,1.783,1.7848,1.7831,1.7792,1.7735,1.7671,1.76,1.7532,1.7486,1.7469
"WITCH 6.0","Medium-to-Low - SSP2","World","Climate Assessment|Surface Temperature (GSAT)|67th Percentile [MAGICC v7.6.0a3]","°C",1,1.2622,1.2817,1.3037,1.3296,1.3592,1.3831,1.4047,1.4261,1.445,1.4671,1.489,1.5124,1.537,1.564,1.5972,1.6272,1.6583,1.6837,1.7086,1.7266,1.7451,1.7659,1.7891,1.8116,1.8338,1.8574,1.882,1.9062,1.9249,1.9419,1.9534,1.9656,1.9736,1.9828,1.9939,2.009,2.0264,2.0407,2.0549,2.0702,2.081,2.0875,2.0944,2.102,2.1085,2.1173,2.1268,2.1377,2.1488,2.156,2.1601,2.1587,2.1572,2.1571,2.1533,2.1509,2.1493,2.1486,2.1516,2.1539,2.1559,2.157,2.1577,2.1556,2.1525,2.1477,2.1426,2.1382,2.1347,2.1318,2.1322,2.1328,2.1343,2.1343,2.1311,2.1262,2.1202,2.114,2.1091,2.1067,2.1061
"WITCH 6.0","Medium-to-Low - SSP2","World","Climate Assessment|Surface Temperature (GSAT)|Median [MAGICC v7.6.0a3]","°C",1,1.2035,1.2215,1.2429,1.2671,1.2914,1.3146,1.3332,1.3493,1.3692,1.3876,1.4072,1.428,1.4527,1.4782,1.5078,1.5368,1.563,1.5859,1.608,1.6294,1.6469,1.6639,1.6831,1.7058,1.7268,1.7498,1.7724,1.7933,1.8119,1.827,1.8353,1.8431,1.8511,1.8592,1.8683,1.8798,1.8936,1.9056,1.9163,1.9266,1.9354,1.9428,1.9483,1.9536,1.958,1.9621,1.9697,1.9796,1.9893,1.995,1.9994,1.9987,1.9955,1.9924,1.9888,1.9861,1.9846,1.9831,1.9827,1.9842,1.9851,1.9843,1.9825,1.9766,1.972,1.9657,1.96,1.9561,1.9529,1.9513,1.9506,1.9523,1.9558,1.9562,1.9522,1.9462,1.9391,1.9313,1.9243,1.9195,1.9181
"WITCH 6.0","Very Low - SSP2","World","Climate Assessment|Effective Radiative Forcing|33rd Percentile [MAGICC v7.6.0a3]","W/m^2",1,2.566,2.556,2.6284,2.6813,2.7372,2.7732,2.806,2.8377,2.8699,2.8994,2.9337,2.9775,3.0217,3.0695,3.1228,3.1569,3.2053,3.2163,3.234,3.2256,3.2134,3.181,3.1707,3.1579,3.1529,3.1593,3.1498,3.1404,3.1189,3.0789,3.0254,2.9865,2.9538,2.9251,2.9094,2.9022,2.902,2.8778,2.8599,2.8423,2.8048,2.764,2.7336,2.7139,2.6924,2.6779,2.682,2.6843,2.6781,2.6576,2.6257,2.5901,2.5637,2.5403,2.5144,2.4923,2.4726,2.46,2.4553,2.4517,2.4466,2.431,2.4137,2.3871,2.3654,2.3331,2.3073,2.2927,2.2773,2.2761,2.2809,2.2802,2.2809,2.2608,2.2327,2.2041,2.1747,2.1548,2.1363,2.1314,2.1343
"WITCH 6.0","Very Low - SSP2","World","Climate Assessment|Effective Radiative Forcing|67th Percentile [MAGICC v7.6.0a3]","W/m^2",1,2.8229,2.8276,2.9005,2.9441,3,3.0322,3.0666,3.094,3.1282,3.1517,3.1858,3.2239,3.2595,3.3073,3.3648,3.4005,3.4442,3.4561,3.4705,3.463,3.4417,3.4083,3.3923,3.3796,3.3717,3.3733,3.3683,3.3624,3.3392,3.2939,3.2511,3.2148,3.1801,3.1539,3.1349,3.1271,3.1215,3.1022,3.085,3.0665,3.0283,2.9928,2.9622,2.9343,2.9127,2.8994,2.8998,2.9051,2.9001,2.8787,2.8498,2.814,2.7901,2.7697,2.7449,2.7259,2.707,2.6942,2.6879,2.6854,2.6801,2.6646,2.648,2.624,2.6033,2.5702,2.546,2.5303,2.516,2.5135,2.5185,2.5156,2.5222,2.4994,2.4663,2.4364,2.4072,2.388,2.3699,2.3623,2.3688
"WITCH 6.0","Very Low - SSP2","World","Climate Assessment|Effective Radiative Forcing|Median [MAGICC v7.6.0a3]","W/m^2",1,2.6983,2.6998,2.7568,2.8051,2.8602,2.8995,2.9277,2.9556,2.9947,3.0191,3.0524,3.09,3.1269,3.1766,3.2429,3.2775,3.3215,3.3254,3.3461,3.341,3.3243,3.2906,3.2721,3.2568,3.2513,3.2594,3.2531,3.2537,3.2295,3.1879,3.1398,3.1045,3.0693,3.0387,3.0235,3.0209,3.0199,2.9988,2.9786,2.9578,2.9218,2.8862,2.8516,2.8288,2.8076,2.7944,2.7965,2.7961,2.7911,2.7691,2.7376,2.7024,2.6775,2.6535,2.6277,2.6086,2.5896,2.5756,2.5706,2.5699,2.5632,2.547,2.5293,2.502,2.4819,2.4517,2.4268,2.4101,2.3949,2.3891,2.396,2.3958,2.4007,2.3768,2.3441,2.3192,2.29,2.2703,2.2515,2.2446,2.2481
"WITCH 6.0","Very Low - SSP2","World","Climate Assessment|Harmonized and Infilled|Emissions|CH4","Mt CH4/yr",1,,,,363.4899013289108,362.8968534919354,362.3017838421237,354.1112166664652,345.9318998668165,337.7638334431776,329.6070173955484,321.461451723929,314.5321582117038,307.61112151142913,300.69834162310485,293.793818546731,286.8975522823077,269.1579261851758,251.4448031852293,233.758183282468,216.098066476892,198.4644527685012,190.28757193556197,182.13305495629567,174.00090183070233,165.8911125587819,157.80368714053452,154.3034628624548,150.8123115546791,147.33023321720745,143.8572278500398,140.39329545317617,138.36354358869278,136.33764353266673,134.31559528509797,132.2973988459865,130.28305421533238,128.98253572055677,127.68529510170605,126.39133235878016,125.10064749177916,123.813240500703,123.32171169769232,122.83219166111756,122.34468039097874,121.85917788727583,121.3756841500089,120.62541382290502,119.8779250564774,119.13321785072606,118.39129220565091,117.6521481212521,116.66680161746324,115.6842102736609,114.70437408984512,113.72729306601587,112.75296720217317,111.79046703311349,110.83057488336092,109.87329075291544,108.91861464177708,107.96654654994582,106.91424404728582,105.8619415446258,104.80963904196577,103.75733653930575,102.70503403664574,101.60832687938728,100.51161972212884,99.4149125648704,98.31820540761194,97.22149825035348,96.1944990202494,95.16749979014529,94.14050056004118,93.11350132993708,92.08650209983296,91.14619772990568,90.2058933599784,89.26558899005113,88.32528462012385,87.38498025019658
"WITCH 6.0","Very Low - SSP2","World","Climate Assessment|Harmonized and Infilled|Emissions|CO2","Mt CO2/yr",1,,,,42339.76770647963,42367.82085744671,42393.24797924903,40784.40492922832,39173.85756808902,37561.60589583114,35947.64991245466,34331.9896179596,32836.12128912457,31342.446632399024,29850.96564778298,28361.67833527644,26874.584694879395,23578.19637111044,20256.10137902063,16908.299718609964,13534.79138987844,10135.576392826057,8696.47777055678,7257.586221528212,5818.901745740357,4380.424343193212,2942.154013886776,2423.188740432116,1903.9222108671447,1384.3544251918602,864.4853834062633,344.31508551035404,-6.975234138503765,-358.020509957767,-708.8207419474329,-1059.3759301075006,-1409.68607443797,-1654.614399046029,-1899.0341775297795,-2142.945409889218,-2386.348096124346,-2629.2422362351604,-2678.8283763338054,-2728.615023163965,-2778.602176725638,-2828.789837018823,-2879.178004043525,-2899.127625143721,-2919.2692489683777,-2939.602875517494,-2960.1285047910737,-2980.8461367891127,-3077.835651745785,-3175.022658632068,-3272.407157447961,-3369.989148193464,-3467.7686308685743,-3561.6107926367,-3655.732973146187,-3750.1351723970342,-3844.817390389245,-3939.779627122815,-4025.3794067264816,-4110.9791863301525,-4196.578965933821,-4282.178745537489,-4367.778525141158,-4396.330480925983,-4424.882436710805,-4453.43439249563,-4481.986348280452,-4510.538304065275,-4500.598532198297,-4490.658760331319,-4480.718988464341,-4470.779216597362,-4460.8394447303845,-4431.1435224063525,-4401.447600082321,-4371.7516777582905,-4342.055755434259,-4312.359833110228
"WITCH 6.0","Very Low - SSP2","World","Climate Assessment|Harmonized and Infilled|Emissions|Kyoto Gases [AR6GWP100]","Mt CO2-equiv/yr",1,,,,57507.00308133636,57540.14533383986,57570.21942651772,55594.65138255275,53618.37851935033,51641.40083691046,49663.71833523314,47685.33101431836,45947.95608434522,44213.30716990029,42481.38427098358,40752.18738759509,39025.716519734815,35138.26048916396,31225.989006482712,27288.902071691085,23326.99968478906,19340.281845776648,17617.49777512352,15895.680964512563,14174.831413943786,12454.949123417184,10736.034092932758,10080.773203750285,9425.556018768357,8770.382537986972,8115.252761406131,7460.166689025834,7015.2927028706445,6570.92518481638,6127.064134863043,5683.709553010635,5240.861439259157,4923.815123365733,4607.569148967204,4292.123516063575,3977.478224654845,3663.633274741016,3571.325553431729,3479.02805699442,3386.74078542909,3294.46373873574,3202.196916914365,3132.2183650426678,3062.2848452815037,2992.3963576308706,2922.552902090766,2852.754478661197,2701.7780310375147,2550.842674110625,2399.9484078805303,2249.0952323472256,2098.283147510719,1951.833706384788,1805.338235665096,1658.7967353516428,1512.2092054444277,1365.5756459434524,1233.485423188224,1101.3952004329913,969.3049776777608,837.2147549225306,705.1245321673002,630.5563665248412,555.9882008823843,481.4200352399257,406.85186959747017,332.28370395501344,300.58911527867167,268.8945266023292,237.1999379259881,205.50534924964683,173.8107605733055,170.25002842198825,166.68929627067237,163.12856411935445,159.56783196803835,156.00709981672088
"WITCH 6.0","Very Low - SSP2","World","Climate Assessment|Harmonized and Infilled|Emissions|N2O","kt N2O/yr",1,,,,11289.003670665752,11320.31112093602,11351.701854091589,11170.006841544178,10988.752760583317,10807.939611209002,10627.56739342124,10447.63610722002,10338.510843725842,10229.681957870218,10121.14944965314,10012.91331907462,9904.973566134646,9621.017028405033,9337.806400370282,9055.341682030405,8773.6228733854,8492.649974435264,8356.254860834244,8220.3913580607,8085.059466114634,7950.259184996043,7815.990514704929,7751.921023374452,7687.993497043768,7624.207935712881,7560.564339381789,7497.062708050492,7447.04127090341,7397.046505101407,7347.0784106444835,7297.136987532638,7247.222235765874,7199.635058613309,7152.062622882172,7104.504928572461,7056.961975684175,7009.433764217316,6964.227424646472,6919.042037919437,6873.877604036209,6828.734122996792,6783.611594801182,6734.248369988243,6684.919913284513,6635.626224689988,6586.36730420467,6537.14315182856,6494.532509901225,6451.972769120359,6409.463929485963,6367.005990998034,6324.598953656577,6283.294457495363,6242.029481564354,6200.804025863547,6159.618090392945,6118.471675152548,6084.221948010656,6049.972220868764,6015.722493726873,5981.4727665849805,5947.22303944309,5911.946271338247,5876.669503233405,5841.392735128562,5806.11596702372,5770.839198918878,5739.415572108438,5707.9919452979975,5676.568318487559,5645.144691677119,5613.72106486668,5580.195278679061,5546.669492491443,5513.143706303825,5479.617920116206,5446.092133928588
"WITCH 6.0","Very Low - SSP2","World","Climate Assessment|Surface Temperature (GSAT)|33rd Percentile [MAGICC v7.6.0a3]","°C",1,1.1491,1.1657,1.1865,1.2092,1.2326,1.2545,1.2745,1.2915,1.3082,1.3238,1.3408,1.3583,1.3757,1.3972,1.4184,1.4393,1.4612,1.4774,1.492,1.502,1.5054,1.5078,1.507,1.5029,1.5052,1.5116,1.5147,1.5162,1.5163,1.5113,1.502,1.4923,1.4817,1.4699,1.4617,1.4566,1.4539,1.4495,1.4429,1.436,1.4277,1.4186,1.4067,1.3965,1.3863,1.3771,1.3712,1.3682,1.3666,1.3619,1.3551,1.3452,1.3354,1.3257,1.3138,1.3049,1.2965,1.2888,1.2827,1.2784,1.2736,1.2687,1.2638,1.2576,1.2505,1.241,1.2311,1.2224,1.2148,1.2092,1.2055,1.2015,1.1997,1.1964,1.1904,1.1813,1.1713,1.162,1.1539,1.1475,1.1427
"WITCH 6.0","Very Low - SSP2","World","Climate Assessment|Surface Temperature (GSAT)|67th Percentile [MAGICC v7.6.0a3]","°C",1,1.2622,1.2817,1.3037,1.3297,1.3594,1.384,1.4072,1.4309,1.452,1.4744,1.4952,1.5169,1.5412,1.5662,1.5949,1.6227,1.6487,1.6714,1.6918,1.7067,1.7191,1.724,1.729,1.7328,1.739,1.7438,1.7486,1.7534,1.7542,1.7513,1.7436,1.7353,1.7273,1.7183,1.7101,1.7076,1.7066,1.7041,1.6989,1.6913,1.6834,1.6736,1.6649,1.6557,1.6447,1.6364,1.6323,1.6305,1.6268,1.6214,1.6137,1.605,1.5953,1.5858,1.5755,1.5641,1.5548,1.5468,1.5423,1.5389,1.5355,1.5306,1.5255,1.5187,1.5102,1.498,1.4851,1.4751,1.4666,1.4602,1.4567,1.4524,1.4513,1.4491,1.4418,1.4323,1.4223,1.4134,1.4042,1.3968,1.3928
"WITCH 6.0","Very Low - SSP2","World","Climate Assessment|Surface Temperature (GSAT)|Median [MAGICC v7.6.0a3]","°C",1,1.2035,1.2215,1.2429,1.2671,1.2915,1.3157,1.3359,1.3548,1.3744,1.3932,1.4138,1.4342,1.4554,1.4777,1.5049,1.5288,1.5545,1.5769,1.5955,1.6096,1.6168,1.6202,1.6206,1.6211,1.622,1.6242,1.6275,1.6313,1.6331,1.6303,1.6231,1.6142,1.6032,1.5929,1.5844,1.5787,1.5761,1.5696,1.5647,1.5594,1.551,1.5395,1.5279,1.5192,1.511,1.5039,1.5005,1.4961,1.4944,1.4906,1.4827,1.473,1.464,1.4557,1.447,1.4384,1.4291,1.4219,1.4154,1.411,1.4065,1.4005,1.3933,1.3849,1.3772,1.3664,1.3558,1.3465,1.3388,1.3328,1.329,1.3257,1.3247,1.3193,1.3117,1.3027,1.2923,1.2831,1.2751,1.2683,1.2636
"MESSAGEix-GLOBIOM-GAINS 2.1-M-R12","High-to-Low - SSP3","World","Climate Assessment|Effective Radiative Forcing|33rd Percentile [MAGICC v7.6.0a3]","W/m^2",1,2.566,2.556,2.6284,2.6916,2.7709,2.8204,2.8569,2.8943,2.9457,2.9915,3.0287,3.0569,3.097,3.1537,3.2269,3.2686,3.3259,3.3562,3.3982,3.4209,3.4473,3.4779,3.5156,3.5592,3.6069,3.6737,3.737,3.805,3.8515,3.8727,3.8886,3.9142,3.9378,3.9669,4.0085,4.0698,4.1277,4.1708,4.2158,4.2599,4.2891,4.3332,4.3675,4.4088,4.4429,4.4794,4.5262,4.5695,4.5953,4.6084,4.6062,4.5902,4.5888,4.5852,4.5762,4.5731,4.5668,4.5688,4.5852,4.5996,4.6054,4.5926,4.5825,4.5616,4.5464,4.5174,4.4967,4.4844,4.4737,4.4725,4.4726,4.4629,4.4595,4.4323,4.3969,4.3627,4.3278,4.3013,4.2736,4.2607,4.257
"MESSAGEix-GLOBIOM-GAINS 2.1-M-R12","High-to-Low - SSP3","World","Climate Assessment|Effective Radiative Forcing|67th Percentile [MAGICC v7.6.0a3]","W/m^2",1,2.8229,2.8276,2.9005,2.9516,3.0277,3.0675,3.1038,3.1419,3.1936,3.2386,3.2838,3.3168,3.3606,3.4179,3.4894,3.5372,3.5977,3.6321,3.6762,3.7022,3.7268,3.7552,3.7929,3.8337,3.8856,3.9573,4.0248,4.0912,4.1392,4.1632,4.1779,4.2065,4.2351,4.2641,4.311,4.365,4.4264,4.4704,4.5167,4.5669,4.6061,4.6498,4.6775,4.7123,4.7461,4.7859,4.8361,4.8761,4.9047,4.9114,4.906,4.8963,4.8971,4.898,4.8918,4.893,4.8951,4.9009,4.9142,4.9209,4.9224,4.9179,4.9066,4.8889,4.8767,4.8538,4.842,4.8325,4.8217,4.8211,4.8233,4.8132,4.8115,4.7851,4.7455,4.715,4.6817,4.658,4.632,4.6195,4.6147
"MESSAGEix-GLOBIOM-GAINS 2.1-M-R12","High-to-Low - SSP3","World","Climate Assessment|Effective Radiative Forcing|Median [MAGICC v7.6.0a3]","W/m^2",1,2.6983,2.6998,2.7568,2.8136,2.8887,2.9366,2.9722,3.0133,3.0615,3.1043,3.1478,3.1789,3.2216,3.278,3.356,3.4041,3.4635,3.491,3.5351,3.5634,3.5914,3.6229,3.6632,3.7065,3.759,3.832,3.8942,3.952,4.0017,4.0309,4.0448,4.0694,4.0936,4.1223,4.1638,4.2169,4.2818,4.3257,4.3722,4.4135,4.4474,4.4875,4.5226,4.5619,4.5982,4.6388,4.6859,4.7249,4.7508,4.7606,4.7601,4.749,4.7456,4.7426,4.7394,4.7367,4.737,4.7436,4.7581,4.769,4.7736,4.7632,4.7541,4.7331,4.7202,4.6927,4.6726,4.6631,4.6548,4.6534,4.658,4.653,4.6504,4.6208,4.579,4.5406,4.5016,4.4737,4.4467,4.431,4.43
"MESSAGEix-GLOBIOM-GAINS 2.1-M-R12","High-to-Low - SSP3","World","Climate Assessment|Harmonized and Infilled|Emissions|CH4","Mt CH4/yr",1,,,,363.4899013289108,363.0713505676236,362.6821555439951,362.98019156606495,363.3008941158363,363.64426319330914,364.0102987984836,364.3990009313597,367.2798459482684,370.1752700797438,373.0852733257856,376.009855686394,378.949017161569,381.88237346215374,384.81688335302863,387.75254683419377,390.689363905649,393.6273345673945,396.169158944584,398.7026240712778,401.2277299474761,403.744476573179,406.2528639483862,408.7786198143551,411.2818127727402,413.7624428235415,416.2205099667591,418.65601420239295,421.8797831729093,425.07131986054856,428.2306242653107,431.3576963871956,434.45253622620334,437.0186029965739,439.5572367280419,442.0684374206074,444.5522050742702,447.00853968903056,434.8785158087648,422.777480197652,410.7054328556922,398.6623737828853,386.64830297923135,374.6632204447302,362.70712617938216,350.78002018318693,338.88190245614464,327.01277299825534,321.0865809760122,315.179570021329,309.29174013420584,303.42309131464253,297.5736235626392,291.7433368781959,285.9322312613126,280.1403067119892,274.3675632302257,268.6140008160222,265.2847157277409,261.9554306394595,258.6261455511782,255.2968604628968,251.96757537461545,248.63829028633413,245.3090051980528,241.97972010977145,238.65043502149007,235.32114993320877,233.37587062798752,231.43059132276625,229.48531201754497,227.54003271232372,225.5947534071025,223.64947410188125,221.70419479666003,219.7589154914388,217.8136361862175,215.8683568809963
"MESSAGEix-GLOBIOM-GAINS 2.1-M-R12","High-to-Low - SSP3","World","Climate Assessment|Harmonized and Infilled|Emissions|CO2","Mt CO2/yr",1,,,,42339.76770647963,42569.98013246088,42798.3218594701,42504.3014753964,42209.9647746671,41915.3117572822,41620.3424232417,41325.056772545584,41722.58318934016,42118.60112920386,42513.11059213669,42906.11157813863,43297.60408720971,43643.18260564546,43987.205387947615,44329.67243411619,44670.5837441512,45009.939318052624,45035.47236598183,45060.27892672865,45084.35900029307,45107.7125866751,45130.33968587474,45096.86889517671,45063.21731826097,45029.38495512753,44995.37180577636,44961.17787020749,45095.10154763428,45228.79599128384,45362.26120115613,45495.49717725118,45628.50391956899,45949.95638517899,46271.16916079751,46592.14224642449,46912.875642059975,47233.36934770394,45015.01756152011,42798.23610057093,40583.02496485643,38369.384154376574,36157.3136691314,33946.813509120875,31737.88367434502,29530.52416480382,27324.73498049729,25120.51612142542,23848.31106252793,22577.548015351116,21308.226979894986,20040.34795615953,18773.91094414476,17508.91594385068,16245.362955277276,14983.251978424554,13722.583013292517,12463.356059881162,11685.392708333336,10907.429356785511,10129.466005237688,9351.50265368986,8573.539302142039,7795.575950594215,7017.612599046386,6239.649247498564,5461.68589595074,4683.722544402916,4177.793646436483,3671.8647484700487,3165.935850503616,2660.006952537184,2154.078054570748,1648.149156604316,1142.2202586378817,636.2913606714492,130.3624627050158,-375.5664352614176
"MESSAGEix-GLOBIOM-GAINS 2.1-M-R12","High-to-Low - SSP3","World","Climate Assessment|Harmonized and Infilled|Emissions|Kyoto Gases [AR6GWP100]","Mt CO2-equiv/yr",1,,,,57507.00308133636,57788.93795567553,58069.80286582448,57840.5359662632,57611.73200966405,57383.39020767501,57155.51213700008,56928.09700928724,57464.84113261844,58000.45126096929,58534.926555495695,59068.26632882988,59600.47210718373,60077.109151222445,60552.22637853063,61025.82236388062,61497.89848200799,61968.453358177176,62101.07080630874,62232.64346089192,62363.171321926726,62492.65433892106,62621.09261285912,62689.06451152062,62756.13851348843,62822.31456827047,62887.59277685091,62951.97308873767,63212.39180049614,63471.58827958095,63729.56400171182,63986.31754166113,64241.85027416442,64673.25829674,65103.55576490772,65532.7441543873,65960.8227273189,66387.7907458426,63621.08566616622,60856.752635069766,58094.79307778093,55335.20561956413,52577.99168564704,49823.15053816976,47070.68138878034,44320.58581418271,41572.86302602491,38827.513024306936,37346.61630460605,35867.76122175461,34390.94777575263,32916.17596660011,31443.445743804958,29972.75720835136,28504.110309747222,27037.50504799254,25572.94142308732,24110.418697171684,23222.11200546049,22333.805313749297,21445.498622038107,20557.19193032691,19668.885238615723,18780.594041961955,17892.302845308182,17004.01164865442,16115.72045200065,15227.429255346884,14655.312646999702,14083.195988160414,13511.08011767311,12938.963458833823,12366.846799994535,11794.725026628214,11222.603202769786,10650.48064105148,10078.358817193051,9506.236993334624
"MESSAGEix-GLOBIOM-GAINS 2.1-M-R12","High-to-Low - SSP3","World","Climate Assessment|Harmonized and Infilled|Emissions|N2O","kt N2O/yr",1,,,,11289.003670665752,11351.901557466646,11414.820702265764,11497.038931340056,11579.555842077589,11662.371434478362,11745.485708542376,11828.89866426963,11886.63405319073,11944.2566001657,12001.766305194546,12059.16316827726,12116.447189413857,12165.244995612326,12214.09070035284,12262.984303635409,12311.925805460023,12360.915205826685,12390.015532677826,12418.929481884095,12447.657053445497,12476.19824736202,12504.553063633672,12525.692429910912,12546.60603691859,12567.29388465671,12587.755973125271,12607.992302324275,12623.13219980416,12638.074046389494,12652.81784208028,12667.36358687652,12681.711280778212,12705.94753813978,12729.945676260788,12753.70569514123,12777.227594781109,12800.511375180424,12623.723678797844,12446.903122314843,12270.04970573142,12093.163429047576,11916.244292263313,11739.292295378633,11562.307438393527,11385.289721308009,11208.239144122066,11031.155706835703,10925.746225517714,10820.50409091838,10715.429303037708,10610.521861875692,10505.781767432334,10401.209019707634,10296.803618701591,10192.565564414212,10088.49485684549,9984.591495995424,9945.09518994988,9905.598883904331,9866.102577858786,9826.60627181324,9787.109965767697,9747.613659722148,9708.117353676604,9668.62104763106,9629.12474158551,9589.628435539966,9561.023505657628,9532.418575775288,9503.813645892948,9475.208716010608,9446.603786128271,9417.99885624593,9389.393926363591,9360.788996481251,9332.184066598911,9303.579136716571
"MESSAGEix-GLOBIOM-GAINS 2.1-M-R12","High-to-Low - SSP3","World","Climate Assessment|Surface Temperature (GSAT)|33rd Percentile [MAGICC v7.6.0a3]","°C",1,1.1491,1.1657,1.1865,1.2107,1.2379,1.2627,1.2844,1.3037,1.3261,1.3478,1.3691,1.3892,1.4106,1.4338,1.461,1.4863,1.5136,1.538,1.5605,1.582,1.6001,1.618,1.6368,1.6574,1.6804,1.7083,1.7348,1.7652,1.7952,1.8195,1.8364,1.8565,1.8723,1.8901,1.9124,1.935,1.9615,1.9867,2.01,2.0332,2.0534,2.0739,2.0945,2.1189,2.1376,2.157,2.1821,2.205,2.2276,2.2442,2.2579,2.2654,2.2716,2.2781,2.2819,2.2851,2.2907,2.2944,2.3003,2.3064,2.3115,2.3152,2.3154,2.3152,2.3147,2.312,2.3099,2.3094,2.3102,2.3109,2.3111,2.3109,2.3124,2.3102,2.3033,2.2958,2.2868,2.2772,2.268,2.2618,2.2583
"MESSAGEix-GLOBIOM-GAINS 2.1-M-R12","High-to-Low - SSP3","World","Climate Assessment|Surface Temperature (GSAT)|67th Percentile [MAGICC v7.6.0a3]","°C",1,1.2622,1.2817,1.3037,1.3307,1.3652,1.3951,1.423,1.4509,1.4778,1.5056,1.5341,1.5595,1.5838,1.6115,1.6445,1.6759,1.7076,1.7369,1.7647,1.7904,1.8142,1.8357,1.8599,1.8839,1.9117,1.9432,1.9739,2.0079,2.0424,2.0702,2.0925,2.1139,2.1352,2.1571,2.1817,2.2083,2.2399,2.2695,2.2984,2.327,2.3542,2.3808,2.4086,2.4333,2.4607,2.486,2.511,2.5397,2.5685,2.5912,2.6094,2.6231,2.6332,2.6391,2.6472,2.6568,2.6648,2.6746,2.6804,2.6906,2.6988,2.706,2.7133,2.7167,2.7193,2.722,2.7236,2.7262,2.7299,2.7344,2.7372,2.7369,2.7364,2.7352,2.7324,2.7279,2.7218,2.7151,2.7084,2.7014,2.6977
"MESSAGEix-GLOBIOM-GAINS 2.1-M-R12","High-to-Low - SSP3","World","Climate Assessment|Surface Temperature (GSAT)|Median [MAGICC v7.6.0a3]","°C",1,1.2035,1.2215,1.2429,1.2687,1.2962,1.3235,1.3485,1.3735,1.3977,1.4219,1.4476,1.4711,1.4953,1.5208,1.5503,1.5776,1.6072,1.6313,1.6563,1.6802,1.703,1.7254,1.7479,1.7713,1.7963,1.8229,1.8518,1.8833,1.9126,1.9395,1.9601,1.9789,1.9969,2.0178,2.0402,2.0654,2.0928,2.1193,2.1455,2.1713,2.1971,2.2223,2.2463,2.2684,2.2914,2.3166,2.3421,2.3656,2.3864,2.406,2.4202,2.4292,2.4369,2.45,2.4606,2.4702,2.4757,2.4811,2.4877,2.4952,2.5026,2.5089,2.5143,2.5174,2.5204,2.5184,2.5163,2.5153,2.5183,2.5227,2.5281,2.5315,2.5365,2.5345,2.5263,2.518,2.5096,2.5012,2.4929,2.4868,2.4827