family,ssp,variable,region,n_models
High,SSP2,Agricultural Demand|Residues,Africa (R10),1
High,SSP2,Agricultural Demand|Residues,China+ (R10),1
High,SSP2,Agricultural Demand|Residues,Europe (R10),1
High,SSP2,Agricultural Demand|Residues,India+ (R10),1
High,SSP2,Agricultural Demand|Residues,Latin America (R10),1
High,SSP2,Agricultural Demand|Residues,Middle East (R10),1
High,SSP2,Agricultural Demand|Residues,North America (R10),1
High,SSP2,Agricultural Demand|Residues,Other (R10),1
High,SSP2,Agricultural Demand|Residues,Pacific OECD (R10),1
High,SSP2,Agricultural Demand|Residues,Reforming Economies (R10),1
High,SSP2,Agricultural Demand|Residues,Rest of Asia (R10),1
High,SSP2,Agricultural Demand|Residues,World,1
High,SSP2,Agricultural Production,Africa (R10),1
High,SSP2,Agricultural Production,China+ (R10),1
High,SSP2,Agricultural Production,Europe (R10),1
High,SSP2,Agricultural Production,India+ (R10),1
High,SSP2,Agricultural Production,Latin America (R10),1
High,SSP2,Agricultural Production,Middle East (R10),1
High,SSP2,Agricultural Production,North America (R10),1
High,SSP2,Agricultural Production,Other (R10),1
High,SSP2,Agricultural Production,Pacific OECD (R10),1
High,SSP2,Agricultural Production,Reforming Economies (R10),1
High,SSP2,Agricultural Production,Rest of Asia (R10),1
High,SSP2,Agricultural Production,World,1
High,SSP2,Agricultural Production|Crops,Africa (R10),1
High,SSP2,Agricultural Production|Crops,China+ (R10),1
High,SSP2,Agricultural Production|Crops,Europe (R10),1
High,SSP2,Agricultural Production|Crops,India+ (R10),1
High,SSP2,Agricultural Production|Crops,Latin America (R10),1
High,SSP2,Agricultural Production|Crops,Middle East (R10),1
High,SSP2,Agricultural Production|Crops,North America (R10),1
High,SSP2,Agricultural Production|Crops,Other (R10),1
High,SSP2,Agricultural Production|Crops,Pacific OECD (R10),1
High,SSP2,Agricultural Production|Crops,Reforming Economies (R10),1
High,SSP2,Agricultural Production|Crops,Rest of Asia (R10),1
High,SSP2,Agricultural Production|Crops,World,1
High,SSP2,Agricultural Production|Livestock,Africa (R10),1
High,SSP2,Agricultural Production|Livestock,China+ (R10),1
High,SSP2,Agricultural Production|Livestock,Europe (R10),1
High,SSP2,Agricultural Production|Livestock,India+ (R10),1
High,SSP2,Agricultural Production|Livestock,Latin America (R10),1
High,SSP2,Agricultural Production|Livestock,Middle East (R10),1
High,SSP2,Agricultural Production|Livestock,North America (R10),1
High,SSP2,Agricultural Production|Livestock,Other (R10),1
High,SSP2,Agricultural Production|Livestock,Pacific OECD (R10),1
High,SSP2,Agricultural Production|Livestock,Reforming Economies (R10),1
High,SSP2,Agricultural Production|Livestock,Rest of Asia (R10),1
High,SSP2,Agricultural Production|Livestock,World,1
High,SSP2,Building Stock|Residential and Commercial|Floor Space|Gross,Africa (R10),1
High,SSP2,Building Stock|Residential and Commercial|Floor Space|Gross,China+ (R10),1
High,SSP2,Building Stock|Residential and Commercial|Floor Space|Gross,Europe (R10),1
High,SSP2,Building Stock|Residential and Commercial|Floor Space|Gross,India+ (R10),1
High,SSP2,Building Stock|Residential and Commercial|Floor Space|Gross,Latin America (R10),1
High,SSP2,Building Stock|Residential and Commercial|Floor Space|Gross,Middle East (R10),1
High,SSP2,Building Stock|Residential and Commercial|Floor Space|Gross,North America (R10),1
High,SSP2,Building Stock|Residential and Commercial|Floor Space|Gross,Other (R10),1
High,SSP2,Building Stock|Residential and Commercial|Floor Space|Gross,Pacific OECD (R10),1
High,SSP2,Building Stock|Residential and Commercial|Floor Space|Gross,Reforming Economies (R10),1
High,SSP2,Building Stock|Residential and Commercial|Floor Space|Gross,Rest of Asia (R10),1
High,SSP2,Building Stock|Residential and Commercial|Floor Space|Gross,World,1
High,SSP2,Capacity|Electricity|Biomass,Africa (R10),1
High,SSP2,Capacity|Electricity|Biomass,China+ (R10),1
High,SSP2,Capacity|Electricity|Biomass,Europe (R10),1
High,SSP2,Capacity|Electricity|Biomass,India+ (R10),1
High,SSP2,Capacity|Electricity|Biomass,Latin America (R10),1
High,SSP2,Capacity|Electricity|Biomass,Middle East (R10),1
High,SSP2,Capacity|Electricity|Biomass,North America (R10),1
High,SSP2,Capacity|Electricity|Biomass,Other (R10),1
High,SSP2,Capacity|Electricity|Biomass,Pacific OECD (R10),1
High,SSP2,Capacity|Electricity|Biomass,Reforming Economies (R10),1
High,SSP2,Capacity|Electricity|Biomass,Rest of Asia (R10),1
High,SSP2,Capacity|Electricity|Biomass,World,1
High,SSP2,Capacity|Electricity|Coal,Africa (R10),1
High,SSP2,Capacity|Electricity|Coal,China+ (R10),1
High,SSP2,Capacity|Electricity|Coal,Europe (R10),1
High,SSP2,Capacity|Electricity|Coal,India+ (R10),1
High,SSP2,Capacity|Electricity|Coal,Latin America (R10),1
High,SSP2,Capacity|Electricity|Coal,Middle East (R10),1
High,SSP2,Capacity|Electricity|Coal,North America (R10),1
High,SSP2,Capacity|Electricity|Coal,Other (R10),1
High,SSP2,Capacity|Electricity|Coal,Pacific OECD (R10),1
High,SSP2,Capacity|Electricity|Coal,Reforming Economies (R10),1
High,SSP2,Capacity|Electricity|Coal,Rest of Asia (R10),1
High,SSP2,Capacity|Electricity|Coal,World,1
High,SSP2,Capacity|Electricity|Gas,Africa (R10),1
High,SSP2,Capacity|Electricity|Gas,China+ (R10),1
High,SSP2,Capacity|Electricity|Gas,Europe (R10),1
High,SSP2,Capacity|Electricity|Gas,India+ (R10),1
High,SSP2,Capacity|Electricity|Gas,Latin America (R10),1
High,SSP2,Capacity|Electricity|Gas,Middle East (R10),1
High,SSP2,Capacity|Electricity|Gas,North America (R10),1
High,SSP2,Capacity|Electricity|Gas,Other (R10),1
High,SSP2,Capacity|Electricity|Gas,Pacific OECD (R10),1
High,SSP2,Capacity|Electricity|Gas,Reforming Economies (R10),1
High,SSP2,Capacity|Electricity|Gas,Rest of Asia (R10),1
High,SSP2,Capacity|Electricity|Gas,World,1
High,SSP2,Capacity|Electricity|Geothermal,Africa (R10),1
High,SSP2,Capacity|Electricity|Geothermal,China+ (R10),1
High,SSP2,Capacity|Electricity|Geothermal,Europe (R10),1
High,SSP2,Capacity|Electricity|Geothermal,India+ (R10),1
High,SSP2,Capacity|Electricity|Geothermal,Latin America (R10),1
High,SSP2,Capacity|Electricity|Geothermal,Middle East (R10),1
High,SSP2,Capacity|Electricity|Geothermal,North America (R10),1
High,SSP2,Capacity|Electricity|Geothermal,Other (R10),1
High,SSP2,Capacity|Electricity|Geothermal,Pacific OECD (R10),1
High,SSP2,Capacity|Electricity|Geothermal,Reforming Economies (R10),1
High,SSP2,Capacity|Electricity|Geothermal,Rest of Asia (R10),1
High,SSP2,Capacity|Electricity|Geothermal,World,1
High,SSP2,Capacity|Electricity|Hydro,Africa (R10),1
High,SSP2,Capacity|Electricity|Hydro,China+ (R10),1
High,SSP2,Capacity|Electricity|Hydro,Europe (R10),1
High,SSP2,Capacity|Electricity|Hydro,India+ (R10),1
High,SSP2,Capacity|Electricity|Hydro,Latin America (R10),1
High,SSP2,Capacity|Electricity|Hydro,Middle East (R10),1
High,SSP2,Capacity|Electricity|Hydro,North America (R10),1
High,SSP2,Capacity|Electricity|Hydro,Other (R10),1
High,SSP2,Capacity|Electricity|Hydro,Pacific OECD (R10),1
High,SSP2,Capacity|Electricity|Hydro,Reforming Economies (R10),1
High,SSP2,Capacity|Electricity|Hydro,Rest of Asia (R10),1
High,SSP2,Capacity|Electricity|Hydro,World,1
High,SSP2,Capacity|Electricity|Hydrogen,Africa (R10),1
High,SSP2,Capacity|Electricity|Hydrogen,China+ (R10),1
High,SSP2,Capacity|Electricity|Hydrogen,Europe (R10),1
High,SSP2,Capacity|Electricity|Hydrogen,India+ (R10),1
High,SSP2,Capacity|Electricity|Hydrogen,Latin America (R10),1
High,SSP2,Capacity|Electricity|Hydrogen,Middle East (R10),1
High,SSP2,Capacity|Electricity|Hydrogen,North America (R10),1
High,SSP2,Capacity|Electricity|Hydrogen,Other (R10),1
High,SSP2,Capacity|Electricity|Hydrogen,Pacific OECD (R10),1
High,SSP2,Capacity|Electricity|Hydrogen,Reforming Economies (R10),1
High,SSP2,Capacity|Electricity|Hydrogen,Rest of Asia (R10),1
High,SSP2,Capacity|Electricity|Hydrogen,World,1
High,SSP2,Capacity|Electricity|Nuclear,Africa (R10),1
High,SSP2,Capacity|Electricity|Nuclear,China+ (R10),1
High,SSP2,Capacity|Electricity|Nuclear,Europe (R10),1
High,SSP2,Capacity|Electricity|Nuclear,India+ (R10),1
High,SSP2,Capacity|Electricity|Nuclear,Latin America (R10),1
High,SSP2,Capacity|Electricity|Nuclear,Middle East (R10),1
High,SSP2,Capacity|Electricity|Nuclear,North America (R10),1
High,SSP2,Capacity|Electricity|Nuclear,Other (R10),1
High,SSP2,Capacity|Electricity|Nuclear,Pacific OECD (R10),1
High,SSP2,Capacity|Electricity|Nuclear,Reforming Economies (R10),1
High,SSP2,Capacity|Electricity|Nuclear,Rest of Asia (R10),1
High,SSP2,Capacity|Electricity|Nuclear,World,1
High,SSP2,Capacity|Electricity|Oil,Africa (R10),1
High,SSP2,Capacity|Electricity|Oil,China+ (R10),1
High,SSP2,Capacity|Electricity|Oil,Europe (R10),1
High,SSP2,Capacity|Electricity|Oil,India+ (R10),1
High,SSP2,Capacity|Electricity|Oil,Latin America (R10),1
High,SSP2,Capacity|Electricity|Oil,Middle East (R10),1
High,SSP2,Capacity|Electricity|Oil,North America (R10),1
High,SSP2,Capacity|Electricity|Oil,Other (R10),1
High,SSP2,Capacity|Electricity|Oil,Pacific OECD (R10),1
High,SSP2,Capacity|Electricity|Oil,Reforming Economies (R10),1
High,SSP2,Capacity|Electricity|Oil,Rest of Asia (R10),1
High,SSP2,Capacity|Electricity|Oil,World,1
High,SSP2,Capacity|Electricity|Solar|CSP,Africa (R10),1
High,SSP2,Capacity|Electricity|Solar|CSP,China+ (R10),1
High,SSP2,Capacity|Electricity|Solar|CSP,Europe (R10),1
High,SSP2,Capacity|Electricity|Solar|CSP,India+ (R10),1
High,SSP2,Capacity|Electricity|Solar|CSP,Latin America (R10),1
High,SSP2,Capacity|Electricity|Solar|CSP,Middle East (R10),1
High,SSP2,Capacity|Electricity|Solar|CSP,North America (R10),1
High,SSP2,Capacity|Electricity|Solar|CSP,Other (R10),1
High,SSP2,Capacity|Electricity|Solar|CSP,Pacific OECD (R10),1
High,SSP2,Capacity|Electricity|Solar|CSP,Reforming Economies (R10),1
High,SSP2,Capacity|Electricity|Solar|CSP,Rest of Asia (R10),1
High,SSP2,Capacity|Electricity|Solar|CSP,World,1
High,SSP2,Capacity|Electricity|Solar|PV,Africa (R10),1
High,SSP2,Capacity|Electricity|Solar|PV,China+ (R10),1
High,SSP2,Capacity|Electricity|Solar|PV,Europe (R10),1
High,SSP2,Capacity|Electricity|Solar|PV,India+ (R10),1
High,SSP2,Capacity|Electricity|Solar|PV,Latin America (R10),1
High,SSP2,Capacity|Electricity|Solar|PV,Middle East (R10),1
High,SSP2,Capacity|Electricity|Solar|PV,North America (R10),1
High,SSP2,Capacity|Electricity|Solar|PV,Other (R10),1
High,SSP2,Capacity|Electricity|Solar|PV,Pacific OECD (R10),1
High,SSP2,Capacity|Electricity|Solar|PV,Reforming Economies (R10),1
High,SSP2,Capacity|Electricity|Solar|PV,Rest of Asia (R10),1
High,SSP2,Capacity|Electricity|Solar|PV,World,1
High,SSP2,Capacity|Electricity|Wind|Offshore,Africa (R10),1
High,SSP2,Capacity|Electricity|Wind|Offshore,China+ (R10),1
High,SSP2,Capacity|Electricity|Wind|Offshore,Europe (R10),1
High,SSP2,Capacity|Electricity|Wind|Offshore,India+ (R10),1
High,SSP2,Capacity|Electricity|Wind|Offshore,Latin America (R10),1
High,SSP2,Capacity|Electricity|Wind|Offshore,Middle East (R10),1
High,SSP2,Capacity|Electricity|Wind|Offshore,North America (R10),1
High,SSP2,Capacity|Electricity|Wind|Offshore,Other (R10),1
High,SSP2,Capacity|Electricity|Wind|Offshore,Pacific OECD (R10),1
High,SSP2,Capacity|Electricity|Wind|Offshore,Reforming Economies (R10),1
High,SSP2,Capacity|Electricity|Wind|Offshore,Rest of Asia (R10),1
High,SSP2,Capacity|Electricity|Wind|Offshore,World,1
High,SSP2,Capacity|Electricity|Wind|Onshore,Africa (R10),1
High,SSP2,Capacity|Electricity|Wind|Onshore,China+ (R10),1
High,SSP2,Capacity|Electricity|Wind|Onshore,Europe (R10),1
High,SSP2,Capacity|Electricity|Wind|Onshore,India+ (R10),1
High,SSP2,Capacity|Electricity|Wind|Onshore,Latin America (R10),1
High,SSP2,Capacity|Electricity|Wind|Onshore,Middle East (R10),1
High,SSP2,Capacity|Electricity|Wind|Onshore,North America (R10),1
High,SSP2,Capacity|Electricity|Wind|Onshore,Other (R10),1
High,SSP2,Capacity|Electricity|Wind|Onshore,Pacific OECD (R10),1
High,SSP2,Capacity|Electricity|Wind|Onshore,Reforming Economies (R10),1
High,SSP2,Capacity|Electricity|Wind|Onshore,Rest of Asia (R10),1
High,SSP2,Capacity|Electricity|Wind|Onshore,World,1
High,SSP2,Food Intake|Crops [per capita],Africa (R10),1
High,SSP2,Food Intake|Crops [per capita],China+ (R10),1
High,SSP2,Food Intake|Crops [per capita],Europe (R10),1
High,SSP2,Food Intake|Crops [per capita],India+ (R10),1
High,SSP2,Food Intake|Crops [per capita],Latin America (R10),1
High,SSP2,Food Intake|Crops [per capita],Middle East (R10),1
High,SSP2,Food Intake|Crops [per capita],North America (R10),1
High,SSP2,Food Intake|Crops [per capita],Other (R10),1
High,SSP2,Food Intake|Crops [per capita],Pacific OECD (R10),1
High,SSP2,Food Intake|Crops [per capita],Reforming Economies (R10),1
High,SSP2,Food Intake|Crops [per capita],Rest of Asia (R10),1
High,SSP2,Food Intake|Crops [per capita],World,1
High,SSP2,Food Intake|Livestock [per capita],Africa (R10),1
High,SSP2,Food Intake|Livestock [per capita],China+ (R10),1
High,SSP2,Food Intake|Livestock [per capita],Europe (R10),1
High,SSP2,Food Intake|Livestock [per capita],India+ (R10),1
High,SSP2,Food Intake|Livestock [per capita],Latin America (R10),1
High,SSP2,Food Intake|Livestock [per capita],Middle East (R10),1
High,SSP2,Food Intake|Livestock [per capita],North America (R10),1
High,SSP2,Food Intake|Livestock [per capita],Other (R10),1
High,SSP2,Food Intake|Livestock [per capita],Pacific OECD (R10),1
High,SSP2,Food Intake|Livestock [per capita],Reforming Economies (R10),1
High,SSP2,Food Intake|Livestock [per capita],Rest of Asia (R10),1
High,SSP2,Food Intake|Livestock [per capita],World,1
High,SSP2,Food Waste [per capita],Africa (R10),1
High,SSP2,Food Waste [per capita],China+ (R10),1
High,SSP2,Food Waste [per capita],Europe (R10),1
High,SSP2,Food Waste [per capita],India+ (R10),1
High,SSP2,Food Waste [per capita],Latin America (R10),1
High,SSP2,Food Waste [per capita],Middle East (R10),1
High,SSP2,Food Waste [per capita],North America (R10),1
High,SSP2,Food Waste [per capita],Other (R10),1
High,SSP2,Food Waste [per capita],Pacific OECD (R10),1
High,SSP2,Food Waste [per capita],Reforming Economies (R10),1
High,SSP2,Food Waste [per capita],Rest of Asia (R10),1
High,SSP2,Food Waste [per capita],World,1
High,SSP2,Forestry Production|Roundwood,Africa (R10),1
High,SSP2,Forestry Production|Roundwood,China+ (R10),1
High,SSP2,Forestry Production|Roundwood,Europe (R10),1
High,SSP2,Forestry Production|Roundwood,India+ (R10),1
High,SSP2,Forestry Production|Roundwood,Latin America (R10),1
High,SSP2,Forestry Production|Roundwood,Middle East (R10),1
High,SSP2,Forestry Production|Roundwood,North America (R10),1
High,SSP2,Forestry Production|Roundwood,Other (R10),1
High,SSP2,Forestry Production|Roundwood,Pacific OECD (R10),1
High,SSP2,Forestry Production|Roundwood,Reforming Economies (R10),1
High,SSP2,Forestry Production|Roundwood,Rest of Asia (R10),1
High,SSP2,Forestry Production|Roundwood,World,1
High,SSP2,GDP|MER,Africa (R10),1
High,SSP2,GDP|MER,China+ (R10),1
High,SSP2,GDP|MER,Europe (R10),1
High,SSP2,GDP|MER,India+ (R10),1
High,SSP2,GDP|MER,Latin America (R10),1
High,SSP2,GDP|MER,Middle East (R10),1
High,SSP2,GDP|MER,North America (R10),1
High,SSP2,GDP|MER,Other (R10),1
High,SSP2,GDP|MER,Pacific OECD (R10),1
High,SSP2,GDP|MER,Reforming Economies (R10),1
High,SSP2,GDP|MER,Rest of Asia (R10),1
High,SSP2,GDP|MER,World,1
High,SSP2,Population,Africa (R10),1
High,SSP2,Population,China+ (R10),1
High,SSP2,Population,Europe (R10),1
High,SSP2,Population,India+ (R10),1
High,SSP2,Population,Latin America (R10),1
High,SSP2,Population,Middle East (R10),1
High,SSP2,Population,North America (R10),1
High,SSP2,Population,Other (R10),1
High,SSP2,Population,Pacific OECD (R10),1
High,SSP2,Population,Reforming Economies (R10),1
High,SSP2,Population,Rest of Asia (R10),1
High,SSP2,Population,World,1
High,SSP2,Primary Energy,Africa (R10),1
High,SSP2,Primary Energy,China+ (R10),1
High,SSP2,Primary Energy,Europe (R10),1
High,SSP2,Primary Energy,India+ (R10),1
High,SSP2,Primary Energy,Latin America (R10),1
High,SSP2,Primary Energy,Middle East (R10),1
High,SSP2,Primary Energy,North America (R10),1
High,SSP2,Primary Energy,Other (R10),1
High,SSP2,Primary Energy,Pacific OECD (R10),1
High,SSP2,Primary Energy,Reforming Economies (R10),1
High,SSP2,Primary Energy,Rest of Asia (R10),1
High,SSP2,Primary Energy,World,1
High,SSP2,Primary Energy|Biomass,Africa (R10),1
High,SSP2,Primary Energy|Biomass,China+ (R10),1
High,SSP2,Primary Energy|Biomass,Europe (R10),1
High,SSP2,Primary Energy|Biomass,India+ (R10),1
High,SSP2,Primary Energy|Biomass,Latin America (R10),1
High,SSP2,Primary Energy|Biomass,Middle East (R10),1
High,SSP2,Primary Energy|Biomass,North America (R10),1
High,SSP2,Primary Energy|Biomass,Other (R10),1
High,SSP2,Primary Energy|Biomass,Pacific OECD (R10),1
High,SSP2,Primary Energy|Biomass,Reforming Economies (R10),1
High,SSP2,Primary Energy|Biomass,Rest of Asia (R10),1
High,SSP2,Primary Energy|Biomass,World,1
High,SSP2,Primary Energy|Coal,Africa (R10),1
High,SSP2,Primary Energy|Coal,China+ (R10),1
High,SSP2,Primary Energy|Coal,Europe (R10),1
High,SSP2,Primary Energy|Coal,India+ (R10),1
High,SSP2,Primary Energy|Coal,Latin America (R10),1
High,SSP2,Primary Energy|Coal,Middle East (R10),1
High,SSP2,Primary Energy|Coal,North America (R10),1
High,SSP2,Primary Energy|Coal,Other (R10),1
High,SSP2,Primary Energy|Coal,Pacific OECD (R10),1
High,SSP2,Primary Energy|Coal,Reforming Economies (R10),1
High,SSP2,Primary Energy|Coal,Rest of Asia (R10),1
High,SSP2,Primary Energy|Coal,World,1
High,SSP2,Primary Energy|Fossil,Africa (R10),1
High,SSP2,Primary Energy|Fossil,China+ (R10),1
High,SSP2,Primary Energy|Fossil,Europe (R10),1
High,SSP2,Primary Energy|Fossil,India+ (R10),1
High,SSP2,Primary Energy|Fossil,Latin America (R10),1
High,SSP2,Primary Energy|Fossil,Middle East (R10),1
High,SSP2,Primary Energy|Fossil,North America (R10),1
High,SSP2,Primary Energy|Fossil,Other (R10),1
High,SSP2,Primary Energy|Fossil,Pacific OECD (R10),1
High,SSP2,Primary Energy|Fossil,Reforming Economies (R10),1
High,SSP2,Primary Energy|Fossil,Rest of Asia (R10),1
High,SSP2,Primary Energy|Fossil,World,1
High,SSP2,Primary Energy|Gas,Africa (R10),1
High,SSP2,Primary Energy|Gas,China+ (R10),1
High,SSP2,Primary Energy|Gas,Europe (R10),1
High,SSP2,Primary Energy|Gas,India+ (R10),1
High,SSP2,Primary Energy|Gas,Latin America (R10),1
High,SSP2,Primary Energy|Gas,Middle East (R10),1
High,SSP2,Primary Energy|Gas,North America (R10),1
High,SSP2,Primary Energy|Gas,Other (R10),1
High,SSP2,Primary Energy|Gas,Pacific OECD (R10),1
High,SSP2,Primary Energy|Gas,Reforming Economies (R10),1
High,SSP2,Primary Energy|Gas,Rest of Asia (R10),1
High,SSP2,Primary Energy|Gas,World,1
High,SSP2,Primary Energy|Geothermal,Africa (R10),1
High,SSP2,Primary Energy|Geothermal,China+ (R10),1
High,SSP2,Primary Energy|Geothermal,Europe (R10),1
High,SSP2,Primary Energy|Geothermal,India+ (R10),1
High,SSP2,Primary Energy|Geothermal,Latin America (R10),1
High,SSP2,Primary Energy|Geothermal,Middle East (R10),1
High,SSP2,Primary Energy|Geothermal,North America (R10),1
High,SSP2,Primary Energy|Geothermal,Other (R10),1
High,SSP2,Primary Energy|Geothermal,Pacific OECD (R10),1
High,SSP2,Primary Energy|Geothermal,Reforming Economies (R10),1
High,SSP2,Primary Energy|Geothermal,Rest of Asia (R10),1
High,SSP2,Primary Energy|Geothermal,World,1
High,SSP2,Primary Energy|Hydro,Africa (R10),1
High,SSP2,Primary Energy|Hydro,China+ (R10),1
High,SSP2,Primary Energy|Hydro,Europe (R10),1
High,SSP2,Primary Energy|Hydro,India+ (R10),1
High,SSP2,Primary Energy|Hydro,Latin America (R10),1
High,SSP2,Primary Energy|Hydro,Middle East (R10),1
High,SSP2,Primary Energy|Hydro,North America (R10),1
High,SSP2,Primary Energy|Hydro,Other (R10),1
High,SSP2,Primary Energy|Hydro,Pacific OECD (R10),1
High,SSP2,Primary Energy|Hydro,Reforming Economies (R10),1
High,SSP2,Primary Energy|Hydro,Rest of Asia (R10),1
High,SSP2,Primary Energy|Hydro,World,1
High,SSP2,Primary Energy|Non-Biomass Renewables,Africa (R10),1
High,SSP2,Primary Energy|Non-Biomass Renewables,China+ (R10),1
High,SSP2,Primary Energy|Non-Biomass Renewables,Europe (R10),1
High,SSP2,Primary Energy|Non-Biomass Renewables,India+ (R10),1
High,SSP2,Primary Energy|Non-Biomass Renewables,Latin America (R10),1
High,SSP2,Primary Energy|Non-Biomass Renewables,Middle East (R10),1
High,SSP2,Primary Energy|Non-Biomass Renewables,North America (R10),1
High,SSP2,Primary Energy|Non-Biomass Renewables,Other (R10),1
High,SSP2,Primary Energy|Non-Biomass Renewables,Pacific OECD (R10),1
High,SSP2,Primary Energy|Non-Biomass Renewables,Reforming Economies (R10),1
High,SSP2,Primary Energy|Non-Biomass Renewables,Rest of Asia (R10),1
High,SSP2,Primary Energy|Non-Biomass Renewables,World,1
High,SSP2,Primary Energy|Nuclear,Africa (R10),1
High,SSP2,Primary Energy|Nuclear,China+ (R10),1
High,SSP2,Primary Energy|Nuclear,Europe (R10),1
High,SSP2,Primary Energy|Nuclear,India+ (R10),1
High,SSP2,Primary Energy|Nuclear,Latin America (R10),1
High,SSP2,Primary Energy|Nuclear,Middle East (R10),1
High,SSP2,Primary Energy|Nuclear,North America (R10),1
High,SSP2,Primary Energy|Nuclear,Other (R10),1
High,SSP2,Primary Energy|Nuclear,Pacific OECD (R10),1
High,SSP2,Primary Energy|Nuclear,Reforming Economies (R10),1
High,SSP2,Primary Energy|Nuclear,Rest of Asia (R10),1
High,SSP2,Primary Energy|Nuclear,World,1
High,SSP2,Primary Energy|Oil,Africa (R10),1
High,SSP2,Primary Energy|Oil,China+ (R10),1
High,SSP2,Primary Energy|Oil,Europe (R10),1
High,SSP2,Primary Energy|Oil,India+ (R10),1
High,SSP2,Primary Energy|Oil,Latin America (R10),1
High,SSP2,Primary Energy|Oil,Middle East (R10),1
High,SSP2,Primary Energy|Oil,North America (R10),1
High,SSP2,Primary Energy|Oil,Other (R10),1
High,SSP2,Primary Energy|Oil,Pacific OECD (R10),1
High,SSP2,Primary Energy|Oil,Reforming Economies (R10),1
High,SSP2,Primary Energy|Oil,Rest of Asia (R10),1
High,SSP2,Primary Energy|Oil,World,1
High,SSP2,Production|Iron and Steel|Steel,Africa (R10),1
High,SSP2,Production|Iron and Steel|Steel,China+ (R10),1
High,SSP2,Production|Iron and Steel|Steel,Europe (R10),1
High,SSP2,Production|Iron and Steel|Steel,India+ (R10),1
High,SSP2,Production|Iron and Steel|Steel,Latin America (R10),1
High,SSP2,Production|Iron and Steel|Steel,Middle East (R10),1
High,SSP2,Production|Iron and Steel|Steel,North America (R10),1
High,SSP2,Production|Iron and Steel|Steel,Other (R10),1
High,SSP2,Production|Iron and Steel|Steel,Pacific OECD (R10),1
High,SSP2,Production|Iron and Steel|Steel,Reforming Economies (R10),1
High,SSP2,Production|Iron and Steel|Steel,Rest of Asia (R10),1
High,SSP2,Production|Iron and Steel|Steel,World,1
High,SSP2,Production|Non-Metallic Minerals|Cement,Africa (R10),1
High,SSP2,Production|Non-Metallic Minerals|Cement,China+ (R10),1
High,SSP2,Production|Non-Metallic Minerals|Cement,Europe (R10),1
High,SSP2,Production|Non-Metallic Minerals|Cement,India+ (R10),1
High,SSP2,Production|Non-Metallic Minerals|Cement,Latin America (R10),1
High,SSP2,Production|Non-Metallic Minerals|Cement,Middle East (R10),1
High,SSP2,Production|Non-Metallic Minerals|Cement,North America (R10),1
High,SSP2,Production|Non-Metallic Minerals|Cement,Other (R10),1
High,SSP2,Production|Non-Metallic Minerals|Cement,Pacific OECD (R10),1
High,SSP2,Production|Non-Metallic Minerals|Cement,Reforming Economies (R10),1
High,SSP2,Production|Non-Metallic Minerals|Cement,Rest of Asia (R10),1
High,SSP2,Production|Non-Metallic Minerals|Cement,World,1
High,SSP2,Resource|Extraction|Coal,Africa (R10),1
High,SSP2,Resource|Extraction|Coal,China+ (R10),1
High,SSP2,Resource|Extraction|Coal,Europe (R10),1
High,SSP2,Resource|Extraction|Coal,India+ (R10),1
High,SSP2,Resource|Extraction|Coal,Latin America (R10),1
High,SSP2,Resource|Extraction|Coal,Middle East (R10),1
High,SSP2,Resource|Extraction|Coal,North America (R10),1
High,SSP2,Resource|Extraction|Coal,Other (R10),1
High,SSP2,Resource|Extraction|Coal,Pacific OECD (R10),1
High,SSP2,Resource|Extraction|Coal,Reforming Economies (R10),1
High,SSP2,Resource|Extraction|Coal,Rest of Asia (R10),1
High,SSP2,Resource|Extraction|Coal,World,1
High,SSP2,Resource|Extraction|Gas,Africa (R10),1
High,SSP2,Resource|Extraction|Gas,China+ (R10),1
High,SSP2,Resource|Extraction|Gas,Europe (R10),1
High,SSP2,Resource|Extraction|Gas,India+ (R10),1
High,SSP2,Resource|Extraction|Gas,Latin America (R10),1
High,SSP2,Resource|Extraction|Gas,Middle East (R10),1
High,SSP2,Resource|Extraction|Gas,North America (R10),1
High,SSP2,Resource|Extraction|Gas,Other (R10),1
High,SSP2,Resource|Extraction|Gas,Pacific OECD (R10),1
High,SSP2,Resource|Extraction|Gas,Reforming Economies (R10),1
High,SSP2,Resource|Extraction|Gas,Rest of Asia (R10),1
High,SSP2,Resource|Extraction|Gas,World,1
High,SSP2,Resource|Extraction|Oil,Africa (R10),1
High,SSP2,Resource|Extraction|Oil,China+ (R10),1
High,SSP2,Resource|Extraction|Oil,Europe (R10),1
High,SSP2,Resource|Extraction|Oil,India+ (R10),1
High,SSP2,Resource|Extraction|Oil,Latin America (R10),1
High,SSP2,Resource|Extraction|Oil,Middle East (R10),1
High,SSP2,Resource|Extraction|Oil,North America (R10),1
High,SSP2,Resource|Extraction|Oil,Other (R10),1
High,SSP2,Resource|Extraction|Oil,Pacific OECD (R10),1
High,SSP2,Resource|Extraction|Oil,Reforming Economies (R10),1
High,SSP2,Resource|Extraction|Oil,Rest of Asia (R10),1
High,SSP2,Resource|Extraction|Oil,World,1
High,SSP3,Agricultural Demand|Residues,Africa (R10),2
High,SSP3,Agricultural Demand|Residues,China+ (R10),2
High,SSP3,Agricultural Demand|Residues,Europe (R10),2
High,SSP3,Agricultural Demand|Residues,India+ (R10),2
High,SSP3,Agricultural Demand|Residues,Latin America (R10),2
High,SSP3,Agricultural Demand|Residues,Middle East (R10),2
High,SSP3,Agricultural Demand|Residues,North America (R10),2
High,SSP3,Agricultural Demand|Residues,Other (R10),1
High,SSP3,Agricultural Demand|Residues,Pacific OECD (R10),2
High,SSP3,Agricultural Demand|Residues,Reforming Economies (R10),2
High,SSP3,Agricultural Demand|Residues,Rest of Asia (R10),2
High,SSP3,Agricultural Demand|Residues,World,2
High,SSP3,Agricultural Production,Africa (R10),5
High,SSP3,Agricultural Production,China+ (R10),5
High,SSP3,Agricultural Production,Europe (R10),5
High,SSP3,Agricultural Production,India+ (R10),5
High,SSP3,Agricultural Production,Latin America (R10),5
High,SSP3,Agricultural Production,Middle East (R10),5
High,SSP3,Agricultural Production,North America (R10),5
High,SSP3,Agricultural Production,Other (R10),1
High,SSP3,Agricultural Production,Pacific OECD (R10),5
High,SSP3,Agricultural Production,Reforming Economies (R10),5
High,SSP3,Agricultural Production,Rest of Asia (R10),5
High,SSP3,Agricultural Production,World,5
High,SSP3,Agricultural Production|Crops,Africa (R10),5
High,SSP3,Agricultural Production|Crops,China+ (R10),5
High,SSP3,Agricultural Production|Crops,Europe (R10),5
High,SSP3,Agricultural Production|Crops,India+ (R10),5
High,SSP3,Agricultural Production|Crops,Latin America (R10),5
High,SSP3,Agricultural Production|Crops,Middle East (R10),5
High,SSP3,Agricultural Production|Crops,North America (R10),5
High,SSP3,Agricultural Production|Crops,Other (R10),1
High,SSP3,Agricultural Production|Crops,Pacific OECD (R10),5
High,SSP3,Agricultural Production|Crops,Reforming Economies (R10),5
High,SSP3,Agricultural Production|Crops,Rest of Asia (R10),5
High,SSP3,Agricultural Production|Crops,World,5
High,SSP3,Agricultural Production|Livestock,Africa (R10),5
High,SSP3,Agricultural Production|Livestock,China+ (R10),5
High,SSP3,Agricultural Production|Livestock,Europe (R10),5
High,SSP3,Agricultural Production|Livestock,India+ (R10),5
High,SSP3,Agricultural Production|Livestock,Latin America (R10),5
High,SSP3,Agricultural Production|Livestock,Middle East (R10),5
High,SSP3,Agricultural Production|Livestock,North America (R10),5
High,SSP3,Agricultural Production|Livestock,Other (R10),1
High,SSP3,Agricultural Production|Livestock,Pacific OECD (R10),5
High,SSP3,Agricultural Production|Livestock,Reforming Economies (R10),5
High,SSP3,Agricultural Production|Livestock,Rest of Asia (R10),5
High,SSP3,Agricultural Production|Livestock,World,5
High,SSP3,Building Stock|Commercial|Floor Space|Gross,Africa (R10),1
High,SSP3,Building Stock|Commercial|Floor Space|Gross,China+ (R10),1
High,SSP3,Building Stock|Commercial|Floor Space|Gross,Europe (R10),1
High,SSP3,Building Stock|Commercial|Floor Space|Gross,India+ (R10),1
High,SSP3,Building Stock|Commercial|Floor Space|Gross,Latin America (R10),1
High,SSP3,Building Stock|Commercial|Floor Space|Gross,Middle East (R10),1
High,SSP3,Building Stock|Commercial|Floor Space|Gross,North America (R10),1
High,SSP3,Building Stock|Commercial|Floor Space|Gross,Pacific OECD (R10),1
High,SSP3,Building Stock|Commercial|Floor Space|Gross,Reforming Economies (R10),1
High,SSP3,Building Stock|Commercial|Floor Space|Gross,Rest of Asia (R10),1
High,SSP3,Building Stock|Commercial|Floor Space|Gross,World,1
High,SSP3,Building Stock|Residential and Commercial|Floor Space|Gross,Africa (R10),2
High,SSP3,Building Stock|Residential and Commercial|Floor Space|Gross,China+ (R10),2
High,SSP3,Building Stock|Residential and Commercial|Floor Space|Gross,Europe (R10),2
High,SSP3,Building Stock|Residential and Commercial|Floor Space|Gross,India+ (R10),2
High,SSP3,Building Stock|Residential and Commercial|Floor Space|Gross,Latin America (R10),2
High,SSP3,Building Stock|Residential and Commercial|Floor Space|Gross,Middle East (R10),2
High,SSP3,Building Stock|Residential and Commercial|Floor Space|Gross,North America (R10),2
High,SSP3,Building Stock|Residential and Commercial|Floor Space|Gross,Other (R10),1
High,SSP3,Building Stock|Residential and Commercial|Floor Space|Gross,Pacific OECD (R10),2
High,SSP3,Building Stock|Residential and Commercial|Floor Space|Gross,Reforming Economies (R10),2
High,SSP3,Building Stock|Residential and Commercial|Floor Space|Gross,Rest of Asia (R10),2
High,SSP3,Building Stock|Residential and Commercial|Floor Space|Gross,World,2
High,SSP3,Building Stock|Residential|Floor Space|Gross,Africa (R10),1
High,SSP3,Building Stock|Residential|Floor Space|Gross,China+ (R10),1
High,SSP3,Building Stock|Residential|Floor Space|Gross,Europe (R10),1
High,SSP3,Building Stock|Residential|Floor Space|Gross,India+ (R10),1
High,SSP3,Building Stock|Residential|Floor Space|Gross,Latin America (R10),1
High,SSP3,Building Stock|Residential|Floor Space|Gross,Middle East (R10),1
High,SSP3,Building Stock|Residential|Floor Space|Gross,North America (R10),1
High,SSP3,Building Stock|Residential|Floor Space|Gross,Pacific OECD (R10),1
High,SSP3,Building Stock|Residential|Floor Space|Gross,Reforming Economies (R10),1
High,SSP3,Building Stock|Residential|Floor Space|Gross,Rest of Asia (R10),1
High,SSP3,Building Stock|Residential|Floor Space|Gross,World,1
High,SSP3,Capacity|Electricity|Biomass,Africa (R10),5
High,SSP3,Capacity|Electricity|Biomass,China+ (R10),5
High,SSP3,Capacity|Electricity|Biomass,Europe (R10),5
High,SSP3,Capacity|Electricity|Biomass,India+ (R10),5
High,SSP3,Capacity|Electricity|Biomass,Latin America (R10),5
High,SSP3,Capacity|Electricity|Biomass,Middle East (R10),5
High,SSP3,Capacity|Electricity|Biomass,North America (R10),5
High,SSP3,Capacity|Electricity|Biomass,Other (R10),1
High,SSP3,Capacity|Electricity|Biomass,Pacific OECD (R10),5
High,SSP3,Capacity|Electricity|Biomass,Reforming Economies (R10),5
High,SSP3,Capacity|Electricity|Biomass,Rest of Asia (R10),5
High,SSP3,Capacity|Electricity|Biomass,World,5
High,SSP3,Capacity|Electricity|Coal,Africa (R10),5
High,SSP3,Capacity|Electricity|Coal,China+ (R10),5
High,SSP3,Capacity|Electricity|Coal,Europe (R10),5
High,SSP3,Capacity|Electricity|Coal,India+ (R10),5
High,SSP3,Capacity|Electricity|Coal,Latin America (R10),5
High,SSP3,Capacity|Electricity|Coal,Middle East (R10),5
High,SSP3,Capacity|Electricity|Coal,North America (R10),5
High,SSP3,Capacity|Electricity|Coal,Other (R10),1
High,SSP3,Capacity|Electricity|Coal,Pacific OECD (R10),5
High,SSP3,Capacity|Electricity|Coal,Reforming Economies (R10),5
High,SSP3,Capacity|Electricity|Coal,Rest of Asia (R10),5
High,SSP3,Capacity|Electricity|Coal,World,5
High,SSP3,Capacity|Electricity|Fossil,Africa (R10),3
High,SSP3,Capacity|Electricity|Fossil,China+ (R10),3
High,SSP3,Capacity|Electricity|Fossil,Europe (R10),3
High,SSP3,Capacity|Electricity|Fossil,India+ (R10),3
High,SSP3,Capacity|Electricity|Fossil,Latin America (R10),3
High,SSP3,Capacity|Electricity|Fossil,Middle East (R10),3
High,SSP3,Capacity|Electricity|Fossil,North America (R10),3
High,SSP3,Capacity|Electricity|Fossil,Pacific OECD (R10),3
High,SSP3,Capacity|Electricity|Fossil,Reforming Economies (R10),3
High,SSP3,Capacity|Electricity|Fossil,Rest of Asia (R10),3
High,SSP3,Capacity|Electricity|Fossil,World,3
High,SSP3,Capacity|Electricity|Gas,Africa (R10),5
High,SSP3,Capacity|Electricity|Gas,China+ (R10),5
High,SSP3,Capacity|Electricity|Gas,Europe (R10),5
High,SSP3,Capacity|Electricity|Gas,India+ (R10),5
High,SSP3,Capacity|Electricity|Gas,Latin America (R10),5
High,SSP3,Capacity|Electricity|Gas,Middle East (R10),5
High,SSP3,Capacity|Electricity|Gas,North America (R10),5
High,SSP3,Capacity|Electricity|Gas,Other (R10),1
High,SSP3,Capacity|Electricity|Gas,Pacific OECD (R10),5
High,SSP3,Capacity|Electricity|Gas,Reforming Economies (R10),5
High,SSP3,Capacity|Electricity|Gas,Rest of Asia (R10),5
High,SSP3,Capacity|Electricity|Gas,World,5
High,SSP3,Capacity|Electricity|Geothermal,Africa (R10),5
High,SSP3,Capacity|Electricity|Geothermal,China+ (R10),4
High,SSP3,Capacity|Electricity|Geothermal,Europe (R10),5
High,SSP3,Capacity|Electricity|Geothermal,India+ (R10),4
High,SSP3,Capacity|Electricity|Geothermal,Latin America (R10),5
High,SSP3,Capacity|Electricity|Geothermal,Middle East (R10),4
High,SSP3,Capacity|Electricity|Geothermal,North America (R10),5
High,SSP3,Capacity|Electricity|Geothermal,Other (R10),1
High,SSP3,Capacity|Electricity|Geothermal,Pacific OECD (R10),5
High,SSP3,Capacity|Electricity|Geothermal,Reforming Economies (R10),5
High,SSP3,Capacity|Electricity|Geothermal,Rest of Asia (R10),5
High,SSP3,Capacity|Electricity|Geothermal,World,5
High,SSP3,Capacity|Electricity|Hydro,Africa (R10),5
High,SSP3,Capacity|Electricity|Hydro,China+ (R10),5
High,SSP3,Capacity|Electricity|Hydro,Europe (R10),5
High,SSP3,Capacity|Electricity|Hydro,India+ (R10),5
High,SSP3,Capacity|Electricity|Hydro,Latin America (R10),5
High,SSP3,Capacity|Electricity|Hydro,Middle East (R10),5
High,SSP3,Capacity|Electricity|Hydro,North America (R10),5
High,SSP3,Capacity|Electricity|Hydro,Other (R10),1
High,SSP3,Capacity|Electricity|Hydro,Pacific OECD (R10),5
High,SSP3,Capacity|Electricity|Hydro,Reforming Economies (R10),5
High,SSP3,Capacity|Electricity|Hydro,Rest of Asia (R10),5
High,SSP3,Capacity|Electricity|Hydro,World,5
High,SSP3,Capacity|Electricity|Hydrogen,Africa (R10),2
High,SSP3,Capacity|Electricity|Hydrogen,China+ (R10),2
High,SSP3,Capacity|Electricity|Hydrogen,Europe (R10),2
High,SSP3,Capacity|Electricity|Hydrogen,India+ (R10),2
High,SSP3,Capacity|Electricity|Hydrogen,Latin America (R10),2
High,SSP3,Capacity|Electricity|Hydrogen,Middle East (R10),2
High,SSP3,Capacity|Electricity|Hydrogen,North America (R10),2
High,SSP3,Capacity|Electricity|Hydrogen,Other (R10),1
High,SSP3,Capacity|Electricity|Hydrogen,Pacific OECD (R10),2
High,SSP3,Capacity|Electricity|Hydrogen,Reforming Economies (R10),2
High,SSP3,Capacity|Electricity|Hydrogen,Rest of Asia (R10),2
High,SSP3,Capacity|Electricity|Hydrogen,World,2
High,SSP3,Capacity|Electricity|Nuclear,Africa (R10),5
High,SSP3,Capacity|Electricity|Nuclear,China+ (R10),5
High,SSP3,Capacity|Electricity|Nuclear,Europe (R10),5
High,SSP3,Capacity|Electricity|Nuclear,India+ (R10),5
High,SSP3,Capacity|Electricity|Nuclear,Latin America (R10),5
High,SSP3,Capacity|Electricity|Nuclear,Middle East (R10),5
High,SSP3,Capacity|Electricity|Nuclear,North America (R10),5
High,SSP3,Capacity|Electricity|Nuclear,Other (R10),1
High,SSP3,Capacity|Electricity|Nuclear,Pacific OECD (R10),5
High,SSP3,Capacity|Electricity|Nuclear,Reforming Economies (R10),5
High,SSP3,Capacity|Electricity|Nuclear,Rest of Asia (R10),5
High,SSP3,Capacity|Electricity|Nuclear,World,5
High,SSP3,Capacity|Electricity|Oil,Africa (R10),5
High,SSP3,Capacity|Electricity|Oil,China+ (R10),5
High,SSP3,Capacity|Electricity|Oil,Europe (R10),5
High,SSP3,Capacity|Electricity|Oil,India+ (R10),5
High,SSP3,Capacity|Electricity|Oil,Latin America (R10),5
High,SSP3,Capacity|Electricity|Oil,Middle East (R10),5
High,SSP3,Capacity|Electricity|Oil,North America (R10),5
High,SSP3,Capacity|Electricity|Oil,Other (R10),1
High,SSP3,Capacity|Electricity|Oil,Pacific OECD (R10),5
High,SSP3,Capacity|Electricity|Oil,Reforming Economies (R10),5
High,SSP3,Capacity|Electricity|Oil,Rest of Asia (R10),5
High,SSP3,Capacity|Electricity|Oil,World,5
High,SSP3,Capacity|Electricity|Other,Africa (R10),2
High,SSP3,Capacity|Electricity|Other,China+ (R10),2
High,SSP3,Capacity|Electricity|Other,Europe (R10),3
High,SSP3,Capacity|Electricity|Other,India+ (R10),2
High,SSP3,Capacity|Electricity|Other,Latin America (R10),2
High,SSP3,Capacity|Electricity|Other,Middle East (R10),2
High,SSP3,Capacity|Electricity|Other,North America (R10),3
High,SSP3,Capacity|Electricity|Other,Pacific OECD (R10),2
High,SSP3,Capacity|Electricity|Other,Reforming Economies (R10),2
High,SSP3,Capacity|Electricity|Other,Rest of Asia (R10),2
High,SSP3,Capacity|Electricity|Other,World,3
High,SSP3,Capacity|Electricity|Solar|CSP,Africa (R10),4
High,SSP3,Capacity|Electricity|Solar|CSP,China+ (R10),4
High,SSP3,Capacity|Electricity|Solar|CSP,Europe (R10),4
High,SSP3,Capacity|Electricity|Solar|CSP,India+ (R10),4
High,SSP3,Capacity|Electricity|Solar|CSP,Latin America (R10),4
High,SSP3,Capacity|Electricity|Solar|CSP,Middle East (R10),4
High,SSP3,Capacity|Electricity|Solar|CSP,North America (R10),4
High,SSP3,Capacity|Electricity|Solar|CSP,Other (R10),1
High,SSP3,Capacity|Electricity|Solar|CSP,Pacific OECD (R10),4
High,SSP3,Capacity|Electricity|Solar|CSP,Reforming Economies (R10),4
High,SSP3,Capacity|Electricity|Solar|CSP,Rest of Asia (R10),4
High,SSP3,Capacity|Electricity|Solar|CSP,World,4
High,SSP3,Capacity|Electricity|Solar|PV,Africa (R10),5
High,SSP3,Capacity|Electricity|Solar|PV,China+ (R10),5
High,SSP3,Capacity|Electricity|Solar|PV,Europe (R10),5
High,SSP3,Capacity|Electricity|Solar|PV,India+ (R10),5
High,SSP3,Capacity|Electricity|Solar|PV,Latin America (R10),5
High,SSP3,Capacity|Electricity|Solar|PV,Middle East (R10),5
High,SSP3,Capacity|Electricity|Solar|PV,North America (R10),5
High,SSP3,Capacity|Electricity|Solar|PV,Other (R10),1
High,SSP3,Capacity|Electricity|Solar|PV,Pacific OECD (R10),5
High,SSP3,Capacity|Electricity|Solar|PV,Reforming Economies (R10),5
High,SSP3,Capacity|Electricity|Solar|PV,Rest of Asia (R10),5
High,SSP3,Capacity|Electricity|Solar|PV,World,5
High,SSP3,Capacity|Electricity|Wind|Offshore,Africa (R10),4
High,SSP3,Capacity|Electricity|Wind|Offshore,China+ (R10),4
High,SSP3,Capacity|Electricity|Wind|Offshore,Europe (R10),4
High,SSP3,Capacity|Electricity|Wind|Offshore,India+ (R10),4
High,SSP3,Capacity|Electricity|Wind|Offshore,Latin America (R10),4
High,SSP3,Capacity|Electricity|Wind|Offshore,Middle East (R10),4
High,SSP3,Capacity|Electricity|Wind|Offshore,North America (R10),4
High,SSP3,Capacity|Electricity|Wind|Offshore,Other (R10),1
High,SSP3,Capacity|Electricity|Wind|Offshore,Pacific OECD (R10),4
High,SSP3,Capacity|Electricity|Wind|Offshore,Reforming Economies (R10),4
High,SSP3,Capacity|Electricity|Wind|Offshore,Rest of Asia (R10),4
High,SSP3,Capacity|Electricity|Wind|Offshore,World,4
High,SSP3,Capacity|Electricity|Wind|Onshore,Africa (R10),5
High,SSP3,Capacity|Electricity|Wind|Onshore,China+ (R10),5
High,SSP3,Capacity|Electricity|Wind|Onshore,Europe (R10),5
High,SSP3,Capacity|Electricity|Wind|Onshore,India+ (R10),5
High,SSP3,Capacity|Electricity|Wind|Onshore,Latin America (R10),5
High,SSP3,Capacity|Electricity|Wind|Onshore,Middle East (R10),5
High,SSP3,Capacity|Electricity|Wind|Onshore,North America (R10),5
High,SSP3,Capacity|Electricity|Wind|Onshore,Other (R10),1
High,SSP3,Capacity|Electricity|Wind|Onshore,Pacific OECD (R10),5
High,SSP3,Capacity|Electricity|Wind|Onshore,Reforming Economies (R10),5
High,SSP3,Capacity|Electricity|Wind|Onshore,Rest of Asia (R10),5
High,SSP3,Capacity|Electricity|Wind|Onshore,World,5
High,SSP3,Food Intake|Crops [per capita],Africa (R10),3
High,SSP3,Food Intake|Crops [per capita],China+ (R10),3
High,SSP3,Food Intake|Crops [per capita],Europe (R10),3
High,SSP3,Food Intake|Crops [per capita],India+ (R10),3
High,SSP3,Food Intake|Crops [per capita],Latin America (R10),3
High,SSP3,Food Intake|Crops [per capita],Middle East (R10),3
High,SSP3,Food Intake|Crops [per capita],North America (R10),3
High,SSP3,Food Intake|Crops [per capita],Other (R10),1
High,SSP3,Food Intake|Crops [per capita],Pacific OECD (R10),3
High,SSP3,Food Intake|Crops [per capita],Reforming Economies (R10),3
High,SSP3,Food Intake|Crops [per capita],Rest of Asia (R10),3
High,SSP3,Food Intake|Crops [per capita],World,3
High,SSP3,Food Intake|Livestock [per capita],Africa (R10),3
High,SSP3,Food Intake|Livestock [per capita],China+ (R10),3
High,SSP3,Food Intake|Livestock [per capita],Europe (R10),3
High,SSP3,Food Intake|Livestock [per capita],India+ (R10),3
High,SSP3,Food Intake|Livestock [per capita],Latin America (R10),3
High,SSP3,Food Intake|Livestock [per capita],Middle East (R10),3
High,SSP3,Food Intake|Livestock [per capita],North America (R10),3
High,SSP3,Food Intake|Livestock [per capita],Other (R10),1
High,SSP3,Food Intake|Livestock [per capita],Pacific OECD (R10),3
High,SSP3,Food Intake|Livestock [per capita],Reforming Economies (R10),3
High,SSP3,Food Intake|Livestock [per capita],Rest of Asia (R10),3
High,SSP3,Food Intake|Livestock [per capita],World,3
High,SSP3,Food Waste [per capita],Africa (R10),3
High,SSP3,Food Waste [per capita],China+ (R10),3
High,SSP3,Food Waste [per capita],Europe (R10),3
High,SSP3,Food Waste [per capita],India+ (R10),3
High,SSP3,Food Waste [per capita],Latin America (R10),3
High,SSP3,Food Waste [per capita],Middle East (R10),3
High,SSP3,Food Waste [per capita],North America (R10),3
High,SSP3,Food Waste [per capita],Other (R10),1
High,SSP3,Food Waste [per capita],Pacific OECD (R10),3
High,SSP3,Food Waste [per capita],Reforming Economies (R10),3
High,SSP3,Food Waste [per capita],Rest of Asia (R10),3
High,SSP3,Food Waste [per capita],World,3
High,SSP3,Forestry Production|Roundwood,Africa (R10),5
High,SSP3,Forestry Production|Roundwood,China+ (R10),5
High,SSP3,Forestry Production|Roundwood,Europe (R10),5
High,SSP3,Forestry Production|Roundwood,India+ (R10),5
High,SSP3,Forestry Production|Roundwood,Latin America (R10),5
High,SSP3,Forestry Production|Roundwood,Middle East (R10),5
High,SSP3,Forestry Production|Roundwood,North America (R10),5
High,SSP3,Forestry Production|Roundwood,Other (R10),1
High,SSP3,Forestry Production|Roundwood,Pacific OECD (R10),5
High,SSP3,Forestry Production|Roundwood,Reforming Economies (R10),5
High,SSP3,Forestry Production|Roundwood,Rest of Asia (R10),5
High,SSP3,Forestry Production|Roundwood,World,5
High,SSP3,GDP|MER,Africa (R10),5
High,SSP3,GDP|MER,China+ (R10),5
High,SSP3,GDP|MER,Europe (R10),5
High,SSP3,GDP|MER,India+ (R10),5
High,SSP3,GDP|MER,Latin America (R10),5
High,SSP3,GDP|MER,Middle East (R10),5
High,SSP3,GDP|MER,North America (R10),5
High,SSP3,GDP|MER,Other (R10),1
High,SSP3,GDP|MER,Pacific OECD (R10),5
High,SSP3,GDP|MER,Reforming Economies (R10),5
High,SSP3,GDP|MER,Rest of Asia (R10),5
High,SSP3,GDP|MER,World,5
High,SSP3,Population,Africa (R10),5
High,SSP3,Population,China+ (R10),5
High,SSP3,Population,Europe (R10),5
High,SSP3,Population,India+ (R10),5
High,SSP3,Population,Latin America (R10),5
High,SSP3,Population,Middle East (R10),5
High,SSP3,Population,North America (R10),5
High,SSP3,Population,Other (R10),1
High,SSP3,Population,Pacific OECD (R10),5
High,SSP3,Population,Reforming Economies (R10),5
High,SSP3,Population,Rest of Asia (R10),5
High,SSP3,Population,World,5
High,SSP3,Primary Energy,Africa (R10),5
High,SSP3,Primary Energy,China+ (R10),5
High,SSP3,Primary Energy,Europe (R10),5
High,SSP3,Primary Energy,India+ (R10),5
High,SSP3,Primary Energy,Latin America (R10),5
High,SSP3,Primary Energy,Middle East (R10),5
High,SSP3,Primary Energy,North America (R10),5
High,SSP3,Primary Energy,Other (R10),1
High,SSP3,Primary Energy,Pacific OECD (R10),5
High,SSP3,Primary Energy,Reforming Economies (R10),5
High,SSP3,Primary Energy,Rest of Asia (R10),5
High,SSP3,Primary Energy,World,5
High,SSP3,Primary Energy|Biomass,Africa (R10),5
High,SSP3,Primary Energy|Biomass,China+ (R10),5
High,SSP3,Primary Energy|Biomass,Europe (R10),5
High,SSP3,Primary Energy|Biomass,India+ (R10),5
High,SSP3,Primary Energy|Biomass,Latin America (R10),5
High,SSP3,Primary Energy|Biomass,Middle East (R10),5
High,SSP3,Primary Energy|Biomass,North America (R10),5
High,SSP3,Primary Energy|Biomass,Other (R10),1
High,SSP3,Primary Energy|Biomass,Pacific OECD (R10),5
High,SSP3,Primary Energy|Biomass,Reforming Economies (R10),5
High,SSP3,Primary Energy|Biomass,Rest of Asia (R10),5
High,SSP3,Primary Energy|Biomass,World,5
High,SSP3,Primary Energy|Coal,Africa (R10),5
High,SSP3,Primary Energy|Coal,China+ (R10),5
High,SSP3,Primary Energy|Coal,Europe (R10),5
High,SSP3,Primary Energy|Coal,India+ (R10),5
High,SSP3,Primary Energy|Coal,Latin America (R10),5
High,SSP3,Primary Energy|Coal,Middle East (R10),5
High,SSP3,Primary Energy|Coal,North America (R10),5
High,SSP3,Primary Energy|Coal,Other (R10),1
High,SSP3,Primary Energy|Coal,Pacific OECD (R10),5
High,SSP3,Primary Energy|Coal,Reforming Economies (R10),5
High,SSP3,Primary Energy|Coal,Rest of Asia (R10),5
High,SSP3,Primary Energy|Coal,World,5
High,SSP3,Primary Energy|Fossil,Africa (R10),5
High,SSP3,Primary Energy|Fossil,China+ (R10),5
High,SSP3,Primary Energy|Fossil,Europe (R10),5
High,SSP3,Primary Energy|Fossil,India+ (R10),5
High,SSP3,Primary Energy|Fossil,Latin America (R10),5
High,SSP3,Primary Energy|Fossil,Middle East (R10),5
High,SSP3,Primary Energy|Fossil,North America (R10),5
High,SSP3,Primary Energy|Fossil,Other (R10),1
High,SSP3,Primary Energy|Fossil,Pacific OECD (R10),5
High,SSP3,Primary Energy|Fossil,Reforming Economies (R10),5
High,SSP3,Primary Energy|Fossil,Rest of Asia (R10),5
High,SSP3,Primary Energy|Fossil,World,5
High,SSP3,Primary Energy|Gas,Africa (R10),5
High,SSP3,Primary Energy|Gas,China+ (R10),5
High,SSP3,Primary Energy|Gas,Europe (R10),5
High,SSP3,Primary Energy|Gas,India+ (R10),5
High,SSP3,Primary Energy|Gas,Latin America (R10),5
High,SSP3,Primary Energy|Gas,Middle East (R10),5
High,SSP3,Primary Energy|Gas,North America (R10),5
High,SSP3,Primary Energy|Gas,Other (R10),1
High,SSP3,Primary Energy|Gas,Pacific OECD (R10),5
High,SSP3,Primary Energy|Gas,Reforming Economies (R10),5
High,SSP3,Primary Energy|Gas,Rest of Asia (R10),5
High,SSP3,Primary Energy|Gas,World,5
High,SSP3,Primary Energy|Geothermal,Africa (R10),4
High,SSP3,Primary Energy|Geothermal,China+ (R10),3
High,SSP3,Primary Energy|Geothermal,Europe (R10),4
High,SSP3,Primary Energy|Geothermal,India+ (R10),3
High,SSP3,Primary Energy|Geothermal,Latin America (R10),4
High,SSP3,Primary Energy|Geothermal,Middle East (R10),3
High,SSP3,Primary Energy|Geothermal,North America (R10),4
High,SSP3,Primary Energy|Geothermal,Other (R10),1
High,SSP3,Primary Energy|Geothermal,Pacific OECD (R10),4
High,SSP3,Primary Energy|Geothermal,Reforming Economies (R10),4
High,SSP3,Primary Energy|Geothermal,Rest of Asia (R10),4
High,SSP3,Primary Energy|Geothermal,World,4
High,SSP3,Primary Energy|Hydro,Africa (R10),5
High,SSP3,Primary Energy|Hydro,China+ (R10),5
High,SSP3,Primary Energy|Hydro,Europe (R10),5
High,SSP3,Primary Energy|Hydro,India+ (R10),5
High,SSP3,Primary Energy|Hydro,Latin America (R10),5
High,SSP3,Primary Energy|Hydro,Middle East (R10),5
High,SSP3,Primary Energy|Hydro,North America (R10),5
High,SSP3,Primary Energy|Hydro,Other (R10),1
High,SSP3,Primary Energy|Hydro,Pacific OECD (R10),5
High,SSP3,Primary Energy|Hydro,Reforming Economies (R10),5
High,SSP3,Primary Energy|Hydro,Rest of Asia (R10),5
High,SSP3,Primary Energy|Hydro,World,5
High,SSP3,Primary Energy|Non-Biomass Renewables,Africa (R10),5
High,SSP3,Primary Energy|Non-Biomass Renewables,China+ (R10),5
High,SSP3,Primary Energy|Non-Biomass Renewables,Europe (R10),5
High,SSP3,Primary Energy|Non-Biomass Renewables,India+ (R10),5
High,SSP3,Primary Energy|Non-Biomass Renewables,Latin America (R10),5
High,SSP3,Primary Energy|Non-Biomass Renewables,Middle East (R10),5
High,SSP3,Primary Energy|Non-Biomass Renewables,North America (R10),5
High,SSP3,Primary Energy|Non-Biomass Renewables,Other (R10),1
High,SSP3,Primary Energy|Non-Biomass Renewables,Pacific OECD (R10),5
High,SSP3,Primary Energy|Non-Biomass Renewables,Reforming Economies (R10),5
High,SSP3,Primary Energy|Non-Biomass Renewables,Rest of Asia (R10),5
High,SSP3,Primary Energy|Non-Biomass Renewables,World,5
High,SSP3,Primary Energy|Nuclear,Africa (R10),5
High,SSP3,Primary Energy|Nuclear,China+ (R10),5
High,SSP3,Primary Energy|Nuclear,Europe (R10),5
High,SSP3,Primary Energy|Nuclear,India+ (R10),5
High,SSP3,Primary Energy|Nuclear,Latin America (R10),5
High,SSP3,Primary Energy|Nuclear,Middle East (R10),5
High,SSP3,Primary Energy|Nuclear,North America (R10),5
High,SSP3,Primary Energy|Nuclear,Other (R10),1
High,SSP3,Primary Energy|Nuclear,Pacific OECD (R10),5
High,SSP3,Primary Energy|Nuclear,Reforming Economies (R10),5
High,SSP3,Primary Energy|Nuclear,Rest of Asia (R10),5
High,SSP3,Primary Energy|Nuclear,World,5
High,SSP3,Primary Energy|Ocean,Africa (R10),1
High,SSP3,Primary Energy|Ocean,China+ (R10),1
High,SSP3,Primary Energy|Ocean,Europe (R10),1
High,SSP3,Primary Energy|Ocean,India+ (R10),1
High,SSP3,Primary Energy|Ocean,Latin America (R10),1
High,SSP3,Primary Energy|Ocean,Middle East (R10),1
High,SSP3,Primary Energy|Ocean,North America (R10),1
High,SSP3,Primary Energy|Ocean,Pacific OECD (R10),1
High,SSP3,Primary Energy|Ocean,Reforming Economies (R10),1
High,SSP3,Primary Energy|Ocean,Rest of Asia (R10),1
High,SSP3,Primary Energy|Ocean,World,1
High,SSP3,Primary Energy|Oil,Africa (R10),5
High,SSP3,Primary Energy|Oil,China+ (R10),5
High,SSP3,Primary Energy|Oil,Europe (R10),5
High,SSP3,Primary Energy|Oil,India+ (R10),5
High,SSP3,Primary Energy|Oil,Latin America (R10),5
High,SSP3,Primary Energy|Oil,Middle East (R10),5
High,SSP3,Primary Energy|Oil,North America (R10),5
High,SSP3,Primary Energy|Oil,Other (R10),1
High,SSP3,Primary Energy|Oil,Pacific OECD (R10),5
High,SSP3,Primary Energy|Oil,Reforming Economies (R10),5
High,SSP3,Primary Energy|Oil,Rest of Asia (R10),5
High,SSP3,Primary Energy|Oil,World,5
High,SSP3,Primary Energy|Other,Africa (R10),3
High,SSP3,Primary Energy|Other,China+ (R10),3
High,SSP3,Primary Energy|Other,Europe (R10),4
High,SSP3,Primary Energy|Other,India+ (R10),3
High,SSP3,Primary Energy|Other,Latin America (R10),3
High,SSP3,Primary Energy|Other,Middle East (R10),3
High,SSP3,Primary Energy|Other,North America (R10),4
High,SSP3,Primary Energy|Other,Pacific OECD (R10),3
High,SSP3,Primary Energy|Other,Reforming Economies (R10),3
High,SSP3,Primary Energy|Other,Rest of Asia (R10),3
High,SSP3,Primary Energy|Other,World,4
High,SSP3,Production|Iron and Steel|Steel,Africa (R10),4
High,SSP3,Production|Iron and Steel|Steel,China+ (R10),4
High,SSP3,Production|Iron and Steel|Steel,Europe (R10),4
High,SSP3,Production|Iron and Steel|Steel,India+ (R10),4
High,SSP3,Production|Iron and Steel|Steel,Latin America (R10),4
High,SSP3,Production|Iron and Steel|Steel,Middle East (R10),4
High,SSP3,Production|Iron and Steel|Steel,North America (R10),4
High,SSP3,Production|Iron and Steel|Steel,Other (R10),1
High,SSP3,Production|Iron and Steel|Steel,Pacific OECD (R10),4
High,SSP3,Production|Iron and Steel|Steel,Reforming Economies (R10),4
High,SSP3,Production|Iron and Steel|Steel,Rest of Asia (R10),4
High,SSP3,Production|Iron and Steel|Steel,World,4
High,SSP3,Production|Non-Ferrous Metals|Aluminum,Africa (R10),1
High,SSP3,Production|Non-Ferrous Metals|Aluminum,China+ (R10),1
High,SSP3,Production|Non-Ferrous Metals|Aluminum,Europe (R10),1
High,SSP3,Production|Non-Ferrous Metals|Aluminum,India+ (R10),1
High,SSP3,Production|Non-Ferrous Metals|Aluminum,Latin America (R10),1
High,SSP3,Production|Non-Ferrous Metals|Aluminum,Middle East (R10),1
High,SSP3,Production|Non-Ferrous Metals|Aluminum,North America (R10),1
High,SSP3,Production|Non-Ferrous Metals|Aluminum,Pacific OECD (R10),1
High,SSP3,Production|Non-Ferrous Metals|Aluminum,Reforming Economies (R10),1
High,SSP3,Production|Non-Ferrous Metals|Aluminum,Rest of Asia (R10),1
High,SSP3,Production|Non-Ferrous Metals|Aluminum,World,1
High,SSP3,Production|Non-Metallic Minerals|Cement,Africa (R10),4
High,SSP3,Production|Non-Metallic Minerals|Cement,China+ (R10),4
High,SSP3,Production|Non-Metallic Minerals|Cement,Europe (R10),4
High,SSP3,Production|Non-Metallic Minerals|Cement,India+ (R10),4
High,SSP3,Production|Non-Metallic Minerals|Cement,Latin America (R10),4
High,SSP3,Production|Non-Metallic Minerals|Cement,Middle East (R10),4
High,SSP3,Production|Non-Metallic Minerals|Cement,North America (R10),4
High,SSP3,Production|Non-Metallic Minerals|Cement,Other (R10),1
High,SSP3,Production|Non-Metallic Minerals|Cement,Pacific OECD (R10),4
High,SSP3,Production|Non-Metallic Minerals|Cement,Reforming Economies (R10),4
High,SSP3,Production|Non-Metallic Minerals|Cement,Rest of Asia (R10),4
High,SSP3,Production|Non-Metallic Minerals|Cement,World,4
High,SSP3,Resource|Extraction|Coal,Africa (R10),4
High,SSP3,Resource|Extraction|Coal,China+ (R10),4
High,SSP3,Resource|Extraction|Coal,Europe (R10),4
High,SSP3,Resource|Extraction|Coal,India+ (R10),4
High,SSP3,Resource|Extraction|Coal,Latin America (R10),4
High,SSP3,Resource|Extraction|Coal,Middle East (R10),4
High,SSP3,Resource|Extraction|Coal,North America (R10),4
High,SSP3,Resource|Extraction|Coal,Other (R10),1
High,SSP3,Resource|Extraction|Coal,Pacific OECD (R10),4
High,SSP3,Resource|Extraction|Coal,Reforming Economies (R10),4
High,SSP3,Resource|Extraction|Coal,Rest of Asia (R10),4
High,SSP3,Resource|Extraction|Coal,World,4
High,SSP3,Resource|Extraction|Gas,Africa (R10),4
High,SSP3,Resource|Extraction|Gas,China+ (R10),4
High,SSP3,Resource|Extraction|Gas,Europe (R10),4
High,SSP3,Resource|Extraction|Gas,India+ (R10),4
High,SSP3,Resource|Extraction|Gas,Latin America (R10),4
High,SSP3,Resource|Extraction|Gas,Middle East (R10),4
High,SSP3,Resource|Extraction|Gas,North America (R10),4
High,SSP3,Resource|Extraction|Gas,Other (R10),1
High,SSP3,Resource|Extraction|Gas,Pacific OECD (R10),4
High,SSP3,Resource|Extraction|Gas,Reforming Economies (R10),4
High,SSP3,Resource|Extraction|Gas,Rest of Asia (R10),4
High,SSP3,Resource|Extraction|Gas,World,4
High,SSP3,Resource|Extraction|Oil,Africa (R10),4
High,SSP3,Resource|Extraction|Oil,China+ (R10),4
High,SSP3,Resource|Extraction|Oil,Europe (R10),4
High,SSP3,Resource|Extraction|Oil,India+ (R10),4
High,SSP3,Resource|Extraction|Oil,Latin America (R10),4
High,SSP3,Resource|Extraction|Oil,Middle East (R10),4
High,SSP3,Resource|Extraction|Oil,North America (R10),4
High,SSP3,Resource|Extraction|Oil,Other (R10),1
High,SSP3,Resource|Extraction|Oil,Pacific OECD (R10),4
High,SSP3,Resource|Extraction|Oil,Reforming Economies (R10),4
High,SSP3,Resource|Extraction|Oil,Rest of Asia (R10),4
High,SSP3,Resource|Extraction|Oil,World,4
High,SSP5,Agricultural Demand|Residues,Africa (R10),1
High,SSP5,Agricultural Demand|Residues,China+ (R10),1
High,SSP5,Agricultural Demand|Residues,Europe (R10),1
High,SSP5,Agricultural Demand|Residues,India+ (R10),1
High,SSP5,Agricultural Demand|Residues,Latin America (R10),1
High,SSP5,Agricultural Demand|Residues,Middle East (R10),1
High,SSP5,Agricultural Demand|Residues,North America (R10),1
High,SSP5,Agricultural Demand|Residues,Pacific OECD (R10),1
High,SSP5,Agricultural Demand|Residues,Reforming Economies (R10),1
High,SSP5,Agricultural Demand|Residues,Rest of Asia (R10),1
High,SSP5,Agricultural Demand|Residues,World,1
High,SSP5,Agricultural Production,Africa (R10),5
High,SSP5,Agricultural Production,China+ (R10),5
High,SSP5,Agricultural Production,Europe (R10),5
High,SSP5,Agricultural Production,India+ (R10),5
High,SSP5,Agricultural Production,Latin America (R10),5
High,SSP5,Agricultural Production,Middle East (R10),5
High,SSP5,Agricultural Production,North America (R10),5
High,SSP5,Agricultural Production,Pacific OECD (R10),5
High,SSP5,Agricultural Production,Reforming Economies (R10),5
High,SSP5,Agricultural Production,Rest of Asia (R10),5
High,SSP5,Agricultural Production,World,5
High,SSP5,Agricultural Production|Crops,Africa (R10),5
High,SSP5,Agricultural Production|Crops,China+ (R10),5
High,SSP5,Agricultural Production|Crops,Europe (R10),5
High,SSP5,Agricultural Production|Crops,India+ (R10),5
High,SSP5,Agricultural Production|Crops,Latin America (R10),5
High,SSP5,Agricultural Production|Crops,Middle East (R10),5
High,SSP5,Agricultural Production|Crops,North America (R10),5
High,SSP5,Agricultural Production|Crops,Pacific OECD (R10),5
High,SSP5,Agricultural Production|Crops,Reforming Economies (R10),5
High,SSP5,Agricultural Production|Crops,Rest of Asia (R10),5
High,SSP5,Agricultural Production|Crops,World,5
High,SSP5,Agricultural Production|Livestock,Africa (R10),5
High,SSP5,Agricultural Production|Livestock,China+ (R10),5
High,SSP5,Agricultural Production|Livestock,Europe (R10),5
High,SSP5,Agricultural Production|Livestock,India+ (R10),5
High,SSP5,Agricultural Production|Livestock,Latin America (R10),5
High,SSP5,Agricultural Production|Livestock,Middle East (R10),5
High,SSP5,Agricultural Production|Livestock,North America (R10),5
High,SSP5,Agricultural Production|Livestock,Pacific OECD (R10),5
High,SSP5,Agricultural Production|Livestock,Reforming Economies (R10),5
High,SSP5,Agricultural Production|Livestock,Rest of Asia (R10),5
High,SSP5,Agricultural Production|Livestock,World,5
High,SSP5,Building Stock|Commercial|Floor Space|Gross,Africa (R10),1
High,SSP5,Building Stock|Commercial|Floor Space|Gross,China+ (R10),1
High,SSP5,Building Stock|Commercial|Floor Space|Gross,Europe (R10),1
High,SSP5,Building Stock|Commercial|Floor Space|Gross,India+ (R10),1
High,SSP5,Building Stock|Commercial|Floor Space|Gross,Latin America (R10),1
High,SSP5,Building Stock|Commercial|Floor Space|Gross,Middle East (R10),1
High,SSP5,Building Stock|Commercial|Floor Space|Gross,North America (R10),1
High,SSP5,Building Stock|Commercial|Floor Space|Gross,Pacific OECD (R10),1
High,SSP5,Building Stock|Commercial|Floor Space|Gross,Reforming Economies (R10),1
High,SSP5,Building Stock|Commercial|Floor Space|Gross,Rest of Asia (R10),1
High,SSP5,Building Stock|Commercial|Floor Space|Gross,World,1
High,SSP5,Building Stock|Residential and Commercial|Floor Space|Gross,Africa (R10),1
High,SSP5,Building Stock|Residential and Commercial|Floor Space|Gross,China+ (R10),1
High,SSP5,Building Stock|Residential and Commercial|Floor Space|Gross,Europe (R10),1
High,SSP5,Building Stock|Residential and Commercial|Floor Space|Gross,India+ (R10),1
High,SSP5,Building Stock|Residential and Commercial|Floor Space|Gross,Latin America (R10),1
High,SSP5,Building Stock|Residential and Commercial|Floor Space|Gross,Middle East (R10),1
High,SSP5,Building Stock|Residential and Commercial|Floor Space|Gross,North America (R10),1
High,SSP5,Building Stock|Residential and Commercial|Floor Space|Gross,Pacific OECD (R10),1
High,SSP5,Building Stock|Residential and Commercial|Floor Space|Gross,Reforming Economies (R10),1
High,SSP5,Building Stock|Residential and Commercial|Floor Space|Gross,Rest of Asia (R10),1
High,SSP5,Building Stock|Residential and Commercial|Floor Space|Gross,World,1
High,SSP5,Building Stock|Residential|Floor Space|Gross,Africa (R10),1
High,SSP5,Building Stock|Residential|Floor Space|Gross,China+ (R10),1
High,SSP5,Building Stock|Residential|Floor Space|Gross,Europe (R10),1
High,SSP5,Building Stock|Residential|Floor Space|Gross,India+ (R10),1
High,SSP5,Building Stock|Residential|Floor Space|Gross,Latin America (R10),1
High,SSP5,Building Stock|Residential|Floor Space|Gross,Middle East (R10),1
High,SSP5,Building Stock|Residential|Floor Space|Gross,North America (R10),1
High,SSP5,Building Stock|Residential|Floor Space|Gross,Pacific OECD (R10),1
High,SSP5,Building Stock|Residential|Floor Space|Gross,Reforming Economies (R10),1
High,SSP5,Building Stock|Residential|Floor Space|Gross,Rest of Asia (R10),1
High,SSP5,Building Stock|Residential|Floor Space|Gross,World,1
High,SSP5,Capacity|Electricity|Biomass,Africa (R10),5
High,SSP5,Capacity|Electricity|Biomass,China+ (R10),5
High,SSP5,Capacity|Electricity|Biomass,Europe (R10),5
High,SSP5,Capacity|Electricity|Biomass,India+ (R10),5
High,SSP5,Capacity|Electricity|Biomass,Latin America (R10),5
High,SSP5,Capacity|Electricity|Biomass,Middle East (R10),5
High,SSP5,Capacity|Electricity|Biomass,North America (R10),5
High,SSP5,Capacity|Electricity|Biomass,Pacific OECD (R10),5
High,SSP5,Capacity|Electricity|Biomass,Reforming Economies (R10),5
High,SSP5,Capacity|Electricity|Biomass,Rest of Asia (R10),5
High,SSP5,Capacity|Electricity|Biomass,World,5
High,SSP5,Capacity|Electricity|Coal,Africa (R10),5
High,SSP5,Capacity|Electricity|Coal,China+ (R10),5
High,SSP5,Capacity|Electricity|Coal,Europe (R10),5
High,SSP5,Capacity|Electricity|Coal,India+ (R10),5
High,SSP5,Capacity|Electricity|Coal,Latin America (R10),5
High,SSP5,Capacity|Electricity|Coal,Middle East (R10),5
High,SSP5,Capacity|Electricity|Coal,North America (R10),5
High,SSP5,Capacity|Electricity|Coal,Pacific OECD (R10),5
High,SSP5,Capacity|Electricity|Coal,Reforming Economies (R10),5
High,SSP5,Capacity|Electricity|Coal,Rest of Asia (R10),5
High,SSP5,Capacity|Electricity|Coal,World,5
High,SSP5,Capacity|Electricity|Fossil,Africa (R10),4
High,SSP5,Capacity|Electricity|Fossil,China+ (R10),4
High,SSP5,Capacity|Electricity|Fossil,Europe (R10),4
High,SSP5,Capacity|Electricity|Fossil,India+ (R10),4
High,SSP5,Capacity|Electricity|Fossil,Latin America (R10),4
High,SSP5,Capacity|Electricity|Fossil,Middle East (R10),4
High,SSP5,Capacity|Electricity|Fossil,North America (R10),4
High,SSP5,Capacity|Electricity|Fossil,Pacific OECD (R10),4
High,SSP5,Capacity|Electricity|Fossil,Reforming Economies (R10),4
High,SSP5,Capacity|Electricity|Fossil,Rest of Asia (R10),4
High,SSP5,Capacity|Electricity|Fossil,World,4
High,SSP5,Capacity|Electricity|Gas,Africa (R10),5
High,SSP5,Capacity|Electricity|Gas,China+ (R10),5
High,SSP5,Capacity|Electricity|Gas,Europe (R10),5
High,SSP5,Capacity|Electricity|Gas,India+ (R10),5
High,SSP5,Capacity|Electricity|Gas,Latin America (R10),5
High,SSP5,Capacity|Electricity|Gas,Middle East (R10),5
High,SSP5,Capacity|Electricity|Gas,North America (R10),5
High,SSP5,Capacity|Electricity|Gas,Pacific OECD (R10),5
High,SSP5,Capacity|Electricity|Gas,Reforming Economies (R10),5
High,SSP5,Capacity|Electricity|Gas,Rest of Asia (R10),5
High,SSP5,Capacity|Electricity|Gas,World,5
High,SSP5,Capacity|Electricity|Geothermal,Africa (R10),4
High,SSP5,Capacity|Electricity|Geothermal,China+ (R10),3
High,SSP5,Capacity|Electricity|Geothermal,Europe (R10),4
High,SSP5,Capacity|Electricity|Geothermal,India+ (R10),3
High,SSP5,Capacity|Electricity|Geothermal,Latin America (R10),4
High,SSP5,Capacity|Electricity|Geothermal,Middle East (R10),3
High,SSP5,Capacity|Electricity|Geothermal,North America (R10),4
High,SSP5,Capacity|Electricity|Geothermal,Pacific OECD (R10),4
High,SSP5,Capacity|Electricity|Geothermal,Reforming Economies (R10),4
High,SSP5,Capacity|Electricity|Geothermal,Rest of Asia (R10),4
High,SSP5,Capacity|Electricity|Geothermal,World,4
High,SSP5,Capacity|Electricity|Hydro,Africa (R10),5
High,SSP5,Capacity|Electricity|Hydro,China+ (R10),5
High,SSP5,Capacity|Electricity|Hydro,Europe (R10),5
High,SSP5,Capacity|Electricity|Hydro,India+ (R10),5
High,SSP5,Capacity|Electricity|Hydro,Latin America (R10),5
High,SSP5,Capacity|Electricity|Hydro,Middle East (R10),5
High,SSP5,Capacity|Electricity|Hydro,North America (R10),5
High,SSP5,Capacity|Electricity|Hydro,Pacific OECD (R10),5
High,SSP5,Capacity|Electricity|Hydro,Reforming Economies (R10),5
High,SSP5,Capacity|Electricity|Hydro,Rest of Asia (R10),5
High,SSP5,Capacity|Electricity|Hydro,World,5
High,SSP5,Capacity|Electricity|Hydrogen,Africa (R10),1
High,SSP5,Capacity|Electricity|Hydrogen,China+ (R10),1
High,SSP5,Capacity|Electricity|Hydrogen,Europe (R10),1
High,SSP5,Capacity|Electricity|Hydrogen,India+ (R10),1
High,SSP5,Capacity|Electricity|Hydrogen,Latin America (R10),1
High,SSP5,Capacity|Electricity|Hydrogen,Middle East (R10),1
High,SSP5,Capacity|Electricity|Hydrogen,North America (R10),1
High,SSP5,Capacity|Electricity|Hydrogen,Pacific OECD (R10),1
High,SSP5,Capacity|Electricity|Hydrogen,Reforming Economies (R10),1
High,SSP5,Capacity|Electricity|Hydrogen,Rest of Asia (R10),1
High,SSP5,Capacity|Electricity|Hydrogen,World,1
High,SSP5,Capacity|Electricity|Nuclear,Africa (R10),5
High,SSP5,Capacity|Electricity|Nuclear,China+ (R10),5
High,SSP5,Capacity|Electricity|Nuclear,Europe (R10),5
High,SSP5,Capacity|Electricity|Nuclear,India+ (R10),5
High,SSP5,Capacity|Electricity|Nuclear,Latin America (R10),5
High,SSP5,Capacity|Electricity|Nuclear,Middle East (R10),5
High,SSP5,Capacity|Electricity|Nuclear,North America (R10),5
High,SSP5,Capacity|Electricity|Nuclear,Pacific OECD (R10),5
High,SSP5,Capacity|Electricity|Nuclear,Reforming Economies (R10),5
High,SSP5,Capacity|Electricity|Nuclear,Rest of Asia (R10),5
High,SSP5,Capacity|Electricity|Nuclear,World,5
High,SSP5,Capacity|Electricity|Oil,Africa (R10),5
High,SSP5,Capacity|Electricity|Oil,China+ (R10),5
High,SSP5,Capacity|Electricity|Oil,Europe (R10),5
High,SSP5,Capacity|Electricity|Oil,India+ (R10),5
High,SSP5,Capacity|Electricity|Oil,Latin America (R10),5
High,SSP5,Capacity|Electricity|Oil,Middle East (R10),5
High,SSP5,Capacity|Electricity|Oil,North America (R10),5
High,SSP5,Capacity|Electricity|Oil,Pacific OECD (R10),5
High,SSP5,Capacity|Electricity|Oil,Reforming Economies (R10),5
High,SSP5,Capacity|Electricity|Oil,Rest of Asia (R10),5
High,SSP5,Capacity|Electricity|Oil,World,5
High,SSP5,Capacity|Electricity|Other,Africa (R10),2
High,SSP5,Capacity|Electricity|Other,China+ (R10),2
High,SSP5,Capacity|Electricity|Other,Europe (R10),3
High,SSP5,Capacity|Electricity|Other,India+ (R10),2
High,SSP5,Capacity|Electricity|Other,Latin America (R10),2
High,SSP5,Capacity|Electricity|Other,Middle East (R10),2
High,SSP5,Capacity|Electricity|Other,North America (R10),3
High,SSP5,Capacity|Electricity|Other,Pacific OECD (R10),2
High,SSP5,Capacity|Electricity|Other,Reforming Economies (R10),2
High,SSP5,Capacity|Electricity|Other,Rest of Asia (R10),2
High,SSP5,Capacity|Electricity|Other,World,3
High,SSP5,Capacity|Electricity|Solar|CSP,Africa (R10),4
High,SSP5,Capacity|Electricity|Solar|CSP,China+ (R10),4
High,SSP5,Capacity|Electricity|Solar|CSP,Europe (R10),4
High,SSP5,Capacity|Electricity|Solar|CSP,India+ (R10),4
High,SSP5,Capacity|Electricity|Solar|CSP,Latin America (R10),4
High,SSP5,Capacity|Electricity|Solar|CSP,Middle East (R10),4
High,SSP5,Capacity|Electricity|Solar|CSP,North America (R10),4
High,SSP5,Capacity|Electricity|Solar|CSP,Pacific OECD (R10),4
High,SSP5,Capacity|Electricity|Solar|CSP,Reforming Economies (R10),4
High,SSP5,Capacity|Electricity|Solar|CSP,Rest of Asia (R10),4
High,SSP5,Capacity|Electricity|Solar|CSP,World,4
High,SSP5,Capacity|Electricity|Solar|PV,Africa (R10),5
High,SSP5,Capacity|Electricity|Solar|PV,China+ (R10),5
High,SSP5,Capacity|Electricity|Solar|PV,Europe (R10),5
High,SSP5,Capacity|Electricity|Solar|PV,India+ (R10),5
High,SSP5,Capacity|Electricity|Solar|PV,Latin America (R10),5
High,SSP5,Capacity|Electricity|Solar|PV,Middle East (R10),5
High,SSP5,Capacity|Electricity|Solar|PV,North America (R10),5
High,SSP5,Capacity|Electricity|Solar|PV,Pacific OECD (R10),5
High,SSP5,Capacity|Electricity|Solar|PV,Reforming Economies (R10),5
High,SSP5,Capacity|Electricity|Solar|PV,Rest of Asia (R10),5
High,SSP5,Capacity|Electricity|Solar|PV,World,5
High,SSP5,Capacity|Electricity|Wind|Offshore,Africa (R10),4
High,SSP5,Capacity|Electricity|Wind|Offshore,China+ (R10),4
High,SSP5,Capacity|Electricity|Wind|Offshore,Europe (R10),4
High,SSP5,Capacity|Electricity|Wind|Offshore,India+ (R10),4
High,SSP5,Capacity|Electricity|Wind|Offshore,Latin America (R10),4
High,SSP5,Capacity|Electricity|Wind|Offshore,Middle East (R10),4
High,SSP5,Capacity|Electricity|Wind|Offshore,North America (R10),4
High,SSP5,Capacity|Electricity|Wind|Offshore,Pacific OECD (R10),4
High,SSP5,Capacity|Electricity|Wind|Offshore,Reforming Economies (R10),4
High,SSP5,Capacity|Electricity|Wind|Offshore,Rest of Asia (R10),4
High,SSP5,Capacity|Electricity|Wind|Offshore,World,4
High,SSP5,Capacity|Electricity|Wind|Onshore,Africa (R10),5
High,SSP5,Capacity|Electricity|Wind|Onshore,China+ (R10),5
High,SSP5,Capacity|Electricity|Wind|Onshore,Europe (R10),5
High,SSP5,Capacity|Electricity|Wind|Onshore,India+ (R10),5
High,SSP5,Capacity|Electricity|Wind|Onshore,Latin America (R10),5
High,SSP5,Capacity|Electricity|Wind|Onshore,Middle East (R10),5
High,SSP5,Capacity|Electricity|Wind|Onshore,North America (R10),5
High,SSP5,Capacity|Electricity|Wind|Onshore,Pacific OECD (R10),5
High,SSP5,Capacity|Electricity|Wind|Onshore,Reforming Economies (R10),5
High,SSP5,Capacity|Electricity|Wind|Onshore,Rest of Asia (R10),5
High,SSP5,Capacity|Electricity|Wind|Onshore,World,5
High,SSP5,Food Intake|Crops [per capita],Africa (R10),3
High,SSP5,Food Intake|Crops [per capita],China+ (R10),3
High,SSP5,Food Intake|Crops [per capita],Europe (R10),3
High,SSP5,Food Intake|Crops [per capita],India+ (R10),3
High,SSP5,Food Intake|Crops [per capita],Latin America (R10),3
High,SSP5,Food Intake|Crops [per capita],Middle East (R10),3
High,SSP5,Food Intake|Crops [per capita],North America (R10),3
High,SSP5,Food Intake|Crops [per capita],Pacific OECD (R10),3
High,SSP5,Food Intake|Crops [per capita],Reforming Economies (R10),3
High,SSP5,Food Intake|Crops [per capita],Rest of Asia (R10),3
High,SSP5,Food Intake|Crops [per capita],World,3
High,SSP5,Food Intake|Livestock [per capita],Africa (R10),3
High,SSP5,Food Intake|Livestock [per capita],China+ (R10),3
High,SSP5,Food Intake|Livestock [per capita],Europe (R10),3
High,SSP5,Food Intake|Livestock [per capita],India+ (R10),3
High,SSP5,Food Intake|Livestock [per capita],Latin America (R10),3
High,SSP5,Food Intake|Livestock [per capita],Middle East (R10),3
High,SSP5,Food Intake|Livestock [per capita],North America (R10),3
High,SSP5,Food Intake|Livestock [per capita],Pacific OECD (R10),3
High,SSP5,Food Intake|Livestock [per capita],Reforming Economies (R10),3
High,SSP5,Food Intake|Livestock [per capita],Rest of Asia (R10),3
High,SSP5,Food Intake|Livestock [per capita],World,3
High,SSP5,Food Waste [per capita],Africa (R10),2
High,SSP5,Food Waste [per capita],China+ (R10),2
High,SSP5,Food Waste [per capita],Europe (R10),2
High,SSP5,Food Waste [per capita],India+ (R10),2
High,SSP5,Food Waste [per capita],Latin America (R10),2
High,SSP5,Food Waste [per capita],Middle East (R10),2
High,SSP5,Food Waste [per capita],North America (R10),2
High,SSP5,Food Waste [per capita],Pacific OECD (R10),2
High,SSP5,Food Waste [per capita],Reforming Economies (R10),2
High,SSP5,Food Waste [per capita],Rest of Asia (R10),2
High,SSP5,Food Waste [per capita],World,2
High,SSP5,Forestry Production|Roundwood,Africa (R10),5
High,SSP5,Forestry Production|Roundwood,China+ (R10),5
High,SSP5,Forestry Production|Roundwood,Europe (R10),5
High,SSP5,Forestry Production|Roundwood,India+ (R10),5
High,SSP5,Forestry Production|Roundwood,Latin America (R10),5
High,SSP5,Forestry Production|Roundwood,Middle East (R10),5
High,SSP5,Forestry Production|Roundwood,North America (R10),5
High,SSP5,Forestry Production|Roundwood,Pacific OECD (R10),5
High,SSP5,Forestry Production|Roundwood,Reforming Economies (R10),5
High,SSP5,Forestry Production|Roundwood,Rest of Asia (R10),5
High,SSP5,Forestry Production|Roundwood,World,5
High,SSP5,GDP|MER,Africa (R10),5
High,SSP5,GDP|MER,China+ (R10),5
High,SSP5,GDP|MER,Europe (R10),5
High,SSP5,GDP|MER,India+ (R10),5
High,SSP5,GDP|MER,Latin America (R10),5
High,SSP5,GDP|MER,Middle East (R10),5
High,SSP5,GDP|MER,North America (R10),5
High,SSP5,GDP|MER,Pacific OECD (R10),5
High,SSP5,GDP|MER,Reforming Economies (R10),5
High,SSP5,GDP|MER,Rest of Asia (R10),5
High,SSP5,GDP|MER,World,5
High,SSP5,Population,Africa (R10),5
High,SSP5,Population,China+ (R10),5
High,SSP5,Population,Europe (R10),5
High,SSP5,Population,India+ (R10),5
High,SSP5,Population,Latin America (R10),5
High,SSP5,Population,Middle East (R10),5
High,SSP5,Population,North America (R10),5
High,SSP5,Population,Pacific OECD (R10),5
High,SSP5,Population,Reforming Economies (R10),5
High,SSP5,Population,Rest of Asia (R10),5
High,SSP5,Population,World,5
High,SSP5,Primary Energy,Africa (R10),5
High,SSP5,Primary Energy,China+ (R10),5
High,SSP5,Primary Energy,Europe (R10),5
High,SSP5,Primary Energy,India+ (R10),5
High,SSP5,Primary Energy,Latin America (R10),5
High,SSP5,Primary Energy,Middle East (R10),5
High,SSP5,Primary Energy,North America (R10),5
High,SSP5,Primary Energy,Pacific OECD (R10),5
High,SSP5,Primary Energy,Reforming Economies (R10),5
High,SSP5,Primary Energy,Rest of Asia (R10),5
High,SSP5,Primary Energy,World,5
High,SSP5,Primary Energy|Biomass,Africa (R10),5
High,SSP5,Primary Energy|Biomass,China+ (R10),5
High,SSP5,Primary Energy|Biomass,Europe (R10),5
High,SSP5,Primary Energy|Biomass,India+ (R10),5
High,SSP5,Primary Energy|Biomass,Latin America (R10),5
High,SSP5,Primary Energy|Biomass,Middle East (R10),5
High,SSP5,Primary Energy|Biomass,North America (R10),5
High,SSP5,Primary Energy|Biomass,Pacific OECD (R10),5
High,SSP5,Primary Energy|Biomass,Reforming Economies (R10),5
High,SSP5,Primary Energy|Biomass,Rest of Asia (R10),5
High,SSP5,Primary Energy|Biomass,World,5
High,SSP5,Primary Energy|Coal,Africa (R10),5
High,SSP5,Primary Energy|Coal,China+ (R10),5
High,SSP5,Primary Energy|Coal,Europe (R10),5
High,SSP5,Primary Energy|Coal,India+ (R10),5
High,SSP5,Primary Energy|Coal,Latin America (R10),5
High,SSP5,Primary Energy|Coal,Middle East (R10),5
High,SSP5,Primary Energy|Coal,North America (R10),5
High,SSP5,Primary Energy|Coal,Pacific OECD (R10),5
High,SSP5,Primary Energy|Coal,Reforming Economies (R10),5
High,SSP5,Primary Energy|Coal,Rest of Asia (R10),5
High,SSP5,Primary Energy|Coal,World,5
High,SSP5,Primary Energy|Fossil,Africa (R10),5
High,SSP5,Primary Energy|Fossil,China+ (R10),5
High,SSP5,Primary Energy|Fossil,Europe (R10),5
High,SSP5,Primary Energy|Fossil,India+ (R10),5
High,SSP5,Primary Energy|Fossil,Latin America (R10),5
High,SSP5,Primary Energy|Fossil,Middle East (R10),5
High,SSP5,Primary Energy|Fossil,North America (R10),5
High,SSP5,Primary Energy|Fossil,Pacific OECD (R10),5
High,SSP5,Primary Energy|Fossil,Reforming Economies (R10),5
High,SSP5,Primary Energy|Fossil,Rest of Asia (R10),5
High,SSP5,Primary Energy|Fossil,World,5
High,SSP5,Primary Energy|Gas,Africa (R10),5
High,SSP5,Primary Energy|Gas,China+ (R10),5
High,SSP5,Primary Energy|Gas,Europe (R10),5
High,SSP5,Primary Energy|Gas,India+ (R10),5
High,SSP5,Primary Energy|Gas,Latin America (R10),5
High,SSP5,Primary Energy|Gas,Middle East (R10),5
High,SSP5,Primary Energy|Gas,North America (R10),5
High,SSP5,Primary Energy|Gas,Pacific OECD (R10),5
High,SSP5,Primary Energy|Gas,Reforming Economies (R10),5
High,SSP5,Primary Energy|Gas,Rest of Asia (R10),5
High,SSP5,Primary Energy|Gas,World,5
High,SSP5,Primary Energy|Geothermal,Africa (R10),3
High,SSP5,Primary Energy|Geothermal,China+ (R10),2
High,SSP5,Primary Energy|Geothermal,Europe (R10),3
High,SSP5,Primary Energy|Geothermal,India+ (R10),2
High,SSP5,Primary Energy|Geothermal,Latin America (R10),3
High,SSP5,Primary Energy|Geothermal,Middle East (R10),2
High,SSP5,Primary Energy|Geothermal,North America (R10),3
High,SSP5,Primary Energy|Geothermal,Pacific OECD (R10),3
High,SSP5,Primary Energy|Geothermal,Reforming Economies (R10),3
High,SSP5,Primary Energy|Geothermal,Rest of Asia (R10),3
High,SSP5,Primary Energy|Geothermal,World,3
High,SSP5,Primary Energy|Hydro,Africa (R10),5
High,SSP5,Primary Energy|Hydro,China+ (R10),5
High,SSP5,Primary Energy|Hydro,Europe (R10),5
High,SSP5,Primary Energy|Hydro,India+ (R10),5
High,SSP5,Primary Energy|Hydro,Latin America (R10),5
High,SSP5,Primary Energy|Hydro,Middle East (R10),5
High,SSP5,Primary Energy|Hydro,North America (R10),5
High,SSP5,Primary Energy|Hydro,Pacific OECD (R10),5
High,SSP5,Primary Energy|Hydro,Reforming Economies (R10),5
High,SSP5,Primary Energy|Hydro,Rest of Asia (R10),5
High,SSP5,Primary Energy|Hydro,World,5
High,SSP5,Primary Energy|Non-Biomass Renewables,Africa (R10),5
High,SSP5,Primary Energy|Non-Biomass Renewables,China+ (R10),5
High,SSP5,Primary Energy|Non-Biomass Renewables,Europe (R10),5
High,SSP5,Primary Energy|Non-Biomass Renewables,India+ (R10),5
High,SSP5,Primary Energy|Non-Biomass Renewables,Latin America (R10),5
High,SSP5,Primary Energy|Non-Biomass Renewables,Middle East (R10),5
High,SSP5,Primary Energy|Non-Biomass Renewables,North America (R10),5
High,SSP5,Primary Energy|Non-Biomass Renewables,Pacific OECD (R10),5
High,SSP5,Primary Energy|Non-Biomass Renewables,Reforming Economies (R10),5
High,SSP5,Primary Energy|Non-Biomass Renewables,Rest of Asia (R10),5
High,SSP5,Primary Energy|Non-Biomass Renewables,World,5
High,SSP5,Primary Energy|Nuclear,Africa (R10),5
High,SSP5,Primary Energy|Nuclear,China+ (R10),5
High,SSP5,Primary Energy|Nuclear,Europe (R10),5
High,SSP5,Primary Energy|Nuclear,India+ (R10),5
High,SSP5,Primary Energy|Nuclear,Latin America (R10),5
High,SSP5,Primary Energy|Nuclear,Middle East (R10),5
High,SSP5,Primary Energy|Nuclear,North America (R10),5
High,SSP5,Primary Energy|Nuclear,Pacific OECD (R10),5
High,SSP5,Primary Energy|Nuclear,Reforming Economies (R10),5
High,SSP5,Primary Energy|Nuclear,Rest of Asia (R10),5
High,SSP5,Primary Energy|Nuclear,World,5
High,SSP5,Primary Energy|Ocean,Africa (R10),1
High,SSP5,Primary Energy|Ocean,China+ (R10),1
High,SSP5,Primary Energy|Ocean,Europe (R10),1
High,SSP5,Primary Energy|Ocean,India+ (R10),1
High,SSP5,Primary Energy|Ocean,Latin America (R10),1
High,SSP5,Primary Energy|Ocean,Middle East (R10),1
High,SSP5,Primary Energy|Ocean,North America (R10),1
High,SSP5,Primary Energy|Ocean,Pacific OECD (R10),1
High,SSP5,Primary Energy|Ocean,Reforming Economies (R10),1
High,SSP5,Primary Energy|Ocean,Rest of Asia (R10),1
High,SSP5,Primary Energy|Ocean,World,1
High,SSP5,Primary Energy|Oil,Africa (R10),5
High,SSP5,Primary Energy|Oil,China+ (R10),5
High,SSP5,Primary Energy|Oil,Europe (R10),5
High,SSP5,Primary Energy|Oil,India+ (R10),5
High,SSP5,Primary Energy|Oil,Latin America (R10),5
High,SSP5,Primary Energy|Oil,Middle East (R10),5
High,SSP5,Primary Energy|Oil,North America (R10),5
High,SSP5,Primary Energy|Oil,Pacific OECD (R10),5
High,SSP5,Primary Energy|Oil,Reforming Economies (R10),5
High,SSP5,Primary Energy|Oil,Rest of Asia (R10),5
High,SSP5,Primary Energy|Oil,World,5
High,SSP5,Primary Energy|Other,Africa (R10),3
High,SSP5,Primary Energy|Other,China+ (R10),3
High,SSP5,Primary Energy|Other,Europe (R10),4
High,SSP5,Primary Energy|Other,India+ (R10),3
High,SSP5,Primary Energy|Other,Latin America (R10),3
High,SSP5,Primary Energy|Other,Middle East (R10),3
High,SSP5,Primary Energy|Other,North America (R10),4
High,SSP5,Primary Energy|Other,Pacific OECD (R10),3
High,SSP5,Primary Energy|Other,Reforming Economies (R10),3
High,SSP5,Primary Energy|Other,Rest of Asia (R10),3
High,SSP5,Primary Energy|Other,World,4
High,SSP5,Production|Iron and Steel|Steel,Africa (R10),3
High,SSP5,Production|Iron and Steel|Steel,China+ (R10),3
High,SSP5,Production|Iron and Steel|Steel,Europe (R10),3
High,SSP5,Production|Iron and Steel|Steel,India+ (R10),3
High,SSP5,Production|Iron and Steel|Steel,Latin America (R10),3
High,SSP5,Production|Iron and Steel|Steel,Middle East (R10),3
High,SSP5,Production|Iron and Steel|Steel,North America (R10),3
High,SSP5,Production|Iron and Steel|Steel,Pacific OECD (R10),3
High,SSP5,Production|Iron and Steel|Steel,Reforming Economies (R10),3
High,SSP5,Production|Iron and Steel|Steel,Rest of Asia (R10),3
High,SSP5,Production|Iron and Steel|Steel,World,3
High,SSP5,Production|Non-Ferrous Metals|Aluminum,Africa (R10),1
High,SSP5,Production|Non-Ferrous Metals|Aluminum,China+ (R10),1
High,SSP5,Production|Non-Ferrous Metals|Aluminum,Europe (R10),1
High,SSP5,Production|Non-Ferrous Metals|Aluminum,India+ (R10),1
High,SSP5,Production|Non-Ferrous Metals|Aluminum,Latin America (R10),1
High,SSP5,Production|Non-Ferrous Metals|Aluminum,Middle East (R10),1
High,SSP5,Production|Non-Ferrous Metals|Aluminum,North America (R10),1
High,SSP5,Production|Non-Ferrous Metals|Aluminum,Pacific OECD (R10),1
High,SSP5,Production|Non-Ferrous Metals|Aluminum,Reforming Economies (R10),1
High,SSP5,Production|Non-Ferrous Metals|Aluminum,Rest of Asia (R10),1
High,SSP5,Production|Non-Ferrous Metals|Aluminum,World,1
High,SSP5,Production|Non-Metallic Minerals|Cement,Africa (R10),3
High,SSP5,Production|Non-Metallic Minerals|Cement,China+ (R10),3
High,SSP5,Production|Non-Metallic Minerals|Cement,Europe (R10),3
High,SSP5,Production|Non-Metallic Minerals|Cement,India+ (R10),3
High,SSP5,Production|Non-Metallic Minerals|Cement,Latin America (R10),3
High,SSP5,Production|Non-Metallic Minerals|Cement,Middle East (R10),3
High,SSP5,Production|Non-Metallic Minerals|Cement,North America (R10),3
High,SSP5,Production|Non-Metallic Minerals|Cement,Pacific OECD (R10),3
High,SSP5,Production|Non-Metallic Minerals|Cement,Reforming Economies (R10),3
High,SSP5,Production|Non-Metallic Minerals|Cement,Rest of Asia (R10),3
High,SSP5,Production|Non-Metallic Minerals|Cement,World,3
High,SSP5,Resource|Extraction|Coal,Africa (R10),4
High,SSP5,Resource|Extraction|Coal,China+ (R10),4
High,SSP5,Resource|Extraction|Coal,Europe (R10),4
High,SSP5,Resource|Extraction|Coal,India+ (R10),4
High,SSP5,Resource|Extraction|Coal,Latin America (R10),4
High,SSP5,Resource|Extraction|Coal,Middle East (R10),4
High,SSP5,Resource|Extraction|Coal,North America (R10),4
High,SSP5,Resource|Extraction|Coal,Pacific OECD (R10),4
High,SSP5,Resource|Extraction|Coal,Reforming Economies (R10),4
High,SSP5,Resource|Extraction|Coal,Rest of Asia (R10),4
High,SSP5,Resource|Extraction|Coal,World,4
High,SSP5,Resource|Extraction|Gas,Africa (R10),4
High,SSP5,Resource|Extraction|Gas,China+ (R10),4
High,SSP5,Resource|Extraction|Gas,Europe (R10),4
High,SSP5,Resource|Extraction|Gas,India+ (R10),4
High,SSP5,Resource|Extraction|Gas,Latin America (R10),4
High,SSP5,Resource|Extraction|Gas,Middle East (R10),4
High,SSP5,Resource|Extraction|Gas,North America (R10),4
High,SSP5,Resource|Extraction|Gas,Pacific OECD (R10),4
High,SSP5,Resource|Extraction|Gas,Reforming Economies (R10),4
High,SSP5,Resource|Extraction|Gas,Rest of Asia (R10),4
High,SSP5,Resource|Extraction|Gas,World,4
High,SSP5,Resource|Extraction|Oil,Africa (R10),4
High,SSP5,Resource|Extraction|Oil,China+ (R10),4
High,SSP5,Resource|Extraction|Oil,Europe (R10),4
High,SSP5,Resource|Extraction|Oil,India+ (R10),4
High,SSP5,Resource|Extraction|Oil,Latin America (R10),4
High,SSP5,Resource|Extraction|Oil,Middle East (R10),4
High,SSP5,Resource|Extraction|Oil,North America (R10),4
High,SSP5,Resource|Extraction|Oil,Pacific OECD (R10),4
High,SSP5,Resource|Extraction|Oil,Reforming Economies (R10),4
High,SSP5,Resource|Extraction|Oil,Rest of Asia (R10),4
High,SSP5,Resource|Extraction|Oil,World,4
High-to-Low,SSP3,Agricultural Production,Africa (R10),1
High-to-Low,SSP3,Agricultural Production,China+ (R10),1
High-to-Low,SSP3,Agricultural Production,Europe (R10),1
High-to-Low,SSP3,Agricultural Production,India+ (R10),1
High-to-Low,SSP3,Agricultural Production,Latin America (R10),1
High-to-Low,SSP3,Agricultural Production,Middle East (R10),1
High-to-Low,SSP3,Agricultural Production,North America (R10),1
High-to-Low,SSP3,Agricultural Production,Pacific OECD (R10),1
High-to-Low,SSP3,Agricultural Production,Reforming Economies (R10),1
High-to-Low,SSP3,Agricultural Production,Rest of Asia (R10),1
High-to-Low,SSP3,Agricultural Production,World,1
High-to-Low,SSP3,Agricultural Production|Crops,Africa (R10),1
High-to-Low,SSP3,Agricultural Production|Crops,China+ (R10),1
High-to-Low,SSP3,Agricultural Production|Crops,Europe (R10),1
High-to-Low,SSP3,Agricultural Production|Crops,India+ (R10),1
High-to-Low,SSP3,Agricultural Production|Crops,Latin America (R10),1
High-to-Low,SSP3,Agricultural Production|Crops,Middle East (R10),1
High-to-Low,SSP3,Agricultural Production|Crops,North America (R10),1
High-to-Low,SSP3,Agricultural Production|Crops,Pacific OECD (R10),1
High-to-Low,SSP3,Agricultural Production|Crops,Reforming Economies (R10),1
High-to-Low,SSP3,Agricultural Production|Crops,Rest of Asia (R10),1
High-to-Low,SSP3,Agricultural Production|Crops,World,1
High-to-Low,SSP3,Agricultural Production|Livestock,Africa (R10),1
High-to-Low,SSP3,Agricultural Production|Livestock,China+ (R10),1
High-to-Low,SSP3,Agricultural Production|Livestock,Europe (R10),1
High-to-Low,SSP3,Agricultural Production|Livestock,India+ (R10),1
High-to-Low,SSP3,Agricultural Production|Livestock,Latin America (R10),1
High-to-Low,SSP3,Agricultural Production|Livestock,Middle East (R10),1
High-to-Low,SSP3,Agricultural Production|Livestock,North America (R10),1
High-to-Low,SSP3,Agricultural Production|Livestock,Pacific OECD (R10),1
High-to-Low,SSP3,Agricultural Production|Livestock,Reforming Economies (R10),1
High-to-Low,SSP3,Agricultural Production|Livestock,Rest of Asia (R10),1
High-to-Low,SSP3,Agricultural Production|Livestock,World,1
High-to-Low,SSP3,Building Stock|Commercial|Floor Space|Gross,Africa (R10),1
High-to-Low,SSP3,Building Stock|Commercial|Floor Space|Gross,China+ (R10),1
High-to-Low,SSP3,Building Stock|Commercial|Floor Space|Gross,Europe (R10),1
High-to-Low,SSP3,Building Stock|Commercial|Floor Space|Gross,India+ (R10),1
High-to-Low,SSP3,Building Stock|Commercial|Floor Space|Gross,Latin America (R10),1
High-to-Low,SSP3,Building Stock|Commercial|Floor Space|Gross,Middle East (R10),1
High-to-Low,SSP3,Building Stock|Commercial|Floor Space|Gross,North America (R10),1
High-to-Low,SSP3,Building Stock|Commercial|Floor Space|Gross,Pacific OECD (R10),1
High-to-Low,SSP3,Building Stock|Commercial|Floor Space|Gross,Reforming Economies (R10),1
High-to-Low,SSP3,Building Stock|Commercial|Floor Space|Gross,Rest of Asia (R10),1
High-to-Low,SSP3,Building Stock|Commercial|Floor Space|Gross,World,1
High-to-Low,SSP3,Building Stock|Residential and Commercial|Floor Space|Gross,Africa (R10),1
High-to-Low,SSP3,Building Stock|Residential and Commercial|Floor Space|Gross,China+ (R10),1
High-to-Low,SSP3,Building Stock|Residential and Commercial|Floor Space|Gross,Europe (R10),1
High-to-Low,SSP3,Building Stock|Residential and Commercial|Floor Space|Gross,India+ (R10),1
High-to-Low,SSP3,Building Stock|Residential and Commercial|Floor Space|Gross,Latin America (R10),1
High-to-Low,SSP3,Building Stock|Residential and Commercial|Floor Space|Gross,Middle East (R10),1
High-to-Low,SSP3,Building Stock|Residential and Commercial|Floor Space|Gross,North America (R10),1
High-to-Low,SSP3,Building Stock|Residential and Commercial|Floor Space|Gross,Pacific OECD (R10),1
High-to-Low,SSP3,Building Stock|Residential and Commercial|Floor Space|Gross,Reforming Economies (R10),1
High-to-Low,SSP3,Building Stock|Residential and Commercial|Floor Space|Gross,Rest of Asia (R10),1
High-to-Low,SSP3,Building Stock|Residential and Commercial|Floor Space|Gross,World,1
High-to-Low,SSP3,Building Stock|Residential|Floor Space|Gross,Africa (R10),1
High-to-Low,SSP3,Building Stock|Residential|Floor Space|Gross,China+ (R10),1
High-to-Low,SSP3,Building Stock|Residential|Floor Space|Gross,Europe (R10),1
High-to-Low,SSP3,Building Stock|Residential|Floor Space|Gross,India+ (R10),1
High-to-Low,SSP3,Building Stock|Residential|Floor Space|Gross,Latin America (R10),1
High-to-Low,SSP3,Building Stock|Residential|Floor Space|Gross,Middle East (R10),1
High-to-Low,SSP3,Building Stock|Residential|Floor Space|Gross,North America (R10),1
High-to-Low,SSP3,Building Stock|Residential|Floor Space|Gross,Pacific OECD (R10),1
High-to-Low,SSP3,Building Stock|Residential|Floor Space|Gross,Reforming Economies (R10),1
High-to-Low,SSP3,Building Stock|Residential|Floor Space|Gross,Rest of Asia (R10),1
High-to-Low,SSP3,Building Stock|Residential|Floor Space|Gross,World,1
High-to-Low,SSP3,Capacity|Electricity|Biomass,Africa (R10),1
High-to-Low,SSP3,Capacity|Electricity|Biomass,China+ (R10),1
High-to-Low,SSP3,Capacity|Electricity|Biomass,Europe (R10),1
High-to-Low,SSP3,Capacity|Electricity|Biomass,India+ (R10),1
High-to-Low,SSP3,Capacity|Electricity|Biomass,Latin America (R10),1
High-to-Low,SSP3,Capacity|Electricity|Biomass,Middle East (R10),1
High-to-Low,SSP3,Capacity|Electricity|Biomass,North America (R10),1
High-to-Low,SSP3,Capacity|Electricity|Biomass,Pacific OECD (R10),1
High-to-Low,SSP3,Capacity|Electricity|Biomass,Reforming Economies (R10),1
High-to-Low,SSP3,Capacity|Electricity|Biomass,Rest of Asia (R10),1
High-to-Low,SSP3,Capacity|Electricity|Biomass,World,1
High-to-Low,SSP3,Capacity|Electricity|Coal,Africa (R10),1
High-to-Low,SSP3,Capacity|Electricity|Coal,China+ (R10),1
High-to-Low,SSP3,Capacity|Electricity|Coal,Europe (R10),1
High-to-Low,SSP3,Capacity|Electricity|Coal,India+ (R10),1
High-to-Low,SSP3,Capacity|Electricity|Coal,Latin America (R10),1
High-to-Low,SSP3,Capacity|Electricity|Coal,Middle East (R10),1
High-to-Low,SSP3,Capacity|Electricity|Coal,North America (R10),1
High-to-Low,SSP3,Capacity|Electricity|Coal,Pacific OECD (R10),1
High-to-Low,SSP3,Capacity|Electricity|Coal,Reforming Economies (R10),1
High-to-Low,SSP3,Capacity|Electricity|Coal,Rest of Asia (R10),1
High-to-Low,SSP3,Capacity|Electricity|Coal,World,1
High-to-Low,SSP3,Capacity|Electricity|Gas,Africa (R10),1
High-to-Low,SSP3,Capacity|Electricity|Gas,China+ (R10),1
High-to-Low,SSP3,Capacity|Electricity|Gas,Europe (R10),1
High-to-Low,SSP3,Capacity|Electricity|Gas,India+ (R10),1
High-to-Low,SSP3,Capacity|Electricity|Gas,Latin America (R10),1
High-to-Low,SSP3,Capacity|Electricity|Gas,Middle East (R10),1
High-to-Low,SSP3,Capacity|Electricity|Gas,North America (R10),1
High-to-Low,SSP3,Capacity|Electricity|Gas,Pacific OECD (R10),1
High-to-Low,SSP3,Capacity|Electricity|Gas,Reforming Economies (R10),1
High-to-Low,SSP3,Capacity|Electricity|Gas,Rest of Asia (R10),1
High-to-Low,SSP3,Capacity|Electricity|Gas,World,1
High-to-Low,SSP3,Capacity|Electricity|Geothermal,Africa (R10),1
High-to-Low,SSP3,Capacity|Electricity|Geothermal,China+ (R10),1
High-to-Low,SSP3,Capacity|Electricity|Geothermal,Europe (R10),1
High-to-Low,SSP3,Capacity|Electricity|Geothermal,India+ (R10),1
High-to-Low,SSP3,Capacity|Electricity|Geothermal,Latin America (R10),1
High-to-Low,SSP3,Capacity|Electricity|Geothermal,Middle East (R10),1
High-to-Low,SSP3,Capacity|Electricity|Geothermal,North America (R10),1
High-to-Low,SSP3,Capacity|Electricity|Geothermal,Pacific OECD (R10),1
High-to-Low,SSP3,Capacity|Electricity|Geothermal,Reforming Economies (R10),1
High-to-Low,SSP3,Capacity|Electricity|Geothermal,Rest of Asia (R10),1
High-to-Low,SSP3,Capacity|Electricity|Geothermal,World,1
High-to-Low,SSP3,Capacity|Electricity|Hydro,Africa (R10),1
High-to-Low,SSP3,Capacity|Electricity|Hydro,China+ (R10),1
High-to-Low,SSP3,Capacity|Electricity|Hydro,Europe (R10),1
High-to-Low,SSP3,Capacity|Electricity|Hydro,India+ (R10),1
High-to-Low,SSP3,Capacity|Electricity|Hydro,Latin America (R10),1
High-to-Low,SSP3,Capacity|Electricity|Hydro,Middle East (R10),1
High-to-Low,SSP3,Capacity|Electricity|Hydro,North America (R10),1
High-to-Low,SSP3,Capacity|Electricity|Hydro,Pacific OECD (R10),1
High-to-Low,SSP3,Capacity|Electricity|Hydro,Reforming Economies (R10),1
High-to-Low,SSP3,Capacity|Electricity|Hydro,Rest of Asia (R10),1
High-to-Low,SSP3,Capacity|Electricity|Hydro,World,1
High-to-Low,SSP3,Capacity|Electricity|Nuclear,Africa (R10),1
High-to-Low,SSP3,Capacity|Electricity|Nuclear,China+ (R10),1
High-to-Low,SSP3,Capacity|Electricity|Nuclear,Europe (R10),1
High-to-Low,SSP3,Capacity|Electricity|Nuclear,India+ (R10),1
High-to-Low,SSP3,Capacity|Electricity|Nuclear,Latin America (R10),1
High-to-Low,SSP3,Capacity|Electricity|Nuclear,Middle East (R10),1
High-to-Low,SSP3,Capacity|Electricity|Nuclear,North America (R10),1
High-to-Low,SSP3,Capacity|Electricity|Nuclear,Pacific OECD (R10),1
High-to-Low,SSP3,Capacity|Electricity|Nuclear,Reforming Economies (R10),1
High-to-Low,SSP3,Capacity|Electricity|Nuclear,Rest of Asia (R10),1
High-to-Low,SSP3,Capacity|Electricity|Nuclear,World,1
High-to-Low,SSP3,Capacity|Electricity|Oil,Africa (R10),1
High-to-Low,SSP3,Capacity|Electricity|Oil,China+ (R10),1
High-to-Low,SSP3,Capacity|Electricity|Oil,Europe (R10),1
High-to-Low,SSP3,Capacity|Electricity|Oil,India+ (R10),1
High-to-Low,SSP3,Capacity|Electricity|Oil,Latin America (R10),1
High-to-Low,SSP3,Capacity|Electricity|Oil,Middle East (R10),1
High-to-Low,SSP3,Capacity|Electricity|Oil,North America (R10),1
High-to-Low,SSP3,Capacity|Electricity|Oil,Pacific OECD (R10),1
High-to-Low,SSP3,Capacity|Electricity|Oil,Reforming Economies (R10),1
High-to-Low,SSP3,Capacity|Electricity|Oil,Rest of Asia (R10),1
High-to-Low,SSP3,Capacity|Electricity|Oil,World,1
High-to-Low,SSP3,Capacity|Electricity|Solar|CSP,Africa (R10),1
High-to-Low,SSP3,Capacity|Electricity|Solar|CSP,China+ (R10),1
High-to-Low,SSP3,Capacity|Electricity|Solar|CSP,Europe (R10),1
High-to-Low,SSP3,Capacity|Electricity|Solar|CSP,India+ (R10),1
High-to-Low,SSP3,Capacity|Electricity|Solar|CSP,Latin America (R10),1
High-to-Low,SSP3,Capacity|Electricity|Solar|CSP,Middle East (R10),1
High-to-Low,SSP3,Capacity|Electricity|Solar|CSP,North America (R10),1
High-to-Low,SSP3,Capacity|Electricity|Solar|CSP,Pacific OECD (R10),1
High-to-Low,SSP3,Capacity|Electricity|Solar|CSP,Reforming Economies (R10),1
High-to-Low,SSP3,Capacity|Electricity|Solar|CSP,Rest of Asia (R10),1
High-to-Low,SSP3,Capacity|Electricity|Solar|CSP,World,1
High-to-Low,SSP3,Capacity|Electricity|Solar|PV,Africa (R10),1
High-to-Low,SSP3,Capacity|Electricity|Solar|PV,China+ (R10),1
High-to-Low,SSP3,Capacity|Electricity|Solar|PV,Europe (R10),1
High-to-Low,SSP3,Capacity|Electricity|Solar|PV,India+ (R10),1
High-to-Low,SSP3,Capacity|Electricity|Solar|PV,Latin America (R10),1
High-to-Low,SSP3,Capacity|Electricity|Solar|PV,Middle East (R10),1
High-to-Low,SSP3,Capacity|Electricity|Solar|PV,North America (R10),1
High-to-Low,SSP3,Capacity|Electricity|Solar|PV,Pacific OECD (R10),1
High-to-Low,SSP3,Capacity|Electricity|Solar|PV,Reforming Economies (R10),1
High-to-Low,SSP3,Capacity|Electricity|Solar|PV,Rest of Asia (R10),1
High-to-Low,SSP3,Capacity|Electricity|Solar|PV,World,1
High-to-Low,SSP3,Capacity|Electricity|Wind|Offshore,Africa (R10),1
High-to-Low,SSP3,Capacity|Electricity|Wind|Offshore,China+ (R10),1
High-to-Low,SSP3,Capacity|Electricity|Wind|Offshore,Europe (R10),1
High-to-Low,SSP3,Capacity|Electricity|Wind|Offshore,India+ (R10),1
High-to-Low,SSP3,Capacity|Electricity|Wind|Offshore,Latin America (R10),1
High-to-Low,SSP3,Capacity|Electricity|Wind|Offshore,Middle East (R10),1
High-to-Low,SSP3,Capacity|Electricity|Wind|Offshore,North America (R10),1
High-to-Low,SSP3,Capacity|Electricity|Wind|Offshore,Pacific OECD (R10),1
High-to-Low,SSP3,Capacity|Electricity|Wind|Offshore,Reforming Economies (R10),1
High-to-Low,SSP3,Capacity|Electricity|Wind|Offshore,Rest of Asia (R10),1
High-to-Low,SSP3,Capacity|Electricity|Wind|Offshore,World,1
High-to-Low,SSP3,Capacity|Electricity|Wind|Onshore,Africa (R10),1
High-to-Low,SSP3,Capacity|Electricity|Wind|Onshore,China+ (R10),1
High-to-Low,SSP3,Capacity|Electricity|Wind|Onshore,Europe (R10),1
High-to-Low,SSP3,Capacity|Electricity|Wind|Onshore,India+ (R10),1
High-to-Low,SSP3,Capacity|Electricity|Wind|Onshore,Latin America (R10),1
High-to-Low,SSP3,Capacity|Electricity|Wind|Onshore,Middle East (R10),1
High-to-Low,SSP3,Capacity|Electricity|Wind|Onshore,North America (R10),1
High-to-Low,SSP3,Capacity|Electricity|Wind|Onshore,Pacific OECD (R10),1
High-to-Low,SSP3,Capacity|Electricity|Wind|Onshore,Reforming Economies (R10),1
High-to-Low,SSP3,Capacity|Electricity|Wind|Onshore,Rest of Asia (R10),1
High-to-Low,SSP3,Capacity|Electricity|Wind|Onshore,World,1
High-to-Low,SSP3,Food Intake|Crops [per capita],Africa (R10),1
High-to-Low,SSP3,Food Intake|Crops [per capita],China+ (R10),1
High-to-Low,SSP3,Food Intake|Crops [per capita],Europe (R10),1
High-to-Low,SSP3,Food Intake|Crops [per capita],India+ (R10),1
High-to-Low,SSP3,Food Intake|Crops [per capita],Latin America (R10),1
High-to-Low,SSP3,Food Intake|Crops [per capita],Middle East (R10),1
High-to-Low,SSP3,Food Intake|Crops [per capita],North America (R10),1
High-to-Low,SSP3,Food Intake|Crops [per capita],Pacific OECD (R10),1
High-to-Low,SSP3,Food Intake|Crops [per capita],Reforming Economies (R10),1
High-to-Low,SSP3,Food Intake|Crops [per capita],Rest of Asia (R10),1
High-to-Low,SSP3,Food Intake|Crops [per capita],World,1
High-to-Low,SSP3,Food Intake|Livestock [per capita],Africa (R10),1
High-to-Low,SSP3,Food Intake|Livestock [per capita],China+ (R10),1
High-to-Low,SSP3,Food Intake|Livestock [per capita],Europe (R10),1
High-to-Low,SSP3,Food Intake|Livestock [per capita],India+ (R10),1
High-to-Low,SSP3,Food Intake|Livestock [per capita],Latin America (R10),1
High-to-Low,SSP3,Food Intake|Livestock [per capita],Middle East (R10),1
High-to-Low,SSP3,Food Intake|Livestock [per capita],North America (R10),1
High-to-Low,SSP3,Food Intake|Livestock [per capita],Pacific OECD (R10),1
High-to-Low,SSP3,Food Intake|Livestock [per capita],Reforming Economies (R10),1
High-to-Low,SSP3,Food Intake|Livestock [per capita],Rest of Asia (R10),1
High-to-Low,SSP3,Food Intake|Livestock [per capita],World,1
High-to-Low,SSP3,Food Waste [per capita],Africa (R10),1
High-to-Low,SSP3,Food Waste [per capita],China+ (R10),1
High-to-Low,SSP3,Food Waste [per capita],Europe (R10),1
High-to-Low,SSP3,Food Waste [per capita],India+ (R10),1
High-to-Low,SSP3,Food Waste [per capita],Latin America (R10),1
High-to-Low,SSP3,Food Waste [per capita],Middle East (R10),1
High-to-Low,SSP3,Food Waste [per capita],North America (R10),1
High-to-Low,SSP3,Food Waste [per capita],Pacific OECD (R10),1
High-to-Low,SSP3,Food Waste [per capita],Reforming Economies (R10),1
High-to-Low,SSP3,Food Waste [per capita],Rest of Asia (R10),1
High-to-Low,SSP3,Food Waste [per capita],World,1
High-to-Low,SSP3,Forestry Production|Roundwood,Africa (R10),1
High-to-Low,SSP3,Forestry Production|Roundwood,China+ (R10),1
High-to-Low,SSP3,Forestry Production|Roundwood,Europe (R10),1
High-to-Low,SSP3,Forestry Production|Roundwood,India+ (R10),1
High-to-Low,SSP3,Forestry Production|Roundwood,Latin America (R10),1
High-to-Low,SSP3,Forestry Production|Roundwood,Middle East (R10),1
High-to-Low,SSP3,Forestry Production|Roundwood,North America (R10),1
High-to-Low,SSP3,Forestry Production|Roundwood,Pacific OECD (R10),1
High-to-Low,SSP3,Forestry Production|Roundwood,Reforming Economies (R10),1
High-to-Low,SSP3,Forestry Production|Roundwood,Rest of Asia (R10),1
High-to-Low,SSP3,Forestry Production|Roundwood,World,1
High-to-Low,SSP3,GDP|MER,Africa (R10),1
High-to-Low,SSP3,GDP|MER,China+ (R10),1
High-to-Low,SSP3,GDP|MER,Europe (R10),1
High-to-Low,SSP3,GDP|MER,India+ (R10),1
High-to-Low,SSP3,GDP|MER,Latin America (R10),1
High-to-Low,SSP3,GDP|MER,Middle East (R10),1
High-to-Low,SSP3,GDP|MER,North America (R10),1
High-to-Low,SSP3,GDP|MER,Pacific OECD (R10),1
High-to-Low,SSP3,GDP|MER,Reforming Economies (R10),1
High-to-Low,SSP3,GDP|MER,Rest of Asia (R10),1
High-to-Low,SSP3,GDP|MER,World,1
High-to-Low,SSP3,Population,Africa (R10),1
High-to-Low,SSP3,Population,China+ (R10),1
High-to-Low,SSP3,Population,Europe (R10),1
High-to-Low,SSP3,Population,India+ (R10),1
High-to-Low,SSP3,Population,Latin America (R10),1
High-to-Low,SSP3,Population,Middle East (R10),1
High-to-Low,SSP3,Population,North America (R10),1
High-to-Low,SSP3,Population,Pacific OECD (R10),1
High-to-Low,SSP3,Population,Reforming Economies (R10),1
High-to-Low,SSP3,Population,Rest of Asia (R10),1
High-to-Low,SSP3,Population,World,1
High-to-Low,SSP3,Primary Energy,Africa (R10),1
High-to-Low,SSP3,Primary Energy,China+ (R10),1
High-to-Low,SSP3,Primary Energy,Europe (R10),1
High-to-Low,SSP3,Primary Energy,India+ (R10),1
High-to-Low,SSP3,Primary Energy,Latin America (R10),1
High-to-Low,SSP3,Primary Energy,Middle East (R10),1
High-to-Low,SSP3,Primary Energy,North America (R10),1
High-to-Low,SSP3,Primary Energy,Pacific OECD (R10),1
High-to-Low,SSP3,Primary Energy,Reforming Economies (R10),1
High-to-Low,SSP3,Primary Energy,Rest of Asia (R10),1
High-to-Low,SSP3,Primary Energy,World,1
High-to-Low,SSP3,Primary Energy|Biomass,Africa (R10),1
High-to-Low,SSP3,Primary Energy|Biomass,China+ (R10),1
High-to-Low,SSP3,Primary Energy|Biomass,Europe (R10),1
High-to-Low,SSP3,Primary Energy|Biomass,India+ (R10),1
High-to-Low,SSP3,Primary Energy|Biomass,Latin America (R10),1
High-to-Low,SSP3,Primary Energy|Biomass,Middle East (R10),1
High-to-Low,SSP3,Primary Energy|Biomass,North America (R10),1
High-to-Low,SSP3,Primary Energy|Biomass,Pacific OECD (R10),1
High-to-Low,SSP3,Primary Energy|Biomass,Reforming Economies (R10),1
High-to-Low,SSP3,Primary Energy|Biomass,Rest of Asia (R10),1
High-to-Low,SSP3,Primary Energy|Biomass,World,1
High-to-Low,SSP3,Primary Energy|Coal,Africa (R10),1
High-to-Low,SSP3,Primary Energy|Coal,China+ (R10),1
High-to-Low,SSP3,Primary Energy|Coal,Europe (R10),1
High-to-Low,SSP3,Primary Energy|Coal,India+ (R10),1
High-to-Low,SSP3,Primary Energy|Coal,Latin America (R10),1
High-to-Low,SSP3,Primary Energy|Coal,Middle East (R10),1
High-to-Low,SSP3,Primary Energy|Coal,North America (R10),1
High-to-Low,SSP3,Primary Energy|Coal,Pacific OECD (R10),1
High-to-Low,SSP3,Primary Energy|Coal,Reforming Economies (R10),1
High-to-Low,SSP3,Primary Energy|Coal,Rest of Asia (R10),1
High-to-Low,SSP3,Primary Energy|Coal,World,1
High-to-Low,SSP3,Primary Energy|Fossil,Africa (R10),1
High-to-Low,SSP3,Primary Energy|Fossil,China+ (R10),1
High-to-Low,SSP3,Primary Energy|Fossil,Europe (R10),1
High-to-Low,SSP3,Primary Energy|Fossil,India+ (R10),1
High-to-Low,SSP3,Primary Energy|Fossil,Latin America (R10),1
High-to-Low,SSP3,Primary Energy|Fossil,Middle East (R10),1
High-to-Low,SSP3,Primary Energy|Fossil,North America (R10),1
High-to-Low,SSP3,Primary Energy|Fossil,Pacific OECD (R10),1
High-to-Low,SSP3,Primary Energy|Fossil,Reforming Economies (R10),1
High-to-Low,SSP3,Primary Energy|Fossil,Rest of Asia (R10),1
High-to-Low,SSP3,Primary Energy|Fossil,World,1
High-to-Low,SSP3,Primary Energy|Gas,Africa (R10),1
High-to-Low,SSP3,Primary Energy|Gas,China+ (R10),1
High-to-Low,SSP3,Primary Energy|Gas,Europe (R10),1
High-to-Low,SSP3,Primary Energy|Gas,India+ (R10),1
High-to-Low,SSP3,Primary Energy|Gas,Latin America (R10),1
High-to-Low,SSP3,Primary Energy|Gas,Middle East (R10),1
High-to-Low,SSP3,Primary Energy|Gas,North America (R10),1
High-to-Low,SSP3,Primary Energy|Gas,Pacific OECD (R10),1
High-to-Low,SSP3,Primary Energy|Gas,Reforming Economies (R10),1
High-to-Low,SSP3,Primary Energy|Gas,Rest of Asia (R10),1
High-to-Low,SSP3,Primary Energy|Gas,World,1
High-to-Low,SSP3,Primary Energy|Geothermal,Africa (R10),1
High-to-Low,SSP3,Primary Energy|Geothermal,China+ (R10),1
High-to-Low,SSP3,Primary Energy|Geothermal,Europe (R10),1
High-to-Low,SSP3,Primary Energy|Geothermal,India+ (R10),1
High-to-Low,SSP3,Primary Energy|Geothermal,Latin America (R10),1
High-to-Low,SSP3,Primary Energy|Geothermal,Middle East (R10),1
High-to-Low,SSP3,Primary Energy|Geothermal,North America (R10),1
High-to-Low,SSP3,Primary Energy|Geothermal,Pacific OECD (R10),1
High-to-Low,SSP3,Primary Energy|Geothermal,Reforming Economies (R10),1
High-to-Low,SSP3,Primary Energy|Geothermal,Rest of Asia (R10),1
High-to-Low,SSP3,Primary Energy|Geothermal,World,1
High-to-Low,SSP3,Primary Energy|Hydro,Africa (R10),1
High-to-Low,SSP3,Primary Energy|Hydro,China+ (R10),1
High-to-Low,SSP3,Primary Energy|Hydro,Europe (R10),1
High-to-Low,SSP3,Primary Energy|Hydro,India+ (R10),1
High-to-Low,SSP3,Primary Energy|Hydro,Latin America (R10),1
High-to-Low,SSP3,Primary Energy|Hydro,Middle East (R10),1
High-to-Low,SSP3,Primary Energy|Hydro,North America (R10),1
High-to-Low,SSP3,Primary Energy|Hydro,Pacific OECD (R10),1
High-to-Low,SSP3,Primary Energy|Hydro,Reforming Economies (R10),1
High-to-Low,SSP3,Primary Energy|Hydro,Rest of Asia (R10),1
High-to-Low,SSP3,Primary Energy|Hydro,World,1
High-to-Low,SSP3,Primary Energy|Non-Biomass Renewables,Africa (R10),1
High-to-Low,SSP3,Primary Energy|Non-Biomass Renewables,China+ (R10),1
High-to-Low,SSP3,Primary Energy|Non-Biomass Renewables,Europe (R10),1
High-to-Low,SSP3,Primary Energy|Non-Biomass Renewables,India+ (R10),1
High-to-Low,SSP3,Primary Energy|Non-Biomass Renewables,Latin America (R10),1
High-to-Low,SSP3,Primary Energy|Non-Biomass Renewables,Middle East (R10),1
High-to-Low,SSP3,Primary Energy|Non-Biomass Renewables,North America (R10),1
High-to-Low,SSP3,Primary Energy|Non-Biomass Renewables,Pacific OECD (R10),1
High-to-Low,SSP3,Primary Energy|Non-Biomass Renewables,Reforming Economies (R10),1
High-to-Low,SSP3,Primary Energy|Non-Biomass Renewables,Rest of Asia (R10),1
High-to-Low,SSP3,Primary Energy|Non-Biomass Renewables,World,1
High-to-Low,SSP3,Primary Energy|Nuclear,Africa (R10),1
High-to-Low,SSP3,Primary Energy|Nuclear,China+ (R10),1
High-to-Low,SSP3,Primary Energy|Nuclear,Europe (R10),1
High-to-Low,SSP3,Primary Energy|Nuclear,India+ (R10),1
High-to-Low,SSP3,Primary Energy|Nuclear,Latin America (R10),1
High-to-Low,SSP3,Primary Energy|Nuclear,Middle East (R10),1
High-to-Low,SSP3,Primary Energy|Nuclear,North America (R10),1
High-to-Low,SSP3,Primary Energy|Nuclear,Pacific OECD (R10),1
High-to-Low,SSP3,Primary Energy|Nuclear,Reforming Economies (R10),1
High-to-Low,SSP3,Primary Energy|Nuclear,Rest of Asia (R10),1
High-to-Low,SSP3,Primary Energy|Nuclear,World,1
High-to-Low,SSP3,Primary Energy|Ocean,Africa (R10),1
High-to-Low,SSP3,Primary Energy|Ocean,China+ (R10),1
High-to-Low,SSP3,Primary Energy|Ocean,Europe (R10),1
High-to-Low,SSP3,Primary Energy|Ocean,India+ (R10),1
High-to-Low,SSP3,Primary Energy|Ocean,Latin America (R10),1
High-to-Low,SSP3,Primary Energy|Ocean,Middle East (R10),1
High-to-Low,SSP3,Primary Energy|Ocean,North America (R10),1
High-to-Low,SSP3,Primary Energy|Ocean,Pacific OECD (R10),1
High-to-Low,SSP3,Primary Energy|Ocean,Reforming Economies (R10),1
High-to-Low,SSP3,Primary Energy|Ocean,Rest of Asia (R10),1
High-to-Low,SSP3,Primary Energy|Ocean,World,1
High-to-Low,SSP3,Primary Energy|Oil,Africa (R10),1
High-to-Low,SSP3,Primary Energy|Oil,China+ (R10),1
High-to-Low,SSP3,Primary Energy|Oil,Europe (R10),1
High-to-Low,SSP3,Primary Energy|Oil,India+ (R10),1
High-to-Low,SSP3,Primary Energy|Oil,Latin America (R10),1
High-to-Low,SSP3,Primary Energy|Oil,Middle East (R10),1
High-to-Low,SSP3,Primary Energy|Oil,North America (R10),1
High-to-Low,SSP3,Primary Energy|Oil,Pacific OECD (R10),1
High-to-Low,SSP3,Primary Energy|Oil,Reforming Economies (R10),1
High-to-Low,SSP3,Primary Energy|Oil,Rest of Asia (R10),1
High-to-Low,SSP3,Primary Energy|Oil,World,1
High-to-Low,SSP3,Primary Energy|Other,Africa (R10),1
High-to-Low,SSP3,Primary Energy|Other,China+ (R10),1
High-to-Low,SSP3,Primary Energy|Other,Europe (R10),1
High-to-Low,SSP3,Primary Energy|Other,India+ (R10),1
High-to-Low,SSP3,Primary Energy|Other,Latin America (R10),1
High-to-Low,SSP3,Primary Energy|Other,Middle East (R10),1
High-to-Low,SSP3,Primary Energy|Other,North America (R10),1
High-to-Low,SSP3,Primary Energy|Other,Pacific OECD (R10),1
High-to-Low,SSP3,Primary Energy|Other,Reforming Economies (R10),1
High-to-Low,SSP3,Primary Energy|Other,Rest of Asia (R10),1
High-to-Low,SSP3,Primary Energy|Other,World,1
High-to-Low,SSP3,Production|Iron and Steel|Steel,Africa (R10),1
High-to-Low,SSP3,Production|Iron and Steel|Steel,China+ (R10),1
High-to-Low,SSP3,Production|Iron and Steel|Steel,Europe (R10),1
High-to-Low,SSP3,Production|Iron and Steel|Steel,India+ (R10),1
High-to-Low,SSP3,Production|Iron and Steel|Steel,Latin America (R10),1
High-to-Low,SSP3,Production|Iron and Steel|Steel,Middle East (R10),1
High-to-Low,SSP3,Production|Iron and Steel|Steel,North America (R10),1
High-to-Low,SSP3,Production|Iron and Steel|Steel,Pacific OECD (R10),1
High-to-Low,SSP3,Production|Iron and Steel|Steel,Reforming Economies (R10),1
High-to-Low,SSP3,Production|Iron and Steel|Steel,Rest of Asia (R10),1
High-to-Low,SSP3,Production|Iron and Steel|Steel,World,1
High-to-Low,SSP3,Production|Non-Ferrous Metals|Aluminum,Africa (R10),1
High-to-Low,SSP3,Production|Non-Ferrous Metals|Aluminum,China+ (R10),1
High-to-Low,SSP3,Production|Non-Ferrous Metals|Aluminum,Europe (R10),1
High-to-Low,SSP3,Production|Non-Ferrous Metals|Aluminum,India+ (R10),1
High-to-Low,SSP3,Production|Non-Ferrous Metals|Aluminum,Latin America (R10),1
High-to-Low,SSP3,Production|Non-Ferrous Metals|Aluminum,Middle East (R10),1
High-to-Low,SSP3,Production|Non-Ferrous Metals|Aluminum,North America (R10),1
High-to-Low,SSP3,Production|Non-Ferrous Metals|Aluminum,Pacific OECD (R10),1
High-to-Low,SSP3,Production|Non-Ferrous Metals|Aluminum,Reforming Economies (R10),1
High-to-Low,SSP3,Production|Non-Ferrous Metals|Aluminum,Rest of Asia (R10),1
High-to-Low,SSP3,Production|Non-Ferrous Metals|Aluminum,World,1
High-to-Low,SSP3,Production|Non-Metallic Minerals|Cement,Africa (R10),1
High-to-Low,SSP3,Production|Non-Metallic Minerals|Cement,China+ (R10),1
High-to-Low,SSP3,Production|Non-Metallic Minerals|Cement,Europe (R10),1
High-to-Low,SSP3,Production|Non-Metallic Minerals|Cement,India+ (R10),1
High-to-Low,SSP3,Production|Non-Metallic Minerals|Cement,Latin America (R10),1
High-to-Low,SSP3,Production|Non-Metallic Minerals|Cement,Middle East (R10),1
High-to-Low,SSP3,Production|Non-Metallic Minerals|Cement,North America (R10),1
High-to-Low,SSP3,Production|Non-Metallic Minerals|Cement,Pacific OECD (R10),1
High-to-Low,SSP3,Production|Non-Metallic Minerals|Cement,Reforming Economies (R10),1
High-to-Low,SSP3,Production|Non-Metallic Minerals|Cement,Rest of Asia (R10),1
High-to-Low,SSP3,Production|Non-Metallic Minerals|Cement,World,1
High-to-Low,SSP3,Resource|Extraction|Coal,Africa (R10),1
High-to-Low,SSP3,Resource|Extraction|Coal,China+ (R10),1
High-to-Low,SSP3,Resource|Extraction|Coal,Europe (R10),1
High-to-Low,SSP3,Resource|Extraction|Coal,India+ (R10),1
High-to-Low,SSP3,Resource|Extraction|Coal,Latin America (R10),1
High-to-Low,SSP3,Resource|Extraction|Coal,Middle East (R10),1
High-to-Low,SSP3,Resource|Extraction|Coal,North America (R10),1
High-to-Low,SSP3,Resource|Extraction|Coal,Pacific OECD (R10),1
High-to-Low,SSP3,Resource|Extraction|Coal,Reforming Economies (R10),1
High-to-Low,SSP3,Resource|Extraction|Coal,Rest of Asia (R10),1
High-to-Low,SSP3,Resource|Extraction|Coal,World,1
High-to-Low,SSP3,Resource|Extraction|Gas,Africa (R10),1
High-to-Low,SSP3,Resource|Extraction|Gas,China+ (R10),1
High-to-Low,SSP3,Resource|Extraction|Gas,Europe (R10),1
High-to-Low,SSP3,Resource|Extraction|Gas,India+ (R10),1
High-to-Low,SSP3,Resource|Extraction|Gas,Latin America (R10),1
High-to-Low,SSP3,Resource|Extraction|Gas,Middle East (R10),1
High-to-Low,SSP3,Resource|Extraction|Gas,North America (R10),1
High-to-Low,SSP3,Resource|Extraction|Gas,Pacific OECD (R10),1
High-to-Low,SSP3,Resource|Extraction|Gas,Reforming Economies (R10),1
High-to-Low,SSP3,Resource|Extraction|Gas,Rest of Asia (R10),1
High-to-Low,SSP3,Resource|Extraction|Gas,World,1
High-to-Low,SSP3,Resource|Extraction|Oil,Africa (R10),1
High-to-Low,SSP3,Resource|Extraction|Oil,China+ (R10),1
High-to-Low,SSP3,Resource|Extraction|Oil,Europe (R10),1
High-to-Low,SSP3,Resource|Extraction|Oil,India+ (R10),1
High-to-Low,SSP3,Resource|Extraction|Oil,Latin America (R10),1
High-to-Low,SSP3,Resource|Extraction|Oil,Middle East (R10),1
High-to-Low,SSP3,Resource|Extraction|Oil,North America (R10),1
High-to-Low,SSP3,Resource|Extraction|Oil,Pacific OECD (R10),1
High-to-Low,SSP3,Resource|Extraction|Oil,Reforming Economies (R10),1
High-to-Low,SSP3,Resource|Extraction|Oil,Rest of Asia (R10),1
High-to-Low,SSP3,Resource|Extraction|Oil,World,1
High-to-Low,SSP5,Agricultural Demand|Residues,Africa (R10),1
High-to-Low,SSP5,Agricultural Demand|Residues,China+ (R10),1
High-to-Low,SSP5,Agricultural Demand|Residues,Europe (R10),1
High-to-Low,SSP5,Agricultural Demand|Residues,India+ (R10),1
High-to-Low,SSP5,Agricultural Demand|Residues,Latin America (R10),1
High-to-Low,SSP5,Agricultural Demand|Residues,Middle East (R10),1
High-to-Low,SSP5,Agricultural Demand|Residues,North America (R10),1
High-to-Low,SSP5,Agricultural Demand|Residues,Pacific OECD (R10),1
High-to-Low,SSP5,Agricultural Demand|Residues,Reforming Economies (R10),1
High-to-Low,SSP5,Agricultural Demand|Residues,Rest of Asia (R10),1
High-to-Low,SSP5,Agricultural Demand|Residues,World,1
High-to-Low,SSP5,Agricultural Production,Africa (R10),4
High-to-Low,SSP5,Agricultural Production,China+ (R10),4
High-to-Low,SSP5,Agricultural Production,Europe (R10),4
High-to-Low,SSP5,Agricultural Production,India+ (R10),4
High-to-Low,SSP5,Agricultural Production,Latin America (R10),4
High-to-Low,SSP5,Agricultural Production,Middle East (R10),4
High-to-Low,SSP5,Agricultural Production,North America (R10),4
High-to-Low,SSP5,Agricultural Production,Pacific OECD (R10),4
High-to-Low,SSP5,Agricultural Production,Reforming Economies (R10),4
High-to-Low,SSP5,Agricultural Production,Rest of Asia (R10),4
High-to-Low,SSP5,Agricultural Production,World,4
High-to-Low,SSP5,Agricultural Production|Crops,Africa (R10),4
High-to-Low,SSP5,Agricultural Production|Crops,China+ (R10),4
High-to-Low,SSP5,Agricultural Production|Crops,Europe (R10),4
High-to-Low,SSP5,Agricultural Production|Crops,India+ (R10),4
High-to-Low,SSP5,Agricultural Production|Crops,Latin America (R10),4
High-to-Low,SSP5,Agricultural Production|Crops,Middle East (R10),4
High-to-Low,SSP5,Agricultural Production|Crops,North America (R10),4
High-to-Low,SSP5,Agricultural Production|Crops,Pacific OECD (R10),4
High-to-Low,SSP5,Agricultural Production|Crops,Reforming Economies (R10),4
High-to-Low,SSP5,Agricultural Production|Crops,Rest of Asia (R10),4
High-to-Low,SSP5,Agricultural Production|Crops,World,4
High-to-Low,SSP5,Agricultural Production|Livestock,Africa (R10),4
High-to-Low,SSP5,Agricultural Production|Livestock,China+ (R10),4
High-to-Low,SSP5,Agricultural Production|Livestock,Europe (R10),4
High-to-Low,SSP5,Agricultural Production|Livestock,India+ (R10),4
High-to-Low,SSP5,Agricultural Production|Livestock,Latin America (R10),4
High-to-Low,SSP5,Agricultural Production|Livestock,Middle East (R10),4
High-to-Low,SSP5,Agricultural Production|Livestock,North America (R10),4
High-to-Low,SSP5,Agricultural Production|Livestock,Pacific OECD (R10),4
High-to-Low,SSP5,Agricultural Production|Livestock,Reforming Economies (R10),4
High-to-Low,SSP5,Agricultural Production|Livestock,Rest of Asia (R10),4
High-to-Low,SSP5,Agricultural Production|Livestock,World,4
High-to-Low,SSP5,Building Stock|Commercial|Floor Space|Gross,Africa (R10),1
High-to-Low,SSP5,Building Stock|Commercial|Floor Space|Gross,China+ (R10),1
High-to-Low,SSP5,Building Stock|Commercial|Floor Space|Gross,Europe (R10),1
High-to-Low,SSP5,Building Stock|Commercial|Floor Space|Gross,India+ (R10),1
High-to-Low,SSP5,Building Stock|Commercial|Floor Space|Gross,Latin America (R10),1
High-to-Low,SSP5,Building Stock|Commercial|Floor Space|Gross,Middle East (R10),1
High-to-Low,SSP5,Building Stock|Commercial|Floor Space|Gross,North America (R10),1
High-to-Low,SSP5,Building Stock|Commercial|Floor Space|Gross,Pacific OECD (R10),1
High-to-Low,SSP5,Building Stock|Commercial|Floor Space|Gross,Reforming Economies (R10),1
High-to-Low,SSP5,Building Stock|Commercial|Floor Space|Gross,Rest of Asia (R10),1
High-to-Low,SSP5,Building Stock|Commercial|Floor Space|Gross,World,1
High-to-Low,SSP5,Building Stock|Residential and Commercial|Floor Space|Gross,Africa (R10),1
High-to-Low,SSP5,Building Stock|Residential and Commercial|Floor Space|Gross,China+ (R10),1
High-to-Low,SSP5,Building Stock|Residential and Commercial|Floor Space|Gross,Europe (R10),1
High-to-Low,SSP5,Building Stock|Residential and Commercial|Floor Space|Gross,India+ (R10),1
High-to-Low,SSP5,Building Stock|Residential and Commercial|Floor Space|Gross,Latin America (R10),1
High-to-Low,SSP5,Building Stock|Residential and Commercial|Floor Space|Gross,Middle East (R10),1
High-to-Low,SSP5,Building Stock|Residential and Commercial|Floor Space|Gross,North America (R10),1
High-to-Low,SSP5,Building Stock|Residential and Commercial|Floor Space|Gross,Pacific OECD (R10),1
High-to-Low,SSP5,Building Stock|Residential and Commercial|Floor Space|Gross,Reforming Economies (R10),1
High-to-Low,SSP5,Building Stock|Residential and Commercial|Floor Space|Gross,Rest of Asia (R10),1
High-to-Low,SSP5,Building Stock|Residential and Commercial|Floor Space|Gross,World,1
High-to-Low,SSP5,Building Stock|Residential|Floor Space|Gross,Africa (R10),1
High-to-Low,SSP5,Building Stock|Residential|Floor Space|Gross,China+ (R10),1
High-to-Low,SSP5,Building Stock|Residential|Floor Space|Gross,Europe (R10),1
High-to-Low,SSP5,Building Stock|Residential|Floor Space|Gross,India+ (R10),1
High-to-Low,SSP5,Building Stock|Residential|Floor Space|Gross,Latin America (R10),1
High-to-Low,SSP5,Building Stock|Residential|Floor Space|Gross,Middle East (R10),1
High-to-Low,SSP5,Building Stock|Residential|Floor Space|Gross,North America (R10),1
High-to-Low,SSP5,Building Stock|Residential|Floor Space|Gross,Pacific OECD (R10),1
High-to-Low,SSP5,Building Stock|Residential|Floor Space|Gross,Reforming Economies (R10),1
High-to-Low,SSP5,Building Stock|Residential|Floor Space|Gross,Rest of Asia (R10),1
High-to-Low,SSP5,Building Stock|Residential|Floor Space|Gross,World,1
High-to-Low,SSP5,Capacity|Electricity|Biomass,Africa (R10),4
High-to-Low,SSP5,Capacity|Electricity|Biomass,China+ (R10),4
High-to-Low,SSP5,Capacity|Electricity|Biomass,Europe (R10),4
High-to-Low,SSP5,Capacity|Electricity|Biomass,India+ (R10),4
High-to-Low,SSP5,Capacity|Electricity|Biomass,Latin America (R10),4
High-to-Low,SSP5,Capacity|Electricity|Biomass,Middle East (R10),4
High-to-Low,SSP5,Capacity|Electricity|Biomass,North America (R10),4
High-to-Low,SSP5,Capacity|Electricity|Biomass,Pacific OECD (R10),4
High-to-Low,SSP5,Capacity|Electricity|Biomass,Reforming Economies (R10),4
High-to-Low,SSP5,Capacity|Electricity|Biomass,Rest of Asia (R10),4
High-to-Low,SSP5,Capacity|Electricity|Biomass,World,4
High-to-Low,SSP5,Capacity|Electricity|Coal,Africa (R10),4
High-to-Low,SSP5,Capacity|Electricity|Coal,China+ (R10),4
High-to-Low,SSP5,Capacity|Electricity|Coal,Europe (R10),4
High-to-Low,SSP5,Capacity|Electricity|Coal,India+ (R10),4
High-to-Low,SSP5,Capacity|Electricity|Coal,Latin America (R10),4
High-to-Low,SSP5,Capacity|Electricity|Coal,Middle East (R10),4
High-to-Low,SSP5,Capacity|Electricity|Coal,North America (R10),4
High-to-Low,SSP5,Capacity|Electricity|Coal,Pacific OECD (R10),4
High-to-Low,SSP5,Capacity|Electricity|Coal,Reforming Economies (R10),4
High-to-Low,SSP5,Capacity|Electricity|Coal,Rest of Asia (R10),4
High-to-Low,SSP5,Capacity|Electricity|Coal,World,4
High-to-Low,SSP5,Capacity|Electricity|Fossil,Africa (R10),3
High-to-Low,SSP5,Capacity|Electricity|Fossil,China+ (R10),3
High-to-Low,SSP5,Capacity|Electricity|Fossil,Europe (R10),3
High-to-Low,SSP5,Capacity|Electricity|Fossil,India+ (R10),3
High-to-Low,SSP5,Capacity|Electricity|Fossil,Latin America (R10),3
High-to-Low,SSP5,Capacity|Electricity|Fossil,Middle East (R10),3
High-to-Low,SSP5,Capacity|Electricity|Fossil,North America (R10),3
High-to-Low,SSP5,Capacity|Electricity|Fossil,Pacific OECD (R10),3
High-to-Low,SSP5,Capacity|Electricity|Fossil,Reforming Economies (R10),3
High-to-Low,SSP5,Capacity|Electricity|Fossil,Rest of Asia (R10),3
High-to-Low,SSP5,Capacity|Electricity|Fossil,World,3
High-to-Low,SSP5,Capacity|Electricity|Gas,Africa (R10),4
High-to-Low,SSP5,Capacity|Electricity|Gas,China+ (R10),4
High-to-Low,SSP5,Capacity|Electricity|Gas,Europe (R10),4
High-to-Low,SSP5,Capacity|Electricity|Gas,India+ (R10),4
High-to-Low,SSP5,Capacity|Electricity|Gas,Latin America (R10),4
High-to-Low,SSP5,Capacity|Electricity|Gas,Middle East (R10),4
High-to-Low,SSP5,Capacity|Electricity|Gas,North America (R10),4
High-to-Low,SSP5,Capacity|Electricity|Gas,Pacific OECD (R10),4
High-to-Low,SSP5,Capacity|Electricity|Gas,Reforming Economies (R10),4
High-to-Low,SSP5,Capacity|Electricity|Gas,Rest of Asia (R10),4
High-to-Low,SSP5,Capacity|Electricity|Gas,World,4
High-to-Low,SSP5,Capacity|Electricity|Geothermal,Africa (R10),3
High-to-Low,SSP5,Capacity|Electricity|Geothermal,China+ (R10),3
High-to-Low,SSP5,Capacity|Electricity|Geothermal,Europe (R10),3
High-to-Low,SSP5,Capacity|Electricity|Geothermal,India+ (R10),3
High-to-Low,SSP5,Capacity|Electricity|Geothermal,Latin America (R10),3
High-to-Low,SSP5,Capacity|Electricity|Geothermal,Middle East (R10),3
High-to-Low,SSP5,Capacity|Electricity|Geothermal,North America (R10),3
High-to-Low,SSP5,Capacity|Electricity|Geothermal,Pacific OECD (R10),3
High-to-Low,SSP5,Capacity|Electricity|Geothermal,Reforming Economies (R10),3
High-to-Low,SSP5,Capacity|Electricity|Geothermal,Rest of Asia (R10),3
High-to-Low,SSP5,Capacity|Electricity|Geothermal,World,3
High-to-Low,SSP5,Capacity|Electricity|Hydro,Africa (R10),4
High-to-Low,SSP5,Capacity|Electricity|Hydro,China+ (R10),4
High-to-Low,SSP5,Capacity|Electricity|Hydro,Europe (R10),4
High-to-Low,SSP5,Capacity|Electricity|Hydro,India+ (R10),4
High-to-Low,SSP5,Capacity|Electricity|Hydro,Latin America (R10),4
High-to-Low,SSP5,Capacity|Electricity|Hydro,Middle East (R10),4
High-to-Low,SSP5,Capacity|Electricity|Hydro,North America (R10),4
High-to-Low,SSP5,Capacity|Electricity|Hydro,Pacific OECD (R10),4
High-to-Low,SSP5,Capacity|Electricity|Hydro,Reforming Economies (R10),4
High-to-Low,SSP5,Capacity|Electricity|Hydro,Rest of Asia (R10),4
High-to-Low,SSP5,Capacity|Electricity|Hydro,World,4
High-to-Low,SSP5,Capacity|Electricity|Hydrogen,Africa (R10),1
High-to-Low,SSP5,Capacity|Electricity|Hydrogen,China+ (R10),1
High-to-Low,SSP5,Capacity|Electricity|Hydrogen,Europe (R10),1
High-to-Low,SSP5,Capacity|Electricity|Hydrogen,India+ (R10),1
High-to-Low,SSP5,Capacity|Electricity|Hydrogen,Latin America (R10),1
High-to-Low,SSP5,Capacity|Electricity|Hydrogen,Middle East (R10),1
High-to-Low,SSP5,Capacity|Electricity|Hydrogen,North America (R10),1
High-to-Low,SSP5,Capacity|Electricity|Hydrogen,Pacific OECD (R10),1
High-to-Low,SSP5,Capacity|Electricity|Hydrogen,Reforming Economies (R10),1
High-to-Low,SSP5,Capacity|Electricity|Hydrogen,Rest of Asia (R10),1
High-to-Low,SSP5,Capacity|Electricity|Hydrogen,World,1
High-to-Low,SSP5,Capacity|Electricity|Nuclear,Africa (R10),4
High-to-Low,SSP5,Capacity|Electricity|Nuclear,China+ (R10),4
High-to-Low,SSP5,Capacity|Electricity|Nuclear,Europe (R10),4
High-to-Low,SSP5,Capacity|Electricity|Nuclear,India+ (R10),4
High-to-Low,SSP5,Capacity|Electricity|Nuclear,Latin America (R10),4
High-to-Low,SSP5,Capacity|Electricity|Nuclear,Middle East (R10),4
High-to-Low,SSP5,Capacity|Electricity|Nuclear,North America (R10),4
High-to-Low,SSP5,Capacity|Electricity|Nuclear,Pacific OECD (R10),4
High-to-Low,SSP5,Capacity|Electricity|Nuclear,Reforming Economies (R10),4
High-to-Low,SSP5,Capacity|Electricity|Nuclear,Rest of Asia (R10),4
High-to-Low,SSP5,Capacity|Electricity|Nuclear,World,4
High-to-Low,SSP5,Capacity|Electricity|Oil,Africa (R10),4
High-to-Low,SSP5,Capacity|Electricity|Oil,China+ (R10),4
High-to-Low,SSP5,Capacity|Electricity|Oil,Europe (R10),4
High-to-Low,SSP5,Capacity|Electricity|Oil,India+ (R10),4
High-to-Low,SSP5,Capacity|Electricity|Oil,Latin America (R10),4
High-to-Low,SSP5,Capacity|Electricity|Oil,Middle East (R10),4
High-to-Low,SSP5,Capacity|Electricity|Oil,North America (R10),4
High-to-Low,SSP5,Capacity|Electricity|Oil,Pacific OECD (R10),4
High-to-Low,SSP5,Capacity|Electricity|Oil,Reforming Economies (R10),4
High-to-Low,SSP5,Capacity|Electricity|Oil,Rest of Asia (R10),4
High-to-Low,SSP5,Capacity|Electricity|Oil,World,4
High-to-Low,SSP5,Capacity|Electricity|Other,Africa (R10),2
High-to-Low,SSP5,Capacity|Electricity|Other,China+ (R10),2
High-to-Low,SSP5,Capacity|Electricity|Other,Europe (R10),2
High-to-Low,SSP5,Capacity|Electricity|Other,India+ (R10),2
High-to-Low,SSP5,Capacity|Electricity|Other,Latin America (R10),2
High-to-Low,SSP5,Capacity|Electricity|Other,Middle East (R10),2
High-to-Low,SSP5,Capacity|Electricity|Other,North America (R10),2
High-to-Low,SSP5,Capacity|Electricity|Other,Pacific OECD (R10),2
High-to-Low,SSP5,Capacity|Electricity|Other,Reforming Economies (R10),2
High-to-Low,SSP5,Capacity|Electricity|Other,Rest of Asia (R10),2
High-to-Low,SSP5,Capacity|Electricity|Other,World,2
High-to-Low,SSP5,Capacity|Electricity|Solar|CSP,Africa (R10),4
High-to-Low,SSP5,Capacity|Electricity|Solar|CSP,China+ (R10),4
High-to-Low,SSP5,Capacity|Electricity|Solar|CSP,Europe (R10),4
High-to-Low,SSP5,Capacity|Electricity|Solar|CSP,India+ (R10),4
High-to-Low,SSP5,Capacity|Electricity|Solar|CSP,Latin America (R10),4
High-to-Low,SSP5,Capacity|Electricity|Solar|CSP,Middle East (R10),4
High-to-Low,SSP5,Capacity|Electricity|Solar|CSP,North America (R10),4
High-to-Low,SSP5,Capacity|Electricity|Solar|CSP,Pacific OECD (R10),4
High-to-Low,SSP5,Capacity|Electricity|Solar|CSP,Reforming Economies (R10),4
High-to-Low,SSP5,Capacity|Electricity|Solar|CSP,Rest of Asia (R10),4
High-to-Low,SSP5,Capacity|Electricity|Solar|CSP,World,4
High-to-Low,SSP5,Capacity|Electricity|Solar|PV,Africa (R10),4
High-to-Low,SSP5,Capacity|Electricity|Solar|PV,China+ (R10),4
High-to-Low,SSP5,Capacity|Electricity|Solar|PV,Europe (R10),4
High-to-Low,SSP5,Capacity|Electricity|Solar|PV,India+ (R10),4
High-to-Low,SSP5,Capacity|Electricity|Solar|PV,Latin America (R10),4
High-to-Low,SSP5,Capacity|Electricity|Solar|PV,Middle East (R10),4
High-to-Low,SSP5,Capacity|Electricity|Solar|PV,North America (R10),4
High-to-Low,SSP5,Capacity|Electricity|Solar|PV,Pacific OECD (R10),4
High-to-Low,SSP5,Capacity|Electricity|Solar|PV,Reforming Economies (R10),4
High-to-Low,SSP5,Capacity|Electricity|Solar|PV,Rest of Asia (R10),4
High-to-Low,SSP5,Capacity|Electricity|Solar|PV,World,4
High-to-Low,SSP5,Capacity|Electricity|Wind|Offshore,Africa (R10),4
High-to-Low,SSP5,Capacity|Electricity|Wind|Offshore,China+ (R10),4
High-to-Low,SSP5,Capacity|Electricity|Wind|Offshore,Europe (R10),4
High-to-Low,SSP5,Capacity|Electricity|Wind|Offshore,India+ (R10),4
High-to-Low,SSP5,Capacity|Electricity|Wind|Offshore,Latin America (R10),4
High-to-Low,SSP5,Capacity|Electricity|Wind|Offshore,Middle East (R10),4
High-to-Low,SSP5,Capacity|Electricity|Wind|Offshore,North America (R10),4
High-to-Low,SSP5,Capacity|Electricity|Wind|Offshore,Pacific OECD (R10),4
High-to-Low,SSP5,Capacity|Electricity|Wind|Offshore,Reforming Economies (R10),4
High-to-Low,SSP5,Capacity|Electricity|Wind|Offshore,Rest of Asia (R10),4
High-to-Low,SSP5,Capacity|Electricity|Wind|Offshore,World,4
High-to-Low,SSP5,Capacity|Electricity|Wind|Onshore,Africa (R10),4
High-to-Low,SSP5,Capacity|Electricity|Wind|Onshore,China+ (R10),4
High-to-Low,SSP5,Capacity|Electricity|Wind|Onshore,Europe (R10),4
High-to-Low,SSP5,Capacity|Electricity|Wind|Onshore,India+ (R10),4
High-to-Low,SSP5,Capacity|Electricity|Wind|Onshore,Latin America (R10),4
High-to-Low,SSP5,Capacity|Electricity|Wind|Onshore,Middle East (R10),4
High-to-Low,SSP5,Capacity|Electricity|Wind|Onshore,North America (R10),4
High-to-Low,SSP5,Capacity|Electricity|Wind|Onshore,Pacific OECD (R10),4
High-to-Low,SSP5,Capacity|Electricity|Wind|Onshore,Reforming Economies (R10),4
High-to-Low,SSP5,Capacity|Electricity|Wind|Onshore,Rest of Asia (R10),4
High-to-Low,SSP5,Capacity|Electricity|Wind|Onshore,World,4
High-to-Low,SSP5,Food Intake|Crops [per capita],Africa (R10),3
High-to-Low,SSP5,Food Intake|Crops [per capita],China+ (R10),3
High-to-Low,SSP5,Food Intake|Crops [per capita],Europe (R10),3
High-to-Low,SSP5,Food Intake|Crops [per capita],India+ (R10),3
High-to-Low,SSP5,Food Intake|Crops [per capita],Latin America (R10),3
High-to-Low,SSP5,Food Intake|Crops [per capita],Middle East (R10),3
High-to-Low,SSP5,Food Intake|Crops [per capita],North America (R10),3
High-to-Low,SSP5,Food Intake|Crops [per capita],Pacific OECD (R10),3
High-to-Low,SSP5,Food Intake|Crops [per capita],Reforming Economies (R10),3
High-to-Low,SSP5,Food Intake|Crops [per capita],Rest of Asia (R10),3
High-to-Low,SSP5,Food Intake|Crops [per capita],World,3
High-to-Low,SSP5,Food Intake|Livestock [per capita],Africa (R10),3
High-to-Low,SSP5,Food Intake|Livestock [per capita],China+ (R10),3
High-to-Low,SSP5,Food Intake|Livestock [per capita],Europe (R10),3
High-to-Low,SSP5,Food Intake|Livestock [per capita],India+ (R10),3
High-to-Low,SSP5,Food Intake|Livestock [per capita],Latin America (R10),3
High-to-Low,SSP5,Food Intake|Livestock [per capita],Middle East (R10),3
High-to-Low,SSP5,Food Intake|Livestock [per capita],North America (R10),3
High-to-Low,SSP5,Food Intake|Livestock [per capita],Pacific OECD (R10),3
High-to-Low,SSP5,Food Intake|Livestock [per capita],Reforming Economies (R10),3
High-to-Low,SSP5,Food Intake|Livestock [per capita],Rest of Asia (R10),3
High-to-Low,SSP5,Food Intake|Livestock [per capita],World,3
High-to-Low,SSP5,Food Waste [per capita],Africa (R10),2
High-to-Low,SSP5,Food Waste [per capita],China+ (R10),2
High-to-Low,SSP5,Food Waste [per capita],Europe (R10),2
High-to-Low,SSP5,Food Waste [per capita],India+ (R10),2
High-to-Low,SSP5,Food Waste [per capita],Latin America (R10),2
High-to-Low,SSP5,Food Waste [per capita],Middle East (R10),2
High-to-Low,SSP5,Food Waste [per capita],North America (R10),2
High-to-Low,SSP5,Food Waste [per capita],Pacific OECD (R10),2
High-to-Low,SSP5,Food Waste [per capita],Reforming Economies (R10),2
High-to-Low,SSP5,Food Waste [per capita],Rest of Asia (R10),2
High-to-Low,SSP5,Food Waste [per capita],World,2
High-to-Low,SSP5,Forestry Production|Roundwood,Africa (R10),4
High-to-Low,SSP5,Forestry Production|Roundwood,China+ (R10),4
High-to-Low,SSP5,Forestry Production|Roundwood,Europe (R10),4
High-to-Low,SSP5,Forestry Production|Roundwood,India+ (R10),4
High-to-Low,SSP5,Forestry Production|Roundwood,Latin America (R10),4
High-to-Low,SSP5,Forestry Production|Roundwood,Middle East (R10),4
High-to-Low,SSP5,Forestry Production|Roundwood,North America (R10),4
High-to-Low,SSP5,Forestry Production|Roundwood,Pacific OECD (R10),4
High-to-Low,SSP5,Forestry Production|Roundwood,Reforming Economies (R10),4
High-to-Low,SSP5,Forestry Production|Roundwood,Rest of Asia (R10),4
High-to-Low,SSP5,Forestry Production|Roundwood,World,4
High-to-Low,SSP5,GDP|MER,Africa (R10),4
High-to-Low,SSP5,GDP|MER,China+ (R10),4
High-to-Low,SSP5,GDP|MER,Europe (R10),4
High-to-Low,SSP5,GDP|MER,India+ (R10),4
High-to-Low,SSP5,GDP|MER,Latin America (R10),4
High-to-Low,SSP5,GDP|MER,Middle East (R10),4
High-to-Low,SSP5,GDP|MER,North America (R10),4
High-to-Low,SSP5,GDP|MER,Pacific OECD (R10),4
High-to-Low,SSP5,GDP|MER,Reforming Economies (R10),4
High-to-Low,SSP5,GDP|MER,Rest of Asia (R10),4
High-to-Low,SSP5,GDP|MER,World,4
High-to-Low,SSP5,Population,Africa (R10),4
High-to-Low,SSP5,Population,China+ (R10),4
High-to-Low,SSP5,Population,Europe (R10),4
High-to-Low,SSP5,Population,India+ (R10),4
High-to-Low,SSP5,Population,Latin America (R10),4
High-to-Low,SSP5,Population,Middle East (R10),4
High-to-Low,SSP5,Population,North America (R10),4
High-to-Low,SSP5,Population,Pacific OECD (R10),4
High-to-Low,SSP5,Population,Reforming Economies (R10),4
High-to-Low,SSP5,Population,Rest of Asia (R10),4
High-to-Low,SSP5,Population,World,4
High-to-Low,SSP5,Primary Energy,Africa (R10),4
High-to-Low,SSP5,Primary Energy,China+ (R10),4
High-to-Low,SSP5,Primary Energy,Europe (R10),4
High-to-Low,SSP5,Primary Energy,India+ (R10),4
High-to-Low,SSP5,Primary Energy,Latin America (R10),4
High-to-Low,SSP5,Primary Energy,Middle East (R10),4
High-to-Low,SSP5,Primary Energy,North America (R10),4
High-to-Low,SSP5,Primary Energy,Pacific OECD (R10),4
High-to-Low,SSP5,Primary Energy,Reforming Economies (R10),4
High-to-Low,SSP5,Primary Energy,Rest of Asia (R10),4
High-to-Low,SSP5,Primary Energy,World,4
High-to-Low,SSP5,Primary Energy|Biomass,Africa (R10),4
High-to-Low,SSP5,Primary Energy|Biomass,China+ (R10),4
High-to-Low,SSP5,Primary Energy|Biomass,Europe (R10),4
High-to-Low,SSP5,Primary Energy|Biomass,India+ (R10),4
High-to-Low,SSP5,Primary Energy|Biomass,Latin America (R10),4
High-to-Low,SSP5,Primary Energy|Biomass,Middle East (R10),4
High-to-Low,SSP5,Primary Energy|Biomass,North America (R10),4
High-to-Low,SSP5,Primary Energy|Biomass,Pacific OECD (R10),4
High-to-Low,SSP5,Primary Energy|Biomass,Reforming Economies (R10),4
High-to-Low,SSP5,Primary Energy|Biomass,Rest of Asia (R10),4
High-to-Low,SSP5,Primary Energy|Biomass,World,4
High-to-Low,SSP5,Primary Energy|Coal,Africa (R10),4
High-to-Low,SSP5,Primary Energy|Coal,China+ (R10),4
High-to-Low,SSP5,Primary Energy|Coal,Europe (R10),4
High-to-Low,SSP5,Primary Energy|Coal,India+ (R10),4
High-to-Low,SSP5,Primary Energy|Coal,Latin America (R10),4
High-to-Low,SSP5,Primary Energy|Coal,Middle East (R10),4
High-to-Low,SSP5,Primary Energy|Coal,North America (R10),4
High-to-Low,SSP5,Primary Energy|Coal,Pacific OECD (R10),4
High-to-Low,SSP5,Primary Energy|Coal,Reforming Economies (R10),4
High-to-Low,SSP5,Primary Energy|Coal,Rest of Asia (R10),4
High-to-Low,SSP5,Primary Energy|Coal,World,4
High-to-Low,SSP5,Primary Energy|Fossil,Africa (R10),4
High-to-Low,SSP5,Primary Energy|Fossil,China+ (R10),4
High-to-Low,SSP5,Primary Energy|Fossil,Europe (R10),4
High-to-Low,SSP5,Primary Energy|Fossil,India+ (R10),4
High-to-Low,SSP5,Primary Energy|Fossil,Latin America (R10),4
High-to-Low,SSP5,Primary Energy|Fossil,Middle East (R10),4
High-to-Low,SSP5,Primary Energy|Fossil,North America (R10),4
High-to-Low,SSP5,Primary Energy|Fossil,Pacific OECD (R10),4
High-to-Low,SSP5,Primary Energy|Fossil,Reforming Economies (R10),4
High-to-Low,SSP5,Primary Energy|Fossil,Rest of Asia (R10),4
High-to-Low,SSP5,Primary Energy|Fossil,World,4
High-to-Low,SSP5,Primary Energy|Gas,Africa (R10),4
High-to-Low,SSP5,Primary Energy|Gas,China+ (R10),4
High-to-Low,SSP5,Primary Energy|Gas,Europe (R10),4
High-to-Low,SSP5,Primary Energy|Gas,India+ (R10),4
High-to-Low,SSP5,Primary Energy|Gas,Latin America (R10),4
High-to-Low,SSP5,Primary Energy|Gas,Middle East (R10),4
High-to-Low,SSP5,Primary Energy|Gas,North America (R10),4
High-to-Low,SSP5,Primary Energy|Gas,Pacific OECD (R10),4
High-to-Low,SSP5,Primary Energy|Gas,Reforming Economies (R10),4
High-to-Low,SSP5,Primary Energy|Gas,Rest of Asia (R10),4
High-to-Low,SSP5,Primary Energy|Gas,World,4
High-to-Low,SSP5,Primary Energy|Geothermal,Africa (R10),2
High-to-Low,SSP5,Primary Energy|Geothermal,China+ (R10),2
High-to-Low,SSP5,Primary Energy|Geothermal,Europe (R10),2
High-to-Low,SSP5,Primary Energy|Geothermal,India+ (R10),2
High-to-Low,SSP5,Primary Energy|Geothermal,Latin America (R10),2
High-to-Low,SSP5,Primary Energy|Geothermal,Middle East (R10),2
High-to-Low,SSP5,Primary Energy|Geothermal,North America (R10),2
High-to-Low,SSP5,Primary Energy|Geothermal,Pacific OECD (R10),2
High-to-Low,SSP5,Primary Energy|Geothermal,Reforming Economies (R10),2
High-to-Low,SSP5,Primary Energy|Geothermal,Rest of Asia (R10),2
High-to-Low,SSP5,Primary Energy|Geothermal,World,2
High-to-Low,SSP5,Primary Energy|Hydro,Africa (R10),4
High-to-Low,SSP5,Primary Energy|Hydro,China+ (R10),4
High-to-Low,SSP5,Primary Energy|Hydro,Europe (R10),4
High-to-Low,SSP5,Primary Energy|Hydro,India+ (R10),4
High-to-Low,SSP5,Primary Energy|Hydro,Latin America (R10),4
High-to-Low,SSP5,Primary Energy|Hydro,Middle East (R10),4
High-to-Low,SSP5,Primary Energy|Hydro,North America (R10),4
High-to-Low,SSP5,Primary Energy|Hydro,Pacific OECD (R10),4
High-to-Low,SSP5,Primary Energy|Hydro,Reforming Economies (R10),4
High-to-Low,SSP5,Primary Energy|Hydro,Rest of Asia (R10),4
High-to-Low,SSP5,Primary Energy|Hydro,World,4
High-to-Low,SSP5,Primary Energy|Non-Biomass Renewables,Africa (R10),4
High-to-Low,SSP5,Primary Energy|Non-Biomass Renewables,China+ (R10),4
High-to-Low,SSP5,Primary Energy|Non-Biomass Renewables,Europe (R10),4
High-to-Low,SSP5,Primary Energy|Non-Biomass Renewables,India+ (R10),4
High-to-Low,SSP5,Primary Energy|Non-Biomass Renewables,Latin America (R10),4
High-to-Low,SSP5,Primary Energy|Non-Biomass Renewables,Middle East (R10),4
High-to-Low,SSP5,Primary Energy|Non-Biomass Renewables,North America (R10),4
High-to-Low,SSP5,Primary Energy|Non-Biomass Renewables,Pacific OECD (R10),4
High-to-Low,SSP5,Primary Energy|Non-Biomass Renewables,Reforming Economies (R10),4
High-to-Low,SSP5,Primary Energy|Non-Biomass Renewables,Rest of Asia (R10),4
High-to-Low,SSP5,Primary Energy|Non-Biomass Renewables,World,4
High-to-Low,SSP5,Primary Energy|Nuclear,Africa (R10),4
High-to-Low,SSP5,Primary Energy|Nuclear,China+ (R10),4
High-to-Low,SSP5,Primary Energy|Nuclear,Europe (R10),4
High-to-Low,SSP5,Primary Energy|Nuclear,India+ (R10),4
High-to-Low,SSP5,Primary Energy|Nuclear,Latin America (R10),4
High-to-Low,SSP5,Primary Energy|Nuclear,Middle East (R10),4
High-to-Low,SSP5,Primary Energy|Nuclear,North America (R10),4
High-to-Low,SSP5,Primary Energy|Nuclear,Pacific OECD (R10),4
High-to-Low,SSP5,Primary Energy|Nuclear,Reforming Economies (R10),4
High-to-Low,SSP5,Primary Energy|Nuclear,Rest of Asia (R10),4
High-to-Low,SSP5,Primary Energy|Nuclear,World,4
High-to-Low,SSP5,Primary Energy|Ocean,Africa (R10),1
High-to-Low,SSP5,Primary Energy|Ocean,China+ (R10),1
High-to-Low,SSP5,Primary Energy|Ocean,Europe (R10),1
High-to-Low,SSP5,Primary Energy|Ocean,India+ (R10),1
High-to-Low,SSP5,Primary Energy|Ocean,Latin America (R10),1
High-to-Low,SSP5,Primary Energy|Ocean,Middle East (R10),1
High-to-Low,SSP5,Primary Energy|Ocean,North America (R10),1
High-to-Low,SSP5,Primary Energy|Ocean,Pacific OECD (R10),1
High-to-Low,SSP5,Primary Energy|Ocean,Reforming Economies (R10),1
High-to-Low,SSP5,Primary Energy|Ocean,Rest of Asia (R10),1
High-to-Low,SSP5,Primary Energy|Ocean,World,1
High-to-Low,SSP5,Primary Energy|Oil,Africa (R10),4
High-to-Low,SSP5,Primary Energy|Oil,China+ (R10),4
High-to-Low,SSP5,Primary Energy|Oil,Europe (R10),4
High-to-Low,SSP5,Primary Energy|Oil,India+ (R10),4
High-to-Low,SSP5,Primary Energy|Oil,Latin America (R10),4
High-to-Low,SSP5,Primary Energy|Oil,Middle East (R10),4
High-to-Low,SSP5,Primary Energy|Oil,North America (R10),4
High-to-Low,SSP5,Primary Energy|Oil,Pacific OECD (R10),4
High-to-Low,SSP5,Primary Energy|Oil,Reforming Economies (R10),4
High-to-Low,SSP5,Primary Energy|Oil,Rest of Asia (R10),4
High-to-Low,SSP5,Primary Energy|Oil,World,4
High-to-Low,SSP5,Primary Energy|Other,Africa (R10),3
High-to-Low,SSP5,Primary Energy|Other,China+ (R10),3
High-to-Low,SSP5,Primary Energy|Other,Europe (R10),3
High-to-Low,SSP5,Primary Energy|Other,India+ (R10),3
High-to-Low,SSP5,Primary Energy|Other,Latin America (R10),3
High-to-Low,SSP5,Primary Energy|Other,Middle East (R10),3
High-to-Low,SSP5,Primary Energy|Other,North America (R10),3
High-to-Low,SSP5,Primary Energy|Other,Pacific OECD (R10),3
High-to-Low,SSP5,Primary Energy|Other,Reforming Economies (R10),3
High-to-Low,SSP5,Primary Energy|Other,Rest of Asia (R10),3
High-to-Low,SSP5,Primary Energy|Other,World,3
High-to-Low,SSP5,Production|Iron and Steel|Steel,Africa (R10),3
High-to-Low,SSP5,Production|Iron and Steel|Steel,China+ (R10),3
High-to-Low,SSP5,Production|Iron and Steel|Steel,Europe (R10),3
High-to-Low,SSP5,Production|Iron and Steel|Steel,India+ (R10),3
High-to-Low,SSP5,Production|Iron and Steel|Steel,Latin America (R10),3
High-to-Low,SSP5,Production|Iron and Steel|Steel,Middle East (R10),3
High-to-Low,SSP5,Production|Iron and Steel|Steel,North America (R10),3
High-to-Low,SSP5,Production|Iron and Steel|Steel,Pacific OECD (R10),3
High-to-Low,SSP5,Production|Iron and Steel|Steel,Reforming Economies (R10),3
High-to-Low,SSP5,Production|Iron and Steel|Steel,Rest of Asia (R10),3
High-to-Low,SSP5,Production|Iron and Steel|Steel,World,3
High-to-Low,SSP5,Production|Non-Ferrous Metals|Aluminum,Africa (R10),1
High-to-Low,SSP5,Production|Non-Ferrous Metals|Aluminum,China+ (R10),1
High-to-Low,SSP5,Production|Non-Ferrous Metals|Aluminum,Europe (R10),1
High-to-Low,SSP5,Production|Non-Ferrous Metals|Aluminum,India+ (R10),1
High-to-Low,SSP5,Production|Non-Ferrous Metals|Aluminum,Latin America (R10),1
High-to-Low,SSP5,Production|Non-Ferrous Metals|Aluminum,Middle East (R10),1
High-to-Low,SSP5,Production|Non-Ferrous Metals|Aluminum,North America (R10),1
High-to-Low,SSP5,Production|Non-Ferrous Metals|Aluminum,Pacific OECD (R10),1
High-to-Low,SSP5,Production|Non-Ferrous Metals|Aluminum,Reforming Economies (R10),1
High-to-Low,SSP5,Production|Non-Ferrous Metals|Aluminum,Rest of Asia (R10),1
High-to-Low,SSP5,Production|Non-Ferrous Metals|Aluminum,World,1
High-to-Low,SSP5,Production|Non-Metallic Minerals|Cement,Africa (R10),3
High-to-Low,SSP5,Production|Non-Metallic Minerals|Cement,China+ (R10),3
High-to-Low,SSP5,Production|Non-Metallic Minerals|Cement,Europe (R10),3
High-to-Low,SSP5,Production|Non-Metallic Minerals|Cement,India+ (R10),3
High-to-Low,SSP5,Production|Non-Metallic Minerals|Cement,Latin America (R10),3
High-to-Low,SSP5,Production|Non-Metallic Minerals|Cement,Middle East (R10),3
High-to-Low,SSP5,Production|Non-Metallic Minerals|Cement,North America (R10),3
High-to-Low,SSP5,Production|Non-Metallic Minerals|Cement,Pacific OECD (R10),3
High-to-Low,SSP5,Production|Non-Metallic Minerals|Cement,Reforming Economies (R10),3
High-to-Low,SSP5,Production|Non-Metallic Minerals|Cement,Rest of Asia (R10),3
High-to-Low,SSP5,Production|Non-Metallic Minerals|Cement,World,3
High-to-Low,SSP5,Resource|Extraction|Coal,Africa (R10),3
High-to-Low,SSP5,Resource|Extraction|Coal,China+ (R10),3
High-to-Low,SSP5,Resource|Extraction|Coal,Europe (R10),3
High-to-Low,SSP5,Resource|Extraction|Coal,India+ (R10),3
High-to-Low,SSP5,Resource|Extraction|Coal,Latin America (R10),3
High-to-Low,SSP5,Resource|Extraction|Coal,Middle East (R10),3
High-to-Low,SSP5,Resource|Extraction|Coal,North America (R10),3
High-to-Low,SSP5,Resource|Extraction|Coal,Pacific OECD (R10),3
High-to-Low,SSP5,Resource|Extraction|Coal,Reforming Economies (R10),3
High-to-Low,SSP5,Resource|Extraction|Coal,Rest of Asia (R10),3
High-to-Low,SSP5,Resource|Extraction|Coal,World,3
High-to-Low,SSP5,Resource|Extraction|Gas,Africa (R10),3
High-to-Low,SSP5,Resource|Extraction|Gas,China+ (R10),3
High-to-Low,SSP5,Resource|Extraction|Gas,Europe (R10),3
High-to-Low,SSP5,Resource|Extraction|Gas,India+ (R10),3
High-to-Low,SSP5,Resource|Extraction|Gas,Latin America (R10),3
High-to-Low,SSP5,Resource|Extraction|Gas,Middle East (R10),3
High-to-Low,SSP5,Resource|Extraction|Gas,North America (R10),3
High-to-Low,SSP5,Resource|Extraction|Gas,Pacific OECD (R10),3
High-to-Low,SSP5,Resource|Extraction|Gas,Reforming Economies (R10),3
High-to-Low,SSP5,Resource|Extraction|Gas,Rest of Asia (R10),3
High-to-Low,SSP5,Resource|Extraction|Gas,World,3
High-to-Low,SSP5,Resource|Extraction|Oil,Africa (R10),3
High-to-Low,SSP5,Resource|Extraction|Oil,China+ (R10),3
High-to-Low,SSP5,Resource|Extraction|Oil,Europe (R10),3
High-to-Low,SSP5,Resource|Extraction|Oil,India+ (R10),3
High-to-Low,SSP5,Resource|Extraction|Oil,Latin America (R10),3
High-to-Low,SSP5,Resource|Extraction|Oil,Middle East (R10),3
High-to-Low,SSP5,Resource|Extraction|Oil,North America (R10),3
High-to-Low,SSP5,Resource|Extraction|Oil,Pacific OECD (R10),3
High-to-Low,SSP5,Resource|Extraction|Oil,Reforming Economies (R10),3
High-to-Low,SSP5,Resource|Extraction|Oil,Rest of Asia (R10),3
High-to-Low,SSP5,Resource|Extraction|Oil,World,3
Low,SSP1,Agricultural Demand|Residues,Africa (R10),2
Low,SSP1,Agricultural Demand|Residues,China+ (R10),2
Low,SSP1,Agricultural Demand|Residues,Europe (R10),2
Low,SSP1,Agricultural Demand|Residues,India+ (R10),2
Low,SSP1,Agricultural Demand|Residues,Latin America (R10),2
Low,SSP1,Agricultural Demand|Residues,Middle East (R10),2
Low,SSP1,Agricultural Demand|Residues,North America (R10),2
Low,SSP1,Agricultural Demand|Residues,Other (R10),1
Low,SSP1,Agricultural Demand|Residues,Pacific OECD (R10),2
Low,SSP1,Agricultural Demand|Residues,Reforming Economies (R10),2
Low,SSP1,Agricultural Demand|Residues,Rest of Asia (R10),2
Low,SSP1,Agricultural Demand|Residues,World,2
Low,SSP1,Agricultural Production,Africa (R10),3
Low,SSP1,Agricultural Production,China+ (R10),3
Low,SSP1,Agricultural Production,Europe (R10),3
Low,SSP1,Agricultural Production,India+ (R10),3
Low,SSP1,Agricultural Production,Latin America (R10),3
Low,SSP1,Agricultural Production,Middle East (R10),3
Low,SSP1,Agricultural Production,North America (R10),3
Low,SSP1,Agricultural Production,Other (R10),1
Low,SSP1,Agricultural Production,Pacific OECD (R10),3
Low,SSP1,Agricultural Production,Reforming Economies (R10),3
Low,SSP1,Agricultural Production,Rest of Asia (R10),3
Low,SSP1,Agricultural Production,World,3
Low,SSP1,Agricultural Production|Crops,Africa (R10),3
Low,SSP1,Agricultural Production|Crops,China+ (R10),3
Low,SSP1,Agricultural Production|Crops,Europe (R10),3
Low,SSP1,Agricultural Production|Crops,India+ (R10),3
Low,SSP1,Agricultural Production|Crops,Latin America (R10),3
Low,SSP1,Agricultural Production|Crops,Middle East (R10),3
Low,SSP1,Agricultural Production|Crops,North America (R10),3
Low,SSP1,Agricultural Production|Crops,Other (R10),1
Low,SSP1,Agricultural Production|Crops,Pacific OECD (R10),3
Low,SSP1,Agricultural Production|Crops,Reforming Economies (R10),3
Low,SSP1,Agricultural Production|Crops,Rest of Asia (R10),3
Low,SSP1,Agricultural Production|Crops,World,3
Low,SSP1,Agricultural Production|Livestock,Africa (R10),3
Low,SSP1,Agricultural Production|Livestock,China+ (R10),3
Low,SSP1,Agricultural Production|Livestock,Europe (R10),3
Low,SSP1,Agricultural Production|Livestock,India+ (R10),3
Low,SSP1,Agricultural Production|Livestock,Latin America (R10),3
Low,SSP1,Agricultural Production|Livestock,Middle East (R10),3
Low,SSP1,Agricultural Production|Livestock,North America (R10),3
Low,SSP1,Agricultural Production|Livestock,Other (R10),1
Low,SSP1,Agricultural Production|Livestock,Pacific OECD (R10),3
Low,SSP1,Agricultural Production|Livestock,Reforming Economies (R10),3
Low,SSP1,Agricultural Production|Livestock,Rest of Asia (R10),3
Low,SSP1,Agricultural Production|Livestock,World,3
Low,SSP1,Building Stock|Commercial|Floor Space|Gross,Africa (R10),1
Low,SSP1,Building Stock|Commercial|Floor Space|Gross,China+ (R10),1
Low,SSP1,Building Stock|Commercial|Floor Space|Gross,Europe (R10),1
Low,SSP1,Building Stock|Commercial|Floor Space|Gross,India+ (R10),1
Low,SSP1,Building Stock|Commercial|Floor Space|Gross,Latin America (R10),1
Low,SSP1,Building Stock|Commercial|Floor Space|Gross,Middle East (R10),1
Low,SSP1,Building Stock|Commercial|Floor Space|Gross,North America (R10),1
Low,SSP1,Building Stock|Commercial|Floor Space|Gross,Pacific OECD (R10),1
Low,SSP1,Building Stock|Commercial|Floor Space|Gross,Reforming Economies (R10),1
Low,SSP1,Building Stock|Commercial|Floor Space|Gross,Rest of Asia (R10),1
Low,SSP1,Building Stock|Commercial|Floor Space|Gross,World,1
Low,SSP1,Building Stock|Residential and Commercial|Floor Space|Gross,Africa (R10),2
Low,SSP1,Building Stock|Residential and Commercial|Floor Space|Gross,China+ (R10),2
Low,SSP1,Building Stock|Residential and Commercial|Floor Space|Gross,Europe (R10),2
Low,SSP1,Building Stock|Residential and Commercial|Floor Space|Gross,India+ (R10),2
Low,SSP1,Building Stock|Residential and Commercial|Floor Space|Gross,Latin America (R10),2
Low,SSP1,Building Stock|Residential and Commercial|Floor Space|Gross,Middle East (R10),2
Low,SSP1,Building Stock|Residential and Commercial|Floor Space|Gross,North America (R10),2
Low,SSP1,Building Stock|Residential and Commercial|Floor Space|Gross,Other (R10),1
Low,SSP1,Building Stock|Residential and Commercial|Floor Space|Gross,Pacific OECD (R10),2
Low,SSP1,Building Stock|Residential and Commercial|Floor Space|Gross,Reforming Economies (R10),2
Low,SSP1,Building Stock|Residential and Commercial|Floor Space|Gross,Rest of Asia (R10),2
Low,SSP1,Building Stock|Residential and Commercial|Floor Space|Gross,World,2
Low,SSP1,Building Stock|Residential|Floor Space|Gross,Africa (R10),1
Low,SSP1,Building Stock|Residential|Floor Space|Gross,China+ (R10),1
Low,SSP1,Building Stock|Residential|Floor Space|Gross,Europe (R10),1
Low,SSP1,Building Stock|Residential|Floor Space|Gross,India+ (R10),1
Low,SSP1,Building Stock|Residential|Floor Space|Gross,Latin America (R10),1
Low,SSP1,Building Stock|Residential|Floor Space|Gross,Middle East (R10),1
Low,SSP1,Building Stock|Residential|Floor Space|Gross,North America (R10),1
Low,SSP1,Building Stock|Residential|Floor Space|Gross,Pacific OECD (R10),1
Low,SSP1,Building Stock|Residential|Floor Space|Gross,Reforming Economies (R10),1
Low,SSP1,Building Stock|Residential|Floor Space|Gross,Rest of Asia (R10),1
Low,SSP1,Building Stock|Residential|Floor Space|Gross,World,1
Low,SSP1,Capacity|Electricity|Biomass,Africa (R10),3
Low,SSP1,Capacity|Electricity|Biomass,China+ (R10),3
Low,SSP1,Capacity|Electricity|Biomass,Europe (R10),3
Low,SSP1,Capacity|Electricity|Biomass,India+ (R10),3
Low,SSP1,Capacity|Electricity|Biomass,Latin America (R10),3
Low,SSP1,Capacity|Electricity|Biomass,Middle East (R10),3
Low,SSP1,Capacity|Electricity|Biomass,North America (R10),3
Low,SSP1,Capacity|Electricity|Biomass,Other (R10),1
Low,SSP1,Capacity|Electricity|Biomass,Pacific OECD (R10),3
Low,SSP1,Capacity|Electricity|Biomass,Reforming Economies (R10),3
Low,SSP1,Capacity|Electricity|Biomass,Rest of Asia (R10),3
Low,SSP1,Capacity|Electricity|Biomass,World,3
Low,SSP1,Capacity|Electricity|Coal,Africa (R10),3
Low,SSP1,Capacity|Electricity|Coal,China+ (R10),3
Low,SSP1,Capacity|Electricity|Coal,Europe (R10),3
Low,SSP1,Capacity|Electricity|Coal,India+ (R10),3
Low,SSP1,Capacity|Electricity|Coal,Latin America (R10),3
Low,SSP1,Capacity|Electricity|Coal,Middle East (R10),3
Low,SSP1,Capacity|Electricity|Coal,North America (R10),3
Low,SSP1,Capacity|Electricity|Coal,Other (R10),1
Low,SSP1,Capacity|Electricity|Coal,Pacific OECD (R10),3
Low,SSP1,Capacity|Electricity|Coal,Reforming Economies (R10),3
Low,SSP1,Capacity|Electricity|Coal,Rest of Asia (R10),3
Low,SSP1,Capacity|Electricity|Coal,World,3
Low,SSP1,Capacity|Electricity|Fossil,Africa (R10),1
Low,SSP1,Capacity|Electricity|Fossil,China+ (R10),1
Low,SSP1,Capacity|Electricity|Fossil,Europe (R10),1
Low,SSP1,Capacity|Electricity|Fossil,India+ (R10),1
Low,SSP1,Capacity|Electricity|Fossil,Latin America (R10),1
Low,SSP1,Capacity|Electricity|Fossil,Middle East (R10),1
Low,SSP1,Capacity|Electricity|Fossil,North America (R10),1
Low,SSP1,Capacity|Electricity|Fossil,Pacific OECD (R10),1
Low,SSP1,Capacity|Electricity|Fossil,Reforming Economies (R10),1
Low,SSP1,Capacity|Electricity|Fossil,Rest of Asia (R10),1
Low,SSP1,Capacity|Electricity|Fossil,World,1
Low,SSP1,Capacity|Electricity|Gas,Africa (R10),3
Low,SSP1,Capacity|Electricity|Gas,China+ (R10),3
Low,SSP1,Capacity|Electricity|Gas,Europe (R10),3
Low,SSP1,Capacity|Electricity|Gas,India+ (R10),3
Low,SSP1,Capacity|Electricity|Gas,Latin America (R10),3
Low,SSP1,Capacity|Electricity|Gas,Middle East (R10),3
Low,SSP1,Capacity|Electricity|Gas,North America (R10),3
Low,SSP1,Capacity|Electricity|Gas,Other (R10),1
Low,SSP1,Capacity|Electricity|Gas,Pacific OECD (R10),3
Low,SSP1,Capacity|Electricity|Gas,Reforming Economies (R10),3
Low,SSP1,Capacity|Electricity|Gas,Rest of Asia (R10),3
Low,SSP1,Capacity|Electricity|Gas,World,3
Low,SSP1,Capacity|Electricity|Geothermal,Africa (R10),3
Low,SSP1,Capacity|Electricity|Geothermal,China+ (R10),3
Low,SSP1,Capacity|Electricity|Geothermal,Europe (R10),3
Low,SSP1,Capacity|Electricity|Geothermal,India+ (R10),3
Low,SSP1,Capacity|Electricity|Geothermal,Latin America (R10),3
Low,SSP1,Capacity|Electricity|Geothermal,Middle East (R10),3
Low,SSP1,Capacity|Electricity|Geothermal,North America (R10),3
Low,SSP1,Capacity|Electricity|Geothermal,Other (R10),1
Low,SSP1,Capacity|Electricity|Geothermal,Pacific OECD (R10),3
Low,SSP1,Capacity|Electricity|Geothermal,Reforming Economies (R10),3
Low,SSP1,Capacity|Electricity|Geothermal,Rest of Asia (R10),3
Low,SSP1,Capacity|Electricity|Geothermal,World,3
Low,SSP1,Capacity|Electricity|Hydro,Africa (R10),3
Low,SSP1,Capacity|Electricity|Hydro,China+ (R10),3
Low,SSP1,Capacity|Electricity|Hydro,Europe (R10),3
Low,SSP1,Capacity|Electricity|Hydro,India+ (R10),3
Low,SSP1,Capacity|Electricity|Hydro,Latin America (R10),3
Low,SSP1,Capacity|Electricity|Hydro,Middle East (R10),3
Low,SSP1,Capacity|Electricity|Hydro,North America (R10),3
Low,SSP1,Capacity|Electricity|Hydro,Other (R10),1
Low,SSP1,Capacity|Electricity|Hydro,Pacific OECD (R10),3
Low,SSP1,Capacity|Electricity|Hydro,Reforming Economies (R10),3
Low,SSP1,Capacity|Electricity|Hydro,Rest of Asia (R10),3
Low,SSP1,Capacity|Electricity|Hydro,World,3
Low,SSP1,Capacity|Electricity|Hydrogen,Africa (R10),2
Low,SSP1,Capacity|Electricity|Hydrogen,China+ (R10),2
Low,SSP1,Capacity|Electricity|Hydrogen,Europe (R10),2
Low,SSP1,Capacity|Electricity|Hydrogen,India+ (R10),2
Low,SSP1,Capacity|Electricity|Hydrogen,Latin America (R10),2
Low,SSP1,Capacity|Electricity|Hydrogen,Middle East (R10),2
Low,SSP1,Capacity|Electricity|Hydrogen,North America (R10),2
Low,SSP1,Capacity|Electricity|Hydrogen,Other (R10),1
Low,SSP1,Capacity|Electricity|Hydrogen,Pacific OECD (R10),2
Low,SSP1,Capacity|Electricity|Hydrogen,Reforming Economies (R10),2
Low,SSP1,Capacity|Electricity|Hydrogen,Rest of Asia (R10),2
Low,SSP1,Capacity|Electricity|Hydrogen,World,2
Low,SSP1,Capacity|Electricity|Nuclear,Africa (R10),3
Low,SSP1,Capacity|Electricity|Nuclear,China+ (R10),3
Low,SSP1,Capacity|Electricity|Nuclear,Europe (R10),3
Low,SSP1,Capacity|Electricity|Nuclear,India+ (R10),3
Low,SSP1,Capacity|Electricity|Nuclear,Latin America (R10),3
Low,SSP1,Capacity|Electricity|Nuclear,Middle East (R10),3
Low,SSP1,Capacity|Electricity|Nuclear,North America (R10),3
Low,SSP1,Capacity|Electricity|Nuclear,Other (R10),1
Low,SSP1,Capacity|Electricity|Nuclear,Pacific OECD (R10),3
Low,SSP1,Capacity|Electricity|Nuclear,Reforming Economies (R10),3
Low,SSP1,Capacity|Electricity|Nuclear,Rest of Asia (R10),3
Low,SSP1,Capacity|Electricity|Nuclear,World,3
Low,SSP1,Capacity|Electricity|Oil,Africa (R10),3
Low,SSP1,Capacity|Electricity|Oil,China+ (R10),3
Low,SSP1,Capacity|Electricity|Oil,Europe (R10),3
Low,SSP1,Capacity|Electricity|Oil,India+ (R10),3
Low,SSP1,Capacity|Electricity|Oil,Latin America (R10),3
Low,SSP1,Capacity|Electricity|Oil,Middle East (R10),3
Low,SSP1,Capacity|Electricity|Oil,North America (R10),3
Low,SSP1,Capacity|Electricity|Oil,Other (R10),1
Low,SSP1,Capacity|Electricity|Oil,Pacific OECD (R10),3
Low,SSP1,Capacity|Electricity|Oil,Reforming Economies (R10),3
Low,SSP1,Capacity|Electricity|Oil,Rest of Asia (R10),3
Low,SSP1,Capacity|Electricity|Oil,World,3
Low,SSP1,Capacity|Electricity|Other,Africa (R10),1
Low,SSP1,Capacity|Electricity|Other,China+ (R10),1
Low,SSP1,Capacity|Electricity|Other,Europe (R10),1
Low,SSP1,Capacity|Electricity|Other,India+ (R10),1
Low,SSP1,Capacity|Electricity|Other,Latin America (R10),1
Low,SSP1,Capacity|Electricity|Other,Middle East (R10),1
Low,SSP1,Capacity|Electricity|Other,North America (R10),1
Low,SSP1,Capacity|Electricity|Other,Pacific OECD (R10),1
Low,SSP1,Capacity|Electricity|Other,Reforming Economies (R10),1
Low,SSP1,Capacity|Electricity|Other,Rest of Asia (R10),1
Low,SSP1,Capacity|Electricity|Other,World,1
Low,SSP1,Capacity|Electricity|Solar|CSP,Africa (R10),3
Low,SSP1,Capacity|Electricity|Solar|CSP,China+ (R10),3
Low,SSP1,Capacity|Electricity|Solar|CSP,Europe (R10),3
Low,SSP1,Capacity|Electricity|Solar|CSP,India+ (R10),3
Low,SSP1,Capacity|Electricity|Solar|CSP,Latin America (R10),3
Low,SSP1,Capacity|Electricity|Solar|CSP,Middle East (R10),3
Low,SSP1,Capacity|Electricity|Solar|CSP,North America (R10),3
Low,SSP1,Capacity|Electricity|Solar|CSP,Other (R10),1
Low,SSP1,Capacity|Electricity|Solar|CSP,Pacific OECD (R10),3
Low,SSP1,Capacity|Electricity|Solar|CSP,Reforming Economies (R10),3
Low,SSP1,Capacity|Electricity|Solar|CSP,Rest of Asia (R10),3
Low,SSP1,Capacity|Electricity|Solar|CSP,World,3
Low,SSP1,Capacity|Electricity|Solar|PV,Africa (R10),3
Low,SSP1,Capacity|Electricity|Solar|PV,China+ (R10),3
Low,SSP1,Capacity|Electricity|Solar|PV,Europe (R10),3
Low,SSP1,Capacity|Electricity|Solar|PV,India+ (R10),3
Low,SSP1,Capacity|Electricity|Solar|PV,Latin America (R10),3
Low,SSP1,Capacity|Electricity|Solar|PV,Middle East (R10),3
Low,SSP1,Capacity|Electricity|Solar|PV,North America (R10),3
Low,SSP1,Capacity|Electricity|Solar|PV,Other (R10),1
Low,SSP1,Capacity|Electricity|Solar|PV,Pacific OECD (R10),3
Low,SSP1,Capacity|Electricity|Solar|PV,Reforming Economies (R10),3
Low,SSP1,Capacity|Electricity|Solar|PV,Rest of Asia (R10),3
Low,SSP1,Capacity|Electricity|Solar|PV,World,3
Low,SSP1,Capacity|Electricity|Wind|Offshore,Africa (R10),3
Low,SSP1,Capacity|Electricity|Wind|Offshore,China+ (R10),3
Low,SSP1,Capacity|Electricity|Wind|Offshore,Europe (R10),3
Low,SSP1,Capacity|Electricity|Wind|Offshore,India+ (R10),3
Low,SSP1,Capacity|Electricity|Wind|Offshore,Latin America (R10),3
Low,SSP1,Capacity|Electricity|Wind|Offshore,Middle East (R10),3
Low,SSP1,Capacity|Electricity|Wind|Offshore,North America (R10),3
Low,SSP1,Capacity|Electricity|Wind|Offshore,Other (R10),1
Low,SSP1,Capacity|Electricity|Wind|Offshore,Pacific OECD (R10),3
Low,SSP1,Capacity|Electricity|Wind|Offshore,Reforming Economies (R10),3
Low,SSP1,Capacity|Electricity|Wind|Offshore,Rest of Asia (R10),3
Low,SSP1,Capacity|Electricity|Wind|Offshore,World,3
Low,SSP1,Capacity|Electricity|Wind|Onshore,Africa (R10),3
Low,SSP1,Capacity|Electricity|Wind|Onshore,China+ (R10),3
Low,SSP1,Capacity|Electricity|Wind|Onshore,Europe (R10),3
Low,SSP1,Capacity|Electricity|Wind|Onshore,India+ (R10),3
Low,SSP1,Capacity|Electricity|Wind|Onshore,Latin America (R10),3
Low,SSP1,Capacity|Electricity|Wind|Onshore,Middle East (R10),3
Low,SSP1,Capacity|Electricity|Wind|Onshore,North America (R10),3
Low,SSP1,Capacity|Electricity|Wind|Onshore,Other (R10),1
Low,SSP1,Capacity|Electricity|Wind|Onshore,Pacific OECD (R10),3
Low,SSP1,Capacity|Electricity|Wind|Onshore,Reforming Economies (R10),3
Low,SSP1,Capacity|Electricity|Wind|Onshore,Rest of Asia (R10),3
Low,SSP1,Capacity|Electricity|Wind|Onshore,World,3
Low,SSP1,Food Intake|Crops [per capita],Africa (R10),2
Low,SSP1,Food Intake|Crops [per capita],China+ (R10),2
Low,SSP1,Food Intake|Crops [per capita],Europe (R10),2
Low,SSP1,Food Intake|Crops [per capita],India+ (R10),2
Low,SSP1,Food Intake|Crops [per capita],Latin America (R10),2
Low,SSP1,Food Intake|Crops [per capita],Middle East (R10),2
Low,SSP1,Food Intake|Crops [per capita],North America (R10),2
Low,SSP1,Food Intake|Crops [per capita],Other (R10),1
Low,SSP1,Food Intake|Crops [per capita],Pacific OECD (R10),2
Low,SSP1,Food Intake|Crops [per capita],Reforming Economies (R10),2
Low,SSP1,Food Intake|Crops [per capita],Rest of Asia (R10),2
Low,SSP1,Food Intake|Crops [per capita],World,2
Low,SSP1,Food Intake|Livestock [per capita],Africa (R10),2
Low,SSP1,Food Intake|Livestock [per capita],China+ (R10),2
Low,SSP1,Food Intake|Livestock [per capita],Europe (R10),2
Low,SSP1,Food Intake|Livestock [per capita],India+ (R10),2
Low,SSP1,Food Intake|Livestock [per capita],Latin America (R10),2
Low,SSP1,Food Intake|Livestock [per capita],Middle East (R10),2
Low,SSP1,Food Intake|Livestock [per capita],North America (R10),2
Low,SSP1,Food Intake|Livestock [per capita],Other (R10),1
Low,SSP1,Food Intake|Livestock [per capita],Pacific OECD (R10),2
Low,SSP1,Food Intake|Livestock [per capita],Reforming Economies (R10),2
Low,SSP1,Food Intake|Livestock [per capita],Rest of Asia (R10),2
Low,SSP1,Food Intake|Livestock [per capita],World,2
Low,SSP1,Food Waste [per capita],Africa (R10),3
Low,SSP1,Food Waste [per capita],China+ (R10),3
Low,SSP1,Food Waste [per capita],Europe (R10),3
Low,SSP1,Food Waste [per capita],India+ (R10),3
Low,SSP1,Food Waste [per capita],Latin America (R10),3
Low,SSP1,Food Waste [per capita],Middle East (R10),3
Low,SSP1,Food Waste [per capita],North America (R10),3
Low,SSP1,Food Waste [per capita],Other (R10),1
Low,SSP1,Food Waste [per capita],Pacific OECD (R10),3
Low,SSP1,Food Waste [per capita],Reforming Economies (R10),3
Low,SSP1,Food Waste [per capita],Rest of Asia (R10),3
Low,SSP1,Food Waste [per capita],World,3
Low,SSP1,Forestry Production|Roundwood,Africa (R10),3
Low,SSP1,Forestry Production|Roundwood,China+ (R10),3
Low,SSP1,Forestry Production|Roundwood,Europe (R10),3
Low,SSP1,Forestry Production|Roundwood,India+ (R10),3
Low,SSP1,Forestry Production|Roundwood,Latin America (R10),3
Low,SSP1,Forestry Production|Roundwood,Middle East (R10),3
Low,SSP1,Forestry Production|Roundwood,North America (R10),3
Low,SSP1,Forestry Production|Roundwood,Other (R10),1
Low,SSP1,Forestry Production|Roundwood,Pacific OECD (R10),3
Low,SSP1,Forestry Production|Roundwood,Reforming Economies (R10),3
Low,SSP1,Forestry Production|Roundwood,Rest of Asia (R10),3
Low,SSP1,Forestry Production|Roundwood,World,3
Low,SSP1,GDP|MER,Africa (R10),3
Low,SSP1,GDP|MER,China+ (R10),3
Low,SSP1,GDP|MER,Europe (R10),3
Low,SSP1,GDP|MER,India+ (R10),3
Low,SSP1,GDP|MER,Latin America (R10),3
Low,SSP1,GDP|MER,Middle East (R10),3
Low,SSP1,GDP|MER,North America (R10),3
Low,SSP1,GDP|MER,Other (R10),1
Low,SSP1,GDP|MER,Pacific OECD (R10),3
Low,SSP1,GDP|MER,Reforming Economies (R10),3
Low,SSP1,GDP|MER,Rest of Asia (R10),3
Low,SSP1,GDP|MER,World,3
Low,SSP1,Population,Africa (R10),3
Low,SSP1,Population,China+ (R10),3
Low,SSP1,Population,Europe (R10),3
Low,SSP1,Population,India+ (R10),3
Low,SSP1,Population,Latin America (R10),3
Low,SSP1,Population,Middle East (R10),3
Low,SSP1,Population,North America (R10),3
Low,SSP1,Population,Other (R10),1
Low,SSP1,Population,Pacific OECD (R10),3
Low,SSP1,Population,Reforming Economies (R10),3
Low,SSP1,Population,Rest of Asia (R10),3
Low,SSP1,Population,World,3
Low,SSP1,Primary Energy,Africa (R10),3
Low,SSP1,Primary Energy,China+ (R10),3
Low,SSP1,Primary Energy,Europe (R10),3
Low,SSP1,Primary Energy,India+ (R10),3
Low,SSP1,Primary Energy,Latin America (R10),3
Low,SSP1,Primary Energy,Middle East (R10),3
Low,SSP1,Primary Energy,North America (R10),3
Low,SSP1,Primary Energy,Other (R10),1
Low,SSP1,Primary Energy,Pacific OECD (R10),3
Low,SSP1,Primary Energy,Reforming Economies (R10),3
Low,SSP1,Primary Energy,Rest of Asia (R10),3
Low,SSP1,Primary Energy,World,3
Low,SSP1,Primary Energy|Biomass,Africa (R10),3
Low,SSP1,Primary Energy|Biomass,China+ (R10),3
Low,SSP1,Primary Energy|Biomass,Europe (R10),3
Low,SSP1,Primary Energy|Biomass,India+ (R10),3
Low,SSP1,Primary Energy|Biomass,Latin America (R10),3
Low,SSP1,Primary Energy|Biomass,Middle East (R10),3
Low,SSP1,Primary Energy|Biomass,North America (R10),3
Low,SSP1,Primary Energy|Biomass,Other (R10),1
Low,SSP1,Primary Energy|Biomass,Pacific OECD (R10),3
Low,SSP1,Primary Energy|Biomass,Reforming Economies (R10),3
Low,SSP1,Primary Energy|Biomass,Rest of Asia (R10),3
Low,SSP1,Primary Energy|Biomass,World,3
Low,SSP1,Primary Energy|Coal,Africa (R10),3
Low,SSP1,Primary Energy|Coal,China+ (R10),3
Low,SSP1,Primary Energy|Coal,Europe (R10),3
Low,SSP1,Primary Energy|Coal,India+ (R10),3
Low,SSP1,Primary Energy|Coal,Latin America (R10),3
Low,SSP1,Primary Energy|Coal,Middle East (R10),3
Low,SSP1,Primary Energy|Coal,North America (R10),3
Low,SSP1,Primary Energy|Coal,Other (R10),1
Low,SSP1,Primary Energy|Coal,Pacific OECD (R10),3
Low,SSP1,Primary Energy|Coal,Reforming Economies (R10),3
Low,SSP1,Primary Energy|Coal,Rest of Asia (R10),3
Low,SSP1,Primary Energy|Coal,World,3
Low,SSP1,Primary Energy|Fossil,Africa (R10),3
Low,SSP1,Primary Energy|Fossil,China+ (R10),3
Low,SSP1,Primary Energy|Fossil,Europe (R10),3
Low,SSP1,Primary Energy|Fossil,India+ (R10),3
Low,SSP1,Primary Energy|Fossil,Latin America (R10),3
Low,SSP1,Primary Energy|Fossil,Middle East (R10),3
Low,SSP1,Primary Energy|Fossil,North America (R10),3
Low,SSP1,Primary Energy|Fossil,Other (R10),1
Low,SSP1,Primary Energy|Fossil,Pacific OECD (R10),3
Low,SSP1,Primary Energy|Fossil,Reforming Economies (R10),3
Low,SSP1,Primary Energy|Fossil,Rest of Asia (R10),3
Low,SSP1,Primary Energy|Fossil,World,3
Low,SSP1,Primary Energy|Gas,Africa (R10),3
Low,SSP1,Primary Energy|Gas,China+ (R10),3
Low,SSP1,Primary Energy|Gas,Europe (R10),3
Low,SSP1,Primary Energy|Gas,India+ (R10),3
Low,SSP1,Primary Energy|Gas,Latin America (R10),3
Low,SSP1,Primary Energy|Gas,Middle East (R10),3
Low,SSP1,Primary Energy|Gas,North America (R10),3
Low,SSP1,Primary Energy|Gas,Other (R10),1
Low,SSP1,Primary Energy|Gas,Pacific OECD (R10),3
Low,SSP1,Primary Energy|Gas,Reforming Economies (R10),3
Low,SSP1,Primary Energy|Gas,Rest of Asia (R10),3
Low,SSP1,Primary Energy|Gas,World,3
Low,SSP1,Primary Energy|Geothermal,Africa (R10),2
Low,SSP1,Primary Energy|Geothermal,China+ (R10),2
Low,SSP1,Primary Energy|Geothermal,Europe (R10),2
Low,SSP1,Primary Energy|Geothermal,India+ (R10),2
Low,SSP1,Primary Energy|Geothermal,Latin America (R10),2
Low,SSP1,Primary Energy|Geothermal,Middle East (R10),2
Low,SSP1,Primary Energy|Geothermal,North America (R10),2
Low,SSP1,Primary Energy|Geothermal,Other (R10),1
Low,SSP1,Primary Energy|Geothermal,Pacific OECD (R10),2
Low,SSP1,Primary Energy|Geothermal,Reforming Economies (R10),2
Low,SSP1,Primary Energy|Geothermal,Rest of Asia (R10),2
Low,SSP1,Primary Energy|Geothermal,World,2
Low,SSP1,Primary Energy|Hydro,Africa (R10),3
Low,SSP1,Primary Energy|Hydro,China+ (R10),3
Low,SSP1,Primary Energy|Hydro,Europe (R10),3
Low,SSP1,Primary Energy|Hydro,India+ (R10),3
Low,SSP1,Primary Energy|Hydro,Latin America (R10),3
Low,SSP1,Primary Energy|Hydro,Middle East (R10),3
Low,SSP1,Primary Energy|Hydro,North America (R10),3
Low,SSP1,Primary Energy|Hydro,Other (R10),1
Low,SSP1,Primary Energy|Hydro,Pacific OECD (R10),3
Low,SSP1,Primary Energy|Hydro,Reforming Economies (R10),3
Low,SSP1,Primary Energy|Hydro,Rest of Asia (R10),3
Low,SSP1,Primary Energy|Hydro,World,3
Low,SSP1,Primary Energy|Non-Biomass Renewables,Africa (R10),3
Low,SSP1,Primary Energy|Non-Biomass Renewables,China+ (R10),3
Low,SSP1,Primary Energy|Non-Biomass Renewables,Europe (R10),3
Low,SSP1,Primary Energy|Non-Biomass Renewables,India+ (R10),3
Low,SSP1,Primary Energy|Non-Biomass Renewables,Latin America (R10),3
Low,SSP1,Primary Energy|Non-Biomass Renewables,Middle East (R10),3
Low,SSP1,Primary Energy|Non-Biomass Renewables,North America (R10),3
Low,SSP1,Primary Energy|Non-Biomass Renewables,Other (R10),1
Low,SSP1,Primary Energy|Non-Biomass Renewables,Pacific OECD (R10),3
Low,SSP1,Primary Energy|Non-Biomass Renewables,Reforming Economies (R10),3
Low,SSP1,Primary Energy|Non-Biomass Renewables,Rest of Asia (R10),3
Low,SSP1,Primary Energy|Non-Biomass Renewables,World,3
Low,SSP1,Primary Energy|Nuclear,Africa (R10),3
Low,SSP1,Primary Energy|Nuclear,China+ (R10),3
Low,SSP1,Primary Energy|Nuclear,Europe (R10),3
Low,SSP1,Primary Energy|Nuclear,India+ (R10),3
Low,SSP1,Primary Energy|Nuclear,Latin America (R10),3
Low,SSP1,Primary Energy|Nuclear,Middle East (R10),3
Low,SSP1,Primary Energy|Nuclear,North America (R10),3
Low,SSP1,Primary Energy|Nuclear,Other (R10),1
Low,SSP1,Primary Energy|Nuclear,Pacific OECD (R10),3
Low,SSP1,Primary Energy|Nuclear,Reforming Economies (R10),3
Low,SSP1,Primary Energy|Nuclear,Rest of Asia (R10),3
Low,SSP1,Primary Energy|Nuclear,World,3
Low,SSP1,Primary Energy|Ocean,Africa (R10),1
Low,SSP1,Primary Energy|Ocean,China+ (R10),1
Low,SSP1,Primary Energy|Ocean,Europe (R10),1
Low,SSP1,Primary Energy|Ocean,India+ (R10),1
Low,SSP1,Primary Energy|Ocean,Latin America (R10),1
Low,SSP1,Primary Energy|Ocean,Middle East (R10),1
Low,SSP1,Primary Energy|Ocean,North America (R10),1
Low,SSP1,Primary Energy|Ocean,Pacific OECD (R10),1
Low,SSP1,Primary Energy|Ocean,Reforming Economies (R10),1
Low,SSP1,Primary Energy|Ocean,Rest of Asia (R10),1
Low,SSP1,Primary Energy|Ocean,World,1
Low,SSP1,Primary Energy|Oil,Africa (R10),3
Low,SSP1,Primary Energy|Oil,China+ (R10),3
Low,SSP1,Primary Energy|Oil,Europe (R10),3
Low,SSP1,Primary Energy|Oil,India+ (R10),3
Low,SSP1,Primary Energy|Oil,Latin America (R10),3
Low,SSP1,Primary Energy|Oil,Middle East (R10),3
Low,SSP1,Primary Energy|Oil,North America (R10),3
Low,SSP1,Primary Energy|Oil,Other (R10),1
Low,SSP1,Primary Energy|Oil,Pacific OECD (R10),3
Low,SSP1,Primary Energy|Oil,Reforming Economies (R10),3
Low,SSP1,Primary Energy|Oil,Rest of Asia (R10),3
Low,SSP1,Primary Energy|Oil,World,3
Low,SSP1,Primary Energy|Other,Africa (R10),2
Low,SSP1,Primary Energy|Other,China+ (R10),2
Low,SSP1,Primary Energy|Other,Europe (R10),2
Low,SSP1,Primary Energy|Other,India+ (R10),2
Low,SSP1,Primary Energy|Other,Latin America (R10),2
Low,SSP1,Primary Energy|Other,Middle East (R10),2
Low,SSP1,Primary Energy|Other,North America (R10),2
Low,SSP1,Primary Energy|Other,Pacific OECD (R10),2
Low,SSP1,Primary Energy|Other,Reforming Economies (R10),2
Low,SSP1,Primary Energy|Other,Rest of Asia (R10),2
Low,SSP1,Primary Energy|Other,World,2
Low,SSP1,Production|Iron and Steel|Steel,Africa (R10),3
Low,SSP1,Production|Iron and Steel|Steel,China+ (R10),3
Low,SSP1,Production|Iron and Steel|Steel,Europe (R10),3
Low,SSP1,Production|Iron and Steel|Steel,India+ (R10),3
Low,SSP1,Production|Iron and Steel|Steel,Latin America (R10),3
Low,SSP1,Production|Iron and Steel|Steel,Middle East (R10),3
Low,SSP1,Production|Iron and Steel|Steel,North America (R10),3
Low,SSP1,Production|Iron and Steel|Steel,Other (R10),1
Low,SSP1,Production|Iron and Steel|Steel,Pacific OECD (R10),3
Low,SSP1,Production|Iron and Steel|Steel,Reforming Economies (R10),3
Low,SSP1,Production|Iron and Steel|Steel,Rest of Asia (R10),3
Low,SSP1,Production|Iron and Steel|Steel,World,3
Low,SSP1,Production|Non-Ferrous Metals|Aluminum,Africa (R10),1
Low,SSP1,Production|Non-Ferrous Metals|Aluminum,China+ (R10),1
Low,SSP1,Production|Non-Ferrous Metals|Aluminum,Europe (R10),1
Low,SSP1,Production|Non-Ferrous Metals|Aluminum,India+ (R10),1
Low,SSP1,Production|Non-Ferrous Metals|Aluminum,Latin America (R10),1
Low,SSP1,Production|Non-Ferrous Metals|Aluminum,Middle East (R10),1
Low,SSP1,Production|Non-Ferrous Metals|Aluminum,North America (R10),1
Low,SSP1,Production|Non-Ferrous Metals|Aluminum,Pacific OECD (R10),1
Low,SSP1,Production|Non-Ferrous Metals|Aluminum,Reforming Economies (R10),1
Low,SSP1,Production|Non-Ferrous Metals|Aluminum,Rest of Asia (R10),1
Low,SSP1,Production|Non-Ferrous Metals|Aluminum,World,1
Low,SSP1,Production|Non-Metallic Minerals|Cement,Africa (R10),3
Low,SSP1,Production|Non-Metallic Minerals|Cement,China+ (R10),3
Low,SSP1,Production|Non-Metallic Minerals|Cement,Europe (R10),3
Low,SSP1,Production|Non-Metallic Minerals|Cement,India+ (R10),3
Low,SSP1,Production|Non-Metallic Minerals|Cement,Latin America (R10),3
Low,SSP1,Production|Non-Metallic Minerals|Cement,Middle East (R10),3
Low,SSP1,Production|Non-Metallic Minerals|Cement,North America (R10),3
Low,SSP1,Production|Non-Metallic Minerals|Cement,Other (R10),1
Low,SSP1,Production|Non-Metallic Minerals|Cement,Pacific OECD (R10),3
Low,SSP1,Production|Non-Metallic Minerals|Cement,Reforming Economies (R10),3
Low,SSP1,Production|Non-Metallic Minerals|Cement,Rest of Asia (R10),3
Low,SSP1,Production|Non-Metallic Minerals|Cement,World,3
Low,SSP1,Resource|Extraction|Coal,Africa (R10),2
Low,SSP1,Resource|Extraction|Coal,China+ (R10),2
Low,SSP1,Resource|Extraction|Coal,Europe (R10),2
Low,SSP1,Resource|Extraction|Coal,India+ (R10),2
Low,SSP1,Resource|Extraction|Coal,Latin America (R10),2
Low,SSP1,Resource|Extraction|Coal,Middle East (R10),2
Low,SSP1,Resource|Extraction|Coal,North America (R10),2
Low,SSP1,Resource|Extraction|Coal,Other (R10),1
Low,SSP1,Resource|Extraction|Coal,Pacific OECD (R10),2
Low,SSP1,Resource|Extraction|Coal,Reforming Economies (R10),2
Low,SSP1,Resource|Extraction|Coal,Rest of Asia (R10),2
Low,SSP1,Resource|Extraction|Coal,World,2
Low,SSP1,Resource|Extraction|Gas,Africa (R10),2
Low,SSP1,Resource|Extraction|Gas,China+ (R10),2
Low,SSP1,Resource|Extraction|Gas,Europe (R10),2
Low,SSP1,Resource|Extraction|Gas,India+ (R10),2
Low,SSP1,Resource|Extraction|Gas,Latin America (R10),2
Low,SSP1,Resource|Extraction|Gas,Middle East (R10),2
Low,SSP1,Resource|Extraction|Gas,North America (R10),2
Low,SSP1,Resource|Extraction|Gas,Other (R10),1
Low,SSP1,Resource|Extraction|Gas,Pacific OECD (R10),2
Low,SSP1,Resource|Extraction|Gas,Reforming Economies (R10),2
Low,SSP1,Resource|Extraction|Gas,Rest of Asia (R10),2
Low,SSP1,Resource|Extraction|Gas,World,2
Low,SSP1,Resource|Extraction|Oil,Africa (R10),2
Low,SSP1,Resource|Extraction|Oil,China+ (R10),2
Low,SSP1,Resource|Extraction|Oil,Europe (R10),2
Low,SSP1,Resource|Extraction|Oil,India+ (R10),2
Low,SSP1,Resource|Extraction|Oil,Latin America (R10),2
Low,SSP1,Resource|Extraction|Oil,Middle East (R10),2
Low,SSP1,Resource|Extraction|Oil,North America (R10),2
Low,SSP1,Resource|Extraction|Oil,Other (R10),1
Low,SSP1,Resource|Extraction|Oil,Pacific OECD (R10),2
Low,SSP1,Resource|Extraction|Oil,Reforming Economies (R10),2
Low,SSP1,Resource|Extraction|Oil,Rest of Asia (R10),2
Low,SSP1,Resource|Extraction|Oil,World,2
Low,SSP2,Agricultural Demand|Residues,Africa (R10),3
Low,SSP2,Agricultural Demand|Residues,China+ (R10),3
Low,SSP2,Agricultural Demand|Residues,Europe (R10),3
Low,SSP2,Agricultural Demand|Residues,India+ (R10),3
Low,SSP2,Agricultural Demand|Residues,Latin America (R10),3
Low,SSP2,Agricultural Demand|Residues,Middle East (R10),3
Low,SSP2,Agricultural Demand|Residues,North America (R10),3
Low,SSP2,Agricultural Demand|Residues,Other (R10),1
Low,SSP2,Agricultural Demand|Residues,Pacific OECD (R10),3
Low,SSP2,Agricultural Demand|Residues,Reforming Economies (R10),3
Low,SSP2,Agricultural Demand|Residues,Rest of Asia (R10),3
Low,SSP2,Agricultural Demand|Residues,World,3
Low,SSP2,Agricultural Production,Africa (R10),7
Low,SSP2,Agricultural Production,China+ (R10),7
Low,SSP2,Agricultural Production,Europe (R10),7
Low,SSP2,Agricultural Production,India+ (R10),7
Low,SSP2,Agricultural Production,Latin America (R10),7
Low,SSP2,Agricultural Production,Middle East (R10),7
Low,SSP2,Agricultural Production,North America (R10),7
Low,SSP2,Agricultural Production,Other (R10),1
Low,SSP2,Agricultural Production,Pacific OECD (R10),7
Low,SSP2,Agricultural Production,Reforming Economies (R10),7
Low,SSP2,Agricultural Production,Rest of Asia (R10),7
Low,SSP2,Agricultural Production,World,7
Low,SSP2,Agricultural Production|Crops,Africa (R10),7
Low,SSP2,Agricultural Production|Crops,China+ (R10),7
Low,SSP2,Agricultural Production|Crops,Europe (R10),7
Low,SSP2,Agricultural Production|Crops,India+ (R10),7
Low,SSP2,Agricultural Production|Crops,Latin America (R10),7
Low,SSP2,Agricultural Production|Crops,Middle East (R10),7
Low,SSP2,Agricultural Production|Crops,North America (R10),7
Low,SSP2,Agricultural Production|Crops,Other (R10),1
Low,SSP2,Agricultural Production|Crops,Pacific OECD (R10),7
Low,SSP2,Agricultural Production|Crops,Reforming Economies (R10),7
Low,SSP2,Agricultural Production|Crops,Rest of Asia (R10),7
Low,SSP2,Agricultural Production|Crops,World,7
Low,SSP2,Agricultural Production|Livestock,Africa (R10),7
Low,SSP2,Agricultural Production|Livestock,China+ (R10),7
Low,SSP2,Agricultural Production|Livestock,Europe (R10),7
Low,SSP2,Agricultural Production|Livestock,India+ (R10),7
Low,SSP2,Agricultural Production|Livestock,Latin America (R10),7
Low,SSP2,Agricultural Production|Livestock,Middle East (R10),7
Low,SSP2,Agricultural Production|Livestock,North America (R10),7
Low,SSP2,Agricultural Production|Livestock,Other (R10),1
Low,SSP2,Agricultural Production|Livestock,Pacific OECD (R10),7
Low,SSP2,Agricultural Production|Livestock,Reforming Economies (R10),7
Low,SSP2,Agricultural Production|Livestock,Rest of Asia (R10),7
Low,SSP2,Agricultural Production|Livestock,World,7
Low,SSP2,Building Stock|Commercial|Floor Space|Gross,Africa (R10),1
Low,SSP2,Building Stock|Commercial|Floor Space|Gross,China+ (R10),1
Low,SSP2,Building Stock|Commercial|Floor Space|Gross,Europe (R10),1
Low,SSP2,Building Stock|Commercial|Floor Space|Gross,India+ (R10),1
Low,SSP2,Building Stock|Commercial|Floor Space|Gross,Latin America (R10),1
Low,SSP2,Building Stock|Commercial|Floor Space|Gross,Middle East (R10),1
Low,SSP2,Building Stock|Commercial|Floor Space|Gross,North America (R10),1
Low,SSP2,Building Stock|Commercial|Floor Space|Gross,Pacific OECD (R10),1
Low,SSP2,Building Stock|Commercial|Floor Space|Gross,Reforming Economies (R10),1
Low,SSP2,Building Stock|Commercial|Floor Space|Gross,Rest of Asia (R10),1
Low,SSP2,Building Stock|Commercial|Floor Space|Gross,World,1
Low,SSP2,Building Stock|Residential and Commercial|Floor Space|Gross,Africa (R10),2
Low,SSP2,Building Stock|Residential and Commercial|Floor Space|Gross,China+ (R10),2
Low,SSP2,Building Stock|Residential and Commercial|Floor Space|Gross,Europe (R10),2
Low,SSP2,Building Stock|Residential and Commercial|Floor Space|Gross,India+ (R10),2
Low,SSP2,Building Stock|Residential and Commercial|Floor Space|Gross,Latin America (R10),2
Low,SSP2,Building Stock|Residential and Commercial|Floor Space|Gross,Middle East (R10),2
Low,SSP2,Building Stock|Residential and Commercial|Floor Space|Gross,North America (R10),2
Low,SSP2,Building Stock|Residential and Commercial|Floor Space|Gross,Other (R10),1
Low,SSP2,Building Stock|Residential and Commercial|Floor Space|Gross,Pacific OECD (R10),2
Low,SSP2,Building Stock|Residential and Commercial|Floor Space|Gross,Reforming Economies (R10),2
Low,SSP2,Building Stock|Residential and Commercial|Floor Space|Gross,Rest of Asia (R10),2
Low,SSP2,Building Stock|Residential and Commercial|Floor Space|Gross,World,2
Low,SSP2,Building Stock|Residential|Floor Space|Gross,Africa (R10),1
Low,SSP2,Building Stock|Residential|Floor Space|Gross,China+ (R10),1
Low,SSP2,Building Stock|Residential|Floor Space|Gross,Europe (R10),1
Low,SSP2,Building Stock|Residential|Floor Space|Gross,India+ (R10),1
Low,SSP2,Building Stock|Residential|Floor Space|Gross,Latin America (R10),1
Low,SSP2,Building Stock|Residential|Floor Space|Gross,Middle East (R10),1
Low,SSP2,Building Stock|Residential|Floor Space|Gross,North America (R10),1
Low,SSP2,Building Stock|Residential|Floor Space|Gross,Pacific OECD (R10),1
Low,SSP2,Building Stock|Residential|Floor Space|Gross,Reforming Economies (R10),1
Low,SSP2,Building Stock|Residential|Floor Space|Gross,Rest of Asia (R10),1
Low,SSP2,Building Stock|Residential|Floor Space|Gross,World,1
Low,SSP2,Capacity|Electricity|Biomass,Africa (R10),6
Low,SSP2,Capacity|Electricity|Biomass,China+ (R10),6
Low,SSP2,Capacity|Electricity|Biomass,Europe (R10),6
Low,SSP2,Capacity|Electricity|Biomass,India+ (R10),6
Low,SSP2,Capacity|Electricity|Biomass,Latin America (R10),6
Low,SSP2,Capacity|Electricity|Biomass,Middle East (R10),6
Low,SSP2,Capacity|Electricity|Biomass,North America (R10),6
Low,SSP2,Capacity|Electricity|Biomass,Other (R10),1
Low,SSP2,Capacity|Electricity|Biomass,Pacific OECD (R10),6
Low,SSP2,Capacity|Electricity|Biomass,Reforming Economies (R10),6
Low,SSP2,Capacity|Electricity|Biomass,Rest of Asia (R10),6
Low,SSP2,Capacity|Electricity|Biomass,World,6
Low,SSP2,Capacity|Electricity|Coal,Africa (R10),6
Low,SSP2,Capacity|Electricity|Coal,China+ (R10),6
Low,SSP2,Capacity|Electricity|Coal,Europe (R10),6
Low,SSP2,Capacity|Electricity|Coal,India+ (R10),6
Low,SSP2,Capacity|Electricity|Coal,Latin America (R10),6
Low,SSP2,Capacity|Electricity|Coal,Middle East (R10),6
Low,SSP2,Capacity|Electricity|Coal,North America (R10),6
Low,SSP2,Capacity|Electricity|Coal,Other (R10),1
Low,SSP2,Capacity|Electricity|Coal,Pacific OECD (R10),6
Low,SSP2,Capacity|Electricity|Coal,Reforming Economies (R10),6
Low,SSP2,Capacity|Electricity|Coal,Rest of Asia (R10),6
Low,SSP2,Capacity|Electricity|Coal,World,6
Low,SSP2,Capacity|Electricity|Fossil,Africa (R10),4
Low,SSP2,Capacity|Electricity|Fossil,China+ (R10),4
Low,SSP2,Capacity|Electricity|Fossil,Europe (R10),4
Low,SSP2,Capacity|Electricity|Fossil,India+ (R10),4
Low,SSP2,Capacity|Electricity|Fossil,Latin America (R10),4
Low,SSP2,Capacity|Electricity|Fossil,Middle East (R10),4
Low,SSP2,Capacity|Electricity|Fossil,North America (R10),4
Low,SSP2,Capacity|Electricity|Fossil,Pacific OECD (R10),4
Low,SSP2,Capacity|Electricity|Fossil,Reforming Economies (R10),4
Low,SSP2,Capacity|Electricity|Fossil,Rest of Asia (R10),4
Low,SSP2,Capacity|Electricity|Fossil,World,4
Low,SSP2,Capacity|Electricity|Gas,Africa (R10),6
Low,SSP2,Capacity|Electricity|Gas,China+ (R10),6
Low,SSP2,Capacity|Electricity|Gas,Europe (R10),6
Low,SSP2,Capacity|Electricity|Gas,India+ (R10),6
Low,SSP2,Capacity|Electricity|Gas,Latin America (R10),6
Low,SSP2,Capacity|Electricity|Gas,Middle East (R10),6
Low,SSP2,Capacity|Electricity|Gas,North America (R10),6
Low,SSP2,Capacity|Electricity|Gas,Other (R10),1
Low,SSP2,Capacity|Electricity|Gas,Pacific OECD (R10),6
Low,SSP2,Capacity|Electricity|Gas,Reforming Economies (R10),6
Low,SSP2,Capacity|Electricity|Gas,Rest of Asia (R10),6
Low,SSP2,Capacity|Electricity|Gas,World,6
Low,SSP2,Capacity|Electricity|Geothermal,Africa (R10),5
Low,SSP2,Capacity|Electricity|Geothermal,China+ (R10),4
Low,SSP2,Capacity|Electricity|Geothermal,Europe (R10),5
Low,SSP2,Capacity|Electricity|Geothermal,India+ (R10),4
Low,SSP2,Capacity|Electricity|Geothermal,Latin America (R10),5
Low,SSP2,Capacity|Electricity|Geothermal,Middle East (R10),4
Low,SSP2,Capacity|Electricity|Geothermal,North America (R10),5
Low,SSP2,Capacity|Electricity|Geothermal,Other (R10),1
Low,SSP2,Capacity|Electricity|Geothermal,Pacific OECD (R10),5
Low,SSP2,Capacity|Electricity|Geothermal,Reforming Economies (R10),5
Low,SSP2,Capacity|Electricity|Geothermal,Rest of Asia (R10),5
Low,SSP2,Capacity|Electricity|Geothermal,World,5
Low,SSP2,Capacity|Electricity|Hydro,Africa (R10),6
Low,SSP2,Capacity|Electricity|Hydro,China+ (R10),6
Low,SSP2,Capacity|Electricity|Hydro,Europe (R10),6
Low,SSP2,Capacity|Electricity|Hydro,India+ (R10),6
Low,SSP2,Capacity|Electricity|Hydro,Latin America (R10),6
Low,SSP2,Capacity|Electricity|Hydro,Middle East (R10),6
Low,SSP2,Capacity|Electricity|Hydro,North America (R10),6
Low,SSP2,Capacity|Electricity|Hydro,Other (R10),1
Low,SSP2,Capacity|Electricity|Hydro,Pacific OECD (R10),6
Low,SSP2,Capacity|Electricity|Hydro,Reforming Economies (R10),6
Low,SSP2,Capacity|Electricity|Hydro,Rest of Asia (R10),6
Low,SSP2,Capacity|Electricity|Hydro,World,6
Low,SSP2,Capacity|Electricity|Hydrogen,Africa (R10),2
Low,SSP2,Capacity|Electricity|Hydrogen,China+ (R10),2
Low,SSP2,Capacity|Electricity|Hydrogen,Europe (R10),2
Low,SSP2,Capacity|Electricity|Hydrogen,India+ (R10),2
Low,SSP2,Capacity|Electricity|Hydrogen,Latin America (R10),2
Low,SSP2,Capacity|Electricity|Hydrogen,Middle East (R10),2
Low,SSP2,Capacity|Electricity|Hydrogen,North America (R10),2
Low,SSP2,Capacity|Electricity|Hydrogen,Other (R10),1
Low,SSP2,Capacity|Electricity|Hydrogen,Pacific OECD (R10),2
Low,SSP2,Capacity|Electricity|Hydrogen,Reforming Economies (R10),2
Low,SSP2,Capacity|Electricity|Hydrogen,Rest of Asia (R10),2
Low,SSP2,Capacity|Electricity|Hydrogen,World,2
Low,SSP2,Capacity|Electricity|Nuclear,Africa (R10),6
Low,SSP2,Capacity|Electricity|Nuclear,China+ (R10),6
Low,SSP2,Capacity|Electricity|Nuclear,Europe (R10),6
Low,SSP2,Capacity|Electricity|Nuclear,India+ (R10),6
Low,SSP2,Capacity|Electricity|Nuclear,Latin America (R10),6
Low,SSP2,Capacity|Electricity|Nuclear,Middle East (R10),6
Low,SSP2,Capacity|Electricity|Nuclear,North America (R10),6
Low,SSP2,Capacity|Electricity|Nuclear,Other (R10),1
Low,SSP2,Capacity|Electricity|Nuclear,Pacific OECD (R10),6
Low,SSP2,Capacity|Electricity|Nuclear,Reforming Economies (R10),6
Low,SSP2,Capacity|Electricity|Nuclear,Rest of Asia (R10),6
Low,SSP2,Capacity|Electricity|Nuclear,World,6
Low,SSP2,Capacity|Electricity|Oil,Africa (R10),6
Low,SSP2,Capacity|Electricity|Oil,China+ (R10),6
Low,SSP2,Capacity|Electricity|Oil,Europe (R10),6
Low,SSP2,Capacity|Electricity|Oil,India+ (R10),6
Low,SSP2,Capacity|Electricity|Oil,Latin America (R10),6
Low,SSP2,Capacity|Electricity|Oil,Middle East (R10),6
Low,SSP2,Capacity|Electricity|Oil,North America (R10),6
Low,SSP2,Capacity|Electricity|Oil,Other (R10),1
Low,SSP2,Capacity|Electricity|Oil,Pacific OECD (R10),6
Low,SSP2,Capacity|Electricity|Oil,Reforming Economies (R10),6
Low,SSP2,Capacity|Electricity|Oil,Rest of Asia (R10),6
Low,SSP2,Capacity|Electricity|Oil,World,6
Low,SSP2,Capacity|Electricity|Other,Africa (R10),2
Low,SSP2,Capacity|Electricity|Other,China+ (R10),2
Low,SSP2,Capacity|Electricity|Other,Europe (R10),3
Low,SSP2,Capacity|Electricity|Other,India+ (R10),2
Low,SSP2,Capacity|Electricity|Other,Latin America (R10),2
Low,SSP2,Capacity|Electricity|Other,Middle East (R10),2
Low,SSP2,Capacity|Electricity|Other,North America (R10),3
Low,SSP2,Capacity|Electricity|Other,Pacific OECD (R10),2
Low,SSP2,Capacity|Electricity|Other,Reforming Economies (R10),2
Low,SSP2,Capacity|Electricity|Other,Rest of Asia (R10),2
Low,SSP2,Capacity|Electricity|Other,World,3
Low,SSP2,Capacity|Electricity|Solar|CSP,Africa (R10),5
Low,SSP2,Capacity|Electricity|Solar|CSP,China+ (R10),5
Low,SSP2,Capacity|Electricity|Solar|CSP,Europe (R10),5
Low,SSP2,Capacity|Electricity|Solar|CSP,India+ (R10),5
Low,SSP2,Capacity|Electricity|Solar|CSP,Latin America (R10),5
Low,SSP2,Capacity|Electricity|Solar|CSP,Middle East (R10),5
Low,SSP2,Capacity|Electricity|Solar|CSP,North America (R10),5
Low,SSP2,Capacity|Electricity|Solar|CSP,Other (R10),1
Low,SSP2,Capacity|Electricity|Solar|CSP,Pacific OECD (R10),5
Low,SSP2,Capacity|Electricity|Solar|CSP,Reforming Economies (R10),5
Low,SSP2,Capacity|Electricity|Solar|CSP,Rest of Asia (R10),5
Low,SSP2,Capacity|Electricity|Solar|CSP,World,5
Low,SSP2,Capacity|Electricity|Solar|PV,Africa (R10),6
Low,SSP2,Capacity|Electricity|Solar|PV,China+ (R10),6
Low,SSP2,Capacity|Electricity|Solar|PV,Europe (R10),6
Low,SSP2,Capacity|Electricity|Solar|PV,India+ (R10),6
Low,SSP2,Capacity|Electricity|Solar|PV,Latin America (R10),6
Low,SSP2,Capacity|Electricity|Solar|PV,Middle East (R10),6
Low,SSP2,Capacity|Electricity|Solar|PV,North America (R10),6
Low,SSP2,Capacity|Electricity|Solar|PV,Other (R10),1
Low,SSP2,Capacity|Electricity|Solar|PV,Pacific OECD (R10),6
Low,SSP2,Capacity|Electricity|Solar|PV,Reforming Economies (R10),6
Low,SSP2,Capacity|Electricity|Solar|PV,Rest of Asia (R10),6
Low,SSP2,Capacity|Electricity|Solar|PV,World,6
Low,SSP2,Capacity|Electricity|Wind|Offshore,Africa (R10),5
Low,SSP2,Capacity|Electricity|Wind|Offshore,China+ (R10),5
Low,SSP2,Capacity|Electricity|Wind|Offshore,Europe (R10),5
Low,SSP2,Capacity|Electricity|Wind|Offshore,India+ (R10),5
Low,SSP2,Capacity|Electricity|Wind|Offshore,Latin America (R10),5
Low,SSP2,Capacity|Electricity|Wind|Offshore,Middle East (R10),5
Low,SSP2,Capacity|Electricity|Wind|Offshore,North America (R10),5
Low,SSP2,Capacity|Electricity|Wind|Offshore,Other (R10),1
Low,SSP2,Capacity|Electricity|Wind|Offshore,Pacific OECD (R10),5
Low,SSP2,Capacity|Electricity|Wind|Offshore,Reforming Economies (R10),5
Low,SSP2,Capacity|Electricity|Wind|Offshore,Rest of Asia (R10),5
Low,SSP2,Capacity|Electricity|Wind|Offshore,World,5
Low,SSP2,Capacity|Electricity|Wind|Onshore,Africa (R10),6
Low,SSP2,Capacity|Electricity|Wind|Onshore,China+ (R10),6
Low,SSP2,Capacity|Electricity|Wind|Onshore,Europe (R10),6
Low,SSP2,Capacity|Electricity|Wind|Onshore,India+ (R10),6
Low,SSP2,Capacity|Electricity|Wind|Onshore,Latin America (R10),6
Low,SSP2,Capacity|Electricity|Wind|Onshore,Middle East (R10),6
Low,SSP2,Capacity|Electricity|Wind|Onshore,North America (R10),6
Low,SSP2,Capacity|Electricity|Wind|Onshore,Other (R10),1
Low,SSP2,Capacity|Electricity|Wind|Onshore,Pacific OECD (R10),6
Low,SSP2,Capacity|Electricity|Wind|Onshore,Reforming Economies (R10),6
Low,SSP2,Capacity|Electricity|Wind|Onshore,Rest of Asia (R10),6
Low,SSP2,Capacity|Electricity|Wind|Onshore,World,6
Low,SSP2,Food Intake|Crops [per capita],Africa (R10),5
Low,SSP2,Food Intake|Crops [per capita],China+ (R10),5
Low,SSP2,Food Intake|Crops [per capita],Europe (R10),5
Low,SSP2,Food Intake|Crops [per capita],India+ (R10),5
Low,SSP2,Food Intake|Crops [per capita],Latin America (R10),5
Low,SSP2,Food Intake|Crops [per capita],Middle East (R10),5
Low,SSP2,Food Intake|Crops [per capita],North America (R10),5
Low,SSP2,Food Intake|Crops [per capita],Other (R10),1
Low,SSP2,Food Intake|Crops [per capita],Pacific OECD (R10),5
Low,SSP2,Food Intake|Crops [per capita],Reforming Economies (R10),5
Low,SSP2,Food Intake|Crops [per capita],Rest of Asia (R10),5
Low,SSP2,Food Intake|Crops [per capita],World,5
Low,SSP2,Food Intake|Livestock [per capita],Africa (R10),5
Low,SSP2,Food Intake|Livestock [per capita],China+ (R10),5
Low,SSP2,Food Intake|Livestock [per capita],Europe (R10),5
Low,SSP2,Food Intake|Livestock [per capita],India+ (R10),5
Low,SSP2,Food Intake|Livestock [per capita],Latin America (R10),5
Low,SSP2,Food Intake|Livestock [per capita],Middle East (R10),5
Low,SSP2,Food Intake|Livestock [per capita],North America (R10),5
Low,SSP2,Food Intake|Livestock [per capita],Other (R10),1
Low,SSP2,Food Intake|Livestock [per capita],Pacific OECD (R10),5
Low,SSP2,Food Intake|Livestock [per capita],Reforming Economies (R10),5
Low,SSP2,Food Intake|Livestock [per capita],Rest of Asia (R10),5
Low,SSP2,Food Intake|Livestock [per capita],World,5
Low,SSP2,Food Waste [per capita],Africa (R10),4
Low,SSP2,Food Waste [per capita],China+ (R10),4
Low,SSP2,Food Waste [per capita],Europe (R10),4
Low,SSP2,Food Waste [per capita],India+ (R10),4
Low,SSP2,Food Waste [per capita],Latin America (R10),4
Low,SSP2,Food Waste [per capita],Middle East (R10),4
Low,SSP2,Food Waste [per capita],North America (R10),4
Low,SSP2,Food Waste [per capita],Other (R10),1
Low,SSP2,Food Waste [per capita],Pacific OECD (R10),4
Low,SSP2,Food Waste [per capita],Reforming Economies (R10),4
Low,SSP2,Food Waste [per capita],Rest of Asia (R10),4
Low,SSP2,Food Waste [per capita],World,4
Low,SSP2,Forestry Production|Roundwood,Africa (R10),6
Low,SSP2,Forestry Production|Roundwood,China+ (R10),6
Low,SSP2,Forestry Production|Roundwood,Europe (R10),6
Low,SSP2,Forestry Production|Roundwood,India+ (R10),6
Low,SSP2,Forestry Production|Roundwood,Latin America (R10),6
Low,SSP2,Forestry Production|Roundwood,Middle East (R10),6
Low,SSP2,Forestry Production|Roundwood,North America (R10),6
Low,SSP2,Forestry Production|Roundwood,Other (R10),1
Low,SSP2,Forestry Production|Roundwood,Pacific OECD (R10),6
Low,SSP2,Forestry Production|Roundwood,Reforming Economies (R10),6
Low,SSP2,Forestry Production|Roundwood,Rest of Asia (R10),6
Low,SSP2,Forestry Production|Roundwood,World,6
Low,SSP2,GDP|MER,Africa (R10),6
Low,SSP2,GDP|MER,China+ (R10),6
Low,SSP2,GDP|MER,Europe (R10),6
Low,SSP2,GDP|MER,India+ (R10),6
Low,SSP2,GDP|MER,Latin America (R10),6
Low,SSP2,GDP|MER,Middle East (R10),6
Low,SSP2,GDP|MER,North America (R10),6
Low,SSP2,GDP|MER,Other (R10),1
Low,SSP2,GDP|MER,Pacific OECD (R10),6
Low,SSP2,GDP|MER,Reforming Economies (R10),6
Low,SSP2,GDP|MER,Rest of Asia (R10),6
Low,SSP2,GDP|MER,World,6
Low,SSP2,Population,Africa (R10),7
Low,SSP2,Population,China+ (R10),7
Low,SSP2,Population,Europe (R10),7
Low,SSP2,Population,India+ (R10),7
Low,SSP2,Population,Latin America (R10),7
Low,SSP2,Population,Middle East (R10),7
Low,SSP2,Population,North America (R10),7
Low,SSP2,Population,Other (R10),1
Low,SSP2,Population,Pacific OECD (R10),7
Low,SSP2,Population,Reforming Economies (R10),7
Low,SSP2,Population,Rest of Asia (R10),7
Low,SSP2,Population,World,7
Low,SSP2,Primary Energy,Africa (R10),7
Low,SSP2,Primary Energy,China+ (R10),7
Low,SSP2,Primary Energy,Europe (R10),7
Low,SSP2,Primary Energy,India+ (R10),7
Low,SSP2,Primary Energy,Latin America (R10),7
Low,SSP2,Primary Energy,Middle East (R10),7
Low,SSP2,Primary Energy,North America (R10),7
Low,SSP2,Primary Energy,Other (R10),1
Low,SSP2,Primary Energy,Pacific OECD (R10),7
Low,SSP2,Primary Energy,Reforming Economies (R10),7
Low,SSP2,Primary Energy,Rest of Asia (R10),7
Low,SSP2,Primary Energy,World,7
Low,SSP2,Primary Energy|Biomass,Africa (R10),7
Low,SSP2,Primary Energy|Biomass,China+ (R10),7
Low,SSP2,Primary Energy|Biomass,Europe (R10),7
Low,SSP2,Primary Energy|Biomass,India+ (R10),7
Low,SSP2,Primary Energy|Biomass,Latin America (R10),7
Low,SSP2,Primary Energy|Biomass,Middle East (R10),7
Low,SSP2,Primary Energy|Biomass,North America (R10),7
Low,SSP2,Primary Energy|Biomass,Other (R10),1
Low,SSP2,Primary Energy|Biomass,Pacific OECD (R10),7
Low,SSP2,Primary Energy|Biomass,Reforming Economies (R10),7
Low,SSP2,Primary Energy|Biomass,Rest of Asia (R10),7
Low,SSP2,Primary Energy|Biomass,World,7
Low,SSP2,Primary Energy|Coal,Africa (R10),7
Low,SSP2,Primary Energy|Coal,China+ (R10),7
Low,SSP2,Primary Energy|Coal,Europe (R10),7
Low,SSP2,Primary Energy|Coal,India+ (R10),7
Low,SSP2,Primary Energy|Coal,Latin America (R10),7
Low,SSP2,Primary Energy|Coal,Middle East (R10),7
Low,SSP2,Primary Energy|Coal,North America (R10),7
Low,SSP2,Primary Energy|Coal,Other (R10),1
Low,SSP2,Primary Energy|Coal,Pacific OECD (R10),7
Low,SSP2,Primary Energy|Coal,Reforming Economies (R10),7
Low,SSP2,Primary Energy|Coal,Rest of Asia (R10),7
Low,SSP2,Primary Energy|Coal,World,7
Low,SSP2,Primary Energy|Fossil,Africa (R10),7
Low,SSP2,Primary Energy|Fossil,China+ (R10),7
Low,SSP2,Primary Energy|Fossil,Europe (R10),7
Low,SSP2,Primary Energy|Fossil,India+ (R10),7
Low,SSP2,Primary Energy|Fossil,Latin America (R10),7
Low,SSP2,Primary Energy|Fossil,Middle East (R10),7
Low,SSP2,Primary Energy|Fossil,North America (R10),7
Low,SSP2,Primary Energy|Fossil,Other (R10),1
Low,SSP2,Primary Energy|Fossil,Pacific OECD (R10),7
Low,SSP2,Primary Energy|Fossil,Reforming Economies (R10),7
Low,SSP2,Primary Energy|Fossil,Rest of Asia (R10),7
Low,SSP2,Primary Energy|Fossil,World,7
Low,SSP2,Primary Energy|Gas,Africa (R10),7
Low,SSP2,Primary Energy|Gas,China+ (R10),7
Low,SSP2,Primary Energy|Gas,Europe (R10),7
Low,SSP2,Primary Energy|Gas,India+ (R10),7
Low,SSP2,Primary Energy|Gas,Latin America (R10),7
Low,SSP2,Primary Energy|Gas,Middle East (R10),7
Low,SSP2,Primary Energy|Gas,North America (R10),7
Low,SSP2,Primary Energy|Gas,Other (R10),1
Low,SSP2,Primary Energy|Gas,Pacific OECD (R10),7
Low,SSP2,Primary Energy|Gas,Reforming Economies (R10),7
Low,SSP2,Primary Energy|Gas,Rest of Asia (R10),7
Low,SSP2,Primary Energy|Gas,World,7
Low,SSP2,Primary Energy|Geothermal,Africa (R10),5
Low,SSP2,Primary Energy|Geothermal,China+ (R10),4
Low,SSP2,Primary Energy|Geothermal,Europe (R10),5
Low,SSP2,Primary Energy|Geothermal,India+ (R10),4
Low,SSP2,Primary Energy|Geothermal,Latin America (R10),5
Low,SSP2,Primary Energy|Geothermal,Middle East (R10),4
Low,SSP2,Primary Energy|Geothermal,North America (R10),5
Low,SSP2,Primary Energy|Geothermal,Other (R10),1
Low,SSP2,Primary Energy|Geothermal,Pacific OECD (R10),5
Low,SSP2,Primary Energy|Geothermal,Reforming Economies (R10),5
Low,SSP2,Primary Energy|Geothermal,Rest of Asia (R10),5
Low,SSP2,Primary Energy|Geothermal,World,5
Low,SSP2,Primary Energy|Hydro,Africa (R10),7
Low,SSP2,Primary Energy|Hydro,China+ (R10),7
Low,SSP2,Primary Energy|Hydro,Europe (R10),7
Low,SSP2,Primary Energy|Hydro,India+ (R10),7
Low,SSP2,Primary Energy|Hydro,Latin America (R10),7
Low,SSP2,Primary Energy|Hydro,Middle East (R10),7
Low,SSP2,Primary Energy|Hydro,North America (R10),7
Low,SSP2,Primary Energy|Hydro,Other (R10),1
Low,SSP2,Primary Energy|Hydro,Pacific OECD (R10),7
Low,SSP2,Primary Energy|Hydro,Reforming Economies (R10),7
Low,SSP2,Primary Energy|Hydro,Rest of Asia (R10),7
Low,SSP2,Primary Energy|Hydro,World,7
Low,SSP2,Primary Energy|Non-Biomass Renewables,Africa (R10),7
Low,SSP2,Primary Energy|Non-Biomass Renewables,China+ (R10),7
Low,SSP2,Primary Energy|Non-Biomass Renewables,Europe (R10),7
Low,SSP2,Primary Energy|Non-Biomass Renewables,India+ (R10),7
Low,SSP2,Primary Energy|Non-Biomass Renewables,Latin America (R10),7
Low,SSP2,Primary Energy|Non-Biomass Renewables,Middle East (R10),7
Low,SSP2,Primary Energy|Non-Biomass Renewables,North America (R10),7
Low,SSP2,Primary Energy|Non-Biomass Renewables,Other (R10),1
Low,SSP2,Primary Energy|Non-Biomass Renewables,Pacific OECD (R10),7
Low,SSP2,Primary Energy|Non-Biomass Renewables,Reforming Economies (R10),7
Low,SSP2,Primary Energy|Non-Biomass Renewables,Rest of Asia (R10),7
Low,SSP2,Primary Energy|Non-Biomass Renewables,World,7
Low,SSP2,Primary Energy|Nuclear,Africa (R10),7
Low,SSP2,Primary Energy|Nuclear,China+ (R10),7
Low,SSP2,Primary Energy|Nuclear,Europe (R10),7
Low,SSP2,Primary Energy|Nuclear,India+ (R10),7
Low,SSP2,Primary Energy|Nuclear,Latin America (R10),7
Low,SSP2,Primary Energy|Nuclear,Middle East (R10),7
Low,SSP2,Primary Energy|Nuclear,North America (R10),7
Low,SSP2,Primary Energy|Nuclear,Other (R10),1
Low,SSP2,Primary Energy|Nuclear,Pacific OECD (R10),7
Low,SSP2,Primary Energy|Nuclear,Reforming Economies (R10),7
Low,SSP2,Primary Energy|Nuclear,Rest of Asia (R10),7
Low,SSP2,Primary Energy|Nuclear,World,7
Low,SSP2,Primary Energy|Ocean,Africa (R10),1
Low,SSP2,Primary Energy|Ocean,China+ (R10),1
Low,SSP2,Primary Energy|Ocean,Europe (R10),1
Low,SSP2,Primary Energy|Ocean,India+ (R10),1
Low,SSP2,Primary Energy|Ocean,Latin America (R10),1
Low,SSP2,Primary Energy|Ocean,Middle East (R10),1
Low,SSP2,Primary Energy|Ocean,North America (R10),1
Low,SSP2,Primary Energy|Ocean,Pacific OECD (R10),1
Low,SSP2,Primary Energy|Ocean,Reforming Economies (R10),1
Low,SSP2,Primary Energy|Ocean,Rest of Asia (R10),1
Low,SSP2,Primary Energy|Ocean,World,1
Low,SSP2,Primary Energy|Oil,Africa (R10),7
Low,SSP2,Primary Energy|Oil,China+ (R10),7
Low,SSP2,Primary Energy|Oil,Europe (R10),7
Low,SSP2,Primary Energy|Oil,India+ (R10),7
Low,SSP2,Primary Energy|Oil,Latin America (R10),7
Low,SSP2,Primary Energy|Oil,Middle East (R10),7
Low,SSP2,Primary Energy|Oil,North America (R10),7
Low,SSP2,Primary Energy|Oil,Other (R10),1
Low,SSP2,Primary Energy|Oil,Pacific OECD (R10),7
Low,SSP2,Primary Energy|Oil,Reforming Economies (R10),7
Low,SSP2,Primary Energy|Oil,Rest of Asia (R10),7
Low,SSP2,Primary Energy|Oil,World,7
Low,SSP2,Primary Energy|Other,Africa (R10),3
Low,SSP2,Primary Energy|Other,China+ (R10),3
Low,SSP2,Primary Energy|Other,Europe (R10),4
Low,SSP2,Primary Energy|Other,India+ (R10),3
Low,SSP2,Primary Energy|Other,Latin America (R10),3
Low,SSP2,Primary Energy|Other,Middle East (R10),3
Low,SSP2,Primary Energy|Other,North America (R10),4
Low,SSP2,Primary Energy|Other,Pacific OECD (R10),3
Low,SSP2,Primary Energy|Other,Reforming Economies (R10),3
Low,SSP2,Primary Energy|Other,Rest of Asia (R10),3
Low,SSP2,Primary Energy|Other,World,4
Low,SSP2,Production|Iron and Steel|Steel,Africa (R10),4
Low,SSP2,Production|Iron and Steel|Steel,China+ (R10),4
Low,SSP2,Production|Iron and Steel|Steel,Europe (R10),4
Low,SSP2,Production|Iron and Steel|Steel,India+ (R10),4
Low,SSP2,Production|Iron and Steel|Steel,Latin America (R10),4
Low,SSP2,Production|Iron and Steel|Steel,Middle East (R10),4
Low,SSP2,Production|Iron and Steel|Steel,North America (R10),4
Low,SSP2,Production|Iron and Steel|Steel,Other (R10),1
Low,SSP2,Production|Iron and Steel|Steel,Pacific OECD (R10),4
Low,SSP2,Production|Iron and Steel|Steel,Reforming Economies (R10),4
Low,SSP2,Production|Iron and Steel|Steel,Rest of Asia (R10),4
Low,SSP2,Production|Iron and Steel|Steel,World,4
Low,SSP2,Production|Non-Ferrous Metals|Aluminum,Africa (R10),1
Low,SSP2,Production|Non-Ferrous Metals|Aluminum,China+ (R10),1
Low,SSP2,Production|Non-Ferrous Metals|Aluminum,Europe (R10),1
Low,SSP2,Production|Non-Ferrous Metals|Aluminum,India+ (R10),1
Low,SSP2,Production|Non-Ferrous Metals|Aluminum,Latin America (R10),1
Low,SSP2,Production|Non-Ferrous Metals|Aluminum,Middle East (R10),1
Low,SSP2,Production|Non-Ferrous Metals|Aluminum,North America (R10),1
Low,SSP2,Production|Non-Ferrous Metals|Aluminum,Pacific OECD (R10),1
Low,SSP2,Production|Non-Ferrous Metals|Aluminum,Reforming Economies (R10),1
Low,SSP2,Production|Non-Ferrous Metals|Aluminum,Rest of Asia (R10),1
Low,SSP2,Production|Non-Ferrous Metals|Aluminum,World,1
Low,SSP2,Production|Non-Metallic Minerals|Cement,Africa (R10),4
Low,SSP2,Production|Non-Metallic Minerals|Cement,China+ (R10),4
Low,SSP2,Production|Non-Metallic Minerals|Cement,Europe (R10),4
Low,SSP2,Production|Non-Metallic Minerals|Cement,India+ (R10),4
Low,SSP2,Production|Non-Metallic Minerals|Cement,Latin America (R10),4
Low,SSP2,Production|Non-Metallic Minerals|Cement,Middle East (R10),4
Low,SSP2,Production|Non-Metallic Minerals|Cement,North America (R10),4
Low,SSP2,Production|Non-Metallic Minerals|Cement,Other (R10),1
Low,SSP2,Production|Non-Metallic Minerals|Cement,Pacific OECD (R10),4
Low,SSP2,Production|Non-Metallic Minerals|Cement,Reforming Economies (R10),4
Low,SSP2,Production|Non-Metallic Minerals|Cement,Rest of Asia (R10),4
Low,SSP2,Production|Non-Metallic Minerals|Cement,World,4
Low,SSP2,Resource|Extraction|Coal,Africa (R10),5
Low,SSP2,Resource|Extraction|Coal,China+ (R10),5
Low,SSP2,Resource|Extraction|Coal,Europe (R10),5
Low,SSP2,Resource|Extraction|Coal,India+ (R10),5
Low,SSP2,Resource|Extraction|Coal,Latin America (R10),5
Low,SSP2,Resource|Extraction|Coal,Middle East (R10),5
Low,SSP2,Resource|Extraction|Coal,North America (R10),5
Low,SSP2,Resource|Extraction|Coal,Other (R10),1
Low,SSP2,Resource|Extraction|Coal,Pacific OECD (R10),5
Low,SSP2,Resource|Extraction|Coal,Reforming Economies (R10),5
Low,SSP2,Resource|Extraction|Coal,Rest of Asia (R10),5
Low,SSP2,Resource|Extraction|Coal,World,5
Low,SSP2,Resource|Extraction|Gas,Africa (R10),5
Low,SSP2,Resource|Extraction|Gas,China+ (R10),5
Low,SSP2,Resource|Extraction|Gas,Europe (R10),5
Low,SSP2,Resource|Extraction|Gas,India+ (R10),5
Low,SSP2,Resource|Extraction|Gas,Latin America (R10),5
Low,SSP2,Resource|Extraction|Gas,Middle East (R10),5
Low,SSP2,Resource|Extraction|Gas,North America (R10),5
Low,SSP2,Resource|Extraction|Gas,Other (R10),1
Low,SSP2,Resource|Extraction|Gas,Pacific OECD (R10),5
Low,SSP2,Resource|Extraction|Gas,Reforming Economies (R10),5
Low,SSP2,Resource|Extraction|Gas,Rest of Asia (R10),5
Low,SSP2,Resource|Extraction|Gas,World,5
Low,SSP2,Resource|Extraction|Oil,Africa (R10),5
Low,SSP2,Resource|Extraction|Oil,China+ (R10),5
Low,SSP2,Resource|Extraction|Oil,Europe (R10),5
Low,SSP2,Resource|Extraction|Oil,India+ (R10),5
Low,SSP2,Resource|Extraction|Oil,Latin America (R10),5
Low,SSP2,Resource|Extraction|Oil,Middle East (R10),5
Low,SSP2,Resource|Extraction|Oil,North America (R10),5
Low,SSP2,Resource|Extraction|Oil,Other (R10),1
Low,SSP2,Resource|Extraction|Oil,Pacific OECD (R10),5
Low,SSP2,Resource|Extraction|Oil,Reforming Economies (R10),5
Low,SSP2,Resource|Extraction|Oil,Rest of Asia (R10),5
Low,SSP2,Resource|Extraction|Oil,World,5
Low-to-Negative,SSP1,Agricultural Demand|Residues,Africa (R10),1
Low-to-Negative,SSP1,Agricultural Demand|Residues,China+ (R10),1
Low-to-Negative,SSP1,Agricultural Demand|Residues,Europe (R10),1
Low-to-Negative,SSP1,Agricultural Demand|Residues,India+ (R10),1
Low-to-Negative,SSP1,Agricultural Demand|Residues,Latin America (R10),1
Low-to-Negative,SSP1,Agricultural Demand|Residues,Middle East (R10),1
Low-to-Negative,SSP1,Agricultural Demand|Residues,North America (R10),1
Low-to-Negative,SSP1,Agricultural Demand|Residues,Pacific OECD (R10),1
Low-to-Negative,SSP1,Agricultural Demand|Residues,Reforming Economies (R10),1
Low-to-Negative,SSP1,Agricultural Demand|Residues,Rest of Asia (R10),1
Low-to-Negative,SSP1,Agricultural Demand|Residues,World,1
Low-to-Negative,SSP1,Agricultural Production,Africa (R10),2
Low-to-Negative,SSP1,Agricultural Production,China+ (R10),2
Low-to-Negative,SSP1,Agricultural Production,Europe (R10),2
Low-to-Negative,SSP1,Agricultural Production,India+ (R10),2
Low-to-Negative,SSP1,Agricultural Production,Latin America (R10),2
Low-to-Negative,SSP1,Agricultural Production,Middle East (R10),2
Low-to-Negative,SSP1,Agricultural Production,North America (R10),2
Low-to-Negative,SSP1,Agricultural Production,Pacific OECD (R10),2
Low-to-Negative,SSP1,Agricultural Production,Reforming Economies (R10),2
Low-to-Negative,SSP1,Agricultural Production,Rest of Asia (R10),2
Low-to-Negative,SSP1,Agricultural Production,World,2
Low-to-Negative,SSP1,Agricultural Production|Crops,Africa (R10),2
Low-to-Negative,SSP1,Agricultural Production|Crops,China+ (R10),2
Low-to-Negative,SSP1,Agricultural Production|Crops,Europe (R10),2
Low-to-Negative,SSP1,Agricultural Production|Crops,India+ (R10),2
Low-to-Negative,SSP1,Agricultural Production|Crops,Latin America (R10),2
Low-to-Negative,SSP1,Agricultural Production|Crops,Middle East (R10),2
Low-to-Negative,SSP1,Agricultural Production|Crops,North America (R10),2
Low-to-Negative,SSP1,Agricultural Production|Crops,Pacific OECD (R10),2
Low-to-Negative,SSP1,Agricultural Production|Crops,Reforming Economies (R10),2
Low-to-Negative,SSP1,Agricultural Production|Crops,Rest of Asia (R10),2
Low-to-Negative,SSP1,Agricultural Production|Crops,World,2
Low-to-Negative,SSP1,Agricultural Production|Livestock,Africa (R10),2
Low-to-Negative,SSP1,Agricultural Production|Livestock,China+ (R10),2
Low-to-Negative,SSP1,Agricultural Production|Livestock,Europe (R10),2
Low-to-Negative,SSP1,Agricultural Production|Livestock,India+ (R10),2
Low-to-Negative,SSP1,Agricultural Production|Livestock,Latin America (R10),2
Low-to-Negative,SSP1,Agricultural Production|Livestock,Middle East (R10),2
Low-to-Negative,SSP1,Agricultural Production|Livestock,North America (R10),2
Low-to-Negative,SSP1,Agricultural Production|Livestock,Pacific OECD (R10),2
Low-to-Negative,SSP1,Agricultural Production|Livestock,Reforming Economies (R10),2
Low-to-Negative,SSP1,Agricultural Production|Livestock,Rest of Asia (R10),2
Low-to-Negative,SSP1,Agricultural Production|Livestock,World,2
Low-to-Negative,SSP1,Capacity|Electricity|Biomass,Africa (R10),2
Low-to-Negative,SSP1,Capacity|Electricity|Biomass,China+ (R10),2
Low-to-Negative,SSP1,Capacity|Electricity|Biomass,Europe (R10),2
Low-to-Negative,SSP1,Capacity|Electricity|Biomass,India+ (R10),2
Low-to-Negative,SSP1,Capacity|Electricity|Biomass,Latin America (R10),2
Low-to-Negative,SSP1,Capacity|Electricity|Biomass,Middle East (R10),2
Low-to-Negative,SSP1,Capacity|Electricity|Biomass,North America (R10),2
Low-to-Negative,SSP1,Capacity|Electricity|Biomass,Pacific OECD (R10),2
Low-to-Negative,SSP1,Capacity|Electricity|Biomass,Reforming Economies (R10),2
Low-to-Negative,SSP1,Capacity|Electricity|Biomass,Rest of Asia (R10),2
Low-to-Negative,SSP1,Capacity|Electricity|Biomass,World,2
Low-to-Negative,SSP1,Capacity|Electricity|Coal,Africa (R10),2
Low-to-Negative,SSP1,Capacity|Electricity|Coal,China+ (R10),2
Low-to-Negative,SSP1,Capacity|Electricity|Coal,Europe (R10),2
Low-to-Negative,SSP1,Capacity|Electricity|Coal,India+ (R10),2
Low-to-Negative,SSP1,Capacity|Electricity|Coal,Latin America (R10),2
Low-to-Negative,SSP1,Capacity|Electricity|Coal,Middle East (R10),2
Low-to-Negative,SSP1,Capacity|Electricity|Coal,North America (R10),2
Low-to-Negative,SSP1,Capacity|Electricity|Coal,Pacific OECD (R10),2
Low-to-Negative,SSP1,Capacity|Electricity|Coal,Reforming Economies (R10),2
Low-to-Negative,SSP1,Capacity|Electricity|Coal,Rest of Asia (R10),2
Low-to-Negative,SSP1,Capacity|Electricity|Coal,World,2
Low-to-Negative,SSP1,Capacity|Electricity|Fossil,Africa (R10),2
Low-to-Negative,SSP1,Capacity|Electricity|Fossil,China+ (R10),2
Low-to-Negative,SSP1,Capacity|Electricity|Fossil,Europe (R10),2
Low-to-Negative,SSP1,Capacity|Electricity|Fossil,India+ (R10),2
Low-to-Negative,SSP1,Capacity|Electricity|Fossil,Latin America (R10),2
Low-to-Negative,SSP1,Capacity|Electricity|Fossil,Middle East (R10),2
Low-to-Negative,SSP1,Capacity|Electricity|Fossil,North America (R10),2
Low-to-Negative,SSP1,Capacity|Electricity|Fossil,Pacific OECD (R10),2
Low-to-Negative,SSP1,Capacity|Electricity|Fossil,Reforming Economies (R10),2
Low-to-Negative,SSP1,Capacity|Electricity|Fossil,Rest of Asia (R10),2
Low-to-Negative,SSP1,Capacity|Electricity|Fossil,World,2
Low-to-Negative,SSP1,Capacity|Electricity|Gas,Africa (R10),2
Low-to-Negative,SSP1,Capacity|Electricity|Gas,China+ (R10),2
Low-to-Negative,SSP1,Capacity|Electricity|Gas,Europe (R10),2
Low-to-Negative,SSP1,Capacity|Electricity|Gas,India+ (R10),2
Low-to-Negative,SSP1,Capacity|Electricity|Gas,Latin America (R10),2
Low-to-Negative,SSP1,Capacity|Electricity|Gas,Middle East (R10),2
Low-to-Negative,SSP1,Capacity|Electricity|Gas,North America (R10),2
Low-to-Negative,SSP1,Capacity|Electricity|Gas,Pacific OECD (R10),2
Low-to-Negative,SSP1,Capacity|Electricity|Gas,Reforming Economies (R10),2
Low-to-Negative,SSP1,Capacity|Electricity|Gas,Rest of Asia (R10),2
Low-to-Negative,SSP1,Capacity|Electricity|Gas,World,2
Low-to-Negative,SSP1,Capacity|Electricity|Geothermal,Africa (R10),1
Low-to-Negative,SSP1,Capacity|Electricity|Geothermal,China+ (R10),1
Low-to-Negative,SSP1,Capacity|Electricity|Geothermal,Europe (R10),1
Low-to-Negative,SSP1,Capacity|Electricity|Geothermal,India+ (R10),1
Low-to-Negative,SSP1,Capacity|Electricity|Geothermal,Latin America (R10),1
Low-to-Negative,SSP1,Capacity|Electricity|Geothermal,Middle East (R10),1
Low-to-Negative,SSP1,Capacity|Electricity|Geothermal,North America (R10),1
Low-to-Negative,SSP1,Capacity|Electricity|Geothermal,Pacific OECD (R10),1
Low-to-Negative,SSP1,Capacity|Electricity|Geothermal,Reforming Economies (R10),1
Low-to-Negative,SSP1,Capacity|Electricity|Geothermal,Rest of Asia (R10),1
Low-to-Negative,SSP1,Capacity|Electricity|Geothermal,World,1
Low-to-Negative,SSP1,Capacity|Electricity|Hydro,Africa (R10),2
Low-to-Negative,SSP1,Capacity|Electricity|Hydro,China+ (R10),2
Low-to-Negative,SSP1,Capacity|Electricity|Hydro,Europe (R10),2
Low-to-Negative,SSP1,Capacity|Electricity|Hydro,India+ (R10),2
Low-to-Negative,SSP1,Capacity|Electricity|Hydro,Latin America (R10),2
Low-to-Negative,SSP1,Capacity|Electricity|Hydro,Middle East (R10),2
Low-to-Negative,SSP1,Capacity|Electricity|Hydro,North America (R10),2
Low-to-Negative,SSP1,Capacity|Electricity|Hydro,Pacific OECD (R10),2
Low-to-Negative,SSP1,Capacity|Electricity|Hydro,Reforming Economies (R10),2
Low-to-Negative,SSP1,Capacity|Electricity|Hydro,Rest of Asia (R10),2
Low-to-Negative,SSP1,Capacity|Electricity|Hydro,World,2
Low-to-Negative,SSP1,Capacity|Electricity|Hydrogen,Africa (R10),1
Low-to-Negative,SSP1,Capacity|Electricity|Hydrogen,China+ (R10),1
Low-to-Negative,SSP1,Capacity|Electricity|Hydrogen,Europe (R10),1
Low-to-Negative,SSP1,Capacity|Electricity|Hydrogen,India+ (R10),1
Low-to-Negative,SSP1,Capacity|Electricity|Hydrogen,Latin America (R10),1
Low-to-Negative,SSP1,Capacity|Electricity|Hydrogen,Middle East (R10),1
Low-to-Negative,SSP1,Capacity|Electricity|Hydrogen,North America (R10),1
Low-to-Negative,SSP1,Capacity|Electricity|Hydrogen,Pacific OECD (R10),1
Low-to-Negative,SSP1,Capacity|Electricity|Hydrogen,Reforming Economies (R10),1
Low-to-Negative,SSP1,Capacity|Electricity|Hydrogen,Rest of Asia (R10),1
Low-to-Negative,SSP1,Capacity|Electricity|Hydrogen,World,1
Low-to-Negative,SSP1,Capacity|Electricity|Nuclear,Africa (R10),2
Low-to-Negative,SSP1,Capacity|Electricity|Nuclear,China+ (R10),2
Low-to-Negative,SSP1,Capacity|Electricity|Nuclear,Europe (R10),2
Low-to-Negative,SSP1,Capacity|Electricity|Nuclear,India+ (R10),2
Low-to-Negative,SSP1,Capacity|Electricity|Nuclear,Latin America (R10),2
Low-to-Negative,SSP1,Capacity|Electricity|Nuclear,Middle East (R10),2
Low-to-Negative,SSP1,Capacity|Electricity|Nuclear,North America (R10),2
Low-to-Negative,SSP1,Capacity|Electricity|Nuclear,Pacific OECD (R10),2
Low-to-Negative,SSP1,Capacity|Electricity|Nuclear,Reforming Economies (R10),2
Low-to-Negative,SSP1,Capacity|Electricity|Nuclear,Rest of Asia (R10),2
Low-to-Negative,SSP1,Capacity|Electricity|Nuclear,World,2
Low-to-Negative,SSP1,Capacity|Electricity|Oil,Africa (R10),2
Low-to-Negative,SSP1,Capacity|Electricity|Oil,China+ (R10),2
Low-to-Negative,SSP1,Capacity|Electricity|Oil,Europe (R10),2
Low-to-Negative,SSP1,Capacity|Electricity|Oil,India+ (R10),2
Low-to-Negative,SSP1,Capacity|Electricity|Oil,Latin America (R10),2
Low-to-Negative,SSP1,Capacity|Electricity|Oil,Middle East (R10),2
Low-to-Negative,SSP1,Capacity|Electricity|Oil,North America (R10),2
Low-to-Negative,SSP1,Capacity|Electricity|Oil,Pacific OECD (R10),2
Low-to-Negative,SSP1,Capacity|Electricity|Oil,Reforming Economies (R10),2
Low-to-Negative,SSP1,Capacity|Electricity|Oil,Rest of Asia (R10),2
Low-to-Negative,SSP1,Capacity|Electricity|Oil,World,2
Low-to-Negative,SSP1,Capacity|Electricity|Other,Africa (R10),1
Low-to-Negative,SSP1,Capacity|Electricity|Other,China+ (R10),1
Low-to-Negative,SSP1,Capacity|Electricity|Other,Europe (R10),1
Low-to-Negative,SSP1,Capacity|Electricity|Other,India+ (R10),1
Low-to-Negative,SSP1,Capacity|Electricity|Other,Latin America (R10),1
Low-to-Negative,SSP1,Capacity|Electricity|Other,Middle East (R10),1
Low-to-Negative,SSP1,Capacity|Electricity|Other,North America (R10),1
Low-to-Negative,SSP1,Capacity|Electricity|Other,Pacific OECD (R10),1
Low-to-Negative,SSP1,Capacity|Electricity|Other,Reforming Economies (R10),1
Low-to-Negative,SSP1,Capacity|Electricity|Other,Rest of Asia (R10),1
Low-to-Negative,SSP1,Capacity|Electricity|Other,World,1
Low-to-Negative,SSP1,Capacity|Electricity|Solar|CSP,Africa (R10),2
Low-to-Negative,SSP1,Capacity|Electricity|Solar|CSP,China+ (R10),2
Low-to-Negative,SSP1,Capacity|Electricity|Solar|CSP,Europe (R10),2
Low-to-Negative,SSP1,Capacity|Electricity|Solar|CSP,India+ (R10),2
Low-to-Negative,SSP1,Capacity|Electricity|Solar|CSP,Latin America (R10),2
Low-to-Negative,SSP1,Capacity|Electricity|Solar|CSP,Middle East (R10),2
Low-to-Negative,SSP1,Capacity|Electricity|Solar|CSP,North America (R10),2
Low-to-Negative,SSP1,Capacity|Electricity|Solar|CSP,Pacific OECD (R10),2
Low-to-Negative,SSP1,Capacity|Electricity|Solar|CSP,Reforming Economies (R10),2
Low-to-Negative,SSP1,Capacity|Electricity|Solar|CSP,Rest of Asia (R10),2
Low-to-Negative,SSP1,Capacity|Electricity|Solar|CSP,World,2
Low-to-Negative,SSP1,Capacity|Electricity|Solar|PV,Africa (R10),2
Low-to-Negative,SSP1,Capacity|Electricity|Solar|PV,China+ (R10),2
Low-to-Negative,SSP1,Capacity|Electricity|Solar|PV,Europe (R10),2
Low-to-Negative,SSP1,Capacity|Electricity|Solar|PV,India+ (R10),2
Low-to-Negative,SSP1,Capacity|Electricity|Solar|PV,Latin America (R10),2
Low-to-Negative,SSP1,Capacity|Electricity|Solar|PV,Middle East (R10),2
Low-to-Negative,SSP1,Capacity|Electricity|Solar|PV,North America (R10),2
Low-to-Negative,SSP1,Capacity|Electricity|Solar|PV,Pacific OECD (R10),2
Low-to-Negative,SSP1,Capacity|Electricity|Solar|PV,Reforming Economies (R10),2
Low-to-Negative,SSP1,Capacity|Electricity|Solar|PV,Rest of Asia (R10),2
Low-to-Negative,SSP1,Capacity|Electricity|Solar|PV,World,2
Low-to-Negative,SSP1,Capacity|Electricity|Wind|Offshore,Africa (R10),2
Low-to-Negative,SSP1,Capacity|Electricity|Wind|Offshore,China+ (R10),2
Low-to-Negative,SSP1,Capacity|Electricity|Wind|Offshore,Europe (R10),2
Low-to-Negative,SSP1,Capacity|Electricity|Wind|Offshore,India+ (R10),2
Low-to-Negative,SSP1,Capacity|Electricity|Wind|Offshore,Latin America (R10),2
Low-to-Negative,SSP1,Capacity|Electricity|Wind|Offshore,Middle East (R10),2
Low-to-Negative,SSP1,Capacity|Electricity|Wind|Offshore,North America (R10),2
Low-to-Negative,SSP1,Capacity|Electricity|Wind|Offshore,Pacific OECD (R10),2
Low-to-Negative,SSP1,Capacity|Electricity|Wind|Offshore,Reforming Economies (R10),2
Low-to-Negative,SSP1,Capacity|Electricity|Wind|Offshore,Rest of Asia (R10),2
Low-to-Negative,SSP1,Capacity|Electricity|Wind|Offshore,World,2
Low-to-Negative,SSP1,Capacity|Electricity|Wind|Onshore,Africa (R10),2
Low-to-Negative,SSP1,Capacity|Electricity|Wind|Onshore,China+ (R10),2
Low-to-Negative,SSP1,Capacity|Electricity|Wind|Onshore,Europe (R10),2
Low-to-Negative,SSP1,Capacity|Electricity|Wind|Onshore,India+ (R10),2
Low-to-Negative,SSP1,Capacity|Electricity|Wind|Onshore,Latin America (R10),2
Low-to-Negative,SSP1,Capacity|Electricity|Wind|Onshore,Middle East (R10),2
Low-to-Negative,SSP1,Capacity|Electricity|Wind|Onshore,North America (R10),2
Low-to-Negative,SSP1,Capacity|Electricity|Wind|Onshore,Pacific OECD (R10),2
Low-to-Negative,SSP1,Capacity|Electricity|Wind|Onshore,Reforming Economies (R10),2
Low-to-Negative,SSP1,Capacity|Electricity|Wind|Onshore,Rest of Asia (R10),2
Low-to-Negative,SSP1,Capacity|Electricity|Wind|Onshore,World,2
Low-to-Negative,SSP1,Food Intake|Crops [per capita],Africa (R10),1
Low-to-Negative,SSP1,Food Intake|Crops [per capita],China+ (R10),1
Low-to-Negative,SSP1,Food Intake|Crops [per capita],Europe (R10),1
Low-to-Negative,SSP1,Food Intake|Crops [per capita],India+ (R10),1
Low-to-Negative,SSP1,Food Intake|Crops [per capita],Latin America (R10),1
Low-to-Negative,SSP1,Food Intake|Crops [per capita],Middle East (R10),1
Low-to-Negative,SSP1,Food Intake|Crops [per capita],North America (R10),1
Low-to-Negative,SSP1,Food Intake|Crops [per capita],Pacific OECD (R10),1
Low-to-Negative,SSP1,Food Intake|Crops [per capita],Reforming Economies (R10),1
Low-to-Negative,SSP1,Food Intake|Crops [per capita],Rest of Asia (R10),1
Low-to-Negative,SSP1,Food Intake|Crops [per capita],World,1
Low-to-Negative,SSP1,Food Intake|Livestock [per capita],Africa (R10),1
Low-to-Negative,SSP1,Food Intake|Livestock [per capita],China+ (R10),1
Low-to-Negative,SSP1,Food Intake|Livestock [per capita],Europe (R10),1
Low-to-Negative,SSP1,Food Intake|Livestock [per capita],India+ (R10),1
Low-to-Negative,SSP1,Food Intake|Livestock [per capita],Latin America (R10),1
Low-to-Negative,SSP1,Food Intake|Livestock [per capita],Middle East (R10),1
Low-to-Negative,SSP1,Food Intake|Livestock [per capita],North America (R10),1
Low-to-Negative,SSP1,Food Intake|Livestock [per capita],Pacific OECD (R10),1
Low-to-Negative,SSP1,Food Intake|Livestock [per capita],Reforming Economies (R10),1
Low-to-Negative,SSP1,Food Intake|Livestock [per capita],Rest of Asia (R10),1
Low-to-Negative,SSP1,Food Intake|Livestock [per capita],World,1
Low-to-Negative,SSP1,Food Waste [per capita],Africa (R10),1
Low-to-Negative,SSP1,Food Waste [per capita],China+ (R10),1
Low-to-Negative,SSP1,Food Waste [per capita],Europe (R10),1
Low-to-Negative,SSP1,Food Waste [per capita],India+ (R10),1
Low-to-Negative,SSP1,Food Waste [per capita],Latin America (R10),1
Low-to-Negative,SSP1,Food Waste [per capita],Middle East (R10),1
Low-to-Negative,SSP1,Food Waste [per capita],North America (R10),1
Low-to-Negative,SSP1,Food Waste [per capita],Pacific OECD (R10),1
Low-to-Negative,SSP1,Food Waste [per capita],Reforming Economies (R10),1
Low-to-Negative,SSP1,Food Waste [per capita],Rest of Asia (R10),1
Low-to-Negative,SSP1,Food Waste [per capita],World,1
Low-to-Negative,SSP1,Forestry Production|Roundwood,Africa (R10),2
Low-to-Negative,SSP1,Forestry Production|Roundwood,China+ (R10),2
Low-to-Negative,SSP1,Forestry Production|Roundwood,Europe (R10),2
Low-to-Negative,SSP1,Forestry Production|Roundwood,India+ (R10),2
Low-to-Negative,SSP1,Forestry Production|Roundwood,Latin America (R10),2
Low-to-Negative,SSP1,Forestry Production|Roundwood,Middle East (R10),2
Low-to-Negative,SSP1,Forestry Production|Roundwood,North America (R10),2
Low-to-Negative,SSP1,Forestry Production|Roundwood,Pacific OECD (R10),2
Low-to-Negative,SSP1,Forestry Production|Roundwood,Reforming Economies (R10),2
Low-to-Negative,SSP1,Forestry Production|Roundwood,Rest of Asia (R10),2
Low-to-Negative,SSP1,Forestry Production|Roundwood,World,2
Low-to-Negative,SSP1,GDP|MER,Africa (R10),2
Low-to-Negative,SSP1,GDP|MER,China+ (R10),2
Low-to-Negative,SSP1,GDP|MER,Europe (R10),2
Low-to-Negative,SSP1,GDP|MER,India+ (R10),2
Low-to-Negative,SSP1,GDP|MER,Latin America (R10),2
Low-to-Negative,SSP1,GDP|MER,Middle East (R10),2
Low-to-Negative,SSP1,GDP|MER,North America (R10),2
Low-to-Negative,SSP1,GDP|MER,Pacific OECD (R10),2
Low-to-Negative,SSP1,GDP|MER,Reforming Economies (R10),2
Low-to-Negative,SSP1,GDP|MER,Rest of Asia (R10),2
Low-to-Negative,SSP1,GDP|MER,World,2
Low-to-Negative,SSP1,Population,Africa (R10),2
Low-to-Negative,SSP1,Population,China+ (R10),2
Low-to-Negative,SSP1,Population,Europe (R10),2
Low-to-Negative,SSP1,Population,India+ (R10),2
Low-to-Negative,SSP1,Population,Latin America (R10),2
Low-to-Negative,SSP1,Population,Middle East (R10),2
Low-to-Negative,SSP1,Population,North America (R10),2
Low-to-Negative,SSP1,Population,Pacific OECD (R10),2
Low-to-Negative,SSP1,Population,Reforming Economies (R10),2
Low-to-Negative,SSP1,Population,Rest of Asia (R10),2
Low-to-Negative,SSP1,Population,World,2
Low-to-Negative,SSP1,Primary Energy,Africa (R10),2
Low-to-Negative,SSP1,Primary Energy,China+ (R10),2
Low-to-Negative,SSP1,Primary Energy,Europe (R10),2
Low-to-Negative,SSP1,Primary Energy,India+ (R10),2
Low-to-Negative,SSP1,Primary Energy,Latin America (R10),2
Low-to-Negative,SSP1,Primary Energy,Middle East (R10),2
Low-to-Negative,SSP1,Primary Energy,North America (R10),2
Low-to-Negative,SSP1,Primary Energy,Pacific OECD (R10),2
Low-to-Negative,SSP1,Primary Energy,Reforming Economies (R10),2
Low-to-Negative,SSP1,Primary Energy,Rest of Asia (R10),2
Low-to-Negative,SSP1,Primary Energy,World,2
Low-to-Negative,SSP1,Primary Energy|Biomass,Africa (R10),2
Low-to-Negative,SSP1,Primary Energy|Biomass,China+ (R10),2
Low-to-Negative,SSP1,Primary Energy|Biomass,Europe (R10),2
Low-to-Negative,SSP1,Primary Energy|Biomass,India+ (R10),2
Low-to-Negative,SSP1,Primary Energy|Biomass,Latin America (R10),2
Low-to-Negative,SSP1,Primary Energy|Biomass,Middle East (R10),2
Low-to-Negative,SSP1,Primary Energy|Biomass,North America (R10),2
Low-to-Negative,SSP1,Primary Energy|Biomass,Pacific OECD (R10),2
Low-to-Negative,SSP1,Primary Energy|Biomass,Reforming Economies (R10),2
Low-to-Negative,SSP1,Primary Energy|Biomass,Rest of Asia (R10),2
Low-to-Negative,SSP1,Primary Energy|Biomass,World,2
Low-to-Negative,SSP1,Primary Energy|Coal,Africa (R10),2
Low-to-Negative,SSP1,Primary Energy|Coal,China+ (R10),2
Low-to-Negative,SSP1,Primary Energy|Coal,Europe (R10),2
Low-to-Negative,SSP1,Primary Energy|Coal,India+ (R10),2
Low-to-Negative,SSP1,Primary Energy|Coal,Latin America (R10),2
Low-to-Negative,SSP1,Primary Energy|Coal,Middle East (R10),2
Low-to-Negative,SSP1,Primary Energy|Coal,North America (R10),2
Low-to-Negative,SSP1,Primary Energy|Coal,Pacific OECD (R10),2
Low-to-Negative,SSP1,Primary Energy|Coal,Reforming Economies (R10),2
Low-to-Negative,SSP1,Primary Energy|Coal,Rest of Asia (R10),2
Low-to-Negative,SSP1,Primary Energy|Coal,World,2
Low-to-Negative,SSP1,Primary Energy|Fossil,Africa (R10),2
Low-to-Negative,SSP1,Primary Energy|Fossil,China+ (R10),2
Low-to-Negative,SSP1,Primary Energy|Fossil,Europe (R10),2
Low-to-Negative,SSP1,Primary Energy|Fossil,India+ (R10),2
Low-to-Negative,SSP1,Primary Energy|Fossil,Latin America (R10),2
Low-to-Negative,SSP1,Primary Energy|Fossil,Middle East (R10),2
Low-to-Negative,SSP1,Primary Energy|Fossil,North America (R10),2
Low-to-Negative,SSP1,Primary Energy|Fossil,Pacific OECD (R10),2
Low-to-Negative,SSP1,Primary Energy|Fossil,Reforming Economies (R10),2
Low-to-Negative,SSP1,Primary Energy|Fossil,Rest of Asia (R10),2
Low-to-Negative,SSP1,Primary Energy|Fossil,World,2
Low-to-Negative,SSP1,Primary Energy|Gas,Africa (R10),2
Low-to-Negative,SSP1,Primary Energy|Gas,China+ (R10),2
Low-to-Negative,SSP1,Primary Energy|Gas,Europe (R10),2
Low-to-Negative,SSP1,Primary Energy|Gas,India+ (R10),2
Low-to-Negative,SSP1,Primary Energy|Gas,Latin America (R10),2
Low-to-Negative,SSP1,Primary Energy|Gas,Middle East (R10),2
Low-to-Negative,SSP1,Primary Energy|Gas,North America (R10),2
Low-to-Negative,SSP1,Primary Energy|Gas,Pacific OECD (R10),2
Low-to-Negative,SSP1,Primary Energy|Gas,Reforming Economies (R10),2
Low-to-Negative,SSP1,Primary Energy|Gas,Rest of Asia (R10),2
Low-to-Negative,SSP1,Primary Energy|Gas,World,2
Low-to-Negative,SSP1,Primary Energy|Hydro,Africa (R10),2
Low-to-Negative,SSP1,Primary Energy|Hydro,China+ (R10),2
Low-to-Negative,SSP1,Primary Energy|Hydro,Europe (R10),2
Low-to-Negative,SSP1,Primary Energy|Hydro,India+ (R10),2
Low-to-Negative,SSP1,Primary Energy|Hydro,Latin America (R10),2
Low-to-Negative,SSP1,Primary Energy|Hydro,Middle East (R10),2
Low-to-Negative,SSP1,Primary Energy|Hydro,North America (R10),2
Low-to-Negative,SSP1,Primary Energy|Hydro,Pacific OECD (R10),2
Low-to-Negative,SSP1,Primary Energy|Hydro,Reforming Economies (R10),2
Low-to-Negative,SSP1,Primary Energy|Hydro,Rest of Asia (R10),2
Low-to-Negative,SSP1,Primary Energy|Hydro,World,2
Low-to-Negative,SSP1,Primary Energy|Non-Biomass Renewables,Africa (R10),2
Low-to-Negative,SSP1,Primary Energy|Non-Biomass Renewables,China+ (R10),2
Low-to-Negative,SSP1,Primary Energy|Non-Biomass Renewables,Europe (R10),2
Low-to-Negative,SSP1,Primary Energy|Non-Biomass Renewables,India+ (R10),2
Low-to-Negative,SSP1,Primary Energy|Non-Biomass Renewables,Latin America (R10),2
Low-to-Negative,SSP1,Primary Energy|Non-Biomass Renewables,Middle East (R10),2
Low-to-Negative,SSP1,Primary Energy|Non-Biomass Renewables,North America (R10),2
Low-to-Negative,SSP1,Primary Energy|Non-Biomass Renewables,Pacific OECD (R10),2
Low-to-Negative,SSP1,Primary Energy|Non-Biomass Renewables,Reforming Economies (R10),2
Low-to-Negative,SSP1,Primary Energy|Non-Biomass Renewables,Rest of Asia (R10),2
Low-to-Negative,SSP1,Primary Energy|Non-Biomass Renewables,World,2
Low-to-Negative,SSP1,Primary Energy|Nuclear,Africa (R10),2
Low-to-Negative,SSP1,Primary Energy|Nuclear,China+ (R10),2
Low-to-Negative,SSP1,Primary Energy|Nuclear,Europe (R10),2
Low-to-Negative,SSP1,Primary Energy|Nuclear,India+ (R10),2
Low-to-Negative,SSP1,Primary Energy|Nuclear,Latin America (R10),2
Low-to-Negative,SSP1,Primary Energy|Nuclear,Middle East (R10),2
Low-to-Negative,SSP1,Primary Energy|Nuclear,North America (R10),2
Low-to-Negative,SSP1,Primary Energy|Nuclear,Pacific OECD (R10),2
Low-to-Negative,SSP1,Primary Energy|Nuclear,Reforming Economies (R10),2
Low-to-Negative,SSP1,Primary Energy|Nuclear,Rest of Asia (R10),2
Low-to-Negative,SSP1,Primary Energy|Nuclear,World,2
Low-to-Negative,SSP1,Primary Energy|Oil,Africa (R10),2
Low-to-Negative,SSP1,Primary Energy|Oil,China+ (R10),2
Low-to-Negative,SSP1,Primary Energy|Oil,Europe (R10),2
Low-to-Negative,SSP1,Primary Energy|Oil,India+ (R10),2
Low-to-Negative,SSP1,Primary Energy|Oil,Latin America (R10),2
Low-to-Negative,SSP1,Primary Energy|Oil,Middle East (R10),2
Low-to-Negative,SSP1,Primary Energy|Oil,North America (R10),2
Low-to-Negative,SSP1,Primary Energy|Oil,Pacific OECD (R10),2
Low-to-Negative,SSP1,Primary Energy|Oil,Reforming Economies (R10),2
Low-to-Negative,SSP1,Primary Energy|Oil,Rest of Asia (R10),2
Low-to-Negative,SSP1,Primary Energy|Oil,World,2
Low-to-Negative,SSP1,Primary Energy|Other,Africa (R10),1
Low-to-Negative,SSP1,Primary Energy|Other,China+ (R10),1
Low-to-Negative,SSP1,Primary Energy|Other,Europe (R10),1
Low-to-Negative,SSP1,Primary Energy|Other,India+ (R10),1
Low-to-Negative,SSP1,Primary Energy|Other,Latin America (R10),1
Low-to-Negative,SSP1,Primary Energy|Other,Middle East (R10),1
Low-to-Negative,SSP1,Primary Energy|Other,North America (R10),1
Low-to-Negative,SSP1,Primary Energy|Other,Pacific OECD (R10),1
Low-to-Negative,SSP1,Primary Energy|Other,Reforming Economies (R10),1
Low-to-Negative,SSP1,Primary Energy|Other,Rest of Asia (R10),1
Low-to-Negative,SSP1,Primary Energy|Other,World,1
Low-to-Negative,SSP1,Production|Iron and Steel|Steel,Africa (R10),1
Low-to-Negative,SSP1,Production|Iron and Steel|Steel,China+ (R10),1
Low-to-Negative,SSP1,Production|Iron and Steel|Steel,Europe (R10),1
Low-to-Negative,SSP1,Production|Iron and Steel|Steel,India+ (R10),1
Low-to-Negative,SSP1,Production|Iron and Steel|Steel,Latin America (R10),1
Low-to-Negative,SSP1,Production|Iron and Steel|Steel,Middle East (R10),1
Low-to-Negative,SSP1,Production|Iron and Steel|Steel,North America (R10),1
Low-to-Negative,SSP1,Production|Iron and Steel|Steel,Pacific OECD (R10),1
Low-to-Negative,SSP1,Production|Iron and Steel|Steel,Reforming Economies (R10),1
Low-to-Negative,SSP1,Production|Iron and Steel|Steel,Rest of Asia (R10),1
Low-to-Negative,SSP1,Production|Iron and Steel|Steel,World,1
Low-to-Negative,SSP1,Production|Non-Metallic Minerals|Cement,Africa (R10),1
Low-to-Negative,SSP1,Production|Non-Metallic Minerals|Cement,China+ (R10),1
Low-to-Negative,SSP1,Production|Non-Metallic Minerals|Cement,Europe (R10),1
Low-to-Negative,SSP1,Production|Non-Metallic Minerals|Cement,India+ (R10),1
Low-to-Negative,SSP1,Production|Non-Metallic Minerals|Cement,Latin America (R10),1
Low-to-Negative,SSP1,Production|Non-Metallic Minerals|Cement,Middle East (R10),1
Low-to-Negative,SSP1,Production|Non-Metallic Minerals|Cement,North America (R10),1
Low-to-Negative,SSP1,Production|Non-Metallic Minerals|Cement,Pacific OECD (R10),1
Low-to-Negative,SSP1,Production|Non-Metallic Minerals|Cement,Reforming Economies (R10),1
Low-to-Negative,SSP1,Production|Non-Metallic Minerals|Cement,Rest of Asia (R10),1
Low-to-Negative,SSP1,Production|Non-Metallic Minerals|Cement,World,1
Low-to-Negative,SSP1,Resource|Extraction|Coal,Africa (R10),1
Low-to-Negative,SSP1,Resource|Extraction|Coal,China+ (R10),1
Low-to-Negative,SSP1,Resource|Extraction|Coal,Europe (R10),1
Low-to-Negative,SSP1,Resource|Extraction|Coal,India+ (R10),1
Low-to-Negative,SSP1,Resource|Extraction|Coal,Latin America (R10),1
Low-to-Negative,SSP1,Resource|Extraction|Coal,Middle East (R10),1
Low-to-Negative,SSP1,Resource|Extraction|Coal,North America (R10),1
Low-to-Negative,SSP1,Resource|Extraction|Coal,Pacific OECD (R10),1
Low-to-Negative,SSP1,Resource|Extraction|Coal,Reforming Economies (R10),1
Low-to-Negative,SSP1,Resource|Extraction|Coal,Rest of Asia (R10),1
Low-to-Negative,SSP1,Resource|Extraction|Coal,World,1
Low-to-Negative,SSP1,Resource|Extraction|Gas,Africa (R10),1
Low-to-Negative,SSP1,Resource|Extraction|Gas,China+ (R10),1
Low-to-Negative,SSP1,Resource|Extraction|Gas,Europe (R10),1
Low-to-Negative,SSP1,Resource|Extraction|Gas,India+ (R10),1
Low-to-Negative,SSP1,Resource|Extraction|Gas,Latin America (R10),1
Low-to-Negative,SSP1,Resource|Extraction|Gas,Middle East (R10),1
Low-to-Negative,SSP1,Resource|Extraction|Gas,North America (R10),1
Low-to-Negative,SSP1,Resource|Extraction|Gas,Pacific OECD (R10),1
Low-to-Negative,SSP1,Resource|Extraction|Gas,Reforming Economies (R10),1
Low-to-Negative,SSP1,Resource|Extraction|Gas,Rest of Asia (R10),1
Low-to-Negative,SSP1,Resource|Extraction|Gas,World,1
Low-to-Negative,SSP1,Resource|Extraction|Oil,Africa (R10),1
Low-to-Negative,SSP1,Resource|Extraction|Oil,China+ (R10),1
Low-to-Negative,SSP1,Resource|Extraction|Oil,Europe (R10),1
Low-to-Negative,SSP1,Resource|Extraction|Oil,India+ (R10),1
Low-to-Negative,SSP1,Resource|Extraction|Oil,Latin America (R10),1
Low-to-Negative,SSP1,Resource|Extraction|Oil,Middle East (R10),1
Low-to-Negative,SSP1,Resource|Extraction|Oil,North America (R10),1
Low-to-Negative,SSP1,Resource|Extraction|Oil,Pacific OECD (R10),1
Low-to-Negative,SSP1,Resource|Extraction|Oil,Reforming Economies (R10),1
Low-to-Negative,SSP1,Resource|Extraction|Oil,Rest of Asia (R10),1
Low-to-Negative,SSP1,Resource|Extraction|Oil,World,1
Low-to-Negative,SSP2,Agricultural Demand|Residues,Africa (R10),3
Low-to-Negative,SSP2,Agricultural Demand|Residues,China+ (R10),3
Low-to-Negative,SSP2,Agricultural Demand|Residues,Europe (R10),3
Low-to-Negative,SSP2,Agricultural Demand|Residues,India+ (R10),3
Low-to-Negative,SSP2,Agricultural Demand|Residues,Latin America (R10),3
Low-to-Negative,SSP2,Agricultural Demand|Residues,Middle East (R10),3
Low-to-Negative,SSP2,Agricultural Demand|Residues,North America (R10),3
Low-to-Negative,SSP2,Agricultural Demand|Residues,Other (R10),1
Low-to-Negative,SSP2,Agricultural Demand|Residues,Pacific OECD (R10),3
Low-to-Negative,SSP2,Agricultural Demand|Residues,Reforming Economies (R10),3
Low-to-Negative,SSP2,Agricultural Demand|Residues,Rest of Asia (R10),3
Low-to-Negative,SSP2,Agricultural Demand|Residues,World,3
Low-to-Negative,SSP2,Agricultural Production,Africa (R10),6
Low-to-Negative,SSP2,Agricultural Production,China+ (R10),6
Low-to-Negative,SSP2,Agricultural Production,Europe (R10),6
Low-to-Negative,SSP2,Agricultural Production,India+ (R10),6
Low-to-Negative,SSP2,Agricultural Production,Latin America (R10),6
Low-to-Negative,SSP2,Agricultural Production,Middle East (R10),6
Low-to-Negative,SSP2,Agricultural Production,North America (R10),6
Low-to-Negative,SSP2,Agricultural Production,Other (R10),1
Low-to-Negative,SSP2,Agricultural Production,Pacific OECD (R10),6
Low-to-Negative,SSP2,Agricultural Production,Reforming Economies (R10),6
Low-to-Negative,SSP2,Agricultural Production,Rest of Asia (R10),6
Low-to-Negative,SSP2,Agricultural Production,World,6
Low-to-Negative,SSP2,Agricultural Production|Crops,Africa (R10),6
Low-to-Negative,SSP2,Agricultural Production|Crops,China+ (R10),6
Low-to-Negative,SSP2,Agricultural Production|Crops,Europe (R10),6
Low-to-Negative,SSP2,Agricultural Production|Crops,India+ (R10),6
Low-to-Negative,SSP2,Agricultural Production|Crops,Latin America (R10),6
Low-to-Negative,SSP2,Agricultural Production|Crops,Middle East (R10),6
Low-to-Negative,SSP2,Agricultural Production|Crops,North America (R10),6
Low-to-Negative,SSP2,Agricultural Production|Crops,Other (R10),1
Low-to-Negative,SSP2,Agricultural Production|Crops,Pacific OECD (R10),6
Low-to-Negative,SSP2,Agricultural Production|Crops,Reforming Economies (R10),6
Low-to-Negative,SSP2,Agricultural Production|Crops,Rest of Asia (R10),6
Low-to-Negative,SSP2,Agricultural Production|Crops,World,6
Low-to-Negative,SSP2,Agricultural Production|Livestock,Africa (R10),6
Low-to-Negative,SSP2,Agricultural Production|Livestock,China+ (R10),6
Low-to-Negative,SSP2,Agricultural Production|Livestock,Europe (R10),6
Low-to-Negative,SSP2,Agricultural Production|Livestock,India+ (R10),6
Low-to-Negative,SSP2,Agricultural Production|Livestock,Latin America (R10),6
Low-to-Negative,SSP2,Agricultural Production|Livestock,Middle East (R10),6
Low-to-Negative,SSP2,Agricultural Production|Livestock,North America (R10),6
Low-to-Negative,SSP2,Agricultural Production|Livestock,Other (R10),1
Low-to-Negative,SSP2,Agricultural Production|Livestock,Pacific OECD (R10),6
Low-to-Negative,SSP2,Agricultural Production|Livestock,Reforming Economies (R10),6
Low-to-Negative,SSP2,Agricultural Production|Livestock,Rest of Asia (R10),6
Low-to-Negative,SSP2,Agricultural Production|Livestock,World,6
Low-to-Negative,SSP2,Building Stock|Commercial|Floor Space|Gross,Africa (R10),1
Low-to-Negative,SSP2,Building Stock|Commercial|Floor Space|Gross,China+ (R10),1
Low-to-Negative,SSP2,Building Stock|Commercial|Floor Space|Gross,Europe (R10),1
Low-to-Negative,SSP2,Building Stock|Commercial|Floor Space|Gross,India+ (R10),1
Low-to-Negative,SSP2,Building Stock|Commercial|Floor Space|Gross,Latin America (R10),1
Low-to-Negative,SSP2,Building Stock|Commercial|Floor Space|Gross,Middle East (R10),1
Low-to-Negative,SSP2,Building Stock|Commercial|Floor Space|Gross,North America (R10),1
Low-to-Negative,SSP2,Building Stock|Commercial|Floor Space|Gross,Pacific OECD (R10),1
Low-to-Negative,SSP2,Building Stock|Commercial|Floor Space|Gross,Reforming Economies (R10),1
Low-to-Negative,SSP2,Building Stock|Commercial|Floor Space|Gross,Rest of Asia (R10),1
Low-to-Negative,SSP2,Building Stock|Commercial|Floor Space|Gross,World,1
Low-to-Negative,SSP2,Building Stock|Residential and Commercial|Floor Space|Gross,Africa (R10),2
Low-to-Negative,SSP2,Building Stock|Residential and Commercial|Floor Space|Gross,China+ (R10),2
Low-to-Negative,SSP2,Building Stock|Residential and Commercial|Floor Space|Gross,Europe (R10),2
Low-to-Negative,SSP2,Building Stock|Residential and Commercial|Floor Space|Gross,India+ (R10),2
Low-to-Negative,SSP2,Building Stock|Residential and Commercial|Floor Space|Gross,Latin America (R10),2
Low-to-Negative,SSP2,Building Stock|Residential and Commercial|Floor Space|Gross,Middle East (R10),2
Low-to-Negative,SSP2,Building Stock|Residential and Commercial|Floor Space|Gross,North America (R10),2
Low-to-Negative,SSP2,Building Stock|Residential and Commercial|Floor Space|Gross,Other (R10),1
Low-to-Negative,SSP2,Building Stock|Residential and Commercial|Floor Space|Gross,Pacific OECD (R10),2
Low-to-Negative,SSP2,Building Stock|Residential and Commercial|Floor Space|Gross,Reforming Economies (R10),2
Low-to-Negative,SSP2,Building Stock|Residential and Commercial|Floor Space|Gross,Rest of Asia (R10),2
Low-to-Negative,SSP2,Building Stock|Residential and Commercial|Floor Space|Gross,World,2
Low-to-Negative,SSP2,Building Stock|Residential|Floor Space|Gross,Africa (R10),1
Low-to-Negative,SSP2,Building Stock|Residential|Floor Space|Gross,China+ (R10),1
Low-to-Negative,SSP2,Building Stock|Residential|Floor Space|Gross,Europe (R10),1
Low-to-Negative,SSP2,Building Stock|Residential|Floor Space|Gross,India+ (R10),1
Low-to-Negative,SSP2,Building Stock|Residential|Floor Space|Gross,Latin America (R10),1
Low-to-Negative,SSP2,Building Stock|Residential|Floor Space|Gross,Middle East (R10),1
Low-to-Negative,SSP2,Building Stock|Residential|Floor Space|Gross,North America (R10),1
Low-to-Negative,SSP2,Building Stock|Residential|Floor Space|Gross,Pacific OECD (R10),1
Low-to-Negative,SSP2,Building Stock|Residential|Floor Space|Gross,Reforming Economies (R10),1
Low-to-Negative,SSP2,Building Stock|Residential|Floor Space|Gross,Rest of Asia (R10),1
Low-to-Negative,SSP2,Building Stock|Residential|Floor Space|Gross,World,1
Low-to-Negative,SSP2,Capacity|Electricity|Biomass,Africa (R10),5
Low-to-Negative,SSP2,Capacity|Electricity|Biomass,China+ (R10),5
Low-to-Negative,SSP2,Capacity|Electricity|Biomass,Europe (R10),5
Low-to-Negative,SSP2,Capacity|Electricity|Biomass,India+ (R10),5
Low-to-Negative,SSP2,Capacity|Electricity|Biomass,Latin America (R10),5
Low-to-Negative,SSP2,Capacity|Electricity|Biomass,Middle East (R10),5
Low-to-Negative,SSP2,Capacity|Electricity|Biomass,North America (R10),5
Low-to-Negative,SSP2,Capacity|Electricity|Biomass,Other (R10),1
Low-to-Negative,SSP2,Capacity|Electricity|Biomass,Pacific OECD (R10),5
Low-to-Negative,SSP2,Capacity|Electricity|Biomass,Reforming Economies (R10),5
Low-to-Negative,SSP2,Capacity|Electricity|Biomass,Rest of Asia (R10),5
Low-to-Negative,SSP2,Capacity|Electricity|Biomass,World,5
Low-to-Negative,SSP2,Capacity|Electricity|Coal,Africa (R10),5
Low-to-Negative,SSP2,Capacity|Electricity|Coal,China+ (R10),5
Low-to-Negative,SSP2,Capacity|Electricity|Coal,Europe (R10),5
Low-to-Negative,SSP2,Capacity|Electricity|Coal,India+ (R10),5
Low-to-Negative,SSP2,Capacity|Electricity|Coal,Latin America (R10),5
Low-to-Negative,SSP2,Capacity|Electricity|Coal,Middle East (R10),5
Low-to-Negative,SSP2,Capacity|Electricity|Coal,North America (R10),5
Low-to-Negative,SSP2,Capacity|Electricity|Coal,Other (R10),1
Low-to-Negative,SSP2,Capacity|Electricity|Coal,Pacific OECD (R10),5
Low-to-Negative,SSP2,Capacity|Electricity|Coal,Reforming Economies (R10),5
Low-to-Negative,SSP2,Capacity|Electricity|Coal,Rest of Asia (R10),5
Low-to-Negative,SSP2,Capacity|Electricity|Coal,World,5
Low-to-Negative,SSP2,Capacity|Electricity|Fossil,Africa (R10),3
Low-to-Negative,SSP2,Capacity|Electricity|Fossil,China+ (R10),3
Low-to-Negative,SSP2,Capacity|Electricity|Fossil,Europe (R10),3
Low-to-Negative,SSP2,Capacity|Electricity|Fossil,India+ (R10),3
Low-to-Negative,SSP2,Capacity|Electricity|Fossil,Latin America (R10),3
Low-to-Negative,SSP2,Capacity|Electricity|Fossil,Middle East (R10),3
Low-to-Negative,SSP2,Capacity|Electricity|Fossil,North America (R10),3
Low-to-Negative,SSP2,Capacity|Electricity|Fossil,Pacific OECD (R10),3
Low-to-Negative,SSP2,Capacity|Electricity|Fossil,Reforming Economies (R10),3
Low-to-Negative,SSP2,Capacity|Electricity|Fossil,Rest of Asia (R10),3
Low-to-Negative,SSP2,Capacity|Electricity|Fossil,World,3
Low-to-Negative,SSP2,Capacity|Electricity|Gas,Africa (R10),5
Low-to-Negative,SSP2,Capacity|Electricity|Gas,China+ (R10),5
Low-to-Negative,SSP2,Capacity|Electricity|Gas,Europe (R10),5
Low-to-Negative,SSP2,Capacity|Electricity|Gas,India+ (R10),5
Low-to-Negative,SSP2,Capacity|Electricity|Gas,Latin America (R10),5
Low-to-Negative,SSP2,Capacity|Electricity|Gas,Middle East (R10),5
Low-to-Negative,SSP2,Capacity|Electricity|Gas,North America (R10),5
Low-to-Negative,SSP2,Capacity|Electricity|Gas,Other (R10),1
Low-to-Negative,SSP2,Capacity|Electricity|Gas,Pacific OECD (R10),5
Low-to-Negative,SSP2,Capacity|Electricity|Gas,Reforming Economies (R10),5
Low-to-Negative,SSP2,Capacity|Electricity|Gas,Rest of Asia (R10),5
Low-to-Negative,SSP2,Capacity|Electricity|Gas,World,5
Low-to-Negative,SSP2,Capacity|Electricity|Geothermal,Africa (R10),5
Low-to-Negative,SSP2,Capacity|Electricity|Geothermal,China+ (R10),4
Low-to-Negative,SSP2,Capacity|Electricity|Geothermal,Europe (R10),5
Low-to-Negative,SSP2,Capacity|Electricity|Geothermal,India+ (R10),4
Low-to-Negative,SSP2,Capacity|Electricity|Geothermal,Latin America (R10),5
Low-to-Negative,SSP2,Capacity|Electricity|Geothermal,Middle East (R10),4
Low-to-Negative,SSP2,Capacity|Electricity|Geothermal,North America (R10),5
Low-to-Negative,SSP2,Capacity|Electricity|Geothermal,Other (R10),1
Low-to-Negative,SSP2,Capacity|Electricity|Geothermal,Pacific OECD (R10),5
Low-to-Negative,SSP2,Capacity|Electricity|Geothermal,Reforming Economies (R10),5
Low-to-Negative,SSP2,Capacity|Electricity|Geothermal,Rest of Asia (R10),5
Low-to-Negative,SSP2,Capacity|Electricity|Geothermal,World,5
Low-to-Negative,SSP2,Capacity|Electricity|Hydro,Africa (R10),5
Low-to-Negative,SSP2,Capacity|Electricity|Hydro,China+ (R10),5
Low-to-Negative,SSP2,Capacity|Electricity|Hydro,Europe (R10),5
Low-to-Negative,SSP2,Capacity|Electricity|Hydro,India+ (R10),5
Low-to-Negative,SSP2,Capacity|Electricity|Hydro,Latin America (R10),5
Low-to-Negative,SSP2,Capacity|Electricity|Hydro,Middle East (R10),5
Low-to-Negative,SSP2,Capacity|Electricity|Hydro,North America (R10),5
Low-to-Negative,SSP2,Capacity|Electricity|Hydro,Other (R10),1
Low-to-Negative,SSP2,Capacity|Electricity|Hydro,Pacific OECD (R10),5
Low-to-Negative,SSP2,Capacity|Electricity|Hydro,Reforming Economies (R10),5
Low-to-Negative,SSP2,Capacity|Electricity|Hydro,Rest of Asia (R10),5
Low-to-Negative,SSP2,Capacity|Electricity|Hydro,World,5
Low-to-Negative,SSP2,Capacity|Electricity|Hydrogen,Africa (R10),2
Low-to-Negative,SSP2,Capacity|Electricity|Hydrogen,China+ (R10),2
Low-to-Negative,SSP2,Capacity|Electricity|Hydrogen,Europe (R10),2
Low-to-Negative,SSP2,Capacity|Electricity|Hydrogen,India+ (R10),2
Low-to-Negative,SSP2,Capacity|Electricity|Hydrogen,Latin America (R10),2
Low-to-Negative,SSP2,Capacity|Electricity|Hydrogen,Middle East (R10),2
Low-to-Negative,SSP2,Capacity|Electricity|Hydrogen,North America (R10),2
Low-to-Negative,SSP2,Capacity|Electricity|Hydrogen,Other (R10),1
Low-to-Negative,SSP2,Capacity|Electricity|Hydrogen,Pacific OECD (R10),2
Low-to-Negative,SSP2,Capacity|Electricity|Hydrogen,Reforming Economies (R10),2
Low-to-Negative,SSP2,Capacity|Electricity|Hydrogen,Rest of Asia (R10),2
Low-to-Negative,SSP2,Capacity|Electricity|Hydrogen,World,2
Low-to-Negative,SSP2,Capacity|Electricity|Nuclear,Africa (R10),5
Low-to-Negative,SSP2,Capacity|Electricity|Nuclear,China+ (R10),5
Low-to-Negative,SSP2,Capacity|Electricity|Nuclear,Europe (R10),5
Low-to-Negative,SSP2,Capacity|Electricity|Nuclear,India+ (R10),5
Low-to-Negative,SSP2,Capacity|Electricity|Nuclear,Latin America (R10),5
Low-to-Negative,SSP2,Capacity|Electricity|Nuclear,Middle East (R10),5
Low-to-Negative,SSP2,Capacity|Electricity|Nuclear,North America (R10),5
Low-to-Negative,SSP2,Capacity|Electricity|Nuclear,Other (R10),1
Low-to-Negative,SSP2,Capacity|Electricity|Nuclear,Pacific OECD (R10),5
Low-to-Negative,SSP2,Capacity|Electricity|Nuclear,Reforming Economies (R10),5
Low-to-Negative,SSP2,Capacity|Electricity|Nuclear,Rest of Asia (R10),5
Low-to-Negative,SSP2,Capacity|Electricity|Nuclear,World,5
Low-to-Negative,SSP2,Capacity|Electricity|Oil,Africa (R10),5
Low-to-Negative,SSP2,Capacity|Electricity|Oil,China+ (R10),5
Low-to-Negative,SSP2,Capacity|Electricity|Oil,Europe (R10),5
Low-to-Negative,SSP2,Capacity|Electricity|Oil,India+ (R10),5
Low-to-Negative,SSP2,Capacity|Electricity|Oil,Latin America (R10),5
Low-to-Negative,SSP2,Capacity|Electricity|Oil,Middle East (R10),5
Low-to-Negative,SSP2,Capacity|Electricity|Oil,North America (R10),5
Low-to-Negative,SSP2,Capacity|Electricity|Oil,Other (R10),1
Low-to-Negative,SSP2,Capacity|Electricity|Oil,Pacific OECD (R10),5
Low-to-Negative,SSP2,Capacity|Electricity|Oil,Reforming Economies (R10),5
Low-to-Negative,SSP2,Capacity|Electricity|Oil,Rest of Asia (R10),5
Low-to-Negative,SSP2,Capacity|Electricity|Oil,World,5
Low-to-Negative,SSP2,Capacity|Electricity|Other,Africa (R10),2
Low-to-Negative,SSP2,Capacity|Electricity|Other,China+ (R10),2
Low-to-Negative,SSP2,Capacity|Electricity|Other,Europe (R10),3
Low-to-Negative,SSP2,Capacity|Electricity|Other,India+ (R10),2
Low-to-Negative,SSP2,Capacity|Electricity|Other,Latin America (R10),2
Low-to-Negative,SSP2,Capacity|Electricity|Other,Middle East (R10),2
Low-to-Negative,SSP2,Capacity|Electricity|Other,North America (R10),3
Low-to-Negative,SSP2,Capacity|Electricity|Other,Pacific OECD (R10),2
Low-to-Negative,SSP2,Capacity|Electricity|Other,Reforming Economies (R10),2
Low-to-Negative,SSP2,Capacity|Electricity|Other,Rest of Asia (R10),2
Low-to-Negative,SSP2,Capacity|Electricity|Other,World,3
Low-to-Negative,SSP2,Capacity|Electricity|Solar|CSP,Africa (R10),4
Low-to-Negative,SSP2,Capacity|Electricity|Solar|CSP,China+ (R10),4
Low-to-Negative,SSP2,Capacity|Electricity|Solar|CSP,Europe (R10),4
Low-to-Negative,SSP2,Capacity|Electricity|Solar|CSP,India+ (R10),4
Low-to-Negative,SSP2,Capacity|Electricity|Solar|CSP,Latin America (R10),4
Low-to-Negative,SSP2,Capacity|Electricity|Solar|CSP,Middle East (R10),4
Low-to-Negative,SSP2,Capacity|Electricity|Solar|CSP,North America (R10),4
Low-to-Negative,SSP2,Capacity|Electricity|Solar|CSP,Other (R10),1
Low-to-Negative,SSP2,Capacity|Electricity|Solar|CSP,Pacific OECD (R10),4
Low-to-Negative,SSP2,Capacity|Electricity|Solar|CSP,Reforming Economies (R10),4
Low-to-Negative,SSP2,Capacity|Electricity|Solar|CSP,Rest of Asia (R10),4
Low-to-Negative,SSP2,Capacity|Electricity|Solar|CSP,World,4
Low-to-Negative,SSP2,Capacity|Electricity|Solar|PV,Africa (R10),5
Low-to-Negative,SSP2,Capacity|Electricity|Solar|PV,China+ (R10),5
Low-to-Negative,SSP2,Capacity|Electricity|Solar|PV,Europe (R10),5
Low-to-Negative,SSP2,Capacity|Electricity|Solar|PV,India+ (R10),5
Low-to-Negative,SSP2,Capacity|Electricity|Solar|PV,Latin America (R10),5
Low-to-Negative,SSP2,Capacity|Electricity|Solar|PV,Middle East (R10),5
Low-to-Negative,SSP2,Capacity|Electricity|Solar|PV,North America (R10),5
Low-to-Negative,SSP2,Capacity|Electricity|Solar|PV,Other (R10),1
Low-to-Negative,SSP2,Capacity|Electricity|Solar|PV,Pacific OECD (R10),5
Low-to-Negative,SSP2,Capacity|Electricity|Solar|PV,Reforming Economies (R10),5
Low-to-Negative,SSP2,Capacity|Electricity|Solar|PV,Rest of Asia (R10),5
Low-to-Negative,SSP2,Capacity|Electricity|Solar|PV,World,5
Low-to-Negative,SSP2,Capacity|Electricity|Wind|Offshore,Africa (R10),4
Low-to-Negative,SSP2,Capacity|Electricity|Wind|Offshore,China+ (R10),4
Low-to-Negative,SSP2,Capacity|Electricity|Wind|Offshore,Europe (R10),4
Low-to-Negative,SSP2,Capacity|Electricity|Wind|Offshore,India+ (R10),4
Low-to-Negative,SSP2,Capacity|Electricity|Wind|Offshore,Latin America (R10),4
Low-to-Negative,SSP2,Capacity|Electricity|Wind|Offshore,Middle East (R10),4
Low-to-Negative,SSP2,Capacity|Electricity|Wind|Offshore,North America (R10),4
Low-to-Negative,SSP2,Capacity|Electricity|Wind|Offshore,Other (R10),1
Low-to-Negative,SSP2,Capacity|Electricity|Wind|Offshore,Pacific OECD (R10),4
Low-to-Negative,SSP2,Capacity|Electricity|Wind|Offshore,Reforming Economies (R10),4
Low-to-Negative,SSP2,Capacity|Electricity|Wind|Offshore,Rest of Asia (R10),4
Low-to-Negative,SSP2,Capacity|Electricity|Wind|Offshore,World,4
Low-to-Negative,SSP2,Capacity|Electricity|Wind|Onshore,Africa (R10),5
Low-to-Negative,SSP2,Capacity|Electricity|Wind|Onshore,China+ (R10),5
Low-to-Negative,SSP2,Capacity|Electricity|Wind|Onshore,Europe (R10),5
Low-to-Negative,SSP2,Capacity|Electricity|Wind|Onshore,India+ (R10),5
Low-to-Negative,SSP2,Capacity|Electricity|Wind|Onshore,Latin America (R10),5
Low-to-Negative,SSP2,Capacity|Electricity|Wind|Onshore,Middle East (R10),5
Low-to-Negative,SSP2,Capacity|Electricity|Wind|Onshore,North America (R10),5
Low-to-Negative,SSP2,Capacity|Electricity|Wind|Onshore,Other (R10),1
Low-to-Negative,SSP2,Capacity|Electricity|Wind|Onshore,Pacific OECD (R10),5
Low-to-Negative,SSP2,Capacity|Electricity|Wind|Onshore,Reforming Economies (R10),5
Low-to-Negative,SSP2,Capacity|Electricity|Wind|Onshore,Rest of Asia (R10),5
Low-to-Negative,SSP2,Capacity|Electricity|Wind|Onshore,World,5
Low-to-Negative,SSP2,Food Intake|Crops [per capita],Africa (R10),4
Low-to-Negative,SSP2,Food Intake|Crops [per capita],China+ (R10),4
Low-to-Negative,SSP2,Food Intake|Crops [per capita],Europe (R10),4
Low-to-Negative,SSP2,Food Intake|Crops [per capita],India+ (R10),4
Low-to-Negative,SSP2,Food Intake|Crops [per capita],Latin America (R10),4
Low-to-Negative,SSP2,Food Intake|Crops [per capita],Middle East (R10),4
Low-to-Negative,SSP2,Food Intake|Crops [per capita],North America (R10),4
Low-to-Negative,SSP2,Food Intake|Crops [per capita],Other (R10),1
Low-to-Negative,SSP2,Food Intake|Crops [per capita],Pacific OECD (R10),4
Low-to-Negative,SSP2,Food Intake|Crops [per capita],Reforming Economies (R10),4
Low-to-Negative,SSP2,Food Intake|Crops [per capita],Rest of Asia (R10),4
Low-to-Negative,SSP2,Food Intake|Crops [per capita],World,4
Low-to-Negative,SSP2,Food Intake|Livestock [per capita],Africa (R10),4
Low-to-Negative,SSP2,Food Intake|Livestock [per capita],China+ (R10),4
Low-to-Negative,SSP2,Food Intake|Livestock [per capita],Europe (R10),4
Low-to-Negative,SSP2,Food Intake|Livestock [per capita],India+ (R10),4
Low-to-Negative,SSP2,Food Intake|Livestock [per capita],Latin America (R10),4
Low-to-Negative,SSP2,Food Intake|Livestock [per capita],Middle East (R10),4
Low-to-Negative,SSP2,Food Intake|Livestock [per capita],North America (R10),4
Low-to-Negative,SSP2,Food Intake|Livestock [per capita],Other (R10),1
Low-to-Negative,SSP2,Food Intake|Livestock [per capita],Pacific OECD (R10),4
Low-to-Negative,SSP2,Food Intake|Livestock [per capita],Reforming Economies (R10),4
Low-to-Negative,SSP2,Food Intake|Livestock [per capita],Rest of Asia (R10),4
Low-to-Negative,SSP2,Food Intake|Livestock [per capita],World,4
Low-to-Negative,SSP2,Food Waste [per capita],Africa (R10),4
Low-to-Negative,SSP2,Food Waste [per capita],China+ (R10),4
Low-to-Negative,SSP2,Food Waste [per capita],Europe (R10),4
Low-to-Negative,SSP2,Food Waste [per capita],India+ (R10),4
Low-to-Negative,SSP2,Food Waste [per capita],Latin America (R10),4
Low-to-Negative,SSP2,Food Waste [per capita],Middle East (R10),4
Low-to-Negative,SSP2,Food Waste [per capita],North America (R10),4
Low-to-Negative,SSP2,Food Waste [per capita],Other (R10),1
Low-to-Negative,SSP2,Food Waste [per capita],Pacific OECD (R10),4
Low-to-Negative,SSP2,Food Waste [per capita],Reforming Economies (R10),4
Low-to-Negative,SSP2,Food Waste [per capita],Rest of Asia (R10),4
Low-to-Negative,SSP2,Food Waste [per capita],World,4
Low-to-Negative,SSP2,Forestry Production|Roundwood,Africa (R10),5
Low-to-Negative,SSP2,Forestry Production|Roundwood,China+ (R10),5
Low-to-Negative,SSP2,Forestry Production|Roundwood,Europe (R10),5
Low-to-Negative,SSP2,Forestry Production|Roundwood,India+ (R10),5
Low-to-Negative,SSP2,Forestry Production|Roundwood,Latin America (R10),5
Low-to-Negative,SSP2,Forestry Production|Roundwood,Middle East (R10),5
Low-to-Negative,SSP2,Forestry Production|Roundwood,North America (R10),5
Low-to-Negative,SSP2,Forestry Production|Roundwood,Other (R10),1
Low-to-Negative,SSP2,Forestry Production|Roundwood,Pacific OECD (R10),5
Low-to-Negative,SSP2,Forestry Production|Roundwood,Reforming Economies (R10),5
Low-to-Negative,SSP2,Forestry Production|Roundwood,Rest of Asia (R10),5
Low-to-Negative,SSP2,Forestry Production|Roundwood,World,5
Low-to-Negative,SSP2,GDP|MER,Africa (R10),5
Low-to-Negative,SSP2,GDP|MER,China+ (R10),5
Low-to-Negative,SSP2,GDP|MER,Europe (R10),5
Low-to-Negative,SSP2,GDP|MER,India+ (R10),5
Low-to-Negative,SSP2,GDP|MER,Latin America (R10),5
Low-to-Negative,SSP2,GDP|MER,Middle East (R10),5
Low-to-Negative,SSP2,GDP|MER,North America (R10),5
Low-to-Negative,SSP2,GDP|MER,Other (R10),1
Low-to-Negative,SSP2,GDP|MER,Pacific OECD (R10),5
Low-to-Negative,SSP2,GDP|MER,Reforming Economies (R10),5
Low-to-Negative,SSP2,GDP|MER,Rest of Asia (R10),5
Low-to-Negative,SSP2,GDP|MER,World,5
Low-to-Negative,SSP2,Population,Africa (R10),6
Low-to-Negative,SSP2,Population,China+ (R10),6
Low-to-Negative,SSP2,Population,Europe (R10),6
Low-to-Negative,SSP2,Population,India+ (R10),6
Low-to-Negative,SSP2,Population,Latin America (R10),6
Low-to-Negative,SSP2,Population,Middle East (R10),6
Low-to-Negative,SSP2,Population,North America (R10),6
Low-to-Negative,SSP2,Population,Other (R10),1
Low-to-Negative,SSP2,Population,Pacific OECD (R10),6
Low-to-Negative,SSP2,Population,Reforming Economies (R10),6
Low-to-Negative,SSP2,Population,Rest of Asia (R10),6
Low-to-Negative,SSP2,Population,World,6
Low-to-Negative,SSP2,Primary Energy,Africa (R10),6
Low-to-Negative,SSP2,Primary Energy,China+ (R10),6
Low-to-Negative,SSP2,Primary Energy,Europe (R10),6
Low-to-Negative,SSP2,Primary Energy,India+ (R10),6
Low-to-Negative,SSP2,Primary Energy,Latin America (R10),6
Low-to-Negative,SSP2,Primary Energy,Middle East (R10),6
Low-to-Negative,SSP2,Primary Energy,North America (R10),6
Low-to-Negative,SSP2,Primary Energy,Other (R10),1
Low-to-Negative,SSP2,Primary Energy,Pacific OECD (R10),6
Low-to-Negative,SSP2,Primary Energy,Reforming Economies (R10),6
Low-to-Negative,SSP2,Primary Energy,Rest of Asia (R10),6
Low-to-Negative,SSP2,Primary Energy,World,6
Low-to-Negative,SSP2,Primary Energy|Biomass,Africa (R10),6
Low-to-Negative,SSP2,Primary Energy|Biomass,China+ (R10),6
Low-to-Negative,SSP2,Primary Energy|Biomass,Europe (R10),6
Low-to-Negative,SSP2,Primary Energy|Biomass,India+ (R10),6
Low-to-Negative,SSP2,Primary Energy|Biomass,Latin America (R10),6
Low-to-Negative,SSP2,Primary Energy|Biomass,Middle East (R10),6
Low-to-Negative,SSP2,Primary Energy|Biomass,North America (R10),6
Low-to-Negative,SSP2,Primary Energy|Biomass,Other (R10),1
Low-to-Negative,SSP2,Primary Energy|Biomass,Pacific OECD (R10),6
Low-to-Negative,SSP2,Primary Energy|Biomass,Reforming Economies (R10),6
Low-to-Negative,SSP2,Primary Energy|Biomass,Rest of Asia (R10),6
Low-to-Negative,SSP2,Primary Energy|Biomass,World,6
Low-to-Negative,SSP2,Primary Energy|Coal,Africa (R10),6
Low-to-Negative,SSP2,Primary Energy|Coal,China+ (R10),6
Low-to-Negative,SSP2,Primary Energy|Coal,Europe (R10),6
Low-to-Negative,SSP2,Primary Energy|Coal,India+ (R10),6
Low-to-Negative,SSP2,Primary Energy|Coal,Latin America (R10),6
Low-to-Negative,SSP2,Primary Energy|Coal,Middle East (R10),6
Low-to-Negative,SSP2,Primary Energy|Coal,North America (R10),6
Low-to-Negative,SSP2,Primary Energy|Coal,Other (R10),1
Low-to-Negative,SSP2,Primary Energy|Coal,Pacific OECD (R10),6
Low-to-Negative,SSP2,Primary Energy|Coal,Reforming Economies (R10),6
Low-to-Negative,SSP2,Primary Energy|Coal,Rest of Asia (R10),6
Low-to-Negative,SSP2,Primary Energy|Coal,World,6
Low-to-Negative,SSP2,Primary Energy|Fossil,Africa (R10),6
Low-to-Negative,SSP2,Primary Energy|Fossil,China+ (R10),6
Low-to-Negative,SSP2,Primary Energy|Fossil,Europe (R10),6
Low-to-Negative,SSP2,Primary Energy|Fossil,India+ (R10),6
Low-to-Negative,SSP2,Primary Energy|Fossil,Latin America (R10),6
Low-to-Negative,SSP2,Primary Energy|Fossil,Middle East (R10),6
Low-to-Negative,SSP2,Primary Energy|Fossil,North America (R10),6
Low-to-Negative,SSP2,Primary Energy|Fossil,Other (R10),1
Low-to-Negative,SSP2,Primary Energy|Fossil,Pacific OECD (R10),6
Low-to-Negative,SSP2,Primary Energy|Fossil,Reforming Economies (R10),6
Low-to-Negative,SSP2,Primary Energy|Fossil,Rest of Asia (R10),6
Low-to-Negative,SSP2,Primary Energy|Fossil,World,6
Low-to-Negative,SSP2,Primary Energy|Gas,Africa (R10),6
Low-to-Negative,SSP2,Primary Energy|Gas,China+ (R10),6
Low-to-Negative,SSP2,Primary Energy|Gas,Europe (R10),6
Low-to-Negative,SSP2,Primary Energy|Gas,India+ (R10),6
Low-to-Negative,SSP2,Primary Energy|Gas,Latin America (R10),6
Low-to-Negative,SSP2,Primary Energy|Gas,Middle East (R10),6
Low-to-Negative,SSP2,Primary Energy|Gas,North America (R10),6
Low-to-Negative,SSP2,Primary Energy|Gas,Other (R10),1
Low-to-Negative,SSP2,Primary Energy|Gas,Pacific OECD (R10),6
Low-to-Negative,SSP2,Primary Energy|Gas,Reforming Economies (R10),6
Low-to-Negative,SSP2,Primary Energy|Gas,Rest of Asia (R10),6
Low-to-Negative,SSP2,Primary Energy|Gas,World,6
Low-to-Negative,SSP2,Primary Energy|Geothermal,Africa (R10),5
Low-to-Negative,SSP2,Primary Energy|Geothermal,China+ (R10),4
Low-to-Negative,SSP2,Primary Energy|Geothermal,Europe (R10),5
Low-to-Negative,SSP2,Primary Energy|Geothermal,India+ (R10),4
Low-to-Negative,SSP2,Primary Energy|Geothermal,Latin America (R10),5
Low-to-Negative,SSP2,Primary Energy|Geothermal,Middle East (R10),4
Low-to-Negative,SSP2,Primary Energy|Geothermal,North America (R10),5
Low-to-Negative,SSP2,Primary Energy|Geothermal,Other (R10),1
Low-to-Negative,SSP2,Primary Energy|Geothermal,Pacific OECD (R10),5
Low-to-Negative,SSP2,Primary Energy|Geothermal,Reforming Economies (R10),5
Low-to-Negative,SSP2,Primary Energy|Geothermal,Rest of Asia (R10),5
Low-to-Negative,SSP2,Primary Energy|Geothermal,World,5
Low-to-Negative,SSP2,Primary Energy|Hydro,Africa (R10),6
Low-to-Negative,SSP2,Primary Energy|Hydro,China+ (R10),6
Low-to-Negative,SSP2,Primary Energy|Hydro,Europe (R10),6
Low-to-Negative,SSP2,Primary Energy|Hydro,India+ (R10),6
Low-to-Negative,SSP2,Primary Energy|Hydro,Latin America (R10),6
Low-to-Negative,SSP2,Primary Energy|Hydro,Middle East (R10),6
Low-to-Negative,SSP2,Primary Energy|Hydro,North America (R10),6
Low-to-Negative,SSP2,Primary Energy|Hydro,Other (R10),1
Low-to-Negative,SSP2,Primary Energy|Hydro,Pacific OECD (R10),6
Low-to-Negative,SSP2,Primary Energy|Hydro,Reforming Economies (R10),6
Low-to-Negative,SSP2,Primary Energy|Hydro,Rest of Asia (R10),6
Low-to-Negative,SSP2,Primary Energy|Hydro,World,6
Low-to-Negative,SSP2,Primary Energy|Non-Biomass Renewables,Africa (R10),6
Low-to-Negative,SSP2,Primary Energy|Non-Biomass Renewables,China+ (R10),6
Low-to-Negative,SSP2,Primary Energy|Non-Biomass Renewables,Europe (R10),6
Low-to-Negative,SSP2,Primary Energy|Non-Biomass Renewables,India+ (R10),6
Low-to-Negative,SSP2,Primary Energy|Non-Biomass Renewables,Latin America (R10),6
Low-to-Negative,SSP2,Primary Energy|Non-Biomass Renewables,Middle East (R10),6
Low-to-Negative,SSP2,Primary Energy|Non-Biomass Renewables,North America (R10),6
Low-to-Negative,SSP2,Primary Energy|Non-Biomass Renewables,Other (R10),1
Low-to-Negative,SSP2,Primary Energy|Non-Biomass Renewables,Pacific OECD (R10),6
Low-to-Negative,SSP2,Primary Energy|Non-Biomass Renewables,Reforming Economies (R10),6
Low-to-Negative,SSP2,Primary Energy|Non-Biomass Renewables,Rest of Asia (R10),6
Low-to-Negative,SSP2,Primary Energy|Non-Biomass Renewables,World,6
Low-to-Negative,SSP2,Primary Energy|Nuclear,Africa (R10),6
Low-to-Negative,SSP2,Primary Energy|Nuclear,China+ (R10),6
Low-to-Negative,SSP2,Primary Energy|Nuclear,Europe (R10),6
Low-to-Negative,SSP2,Primary Energy|Nuclear,India+ (R10),6
Low-to-Negative,SSP2,Primary Energy|Nuclear,Latin America (R10),6
Low-to-Negative,SSP2,Primary Energy|Nuclear,Middle East (R10),6
Low-to-Negative,SSP2,Primary Energy|Nuclear,North America (R10),6
Low-to-Negative,SSP2,Primary Energy|Nuclear,Other (R10),1
Low-to-Negative,SSP2,Primary Energy|Nuclear,Pacific OECD (R10),6
Low-to-Negative,SSP2,Primary Energy|Nuclear,Reforming Economies (R10),6
Low-to-Negative,SSP2,Primary Energy|Nuclear,Rest of Asia (R10),6
Low-to-Negative,SSP2,Primary Energy|Nuclear,World,6
Low-to-Negative,SSP2,Primary Energy|Ocean,Africa (R10),1
Low-to-Negative,SSP2,Primary Energy|Ocean,China+ (R10),1
Low-to-Negative,SSP2,Primary Energy|Ocean,Europe (R10),1
Low-to-Negative,SSP2,Primary Energy|Ocean,India+ (R10),1
Low-to-Negative,SSP2,Primary Energy|Ocean,Latin America (R10),1
Low-to-Negative,SSP2,Primary Energy|Ocean,Middle East (R10),1
Low-to-Negative,SSP2,Primary Energy|Ocean,North America (R10),1
Low-to-Negative,SSP2,Primary Energy|Ocean,Pacific OECD (R10),1
Low-to-Negative,SSP2,Primary Energy|Ocean,Reforming Economies (R10),1
Low-to-Negative,SSP2,Primary Energy|Ocean,Rest of Asia (R10),1
Low-to-Negative,SSP2,Primary Energy|Ocean,World,1
Low-to-Negative,SSP2,Primary Energy|Oil,Africa (R10),6
Low-to-Negative,SSP2,Primary Energy|Oil,China+ (R10),6
Low-to-Negative,SSP2,Primary Energy|Oil,Europe (R10),6
Low-to-Negative,SSP2,Primary Energy|Oil,India+ (R10),6
Low-to-Negative,SSP2,Primary Energy|Oil,Latin America (R10),6
Low-to-Negative,SSP2,Primary Energy|Oil,Middle East (R10),6
Low-to-Negative,SSP2,Primary Energy|Oil,North America (R10),6
Low-to-Negative,SSP2,Primary Energy|Oil,Other (R10),1
Low-to-Negative,SSP2,Primary Energy|Oil,Pacific OECD (R10),6
Low-to-Negative,SSP2,Primary Energy|Oil,Reforming Economies (R10),6
Low-to-Negative,SSP2,Primary Energy|Oil,Rest of Asia (R10),6
Low-to-Negative,SSP2,Primary Energy|Oil,World,6
Low-to-Negative,SSP2,Primary Energy|Other,Africa (R10),3
Low-to-Negative,SSP2,Primary Energy|Other,China+ (R10),3
Low-to-Negative,SSP2,Primary Energy|Other,Europe (R10),4
Low-to-Negative,SSP2,Primary Energy|Other,India+ (R10),3
Low-to-Negative,SSP2,Primary Energy|Other,Latin America (R10),3
Low-to-Negative,SSP2,Primary Energy|Other,Middle East (R10),3
Low-to-Negative,SSP2,Primary Energy|Other,North America (R10),4
Low-to-Negative,SSP2,Primary Energy|Other,Pacific OECD (R10),3
Low-to-Negative,SSP2,Primary Energy|Other,Reforming Economies (R10),3
Low-to-Negative,SSP2,Primary Energy|Other,Rest of Asia (R10),3
Low-to-Negative,SSP2,Primary Energy|Other,World,4
Low-to-Negative,SSP2,Production|Iron and Steel|Steel,Africa (R10),4
Low-to-Negative,SSP2,Production|Iron and Steel|Steel,China+ (R10),4
Low-to-Negative,SSP2,Production|Iron and Steel|Steel,Europe (R10),4
Low-to-Negative,SSP2,Production|Iron and Steel|Steel,India+ (R10),4
Low-to-Negative,SSP2,Production|Iron and Steel|Steel,Latin America (R10),4
Low-to-Negative,SSP2,Production|Iron and Steel|Steel,Middle East (R10),4
Low-to-Negative,SSP2,Production|Iron and Steel|Steel,North America (R10),4
Low-to-Negative,SSP2,Production|Iron and Steel|Steel,Other (R10),1
Low-to-Negative,SSP2,Production|Iron and Steel|Steel,Pacific OECD (R10),4
Low-to-Negative,SSP2,Production|Iron and Steel|Steel,Reforming Economies (R10),4
Low-to-Negative,SSP2,Production|Iron and Steel|Steel,Rest of Asia (R10),4
Low-to-Negative,SSP2,Production|Iron and Steel|Steel,World,4
Low-to-Negative,SSP2,Production|Non-Ferrous Metals|Aluminum,Africa (R10),1
Low-to-Negative,SSP2,Production|Non-Ferrous Metals|Aluminum,China+ (R10),1
Low-to-Negative,SSP2,Production|Non-Ferrous Metals|Aluminum,Europe (R10),1
Low-to-Negative,SSP2,Production|Non-Ferrous Metals|Aluminum,India+ (R10),1
Low-to-Negative,SSP2,Production|Non-Ferrous Metals|Aluminum,Latin America (R10),1
Low-to-Negative,SSP2,Production|Non-Ferrous Metals|Aluminum,Middle East (R10),1
Low-to-Negative,SSP2,Production|Non-Ferrous Metals|Aluminum,North America (R10),1
Low-to-Negative,SSP2,Production|Non-Ferrous Metals|Aluminum,Pacific OECD (R10),1
Low-to-Negative,SSP2,Production|Non-Ferrous Metals|Aluminum,Reforming Economies (R10),1
Low-to-Negative,SSP2,Production|Non-Ferrous Metals|Aluminum,Rest of Asia (R10),1
Low-to-Negative,SSP2,Production|Non-Ferrous Metals|Aluminum,World,1
Low-to-Negative,SSP2,Production|Non-Metallic Minerals|Cement,Africa (R10),4
Low-to-Negative,SSP2,Production|Non-Metallic Minerals|Cement,China+ (R10),4
Low-to-Negative,SSP2,Production|Non-Metallic Minerals|Cement,Europe (R10),4
Low-to-Negative,SSP2,Production|Non-Metallic Minerals|Cement,India+ (R10),4
Low-to-Negative,SSP2,Production|Non-Metallic Minerals|Cement,Latin America (R10),4
Low-to-Negative,SSP2,Production|Non-Metallic Minerals|Cement,Middle East (R10),4
Low-to-Negative,SSP2,Production|Non-Metallic Minerals|Cement,North America (R10),4
Low-to-Negative,SSP2,Production|Non-Metallic Minerals|Cement,Other (R10),1
Low-to-Negative,SSP2,Production|Non-Metallic Minerals|Cement,Pacific OECD (R10),4
Low-to-Negative,SSP2,Production|Non-Metallic Minerals|Cement,Reforming Economies (R10),4
Low-to-Negative,SSP2,Production|Non-Metallic Minerals|Cement,Rest of Asia (R10),4
Low-to-Negative,SSP2,Production|Non-Metallic Minerals|Cement,World,4
Low-to-Negative,SSP2,Resource|Extraction|Coal,Africa (R10),4
Low-to-Negative,SSP2,Resource|Extraction|Coal,China+ (R10),4
Low-to-Negative,SSP2,Resource|Extraction|Coal,Europe (R10),4
Low-to-Negative,SSP2,Resource|Extraction|Coal,India+ (R10),4
Low-to-Negative,SSP2,Resource|Extraction|Coal,Latin America (R10),4
Low-to-Negative,SSP2,Resource|Extraction|Coal,Middle East (R10),4
Low-to-Negative,SSP2,Resource|Extraction|Coal,North America (R10),4
Low-to-Negative,SSP2,Resource|Extraction|Coal,Other (R10),1
Low-to-Negative,SSP2,Resource|Extraction|Coal,Pacific OECD (R10),4
Low-to-Negative,SSP2,Resource|Extraction|Coal,Reforming Economies (R10),4
Low-to-Negative,SSP2,Resource|Extraction|Coal,Rest of Asia (R10),4
Low-to-Negative,SSP2,Resource|Extraction|Coal,World,4
Low-to-Negative,SSP2,Resource|Extraction|Gas,Africa (R10),4
Low-to-Negative,SSP2,Resource|Extraction|Gas,China+ (R10),4
Low-to-Negative,SSP2,Resource|Extraction|Gas,Europe (R10),4
Low-to-Negative,SSP2,Resource|Extraction|Gas,India+ (R10),4
Low-to-Negative,SSP2,Resource|Extraction|Gas,Latin America (R10),4
Low-to-Negative,SSP2,Resource|Extraction|Gas,Middle East (R10),4
Low-to-Negative,SSP2,Resource|Extraction|Gas,North America (R10),4
Low-to-Negative,SSP2,Resource|Extraction|Gas,Other (R10),1
Low-to-Negative,SSP2,Resource|Extraction|Gas,Pacific OECD (R10),4
Low-to-Negative,SSP2,Resource|Extraction|Gas,Reforming Economies (R10),4
Low-to-Negative,SSP2,Resource|Extraction|Gas,Rest of Asia (R10),4
Low-to-Negative,SSP2,Resource|Extraction|Gas,World,4
Low-to-Negative,SSP2,Resource|Extraction|Oil,Africa (R10),4
Low-to-Negative,SSP2,Resource|Extraction|Oil,China+ (R10),4
Low-to-Negative,SSP2,Resource|Extraction|Oil,Europe (R10),4
Low-to-Negative,SSP2,Resource|Extraction|Oil,India+ (R10),4
Low-to-Negative,SSP2,Resource|Extraction|Oil,Latin America (R10),4
Low-to-Negative,SSP2,Resource|Extraction|Oil,Middle East (R10),4
Low-to-Negative,SSP2,Resource|Extraction|Oil,North America (R10),4
Low-to-Negative,SSP2,Resource|Extraction|Oil,Other (R10),1
Low-to-Negative,SSP2,Resource|Extraction|Oil,Pacific OECD (R10),4
Low-to-Negative,SSP2,Resource|Extraction|Oil,Reforming Economies (R10),4
Low-to-Negative,SSP2,Resource|Extraction|Oil,Rest of Asia (R10),4
Low-to-Negative,SSP2,Resource|Extraction|Oil,World,4
Low-to-Negative,SSP4,Agricultural Production,Africa (R10),1
Low-to-Negative,SSP4,Agricultural Production,China+ (R10),1
Low-to-Negative,SSP4,Agricultural Production,Europe (R10),1
Low-to-Negative,SSP4,Agricultural Production,India+ (R10),1
Low-to-Negative,SSP4,Agricultural Production,Latin America (R10),1
Low-to-Negative,SSP4,Agricultural Production,Middle East (R10),1
Low-to-Negative,SSP4,Agricultural Production,North America (R10),1
Low-to-Negative,SSP4,Agricultural Production,Pacific OECD (R10),1
Low-to-Negative,SSP4,Agricultural Production,Reforming Economies (R10),1
Low-to-Negative,SSP4,Agricultural Production,Rest of Asia (R10),1
Low-to-Negative,SSP4,Agricultural Production,World,1
Low-to-Negative,SSP4,Agricultural Production|Crops,Africa (R10),1
Low-to-Negative,SSP4,Agricultural Production|Crops,China+ (R10),1
Low-to-Negative,SSP4,Agricultural Production|Crops,Europe (R10),1
Low-to-Negative,SSP4,Agricultural Production|Crops,India+ (R10),1
Low-to-Negative,SSP4,Agricultural Production|Crops,Latin America (R10),1
Low-to-Negative,SSP4,Agricultural Production|Crops,Middle East (R10),1
Low-to-Negative,SSP4,Agricultural Production|Crops,North America (R10),1
Low-to-Negative,SSP4,Agricultural Production|Crops,Pacific OECD (R10),1
Low-to-Negative,SSP4,Agricultural Production|Crops,Reforming Economies (R10),1
Low-to-Negative,SSP4,Agricultural Production|Crops,Rest of Asia (R10),1
Low-to-Negative,SSP4,Agricultural Production|Crops,World,1
Low-to-Negative,SSP4,Agricultural Production|Livestock,Africa (R10),1
Low-to-Negative,SSP4,Agricultural Production|Livestock,China+ (R10),1
Low-to-Negative,SSP4,Agricultural Production|Livestock,Europe (R10),1
Low-to-Negative,SSP4,Agricultural Production|Livestock,India+ (R10),1
Low-to-Negative,SSP4,Agricultural Production|Livestock,Latin America (R10),1
Low-to-Negative,SSP4,Agricultural Production|Livestock,Middle East (R10),1
Low-to-Negative,SSP4,Agricultural Production|Livestock,North America (R10),1
Low-to-Negative,SSP4,Agricultural Production|Livestock,Pacific OECD (R10),1
Low-to-Negative,SSP4,Agricultural Production|Livestock,Reforming Economies (R10),1
Low-to-Negative,SSP4,Agricultural Production|Livestock,Rest of Asia (R10),1
Low-to-Negative,SSP4,Agricultural Production|Livestock,World,1
Low-to-Negative,SSP4,Building Stock|Commercial|Floor Space|Gross,Africa (R10),1
Low-to-Negative,SSP4,Building Stock|Commercial|Floor Space|Gross,China+ (R10),1
Low-to-Negative,SSP4,Building Stock|Commercial|Floor Space|Gross,Europe (R10),1
Low-to-Negative,SSP4,Building Stock|Commercial|Floor Space|Gross,India+ (R10),1
Low-to-Negative,SSP4,Building Stock|Commercial|Floor Space|Gross,Latin America (R10),1
Low-to-Negative,SSP4,Building Stock|Commercial|Floor Space|Gross,Middle East (R10),1
Low-to-Negative,SSP4,Building Stock|Commercial|Floor Space|Gross,North America (R10),1
Low-to-Negative,SSP4,Building Stock|Commercial|Floor Space|Gross,Pacific OECD (R10),1
Low-to-Negative,SSP4,Building Stock|Commercial|Floor Space|Gross,Reforming Economies (R10),1
Low-to-Negative,SSP4,Building Stock|Commercial|Floor Space|Gross,Rest of Asia (R10),1
Low-to-Negative,SSP4,Building Stock|Commercial|Floor Space|Gross,World,1
Low-to-Negative,SSP4,Building Stock|Residential and Commercial|Floor Space|Gross,Africa (R10),1
Low-to-Negative,SSP4,Building Stock|Residential and Commercial|Floor Space|Gross,China+ (R10),1
Low-to-Negative,SSP4,Building Stock|Residential and Commercial|Floor Space|Gross,Europe (R10),1
Low-to-Negative,SSP4,Building Stock|Residential and Commercial|Floor Space|Gross,India+ (R10),1
Low-to-Negative,SSP4,Building Stock|Residential and Commercial|Floor Space|Gross,Latin America (R10),1
Low-to-Negative,SSP4,Building Stock|Residential and Commercial|Floor Space|Gross,Middle East (R10),1
Low-to-Negative,SSP4,Building Stock|Residential and Commercial|Floor Space|Gross,North America (R10),1
Low-to-Negative,SSP4,Building Stock|Residential and Commercial|Floor Space|Gross,Pacific OECD (R10),1
Low-to-Negative,SSP4,Building Stock|Residential and Commercial|Floor Space|Gross,Reforming Economies (R10),1
Low-to-Negative,SSP4,Building Stock|Residential and Commercial|Floor Space|Gross,Rest of Asia (R10),1
Low-to-Negative,SSP4,Building Stock|Residential and Commercial|Floor Space|Gross,World,1
Low-to-Negative,SSP4,Building Stock|Residential|Floor Space|Gross,Africa (R10),1
Low-to-Negative,SSP4,Building Stock|Residential|Floor Space|Gross,China+ (R10),1
Low-to-Negative,SSP4,Building Stock|Residential|Floor Space|Gross,Europe (R10),1
Low-to-Negative,SSP4,Building Stock|Residential|Floor Space|Gross,India+ (R10),1
Low-to-Negative,SSP4,Building Stock|Residential|Floor Space|Gross,Latin America (R10),1
Low-to-Negative,SSP4,Building Stock|Residential|Floor Space|Gross,Middle East (R10),1
Low-to-Negative,SSP4,Building Stock|Residential|Floor Space|Gross,North America (R10),1
Low-to-Negative,SSP4,Building Stock|Residential|Floor Space|Gross,Pacific OECD (R10),1
Low-to-Negative,SSP4,Building Stock|Residential|Floor Space|Gross,Reforming Economies (R10),1
Low-to-Negative,SSP4,Building Stock|Residential|Floor Space|Gross,Rest of Asia (R10),1
Low-to-Negative,SSP4,Building Stock|Residential|Floor Space|Gross,World,1
Low-to-Negative,SSP4,Capacity|Electricity|Biomass,Africa (R10),1
Low-to-Negative,SSP4,Capacity|Electricity|Biomass,China+ (R10),1
Low-to-Negative,SSP4,Capacity|Electricity|Biomass,Europe (R10),1
Low-to-Negative,SSP4,Capacity|Electricity|Biomass,India+ (R10),1
Low-to-Negative,SSP4,Capacity|Electricity|Biomass,Latin America (R10),1
Low-to-Negative,SSP4,Capacity|Electricity|Biomass,Middle East (R10),1
Low-to-Negative,SSP4,Capacity|Electricity|Biomass,North America (R10),1
Low-to-Negative,SSP4,Capacity|Electricity|Biomass,Pacific OECD (R10),1
Low-to-Negative,SSP4,Capacity|Electricity|Biomass,Reforming Economies (R10),1
Low-to-Negative,SSP4,Capacity|Electricity|Biomass,Rest of Asia (R10),1
Low-to-Negative,SSP4,Capacity|Electricity|Biomass,World,1
Low-to-Negative,SSP4,Capacity|Electricity|Coal,Africa (R10),1
Low-to-Negative,SSP4,Capacity|Electricity|Coal,China+ (R10),1
Low-to-Negative,SSP4,Capacity|Electricity|Coal,Europe (R10),1
Low-to-Negative,SSP4,Capacity|Electricity|Coal,India+ (R10),1
Low-to-Negative,SSP4,Capacity|Electricity|Coal,Latin America (R10),1
Low-to-Negative,SSP4,Capacity|Electricity|Coal,Middle East (R10),1
Low-to-Negative,SSP4,Capacity|Electricity|Coal,North America (R10),1
Low-to-Negative,SSP4,Capacity|Electricity|Coal,Pacific OECD (R10),1
Low-to-Negative,SSP4,Capacity|Electricity|Coal,Reforming Economies (R10),1
Low-to-Negative,SSP4,Capacity|Electricity|Coal,Rest of Asia (R10),1
Low-to-Negative,SSP4,Capacity|Electricity|Coal,World,1
Low-to-Negative,SSP4,Capacity|Electricity|Gas,Africa (R10),1
Low-to-Negative,SSP4,Capacity|Electricity|Gas,China+ (R10),1
Low-to-Negative,SSP4,Capacity|Electricity|Gas,Europe (R10),1
Low-to-Negative,SSP4,Capacity|Electricity|Gas,India+ (R10),1
Low-to-Negative,SSP4,Capacity|Electricity|Gas,Latin America (R10),1
Low-to-Negative,SSP4,Capacity|Electricity|Gas,Middle East (R10),1
Low-to-Negative,SSP4,Capacity|Electricity|Gas,North America (R10),1
Low-to-Negative,SSP4,Capacity|Electricity|Gas,Pacific OECD (R10),1
Low-to-Negative,SSP4,Capacity|Electricity|Gas,Reforming Economies (R10),1
Low-to-Negative,SSP4,Capacity|Electricity|Gas,Rest of Asia (R10),1
Low-to-Negative,SSP4,Capacity|Electricity|Gas,World,1
Low-to-Negative,SSP4,Capacity|Electricity|Geothermal,Africa (R10),1
Low-to-Negative,SSP4,Capacity|Electricity|Geothermal,China+ (R10),1
Low-to-Negative,SSP4,Capacity|Electricity|Geothermal,Europe (R10),1
Low-to-Negative,SSP4,Capacity|Electricity|Geothermal,India+ (R10),1
Low-to-Negative,SSP4,Capacity|Electricity|Geothermal,Latin America (R10),1
Low-to-Negative,SSP4,Capacity|Electricity|Geothermal,Middle East (R10),1
Low-to-Negative,SSP4,Capacity|Electricity|Geothermal,North America (R10),1
Low-to-Negative,SSP4,Capacity|Electricity|Geothermal,Pacific OECD (R10),1
Low-to-Negative,SSP4,Capacity|Electricity|Geothermal,Reforming Economies (R10),1
Low-to-Negative,SSP4,Capacity|Electricity|Geothermal,Rest of Asia (R10),1
Low-to-Negative,SSP4,Capacity|Electricity|Geothermal,World,1
Low-to-Negative,SSP4,Capacity|Electricity|Hydro,Africa (R10),1
Low-to-Negative,SSP4,Capacity|Electricity|Hydro,China+ (R10),1
Low-to-Negative,SSP4,Capacity|Electricity|Hydro,Europe (R10),1
Low-to-Negative,SSP4,Capacity|Electricity|Hydro,India+ (R10),1
Low-to-Negative,SSP4,Capacity|Electricity|Hydro,Latin America (R10),1
Low-to-Negative,SSP4,Capacity|Electricity|Hydro,Middle East (R10),1
Low-to-Negative,SSP4,Capacity|Electricity|Hydro,North America (R10),1
Low-to-Negative,SSP4,Capacity|Electricity|Hydro,Pacific OECD (R10),1
Low-to-Negative,SSP4,Capacity|Electricity|Hydro,Reforming Economies (R10),1
Low-to-Negative,SSP4,Capacity|Electricity|Hydro,Rest of Asia (R10),1
Low-to-Negative,SSP4,Capacity|Electricity|Hydro,World,1
Low-to-Negative,SSP4,Capacity|Electricity|Nuclear,Africa (R10),1
Low-to-Negative,SSP4,Capacity|Electricity|Nuclear,China+ (R10),1
Low-to-Negative,SSP4,Capacity|Electricity|Nuclear,Europe (R10),1
Low-to-Negative,SSP4,Capacity|Electricity|Nuclear,India+ (R10),1
Low-to-Negative,SSP4,Capacity|Electricity|Nuclear,Latin America (R10),1
Low-to-Negative,SSP4,Capacity|Electricity|Nuclear,Middle East (R10),1
Low-to-Negative,SSP4,Capacity|Electricity|Nuclear,North America (R10),1
Low-to-Negative,SSP4,Capacity|Electricity|Nuclear,Pacific OECD (R10),1
Low-to-Negative,SSP4,Capacity|Electricity|Nuclear,Reforming Economies (R10),1
Low-to-Negative,SSP4,Capacity|Electricity|Nuclear,Rest of Asia (R10),1
Low-to-Negative,SSP4,Capacity|Electricity|Nuclear,World,1
Low-to-Negative,SSP4,Capacity|Electricity|Oil,Africa (R10),1
Low-to-Negative,SSP4,Capacity|Electricity|Oil,China+ (R10),1
Low-to-Negative,SSP4,Capacity|Electricity|Oil,Europe (R10),1
Low-to-Negative,SSP4,Capacity|Electricity|Oil,India+ (R10),1
Low-to-Negative,SSP4,Capacity|Electricity|Oil,Latin America (R10),1
Low-to-Negative,SSP4,Capacity|Electricity|Oil,Middle East (R10),1
Low-to-Negative,SSP4,Capacity|Electricity|Oil,North America (R10),1
Low-to-Negative,SSP4,Capacity|Electricity|Oil,Pacific OECD (R10),1
Low-to-Negative,SSP4,Capacity|Electricity|Oil,Reforming Economies (R10),1
Low-to-Negative,SSP4,Capacity|Electricity|Oil,Rest of Asia (R10),1
Low-to-Negative,SSP4,Capacity|Electricity|Oil,World,1
Low-to-Negative,SSP4,Capacity|Electricity|Solar|CSP,Africa (R10),1
Low-to-Negative,SSP4,Capacity|Electricity|Solar|CSP,China+ (R10),1
Low-to-Negative,SSP4,Capacity|Electricity|Solar|CSP,Europe (R10),1
Low-to-Negative,SSP4,Capacity|Electricity|Solar|CSP,India+ (R10),1
Low-to-Negative,SSP4,Capacity|Electricity|Solar|CSP,Latin America (R10),1
Low-to-Negative,SSP4,Capacity|Electricity|Solar|CSP,Middle East (R10),1
Low-to-Negative,SSP4,Capacity|Electricity|Solar|CSP,North America (R10),1
Low-to-Negative,SSP4,Capacity|Electricity|Solar|CSP,Pacific OECD (R10),1
Low-to-Negative,SSP4,Capacity|Electricity|Solar|CSP,Reforming Economies (R10),1
Low-to-Negative,SSP4,Capacity|Electricity|Solar|CSP,Rest of Asia (R10),1
Low-to-Negative,SSP4,Capacity|Electricity|Solar|CSP,World,1
Low-to-Negative,SSP4,Capacity|Electricity|Solar|PV,Africa (R10),1
Low-to-Negative,SSP4,Capacity|Electricity|Solar|PV,China+ (R10),1
Low-to-Negative,SSP4,Capacity|Electricity|Solar|PV,Europe (R10),1
Low-to-Negative,SSP4,Capacity|Electricity|Solar|PV,India+ (R10),1
Low-to-Negative,SSP4,Capacity|Electricity|Solar|PV,Latin America (R10),1
Low-to-Negative,SSP4,Capacity|Electricity|Solar|PV,Middle East (R10),1
Low-to-Negative,SSP4,Capacity|Electricity|Solar|PV,North America (R10),1
Low-to-Negative,SSP4,Capacity|Electricity|Solar|PV,Pacific OECD (R10),1
Low-to-Negative,SSP4,Capacity|Electricity|Solar|PV,Reforming Economies (R10),1
Low-to-Negative,SSP4,Capacity|Electricity|Solar|PV,Rest of Asia (R10),1
Low-to-Negative,SSP4,Capacity|Electricity|Solar|PV,World,1
Low-to-Negative,SSP4,Capacity|Electricity|Wind|Offshore,Africa (R10),1
Low-to-Negative,SSP4,Capacity|Electricity|Wind|Offshore,China+ (R10),1
Low-to-Negative,SSP4,Capacity|Electricity|Wind|Offshore,Europe (R10),1
Low-to-Negative,SSP4,Capacity|Electricity|Wind|Offshore,India+ (R10),1
Low-to-Negative,SSP4,Capacity|Electricity|Wind|Offshore,Latin America (R10),1
Low-to-Negative,SSP4,Capacity|Electricity|Wind|Offshore,Middle East (R10),1
Low-to-Negative,SSP4,Capacity|Electricity|Wind|Offshore,North America (R10),1
Low-to-Negative,SSP4,Capacity|Electricity|Wind|Offshore,Pacific OECD (R10),1
Low-to-Negative,SSP4,Capacity|Electricity|Wind|Offshore,Reforming Economies (R10),1
Low-to-Negative,SSP4,Capacity|Electricity|Wind|Offshore,Rest of Asia (R10),1
Low-to-Negative,SSP4,Capacity|Electricity|Wind|Offshore,World,1
Low-to-Negative,SSP4,Capacity|Electricity|Wind|Onshore,Africa (R10),1
Low-to-Negative,SSP4,Capacity|Electricity|Wind|Onshore,China+ (R10),1
Low-to-Negative,SSP4,Capacity|Electricity|Wind|Onshore,Europe (R10),1
Low-to-Negative,SSP4,Capacity|Electricity|Wind|Onshore,India+ (R10),1
Low-to-Negative,SSP4,Capacity|Electricity|Wind|Onshore,Latin America (R10),1
Low-to-Negative,SSP4,Capacity|Electricity|Wind|Onshore,Middle East (R10),1
Low-to-Negative,SSP4,Capacity|Electricity|Wind|Onshore,North America (R10),1
Low-to-Negative,SSP4,Capacity|Electricity|Wind|Onshore,Pacific OECD (R10),1
Low-to-Negative,SSP4,Capacity|Electricity|Wind|Onshore,Reforming Economies (R10),1
Low-to-Negative,SSP4,Capacity|Electricity|Wind|Onshore,Rest of Asia (R10),1
Low-to-Negative,SSP4,Capacity|Electricity|Wind|Onshore,World,1
Low-to-Negative,SSP4,Food Intake|Crops [per capita],Africa (R10),1
Low-to-Negative,SSP4,Food Intake|Crops [per capita],China+ (R10),1
Low-to-Negative,SSP4,Food Intake|Crops [per capita],Europe (R10),1
Low-to-Negative,SSP4,Food Intake|Crops [per capita],India+ (R10),1
Low-to-Negative,SSP4,Food Intake|Crops [per capita],Latin America (R10),1
Low-to-Negative,SSP4,Food Intake|Crops [per capita],Middle East (R10),1
Low-to-Negative,SSP4,Food Intake|Crops [per capita],North America (R10),1
Low-to-Negative,SSP4,Food Intake|Crops [per capita],Pacific OECD (R10),1
Low-to-Negative,SSP4,Food Intake|Crops [per capita],Reforming Economies (R10),1
Low-to-Negative,SSP4,Food Intake|Crops [per capita],Rest of Asia (R10),1
Low-to-Negative,SSP4,Food Intake|Crops [per capita],World,1
Low-to-Negative,SSP4,Food Intake|Livestock [per capita],Africa (R10),1
Low-to-Negative,SSP4,Food Intake|Livestock [per capita],China+ (R10),1
Low-to-Negative,SSP4,Food Intake|Livestock [per capita],Europe (R10),1
Low-to-Negative,SSP4,Food Intake|Livestock [per capita],India+ (R10),1
Low-to-Negative,SSP4,Food Intake|Livestock [per capita],Latin America (R10),1
Low-to-Negative,SSP4,Food Intake|Livestock [per capita],Middle East (R10),1
Low-to-Negative,SSP4,Food Intake|Livestock [per capita],North America (R10),1
Low-to-Negative,SSP4,Food Intake|Livestock [per capita],Pacific OECD (R10),1
Low-to-Negative,SSP4,Food Intake|Livestock [per capita],Reforming Economies (R10),1
Low-to-Negative,SSP4,Food Intake|Livestock [per capita],Rest of Asia (R10),1
Low-to-Negative,SSP4,Food Intake|Livestock [per capita],World,1
Low-to-Negative,SSP4,Food Waste [per capita],Africa (R10),1
Low-to-Negative,SSP4,Food Waste [per capita],China+ (R10),1
Low-to-Negative,SSP4,Food Waste [per capita],Europe (R10),1
Low-to-Negative,SSP4,Food Waste [per capita],India+ (R10),1
Low-to-Negative,SSP4,Food Waste [per capita],Latin America (R10),1
Low-to-Negative,SSP4,Food Waste [per capita],Middle East (R10),1
Low-to-Negative,SSP4,Food Waste [per capita],North America (R10),1
Low-to-Negative,SSP4,Food Waste [per capita],Pacific OECD (R10),1
Low-to-Negative,SSP4,Food Waste [per capita],Reforming Economies (R10),1
Low-to-Negative,SSP4,Food Waste [per capita],Rest of Asia (R10),1
Low-to-Negative,SSP4,Food Waste [per capita],World,1
Low-to-Negative,SSP4,Forestry Production|Roundwood,Africa (R10),1
Low-to-Negative,SSP4,Forestry Production|Roundwood,China+ (R10),1
Low-to-Negative,SSP4,Forestry Production|Roundwood,Europe (R10),1
Low-to-Negative,SSP4,Forestry Production|Roundwood,India+ (R10),1
Low-to-Negative,SSP4,Forestry Production|Roundwood,Latin America (R10),1
Low-to-Negative,SSP4,Forestry Production|Roundwood,Middle East (R10),1
Low-to-Negative,SSP4,Forestry Production|Roundwood,North America (R10),1
Low-to-Negative,SSP4,Forestry Production|Roundwood,Pacific OECD (R10),1
Low-to-Negative,SSP4,Forestry Production|Roundwood,Reforming Economies (R10),1
Low-to-Negative,SSP4,Forestry Production|Roundwood,Rest of Asia (R10),1
Low-to-Negative,SSP4,Forestry Production|Roundwood,World,1
Low-to-Negative,SSP4,GDP|MER,Africa (R10),1
Low-to-Negative,SSP4,GDP|MER,China+ (R10),1
Low-to-Negative,SSP4,GDP|MER,Europe (R10),1
Low-to-Negative,SSP4,GDP|MER,India+ (R10),1
Low-to-Negative,SSP4,GDP|MER,Latin America (R10),1
Low-to-Negative,SSP4,GDP|MER,Middle East (R10),1
Low-to-Negative,SSP4,GDP|MER,North America (R10),1
Low-to-Negative,SSP4,GDP|MER,Pacific OECD (R10),1
Low-to-Negative,SSP4,GDP|MER,Reforming Economies (R10),1
Low-to-Negative,SSP4,GDP|MER,Rest of Asia (R10),1
Low-to-Negative,SSP4,GDP|MER,World,1
Low-to-Negative,SSP4,Population,Africa (R10),1
Low-to-Negative,SSP4,Population,China+ (R10),1
Low-to-Negative,SSP4,Population,Europe (R10),1
Low-to-Negative,SSP4,Population,India+ (R10),1
Low-to-Negative,SSP4,Population,Latin America (R10),1
Low-to-Negative,SSP4,Population,Middle East (R10),1
Low-to-Negative,SSP4,Population,North America (R10),1
Low-to-Negative,SSP4,Population,Pacific OECD (R10),1
Low-to-Negative,SSP4,Population,Reforming Economies (R10),1
Low-to-Negative,SSP4,Population,Rest of Asia (R10),1
Low-to-Negative,SSP4,Population,World,1
Low-to-Negative,SSP4,Primary Energy,Africa (R10),1
Low-to-Negative,SSP4,Primary Energy,China+ (R10),1
Low-to-Negative,SSP4,Primary Energy,Europe (R10),1
Low-to-Negative,SSP4,Primary Energy,India+ (R10),1
Low-to-Negative,SSP4,Primary Energy,Latin America (R10),1
Low-to-Negative,SSP4,Primary Energy,Middle East (R10),1
Low-to-Negative,SSP4,Primary Energy,North America (R10),1
Low-to-Negative,SSP4,Primary Energy,Pacific OECD (R10),1
Low-to-Negative,SSP4,Primary Energy,Reforming Economies (R10),1
Low-to-Negative,SSP4,Primary Energy,Rest of Asia (R10),1
Low-to-Negative,SSP4,Primary Energy,World,1
Low-to-Negative,SSP4,Primary Energy|Biomass,Africa (R10),1
Low-to-Negative,SSP4,Primary Energy|Biomass,China+ (R10),1
Low-to-Negative,SSP4,Primary Energy|Biomass,Europe (R10),1
Low-to-Negative,SSP4,Primary Energy|Biomass,India+ (R10),1
Low-to-Negative,SSP4,Primary Energy|Biomass,Latin America (R10),1
Low-to-Negative,SSP4,Primary Energy|Biomass,Middle East (R10),1
Low-to-Negative,SSP4,Primary Energy|Biomass,North America (R10),1
Low-to-Negative,SSP4,Primary Energy|Biomass,Pacific OECD (R10),1
Low-to-Negative,SSP4,Primary Energy|Biomass,Reforming Economies (R10),1
Low-to-Negative,SSP4,Primary Energy|Biomass,Rest of Asia (R10),1
Low-to-Negative,SSP4,Primary Energy|Biomass,World,1
Low-to-Negative,SSP4,Primary Energy|Coal,Africa (R10),1
Low-to-Negative,SSP4,Primary Energy|Coal,China+ (R10),1
Low-to-Negative,SSP4,Primary Energy|Coal,Europe (R10),1
Low-to-Negative,SSP4,Primary Energy|Coal,India+ (R10),1
Low-to-Negative,SSP4,Primary Energy|Coal,Latin America (R10),1
Low-to-Negative,SSP4,Primary Energy|Coal,Middle East (R10),1
Low-to-Negative,SSP4,Primary Energy|Coal,North America (R10),1
Low-to-Negative,SSP4,Primary Energy|Coal,Pacific OECD (R10),1
Low-to-Negative,SSP4,Primary Energy|Coal,Reforming Economies (R10),1
Low-to-Negative,SSP4,Primary Energy|Coal,Rest of Asia (R10),1
Low-to-Negative,SSP4,Primary Energy|Coal,World,1
Low-to-Negative,SSP4,Primary Energy|Fossil,Africa (R10),1
Low-to-Negative,SSP4,Primary Energy|Fossil,China+ (R10),1
Low-to-Negative,SSP4,Primary Energy|Fossil,Europe (R10),1
Low-to-Negative,SSP4,Primary Energy|Fossil,India+ (R10),1
Low-to-Negative,SSP4,Primary Energy|Fossil,Latin America (R10),1
Low-to-Negative,SSP4,Primary Energy|Fossil,Middle East (R10),1
Low-to-Negative,SSP4,Primary Energy|Fossil,North America (R10),1
Low-to-Negative,SSP4,Primary Energy|Fossil,Pacific OECD (R10),1
Low-to-Negative,SSP4,Primary Energy|Fossil,Reforming Economies (R10),1
Low-to-Negative,SSP4,Primary Energy|Fossil,Rest of Asia (R10),1
Low-to-Negative,SSP4,Primary Energy|Fossil,World,1
Low-to-Negative,SSP4,Primary Energy|Gas,Africa (R10),1
Low-to-Negative,SSP4,Primary Energy|Gas,China+ (R10),1
Low-to-Negative,SSP4,Primary Energy|Gas,Europe (R10),1
Low-to-Negative,SSP4,Primary Energy|Gas,India+ (R10),1
Low-to-Negative,SSP4,Primary Energy|Gas,Latin America (R10),1
Low-to-Negative,SSP4,Primary Energy|Gas,Middle East (R10),1
Low-to-Negative,SSP4,Primary Energy|Gas,North America (R10),1
Low-to-Negative,SSP4,Primary Energy|Gas,Pacific OECD (R10),1
Low-to-Negative,SSP4,Primary Energy|Gas,Reforming Economies (R10),1
Low-to-Negative,SSP4,Primary Energy|Gas,Rest of Asia (R10),1
Low-to-Negative,SSP4,Primary Energy|Gas,World,1
Low-to-Negative,SSP4,Primary Energy|Geothermal,Africa (R10),1
Low-to-Negative,SSP4,Primary Energy|Geothermal,China+ (R10),1
Low-to-Negative,SSP4,Primary Energy|Geothermal,Europe (R10),1
Low-to-Negative,SSP4,Primary Energy|Geothermal,India+ (R10),1
Low-to-Negative,SSP4,Primary Energy|Geothermal,Latin America (R10),1
Low-to-Negative,SSP4,Primary Energy|Geothermal,Middle East (R10),1
Low-to-Negative,SSP4,Primary Energy|Geothermal,North America (R10),1
Low-to-Negative,SSP4,Primary Energy|Geothermal,Pacific OECD (R10),1
Low-to-Negative,SSP4,Primary Energy|Geothermal,Reforming Economies (R10),1
Low-to-Negative,SSP4,Primary Energy|Geothermal,Rest of Asia (R10),1
Low-to-Negative,SSP4,Primary Energy|Geothermal,World,1
Low-to-Negative,SSP4,Primary Energy|Hydro,Africa (R10),1
Low-to-Negative,SSP4,Primary Energy|Hydro,China+ (R10),1
Low-to-Negative,SSP4,Primary Energy|Hydro,Europe (R10),1
Low-to-Negative,SSP4,Primary Energy|Hydro,India+ (R10),1
Low-to-Negative,SSP4,Primary Energy|Hydro,Latin America (R10),1
Low-to-Negative,SSP4,Primary Energy|Hydro,Middle East (R10),1
Low-to-Negative,SSP4,Primary Energy|Hydro,North America (R10),1
Low-to-Negative,SSP4,Primary Energy|Hydro,Pacific OECD (R10),1
Low-to-Negative,SSP4,Primary Energy|Hydro,Reforming Economies (R10),1
Low-to-Negative,SSP4,Primary Energy|Hydro,Rest of Asia (R10),1
Low-to-Negative,SSP4,Primary Energy|Hydro,World,1
Low-to-Negative,SSP4,Primary Energy|Non-Biomass Renewables,Africa (R10),1
Low-to-Negative,SSP4,Primary Energy|Non-Biomass Renewables,China+ (R10),1
Low-to-Negative,SSP4,Primary Energy|Non-Biomass Renewables,Europe (R10),1
Low-to-Negative,SSP4,Primary Energy|Non-Biomass Renewables,India+ (R10),1
Low-to-Negative,SSP4,Primary Energy|Non-Biomass Renewables,Latin America (R10),1
Low-to-Negative,SSP4,Primary Energy|Non-Biomass Renewables,Middle East (R10),1
Low-to-Negative,SSP4,Primary Energy|Non-Biomass Renewables,North America (R10),1
Low-to-Negative,SSP4,Primary Energy|Non-Biomass Renewables,Pacific OECD (R10),1
Low-to-Negative,SSP4,Primary Energy|Non-Biomass Renewables,Reforming Economies (R10),1
Low-to-Negative,SSP4,Primary Energy|Non-Biomass Renewables,Rest of Asia (R10),1
Low-to-Negative,SSP4,Primary Energy|Non-Biomass Renewables,World,1
Low-to-Negative,SSP4,Primary Energy|Nuclear,Africa (R10),1
Low-to-Negative,SSP4,Primary Energy|Nuclear,China+ (R10),1
Low-to-Negative,SSP4,Primary Energy|Nuclear,Europe (R10),1
Low-to-Negative,SSP4,Primary Energy|Nuclear,India+ (R10),1
Low-to-Negative,SSP4,Primary Energy|Nuclear,Latin America (R10),1
Low-to-Negative,SSP4,Primary Energy|Nuclear,Middle East (R10),1
Low-to-Negative,SSP4,Primary Energy|Nuclear,North America (R10),1
Low-to-Negative,SSP4,Primary Energy|Nuclear,Pacific OECD (R10),1
Low-to-Negative,SSP4,Primary Energy|Nuclear,Reforming Economies (R10),1
Low-to-Negative,SSP4,Primary Energy|Nuclear,Rest of Asia (R10),1
Low-to-Negative,SSP4,Primary Energy|Nuclear,World,1
Low-to-Negative,SSP4,Primary Energy|Ocean,Africa (R10),1
Low-to-Negative,SSP4,Primary Energy|Ocean,China+ (R10),1
Low-to-Negative,SSP4,Primary Energy|Ocean,Europe (R10),1
Low-to-Negative,SSP4,Primary Energy|Ocean,India+ (R10),1
Low-to-Negative,SSP4,Primary Energy|Ocean,Latin America (R10),1
Low-to-Negative,SSP4,Primary Energy|Ocean,Middle East (R10),1
Low-to-Negative,SSP4,Primary Energy|Ocean,North America (R10),1
Low-to-Negative,SSP4,Primary Energy|Ocean,Pacific OECD (R10),1
Low-to-Negative,SSP4,Primary Energy|Ocean,Reforming Economies (R10),1
Low-to-Negative,SSP4,Primary Energy|Ocean,Rest of Asia (R10),1
Low-to-Negative,SSP4,Primary Energy|Ocean,World,1
Low-to-Negative,SSP4,Primary Energy|Oil,Africa (R10),1
Low-to-Negative,SSP4,Primary Energy|Oil,China+ (R10),1
Low-to-Negative,SSP4,Primary Energy|Oil,Europe (R10),1
Low-to-Negative,SSP4,Primary Energy|Oil,India+ (R10),1
Low-to-Negative,SSP4,Primary Energy|Oil,Latin America (R10),1
Low-to-Negative,SSP4,Primary Energy|Oil,Middle East (R10),1
Low-to-Negative,SSP4,Primary Energy|Oil,North America (R10),1
Low-to-Negative,SSP4,Primary Energy|Oil,Pacific OECD (R10),1
Low-to-Negative,SSP4,Primary Energy|Oil,Reforming Economies (R10),1
Low-to-Negative,SSP4,Primary Energy|Oil,Rest of Asia (R10),1
Low-to-Negative,SSP4,Primary Energy|Oil,World,1
Low-to-Negative,SSP4,Primary Energy|Other,Africa (R10),1
Low-to-Negative,SSP4,Primary Energy|Other,China+ (R10),1
Low-to-Negative,SSP4,Primary Energy|Other,Europe (R10),1
Low-to-Negative,SSP4,Primary Energy|Other,India+ (R10),1
Low-to-Negative,SSP4,Primary Energy|Other,Latin America (R10),1
Low-to-Negative,SSP4,Primary Energy|Other,Middle East (R10),1
Low-to-Negative,SSP4,Primary Energy|Other,North America (R10),1
Low-to-Negative,SSP4,Primary Energy|Other,Pacific OECD (R10),1
Low-to-Negative,SSP4,Primary Energy|Other,Reforming Economies (R10),1
Low-to-Negative,SSP4,Primary Energy|Other,Rest of Asia (R10),1
Low-to-Negative,SSP4,Primary Energy|Other,World,1
Low-to-Negative,SSP4,Production|Iron and Steel|Steel,Africa (R10),1
Low-to-Negative,SSP4,Production|Iron and Steel|Steel,China+ (R10),1
Low-to-Negative,SSP4,Production|Iron and Steel|Steel,Europe (R10),1
Low-to-Negative,SSP4,Production|Iron and Steel|Steel,India+ (R10),1
Low-to-Negative,SSP4,Production|Iron and Steel|Steel,Latin America (R10),1
Low-to-Negative,SSP4,Production|Iron and Steel|Steel,Middle East (R10),1
Low-to-Negative,SSP4,Production|Iron and Steel|Steel,North America (R10),1
Low-to-Negative,SSP4,Production|Iron and Steel|Steel,Pacific OECD (R10),1
Low-to-Negative,SSP4,Production|Iron and Steel|Steel,Reforming Economies (R10),1
Low-to-Negative,SSP4,Production|Iron and Steel|Steel,Rest of Asia (R10),1
Low-to-Negative,SSP4,Production|Iron and Steel|Steel,World,1
Low-to-Negative,SSP4,Production|Non-Ferrous Metals|Aluminum,Africa (R10),1
Low-to-Negative,SSP4,Production|Non-Ferrous Metals|Aluminum,China+ (R10),1
Low-to-Negative,SSP4,Production|Non-Ferrous Metals|Aluminum,Europe (R10),1
Low-to-Negative,SSP4,Production|Non-Ferrous Metals|Aluminum,India+ (R10),1
Low-to-Negative,SSP4,Production|Non-Ferrous Metals|Aluminum,Latin America (R10),1
Low-to-Negative,SSP4,Production|Non-Ferrous Metals|Aluminum,Middle East (R10),1
Low-to-Negative,SSP4,Production|Non-Ferrous Metals|Aluminum,North America (R10),1
Low-to-Negative,SSP4,Production|Non-Ferrous Metals|Aluminum,Pacific OECD (R10),1
Low-to-Negative,SSP4,Production|Non-Ferrous Metals|Aluminum,Reforming Economies (R10),1
Low-to-Negative,SSP4,Production|Non-Ferrous Metals|Aluminum,Rest of Asia (R10),1
Low-to-Negative,SSP4,Production|Non-Ferrous Metals|Aluminum,World,1
Low-to-Negative,SSP4,Production|Non-Metallic Minerals|Cement,Africa (R10),1
Low-to-Negative,SSP4,Production|Non-Metallic Minerals|Cement,China+ (R10),1
Low-to-Negative,SSP4,Production|Non-Metallic Minerals|Cement,Europe (R10),1
Low-to-Negative,SSP4,Production|Non-Metallic Minerals|Cement,India+ (R10),1
Low-to-Negative,SSP4,Production|Non-Metallic Minerals|Cement,Latin America (R10),1
Low-to-Negative,SSP4,Production|Non-Metallic Minerals|Cement,Middle East (R10),1
Low-to-Negative,SSP4,Production|Non-Metallic Minerals|Cement,North America (R10),1
Low-to-Negative,SSP4,Production|Non-Metallic Minerals|Cement,Pacific OECD (R10),1
Low-to-Negative,SSP4,Production|Non-Metallic Minerals|Cement,Reforming Economies (R10),1
Low-to-Negative,SSP4,Production|Non-Metallic Minerals|Cement,Rest of Asia (R10),1
Low-to-Negative,SSP4,Production|Non-Metallic Minerals|Cement,World,1
Low-to-Negative,SSP4,Resource|Extraction|Coal,Africa (R10),1
Low-to-Negative,SSP4,Resource|Extraction|Coal,China+ (R10),1
Low-to-Negative,SSP4,Resource|Extraction|Coal,Europe (R10),1
Low-to-Negative,SSP4,Resource|Extraction|Coal,India+ (R10),1
Low-to-Negative,SSP4,Resource|Extraction|Coal,Latin America (R10),1
Low-to-Negative,SSP4,Resource|Extraction|Coal,Middle East (R10),1
Low-to-Negative,SSP4,Resource|Extraction|Coal,North America (R10),1
Low-to-Negative,SSP4,Resource|Extraction|Coal,Pacific OECD (R10),1
Low-to-Negative,SSP4,Resource|Extraction|Coal,Reforming Economies (R10),1
Low-to-Negative,SSP4,Resource|Extraction|Coal,Rest of Asia (R10),1
Low-to-Negative,SSP4,Resource|Extraction|Coal,World,1
Low-to-Negative,SSP4,Resource|Extraction|Gas,Africa (R10),1
Low-to-Negative,SSP4,Resource|Extraction|Gas,China+ (R10),1
Low-to-Negative,SSP4,Resource|Extraction|Gas,Europe (R10),1
Low-to-Negative,SSP4,Resource|Extraction|Gas,India+ (R10),1
Low-to-Negative,SSP4,Resource|Extraction|Gas,Latin America (R10),1
Low-to-Negative,SSP4,Resource|Extraction|Gas,Middle East (R10),1
Low-to-Negative,SSP4,Resource|Extraction|Gas,North America (R10),1
Low-to-Negative,SSP4,Resource|Extraction|Gas,Pacific OECD (R10),1
Low-to-Negative,SSP4,Resource|Extraction|Gas,Reforming Economies (R10),1
Low-to-Negative,SSP4,Resource|Extraction|Gas,Rest of Asia (R10),1
Low-to-Negative,SSP4,Resource|Extraction|Gas,World,1
Low-to-Negative,SSP4,Resource|Extraction|Oil,Africa (R10),1
Low-to-Negative,SSP4,Resource|Extraction|Oil,China+ (R10),1
Low-to-Negative,SSP4,Resource|Extraction|Oil,Europe (R10),1
Low-to-Negative,SSP4,Resource|Extraction|Oil,India+ (R10),1
Low-to-Negative,SSP4,Resource|Extraction|Oil,Latin America (R10),1
Low-to-Negative,SSP4,Resource|Extraction|Oil,Middle East (R10),1
Low-to-Negative,SSP4,Resource|Extraction|Oil,North America (R10),1
Low-to-Negative,SSP4,Resource|Extraction|Oil,Pacific OECD (R10),1
Low-to-Negative,SSP4,Resource|Extraction|Oil,Reforming Economies (R10),1
Low-to-Negative,SSP4,Resource|Extraction|Oil,Rest of Asia (R10),1
Low-to-Negative,SSP4,Resource|Extraction|Oil,World,1
Low-to-Negative,SSP5,Agricultural Production,Africa (R10),1
Low-to-Negative,SSP5,Agricultural Production,China+ (R10),1
Low-to-Negative,SSP5,Agricultural Production,Europe (R10),1
Low-to-Negative,SSP5,Agricultural Production,India+ (R10),1
Low-to-Negative,SSP5,Agricultural Production,Latin America (R10),1
Low-to-Negative,SSP5,Agricultural Production,Middle East (R10),1
Low-to-Negative,SSP5,Agricultural Production,North America (R10),1
Low-to-Negative,SSP5,Agricultural Production,Pacific OECD (R10),1
Low-to-Negative,SSP5,Agricultural Production,Reforming Economies (R10),1
Low-to-Negative,SSP5,Agricultural Production,Rest of Asia (R10),1
Low-to-Negative,SSP5,Agricultural Production,World,1
Low-to-Negative,SSP5,Agricultural Production|Crops,Africa (R10),1
Low-to-Negative,SSP5,Agricultural Production|Crops,China+ (R10),1
Low-to-Negative,SSP5,Agricultural Production|Crops,Europe (R10),1
Low-to-Negative,SSP5,Agricultural Production|Crops,India+ (R10),1
Low-to-Negative,SSP5,Agricultural Production|Crops,Latin America (R10),1
Low-to-Negative,SSP5,Agricultural Production|Crops,Middle East (R10),1
Low-to-Negative,SSP5,Agricultural Production|Crops,North America (R10),1
Low-to-Negative,SSP5,Agricultural Production|Crops,Pacific OECD (R10),1
Low-to-Negative,SSP5,Agricultural Production|Crops,Reforming Economies (R10),1
Low-to-Negative,SSP5,Agricultural Production|Crops,Rest of Asia (R10),1
Low-to-Negative,SSP5,Agricultural Production|Crops,World,1
Low-to-Negative,SSP5,Agricultural Production|Livestock,Africa (R10),1
Low-to-Negative,SSP5,Agricultural Production|Livestock,China+ (R10),1
Low-to-Negative,SSP5,Agricultural Production|Livestock,Europe (R10),1
Low-to-Negative,SSP5,Agricultural Production|Livestock,India+ (R10),1
Low-to-Negative,SSP5,Agricultural Production|Livestock,Latin America (R10),1
Low-to-Negative,SSP5,Agricultural Production|Livestock,Middle East (R10),1
Low-to-Negative,SSP5,Agricultural Production|Livestock,North America (R10),1
Low-to-Negative,SSP5,Agricultural Production|Livestock,Pacific OECD (R10),1
Low-to-Negative,SSP5,Agricultural Production|Livestock,Reforming Economies (R10),1
Low-to-Negative,SSP5,Agricultural Production|Livestock,Rest of Asia (R10),1
Low-to-Negative,SSP5,Agricultural Production|Livestock,World,1
Low-to-Negative,SSP5,Building Stock|Commercial|Floor Space|Gross,Africa (R10),1
Low-to-Negative,SSP5,Building Stock|Commercial|Floor Space|Gross,China+ (R10),1
Low-to-Negative,SSP5,Building Stock|Commercial|Floor Space|Gross,Europe (R10),1
Low-to-Negative,SSP5,Building Stock|Commercial|Floor Space|Gross,India+ (R10),1
Low-to-Negative,SSP5,Building Stock|Commercial|Floor Space|Gross,Latin America (R10),1
Low-to-Negative,SSP5,Building Stock|Commercial|Floor Space|Gross,Middle East (R10),1
Low-to-Negative,SSP5,Building Stock|Commercial|Floor Space|Gross,North America (R10),1
Low-to-Negative,SSP5,Building Stock|Commercial|Floor Space|Gross,Pacific OECD (R10),1
Low-to-Negative,SSP5,Building Stock|Commercial|Floor Space|Gross,Reforming Economies (R10),1
Low-to-Negative,SSP5,Building Stock|Commercial|Floor Space|Gross,Rest of Asia (R10),1
Low-to-Negative,SSP5,Building Stock|Commercial|Floor Space|Gross,World,1
Low-to-Negative,SSP5,Building Stock|Residential and Commercial|Floor Space|Gross,Africa (R10),1
Low-to-Negative,SSP5,Building Stock|Residential and Commercial|Floor Space|Gross,China+ (R10),1
Low-to-Negative,SSP5,Building Stock|Residential and Commercial|Floor Space|Gross,Europe (R10),1
Low-to-Negative,SSP5,Building Stock|Residential and Commercial|Floor Space|Gross,India+ (R10),1
Low-to-Negative,SSP5,Building Stock|Residential and Commercial|Floor Space|Gross,Latin America (R10),1
Low-to-Negative,SSP5,Building Stock|Residential and Commercial|Floor Space|Gross,Middle East (R10),1
Low-to-Negative,SSP5,Building Stock|Residential and Commercial|Floor Space|Gross,North America (R10),1
Low-to-Negative,SSP5,Building Stock|Residential and Commercial|Floor Space|Gross,Pacific OECD (R10),1
Low-to-Negative,SSP5,Building Stock|Residential and Commercial|Floor Space|Gross,Reforming Economies (R10),1
Low-to-Negative,SSP5,Building Stock|Residential and Commercial|Floor Space|Gross,Rest of Asia (R10),1
Low-to-Negative,SSP5,Building Stock|Residential and Commercial|Floor Space|Gross,World,1
Low-to-Negative,SSP5,Building Stock|Residential|Floor Space|Gross,Africa (R10),1
Low-to-Negative,SSP5,Building Stock|Residential|Floor Space|Gross,China+ (R10),1
Low-to-Negative,SSP5,Building Stock|Residential|Floor Space|Gross,Europe (R10),1
Low-to-Negative,SSP5,Building Stock|Residential|Floor Space|Gross,India+ (R10),1
Low-to-Negative,SSP5,Building Stock|Residential|Floor Space|Gross,Latin America (R10),1
Low-to-Negative,SSP5,Building Stock|Residential|Floor Space|Gross,Middle East (R10),1
Low-to-Negative,SSP5,Building Stock|Residential|Floor Space|Gross,North America (R10),1
Low-to-Negative,SSP5,Building Stock|Residential|Floor Space|Gross,Pacific OECD (R10),1
Low-to-Negative,SSP5,Building Stock|Residential|Floor Space|Gross,Reforming Economies (R10),1
Low-to-Negative,SSP5,Building Stock|Residential|Floor Space|Gross,Rest of Asia (R10),1
Low-to-Negative,SSP5,Building Stock|Residential|Floor Space|Gross,World,1
Low-to-Negative,SSP5,Capacity|Electricity|Biomass,Africa (R10),1
Low-to-Negative,SSP5,Capacity|Electricity|Biomass,China+ (R10),1
Low-to-Negative,SSP5,Capacity|Electricity|Biomass,Europe (R10),1
Low-to-Negative,SSP5,Capacity|Electricity|Biomass,India+ (R10),1
Low-to-Negative,SSP5,Capacity|Electricity|Biomass,Latin America (R10),1
Low-to-Negative,SSP5,Capacity|Electricity|Biomass,Middle East (R10),1
Low-to-Negative,SSP5,Capacity|Electricity|Biomass,North America (R10),1
Low-to-Negative,SSP5,Capacity|Electricity|Biomass,Pacific OECD (R10),1
Low-to-Negative,SSP5,Capacity|Electricity|Biomass,Reforming Economies (R10),1
Low-to-Negative,SSP5,Capacity|Electricity|Biomass,Rest of Asia (R10),1
Low-to-Negative,SSP5,Capacity|Electricity|Biomass,World,1
Low-to-Negative,SSP5,Capacity|Electricity|Coal,Africa (R10),1
Low-to-Negative,SSP5,Capacity|Electricity|Coal,China+ (R10),1
Low-to-Negative,SSP5,Capacity|Electricity|Coal,Europe (R10),1
Low-to-Negative,SSP5,Capacity|Electricity|Coal,India+ (R10),1
Low-to-Negative,SSP5,Capacity|Electricity|Coal,Latin America (R10),1
Low-to-Negative,SSP5,Capacity|Electricity|Coal,Middle East (R10),1
Low-to-Negative,SSP5,Capacity|Electricity|Coal,North America (R10),1
Low-to-Negative,SSP5,Capacity|Electricity|Coal,Pacific OECD (R10),1
Low-to-Negative,SSP5,Capacity|Electricity|Coal,Reforming Economies (R10),1
Low-to-Negative,SSP5,Capacity|Electricity|Coal,Rest of Asia (R10),1
Low-to-Negative,SSP5,Capacity|Electricity|Coal,World,1
Low-to-Negative,SSP5,Capacity|Electricity|Gas,Africa (R10),1
Low-to-Negative,SSP5,Capacity|Electricity|Gas,China+ (R10),1
Low-to-Negative,SSP5,Capacity|Electricity|Gas,Europe (R10),1
Low-to-Negative,SSP5,Capacity|Electricity|Gas,India+ (R10),1
Low-to-Negative,SSP5,Capacity|Electricity|Gas,Latin America (R10),1
Low-to-Negative,SSP5,Capacity|Electricity|Gas,Middle East (R10),1
Low-to-Negative,SSP5,Capacity|Electricity|Gas,North America (R10),1
Low-to-Negative,SSP5,Capacity|Electricity|Gas,Pacific OECD (R10),1
Low-to-Negative,SSP5,Capacity|Electricity|Gas,Reforming Economies (R10),1
Low-to-Negative,SSP5,Capacity|Electricity|Gas,Rest of Asia (R10),1
Low-to-Negative,SSP5,Capacity|Electricity|Gas,World,1
Low-to-Negative,SSP5,Capacity|Electricity|Geothermal,Africa (R10),1
Low-to-Negative,SSP5,Capacity|Electricity|Geothermal,China+ (R10),1
Low-to-Negative,SSP5,Capacity|Electricity|Geothermal,Europe (R10),1
Low-to-Negative,SSP5,Capacity|Electricity|Geothermal,India+ (R10),1
Low-to-Negative,SSP5,Capacity|Electricity|Geothermal,Latin America (R10),1
Low-to-Negative,SSP5,Capacity|Electricity|Geothermal,Middle East (R10),1
Low-to-Negative,SSP5,Capacity|Electricity|Geothermal,North America (R10),1
Low-to-Negative,SSP5,Capacity|Electricity|Geothermal,Pacific OECD (R10),1
Low-to-Negative,SSP5,Capacity|Electricity|Geothermal,Reforming Economies (R10),1
Low-to-Negative,SSP5,Capacity|Electricity|Geothermal,Rest of Asia (R10),1
Low-to-Negative,SSP5,Capacity|Electricity|Geothermal,World,1
Low-to-Negative,SSP5,Capacity|Electricity|Hydro,Africa (R10),1
Low-to-Negative,SSP5,Capacity|Electricity|Hydro,China+ (R10),1
Low-to-Negative,SSP5,Capacity|Electricity|Hydro,Europe (R10),1
Low-to-Negative,SSP5,Capacity|Electricity|Hydro,India+ (R10),1
Low-to-Negative,SSP5,Capacity|Electricity|Hydro,Latin America (R10),1
Low-to-Negative,SSP5,Capacity|Electricity|Hydro,Middle East (R10),1
Low-to-Negative,SSP5,Capacity|Electricity|Hydro,North America (R10),1
Low-to-Negative,SSP5,Capacity|Electricity|Hydro,Pacific OECD (R10),1
Low-to-Negative,SSP5,Capacity|Electricity|Hydro,Reforming Economies (R10),1
Low-to-Negative,SSP5,Capacity|Electricity|Hydro,Rest of Asia (R10),1
Low-to-Negative,SSP5,Capacity|Electricity|Hydro,World,1
Low-to-Negative,SSP5,Capacity|Electricity|Nuclear,Africa (R10),1
Low-to-Negative,SSP5,Capacity|Electricity|Nuclear,China+ (R10),1
Low-to-Negative,SSP5,Capacity|Electricity|Nuclear,Europe (R10),1
Low-to-Negative,SSP5,Capacity|Electricity|Nuclear,India+ (R10),1
Low-to-Negative,SSP5,Capacity|Electricity|Nuclear,Latin America (R10),1
Low-to-Negative,SSP5,Capacity|Electricity|Nuclear,Middle East (R10),1
Low-to-Negative,SSP5,Capacity|Electricity|Nuclear,North America (R10),1
Low-to-Negative,SSP5,Capacity|Electricity|Nuclear,Pacific OECD (R10),1
Low-to-Negative,SSP5,Capacity|Electricity|Nuclear,Reforming Economies (R10),1
Low-to-Negative,SSP5,Capacity|Electricity|Nuclear,Rest of Asia (R10),1
Low-to-Negative,SSP5,Capacity|Electricity|Nuclear,World,1
Low-to-Negative,SSP5,Capacity|Electricity|Oil,Africa (R10),1
Low-to-Negative,SSP5,Capacity|Electricity|Oil,China+ (R10),1
Low-to-Negative,SSP5,Capacity|Electricity|Oil,Europe (R10),1
Low-to-Negative,SSP5,Capacity|Electricity|Oil,India+ (R10),1
Low-to-Negative,SSP5,Capacity|Electricity|Oil,Latin America (R10),1
Low-to-Negative,SSP5,Capacity|Electricity|Oil,Middle East (R10),1
Low-to-Negative,SSP5,Capacity|Electricity|Oil,North America (R10),1
Low-to-Negative,SSP5,Capacity|Electricity|Oil,Pacific OECD (R10),1
Low-to-Negative,SSP5,Capacity|Electricity|Oil,Reforming Economies (R10),1
Low-to-Negative,SSP5,Capacity|Electricity|Oil,Rest of Asia (R10),1
Low-to-Negative,SSP5,Capacity|Electricity|Oil,World,1
Low-to-Negative,SSP5,Capacity|Electricity|Solar|CSP,Africa (R10),1
Low-to-Negative,SSP5,Capacity|Electricity|Solar|CSP,China+ (R10),1
Low-to-Negative,SSP5,Capacity|Electricity|Solar|CSP,Europe (R10),1
Low-to-Negative,SSP5,Capacity|Electricity|Solar|CSP,India+ (R10),1
Low-to-Negative,SSP5,Capacity|Electricity|Solar|CSP,Latin America (R10),1
Low-to-Negative,SSP5,Capacity|Electricity|Solar|CSP,Middle East (R10),1
Low-to-Negative,SSP5,Capacity|Electricity|Solar|CSP,North America (R10),1
Low-to-Negative,SSP5,Capacity|Electricity|Solar|CSP,Pacific OECD (R10),1
Low-to-Negative,SSP5,Capacity|Electricity|Solar|CSP,Reforming Economies (R10),1
Low-to-Negative,SSP5,Capacity|Electricity|Solar|CSP,Rest of Asia (R10),1
Low-to-Negative,SSP5,Capacity|Electricity|Solar|CSP,World,1
Low-to-Negative,SSP5,Capacity|Electricity|Solar|PV,Africa (R10),1
Low-to-Negative,SSP5,Capacity|Electricity|Solar|PV,China+ (R10),1
Low-to-Negative,SSP5,Capacity|Electricity|Solar|PV,Europe (R10),1
Low-to-Negative,SSP5,Capacity|Electricity|Solar|PV,India+ (R10),1
Low-to-Negative,SSP5,Capacity|Electricity|Solar|PV,Latin America (R10),1
Low-to-Negative,SSP5,Capacity|Electricity|Solar|PV,Middle East (R10),1
Low-to-Negative,SSP5,Capacity|Electricity|Solar|PV,North America (R10),1
Low-to-Negative,SSP5,Capacity|Electricity|Solar|PV,Pacific OECD (R10),1
Low-to-Negative,SSP5,Capacity|Electricity|Solar|PV,Reforming Economies (R10),1
Low-to-Negative,SSP5,Capacity|Electricity|Solar|PV,Rest of Asia (R10),1
Low-to-Negative,SSP5,Capacity|Electricity|Solar|PV,World,1
Low-to-Negative,SSP5,Capacity|Electricity|Wind|Offshore,Africa (R10),1
Low-to-Negative,SSP5,Capacity|Electricity|Wind|Offshore,China+ (R10),1
Low-to-Negative,SSP5,Capacity|Electricity|Wind|Offshore,Europe (R10),1
Low-to-Negative,SSP5,Capacity|Electricity|Wind|Offshore,India+ (R10),1
Low-to-Negative,SSP5,Capacity|Electricity|Wind|Offshore,Latin America (R10),1
Low-to-Negative,SSP5,Capacity|Electricity|Wind|Offshore,Middle East (R10),1
Low-to-Negative,SSP5,Capacity|Electricity|Wind|Offshore,North America (R10),1
Low-to-Negative,SSP5,Capacity|Electricity|Wind|Offshore,Pacific OECD (R10),1
Low-to-Negative,SSP5,Capacity|Electricity|Wind|Offshore,Reforming Economies (R10),1
Low-to-Negative,SSP5,Capacity|Electricity|Wind|Offshore,Rest of Asia (R10),1
Low-to-Negative,SSP5,Capacity|Electricity|Wind|Offshore,World,1
Low-to-Negative,SSP5,Capacity|Electricity|Wind|Onshore,Africa (R10),1
Low-to-Negative,SSP5,Capacity|Electricity|Wind|Onshore,China+ (R10),1
Low-to-Negative,SSP5,Capacity|Electricity|Wind|Onshore,Europe (R10),1
Low-to-Negative,SSP5,Capacity|Electricity|Wind|Onshore,India+ (R10),1
Low-to-Negative,SSP5,Capacity|Electricity|Wind|Onshore,Latin America (R10),1
Low-to-Negative,SSP5,Capacity|Electricity|Wind|Onshore,Middle East (R10),1
Low-to-Negative,SSP5,Capacity|Electricity|Wind|Onshore,North America (R10),1
Low-to-Negative,SSP5,Capacity|Electricity|Wind|Onshore,Pacific OECD (R10),1
Low-to-Negative,SSP5,Capacity|Electricity|Wind|Onshore,Reforming Economies (R10),1
Low-to-Negative,SSP5,Capacity|Electricity|Wind|Onshore,Rest of Asia (R10),1
Low-to-Negative,SSP5,Capacity|Electricity|Wind|Onshore,World,1
Low-to-Negative,SSP5,Food Intake|Crops [per capita],Africa (R10),1
Low-to-Negative,SSP5,Food Intake|Crops [per capita],China+ (R10),1
Low-to-Negative,SSP5,Food Intake|Crops [per capita],Europe (R10),1
Low-to-Negative,SSP5,Food Intake|Crops [per capita],India+ (R10),1
Low-to-Negative,SSP5,Food Intake|Crops [per capita],Latin America (R10),1
Low-to-Negative,SSP5,Food Intake|Crops [per capita],Middle East (R10),1
Low-to-Negative,SSP5,Food Intake|Crops [per capita],North America (R10),1
Low-to-Negative,SSP5,Food Intake|Crops [per capita],Pacific OECD (R10),1
Low-to-Negative,SSP5,Food Intake|Crops [per capita],Reforming Economies (R10),1
Low-to-Negative,SSP5,Food Intake|Crops [per capita],Rest of Asia (R10),1
Low-to-Negative,SSP5,Food Intake|Crops [per capita],World,1
Low-to-Negative,SSP5,Food Intake|Livestock [per capita],Africa (R10),1
Low-to-Negative,SSP5,Food Intake|Livestock [per capita],China+ (R10),1
Low-to-Negative,SSP5,Food Intake|Livestock [per capita],Europe (R10),1
Low-to-Negative,SSP5,Food Intake|Livestock [per capita],India+ (R10),1
Low-to-Negative,SSP5,Food Intake|Livestock [per capita],Latin America (R10),1
Low-to-Negative,SSP5,Food Intake|Livestock [per capita],Middle East (R10),1
Low-to-Negative,SSP5,Food Intake|Livestock [per capita],North America (R10),1
Low-to-Negative,SSP5,Food Intake|Livestock [per capita],Pacific OECD (R10),1
Low-to-Negative,SSP5,Food Intake|Livestock [per capita],Reforming Economies (R10),1
Low-to-Negative,SSP5,Food Intake|Livestock [per capita],Rest of Asia (R10),1
Low-to-Negative,SSP5,Food Intake|Livestock [per capita],World,1
Low-to-Negative,SSP5,Food Waste [per capita],Africa (R10),1
Low-to-Negative,SSP5,Food Waste [per capita],China+ (R10),1
Low-to-Negative,SSP5,Food Waste [per capita],Europe (R10),1
Low-to-Negative,SSP5,Food Waste [per capita],India+ (R10),1
Low-to-Negative,SSP5,Food Waste [per capita],Latin America (R10),1
Low-to-Negative,SSP5,Food Waste [per capita],Middle East (R10),1
Low-to-Negative,SSP5,Food Waste [per capita],North America (R10),1
Low-to-Negative,SSP5,Food Waste [per capita],Pacific OECD (R10),1
Low-to-Negative,SSP5,Food Waste [per capita],Reforming Economies (R10),1
Low-to-Negative,SSP5,Food Waste [per capita],Rest of Asia (R10),1
Low-to-Negative,SSP5,Food Waste [per capita],World,1
Low-to-Negative,SSP5,Forestry Production|Roundwood,Africa (R10),1
Low-to-Negative,SSP5,Forestry Production|Roundwood,China+ (R10),1
Low-to-Negative,SSP5,Forestry Production|Roundwood,Europe (R10),1
Low-to-Negative,SSP5,Forestry Production|Roundwood,India+ (R10),1
Low-to-Negative,SSP5,Forestry Production|Roundwood,Latin America (R10),1
Low-to-Negative,SSP5,Forestry Production|Roundwood,Middle East (R10),1
Low-to-Negative,SSP5,Forestry Production|Roundwood,North America (R10),1
Low-to-Negative,SSP5,Forestry Production|Roundwood,Pacific OECD (R10),1
Low-to-Negative,SSP5,Forestry Production|Roundwood,Reforming Economies (R10),1
Low-to-Negative,SSP5,Forestry Production|Roundwood,Rest of Asia (R10),1
Low-to-Negative,SSP5,Forestry Production|Roundwood,World,1
Low-to-Negative,SSP5,GDP|MER,Africa (R10),1
Low-to-Negative,SSP5,GDP|MER,China+ (R10),1
Low-to-Negative,SSP5,GDP|MER,Europe (R10),1
Low-to-Negative,SSP5,GDP|MER,India+ (R10),1
Low-to-Negative,SSP5,GDP|MER,Latin America (R10),1
Low-to-Negative,SSP5,GDP|MER,Middle East (R10),1
Low-to-Negative,SSP5,GDP|MER,North America (R10),1
Low-to-Negative,SSP5,GDP|MER,Pacific OECD (R10),1
Low-to-Negative,SSP5,GDP|MER,Reforming Economies (R10),1
Low-to-Negative,SSP5,GDP|MER,Rest of Asia (R10),1
Low-to-Negative,SSP5,GDP|MER,World,1
Low-to-Negative,SSP5,Population,Africa (R10),1
Low-to-Negative,SSP5,Population,China+ (R10),1
Low-to-Negative,SSP5,Population,Europe (R10),1
Low-to-Negative,SSP5,Population,India+ (R10),1
Low-to-Negative,SSP5,Population,Latin America (R10),1
Low-to-Negative,SSP5,Population,Middle East (R10),1
Low-to-Negative,SSP5,Population,North America (R10),1
Low-to-Negative,SSP5,Population,Pacific OECD (R10),1
Low-to-Negative,SSP5,Population,Reforming Economies (R10),1
Low-to-Negative,SSP5,Population,Rest of Asia (R10),1
Low-to-Negative,SSP5,Population,World,1
Low-to-Negative,SSP5,Primary Energy,Africa (R10),1
Low-to-Negative,SSP5,Primary Energy,China+ (R10),1
Low-to-Negative,SSP5,Primary Energy,Europe (R10),1
Low-to-Negative,SSP5,Primary Energy,India+ (R10),1
Low-to-Negative,SSP5,Primary Energy,Latin America (R10),1
Low-to-Negative,SSP5,Primary Energy,Middle East (R10),1
Low-to-Negative,SSP5,Primary Energy,North America (R10),1
Low-to-Negative,SSP5,Primary Energy,Pacific OECD (R10),1
Low-to-Negative,SSP5,Primary Energy,Reforming Economies (R10),1
Low-to-Negative,SSP5,Primary Energy,Rest of Asia (R10),1
Low-to-Negative,SSP5,Primary Energy,World,1
Low-to-Negative,SSP5,Primary Energy|Biomass,Africa (R10),1
Low-to-Negative,SSP5,Primary Energy|Biomass,China+ (R10),1
Low-to-Negative,SSP5,Primary Energy|Biomass,Europe (R10),1
Low-to-Negative,SSP5,Primary Energy|Biomass,India+ (R10),1
Low-to-Negative,SSP5,Primary Energy|Biomass,Latin America (R10),1
Low-to-Negative,SSP5,Primary Energy|Biomass,Middle East (R10),1
Low-to-Negative,SSP5,Primary Energy|Biomass,North America (R10),1
Low-to-Negative,SSP5,Primary Energy|Biomass,Pacific OECD (R10),1
Low-to-Negative,SSP5,Primary Energy|Biomass,Reforming Economies (R10),1
Low-to-Negative,SSP5,Primary Energy|Biomass,Rest of Asia (R10),1
Low-to-Negative,SSP5,Primary Energy|Biomass,World,1
Low-to-Negative,SSP5,Primary Energy|Coal,Africa (R10),1
Low-to-Negative,SSP5,Primary Energy|Coal,China+ (R10),1
Low-to-Negative,SSP5,Primary Energy|Coal,Europe (R10),1
Low-to-Negative,SSP5,Primary Energy|Coal,India+ (R10),1
Low-to-Negative,SSP5,Primary Energy|Coal,Latin America (R10),1
Low-to-Negative,SSP5,Primary Energy|Coal,Middle East (R10),1
Low-to-Negative,SSP5,Primary Energy|Coal,North America (R10),1
Low-to-Negative,SSP5,Primary Energy|Coal,Pacific OECD (R10),1
Low-to-Negative,SSP5,Primary Energy|Coal,Reforming Economies (R10),1
Low-to-Negative,SSP5,Primary Energy|Coal,Rest of Asia (R10),1
Low-to-Negative,SSP5,Primary Energy|Coal,World,1
Low-to-Negative,SSP5,Primary Energy|Fossil,Africa (R10),1
Low-to-Negative,SSP5,Primary Energy|Fossil,China+ (R10),1
Low-to-Negative,SSP5,Primary Energy|Fossil,Europe (R10),1
Low-to-Negative,SSP5,Primary Energy|Fossil,India+ (R10),1
Low-to-Negative,SSP5,Primary Energy|Fossil,Latin America (R10),1
Low-to-Negative,SSP5,Primary Energy|Fossil,Middle East (R10),1
Low-to-Negative,SSP5,Primary Energy|Fossil,North America (R10),1
Low-to-Negative,SSP5,Primary Energy|Fossil,Pacific OECD (R10),1
Low-to-Negative,SSP5,Primary Energy|Fossil,Reforming Economies (R10),1
Low-to-Negative,SSP5,Primary Energy|Fossil,Rest of Asia (R10),1
Low-to-Negative,SSP5,Primary Energy|Fossil,World,1
Low-to-Negative,SSP5,Primary Energy|Gas,Africa (R10),1
Low-to-Negative,SSP5,Primary Energy|Gas,China+ (R10),1
Low-to-Negative,SSP5,Primary Energy|Gas,Europe (R10),1
Low-to-Negative,SSP5,Primary Energy|Gas,India+ (R10),1
Low-to-Negative,SSP5,Primary Energy|Gas,Latin America (R10),1
Low-to-Negative,SSP5,Primary Energy|Gas,Middle East (R10),1
Low-to-Negative,SSP5,Primary Energy|Gas,North America (R10),1
Low-to-Negative,SSP5,Primary Energy|Gas,Pacific OECD (R10),1
Low-to-Negative,SSP5,Primary Energy|Gas,Reforming Economies (R10),1
Low-to-Negative,SSP5,Primary Energy|Gas,Rest of Asia (R10),1
Low-to-Negative,SSP5,Primary Energy|Gas,World,1
Low-to-Negative,SSP5,Primary Energy|Geothermal,Africa (R10),1
Low-to-Negative,SSP5,Primary Energy|Geothermal,China+ (R10),1
Low-to-Negative,SSP5,Primary Energy|Geothermal,Europe (R10),1
Low-to-Negative,SSP5,Primary Energy|Geothermal,India+ (R10),1
Low-to-Negative,SSP5,Primary Energy|Geothermal,Latin America (R10),1
Low-to-Negative,SSP5,Primary Energy|Geothermal,Middle East (R10),1
Low-to-Negative,SSP5,Primary Energy|Geothermal,North America (R10),1
Low-to-Negative,SSP5,Primary Energy|Geothermal,Pacific OECD (R10),1
Low-to-Negative,SSP5,Primary Energy|Geothermal,Reforming Economies (R10),1
Low-to-Negative,SSP5,Primary Energy|Geothermal,Rest of Asia (R10),1
Low-to-Negative,SSP5,Primary Energy|Geothermal,World,1
Low-to-Negative,SSP5,Primary Energy|Hydro,Africa (R10),1
Low-to-Negative,SSP5,Primary Energy|Hydro,China+ (R10),1
Low-to-Negative,SSP5,Primary Energy|Hydro,Europe (R10),1
Low-to-Negative,SSP5,Primary Energy|Hydro,India+ (R10),1
Low-to-Negative,SSP5,Primary Energy|Hydro,Latin America (R10),1
Low-to-Negative,SSP5,Primary Energy|Hydro,Middle East (R10),1
Low-to-Negative,SSP5,Primary Energy|Hydro,North America (R10),1
Low-to-Negative,SSP5,Primary Energy|Hydro,Pacific OECD (R10),1
Low-to-Negative,SSP5,Primary Energy|Hydro,Reforming Economies (R10),1
Low-to-Negative,SSP5,Primary Energy|Hydro,Rest of Asia (R10),1
Low-to-Negative,SSP5,Primary Energy|Hydro,World,1
Low-to-Negative,SSP5,Primary Energy|Non-Biomass Renewables,Africa (R10),1
Low-to-Negative,SSP5,Primary Energy|Non-Biomass Renewables,China+ (R10),1
Low-to-Negative,SSP5,Primary Energy|Non-Biomass Renewables,Europe (R10),1
Low-to-Negative,SSP5,Primary Energy|Non-Biomass Renewables,India+ (R10),1
Low-to-Negative,SSP5,Primary Energy|Non-Biomass Renewables,Latin America (R10),1
Low-to-Negative,SSP5,Primary Energy|Non-Biomass Renewables,Middle East (R10),1
Low-to-Negative,SSP5,Primary Energy|Non-Biomass Renewables,North America (R10),1
Low-to-Negative,SSP5,Primary Energy|Non-Biomass Renewables,Pacific OECD (R10),1
Low-to-Negative,SSP5,Primary Energy|Non-Biomass Renewables,Reforming Economies (R10),1
Low-to-Negative,SSP5,Primary Energy|Non-Biomass Renewables,Rest of Asia (R10),1
Low-to-Negative,SSP5,Primary Energy|Non-Biomass Renewables,World,1
Low-to-Negative,SSP5,Primary Energy|Nuclear,Africa (R10),1
Low-to-Negative,SSP5,Primary Energy|Nuclear,China+ (R10),1
Low-to-Negative,SSP5,Primary Energy|Nuclear,Europe (R10),1
Low-to-Negative,SSP5,Primary Energy|Nuclear,India+ (R10),1
Low-to-Negative,SSP5,Primary Energy|Nuclear,Latin America (R10),1
Low-to-Negative,SSP5,Primary Energy|Nuclear,Middle East (R10),1
Low-to-Negative,SSP5,Primary Energy|Nuclear,North America (R10),1
Low-to-Negative,SSP5,Primary Energy|Nuclear,Pacific OECD (R10),1
Low-to-Negative,SSP5,Primary Energy|Nuclear,Reforming Economies (R10),1
Low-to-Negative,SSP5,Primary Energy|Nuclear,Rest of Asia (R10),1
Low-to-Negative,SSP5,Primary Energy|Nuclear,World,1
Low-to-Negative,SSP5,Primary Energy|Ocean,Africa (R10),1
Low-to-Negative,SSP5,Primary Energy|Ocean,China+ (R10),1
Low-to-Negative,SSP5,Primary Energy|Ocean,Europe (R10),1
Low-to-Negative,SSP5,Primary Energy|Ocean,India+ (R10),1
Low-to-Negative,SSP5,Primary Energy|Ocean,Latin America (R10),1
Low-to-Negative,SSP5,Primary Energy|Ocean,Middle East (R10),1
Low-to-Negative,SSP5,Primary Energy|Ocean,North America (R10),1
Low-to-Negative,SSP5,Primary Energy|Ocean,Pacific OECD (R10),1
Low-to-Negative,SSP5,Primary Energy|Ocean,Reforming Economies (R10),1
Low-to-Negative,SSP5,Primary Energy|Ocean,Rest of Asia (R10),1
Low-to-Negative,SSP5,Primary Energy|Ocean,World,1
Low-to-Negative,SSP5,Primary Energy|Oil,Africa (R10),1
Low-to-Negative,SSP5,Primary Energy|Oil,China+ (R10),1
Low-to-Negative,SSP5,Primary Energy|Oil,Europe (R10),1
Low-to-Negative,SSP5,Primary Energy|Oil,India+ (R10),1
Low-to-Negative,SSP5,Primary Energy|Oil,Latin America (R10),1
Low-to-Negative,SSP5,Primary Energy|Oil,Middle East (R10),1
Low-to-Negative,SSP5,Primary Energy|Oil,North America (R10),1
Low-to-Negative,SSP5,Primary Energy|Oil,Pacific OECD (R10),1
Low-to-Negative,SSP5,Primary Energy|Oil,Reforming Economies (R10),1
Low-to-Negative,SSP5,Primary Energy|Oil,Rest of Asia (R10),1
Low-to-Negative,SSP5,Primary Energy|Oil,World,1
Low-to-Negative,SSP5,Primary Energy|Other,Africa (R10),1
Low-to-Negative,SSP5,Primary Energy|Other,China+ (R10),1
Low-to-Negative,SSP5,Primary Energy|Other,Europe (R10),1
Low-to-Negative,SSP5,Primary Energy|Other,India+ (R10),1
Low-to-Negative,SSP5,Primary Energy|Other,Latin America (R10),1
Low-to-Negative,SSP5,Primary Energy|Other,Middle East (R10),1
Low-to-Negative,SSP5,Primary Energy|Other,North America (R10),1
Low-to-Negative,SSP5,Primary Energy|Other,Pacific OECD (R10),1
Low-to-Negative,SSP5,Primary Energy|Other,Reforming Economies (R10),1
Low-to-Negative,SSP5,Primary Energy|Other,Rest of Asia (R10),1
Low-to-Negative,SSP5,Primary Energy|Other,World,1
Low-to-Negative,SSP5,Production|Iron and Steel|Steel,Africa (R10),1
Low-to-Negative,SSP5,Production|Iron and Steel|Steel,China+ (R10),1
Low-to-Negative,SSP5,Production|Iron and Steel|Steel,Europe (R10),1
Low-to-Negative,SSP5,Production|Iron and Steel|Steel,India+ (R10),1
Low-to-Negative,SSP5,Production|Iron and Steel|Steel,Latin America (R10),1
Low-to-Negative,SSP5,Production|Iron and Steel|Steel,Middle East (R10),1
Low-to-Negative,SSP5,Production|Iron and Steel|Steel,North America (R10),1
Low-to-Negative,SSP5,Production|Iron and Steel|Steel,Pacific OECD (R10),1
Low-to-Negative,SSP5,Production|Iron and Steel|Steel,Reforming Economies (R10),1
Low-to-Negative,SSP5,Production|Iron and Steel|Steel,Rest of Asia (R10),1
Low-to-Negative,SSP5,Production|Iron and Steel|Steel,World,1
Low-to-Negative,SSP5,Production|Non-Ferrous Metals|Aluminum,Africa (R10),1
Low-to-Negative,SSP5,Production|Non-Ferrous Metals|Aluminum,China+ (R10),1
Low-to-Negative,SSP5,Production|Non-Ferrous Metals|Aluminum,Europe (R10),1
Low-to-Negative,SSP5,Production|Non-Ferrous Metals|Aluminum,India+ (R10),1
Low-to-Negative,SSP5,Production|Non-Ferrous Metals|Aluminum,Latin America (R10),1
Low-to-Negative,SSP5,Production|Non-Ferrous Metals|Aluminum,Middle East (R10),1
Low-to-Negative,SSP5,Production|Non-Ferrous Metals|Aluminum,North America (R10),1
Low-to-Negative,SSP5,Production|Non-Ferrous Metals|Aluminum,Pacific OECD (R10),1
Low-to-Negative,SSP5,Production|Non-Ferrous Metals|Aluminum,Reforming Economies (R10),1
Low-to-Negative,SSP5,Production|Non-Ferrous Metals|Aluminum,Rest of Asia (R10),1
Low-to-Negative,SSP5,Production|Non-Ferrous Metals|Aluminum,World,1
Low-to-Negative,SSP5,Production|Non-Metallic Minerals|Cement,Africa (R10),1
Low-to-Negative,SSP5,Production|Non-Metallic Minerals|Cement,China+ (R10),1
Low-to-Negative,SSP5,Production|Non-Metallic Minerals|Cement,Europe (R10),1
Low-to-Negative,SSP5,Production|Non-Metallic Minerals|Cement,India+ (R10),1
Low-to-Negative,SSP5,Production|Non-Metallic Minerals|Cement,Latin America (R10),1
Low-to-Negative,SSP5,Production|Non-Metallic Minerals|Cement,Middle East (R10),1
Low-to-Negative,SSP5,Production|Non-Metallic Minerals|Cement,North America (R10),1
Low-to-Negative,SSP5,Production|Non-Metallic Minerals|Cement,Pacific OECD (R10),1
Low-to-Negative,SSP5,Production|Non-Metallic Minerals|Cement,Reforming Economies (R10),1
Low-to-Negative,SSP5,Production|Non-Metallic Minerals|Cement,Rest of Asia (R10),1
Low-to-Negative,SSP5,Production|Non-Metallic Minerals|Cement,World,1
Low-to-Negative,SSP5,Resource|Extraction|Coal,Africa (R10),1
Low-to-Negative,SSP5,Resource|Extraction|Coal,China+ (R10),1
Low-to-Negative,SSP5,Resource|Extraction|Coal,Europe (R10),1
Low-to-Negative,SSP5,Resource|Extraction|Coal,India+ (R10),1
Low-to-Negative,SSP5,Resource|Extraction|Coal,Latin America (R10),1
Low-to-Negative,SSP5,Resource|Extraction|Coal,Middle East (R10),1
Low-to-Negative,SSP5,Resource|Extraction|Coal,North America (R10),1
Low-to-Negative,SSP5,Resource|Extraction|Coal,Pacific OECD (R10),1
Low-to-Negative,SSP5,Resource|Extraction|Coal,Reforming Economies (R10),1
Low-to-Negative,SSP5,Resource|Extraction|Coal,Rest of Asia (R10),1
Low-to-Negative,SSP5,Resource|Extraction|Coal,World,1
Low-to-Negative,SSP5,Resource|Extraction|Gas,Africa (R10),1
Low-to-Negative,SSP5,Resource|Extraction|Gas,China+ (R10),1
Low-to-Negative,SSP5,Resource|Extraction|Gas,Europe (R10),1
Low-to-Negative,SSP5,Resource|Extraction|Gas,India+ (R10),1
Low-to-Negative,SSP5,Resource|Extraction|Gas,Latin America (R10),1
Low-to-Negative,SSP5,Resource|Extraction|Gas,Middle East (R10),1
Low-to-Negative,SSP5,Resource|Extraction|Gas,North America (R10),1
Low-to-Negative,SSP5,Resource|Extraction|Gas,Pacific OECD (R10),1
Low-to-Negative,SSP5,Resource|Extraction|Gas,Reforming Economies (R10),1
Low-to-Negative,SSP5,Resource|Extraction|Gas,Rest of Asia (R10),1
Low-to-Negative,SSP5,Resource|Extraction|Gas,World,1
Low-to-Negative,SSP5,Resource|Extraction|Oil,Africa (R10),1
Low-to-Negative,SSP5,Resource|Extraction|Oil,China+ (R10),1
Low-to-Negative,SSP5,Resource|Extraction|Oil,Europe (R10),1
Low-to-Negative,SSP5,Resource|Extraction|Oil,India+ (R10),1
Low-to-Negative,SSP5,Resource|Extraction|Oil,Latin America (R10),1
Low-to-Negative,SSP5,Resource|Extraction|Oil,Middle East (R10),1
Low-to-Negative,SSP5,Resource|Extraction|Oil,North America (R10),1
Low-to-Negative,SSP5,Resource|Extraction|Oil,Pacific OECD (R10),1
Low-to-Negative,SSP5,Resource|Extraction|Oil,Reforming Economies (R10),1
Low-to-Negative,SSP5,Resource|Extraction|Oil,Rest of Asia (R10),1
Low-to-Negative,SSP5,Resource|Extraction|Oil,World,1
Medium,SSP1,Agricultural Demand|Residues,Africa (R10),2
Medium,SSP1,Agricultural Demand|Residues,China+ (R10),2
Medium,SSP1,Agricultural Demand|Residues,Europe (R10),2
Medium,SSP1,Agricultural Demand|Residues,India+ (R10),2
Medium,SSP1,Agricultural Demand|Residues,Latin America (R10),2
Medium,SSP1,Agricultural Demand|Residues,Middle East (R10),2
Medium,SSP1,Agricultural Demand|Residues,North America (R10),2
Medium,SSP1,Agricultural Demand|Residues,Other (R10),1
Medium,SSP1,Agricultural Demand|Residues,Pacific OECD (R10),2
Medium,SSP1,Agricultural Demand|Residues,Reforming Economies (R10),2
Medium,SSP1,Agricultural Demand|Residues,Rest of Asia (R10),2
Medium,SSP1,Agricultural Demand|Residues,World,2
Medium,SSP1,Agricultural Production,Africa (R10),3
Medium,SSP1,Agricultural Production,China+ (R10),3
Medium,SSP1,Agricultural Production,Europe (R10),3
Medium,SSP1,Agricultural Production,India+ (R10),3
Medium,SSP1,Agricultural Production,Latin America (R10),3
Medium,SSP1,Agricultural Production,Middle East (R10),3
Medium,SSP1,Agricultural Production,North America (R10),3
Medium,SSP1,Agricultural Production,Other (R10),1
Medium,SSP1,Agricultural Production,Pacific OECD (R10),3
Medium,SSP1,Agricultural Production,Reforming Economies (R10),3
Medium,SSP1,Agricultural Production,Rest of Asia (R10),3
Medium,SSP1,Agricultural Production,World,3
Medium,SSP1,Agricultural Production|Crops,Africa (R10),3
Medium,SSP1,Agricultural Production|Crops,China+ (R10),3
Medium,SSP1,Agricultural Production|Crops,Europe (R10),3
Medium,SSP1,Agricultural Production|Crops,India+ (R10),3
Medium,SSP1,Agricultural Production|Crops,Latin America (R10),3
Medium,SSP1,Agricultural Production|Crops,Middle East (R10),3
Medium,SSP1,Agricultural Production|Crops,North America (R10),3
Medium,SSP1,Agricultural Production|Crops,Other (R10),1
Medium,SSP1,Agricultural Production|Crops,Pacific OECD (R10),3
Medium,SSP1,Agricultural Production|Crops,Reforming Economies (R10),3
Medium,SSP1,Agricultural Production|Crops,Rest of Asia (R10),3
Medium,SSP1,Agricultural Production|Crops,World,3
Medium,SSP1,Agricultural Production|Livestock,Africa (R10),3
Medium,SSP1,Agricultural Production|Livestock,China+ (R10),3
Medium,SSP1,Agricultural Production|Livestock,Europe (R10),3
Medium,SSP1,Agricultural Production|Livestock,India+ (R10),3
Medium,SSP1,Agricultural Production|Livestock,Latin America (R10),3
Medium,SSP1,Agricultural Production|Livestock,Middle East (R10),3
Medium,SSP1,Agricultural Production|Livestock,North America (R10),3
Medium,SSP1,Agricultural Production|Livestock,Other (R10),1
Medium,SSP1,Agricultural Production|Livestock,Pacific OECD (R10),3
Medium,SSP1,Agricultural Production|Livestock,Reforming Economies (R10),3
Medium,SSP1,Agricultural Production|Livestock,Rest of Asia (R10),3
Medium,SSP1,Agricultural Production|Livestock,World,3
Medium,SSP1,Building Stock|Residential and Commercial|Floor Space|Gross,Africa (R10),1
Medium,SSP1,Building Stock|Residential and Commercial|Floor Space|Gross,China+ (R10),1
Medium,SSP1,Building Stock|Residential and Commercial|Floor Space|Gross,Europe (R10),1
Medium,SSP1,Building Stock|Residential and Commercial|Floor Space|Gross,India+ (R10),1
Medium,SSP1,Building Stock|Residential and Commercial|Floor Space|Gross,Latin America (R10),1
Medium,SSP1,Building Stock|Residential and Commercial|Floor Space|Gross,Middle East (R10),1
Medium,SSP1,Building Stock|Residential and Commercial|Floor Space|Gross,North America (R10),1
Medium,SSP1,Building Stock|Residential and Commercial|Floor Space|Gross,Other (R10),1
Medium,SSP1,Building Stock|Residential and Commercial|Floor Space|Gross,Pacific OECD (R10),1
Medium,SSP1,Building Stock|Residential and Commercial|Floor Space|Gross,Reforming Economies (R10),1
Medium,SSP1,Building Stock|Residential and Commercial|Floor Space|Gross,Rest of Asia (R10),1
Medium,SSP1,Building Stock|Residential and Commercial|Floor Space|Gross,World,1
Medium,SSP1,Capacity|Electricity|Biomass,Africa (R10),3
Medium,SSP1,Capacity|Electricity|Biomass,China+ (R10),3
Medium,SSP1,Capacity|Electricity|Biomass,Europe (R10),3
Medium,SSP1,Capacity|Electricity|Biomass,India+ (R10),3
Medium,SSP1,Capacity|Electricity|Biomass,Latin America (R10),3
Medium,SSP1,Capacity|Electricity|Biomass,Middle East (R10),3
Medium,SSP1,Capacity|Electricity|Biomass,North America (R10),3
Medium,SSP1,Capacity|Electricity|Biomass,Other (R10),1
Medium,SSP1,Capacity|Electricity|Biomass,Pacific OECD (R10),3
Medium,SSP1,Capacity|Electricity|Biomass,Reforming Economies (R10),3
Medium,SSP1,Capacity|Electricity|Biomass,Rest of Asia (R10),3
Medium,SSP1,Capacity|Electricity|Biomass,World,3
Medium,SSP1,Capacity|Electricity|Coal,Africa (R10),3
Medium,SSP1,Capacity|Electricity|Coal,China+ (R10),3
Medium,SSP1,Capacity|Electricity|Coal,Europe (R10),3
Medium,SSP1,Capacity|Electricity|Coal,India+ (R10),3
Medium,SSP1,Capacity|Electricity|Coal,Latin America (R10),3
Medium,SSP1,Capacity|Electricity|Coal,Middle East (R10),3
Medium,SSP1,Capacity|Electricity|Coal,North America (R10),3
Medium,SSP1,Capacity|Electricity|Coal,Other (R10),1
Medium,SSP1,Capacity|Electricity|Coal,Pacific OECD (R10),3
Medium,SSP1,Capacity|Electricity|Coal,Reforming Economies (R10),3
Medium,SSP1,Capacity|Electricity|Coal,Rest of Asia (R10),3
Medium,SSP1,Capacity|Electricity|Coal,World,3
Medium,SSP1,Capacity|Electricity|Fossil,Africa (R10),2
Medium,SSP1,Capacity|Electricity|Fossil,China+ (R10),2
Medium,SSP1,Capacity|Electricity|Fossil,Europe (R10),2
Medium,SSP1,Capacity|Electricity|Fossil,India+ (R10),2
Medium,SSP1,Capacity|Electricity|Fossil,Latin America (R10),2
Medium,SSP1,Capacity|Electricity|Fossil,Middle East (R10),2
Medium,SSP1,Capacity|Electricity|Fossil,North America (R10),2
Medium,SSP1,Capacity|Electricity|Fossil,Pacific OECD (R10),2
Medium,SSP1,Capacity|Electricity|Fossil,Reforming Economies (R10),2
Medium,SSP1,Capacity|Electricity|Fossil,Rest of Asia (R10),2
Medium,SSP1,Capacity|Electricity|Fossil,World,2
Medium,SSP1,Capacity|Electricity|Gas,Africa (R10),3
Medium,SSP1,Capacity|Electricity|Gas,China+ (R10),3
Medium,SSP1,Capacity|Electricity|Gas,Europe (R10),3
Medium,SSP1,Capacity|Electricity|Gas,India+ (R10),3
Medium,SSP1,Capacity|Electricity|Gas,Latin America (R10),3
Medium,SSP1,Capacity|Electricity|Gas,Middle East (R10),3
Medium,SSP1,Capacity|Electricity|Gas,North America (R10),3
Medium,SSP1,Capacity|Electricity|Gas,Other (R10),1
Medium,SSP1,Capacity|Electricity|Gas,Pacific OECD (R10),3
Medium,SSP1,Capacity|Electricity|Gas,Reforming Economies (R10),3
Medium,SSP1,Capacity|Electricity|Gas,Rest of Asia (R10),3
Medium,SSP1,Capacity|Electricity|Gas,World,3
Medium,SSP1,Capacity|Electricity|Geothermal,Africa (R10),3
Medium,SSP1,Capacity|Electricity|Geothermal,China+ (R10),2
Medium,SSP1,Capacity|Electricity|Geothermal,Europe (R10),3
Medium,SSP1,Capacity|Electricity|Geothermal,India+ (R10),2
Medium,SSP1,Capacity|Electricity|Geothermal,Latin America (R10),3
Medium,SSP1,Capacity|Electricity|Geothermal,Middle East (R10),2
Medium,SSP1,Capacity|Electricity|Geothermal,North America (R10),3
Medium,SSP1,Capacity|Electricity|Geothermal,Other (R10),1
Medium,SSP1,Capacity|Electricity|Geothermal,Pacific OECD (R10),3
Medium,SSP1,Capacity|Electricity|Geothermal,Reforming Economies (R10),3
Medium,SSP1,Capacity|Electricity|Geothermal,Rest of Asia (R10),3
Medium,SSP1,Capacity|Electricity|Geothermal,World,3
Medium,SSP1,Capacity|Electricity|Hydro,Africa (R10),3
Medium,SSP1,Capacity|Electricity|Hydro,China+ (R10),3
Medium,SSP1,Capacity|Electricity|Hydro,Europe (R10),3
Medium,SSP1,Capacity|Electricity|Hydro,India+ (R10),3
Medium,SSP1,Capacity|Electricity|Hydro,Latin America (R10),3
Medium,SSP1,Capacity|Electricity|Hydro,Middle East (R10),3
Medium,SSP1,Capacity|Electricity|Hydro,North America (R10),3
Medium,SSP1,Capacity|Electricity|Hydro,Other (R10),1
Medium,SSP1,Capacity|Electricity|Hydro,Pacific OECD (R10),3
Medium,SSP1,Capacity|Electricity|Hydro,Reforming Economies (R10),3
Medium,SSP1,Capacity|Electricity|Hydro,Rest of Asia (R10),3
Medium,SSP1,Capacity|Electricity|Hydro,World,3
Medium,SSP1,Capacity|Electricity|Hydrogen,Africa (R10),2
Medium,SSP1,Capacity|Electricity|Hydrogen,China+ (R10),2
Medium,SSP1,Capacity|Electricity|Hydrogen,Europe (R10),2
Medium,SSP1,Capacity|Electricity|Hydrogen,India+ (R10),2
Medium,SSP1,Capacity|Electricity|Hydrogen,Latin America (R10),2
Medium,SSP1,Capacity|Electricity|Hydrogen,Middle East (R10),2
Medium,SSP1,Capacity|Electricity|Hydrogen,North America (R10),2
Medium,SSP1,Capacity|Electricity|Hydrogen,Other (R10),1
Medium,SSP1,Capacity|Electricity|Hydrogen,Pacific OECD (R10),2
Medium,SSP1,Capacity|Electricity|Hydrogen,Reforming Economies (R10),2
Medium,SSP1,Capacity|Electricity|Hydrogen,Rest of Asia (R10),2
Medium,SSP1,Capacity|Electricity|Hydrogen,World,2
Medium,SSP1,Capacity|Electricity|Nuclear,Africa (R10),3
Medium,SSP1,Capacity|Electricity|Nuclear,China+ (R10),3
Medium,SSP1,Capacity|Electricity|Nuclear,Europe (R10),3
Medium,SSP1,Capacity|Electricity|Nuclear,India+ (R10),3
Medium,SSP1,Capacity|Electricity|Nuclear,Latin America (R10),3
Medium,SSP1,Capacity|Electricity|Nuclear,Middle East (R10),3
Medium,SSP1,Capacity|Electricity|Nuclear,North America (R10),3
Medium,SSP1,Capacity|Electricity|Nuclear,Other (R10),1
Medium,SSP1,Capacity|Electricity|Nuclear,Pacific OECD (R10),3
Medium,SSP1,Capacity|Electricity|Nuclear,Reforming Economies (R10),3
Medium,SSP1,Capacity|Electricity|Nuclear,Rest of Asia (R10),3
Medium,SSP1,Capacity|Electricity|Nuclear,World,3
Medium,SSP1,Capacity|Electricity|Oil,Africa (R10),3
Medium,SSP1,Capacity|Electricity|Oil,China+ (R10),3
Medium,SSP1,Capacity|Electricity|Oil,Europe (R10),3
Medium,SSP1,Capacity|Electricity|Oil,India+ (R10),3
Medium,SSP1,Capacity|Electricity|Oil,Latin America (R10),3
Medium,SSP1,Capacity|Electricity|Oil,Middle East (R10),3
Medium,SSP1,Capacity|Electricity|Oil,North America (R10),3
Medium,SSP1,Capacity|Electricity|Oil,Other (R10),1
Medium,SSP1,Capacity|Electricity|Oil,Pacific OECD (R10),3
Medium,SSP1,Capacity|Electricity|Oil,Reforming Economies (R10),3
Medium,SSP1,Capacity|Electricity|Oil,Rest of Asia (R10),3
Medium,SSP1,Capacity|Electricity|Oil,World,3
Medium,SSP1,Capacity|Electricity|Other,Africa (R10),1
Medium,SSP1,Capacity|Electricity|Other,China+ (R10),1
Medium,SSP1,Capacity|Electricity|Other,Europe (R10),2
Medium,SSP1,Capacity|Electricity|Other,India+ (R10),1
Medium,SSP1,Capacity|Electricity|Other,Latin America (R10),1
Medium,SSP1,Capacity|Electricity|Other,Middle East (R10),1
Medium,SSP1,Capacity|Electricity|Other,North America (R10),2
Medium,SSP1,Capacity|Electricity|Other,Pacific OECD (R10),1
Medium,SSP1,Capacity|Electricity|Other,Reforming Economies (R10),1
Medium,SSP1,Capacity|Electricity|Other,Rest of Asia (R10),1
Medium,SSP1,Capacity|Electricity|Other,World,2
Medium,SSP1,Capacity|Electricity|Solar|CSP,Africa (R10),2
Medium,SSP1,Capacity|Electricity|Solar|CSP,China+ (R10),2
Medium,SSP1,Capacity|Electricity|Solar|CSP,Europe (R10),2
Medium,SSP1,Capacity|Electricity|Solar|CSP,India+ (R10),2
Medium,SSP1,Capacity|Electricity|Solar|CSP,Latin America (R10),2
Medium,SSP1,Capacity|Electricity|Solar|CSP,Middle East (R10),2
Medium,SSP1,Capacity|Electricity|Solar|CSP,North America (R10),2
Medium,SSP1,Capacity|Electricity|Solar|CSP,Other (R10),1
Medium,SSP1,Capacity|Electricity|Solar|CSP,Pacific OECD (R10),2
Medium,SSP1,Capacity|Electricity|Solar|CSP,Reforming Economies (R10),2
Medium,SSP1,Capacity|Electricity|Solar|CSP,Rest of Asia (R10),2
Medium,SSP1,Capacity|Electricity|Solar|CSP,World,2
Medium,SSP1,Capacity|Electricity|Solar|PV,Africa (R10),3
Medium,SSP1,Capacity|Electricity|Solar|PV,China+ (R10),3
Medium,SSP1,Capacity|Electricity|Solar|PV,Europe (R10),3
Medium,SSP1,Capacity|Electricity|Solar|PV,India+ (R10),3
Medium,SSP1,Capacity|Electricity|Solar|PV,Latin America (R10),3
Medium,SSP1,Capacity|Electricity|Solar|PV,Middle East (R10),3
Medium,SSP1,Capacity|Electricity|Solar|PV,North America (R10),3
Medium,SSP1,Capacity|Electricity|Solar|PV,Other (R10),1
Medium,SSP1,Capacity|Electricity|Solar|PV,Pacific OECD (R10),3
Medium,SSP1,Capacity|Electricity|Solar|PV,Reforming Economies (R10),3
Medium,SSP1,Capacity|Electricity|Solar|PV,Rest of Asia (R10),3
Medium,SSP1,Capacity|Electricity|Solar|PV,World,3
Medium,SSP1,Capacity|Electricity|Wind|Offshore,Africa (R10),2
Medium,SSP1,Capacity|Electricity|Wind|Offshore,China+ (R10),2
Medium,SSP1,Capacity|Electricity|Wind|Offshore,Europe (R10),2
Medium,SSP1,Capacity|Electricity|Wind|Offshore,India+ (R10),2
Medium,SSP1,Capacity|Electricity|Wind|Offshore,Latin America (R10),2
Medium,SSP1,Capacity|Electricity|Wind|Offshore,Middle East (R10),2
Medium,SSP1,Capacity|Electricity|Wind|Offshore,North America (R10),2
Medium,SSP1,Capacity|Electricity|Wind|Offshore,Other (R10),1
Medium,SSP1,Capacity|Electricity|Wind|Offshore,Pacific OECD (R10),2
Medium,SSP1,Capacity|Electricity|Wind|Offshore,Reforming Economies (R10),2
Medium,SSP1,Capacity|Electricity|Wind|Offshore,Rest of Asia (R10),2
Medium,SSP1,Capacity|Electricity|Wind|Offshore,World,2
Medium,SSP1,Capacity|Electricity|Wind|Onshore,Africa (R10),3
Medium,SSP1,Capacity|Electricity|Wind|Onshore,China+ (R10),3
Medium,SSP1,Capacity|Electricity|Wind|Onshore,Europe (R10),3
Medium,SSP1,Capacity|Electricity|Wind|Onshore,India+ (R10),3
Medium,SSP1,Capacity|Electricity|Wind|Onshore,Latin America (R10),3
Medium,SSP1,Capacity|Electricity|Wind|Onshore,Middle East (R10),3
Medium,SSP1,Capacity|Electricity|Wind|Onshore,North America (R10),3
Medium,SSP1,Capacity|Electricity|Wind|Onshore,Other (R10),1
Medium,SSP1,Capacity|Electricity|Wind|Onshore,Pacific OECD (R10),3
Medium,SSP1,Capacity|Electricity|Wind|Onshore,Reforming Economies (R10),3
Medium,SSP1,Capacity|Electricity|Wind|Onshore,Rest of Asia (R10),3
Medium,SSP1,Capacity|Electricity|Wind|Onshore,World,3
Medium,SSP1,Food Intake|Crops [per capita],Africa (R10),1
Medium,SSP1,Food Intake|Crops [per capita],China+ (R10),1
Medium,SSP1,Food Intake|Crops [per capita],Europe (R10),1
Medium,SSP1,Food Intake|Crops [per capita],India+ (R10),1
Medium,SSP1,Food Intake|Crops [per capita],Latin America (R10),1
Medium,SSP1,Food Intake|Crops [per capita],Middle East (R10),1
Medium,SSP1,Food Intake|Crops [per capita],North America (R10),1
Medium,SSP1,Food Intake|Crops [per capita],Other (R10),1
Medium,SSP1,Food Intake|Crops [per capita],Pacific OECD (R10),1
Medium,SSP1,Food Intake|Crops [per capita],Reforming Economies (R10),1
Medium,SSP1,Food Intake|Crops [per capita],Rest of Asia (R10),1
Medium,SSP1,Food Intake|Crops [per capita],World,1
Medium,SSP1,Food Intake|Livestock [per capita],Africa (R10),1
Medium,SSP1,Food Intake|Livestock [per capita],China+ (R10),1
Medium,SSP1,Food Intake|Livestock [per capita],Europe (R10),1
Medium,SSP1,Food Intake|Livestock [per capita],India+ (R10),1
Medium,SSP1,Food Intake|Livestock [per capita],Latin America (R10),1
Medium,SSP1,Food Intake|Livestock [per capita],Middle East (R10),1
Medium,SSP1,Food Intake|Livestock [per capita],North America (R10),1
Medium,SSP1,Food Intake|Livestock [per capita],Other (R10),1
Medium,SSP1,Food Intake|Livestock [per capita],Pacific OECD (R10),1
Medium,SSP1,Food Intake|Livestock [per capita],Reforming Economies (R10),1
Medium,SSP1,Food Intake|Livestock [per capita],Rest of Asia (R10),1
Medium,SSP1,Food Intake|Livestock [per capita],World,1
Medium,SSP1,Food Waste [per capita],Africa (R10),2
Medium,SSP1,Food Waste [per capita],China+ (R10),2
Medium,SSP1,Food Waste [per capita],Europe (R10),2
Medium,SSP1,Food Waste [per capita],India+ (R10),2
Medium,SSP1,Food Waste [per capita],Latin America (R10),2
Medium,SSP1,Food Waste [per capita],Middle East (R10),2
Medium,SSP1,Food Waste [per capita],North America (R10),2
Medium,SSP1,Food Waste [per capita],Other (R10),1
Medium,SSP1,Food Waste [per capita],Pacific OECD (R10),2
Medium,SSP1,Food Waste [per capita],Reforming Economies (R10),2
Medium,SSP1,Food Waste [per capita],Rest of Asia (R10),2
Medium,SSP1,Food Waste [per capita],World,2
Medium,SSP1,Forestry Production|Roundwood,Africa (R10),3
Medium,SSP1,Forestry Production|Roundwood,China+ (R10),3
Medium,SSP1,Forestry Production|Roundwood,Europe (R10),3
Medium,SSP1,Forestry Production|Roundwood,India+ (R10),3
Medium,SSP1,Forestry Production|Roundwood,Latin America (R10),3
Medium,SSP1,Forestry Production|Roundwood,Middle East (R10),3
Medium,SSP1,Forestry Production|Roundwood,North America (R10),3
Medium,SSP1,Forestry Production|Roundwood,Other (R10),1
Medium,SSP1,Forestry Production|Roundwood,Pacific OECD (R10),3
Medium,SSP1,Forestry Production|Roundwood,Reforming Economies (R10),3
Medium,SSP1,Forestry Production|Roundwood,Rest of Asia (R10),3
Medium,SSP1,Forestry Production|Roundwood,World,3
Medium,SSP1,GDP|MER,Africa (R10),3
Medium,SSP1,GDP|MER,China+ (R10),3
Medium,SSP1,GDP|MER,Europe (R10),3
Medium,SSP1,GDP|MER,India+ (R10),3
Medium,SSP1,GDP|MER,Latin America (R10),3
Medium,SSP1,GDP|MER,Middle East (R10),3
Medium,SSP1,GDP|MER,North America (R10),3
Medium,SSP1,GDP|MER,Other (R10),1
Medium,SSP1,GDP|MER,Pacific OECD (R10),3
Medium,SSP1,GDP|MER,Reforming Economies (R10),3
Medium,SSP1,GDP|MER,Rest of Asia (R10),3
Medium,SSP1,GDP|MER,World,3
Medium,SSP1,Population,Africa (R10),3
Medium,SSP1,Population,China+ (R10),3
Medium,SSP1,Population,Europe (R10),3
Medium,SSP1,Population,India+ (R10),3
Medium,SSP1,Population,Latin America (R10),3
Medium,SSP1,Population,Middle East (R10),3
Medium,SSP1,Population,North America (R10),3
Medium,SSP1,Population,Other (R10),1
Medium,SSP1,Population,Pacific OECD (R10),3
Medium,SSP1,Population,Reforming Economies (R10),3
Medium,SSP1,Population,Rest of Asia (R10),3
Medium,SSP1,Population,World,3
Medium,SSP1,Primary Energy,Africa (R10),3
Medium,SSP1,Primary Energy,China+ (R10),3
Medium,SSP1,Primary Energy,Europe (R10),3
Medium,SSP1,Primary Energy,India+ (R10),3
Medium,SSP1,Primary Energy,Latin America (R10),3
Medium,SSP1,Primary Energy,Middle East (R10),3
Medium,SSP1,Primary Energy,North America (R10),3
Medium,SSP1,Primary Energy,Other (R10),1
Medium,SSP1,Primary Energy,Pacific OECD (R10),3
Medium,SSP1,Primary Energy,Reforming Economies (R10),3
Medium,SSP1,Primary Energy,Rest of Asia (R10),3
Medium,SSP1,Primary Energy,World,3
Medium,SSP1,Primary Energy|Biomass,Africa (R10),3
Medium,SSP1,Primary Energy|Biomass,China+ (R10),3
Medium,SSP1,Primary Energy|Biomass,Europe (R10),3
Medium,SSP1,Primary Energy|Biomass,India+ (R10),3
Medium,SSP1,Primary Energy|Biomass,Latin America (R10),3
Medium,SSP1,Primary Energy|Biomass,Middle East (R10),3
Medium,SSP1,Primary Energy|Biomass,North America (R10),3
Medium,SSP1,Primary Energy|Biomass,Other (R10),1
Medium,SSP1,Primary Energy|Biomass,Pacific OECD (R10),3
Medium,SSP1,Primary Energy|Biomass,Reforming Economies (R10),3
Medium,SSP1,Primary Energy|Biomass,Rest of Asia (R10),3
Medium,SSP1,Primary Energy|Biomass,World,3
Medium,SSP1,Primary Energy|Coal,Africa (R10),3
Medium,SSP1,Primary Energy|Coal,China+ (R10),3
Medium,SSP1,Primary Energy|Coal,Europe (R10),3
Medium,SSP1,Primary Energy|Coal,India+ (R10),3
Medium,SSP1,Primary Energy|Coal,Latin America (R10),3
Medium,SSP1,Primary Energy|Coal,Middle East (R10),3
Medium,SSP1,Primary Energy|Coal,North America (R10),3
Medium,SSP1,Primary Energy|Coal,Other (R10),1
Medium,SSP1,Primary Energy|Coal,Pacific OECD (R10),3
Medium,SSP1,Primary Energy|Coal,Reforming Economies (R10),3
Medium,SSP1,Primary Energy|Coal,Rest of Asia (R10),3
Medium,SSP1,Primary Energy|Coal,World,3
Medium,SSP1,Primary Energy|Fossil,Africa (R10),3
Medium,SSP1,Primary Energy|Fossil,China+ (R10),3
Medium,SSP1,Primary Energy|Fossil,Europe (R10),3
Medium,SSP1,Primary Energy|Fossil,India+ (R10),3
Medium,SSP1,Primary Energy|Fossil,Latin America (R10),3
Medium,SSP1,Primary Energy|Fossil,Middle East (R10),3
Medium,SSP1,Primary Energy|Fossil,North America (R10),3
Medium,SSP1,Primary Energy|Fossil,Other (R10),1
Medium,SSP1,Primary Energy|Fossil,Pacific OECD (R10),3
Medium,SSP1,Primary Energy|Fossil,Reforming Economies (R10),3
Medium,SSP1,Primary Energy|Fossil,Rest of Asia (R10),3
Medium,SSP1,Primary Energy|Fossil,World,3
Medium,SSP1,Primary Energy|Gas,Africa (R10),3
Medium,SSP1,Primary Energy|Gas,China+ (R10),3
Medium,SSP1,Primary Energy|Gas,Europe (R10),3
Medium,SSP1,Primary Energy|Gas,India+ (R10),3
Medium,SSP1,Primary Energy|Gas,Latin America (R10),3
Medium,SSP1,Primary Energy|Gas,Middle East (R10),3
Medium,SSP1,Primary Energy|Gas,North America (R10),3
Medium,SSP1,Primary Energy|Gas,Other (R10),1
Medium,SSP1,Primary Energy|Gas,Pacific OECD (R10),3
Medium,SSP1,Primary Energy|Gas,Reforming Economies (R10),3
Medium,SSP1,Primary Energy|Gas,Rest of Asia (R10),3
Medium,SSP1,Primary Energy|Gas,World,3
Medium,SSP1,Primary Energy|Geothermal,Africa (R10),2
Medium,SSP1,Primary Energy|Geothermal,China+ (R10),1
Medium,SSP1,Primary Energy|Geothermal,Europe (R10),2
Medium,SSP1,Primary Energy|Geothermal,India+ (R10),1
Medium,SSP1,Primary Energy|Geothermal,Latin America (R10),2
Medium,SSP1,Primary Energy|Geothermal,Middle East (R10),1
Medium,SSP1,Primary Energy|Geothermal,North America (R10),2
Medium,SSP1,Primary Energy|Geothermal,Other (R10),1
Medium,SSP1,Primary Energy|Geothermal,Pacific OECD (R10),2
Medium,SSP1,Primary Energy|Geothermal,Reforming Economies (R10),2
Medium,SSP1,Primary Energy|Geothermal,Rest of Asia (R10),2
Medium,SSP1,Primary Energy|Geothermal,World,2
Medium,SSP1,Primary Energy|Hydro,Africa (R10),3
Medium,SSP1,Primary Energy|Hydro,China+ (R10),3
Medium,SSP1,Primary Energy|Hydro,Europe (R10),3
Medium,SSP1,Primary Energy|Hydro,India+ (R10),3
Medium,SSP1,Primary Energy|Hydro,Latin America (R10),3
Medium,SSP1,Primary Energy|Hydro,Middle East (R10),3
Medium,SSP1,Primary Energy|Hydro,North America (R10),3
Medium,SSP1,Primary Energy|Hydro,Other (R10),1
Medium,SSP1,Primary Energy|Hydro,Pacific OECD (R10),3
Medium,SSP1,Primary Energy|Hydro,Reforming Economies (R10),3
Medium,SSP1,Primary Energy|Hydro,Rest of Asia (R10),3
Medium,SSP1,Primary Energy|Hydro,World,3
Medium,SSP1,Primary Energy|Non-Biomass Renewables,Africa (R10),3
Medium,SSP1,Primary Energy|Non-Biomass Renewables,China+ (R10),3
Medium,SSP1,Primary Energy|Non-Biomass Renewables,Europe (R10),3
Medium,SSP1,Primary Energy|Non-Biomass Renewables,India+ (R10),3
Medium,SSP1,Primary Energy|Non-Biomass Renewables,Latin America (R10),3
Medium,SSP1,Primary Energy|Non-Biomass Renewables,Middle East (R10),3
Medium,SSP1,Primary Energy|Non-Biomass Renewables,North America (R10),3
Medium,SSP1,Primary Energy|Non-Biomass Renewables,Other (R10),1
Medium,SSP1,Primary Energy|Non-Biomass Renewables,Pacific OECD (R10),3
Medium,SSP1,Primary Energy|Non-Biomass Renewables,Reforming Economies (R10),3
Medium,SSP1,Primary Energy|Non-Biomass Renewables,Rest of Asia (R10),3
Medium,SSP1,Primary Energy|Non-Biomass Renewables,World,3
Medium,SSP1,Primary Energy|Nuclear,Africa (R10),3
Medium,SSP1,Primary Energy|Nuclear,China+ (R10),3
Medium,SSP1,Primary Energy|Nuclear,Europe (R10),3
Medium,SSP1,Primary Energy|Nuclear,India+ (R10),3
Medium,SSP1,Primary Energy|Nuclear,Latin America (R10),3
Medium,SSP1,Primary Energy|Nuclear,Middle East (R10),3
Medium,SSP1,Primary Energy|Nuclear,North America (R10),3
Medium,SSP1,Primary Energy|Nuclear,Other (R10),1
Medium,SSP1,Primary Energy|Nuclear,Pacific OECD (R10),3
Medium,SSP1,Primary Energy|Nuclear,Reforming Economies (R10),3
Medium,SSP1,Primary Energy|Nuclear,Rest of Asia (R10),3
Medium,SSP1,Primary Energy|Nuclear,World,3
Medium,SSP1,Primary Energy|Oil,Africa (R10),3
Medium,SSP1,Primary Energy|Oil,China+ (R10),3
Medium,SSP1,Primary Energy|Oil,Europe (R10),3
Medium,SSP1,Primary Energy|Oil,India+ (R10),3
Medium,SSP1,Primary Energy|Oil,Latin America (R10),3
Medium,SSP1,Primary Energy|Oil,Middle East (R10),3
Medium,SSP1,Primary Energy|Oil,North America (R10),3
Medium,SSP1,Primary Energy|Oil,Other (R10),1
Medium,SSP1,Primary Energy|Oil,Pacific OECD (R10),3
Medium,SSP1,Primary Energy|Oil,Reforming Economies (R10),3
Medium,SSP1,Primary Energy|Oil,Rest of Asia (R10),3
Medium,SSP1,Primary Energy|Oil,World,3
Medium,SSP1,Primary Energy|Other,Africa (R10),1
Medium,SSP1,Primary Energy|Other,China+ (R10),1
Medium,SSP1,Primary Energy|Other,Europe (R10),2
Medium,SSP1,Primary Energy|Other,India+ (R10),1
Medium,SSP1,Primary Energy|Other,Latin America (R10),1
Medium,SSP1,Primary Energy|Other,Middle East (R10),1
Medium,SSP1,Primary Energy|Other,North America (R10),2
Medium,SSP1,Primary Energy|Other,Pacific OECD (R10),1
Medium,SSP1,Primary Energy|Other,Reforming Economies (R10),1
Medium,SSP1,Primary Energy|Other,Rest of Asia (R10),1
Medium,SSP1,Primary Energy|Other,World,2
Medium,SSP1,Production|Iron and Steel|Steel,Africa (R10),2
Medium,SSP1,Production|Iron and Steel|Steel,China+ (R10),2
Medium,SSP1,Production|Iron and Steel|Steel,Europe (R10),2
Medium,SSP1,Production|Iron and Steel|Steel,India+ (R10),2
Medium,SSP1,Production|Iron and Steel|Steel,Latin America (R10),2
Medium,SSP1,Production|Iron and Steel|Steel,Middle East (R10),2
Medium,SSP1,Production|Iron and Steel|Steel,North America (R10),2
Medium,SSP1,Production|Iron and Steel|Steel,Other (R10),1
Medium,SSP1,Production|Iron and Steel|Steel,Pacific OECD (R10),2
Medium,SSP1,Production|Iron and Steel|Steel,Reforming Economies (R10),2
Medium,SSP1,Production|Iron and Steel|Steel,Rest of Asia (R10),2
Medium,SSP1,Production|Iron and Steel|Steel,World,2
Medium,SSP1,Production|Non-Metallic Minerals|Cement,Africa (R10),2
Medium,SSP1,Production|Non-Metallic Minerals|Cement,China+ (R10),2
Medium,SSP1,Production|Non-Metallic Minerals|Cement,Europe (R10),2
Medium,SSP1,Production|Non-Metallic Minerals|Cement,India+ (R10),2
Medium,SSP1,Production|Non-Metallic Minerals|Cement,Latin America (R10),2
Medium,SSP1,Production|Non-Metallic Minerals|Cement,Middle East (R10),2
Medium,SSP1,Production|Non-Metallic Minerals|Cement,North America (R10),2
Medium,SSP1,Production|Non-Metallic Minerals|Cement,Other (R10),1
Medium,SSP1,Production|Non-Metallic Minerals|Cement,Pacific OECD (R10),2
Medium,SSP1,Production|Non-Metallic Minerals|Cement,Reforming Economies (R10),2
Medium,SSP1,Production|Non-Metallic Minerals|Cement,Rest of Asia (R10),2
Medium,SSP1,Production|Non-Metallic Minerals|Cement,World,2
Medium,SSP1,Resource|Extraction|Coal,Africa (R10),2
Medium,SSP1,Resource|Extraction|Coal,China+ (R10),2
Medium,SSP1,Resource|Extraction|Coal,Europe (R10),2
Medium,SSP1,Resource|Extraction|Coal,India+ (R10),2
Medium,SSP1,Resource|Extraction|Coal,Latin America (R10),2
Medium,SSP1,Resource|Extraction|Coal,Middle East (R10),2
Medium,SSP1,Resource|Extraction|Coal,North America (R10),2
Medium,SSP1,Resource|Extraction|Coal,Other (R10),1
Medium,SSP1,Resource|Extraction|Coal,Pacific OECD (R10),2
Medium,SSP1,Resource|Extraction|Coal,Reforming Economies (R10),2
Medium,SSP1,Resource|Extraction|Coal,Rest of Asia (R10),2
Medium,SSP1,Resource|Extraction|Coal,World,2
Medium,SSP1,Resource|Extraction|Gas,Africa (R10),2
Medium,SSP1,Resource|Extraction|Gas,China+ (R10),2
Medium,SSP1,Resource|Extraction|Gas,Europe (R10),2
Medium,SSP1,Resource|Extraction|Gas,India+ (R10),2
Medium,SSP1,Resource|Extraction|Gas,Latin America (R10),2
Medium,SSP1,Resource|Extraction|Gas,Middle East (R10),2
Medium,SSP1,Resource|Extraction|Gas,North America (R10),2
Medium,SSP1,Resource|Extraction|Gas,Other (R10),1
Medium,SSP1,Resource|Extraction|Gas,Pacific OECD (R10),2
Medium,SSP1,Resource|Extraction|Gas,Reforming Economies (R10),2
Medium,SSP1,Resource|Extraction|Gas,Rest of Asia (R10),2
Medium,SSP1,Resource|Extraction|Gas,World,2
Medium,SSP1,Resource|Extraction|Oil,Africa (R10),2
Medium,SSP1,Resource|Extraction|Oil,China+ (R10),2
Medium,SSP1,Resource|Extraction|Oil,Europe (R10),2
Medium,SSP1,Resource|Extraction|Oil,India+ (R10),2
Medium,SSP1,Resource|Extraction|Oil,Latin America (R10),2
Medium,SSP1,Resource|Extraction|Oil,Middle East (R10),2
Medium,SSP1,Resource|Extraction|Oil,North America (R10),2
Medium,SSP1,Resource|Extraction|Oil,Other (R10),1
Medium,SSP1,Resource|Extraction|Oil,Pacific OECD (R10),2
Medium,SSP1,Resource|Extraction|Oil,Reforming Economies (R10),2
Medium,SSP1,Resource|Extraction|Oil,Rest of Asia (R10),2
Medium,SSP1,Resource|Extraction|Oil,World,2
Medium,SSP2,Agricultural Demand|Residues,Africa (R10),3
Medium,SSP2,Agricultural Demand|Residues,China+ (R10),3
Medium,SSP2,Agricultural Demand|Residues,Europe (R10),3
Medium,SSP2,Agricultural Demand|Residues,India+ (R10),3
Medium,SSP2,Agricultural Demand|Residues,Latin America (R10),3
Medium,SSP2,Agricultural Demand|Residues,Middle East (R10),3
Medium,SSP2,Agricultural Demand|Residues,North America (R10),3
Medium,SSP2,Agricultural Demand|Residues,Other (R10),1
Medium,SSP2,Agricultural Demand|Residues,Pacific OECD (R10),3
Medium,SSP2,Agricultural Demand|Residues,Reforming Economies (R10),3
Medium,SSP2,Agricultural Demand|Residues,Rest of Asia (R10),3
Medium,SSP2,Agricultural Demand|Residues,World,3
Medium,SSP2,Agricultural Production,Africa (R10),7
Medium,SSP2,Agricultural Production,China+ (R10),7
Medium,SSP2,Agricultural Production,Europe (R10),7
Medium,SSP2,Agricultural Production,India+ (R10),7
Medium,SSP2,Agricultural Production,Latin America (R10),7
Medium,SSP2,Agricultural Production,Middle East (R10),7
Medium,SSP2,Agricultural Production,North America (R10),7
Medium,SSP2,Agricultural Production,Other (R10),1
Medium,SSP2,Agricultural Production,Pacific OECD (R10),7
Medium,SSP2,Agricultural Production,Reforming Economies (R10),7
Medium,SSP2,Agricultural Production,Rest of Asia (R10),7
Medium,SSP2,Agricultural Production,World,7
Medium,SSP2,Agricultural Production|Crops,Africa (R10),7
Medium,SSP2,Agricultural Production|Crops,China+ (R10),7
Medium,SSP2,Agricultural Production|Crops,Europe (R10),7
Medium,SSP2,Agricultural Production|Crops,India+ (R10),7
Medium,SSP2,Agricultural Production|Crops,Latin America (R10),7
Medium,SSP2,Agricultural Production|Crops,Middle East (R10),7
Medium,SSP2,Agricultural Production|Crops,North America (R10),7
Medium,SSP2,Agricultural Production|Crops,Other (R10),1
Medium,SSP2,Agricultural Production|Crops,Pacific OECD (R10),7
Medium,SSP2,Agricultural Production|Crops,Reforming Economies (R10),7
Medium,SSP2,Agricultural Production|Crops,Rest of Asia (R10),7
Medium,SSP2,Agricultural Production|Crops,World,7
Medium,SSP2,Agricultural Production|Livestock,Africa (R10),7
Medium,SSP2,Agricultural Production|Livestock,China+ (R10),7
Medium,SSP2,Agricultural Production|Livestock,Europe (R10),7
Medium,SSP2,Agricultural Production|Livestock,India+ (R10),7
Medium,SSP2,Agricultural Production|Livestock,Latin America (R10),7
Medium,SSP2,Agricultural Production|Livestock,Middle East (R10),7
Medium,SSP2,Agricultural Production|Livestock,North America (R10),7
Medium,SSP2,Agricultural Production|Livestock,Other (R10),1
Medium,SSP2,Agricultural Production|Livestock,Pacific OECD (R10),7
Medium,SSP2,Agricultural Production|Livestock,Reforming Economies (R10),7
Medium,SSP2,Agricultural Production|Livestock,Rest of Asia (R10),7
Medium,SSP2,Agricultural Production|Livestock,World,7
Medium,SSP2,Building Stock|Commercial|Floor Space|Gross,Africa (R10),1
Medium,SSP2,Building Stock|Commercial|Floor Space|Gross,China+ (R10),1
Medium,SSP2,Building Stock|Commercial|Floor Space|Gross,Europe (R10),1
Medium,SSP2,Building Stock|Commercial|Floor Space|Gross,India+ (R10),1
Medium,SSP2,Building Stock|Commercial|Floor Space|Gross,Latin America (R10),1
Medium,SSP2,Building Stock|Commercial|Floor Space|Gross,Middle East (R10),1
Medium,SSP2,Building Stock|Commercial|Floor Space|Gross,North America (R10),1
Medium,SSP2,Building Stock|Commercial|Floor Space|Gross,Pacific OECD (R10),1
Medium,SSP2,Building Stock|Commercial|Floor Space|Gross,Reforming Economies (R10),1
Medium,SSP2,Building Stock|Commercial|Floor Space|Gross,Rest of Asia (R10),1
Medium,SSP2,Building Stock|Commercial|Floor Space|Gross,World,1
Medium,SSP2,Building Stock|Residential and Commercial|Floor Space|Gross,Africa (R10),2
Medium,SSP2,Building Stock|Residential and Commercial|Floor Space|Gross,China+ (R10),2
Medium,SSP2,Building Stock|Residential and Commercial|Floor Space|Gross,Europe (R10),2
Medium,SSP2,Building Stock|Residential and Commercial|Floor Space|Gross,India+ (R10),2
Medium,SSP2,Building Stock|Residential and Commercial|Floor Space|Gross,Latin America (R10),2
Medium,SSP2,Building Stock|Residential and Commercial|Floor Space|Gross,Middle East (R10),2
Medium,SSP2,Building Stock|Residential and Commercial|Floor Space|Gross,North America (R10),2
Medium,SSP2,Building Stock|Residential and Commercial|Floor Space|Gross,Other (R10),1
Medium,SSP2,Building Stock|Residential and Commercial|Floor Space|Gross,Pacific OECD (R10),2
Medium,SSP2,Building Stock|Residential and Commercial|Floor Space|Gross,Reforming Economies (R10),2
Medium,SSP2,Building Stock|Residential and Commercial|Floor Space|Gross,Rest of Asia (R10),2
Medium,SSP2,Building Stock|Residential and Commercial|Floor Space|Gross,World,2
Medium,SSP2,Building Stock|Residential|Floor Space|Gross,Africa (R10),1
Medium,SSP2,Building Stock|Residential|Floor Space|Gross,China+ (R10),1
Medium,SSP2,Building Stock|Residential|Floor Space|Gross,Europe (R10),1
Medium,SSP2,Building Stock|Residential|Floor Space|Gross,India+ (R10),1
Medium,SSP2,Building Stock|Residential|Floor Space|Gross,Latin America (R10),1
Medium,SSP2,Building Stock|Residential|Floor Space|Gross,Middle East (R10),1
Medium,SSP2,Building Stock|Residential|Floor Space|Gross,North America (R10),1
Medium,SSP2,Building Stock|Residential|Floor Space|Gross,Pacific OECD (R10),1
Medium,SSP2,Building Stock|Residential|Floor Space|Gross,Reforming Economies (R10),1
Medium,SSP2,Building Stock|Residential|Floor Space|Gross,Rest of Asia (R10),1
Medium,SSP2,Building Stock|Residential|Floor Space|Gross,World,1
Medium,SSP2,Capacity|Electricity|Biomass,Africa (R10),6
Medium,SSP2,Capacity|Electricity|Biomass,China+ (R10),6
Medium,SSP2,Capacity|Electricity|Biomass,Europe (R10),6
Medium,SSP2,Capacity|Electricity|Biomass,India+ (R10),6
Medium,SSP2,Capacity|Electricity|Biomass,Latin America (R10),6
Medium,SSP2,Capacity|Electricity|Biomass,Middle East (R10),6
Medium,SSP2,Capacity|Electricity|Biomass,North America (R10),6
Medium,SSP2,Capacity|Electricity|Biomass,Other (R10),1
Medium,SSP2,Capacity|Electricity|Biomass,Pacific OECD (R10),6
Medium,SSP2,Capacity|Electricity|Biomass,Reforming Economies (R10),6
Medium,SSP2,Capacity|Electricity|Biomass,Rest of Asia (R10),6
Medium,SSP2,Capacity|Electricity|Biomass,World,6
Medium,SSP2,Capacity|Electricity|Coal,Africa (R10),6
Medium,SSP2,Capacity|Electricity|Coal,China+ (R10),6
Medium,SSP2,Capacity|Electricity|Coal,Europe (R10),6
Medium,SSP2,Capacity|Electricity|Coal,India+ (R10),6
Medium,SSP2,Capacity|Electricity|Coal,Latin America (R10),6
Medium,SSP2,Capacity|Electricity|Coal,Middle East (R10),6
Medium,SSP2,Capacity|Electricity|Coal,North America (R10),6
Medium,SSP2,Capacity|Electricity|Coal,Other (R10),1
Medium,SSP2,Capacity|Electricity|Coal,Pacific OECD (R10),6
Medium,SSP2,Capacity|Electricity|Coal,Reforming Economies (R10),6
Medium,SSP2,Capacity|Electricity|Coal,Rest of Asia (R10),6
Medium,SSP2,Capacity|Electricity|Coal,World,6
Medium,SSP2,Capacity|Electricity|Fossil,Africa (R10),4
Medium,SSP2,Capacity|Electricity|Fossil,China+ (R10),4
Medium,SSP2,Capacity|Electricity|Fossil,Europe (R10),4
Medium,SSP2,Capacity|Electricity|Fossil,India+ (R10),4
Medium,SSP2,Capacity|Electricity|Fossil,Latin America (R10),4
Medium,SSP2,Capacity|Electricity|Fossil,Middle East (R10),4
Medium,SSP2,Capacity|Electricity|Fossil,North America (R10),4
Medium,SSP2,Capacity|Electricity|Fossil,Pacific OECD (R10),4
Medium,SSP2,Capacity|Electricity|Fossil,Reforming Economies (R10),4
Medium,SSP2,Capacity|Electricity|Fossil,Rest of Asia (R10),4
Medium,SSP2,Capacity|Electricity|Fossil,World,4
Medium,SSP2,Capacity|Electricity|Gas,Africa (R10),6
Medium,SSP2,Capacity|Electricity|Gas,China+ (R10),6
Medium,SSP2,Capacity|Electricity|Gas,Europe (R10),6
Medium,SSP2,Capacity|Electricity|Gas,India+ (R10),6
Medium,SSP2,Capacity|Electricity|Gas,Latin America (R10),6
Medium,SSP2,Capacity|Electricity|Gas,Middle East (R10),6
Medium,SSP2,Capacity|Electricity|Gas,North America (R10),6
Medium,SSP2,Capacity|Electricity|Gas,Other (R10),1
Medium,SSP2,Capacity|Electricity|Gas,Pacific OECD (R10),6
Medium,SSP2,Capacity|Electricity|Gas,Reforming Economies (R10),6
Medium,SSP2,Capacity|Electricity|Gas,Rest of Asia (R10),6
Medium,SSP2,Capacity|Electricity|Gas,World,6
Medium,SSP2,Capacity|Electricity|Geothermal,Africa (R10),5
Medium,SSP2,Capacity|Electricity|Geothermal,China+ (R10),4
Medium,SSP2,Capacity|Electricity|Geothermal,Europe (R10),5
Medium,SSP2,Capacity|Electricity|Geothermal,India+ (R10),4
Medium,SSP2,Capacity|Electricity|Geothermal,Latin America (R10),5
Medium,SSP2,Capacity|Electricity|Geothermal,Middle East (R10),4
Medium,SSP2,Capacity|Electricity|Geothermal,North America (R10),5
Medium,SSP2,Capacity|Electricity|Geothermal,Other (R10),1
Medium,SSP2,Capacity|Electricity|Geothermal,Pacific OECD (R10),5
Medium,SSP2,Capacity|Electricity|Geothermal,Reforming Economies (R10),5
Medium,SSP2,Capacity|Electricity|Geothermal,Rest of Asia (R10),5
Medium,SSP2,Capacity|Electricity|Geothermal,World,5
Medium,SSP2,Capacity|Electricity|Hydro,Africa (R10),6
Medium,SSP2,Capacity|Electricity|Hydro,China+ (R10),6
Medium,SSP2,Capacity|Electricity|Hydro,Europe (R10),6
Medium,SSP2,Capacity|Electricity|Hydro,India+ (R10),6
Medium,SSP2,Capacity|Electricity|Hydro,Latin America (R10),6
Medium,SSP2,Capacity|Electricity|Hydro,Middle East (R10),6
Medium,SSP2,Capacity|Electricity|Hydro,North America (R10),6
Medium,SSP2,Capacity|Electricity|Hydro,Other (R10),1
Medium,SSP2,Capacity|Electricity|Hydro,Pacific OECD (R10),6
Medium,SSP2,Capacity|Electricity|Hydro,Reforming Economies (R10),6
Medium,SSP2,Capacity|Electricity|Hydro,Rest of Asia (R10),6
Medium,SSP2,Capacity|Electricity|Hydro,World,6
Medium,SSP2,Capacity|Electricity|Hydrogen,Africa (R10),2
Medium,SSP2,Capacity|Electricity|Hydrogen,China+ (R10),2
Medium,SSP2,Capacity|Electricity|Hydrogen,Europe (R10),2
Medium,SSP2,Capacity|Electricity|Hydrogen,India+ (R10),2
Medium,SSP2,Capacity|Electricity|Hydrogen,Latin America (R10),2
Medium,SSP2,Capacity|Electricity|Hydrogen,Middle East (R10),2
Medium,SSP2,Capacity|Electricity|Hydrogen,North America (R10),2
Medium,SSP2,Capacity|Electricity|Hydrogen,Other (R10),1
Medium,SSP2,Capacity|Electricity|Hydrogen,Pacific OECD (R10),2
Medium,SSP2,Capacity|Electricity|Hydrogen,Reforming Economies (R10),2
Medium,SSP2,Capacity|Electricity|Hydrogen,Rest of Asia (R10),2
Medium,SSP2,Capacity|Electricity|Hydrogen,World,2
Medium,SSP2,Capacity|Electricity|Nuclear,Africa (R10),6
Medium,SSP2,Capacity|Electricity|Nuclear,China+ (R10),6
Medium,SSP2,Capacity|Electricity|Nuclear,Europe (R10),6
Medium,SSP2,Capacity|Electricity|Nuclear,India+ (R10),6
Medium,SSP2,Capacity|Electricity|Nuclear,Latin America (R10),6
Medium,SSP2,Capacity|Electricity|Nuclear,Middle East (R10),6
Medium,SSP2,Capacity|Electricity|Nuclear,North America (R10),6
Medium,SSP2,Capacity|Electricity|Nuclear,Other (R10),1
Medium,SSP2,Capacity|Electricity|Nuclear,Pacific OECD (R10),6
Medium,SSP2,Capacity|Electricity|Nuclear,Reforming Economies (R10),6
Medium,SSP2,Capacity|Electricity|Nuclear,Rest of Asia (R10),6
Medium,SSP2,Capacity|Electricity|Nuclear,World,6
Medium,SSP2,Capacity|Electricity|Oil,Africa (R10),6
Medium,SSP2,Capacity|Electricity|Oil,China+ (R10),6
Medium,SSP2,Capacity|Electricity|Oil,Europe (R10),6
Medium,SSP2,Capacity|Electricity|Oil,India+ (R10),6
Medium,SSP2,Capacity|Electricity|Oil,Latin America (R10),6
Medium,SSP2,Capacity|Electricity|Oil,Middle East (R10),6
Medium,SSP2,Capacity|Electricity|Oil,North America (R10),6
Medium,SSP2,Capacity|Electricity|Oil,Other (R10),1
Medium,SSP2,Capacity|Electricity|Oil,Pacific OECD (R10),6
Medium,SSP2,Capacity|Electricity|Oil,Reforming Economies (R10),6
Medium,SSP2,Capacity|Electricity|Oil,Rest of Asia (R10),6
Medium,SSP2,Capacity|Electricity|Oil,World,6
Medium,SSP2,Capacity|Electricity|Other,Africa (R10),2
Medium,SSP2,Capacity|Electricity|Other,China+ (R10),2
Medium,SSP2,Capacity|Electricity|Other,Europe (R10),3
Medium,SSP2,Capacity|Electricity|Other,India+ (R10),2
Medium,SSP2,Capacity|Electricity|Other,Latin America (R10),2
Medium,SSP2,Capacity|Electricity|Other,Middle East (R10),2
Medium,SSP2,Capacity|Electricity|Other,North America (R10),3
Medium,SSP2,Capacity|Electricity|Other,Pacific OECD (R10),2
Medium,SSP2,Capacity|Electricity|Other,Reforming Economies (R10),2
Medium,SSP2,Capacity|Electricity|Other,Rest of Asia (R10),2
Medium,SSP2,Capacity|Electricity|Other,World,3
Medium,SSP2,Capacity|Electricity|Solar|CSP,Africa (R10),5
Medium,SSP2,Capacity|Electricity|Solar|CSP,China+ (R10),5
Medium,SSP2,Capacity|Electricity|Solar|CSP,Europe (R10),5
Medium,SSP2,Capacity|Electricity|Solar|CSP,India+ (R10),5
Medium,SSP2,Capacity|Electricity|Solar|CSP,Latin America (R10),5
Medium,SSP2,Capacity|Electricity|Solar|CSP,Middle East (R10),5
Medium,SSP2,Capacity|Electricity|Solar|CSP,North America (R10),5
Medium,SSP2,Capacity|Electricity|Solar|CSP,Other (R10),1
Medium,SSP2,Capacity|Electricity|Solar|CSP,Pacific OECD (R10),5
Medium,SSP2,Capacity|Electricity|Solar|CSP,Reforming Economies (R10),5
Medium,SSP2,Capacity|Electricity|Solar|CSP,Rest of Asia (R10),5
Medium,SSP2,Capacity|Electricity|Solar|CSP,World,5
Medium,SSP2,Capacity|Electricity|Solar|PV,Africa (R10),6
Medium,SSP2,Capacity|Electricity|Solar|PV,China+ (R10),6
Medium,SSP2,Capacity|Electricity|Solar|PV,Europe (R10),6
Medium,SSP2,Capacity|Electricity|Solar|PV,India+ (R10),6
Medium,SSP2,Capacity|Electricity|Solar|PV,Latin America (R10),6
Medium,SSP2,Capacity|Electricity|Solar|PV,Middle East (R10),6
Medium,SSP2,Capacity|Electricity|Solar|PV,North America (R10),6
Medium,SSP2,Capacity|Electricity|Solar|PV,Other (R10),1
Medium,SSP2,Capacity|Electricity|Solar|PV,Pacific OECD (R10),6
Medium,SSP2,Capacity|Electricity|Solar|PV,Reforming Economies (R10),6
Medium,SSP2,Capacity|Electricity|Solar|PV,Rest of Asia (R10),6
Medium,SSP2,Capacity|Electricity|Solar|PV,World,6
Medium,SSP2,Capacity|Electricity|Wind|Offshore,Africa (R10),5
Medium,SSP2,Capacity|Electricity|Wind|Offshore,China+ (R10),5
Medium,SSP2,Capacity|Electricity|Wind|Offshore,Europe (R10),5
Medium,SSP2,Capacity|Electricity|Wind|Offshore,India+ (R10),5
Medium,SSP2,Capacity|Electricity|Wind|Offshore,Latin America (R10),5
Medium,SSP2,Capacity|Electricity|Wind|Offshore,Middle East (R10),5
Medium,SSP2,Capacity|Electricity|Wind|Offshore,North America (R10),5
Medium,SSP2,Capacity|Electricity|Wind|Offshore,Other (R10),1
Medium,SSP2,Capacity|Electricity|Wind|Offshore,Pacific OECD (R10),5
Medium,SSP2,Capacity|Electricity|Wind|Offshore,Reforming Economies (R10),5
Medium,SSP2,Capacity|Electricity|Wind|Offshore,Rest of Asia (R10),5
Medium,SSP2,Capacity|Electricity|Wind|Offshore,World,5
Medium,SSP2,Capacity|Electricity|Wind|Onshore,Africa (R10),6
Medium,SSP2,Capacity|Electricity|Wind|Onshore,China+ (R10),6
Medium,SSP2,Capacity|Electricity|Wind|Onshore,Europe (R10),6
Medium,SSP2,Capacity|Electricity|Wind|Onshore,India+ (R10),6
Medium,SSP2,Capacity|Electricity|Wind|Onshore,Latin America (R10),6
Medium,SSP2,Capacity|Electricity|Wind|Onshore,Middle East (R10),6
Medium,SSP2,Capacity|Electricity|Wind|Onshore,North America (R10),6
Medium,SSP2,Capacity|Electricity|Wind|Onshore,Other (R10),1
Medium,SSP2,Capacity|Electricity|Wind|Onshore,Pacific OECD (R10),6
Medium,SSP2,Capacity|Electricity|Wind|Onshore,Reforming Economies (R10),6
Medium,SSP2,Capacity|Electricity|Wind|Onshore,Rest of Asia (R10),6
Medium,SSP2,Capacity|Electricity|Wind|Onshore,World,6
Medium,SSP2,Food Intake|Crops [per capita],Africa (R10),5
Medium,SSP2,Food Intake|Crops [per capita],China+ (R10),5
Medium,SSP2,Food Intake|Crops [per capita],Europe (R10),5
Medium,SSP2,Food Intake|Crops [per capita],India+ (R10),5
Medium,SSP2,Food Intake|Crops [per capita],Latin America (R10),5
Medium,SSP2,Food Intake|Crops [per capita],Middle East (R10),5
Medium,SSP2,Food Intake|Crops [per capita],North America (R10),5
Medium,SSP2,Food Intake|Crops [per capita],Other (R10),1
Medium,SSP2,Food Intake|Crops [per capita],Pacific OECD (R10),5
Medium,SSP2,Food Intake|Crops [per capita],Reforming Economies (R10),5
Medium,SSP2,Food Intake|Crops [per capita],Rest of Asia (R10),5
Medium,SSP2,Food Intake|Crops [per capita],World,5
Medium,SSP2,Food Intake|Livestock [per capita],Africa (R10),5
Medium,SSP2,Food Intake|Livestock [per capita],China+ (R10),5
Medium,SSP2,Food Intake|Livestock [per capita],Europe (R10),5
Medium,SSP2,Food Intake|Livestock [per capita],India+ (R10),5
Medium,SSP2,Food Intake|Livestock [per capita],Latin America (R10),5
Medium,SSP2,Food Intake|Livestock [per capita],Middle East (R10),5
Medium,SSP2,Food Intake|Livestock [per capita],North America (R10),5
Medium,SSP2,Food Intake|Livestock [per capita],Other (R10),1
Medium,SSP2,Food Intake|Livestock [per capita],Pacific OECD (R10),5
Medium,SSP2,Food Intake|Livestock [per capita],Reforming Economies (R10),5
Medium,SSP2,Food Intake|Livestock [per capita],Rest of Asia (R10),5
Medium,SSP2,Food Intake|Livestock [per capita],World,5
Medium,SSP2,Food Waste [per capita],Africa (R10),4
Medium,SSP2,Food Waste [per capita],China+ (R10),4
Medium,SSP2,Food Waste [per capita],Europe (R10),4
Medium,SSP2,Food Waste [per capita],India+ (R10),4
Medium,SSP2,Food Waste [per capita],Latin America (R10),4
Medium,SSP2,Food Waste [per capita],Middle East (R10),4
Medium,SSP2,Food Waste [per capita],North America (R10),4
Medium,SSP2,Food Waste [per capita],Other (R10),1
Medium,SSP2,Food Waste [per capita],Pacific OECD (R10),4
Medium,SSP2,Food Waste [per capita],Reforming Economies (R10),4
Medium,SSP2,Food Waste [per capita],Rest of Asia (R10),4
Medium,SSP2,Food Waste [per capita],World,4
Medium,SSP2,Forestry Production|Roundwood,Africa (R10),6
Medium,SSP2,Forestry Production|Roundwood,China+ (R10),6
Medium,SSP2,Forestry Production|Roundwood,Europe (R10),6
Medium,SSP2,Forestry Production|Roundwood,India+ (R10),6
Medium,SSP2,Forestry Production|Roundwood,Latin America (R10),6
Medium,SSP2,Forestry Production|Roundwood,Middle East (R10),6
Medium,SSP2,Forestry Production|Roundwood,North America (R10),6
Medium,SSP2,Forestry Production|Roundwood,Other (R10),1
Medium,SSP2,Forestry Production|Roundwood,Pacific OECD (R10),6
Medium,SSP2,Forestry Production|Roundwood,Reforming Economies (R10),6
Medium,SSP2,Forestry Production|Roundwood,Rest of Asia (R10),6
Medium,SSP2,Forestry Production|Roundwood,World,6
Medium,SSP2,GDP|MER,Africa (R10),6
Medium,SSP2,GDP|MER,China+ (R10),6
Medium,SSP2,GDP|MER,Europe (R10),6
Medium,SSP2,GDP|MER,India+ (R10),6
Medium,SSP2,GDP|MER,Latin America (R10),6
Medium,SSP2,GDP|MER,Middle East (R10),6
Medium,SSP2,GDP|MER,North America (R10),6
Medium,SSP2,GDP|MER,Other (R10),1
Medium,SSP2,GDP|MER,Pacific OECD (R10),6
Medium,SSP2,GDP|MER,Reforming Economies (R10),6
Medium,SSP2,GDP|MER,Rest of Asia (R10),6
Medium,SSP2,GDP|MER,World,6
Medium,SSP2,Population,Africa (R10),7
Medium,SSP2,Population,China+ (R10),7
Medium,SSP2,Population,Europe (R10),7
Medium,SSP2,Population,India+ (R10),7
Medium,SSP2,Population,Latin America (R10),7
Medium,SSP2,Population,Middle East (R10),7
Medium,SSP2,Population,North America (R10),7
Medium,SSP2,Population,Other (R10),1
Medium,SSP2,Population,Pacific OECD (R10),7
Medium,SSP2,Population,Reforming Economies (R10),7
Medium,SSP2,Population,Rest of Asia (R10),7
Medium,SSP2,Population,World,7
Medium,SSP2,Primary Energy,Africa (R10),7
Medium,SSP2,Primary Energy,China+ (R10),7
Medium,SSP2,Primary Energy,Europe (R10),7
Medium,SSP2,Primary Energy,India+ (R10),7
Medium,SSP2,Primary Energy,Latin America (R10),7
Medium,SSP2,Primary Energy,Middle East (R10),7
Medium,SSP2,Primary Energy,North America (R10),7
Medium,SSP2,Primary Energy,Other (R10),1
Medium,SSP2,Primary Energy,Pacific OECD (R10),7
Medium,SSP2,Primary Energy,Reforming Economies (R10),7
Medium,SSP2,Primary Energy,Rest of Asia (R10),7
Medium,SSP2,Primary Energy,World,7
Medium,SSP2,Primary Energy|Biomass,Africa (R10),7
Medium,SSP2,Primary Energy|Biomass,China+ (R10),7
Medium,SSP2,Primary Energy|Biomass,Europe (R10),7
Medium,SSP2,Primary Energy|Biomass,India+ (R10),7
Medium,SSP2,Primary Energy|Biomass,Latin America (R10),7
Medium,SSP2,Primary Energy|Biomass,Middle East (R10),7
Medium,SSP2,Primary Energy|Biomass,North America (R10),7
Medium,SSP2,Primary Energy|Biomass,Other (R10),1
Medium,SSP2,Primary Energy|Biomass,Pacific OECD (R10),7
Medium,SSP2,Primary Energy|Biomass,Reforming Economies (R10),7
Medium,SSP2,Primary Energy|Biomass,Rest of Asia (R10),7
Medium,SSP2,Primary Energy|Biomass,World,7
Medium,SSP2,Primary Energy|Coal,Africa (R10),7
Medium,SSP2,Primary Energy|Coal,China+ (R10),7
Medium,SSP2,Primary Energy|Coal,Europe (R10),7
Medium,SSP2,Primary Energy|Coal,India+ (R10),7
Medium,SSP2,Primary Energy|Coal,Latin America (R10),7
Medium,SSP2,Primary Energy|Coal,Middle East (R10),7
Medium,SSP2,Primary Energy|Coal,North America (R10),7
Medium,SSP2,Primary Energy|Coal,Other (R10),1
Medium,SSP2,Primary Energy|Coal,Pacific OECD (R10),7
Medium,SSP2,Primary Energy|Coal,Reforming Economies (R10),7
Medium,SSP2,Primary Energy|Coal,Rest of Asia (R10),7
Medium,SSP2,Primary Energy|Coal,World,7
Medium,SSP2,Primary Energy|Fossil,Africa (R10),7
Medium,SSP2,Primary Energy|Fossil,China+ (R10),7
Medium,SSP2,Primary Energy|Fossil,Europe (R10),7
Medium,SSP2,Primary Energy|Fossil,India+ (R10),7
Medium,SSP2,Primary Energy|Fossil,Latin America (R10),7
Medium,SSP2,Primary Energy|Fossil,Middle East (R10),7
Medium,SSP2,Primary Energy|Fossil,North America (R10),7
Medium,SSP2,Primary Energy|Fossil,Other (R10),1
Medium,SSP2,Primary Energy|Fossil,Pacific OECD (R10),7
Medium,SSP2,Primary Energy|Fossil,Reforming Economies (R10),7
Medium,SSP2,Primary Energy|Fossil,Rest of Asia (R10),7
Medium,SSP2,Primary Energy|Fossil,World,7
Medium,SSP2,Primary Energy|Gas,Africa (R10),7
Medium,SSP2,Primary Energy|Gas,China+ (R10),7
Medium,SSP2,Primary Energy|Gas,Europe (R10),7
Medium,SSP2,Primary Energy|Gas,India+ (R10),7
Medium,SSP2,Primary Energy|Gas,Latin America (R10),7
Medium,SSP2,Primary Energy|Gas,Middle East (R10),7
Medium,SSP2,Primary Energy|Gas,North America (R10),7
Medium,SSP2,Primary Energy|Gas,Other (R10),1
Medium,SSP2,Primary Energy|Gas,Pacific OECD (R10),7
Medium,SSP2,Primary Energy|Gas,Reforming Economies (R10),7
Medium,SSP2,Primary Energy|Gas,Rest of Asia (R10),7
Medium,SSP2,Primary Energy|Gas,World,7
Medium,SSP2,Primary Energy|Geothermal,Africa (R10),5
Medium,SSP2,Primary Energy|Geothermal,China+ (R10),4
Medium,SSP2,Primary Energy|Geothermal,Europe (R10),5
Medium,SSP2,Primary Energy|Geothermal,India+ (R10),4
Medium,SSP2,Primary Energy|Geothermal,Latin America (R10),5
Medium,SSP2,Primary Energy|Geothermal,Middle East (R10),4
Medium,SSP2,Primary Energy|Geothermal,North America (R10),5
Medium,SSP2,Primary Energy|Geothermal,Other (R10),1
Medium,SSP2,Primary Energy|Geothermal,Pacific OECD (R10),5
Medium,SSP2,Primary Energy|Geothermal,Reforming Economies (R10),5
Medium,SSP2,Primary Energy|Geothermal,Rest of Asia (R10),5
Medium,SSP2,Primary Energy|Geothermal,World,5
Medium,SSP2,Primary Energy|Hydro,Africa (R10),7
Medium,SSP2,Primary Energy|Hydro,China+ (R10),7
Medium,SSP2,Primary Energy|Hydro,Europe (R10),7
Medium,SSP2,Primary Energy|Hydro,India+ (R10),7
Medium,SSP2,Primary Energy|Hydro,Latin America (R10),7
Medium,SSP2,Primary Energy|Hydro,Middle East (R10),7
Medium,SSP2,Primary Energy|Hydro,North America (R10),7
Medium,SSP2,Primary Energy|Hydro,Other (R10),1
Medium,SSP2,Primary Energy|Hydro,Pacific OECD (R10),7
Medium,SSP2,Primary Energy|Hydro,Reforming Economies (R10),7
Medium,SSP2,Primary Energy|Hydro,Rest of Asia (R10),7
Medium,SSP2,Primary Energy|Hydro,World,7
Medium,SSP2,Primary Energy|Non-Biomass Renewables,Africa (R10),7
Medium,SSP2,Primary Energy|Non-Biomass Renewables,China+ (R10),7
Medium,SSP2,Primary Energy|Non-Biomass Renewables,Europe (R10),7
Medium,SSP2,Primary Energy|Non-Biomass Renewables,India+ (R10),7
Medium,SSP2,Primary Energy|Non-Biomass Renewables,Latin America (R10),7
Medium,SSP2,Primary Energy|Non-Biomass Renewables,Middle East (R10),7
Medium,SSP2,Primary Energy|Non-Biomass Renewables,North America (R10),7
Medium,SSP2,Primary Energy|Non-Biomass Renewables,Other (R10),1
Medium,SSP2,Primary Energy|Non-Biomass Renewables,Pacific OECD (R10),7
Medium,SSP2,Primary Energy|Non-Biomass Renewables,Reforming Economies (R10),7
Medium,SSP2,Primary Energy|Non-Biomass Renewables,Rest of Asia (R10),7
Medium,SSP2,Primary Energy|Non-Biomass Renewables,World,7
Medium,SSP2,Primary Energy|Nuclear,Africa (R10),7
Medium,SSP2,Primary Energy|Nuclear,China+ (R10),7
Medium,SSP2,Primary Energy|Nuclear,Europe (R10),7
Medium,SSP2,Primary Energy|Nuclear,India+ (R10),7
Medium,SSP2,Primary Energy|Nuclear,Latin America (R10),7
Medium,SSP2,Primary Energy|Nuclear,Middle East (R10),7
Medium,SSP2,Primary Energy|Nuclear,North America (R10),7
Medium,SSP2,Primary Energy|Nuclear,Other (R10),1
Medium,SSP2,Primary Energy|Nuclear,Pacific OECD (R10),7
Medium,SSP2,Primary Energy|Nuclear,Reforming Economies (R10),7
Medium,SSP2,Primary Energy|Nuclear,Rest of Asia (R10),7
Medium,SSP2,Primary Energy|Nuclear,World,7
Medium,SSP2,Primary Energy|Ocean,Africa (R10),1
Medium,SSP2,Primary Energy|Ocean,China+ (R10),1
Medium,SSP2,Primary Energy|Ocean,Europe (R10),1
Medium,SSP2,Primary Energy|Ocean,India+ (R10),1
Medium,SSP2,Primary Energy|Ocean,Latin America (R10),1
Medium,SSP2,Primary Energy|Ocean,Middle East (R10),1
Medium,SSP2,Primary Energy|Ocean,North America (R10),1
Medium,SSP2,Primary Energy|Ocean,Pacific OECD (R10),1
Medium,SSP2,Primary Energy|Ocean,Reforming Economies (R10),1
Medium,SSP2,Primary Energy|Ocean,Rest of Asia (R10),1
Medium,SSP2,Primary Energy|Ocean,World,1
Medium,SSP2,Primary Energy|Oil,Africa (R10),7
Medium,SSP2,Primary Energy|Oil,China+ (R10),7
Medium,SSP2,Primary Energy|Oil,Europe (R10),7
Medium,SSP2,Primary Energy|Oil,India+ (R10),7
Medium,SSP2,Primary Energy|Oil,Latin America (R10),7
Medium,SSP2,Primary Energy|Oil,Middle East (R10),7
Medium,SSP2,Primary Energy|Oil,North America (R10),7
Medium,SSP2,Primary Energy|Oil,Other (R10),1
Medium,SSP2,Primary Energy|Oil,Pacific OECD (R10),7
Medium,SSP2,Primary Energy|Oil,Reforming Economies (R10),7
Medium,SSP2,Primary Energy|Oil,Rest of Asia (R10),7
Medium,SSP2,Primary Energy|Oil,World,7
Medium,SSP2,Primary Energy|Other,Africa (R10),3
Medium,SSP2,Primary Energy|Other,China+ (R10),3
Medium,SSP2,Primary Energy|Other,Europe (R10),4
Medium,SSP2,Primary Energy|Other,India+ (R10),3
Medium,SSP2,Primary Energy|Other,Latin America (R10),3
Medium,SSP2,Primary Energy|Other,Middle East (R10),3
Medium,SSP2,Primary Energy|Other,North America (R10),4
Medium,SSP2,Primary Energy|Other,Pacific OECD (R10),3
Medium,SSP2,Primary Energy|Other,Reforming Economies (R10),3
Medium,SSP2,Primary Energy|Other,Rest of Asia (R10),3
Medium,SSP2,Primary Energy|Other,World,4
Medium,SSP2,Production|Iron and Steel|Steel,Africa (R10),4
Medium,SSP2,Production|Iron and Steel|Steel,China+ (R10),4
Medium,SSP2,Production|Iron and Steel|Steel,Europe (R10),4
Medium,SSP2,Production|Iron and Steel|Steel,India+ (R10),4
Medium,SSP2,Production|Iron and Steel|Steel,Latin America (R10),4
Medium,SSP2,Production|Iron and Steel|Steel,Middle East (R10),4
Medium,SSP2,Production|Iron and Steel|Steel,North America (R10),4
Medium,SSP2,Production|Iron and Steel|Steel,Other (R10),1
Medium,SSP2,Production|Iron and Steel|Steel,Pacific OECD (R10),4
Medium,SSP2,Production|Iron and Steel|Steel,Reforming Economies (R10),4
Medium,SSP2,Production|Iron and Steel|Steel,Rest of Asia (R10),4
Medium,SSP2,Production|Iron and Steel|Steel,World,4
Medium,SSP2,Production|Non-Ferrous Metals|Aluminum,Africa (R10),1
Medium,SSP2,Production|Non-Ferrous Metals|Aluminum,China+ (R10),1
Medium,SSP2,Production|Non-Ferrous Metals|Aluminum,Europe (R10),1
Medium,SSP2,Production|Non-Ferrous Metals|Aluminum,India+ (R10),1
Medium,SSP2,Production|Non-Ferrous Metals|Aluminum,Latin America (R10),1
Medium,SSP2,Production|Non-Ferrous Metals|Aluminum,Middle East (R10),1
Medium,SSP2,Production|Non-Ferrous Metals|Aluminum,North America (R10),1
Medium,SSP2,Production|Non-Ferrous Metals|Aluminum,Pacific OECD (R10),1
Medium,SSP2,Production|Non-Ferrous Metals|Aluminum,Reforming Economies (R10),1
Medium,SSP2,Production|Non-Ferrous Metals|Aluminum,Rest of Asia (R10),1
Medium,SSP2,Production|Non-Ferrous Metals|Aluminum,World,1
Medium,SSP2,Production|Non-Metallic Minerals|Cement,Africa (R10),4
Medium,SSP2,Production|Non-Metallic Minerals|Cement,China+ (R10),4
Medium,SSP2,Production|Non-Metallic Minerals|Cement,Europe (R10),4
Medium,SSP2,Production|Non-Metallic Minerals|Cement,India+ (R10),4
Medium,SSP2,Production|Non-Metallic Minerals|Cement,Latin America (R10),4
Medium,SSP2,Production|Non-Metallic Minerals|Cement,Middle East (R10),4
Medium,SSP2,Production|Non-Metallic Minerals|Cement,North America (R10),4
Medium,SSP2,Production|Non-Metallic Minerals|Cement,Other (R10),1
Medium,SSP2,Production|Non-Metallic Minerals|Cement,Pacific OECD (R10),4
Medium,SSP2,Production|Non-Metallic Minerals|Cement,Reforming Economies (R10),4
Medium,SSP2,Production|Non-Metallic Minerals|Cement,Rest of Asia (R10),4
Medium,SSP2,Production|Non-Metallic Minerals|Cement,World,4
Medium,SSP2,Resource|Extraction|Coal,Africa (R10),5
Medium,SSP2,Resource|Extraction|Coal,China+ (R10),5
Medium,SSP2,Resource|Extraction|Coal,Europe (R10),5
Medium,SSP2,Resource|Extraction|Coal,India+ (R10),5
Medium,SSP2,Resource|Extraction|Coal,Latin America (R10),5
Medium,SSP2,Resource|Extraction|Coal,Middle East (R10),5
Medium,SSP2,Resource|Extraction|Coal,North America (R10),5
Medium,SSP2,Resource|Extraction|Coal,Other (R10),1
Medium,SSP2,Resource|Extraction|Coal,Pacific OECD (R10),5
Medium,SSP2,Resource|Extraction|Coal,Reforming Economies (R10),5
Medium,SSP2,Resource|Extraction|Coal,Rest of Asia (R10),5
Medium,SSP2,Resource|Extraction|Coal,World,5
Medium,SSP2,Resource|Extraction|Gas,Africa (R10),5
Medium,SSP2,Resource|Extraction|Gas,China+ (R10),5
Medium,SSP2,Resource|Extraction|Gas,Europe (R10),5
Medium,SSP2,Resource|Extraction|Gas,India+ (R10),5
Medium,SSP2,Resource|Extraction|Gas,Latin America (R10),5
Medium,SSP2,Resource|Extraction|Gas,Middle East (R10),5
Medium,SSP2,Resource|Extraction|Gas,North America (R10),5
Medium,SSP2,Resource|Extraction|Gas,Other (R10),1
Medium,SSP2,Resource|Extraction|Gas,Pacific OECD (R10),5
Medium,SSP2,Resource|Extraction|Gas,Reforming Economies (R10),5
Medium,SSP2,Resource|Extraction|Gas,Rest of Asia (R10),5
Medium,SSP2,Resource|Extraction|Gas,World,5
Medium,SSP2,Resource|Extraction|Oil,Africa (R10),5
Medium,SSP2,Resource|Extraction|Oil,China+ (R10),5
Medium,SSP2,Resource|Extraction|Oil,Europe (R10),5
Medium,SSP2,Resource|Extraction|Oil,India+ (R10),5
Medium,SSP2,Resource|Extraction|Oil,Latin America (R10),5
Medium,SSP2,Resource|Extraction|Oil,Middle East (R10),5
Medium,SSP2,Resource|Extraction|Oil,North America (R10),5
Medium,SSP2,Resource|Extraction|Oil,Other (R10),1
Medium,SSP2,Resource|Extraction|Oil,Pacific OECD (R10),5
Medium,SSP2,Resource|Extraction|Oil,Reforming Economies (R10),5
Medium,SSP2,Resource|Extraction|Oil,Rest of Asia (R10),5
Medium,SSP2,Resource|Extraction|Oil,World,5
Medium,SSP3,Agricultural Demand|Residues,Africa (R10),1
Medium,SSP3,Agricultural Demand|Residues,China+ (R10),1
Medium,SSP3,Agricultural Demand|Residues,Europe (R10),1
Medium,SSP3,Agricultural Demand|Residues,India+ (R10),1
Medium,SSP3,Agricultural Demand|Residues,Latin America (R10),1
Medium,SSP3,Agricultural Demand|Residues,Middle East (R10),1
Medium,SSP3,Agricultural Demand|Residues,North America (R10),1
Medium,SSP3,Agricultural Demand|Residues,Other (R10),1
Medium,SSP3,Agricultural Demand|Residues,Pacific OECD (R10),1
Medium,SSP3,Agricultural Demand|Residues,Reforming Economies (R10),1
Medium,SSP3,Agricultural Demand|Residues,Rest of Asia (R10),1
Medium,SSP3,Agricultural Demand|Residues,World,1
Medium,SSP3,Agricultural Production,Africa (R10),1
Medium,SSP3,Agricultural Production,China+ (R10),1
Medium,SSP3,Agricultural Production,Europe (R10),1
Medium,SSP3,Agricultural Production,India+ (R10),1
Medium,SSP3,Agricultural Production,Latin America (R10),1
Medium,SSP3,Agricultural Production,Middle East (R10),1
Medium,SSP3,Agricultural Production,North America (R10),1
Medium,SSP3,Agricultural Production,Other (R10),1
Medium,SSP3,Agricultural Production,Pacific OECD (R10),1
Medium,SSP3,Agricultural Production,Reforming Economies (R10),1
Medium,SSP3,Agricultural Production,Rest of Asia (R10),1
Medium,SSP3,Agricultural Production,World,1
Medium,SSP3,Agricultural Production|Crops,Africa (R10),1
Medium,SSP3,Agricultural Production|Crops,China+ (R10),1
Medium,SSP3,Agricultural Production|Crops,Europe (R10),1
Medium,SSP3,Agricultural Production|Crops,India+ (R10),1
Medium,SSP3,Agricultural Production|Crops,Latin America (R10),1
Medium,SSP3,Agricultural Production|Crops,Middle East (R10),1
Medium,SSP3,Agricultural Production|Crops,North America (R10),1
Medium,SSP3,Agricultural Production|Crops,Other (R10),1
Medium,SSP3,Agricultural Production|Crops,Pacific OECD (R10),1
Medium,SSP3,Agricultural Production|Crops,Reforming Economies (R10),1
Medium,SSP3,Agricultural Production|Crops,Rest of Asia (R10),1
Medium,SSP3,Agricultural Production|Crops,World,1
Medium,SSP3,Agricultural Production|Livestock,Africa (R10),1
Medium,SSP3,Agricultural Production|Livestock,China+ (R10),1
Medium,SSP3,Agricultural Production|Livestock,Europe (R10),1
Medium,SSP3,Agricultural Production|Livestock,India+ (R10),1
Medium,SSP3,Agricultural Production|Livestock,Latin America (R10),1
Medium,SSP3,Agricultural Production|Livestock,Middle East (R10),1
Medium,SSP3,Agricultural Production|Livestock,North America (R10),1
Medium,SSP3,Agricultural Production|Livestock,Other (R10),1
Medium,SSP3,Agricultural Production|Livestock,Pacific OECD (R10),1
Medium,SSP3,Agricultural Production|Livestock,Reforming Economies (R10),1
Medium,SSP3,Agricultural Production|Livestock,Rest of Asia (R10),1
Medium,SSP3,Agricultural Production|Livestock,World,1
Medium,SSP3,Building Stock|Residential and Commercial|Floor Space|Gross,Africa (R10),1
Medium,SSP3,Building Stock|Residential and Commercial|Floor Space|Gross,China+ (R10),1
Medium,SSP3,Building Stock|Residential and Commercial|Floor Space|Gross,Europe (R10),1
Medium,SSP3,Building Stock|Residential and Commercial|Floor Space|Gross,India+ (R10),1
Medium,SSP3,Building Stock|Residential and Commercial|Floor Space|Gross,Latin America (R10),1
Medium,SSP3,Building Stock|Residential and Commercial|Floor Space|Gross,Middle East (R10),1
Medium,SSP3,Building Stock|Residential and Commercial|Floor Space|Gross,North America (R10),1
Medium,SSP3,Building Stock|Residential and Commercial|Floor Space|Gross,Other (R10),1
Medium,SSP3,Building Stock|Residential and Commercial|Floor Space|Gross,Pacific OECD (R10),1
Medium,SSP3,Building Stock|Residential and Commercial|Floor Space|Gross,Reforming Economies (R10),1
Medium,SSP3,Building Stock|Residential and Commercial|Floor Space|Gross,Rest of Asia (R10),1
Medium,SSP3,Building Stock|Residential and Commercial|Floor Space|Gross,World,1
Medium,SSP3,Capacity|Electricity|Biomass,Africa (R10),1
Medium,SSP3,Capacity|Electricity|Biomass,China+ (R10),1
Medium,SSP3,Capacity|Electricity|Biomass,Europe (R10),1
Medium,SSP3,Capacity|Electricity|Biomass,India+ (R10),1
Medium,SSP3,Capacity|Electricity|Biomass,Latin America (R10),1
Medium,SSP3,Capacity|Electricity|Biomass,Middle East (R10),1
Medium,SSP3,Capacity|Electricity|Biomass,North America (R10),1
Medium,SSP3,Capacity|Electricity|Biomass,Other (R10),1
Medium,SSP3,Capacity|Electricity|Biomass,Pacific OECD (R10),1
Medium,SSP3,Capacity|Electricity|Biomass,Reforming Economies (R10),1
Medium,SSP3,Capacity|Electricity|Biomass,Rest of Asia (R10),1
Medium,SSP3,Capacity|Electricity|Biomass,World,1
Medium,SSP3,Capacity|Electricity|Coal,Africa (R10),1
Medium,SSP3,Capacity|Electricity|Coal,China+ (R10),1
Medium,SSP3,Capacity|Electricity|Coal,Europe (R10),1
Medium,SSP3,Capacity|Electricity|Coal,India+ (R10),1
Medium,SSP3,Capacity|Electricity|Coal,Latin America (R10),1
Medium,SSP3,Capacity|Electricity|Coal,Middle East (R10),1
Medium,SSP3,Capacity|Electricity|Coal,North America (R10),1
Medium,SSP3,Capacity|Electricity|Coal,Other (R10),1
Medium,SSP3,Capacity|Electricity|Coal,Pacific OECD (R10),1
Medium,SSP3,Capacity|Electricity|Coal,Reforming Economies (R10),1
Medium,SSP3,Capacity|Electricity|Coal,Rest of Asia (R10),1
Medium,SSP3,Capacity|Electricity|Coal,World,1
Medium,SSP3,Capacity|Electricity|Gas,Africa (R10),1
Medium,SSP3,Capacity|Electricity|Gas,China+ (R10),1
Medium,SSP3,Capacity|Electricity|Gas,Europe (R10),1
Medium,SSP3,Capacity|Electricity|Gas,India+ (R10),1
Medium,SSP3,Capacity|Electricity|Gas,Latin America (R10),1
Medium,SSP3,Capacity|Electricity|Gas,Middle East (R10),1
Medium,SSP3,Capacity|Electricity|Gas,North America (R10),1
Medium,SSP3,Capacity|Electricity|Gas,Other (R10),1
Medium,SSP3,Capacity|Electricity|Gas,Pacific OECD (R10),1
Medium,SSP3,Capacity|Electricity|Gas,Reforming Economies (R10),1
Medium,SSP3,Capacity|Electricity|Gas,Rest of Asia (R10),1
Medium,SSP3,Capacity|Electricity|Gas,World,1
Medium,SSP3,Capacity|Electricity|Geothermal,Africa (R10),1
Medium,SSP3,Capacity|Electricity|Geothermal,China+ (R10),1
Medium,SSP3,Capacity|Electricity|Geothermal,Europe (R10),1
Medium,SSP3,Capacity|Electricity|Geothermal,India+ (R10),1
Medium,SSP3,Capacity|Electricity|Geothermal,Latin America (R10),1
Medium,SSP3,Capacity|Electricity|Geothermal,Middle East (R10),1
Medium,SSP3,Capacity|Electricity|Geothermal,North America (R10),1
Medium,SSP3,Capacity|Electricity|Geothermal,Other (R10),1
Medium,SSP3,Capacity|Electricity|Geothermal,Pacific OECD (R10),1
Medium,SSP3,Capacity|Electricity|Geothermal,Reforming Economies (R10),1
Medium,SSP3,Capacity|Electricity|Geothermal,Rest of Asia (R10),1
Medium,SSP3,Capacity|Electricity|Geothermal,World,1
Medium,SSP3,Capacity|Electricity|Hydro,Africa (R10),1
Medium,SSP3,Capacity|Electricity|Hydro,China+ (R10),1
Medium,SSP3,Capacity|Electricity|Hydro,Europe (R10),1
Medium,SSP3,Capacity|Electricity|Hydro,India+ (R10),1
Medium,SSP3,Capacity|Electricity|Hydro,Latin America (R10),1
Medium,SSP3,Capacity|Electricity|Hydro,Middle East (R10),1
Medium,SSP3,Capacity|Electricity|Hydro,North America (R10),1
Medium,SSP3,Capacity|Electricity|Hydro,Other (R10),1
Medium,SSP3,Capacity|Electricity|Hydro,Pacific OECD (R10),1
Medium,SSP3,Capacity|Electricity|Hydro,Reforming Economies (R10),1
Medium,SSP3,Capacity|Electricity|Hydro,Rest of Asia (R10),1
Medium,SSP3,Capacity|Electricity|Hydro,World,1
Medium,SSP3,Capacity|Electricity|Hydrogen,Africa (R10),1
Medium,SSP3,Capacity|Electricity|Hydrogen,China+ (R10),1
Medium,SSP3,Capacity|Electricity|Hydrogen,Europe (R10),1
Medium,SSP3,Capacity|Electricity|Hydrogen,India+ (R10),1
Medium,SSP3,Capacity|Electricity|Hydrogen,Latin America (R10),1
Medium,SSP3,Capacity|Electricity|Hydrogen,Middle East (R10),1
Medium,SSP3,Capacity|Electricity|Hydrogen,North America (R10),1
Medium,SSP3,Capacity|Electricity|Hydrogen,Other (R10),1
Medium,SSP3,Capacity|Electricity|Hydrogen,Pacific OECD (R10),1
Medium,SSP3,Capacity|Electricity|Hydrogen,Reforming Economies (R10),1
Medium,SSP3,Capacity|Electricity|Hydrogen,Rest of Asia (R10),1
Medium,SSP3,Capacity|Electricity|Hydrogen,World,1
Medium,SSP3,Capacity|Electricity|Nuclear,Africa (R10),1
Medium,SSP3,Capacity|Electricity|Nuclear,China+ (R10),1
Medium,SSP3,Capacity|Electricity|Nuclear,Europe (R10),1
Medium,SSP3,Capacity|Electricity|Nuclear,India+ (R10),1
Medium,SSP3,Capacity|Electricity|Nuclear,Latin America (R10),1
Medium,SSP3,Capacity|Electricity|Nuclear,Middle East (R10),1
Medium,SSP3,Capacity|Electricity|Nuclear,North America (R10),1
Medium,SSP3,Capacity|Electricity|Nuclear,Other (R10),1
Medium,SSP3,Capacity|Electricity|Nuclear,Pacific OECD (R10),1
Medium,SSP3,Capacity|Electricity|Nuclear,Reforming Economies (R10),1
Medium,SSP3,Capacity|Electricity|Nuclear,Rest of Asia (R10),1
Medium,SSP3,Capacity|Electricity|Nuclear,World,1
Medium,SSP3,Capacity|Electricity|Oil,Africa (R10),1
Medium,SSP3,Capacity|Electricity|Oil,China+ (R10),1
Medium,SSP3,Capacity|Electricity|Oil,Europe (R10),1
Medium,SSP3,Capacity|Electricity|Oil,India+ (R10),1
Medium,SSP3,Capacity|Electricity|Oil,Latin America (R10),1
Medium,SSP3,Capacity|Electricity|Oil,Middle East (R10),1
Medium,SSP3,Capacity|Electricity|Oil,North America (R10),1
Medium,SSP3,Capacity|Electricity|Oil,Other (R10),1
Medium,SSP3,Capacity|Electricity|Oil,Pacific OECD (R10),1
Medium,SSP3,Capacity|Electricity|Oil,Reforming Economies (R10),1
Medium,SSP3,Capacity|Electricity|Oil,Rest of Asia (R10),1
Medium,SSP3,Capacity|Electricity|Oil,World,1
Medium,SSP3,Capacity|Electricity|Solar|CSP,Africa (R10),1
Medium,SSP3,Capacity|Electricity|Solar|CSP,China+ (R10),1
Medium,SSP3,Capacity|Electricity|Solar|CSP,Europe (R10),1
Medium,SSP3,Capacity|Electricity|Solar|CSP,India+ (R10),1
Medium,SSP3,Capacity|Electricity|Solar|CSP,Latin America (R10),1
Medium,SSP3,Capacity|Electricity|Solar|CSP,Middle East (R10),1
Medium,SSP3,Capacity|Electricity|Solar|CSP,North America (R10),1
Medium,SSP3,Capacity|Electricity|Solar|CSP,Other (R10),1
Medium,SSP3,Capacity|Electricity|Solar|CSP,Pacific OECD (R10),1
Medium,SSP3,Capacity|Electricity|Solar|CSP,Reforming Economies (R10),1
Medium,SSP3,Capacity|Electricity|Solar|CSP,Rest of Asia (R10),1
Medium,SSP3,Capacity|Electricity|Solar|CSP,World,1
Medium,SSP3,Capacity|Electricity|Solar|PV,Africa (R10),1
Medium,SSP3,Capacity|Electricity|Solar|PV,China+ (R10),1
Medium,SSP3,Capacity|Electricity|Solar|PV,Europe (R10),1
Medium,SSP3,Capacity|Electricity|Solar|PV,India+ (R10),1
Medium,SSP3,Capacity|Electricity|Solar|PV,Latin America (R10),1
Medium,SSP3,Capacity|Electricity|Solar|PV,Middle East (R10),1
Medium,SSP3,Capacity|Electricity|Solar|PV,North America (R10),1
Medium,SSP3,Capacity|Electricity|Solar|PV,Other (R10),1
Medium,SSP3,Capacity|Electricity|Solar|PV,Pacific OECD (R10),1
Medium,SSP3,Capacity|Electricity|Solar|PV,Reforming Economies (R10),1
Medium,SSP3,Capacity|Electricity|Solar|PV,Rest of Asia (R10),1
Medium,SSP3,Capacity|Electricity|Solar|PV,World,1
Medium,SSP3,Capacity|Electricity|Wind|Offshore,Africa (R10),1
Medium,SSP3,Capacity|Electricity|Wind|Offshore,China+ (R10),1
Medium,SSP3,Capacity|Electricity|Wind|Offshore,Europe (R10),1
Medium,SSP3,Capacity|Electricity|Wind|Offshore,India+ (R10),1
Medium,SSP3,Capacity|Electricity|Wind|Offshore,Latin America (R10),1
Medium,SSP3,Capacity|Electricity|Wind|Offshore,Middle East (R10),1
Medium,SSP3,Capacity|Electricity|Wind|Offshore,North America (R10),1
Medium,SSP3,Capacity|Electricity|Wind|Offshore,Other (R10),1
Medium,SSP3,Capacity|Electricity|Wind|Offshore,Pacific OECD (R10),1
Medium,SSP3,Capacity|Electricity|Wind|Offshore,Reforming Economies (R10),1
Medium,SSP3,Capacity|Electricity|Wind|Offshore,Rest of Asia (R10),1
Medium,SSP3,Capacity|Electricity|Wind|Offshore,World,1
Medium,SSP3,Capacity|Electricity|Wind|Onshore,Africa (R10),1
Medium,SSP3,Capacity|Electricity|Wind|Onshore,China+ (R10),1
Medium,SSP3,Capacity|Electricity|Wind|Onshore,Europe (R10),1
Medium,SSP3,Capacity|Electricity|Wind|Onshore,India+ (R10),1
Medium,SSP3,Capacity|Electricity|Wind|Onshore,Latin America (R10),1
Medium,SSP3,Capacity|Electricity|Wind|Onshore,Middle East (R10),1
Medium,SSP3,Capacity|Electricity|Wind|Onshore,North America (R10),1
Medium,SSP3,Capacity|Electricity|Wind|Onshore,Other (R10),1
Medium,SSP3,Capacity|Electricity|Wind|Onshore,Pacific OECD (R10),1
Medium,SSP3,Capacity|Electricity|Wind|Onshore,Reforming Economies (R10),1
Medium,SSP3,Capacity|Electricity|Wind|Onshore,Rest of Asia (R10),1
Medium,SSP3,Capacity|Electricity|Wind|Onshore,World,1
Medium,SSP3,Food Intake|Crops [per capita],Africa (R10),1
Medium,SSP3,Food Intake|Crops [per capita],China+ (R10),1
Medium,SSP3,Food Intake|Crops [per capita],Europe (R10),1
Medium,SSP3,Food Intake|Crops [per capita],India+ (R10),1
Medium,SSP3,Food Intake|Crops [per capita],Latin America (R10),1
Medium,SSP3,Food Intake|Crops [per capita],Middle East (R10),1
Medium,SSP3,Food Intake|Crops [per capita],North America (R10),1
Medium,SSP3,Food Intake|Crops [per capita],Other (R10),1
Medium,SSP3,Food Intake|Crops [per capita],Pacific OECD (R10),1
Medium,SSP3,Food Intake|Crops [per capita],Reforming Economies (R10),1
Medium,SSP3,Food Intake|Crops [per capita],Rest of Asia (R10),1
Medium,SSP3,Food Intake|Crops [per capita],World,1
Medium,SSP3,Food Intake|Livestock [per capita],Africa (R10),1
Medium,SSP3,Food Intake|Livestock [per capita],China+ (R10),1
Medium,SSP3,Food Intake|Livestock [per capita],Europe (R10),1
Medium,SSP3,Food Intake|Livestock [per capita],India+ (R10),1
Medium,SSP3,Food Intake|Livestock [per capita],Latin America (R10),1
Medium,SSP3,Food Intake|Livestock [per capita],Middle East (R10),1
Medium,SSP3,Food Intake|Livestock [per capita],North America (R10),1
Medium,SSP3,Food Intake|Livestock [per capita],Other (R10),1
Medium,SSP3,Food Intake|Livestock [per capita],Pacific OECD (R10),1
Medium,SSP3,Food Intake|Livestock [per capita],Reforming Economies (R10),1
Medium,SSP3,Food Intake|Livestock [per capita],Rest of Asia (R10),1
Medium,SSP3,Food Intake|Livestock [per capita],World,1
Medium,SSP3,Food Waste [per capita],Africa (R10),1
Medium,SSP3,Food Waste [per capita],China+ (R10),1
Medium,SSP3,Food Waste [per capita],Europe (R10),1
Medium,SSP3,Food Waste [per capita],India+ (R10),1
Medium,SSP3,Food Waste [per capita],Latin America (R10),1
Medium,SSP3,Food Waste [per capita],Middle East (R10),1
Medium,SSP3,Food Waste [per capita],North America (R10),1
Medium,SSP3,Food Waste [per capita],Other (R10),1
Medium,SSP3,Food Waste [per capita],Pacific OECD (R10),1
Medium,SSP3,Food Waste [per capita],Reforming Economies (R10),1
Medium,SSP3,Food Waste [per capita],Rest of Asia (R10),1
Medium,SSP3,Food Waste [per capita],World,1
Medium,SSP3,Forestry Production|Roundwood,Africa (R10),1
Medium,SSP3,Forestry Production|Roundwood,China+ (R10),1
Medium,SSP3,Forestry Production|Roundwood,Europe (R10),1
Medium,SSP3,Forestry Production|Roundwood,India+ (R10),1
Medium,SSP3,Forestry Production|Roundwood,Latin America (R10),1
Medium,SSP3,Forestry Production|Roundwood,Middle East (R10),1
Medium,SSP3,Forestry Production|Roundwood,North America (R10),1
Medium,SSP3,Forestry Production|Roundwood,Other (R10),1
Medium,SSP3,Forestry Production|Roundwood,Pacific OECD (R10),1
Medium,SSP3,Forestry Production|Roundwood,Reforming Economies (R10),1
Medium,SSP3,Forestry Production|Roundwood,Rest of Asia (R10),1
Medium,SSP3,Forestry Production|Roundwood,World,1
Medium,SSP3,GDP|MER,Africa (R10),1
Medium,SSP3,GDP|MER,China+ (R10),1
Medium,SSP3,GDP|MER,Europe (R10),1
Medium,SSP3,GDP|MER,India+ (R10),1
Medium,SSP3,GDP|MER,Latin America (R10),1
Medium,SSP3,GDP|MER,Middle East (R10),1
Medium,SSP3,GDP|MER,North America (R10),1
Medium,SSP3,GDP|MER,Other (R10),1
Medium,SSP3,GDP|MER,Pacific OECD (R10),1
Medium,SSP3,GDP|MER,Reforming Economies (R10),1
Medium,SSP3,GDP|MER,Rest of Asia (R10),1
Medium,SSP3,GDP|MER,World,1
Medium,SSP3,Population,Africa (R10),1
Medium,SSP3,Population,China+ (R10),1
Medium,SSP3,Population,Europe (R10),1
Medium,SSP3,Population,India+ (R10),1
Medium,SSP3,Population,Latin America (R10),1
Medium,SSP3,Population,Middle East (R10),1
Medium,SSP3,Population,North America (R10),1
Medium,SSP3,Population,Other (R10),1
Medium,SSP3,Population,Pacific OECD (R10),1
Medium,SSP3,Population,Reforming Economies (R10),1
Medium,SSP3,Population,Rest of Asia (R10),1
Medium,SSP3,Population,World,1
Medium,SSP3,Primary Energy,Africa (R10),1
Medium,SSP3,Primary Energy,China+ (R10),1
Medium,SSP3,Primary Energy,Europe (R10),1
Medium,SSP3,Primary Energy,India+ (R10),1
Medium,SSP3,Primary Energy,Latin America (R10),1
Medium,SSP3,Primary Energy,Middle East (R10),1
Medium,SSP3,Primary Energy,North America (R10),1
Medium,SSP3,Primary Energy,Other (R10),1
Medium,SSP3,Primary Energy,Pacific OECD (R10),1
Medium,SSP3,Primary Energy,Reforming Economies (R10),1
Medium,SSP3,Primary Energy,Rest of Asia (R10),1
Medium,SSP3,Primary Energy,World,1
Medium,SSP3,Primary Energy|Biomass,Africa (R10),1
Medium,SSP3,Primary Energy|Biomass,China+ (R10),1
Medium,SSP3,Primary Energy|Biomass,Europe (R10),1
Medium,SSP3,Primary Energy|Biomass,India+ (R10),1
Medium,SSP3,Primary Energy|Biomass,Latin America (R10),1
Medium,SSP3,Primary Energy|Biomass,Middle East (R10),1
Medium,SSP3,Primary Energy|Biomass,North America (R10),1
Medium,SSP3,Primary Energy|Biomass,Other (R10),1
Medium,SSP3,Primary Energy|Biomass,Pacific OECD (R10),1
Medium,SSP3,Primary Energy|Biomass,Reforming Economies (R10),1
Medium,SSP3,Primary Energy|Biomass,Rest of Asia (R10),1
Medium,SSP3,Primary Energy|Biomass,World,1
Medium,SSP3,Primary Energy|Coal,Africa (R10),1
Medium,SSP3,Primary Energy|Coal,China+ (R10),1
Medium,SSP3,Primary Energy|Coal,Europe (R10),1
Medium,SSP3,Primary Energy|Coal,India+ (R10),1
Medium,SSP3,Primary Energy|Coal,Latin America (R10),1
Medium,SSP3,Primary Energy|Coal,Middle East (R10),1
Medium,SSP3,Primary Energy|Coal,North America (R10),1
Medium,SSP3,Primary Energy|Coal,Other (R10),1
Medium,SSP3,Primary Energy|Coal,Pacific OECD (R10),1
Medium,SSP3,Primary Energy|Coal,Reforming Economies (R10),1
Medium,SSP3,Primary Energy|Coal,Rest of Asia (R10),1
Medium,SSP3,Primary Energy|Coal,World,1
Medium,SSP3,Primary Energy|Fossil,Africa (R10),1
Medium,SSP3,Primary Energy|Fossil,China+ (R10),1
Medium,SSP3,Primary Energy|Fossil,Europe (R10),1
Medium,SSP3,Primary Energy|Fossil,India+ (R10),1
Medium,SSP3,Primary Energy|Fossil,Latin America (R10),1
Medium,SSP3,Primary Energy|Fossil,Middle East (R10),1
Medium,SSP3,Primary Energy|Fossil,North America (R10),1
Medium,SSP3,Primary Energy|Fossil,Other (R10),1
Medium,SSP3,Primary Energy|Fossil,Pacific OECD (R10),1
Medium,SSP3,Primary Energy|Fossil,Reforming Economies (R10),1
Medium,SSP3,Primary Energy|Fossil,Rest of Asia (R10),1
Medium,SSP3,Primary Energy|Fossil,World,1
Medium,SSP3,Primary Energy|Gas,Africa (R10),1
Medium,SSP3,Primary Energy|Gas,China+ (R10),1
Medium,SSP3,Primary Energy|Gas,Europe (R10),1
Medium,SSP3,Primary Energy|Gas,India+ (R10),1
Medium,SSP3,Primary Energy|Gas,Latin America (R10),1
Medium,SSP3,Primary Energy|Gas,Middle East (R10),1
Medium,SSP3,Primary Energy|Gas,North America (R10),1
Medium,SSP3,Primary Energy|Gas,Other (R10),1
Medium,SSP3,Primary Energy|Gas,Pacific OECD (R10),1
Medium,SSP3,Primary Energy|Gas,Reforming Economies (R10),1
Medium,SSP3,Primary Energy|Gas,Rest of Asia (R10),1
Medium,SSP3,Primary Energy|Gas,World,1
Medium,SSP3,Primary Energy|Geothermal,Africa (R10),1
Medium,SSP3,Primary Energy|Geothermal,China+ (R10),1
Medium,SSP3,Primary Energy|Geothermal,Europe (R10),1
Medium,SSP3,Primary Energy|Geothermal,India+ (R10),1
Medium,SSP3,Primary Energy|Geothermal,Latin America (R10),1
Medium,SSP3,Primary Energy|Geothermal,Middle East (R10),1
Medium,SSP3,Primary Energy|Geothermal,North America (R10),1
Medium,SSP3,Primary Energy|Geothermal,Other (R10),1
Medium,SSP3,Primary Energy|Geothermal,Pacific OECD (R10),1
Medium,SSP3,Primary Energy|Geothermal,Reforming Economies (R10),1
Medium,SSP3,Primary Energy|Geothermal,Rest of Asia (R10),1
Medium,SSP3,Primary Energy|Geothermal,World,1
Medium,SSP3,Primary Energy|Hydro,Africa (R10),1
Medium,SSP3,Primary Energy|Hydro,China+ (R10),1
Medium,SSP3,Primary Energy|Hydro,Europe (R10),1
Medium,SSP3,Primary Energy|Hydro,India+ (R10),1
Medium,SSP3,Primary Energy|Hydro,Latin America (R10),1
Medium,SSP3,Primary Energy|Hydro,Middle East (R10),1
Medium,SSP3,Primary Energy|Hydro,North America (R10),1
Medium,SSP3,Primary Energy|Hydro,Other (R10),1
Medium,SSP3,Primary Energy|Hydro,Pacific OECD (R10),1
Medium,SSP3,Primary Energy|Hydro,Reforming Economies (R10),1
Medium,SSP3,Primary Energy|Hydro,Rest of Asia (R10),1
Medium,SSP3,Primary Energy|Hydro,World,1
Medium,SSP3,Primary Energy|Non-Biomass Renewables,Africa (R10),1
Medium,SSP3,Primary Energy|Non-Biomass Renewables,China+ (R10),1
Medium,SSP3,Primary Energy|Non-Biomass Renewables,Europe (R10),1
Medium,SSP3,Primary Energy|Non-Biomass Renewables,India+ (R10),1
Medium,SSP3,Primary Energy|Non-Biomass Renewables,Latin America (R10),1
Medium,SSP3,Primary Energy|Non-Biomass Renewables,Middle East (R10),1
Medium,SSP3,Primary Energy|Non-Biomass Renewables,North America (R10),1
Medium,SSP3,Primary Energy|Non-Biomass Renewables,Other (R10),1
Medium,SSP3,Primary Energy|Non-Biomass Renewables,Pacific OECD (R10),1
Medium,SSP3,Primary Energy|Non-Biomass Renewables,Reforming Economies (R10),1
Medium,SSP3,Primary Energy|Non-Biomass Renewables,Rest of Asia (R10),1
Medium,SSP3,Primary Energy|Non-Biomass Renewables,World,1
Medium,SSP3,Primary Energy|Nuclear,Africa (R10),1
Medium,SSP3,Primary Energy|Nuclear,China+ (R10),1
Medium,SSP3,Primary Energy|Nuclear,Europe (R10),1
Medium,SSP3,Primary Energy|Nuclear,India+ (R10),1
Medium,SSP3,Primary Energy|Nuclear,Latin America (R10),1
Medium,SSP3,Primary Energy|Nuclear,Middle East (R10),1
Medium,SSP3,Primary Energy|Nuclear,North America (R10),1
Medium,SSP3,Primary Energy|Nuclear,Other (R10),1
Medium,SSP3,Primary Energy|Nuclear,Pacific OECD (R10),1
Medium,SSP3,Primary Energy|Nuclear,Reforming Economies (R10),1
Medium,SSP3,Primary Energy|Nuclear,Rest of Asia (R10),1
Medium,SSP3,Primary Energy|Nuclear,World,1
Medium,SSP3,Primary Energy|Oil,Africa (R10),1
Medium,SSP3,Primary Energy|Oil,China+ (R10),1
Medium,SSP3,Primary Energy|Oil,Europe (R10),1
Medium,SSP3,Primary Energy|Oil,India+ (R10),1
Medium,SSP3,Primary Energy|Oil,Latin America (R10),1
Medium,SSP3,Primary Energy|Oil,Middle East (R10),1
Medium,SSP3,Primary Energy|Oil,North America (R10),1
Medium,SSP3,Primary Energy|Oil,Other (R10),1
Medium,SSP3,Primary Energy|Oil,Pacific OECD (R10),1
Medium,SSP3,Primary Energy|Oil,Reforming Economies (R10),1
Medium,SSP3,Primary Energy|Oil,Rest of Asia (R10),1
Medium,SSP3,Primary Energy|Oil,World,1
Medium,SSP3,Production|Iron and Steel|Steel,Africa (R10),1
Medium,SSP3,Production|Iron and Steel|Steel,China+ (R10),1
Medium,SSP3,Production|Iron and Steel|Steel,Europe (R10),1
Medium,SSP3,Production|Iron and Steel|Steel,India+ (R10),1
Medium,SSP3,Production|Iron and Steel|Steel,Latin America (R10),1
Medium,SSP3,Production|Iron and Steel|Steel,Middle East (R10),1
Medium,SSP3,Production|Iron and Steel|Steel,North America (R10),1
Medium,SSP3,Production|Iron and Steel|Steel,Other (R10),1
Medium,SSP3,Production|Iron and Steel|Steel,Pacific OECD (R10),1
Medium,SSP3,Production|Iron and Steel|Steel,Reforming Economies (R10),1
Medium,SSP3,Production|Iron and Steel|Steel,Rest of Asia (R10),1
Medium,SSP3,Production|Iron and Steel|Steel,World,1
Medium,SSP3,Production|Non-Metallic Minerals|Cement,Africa (R10),1
Medium,SSP3,Production|Non-Metallic Minerals|Cement,China+ (R10),1
Medium,SSP3,Production|Non-Metallic Minerals|Cement,Europe (R10),1
Medium,SSP3,Production|Non-Metallic Minerals|Cement,India+ (R10),1
Medium,SSP3,Production|Non-Metallic Minerals|Cement,Latin America (R10),1
Medium,SSP3,Production|Non-Metallic Minerals|Cement,Middle East (R10),1
Medium,SSP3,Production|Non-Metallic Minerals|Cement,North America (R10),1
Medium,SSP3,Production|Non-Metallic Minerals|Cement,Other (R10),1
Medium,SSP3,Production|Non-Metallic Minerals|Cement,Pacific OECD (R10),1
Medium,SSP3,Production|Non-Metallic Minerals|Cement,Reforming Economies (R10),1
Medium,SSP3,Production|Non-Metallic Minerals|Cement,Rest of Asia (R10),1
Medium,SSP3,Production|Non-Metallic Minerals|Cement,World,1
Medium,SSP3,Resource|Extraction|Coal,Africa (R10),1
Medium,SSP3,Resource|Extraction|Coal,China+ (R10),1
Medium,SSP3,Resource|Extraction|Coal,Europe (R10),1
Medium,SSP3,Resource|Extraction|Coal,India+ (R10),1
Medium,SSP3,Resource|Extraction|Coal,Latin America (R10),1
Medium,SSP3,Resource|Extraction|Coal,Middle East (R10),1
Medium,SSP3,Resource|Extraction|Coal,North America (R10),1
Medium,SSP3,Resource|Extraction|Coal,Other (R10),1
Medium,SSP3,Resource|Extraction|Coal,Pacific OECD (R10),1
Medium,SSP3,Resource|Extraction|Coal,Reforming Economies (R10),1
Medium,SSP3,Resource|Extraction|Coal,Rest of Asia (R10),1
Medium,SSP3,Resource|Extraction|Coal,World,1
Medium,SSP3,Resource|Extraction|Gas,Africa (R10),1
Medium,SSP3,Resource|Extraction|Gas,China+ (R10),1
Medium,SSP3,Resource|Extraction|Gas,Europe (R10),1
Medium,SSP3,Resource|Extraction|Gas,India+ (R10),1
Medium,SSP3,Resource|Extraction|Gas,Latin America (R10),1
Medium,SSP3,Resource|Extraction|Gas,Middle East (R10),1
Medium,SSP3,Resource|Extraction|Gas,North America (R10),1
Medium,SSP3,Resource|Extraction|Gas,Other (R10),1
Medium,SSP3,Resource|Extraction|Gas,Pacific OECD (R10),1
Medium,SSP3,Resource|Extraction|Gas,Reforming Economies (R10),1
Medium,SSP3,Resource|Extraction|Gas,Rest of Asia (R10),1
Medium,SSP3,Resource|Extraction|Gas,World,1
Medium,SSP3,Resource|Extraction|Oil,Africa (R10),1
Medium,SSP3,Resource|Extraction|Oil,China+ (R10),1
Medium,SSP3,Resource|Extraction|Oil,Europe (R10),1
Medium,SSP3,Resource|Extraction|Oil,India+ (R10),1
Medium,SSP3,Resource|Extraction|Oil,Latin America (R10),1
Medium,SSP3,Resource|Extraction|Oil,Middle East (R10),1
Medium,SSP3,Resource|Extraction|Oil,North America (R10),1
Medium,SSP3,Resource|Extraction|Oil,Other (R10),1
Medium,SSP3,Resource|Extraction|Oil,Pacific OECD (R10),1
Medium,SSP3,Resource|Extraction|Oil,Reforming Economies (R10),1
Medium,SSP3,Resource|Extraction|Oil,Rest of Asia (R10),1
Medium,SSP3,Resource|Extraction|Oil,World,1
Medium-to-Low,SSP1,Agricultural Demand|Residues,Africa (R10),2
Medium-to-Low,SSP1,Agricultural Demand|Residues,China+ (R10),2
Medium-to-Low,SSP1,Agricultural Demand|Residues,Europe (R10),2
Medium-to-Low,SSP1,Agricultural Demand|Residues,India+ (R10),2
Medium-to-Low,SSP1,Agricultural Demand|Residues,Latin America (R10),2
Medium-to-Low,SSP1,Agricultural Demand|Residues,Middle East (R10),2
Medium-to-Low,SSP1,Agricultural Demand|Residues,North America (R10),2
Medium-to-Low,SSP1,Agricultural Demand|Residues,Other (R10),1
Medium-to-Low,SSP1,Agricultural Demand|Residues,Pacific OECD (R10),2
Medium-to-Low,SSP1,Agricultural Demand|Residues,Reforming Economies (R10),2
Medium-to-Low,SSP1,Agricultural Demand|Residues,Rest of Asia (R10),2
Medium-to-Low,SSP1,Agricultural Demand|Residues,World,2
Medium-to-Low,SSP1,Agricultural Production,Africa (R10),2
Medium-to-Low,SSP1,Agricultural Production,China+ (R10),2
Medium-to-Low,SSP1,Agricultural Production,Europe (R10),2
Medium-to-Low,SSP1,Agricultural Production,India+ (R10),2
Medium-to-Low,SSP1,Agricultural Production,Latin America (R10),2
Medium-to-Low,SSP1,Agricultural Production,Middle East (R10),2
Medium-to-Low,SSP1,Agricultural Production,North America (R10),2
Medium-to-Low,SSP1,Agricultural Production,Other (R10),1
Medium-to-Low,SSP1,Agricultural Production,Pacific OECD (R10),2
Medium-to-Low,SSP1,Agricultural Production,Reforming Economies (R10),2
Medium-to-Low,SSP1,Agricultural Production,Rest of Asia (R10),2
Medium-to-Low,SSP1,Agricultural Production,World,2
Medium-to-Low,SSP1,Agricultural Production|Crops,Africa (R10),2
Medium-to-Low,SSP1,Agricultural Production|Crops,China+ (R10),2
Medium-to-Low,SSP1,Agricultural Production|Crops,Europe (R10),2
Medium-to-Low,SSP1,Agricultural Production|Crops,India+ (R10),2
Medium-to-Low,SSP1,Agricultural Production|Crops,Latin America (R10),2
Medium-to-Low,SSP1,Agricultural Production|Crops,Middle East (R10),2
Medium-to-Low,SSP1,Agricultural Production|Crops,North America (R10),2
Medium-to-Low,SSP1,Agricultural Production|Crops,Other (R10),1
Medium-to-Low,SSP1,Agricultural Production|Crops,Pacific OECD (R10),2
Medium-to-Low,SSP1,Agricultural Production|Crops,Reforming Economies (R10),2
Medium-to-Low,SSP1,Agricultural Production|Crops,Rest of Asia (R10),2
Medium-to-Low,SSP1,Agricultural Production|Crops,World,2
Medium-to-Low,SSP1,Agricultural Production|Livestock,Africa (R10),2
Medium-to-Low,SSP1,Agricultural Production|Livestock,China+ (R10),2
Medium-to-Low,SSP1,Agricultural Production|Livestock,Europe (R10),2
Medium-to-Low,SSP1,Agricultural Production|Livestock,India+ (R10),2
Medium-to-Low,SSP1,Agricultural Production|Livestock,Latin America (R10),2
Medium-to-Low,SSP1,Agricultural Production|Livestock,Middle East (R10),2
Medium-to-Low,SSP1,Agricultural Production|Livestock,North America (R10),2
Medium-to-Low,SSP1,Agricultural Production|Livestock,Other (R10),1
Medium-to-Low,SSP1,Agricultural Production|Livestock,Pacific OECD (R10),2
Medium-to-Low,SSP1,Agricultural Production|Livestock,Reforming Economies (R10),2
Medium-to-Low,SSP1,Agricultural Production|Livestock,Rest of Asia (R10),2
Medium-to-Low,SSP1,Agricultural Production|Livestock,World,2
Medium-to-Low,SSP1,Building Stock|Residential and Commercial|Floor Space|Gross,Africa (R10),1
Medium-to-Low,SSP1,Building Stock|Residential and Commercial|Floor Space|Gross,China+ (R10),1
Medium-to-Low,SSP1,Building Stock|Residential and Commercial|Floor Space|Gross,Europe (R10),1
Medium-to-Low,SSP1,Building Stock|Residential and Commercial|Floor Space|Gross,India+ (R10),1
Medium-to-Low,SSP1,Building Stock|Residential and Commercial|Floor Space|Gross,Latin America (R10),1
Medium-to-Low,SSP1,Building Stock|Residential and Commercial|Floor Space|Gross,Middle East (R10),1
Medium-to-Low,SSP1,Building Stock|Residential and Commercial|Floor Space|Gross,North America (R10),1
Medium-to-Low,SSP1,Building Stock|Residential and Commercial|Floor Space|Gross,Other (R10),1
Medium-to-Low,SSP1,Building Stock|Residential and Commercial|Floor Space|Gross,Pacific OECD (R10),1
Medium-to-Low,SSP1,Building Stock|Residential and Commercial|Floor Space|Gross,Reforming Economies (R10),1
Medium-to-Low,SSP1,Building Stock|Residential and Commercial|Floor Space|Gross,Rest of Asia (R10),1
Medium-to-Low,SSP1,Building Stock|Residential and Commercial|Floor Space|Gross,World,1
Medium-to-Low,SSP1,Capacity|Electricity|Biomass,Africa (R10),2
Medium-to-Low,SSP1,Capacity|Electricity|Biomass,China+ (R10),2
Medium-to-Low,SSP1,Capacity|Electricity|Biomass,Europe (R10),2
Medium-to-Low,SSP1,Capacity|Electricity|Biomass,India+ (R10),2
Medium-to-Low,SSP1,Capacity|Electricity|Biomass,Latin America (R10),2
Medium-to-Low,SSP1,Capacity|Electricity|Biomass,Middle East (R10),2
Medium-to-Low,SSP1,Capacity|Electricity|Biomass,North America (R10),2
Medium-to-Low,SSP1,Capacity|Electricity|Biomass,Other (R10),1
Medium-to-Low,SSP1,Capacity|Electricity|Biomass,Pacific OECD (R10),2
Medium-to-Low,SSP1,Capacity|Electricity|Biomass,Reforming Economies (R10),2
Medium-to-Low,SSP1,Capacity|Electricity|Biomass,Rest of Asia (R10),2
Medium-to-Low,SSP1,Capacity|Electricity|Biomass,World,2
Medium-to-Low,SSP1,Capacity|Electricity|Coal,Africa (R10),2
Medium-to-Low,SSP1,Capacity|Electricity|Coal,China+ (R10),2
Medium-to-Low,SSP1,Capacity|Electricity|Coal,Europe (R10),2
Medium-to-Low,SSP1,Capacity|Electricity|Coal,India+ (R10),2
Medium-to-Low,SSP1,Capacity|Electricity|Coal,Latin America (R10),2
Medium-to-Low,SSP1,Capacity|Electricity|Coal,Middle East (R10),2
Medium-to-Low,SSP1,Capacity|Electricity|Coal,North America (R10),2
Medium-to-Low,SSP1,Capacity|Electricity|Coal,Other (R10),1
Medium-to-Low,SSP1,Capacity|Electricity|Coal,Pacific OECD (R10),2
Medium-to-Low,SSP1,Capacity|Electricity|Coal,Reforming Economies (R10),2
Medium-to-Low,SSP1,Capacity|Electricity|Coal,Rest of Asia (R10),2
Medium-to-Low,SSP1,Capacity|Electricity|Coal,World,2
Medium-to-Low,SSP1,Capacity|Electricity|Fossil,Africa (R10),1
Medium-to-Low,SSP1,Capacity|Electricity|Fossil,China+ (R10),1
Medium-to-Low,SSP1,Capacity|Electricity|Fossil,Europe (R10),1
Medium-to-Low,SSP1,Capacity|Electricity|Fossil,India+ (R10),1
Medium-to-Low,SSP1,Capacity|Electricity|Fossil,Latin America (R10),1
Medium-to-Low,SSP1,Capacity|Electricity|Fossil,Middle East (R10),1
Medium-to-Low,SSP1,Capacity|Electricity|Fossil,North America (R10),1
Medium-to-Low,SSP1,Capacity|Electricity|Fossil,Pacific OECD (R10),1
Medium-to-Low,SSP1,Capacity|Electricity|Fossil,Reforming Economies (R10),1
Medium-to-Low,SSP1,Capacity|Electricity|Fossil,Rest of Asia (R10),1
Medium-to-Low,SSP1,Capacity|Electricity|Fossil,World,1
Medium-to-Low,SSP1,Capacity|Electricity|Gas,Africa (R10),2
Medium-to-Low,SSP1,Capacity|Electricity|Gas,China+ (R10),2
Medium-to-Low,SSP1,Capacity|Electricity|Gas,Europe (R10),2
Medium-to-Low,SSP1,Capacity|Electricity|Gas,India+ (R10),2
Medium-to-Low,SSP1,Capacity|Electricity|Gas,Latin America (R10),2
Medium-to-Low,SSP1,Capacity|Electricity|Gas,Middle East (R10),2
Medium-to-Low,SSP1,Capacity|Electricity|Gas,North America (R10),2
Medium-to-Low,SSP1,Capacity|Electricity|Gas,Other (R10),1
Medium-to-Low,SSP1,Capacity|Electricity|Gas,Pacific OECD (R10),2
Medium-to-Low,SSP1,Capacity|Electricity|Gas,Reforming Economies (R10),2
Medium-to-Low,SSP1,Capacity|Electricity|Gas,Rest of Asia (R10),2
Medium-to-Low,SSP1,Capacity|Electricity|Gas,World,2
Medium-to-Low,SSP1,Capacity|Electricity|Geothermal,Africa (R10),2
Medium-to-Low,SSP1,Capacity|Electricity|Geothermal,China+ (R10),2
Medium-to-Low,SSP1,Capacity|Electricity|Geothermal,Europe (R10),2
Medium-to-Low,SSP1,Capacity|Electricity|Geothermal,India+ (R10),2
Medium-to-Low,SSP1,Capacity|Electricity|Geothermal,Latin America (R10),2
Medium-to-Low,SSP1,Capacity|Electricity|Geothermal,Middle East (R10),2
Medium-to-Low,SSP1,Capacity|Electricity|Geothermal,North America (R10),2
Medium-to-Low,SSP1,Capacity|Electricity|Geothermal,Other (R10),1
Medium-to-Low,SSP1,Capacity|Electricity|Geothermal,Pacific OECD (R10),2
Medium-to-Low,SSP1,Capacity|Electricity|Geothermal,Reforming Economies (R10),2
Medium-to-Low,SSP1,Capacity|Electricity|Geothermal,Rest of Asia (R10),2
Medium-to-Low,SSP1,Capacity|Electricity|Geothermal,World,2
Medium-to-Low,SSP1,Capacity|Electricity|Hydro,Africa (R10),2
Medium-to-Low,SSP1,Capacity|Electricity|Hydro,China+ (R10),2
Medium-to-Low,SSP1,Capacity|Electricity|Hydro,Europe (R10),2
Medium-to-Low,SSP1,Capacity|Electricity|Hydro,India+ (R10),2
Medium-to-Low,SSP1,Capacity|Electricity|Hydro,Latin America (R10),2
Medium-to-Low,SSP1,Capacity|Electricity|Hydro,Middle East (R10),2
Medium-to-Low,SSP1,Capacity|Electricity|Hydro,North America (R10),2
Medium-to-Low,SSP1,Capacity|Electricity|Hydro,Other (R10),1
Medium-to-Low,SSP1,Capacity|Electricity|Hydro,Pacific OECD (R10),2
Medium-to-Low,SSP1,Capacity|Electricity|Hydro,Reforming Economies (R10),2
Medium-to-Low,SSP1,Capacity|Electricity|Hydro,Rest of Asia (R10),2
Medium-to-Low,SSP1,Capacity|Electricity|Hydro,World,2
Medium-to-Low,SSP1,Capacity|Electricity|Hydrogen,Africa (R10),2
Medium-to-Low,SSP1,Capacity|Electricity|Hydrogen,China+ (R10),2
Medium-to-Low,SSP1,Capacity|Electricity|Hydrogen,Europe (R10),2
Medium-to-Low,SSP1,Capacity|Electricity|Hydrogen,India+ (R10),2
Medium-to-Low,SSP1,Capacity|Electricity|Hydrogen,Latin America (R10),2
Medium-to-Low,SSP1,Capacity|Electricity|Hydrogen,Middle East (R10),2
Medium-to-Low,SSP1,Capacity|Electricity|Hydrogen,North America (R10),2
Medium-to-Low,SSP1,Capacity|Electricity|Hydrogen,Other (R10),1
Medium-to-Low,SSP1,Capacity|Electricity|Hydrogen,Pacific OECD (R10),2
Medium-to-Low,SSP1,Capacity|Electricity|Hydrogen,Reforming Economies (R10),2
Medium-to-Low,SSP1,Capacity|Electricity|Hydrogen,Rest of Asia (R10),2
Medium-to-Low,SSP1,Capacity|Electricity|Hydrogen,World,2
Medium-to-Low,SSP1,Capacity|Electricity|Nuclear,Africa (R10),2
Medium-to-Low,SSP1,Capacity|Electricity|Nuclear,China+ (R10),2
Medium-to-Low,SSP1,Capacity|Electricity|Nuclear,Europe (R10),2
Medium-to-Low,SSP1,Capacity|Electricity|Nuclear,India+ (R10),2
Medium-to-Low,SSP1,Capacity|Electricity|Nuclear,Latin America (R10),2
Medium-to-Low,SSP1,Capacity|Electricity|Nuclear,Middle East (R10),2
Medium-to-Low,SSP1,Capacity|Electricity|Nuclear,North America (R10),2
Medium-to-Low,SSP1,Capacity|Electricity|Nuclear,Other (R10),1
Medium-to-Low,SSP1,Capacity|Electricity|Nuclear,Pacific OECD (R10),2
Medium-to-Low,SSP1,Capacity|Electricity|Nuclear,Reforming Economies (R10),2
Medium-to-Low,SSP1,Capacity|Electricity|Nuclear,Rest of Asia (R10),2
Medium-to-Low,SSP1,Capacity|Electricity|Nuclear,World,2
Medium-to-Low,SSP1,Capacity|Electricity|Oil,Africa (R10),2
Medium-to-Low,SSP1,Capacity|Electricity|Oil,China+ (R10),2
Medium-to-Low,SSP1,Capacity|Electricity|Oil,Europe (R10),2
Medium-to-Low,SSP1,Capacity|Electricity|Oil,India+ (R10),2
Medium-to-Low,SSP1,Capacity|Electricity|Oil,Latin America (R10),2
Medium-to-Low,SSP1,Capacity|Electricity|Oil,Middle East (R10),2
Medium-to-Low,SSP1,Capacity|Electricity|Oil,North America (R10),2
Medium-to-Low,SSP1,Capacity|Electricity|Oil,Other (R10),1
Medium-to-Low,SSP1,Capacity|Electricity|Oil,Pacific OECD (R10),2
Medium-to-Low,SSP1,Capacity|Electricity|Oil,Reforming Economies (R10),2
Medium-to-Low,SSP1,Capacity|Electricity|Oil,Rest of Asia (R10),2
Medium-to-Low,SSP1,Capacity|Electricity|Oil,World,2
Medium-to-Low,SSP1,Capacity|Electricity|Other,Africa (R10),1
Medium-to-Low,SSP1,Capacity|Electricity|Other,China+ (R10),1
Medium-to-Low,SSP1,Capacity|Electricity|Other,Europe (R10),1
Medium-to-Low,SSP1,Capacity|Electricity|Other,India+ (R10),1
Medium-to-Low,SSP1,Capacity|Electricity|Other,Latin America (R10),1
Medium-to-Low,SSP1,Capacity|Electricity|Other,Middle East (R10),1
Medium-to-Low,SSP1,Capacity|Electricity|Other,North America (R10),1
Medium-to-Low,SSP1,Capacity|Electricity|Other,Pacific OECD (R10),1
Medium-to-Low,SSP1,Capacity|Electricity|Other,Reforming Economies (R10),1
Medium-to-Low,SSP1,Capacity|Electricity|Other,Rest of Asia (R10),1
Medium-to-Low,SSP1,Capacity|Electricity|Other,World,1
Medium-to-Low,SSP1,Capacity|Electricity|Solar|CSP,Africa (R10),2
Medium-to-Low,SSP1,Capacity|Electricity|Solar|CSP,China+ (R10),2
Medium-to-Low,SSP1,Capacity|Electricity|Solar|CSP,Europe (R10),2
Medium-to-Low,SSP1,Capacity|Electricity|Solar|CSP,India+ (R10),2
Medium-to-Low,SSP1,Capacity|Electricity|Solar|CSP,Latin America (R10),2
Medium-to-Low,SSP1,Capacity|Electricity|Solar|CSP,Middle East (R10),2
Medium-to-Low,SSP1,Capacity|Electricity|Solar|CSP,North America (R10),2
Medium-to-Low,SSP1,Capacity|Electricity|Solar|CSP,Other (R10),1
Medium-to-Low,SSP1,Capacity|Electricity|Solar|CSP,Pacific OECD (R10),2
Medium-to-Low,SSP1,Capacity|Electricity|Solar|CSP,Reforming Economies (R10),2
Medium-to-Low,SSP1,Capacity|Electricity|Solar|CSP,Rest of Asia (R10),2
Medium-to-Low,SSP1,Capacity|Electricity|Solar|CSP,World,2
Medium-to-Low,SSP1,Capacity|Electricity|Solar|PV,Africa (R10),2
Medium-to-Low,SSP1,Capacity|Electricity|Solar|PV,China+ (R10),2
Medium-to-Low,SSP1,Capacity|Electricity|Solar|PV,Europe (R10),2
Medium-to-Low,SSP1,Capacity|Electricity|Solar|PV,India+ (R10),2
Medium-to-Low,SSP1,Capacity|Electricity|Solar|PV,Latin America (R10),2
Medium-to-Low,SSP1,Capacity|Electricity|Solar|PV,Middle East (R10),2
Medium-to-Low,SSP1,Capacity|Electricity|Solar|PV,North America (R10),2
Medium-to-Low,SSP1,Capacity|Electricity|Solar|PV,Other (R10),1
Medium-to-Low,SSP1,Capacity|Electricity|Solar|PV,Pacific OECD (R10),2
Medium-to-Low,SSP1,Capacity|Electricity|Solar|PV,Reforming Economies (R10),2
Medium-to-Low,SSP1,Capacity|Electricity|Solar|PV,Rest of Asia (R10),2
Medium-to-Low,SSP1,Capacity|Electricity|Solar|PV,World,2
Medium-to-Low,SSP1,Capacity|Electricity|Wind|Offshore,Africa (R10),2
Medium-to-Low,SSP1,Capacity|Electricity|Wind|Offshore,China+ (R10),2
Medium-to-Low,SSP1,Capacity|Electricity|Wind|Offshore,Europe (R10),2
Medium-to-Low,SSP1,Capacity|Electricity|Wind|Offshore,India+ (R10),2
Medium-to-Low,SSP1,Capacity|Electricity|Wind|Offshore,Latin America (R10),2
Medium-to-Low,SSP1,Capacity|Electricity|Wind|Offshore,Middle East (R10),2
Medium-to-Low,SSP1,Capacity|Electricity|Wind|Offshore,North America (R10),2
Medium-to-Low,SSP1,Capacity|Electricity|Wind|Offshore,Other (R10),1
Medium-to-Low,SSP1,Capacity|Electricity|Wind|Offshore,Pacific OECD (R10),2
Medium-to-Low,SSP1,Capacity|Electricity|Wind|Offshore,Reforming Economies (R10),2
Medium-to-Low,SSP1,Capacity|Electricity|Wind|Offshore,Rest of Asia (R10),2
Medium-to-Low,SSP1,Capacity|Electricity|Wind|Offshore,World,2
Medium-to-Low,SSP1,Capacity|Electricity|Wind|Onshore,Africa (R10),2
Medium-to-Low,SSP1,Capacity|Electricity|Wind|Onshore,China+ (R10),2
Medium-to-Low,SSP1,Capacity|Electricity|Wind|Onshore,Europe (R10),2
Medium-to-Low,SSP1,Capacity|Electricity|Wind|Onshore,India+ (R10),2
Medium-to-Low,SSP1,Capacity|Electricity|Wind|Onshore,Latin America (R10),2
Medium-to-Low,SSP1,Capacity|Electricity|Wind|Onshore,Middle East (R10),2
Medium-to-Low,SSP1,Capacity|Electricity|Wind|Onshore,North America (R10),2
Medium-to-Low,SSP1,Capacity|Electricity|Wind|Onshore,Other (R10),1
Medium-to-Low,SSP1,Capacity|Electricity|Wind|Onshore,Pacific OECD (R10),2
Medium-to-Low,SSP1,Capacity|Electricity|Wind|Onshore,Reforming Economies (R10),2
Medium-to-Low,SSP1,Capacity|Electricity|Wind|Onshore,Rest of Asia (R10),2
Medium-to-Low,SSP1,Capacity|Electricity|Wind|Onshore,World,2
Medium-to-Low,SSP1,Food Intake|Crops [per capita],Africa (R10),1
Medium-to-Low,SSP1,Food Intake|Crops [per capita],China+ (R10),1
Medium-to-Low,SSP1,Food Intake|Crops [per capita],Europe (R10),1
Medium-to-Low,SSP1,Food Intake|Crops [per capita],India+ (R10),1
Medium-to-Low,SSP1,Food Intake|Crops [per capita],Latin America (R10),1
Medium-to-Low,SSP1,Food Intake|Crops [per capita],Middle East (R10),1
Medium-to-Low,SSP1,Food Intake|Crops [per capita],North America (R10),1
Medium-to-Low,SSP1,Food Intake|Crops [per capita],Other (R10),1
Medium-to-Low,SSP1,Food Intake|Crops [per capita],Pacific OECD (R10),1
Medium-to-Low,SSP1,Food Intake|Crops [per capita],Reforming Economies (R10),1
Medium-to-Low,SSP1,Food Intake|Crops [per capita],Rest of Asia (R10),1
Medium-to-Low,SSP1,Food Intake|Crops [per capita],World,1
Medium-to-Low,SSP1,Food Intake|Livestock [per capita],Africa (R10),1
Medium-to-Low,SSP1,Food Intake|Livestock [per capita],China+ (R10),1
Medium-to-Low,SSP1,Food Intake|Livestock [per capita],Europe (R10),1
Medium-to-Low,SSP1,Food Intake|Livestock [per capita],India+ (R10),1
Medium-to-Low,SSP1,Food Intake|Livestock [per capita],Latin America (R10),1
Medium-to-Low,SSP1,Food Intake|Livestock [per capita],Middle East (R10),1
Medium-to-Low,SSP1,Food Intake|Livestock [per capita],North America (R10),1
Medium-to-Low,SSP1,Food Intake|Livestock [per capita],Other (R10),1
Medium-to-Low,SSP1,Food Intake|Livestock [per capita],Pacific OECD (R10),1
Medium-to-Low,SSP1,Food Intake|Livestock [per capita],Reforming Economies (R10),1
Medium-to-Low,SSP1,Food Intake|Livestock [per capita],Rest of Asia (R10),1
Medium-to-Low,SSP1,Food Intake|Livestock [per capita],World,1
Medium-to-Low,SSP1,Food Waste [per capita],Africa (R10),2
Medium-to-Low,SSP1,Food Waste [per capita],China+ (R10),2
Medium-to-Low,SSP1,Food Waste [per capita],Europe (R10),2
Medium-to-Low,SSP1,Food Waste [per capita],India+ (R10),2
Medium-to-Low,SSP1,Food Waste [per capita],Latin America (R10),2
Medium-to-Low,SSP1,Food Waste [per capita],Middle East (R10),2
Medium-to-Low,SSP1,Food Waste [per capita],North America (R10),2
Medium-to-Low,SSP1,Food Waste [per capita],Other (R10),1
Medium-to-Low,SSP1,Food Waste [per capita],Pacific OECD (R10),2
Medium-to-Low,SSP1,Food Waste [per capita],Reforming Economies (R10),2
Medium-to-Low,SSP1,Food Waste [per capita],Rest of Asia (R10),2
Medium-to-Low,SSP1,Food Waste [per capita],World,2
Medium-to-Low,SSP1,Forestry Production|Roundwood,Africa (R10),2
Medium-to-Low,SSP1,Forestry Production|Roundwood,China+ (R10),2
Medium-to-Low,SSP1,Forestry Production|Roundwood,Europe (R10),2
Medium-to-Low,SSP1,Forestry Production|Roundwood,India+ (R10),2
Medium-to-Low,SSP1,Forestry Production|Roundwood,Latin America (R10),2
Medium-to-Low,SSP1,Forestry Production|Roundwood,Middle East (R10),2
Medium-to-Low,SSP1,Forestry Production|Roundwood,North America (R10),2
Medium-to-Low,SSP1,Forestry Production|Roundwood,Other (R10),1
Medium-to-Low,SSP1,Forestry Production|Roundwood,Pacific OECD (R10),2
Medium-to-Low,SSP1,Forestry Production|Roundwood,Reforming Economies (R10),2
Medium-to-Low,SSP1,Forestry Production|Roundwood,Rest of Asia (R10),2
Medium-to-Low,SSP1,Forestry Production|Roundwood,World,2
Medium-to-Low,SSP1,GDP|MER,Africa (R10),2
Medium-to-Low,SSP1,GDP|MER,China+ (R10),2
Medium-to-Low,SSP1,GDP|MER,Europe (R10),2
Medium-to-Low,SSP1,GDP|MER,India+ (R10),2
Medium-to-Low,SSP1,GDP|MER,Latin America (R10),2
Medium-to-Low,SSP1,GDP|MER,Middle East (R10),2
Medium-to-Low,SSP1,GDP|MER,North America (R10),2
Medium-to-Low,SSP1,GDP|MER,Other (R10),1
Medium-to-Low,SSP1,GDP|MER,Pacific OECD (R10),2
Medium-to-Low,SSP1,GDP|MER,Reforming Economies (R10),2
Medium-to-Low,SSP1,GDP|MER,Rest of Asia (R10),2
Medium-to-Low,SSP1,GDP|MER,World,2
Medium-to-Low,SSP1,Population,Africa (R10),2
Medium-to-Low,SSP1,Population,China+ (R10),2
Medium-to-Low,SSP1,Population,Europe (R10),2
Medium-to-Low,SSP1,Population,India+ (R10),2
Medium-to-Low,SSP1,Population,Latin America (R10),2
Medium-to-Low,SSP1,Population,Middle East (R10),2
Medium-to-Low,SSP1,Population,North America (R10),2
Medium-to-Low,SSP1,Population,Other (R10),1
Medium-to-Low,SSP1,Population,Pacific OECD (R10),2
Medium-to-Low,SSP1,Population,Reforming Economies (R10),2
Medium-to-Low,SSP1,Population,Rest of Asia (R10),2
Medium-to-Low,SSP1,Population,World,2
Medium-to-Low,SSP1,Primary Energy,Africa (R10),2
Medium-to-Low,SSP1,Primary Energy,China+ (R10),2
Medium-to-Low,SSP1,Primary Energy,Europe (R10),2
Medium-to-Low,SSP1,Primary Energy,India+ (R10),2
Medium-to-Low,SSP1,Primary Energy,Latin America (R10),2
Medium-to-Low,SSP1,Primary Energy,Middle East (R10),2
Medium-to-Low,SSP1,Primary Energy,North America (R10),2
Medium-to-Low,SSP1,Primary Energy,Other (R10),1
Medium-to-Low,SSP1,Primary Energy,Pacific OECD (R10),2
Medium-to-Low,SSP1,Primary Energy,Reforming Economies (R10),2
Medium-to-Low,SSP1,Primary Energy,Rest of Asia (R10),2
Medium-to-Low,SSP1,Primary Energy,World,2
Medium-to-Low,SSP1,Primary Energy|Biomass,Africa (R10),2
Medium-to-Low,SSP1,Primary Energy|Biomass,China+ (R10),2
Medium-to-Low,SSP1,Primary Energy|Biomass,Europe (R10),2
Medium-to-Low,SSP1,Primary Energy|Biomass,India+ (R10),2
Medium-to-Low,SSP1,Primary Energy|Biomass,Latin America (R10),2
Medium-to-Low,SSP1,Primary Energy|Biomass,Middle East (R10),2
Medium-to-Low,SSP1,Primary Energy|Biomass,North America (R10),2
Medium-to-Low,SSP1,Primary Energy|Biomass,Other (R10),1
Medium-to-Low,SSP1,Primary Energy|Biomass,Pacific OECD (R10),2
Medium-to-Low,SSP1,Primary Energy|Biomass,Reforming Economies (R10),2
Medium-to-Low,SSP1,Primary Energy|Biomass,Rest of Asia (R10),2
Medium-to-Low,SSP1,Primary Energy|Biomass,World,2
Medium-to-Low,SSP1,Primary Energy|Coal,Africa (R10),2
Medium-to-Low,SSP1,Primary Energy|Coal,China+ (R10),2
Medium-to-Low,SSP1,Primary Energy|Coal,Europe (R10),2
Medium-to-Low,SSP1,Primary Energy|Coal,India+ (R10),2
Medium-to-Low,SSP1,Primary Energy|Coal,Latin America (R10),2
Medium-to-Low,SSP1,Primary Energy|Coal,Middle East (R10),2
Medium-to-Low,SSP1,Primary Energy|Coal,North America (R10),2
Medium-to-Low,SSP1,Primary Energy|Coal,Other (R10),1
Medium-to-Low,SSP1,Primary Energy|Coal,Pacific OECD (R10),2
Medium-to-Low,SSP1,Primary Energy|Coal,Reforming Economies (R10),2
Medium-to-Low,SSP1,Primary Energy|Coal,Rest of Asia (R10),2
Medium-to-Low,SSP1,Primary Energy|Coal,World,2
Medium-to-Low,SSP1,Primary Energy|Fossil,Africa (R10),2
Medium-to-Low,SSP1,Primary Energy|Fossil,China+ (R10),2
Medium-to-Low,SSP1,Primary Energy|Fossil,Europe (R10),2
Medium-to-Low,SSP1,Primary Energy|Fossil,India+ (R10),2
Medium-to-Low,SSP1,Primary Energy|Fossil,Latin America (R10),2
Medium-to-Low,SSP1,Primary Energy|Fossil,Middle East (R10),2
Medium-to-Low,SSP1,Primary Energy|Fossil,North America (R10),2
Medium-to-Low,SSP1,Primary Energy|Fossil,Other (R10),1
Medium-to-Low,SSP1,Primary Energy|Fossil,Pacific OECD (R10),2
Medium-to-Low,SSP1,Primary Energy|Fossil,Reforming Economies (R10),2
Medium-to-Low,SSP1,Primary Energy|Fossil,Rest of Asia (R10),2
Medium-to-Low,SSP1,Primary Energy|Fossil,World,2
Medium-to-Low,SSP1,Primary Energy|Gas,Africa (R10),2
Medium-to-Low,SSP1,Primary Energy|Gas,China+ (R10),2
Medium-to-Low,SSP1,Primary Energy|Gas,Europe (R10),2
Medium-to-Low,SSP1,Primary Energy|Gas,India+ (R10),2
Medium-to-Low,SSP1,Primary Energy|Gas,Latin America (R10),2
Medium-to-Low,SSP1,Primary Energy|Gas,Middle East (R10),2
Medium-to-Low,SSP1,Primary Energy|Gas,North America (R10),2
Medium-to-Low,SSP1,Primary Energy|Gas,Other (R10),1
Medium-to-Low,SSP1,Primary Energy|Gas,Pacific OECD (R10),2
Medium-to-Low,SSP1,Primary Energy|Gas,Reforming Economies (R10),2
Medium-to-Low,SSP1,Primary Energy|Gas,Rest of Asia (R10),2
Medium-to-Low,SSP1,Primary Energy|Gas,World,2
Medium-to-Low,SSP1,Primary Energy|Geothermal,Africa (R10),1
Medium-to-Low,SSP1,Primary Energy|Geothermal,China+ (R10),1
Medium-to-Low,SSP1,Primary Energy|Geothermal,Europe (R10),1
Medium-to-Low,SSP1,Primary Energy|Geothermal,India+ (R10),1
Medium-to-Low,SSP1,Primary Energy|Geothermal,Latin America (R10),1
Medium-to-Low,SSP1,Primary Energy|Geothermal,Middle East (R10),1
Medium-to-Low,SSP1,Primary Energy|Geothermal,North America (R10),1
Medium-to-Low,SSP1,Primary Energy|Geothermal,Other (R10),1
Medium-to-Low,SSP1,Primary Energy|Geothermal,Pacific OECD (R10),1
Medium-to-Low,SSP1,Primary Energy|Geothermal,Reforming Economies (R10),1
Medium-to-Low,SSP1,Primary Energy|Geothermal,Rest of Asia (R10),1
Medium-to-Low,SSP1,Primary Energy|Geothermal,World,1
Medium-to-Low,SSP1,Primary Energy|Hydro,Africa (R10),2
Medium-to-Low,SSP1,Primary Energy|Hydro,China+ (R10),2
Medium-to-Low,SSP1,Primary Energy|Hydro,Europe (R10),2
Medium-to-Low,SSP1,Primary Energy|Hydro,India+ (R10),2
Medium-to-Low,SSP1,Primary Energy|Hydro,Latin America (R10),2
Medium-to-Low,SSP1,Primary Energy|Hydro,Middle East (R10),2
Medium-to-Low,SSP1,Primary Energy|Hydro,North America (R10),2
Medium-to-Low,SSP1,Primary Energy|Hydro,Other (R10),1
Medium-to-Low,SSP1,Primary Energy|Hydro,Pacific OECD (R10),2
Medium-to-Low,SSP1,Primary Energy|Hydro,Reforming Economies (R10),2
Medium-to-Low,SSP1,Primary Energy|Hydro,Rest of Asia (R10),2
Medium-to-Low,SSP1,Primary Energy|Hydro,World,2
Medium-to-Low,SSP1,Primary Energy|Non-Biomass Renewables,Africa (R10),2
Medium-to-Low,SSP1,Primary Energy|Non-Biomass Renewables,China+ (R10),2
Medium-to-Low,SSP1,Primary Energy|Non-Biomass Renewables,Europe (R10),2
Medium-to-Low,SSP1,Primary Energy|Non-Biomass Renewables,India+ (R10),2
Medium-to-Low,SSP1,Primary Energy|Non-Biomass Renewables,Latin America (R10),2
Medium-to-Low,SSP1,Primary Energy|Non-Biomass Renewables,Middle East (R10),2
Medium-to-Low,SSP1,Primary Energy|Non-Biomass Renewables,North America (R10),2
Medium-to-Low,SSP1,Primary Energy|Non-Biomass Renewables,Other (R10),1
Medium-to-Low,SSP1,Primary Energy|Non-Biomass Renewables,Pacific OECD (R10),2
Medium-to-Low,SSP1,Primary Energy|Non-Biomass Renewables,Reforming Economies (R10),2
Medium-to-Low,SSP1,Primary Energy|Non-Biomass Renewables,Rest of Asia (R10),2
Medium-to-Low,SSP1,Primary Energy|Non-Biomass Renewables,World,2
Medium-to-Low,SSP1,Primary Energy|Nuclear,Africa (R10),2
Medium-to-Low,SSP1,Primary Energy|Nuclear,China+ (R10),2
Medium-to-Low,SSP1,Primary Energy|Nuclear,Europe (R10),2
Medium-to-Low,SSP1,Primary Energy|Nuclear,India+ (R10),2
Medium-to-Low,SSP1,Primary Energy|Nuclear,Latin America (R10),2
Medium-to-Low,SSP1,Primary Energy|Nuclear,Middle East (R10),2
Medium-to-Low,SSP1,Primary Energy|Nuclear,North America (R10),2
Medium-to-Low,SSP1,Primary Energy|Nuclear,Other (R10),1
Medium-to-Low,SSP1,Primary Energy|Nuclear,Pacific OECD (R10),2
Medium-to-Low,SSP1,Primary Energy|Nuclear,Reforming Economies (R10),2
Medium-to-Low,SSP1,Primary Energy|Nuclear,Rest of Asia (R10),2
Medium-to-Low,SSP1,Primary Energy|Nuclear,World,2
Medium-to-Low,SSP1,Primary Energy|Oil,Africa (R10),2
Medium-to-Low,SSP1,Primary Energy|Oil,China+ (R10),2
Medium-to-Low,SSP1,Primary Energy|Oil,Europe (R10),2
Medium-to-Low,SSP1,Primary Energy|Oil,India+ (R10),2
Medium-to-Low,SSP1,Primary Energy|Oil,Latin America (R10),2
Medium-to-Low,SSP1,Primary Energy|Oil,Middle East (R10),2
Medium-to-Low,SSP1,Primary Energy|Oil,North America (R10),2
Medium-to-Low,SSP1,Primary Energy|Oil,Other (R10),1
Medium-to-Low,SSP1,Primary Energy|Oil,Pacific OECD (R10),2
Medium-to-Low,SSP1,Primary Energy|Oil,Reforming Economies (R10),2
Medium-to-Low,SSP1,Primary Energy|Oil,Rest of Asia (R10),2
Medium-to-Low,SSP1,Primary Energy|Oil,World,2
Medium-to-Low,SSP1,Primary Energy|Other,Africa (R10),1
Medium-to-Low,SSP1,Primary Energy|Other,China+ (R10),1
Medium-to-Low,SSP1,Primary Energy|Other,Europe (R10),1
Medium-to-Low,SSP1,Primary Energy|Other,India+ (R10),1
Medium-to-Low,SSP1,Primary Energy|Other,Latin America (R10),1
Medium-to-Low,SSP1,Primary Energy|Other,Middle East (R10),1
Medium-to-Low,SSP1,Primary Energy|Other,North America (R10),1
Medium-to-Low,SSP1,Primary Energy|Other,Pacific OECD (R10),1
Medium-to-Low,SSP1,Primary Energy|Other,Reforming Economies (R10),1
Medium-to-Low,SSP1,Primary Energy|Other,Rest of Asia (R10),1
Medium-to-Low,SSP1,Primary Energy|Other,World,1
Medium-to-Low,SSP1,Production|Iron and Steel|Steel,Africa (R10),2
Medium-to-Low,SSP1,Production|Iron and Steel|Steel,China+ (R10),2
Medium-to-Low,SSP1,Production|Iron and Steel|Steel,Europe (R10),2
Medium-to-Low,SSP1,Production|Iron and Steel|Steel,India+ (R10),2
Medium-to-Low,SSP1,Production|Iron and Steel|Steel,Latin America (R10),2
Medium-to-Low,SSP1,Production|Iron and Steel|Steel,Middle East (R10),2
Medium-to-Low,SSP1,Production|Iron and Steel|Steel,North America (R10),2
Medium-to-Low,SSP1,Production|Iron and Steel|Steel,Other (R10),1
Medium-to-Low,SSP1,Production|Iron and Steel|Steel,Pacific OECD (R10),2
Medium-to-Low,SSP1,Production|Iron and Steel|Steel,Reforming Economies (R10),2
Medium-to-Low,SSP1,Production|Iron and Steel|Steel,Rest of Asia (R10),2
Medium-to-Low,SSP1,Production|Iron and Steel|Steel,World,2
Medium-to-Low,SSP1,Production|Non-Metallic Minerals|Cement,Africa (R10),2
Medium-to-Low,SSP1,Production|Non-Metallic Minerals|Cement,China+ (R10),2
Medium-to-Low,SSP1,Production|Non-Metallic Minerals|Cement,Europe (R10),2
Medium-to-Low,SSP1,Production|Non-Metallic Minerals|Cement,India+ (R10),2
Medium-to-Low,SSP1,Production|Non-Metallic Minerals|Cement,Latin America (R10),2
Medium-to-Low,SSP1,Production|Non-Metallic Minerals|Cement,Middle East (R10),2
Medium-to-Low,SSP1,Production|Non-Metallic Minerals|Cement,North America (R10),2
Medium-to-Low,SSP1,Production|Non-Metallic Minerals|Cement,Other (R10),1
Medium-to-Low,SSP1,Production|Non-Metallic Minerals|Cement,Pacific OECD (R10),2
Medium-to-Low,SSP1,Production|Non-Metallic Minerals|Cement,Reforming Economies (R10),2
Medium-to-Low,SSP1,Production|Non-Metallic Minerals|Cement,Rest of Asia (R10),2
Medium-to-Low,SSP1,Production|Non-Metallic Minerals|Cement,World,2
Medium-to-Low,SSP1,Resource|Extraction|Coal,Africa (R10),1
Medium-to-Low,SSP1,Resource|Extraction|Coal,China+ (R10),1
Medium-to-Low,SSP1,Resource|Extraction|Coal,Europe (R10),1
Medium-to-Low,SSP1,Resource|Extraction|Coal,India+ (R10),1
Medium-to-Low,SSP1,Resource|Extraction|Coal,Latin America (R10),1
Medium-to-Low,SSP1,Resource|Extraction|Coal,Middle East (R10),1
Medium-to-Low,SSP1,Resource|Extraction|Coal,North America (R10),1
Medium-to-Low,SSP1,Resource|Extraction|Coal,Other (R10),1
Medium-to-Low,SSP1,Resource|Extraction|Coal,Pacific OECD (R10),1
Medium-to-Low,SSP1,Resource|Extraction|Coal,Reforming Economies (R10),1
Medium-to-Low,SSP1,Resource|Extraction|Coal,Rest of Asia (R10),1
Medium-to-Low,SSP1,Resource|Extraction|Coal,World,1
Medium-to-Low,SSP1,Resource|Extraction|Gas,Africa (R10),1
Medium-to-Low,SSP1,Resource|Extraction|Gas,China+ (R10),1
Medium-to-Low,SSP1,Resource|Extraction|Gas,Europe (R10),1
Medium-to-Low,SSP1,Resource|Extraction|Gas,India+ (R10),1
Medium-to-Low,SSP1,Resource|Extraction|Gas,Latin America (R10),1
Medium-to-Low,SSP1,Resource|Extraction|Gas,Middle East (R10),1
Medium-to-Low,SSP1,Resource|Extraction|Gas,North America (R10),1
Medium-to-Low,SSP1,Resource|Extraction|Gas,Other (R10),1
Medium-to-Low,SSP1,Resource|Extraction|Gas,Pacific OECD (R10),1
Medium-to-Low,SSP1,Resource|Extraction|Gas,Reforming Economies (R10),1
Medium-to-Low,SSP1,Resource|Extraction|Gas,Rest of Asia (R10),1
Medium-to-Low,SSP1,Resource|Extraction|Gas,World,1
Medium-to-Low,SSP1,Resource|Extraction|Oil,Africa (R10),1
Medium-to-Low,SSP1,Resource|Extraction|Oil,China+ (R10),1
Medium-to-Low,SSP1,Resource|Extraction|Oil,Europe (R10),1
Medium-to-Low,SSP1,Resource|Extraction|Oil,India+ (R10),1
Medium-to-Low,SSP1,Resource|Extraction|Oil,Latin America (R10),1
Medium-to-Low,SSP1,Resource|Extraction|Oil,Middle East (R10),1
Medium-to-Low,SSP1,Resource|Extraction|Oil,North America (R10),1
Medium-to-Low,SSP1,Resource|Extraction|Oil,Other (R10),1
Medium-to-Low,SSP1,Resource|Extraction|Oil,Pacific OECD (R10),1
Medium-to-Low,SSP1,Resource|Extraction|Oil,Reforming Economies (R10),1
Medium-to-Low,SSP1,Resource|Extraction|Oil,Rest of Asia (R10),1
Medium-to-Low,SSP1,Resource|Extraction|Oil,World,1
Medium-to-Low,SSP2,Agricultural Demand|Residues,Africa (R10),3
Medium-to-Low,SSP2,Agricultural Demand|Residues,China+ (R10),3
Medium-to-Low,SSP2,Agricultural Demand|Residues,Europe (R10),3
Medium-to-Low,SSP2,Agricultural Demand|Residues,India+ (R10),3
Medium-to-Low,SSP2,Agricultural Demand|Residues,Latin America (R10),3
Medium-to-Low,SSP2,Agricultural Demand|Residues,Middle East (R10),3
Medium-to-Low,SSP2,Agricultural Demand|Residues,North America (R10),3
Medium-to-Low,SSP2,Agricultural Demand|Residues,Other (R10),1
Medium-to-Low,SSP2,Agricultural Demand|Residues,Pacific OECD (R10),3
Medium-to-Low,SSP2,Agricultural Demand|Residues,Reforming Economies (R10),3
Medium-to-Low,SSP2,Agricultural Demand|Residues,Rest of Asia (R10),3
Medium-to-Low,SSP2,Agricultural Demand|Residues,World,3
Medium-to-Low,SSP2,Agricultural Production,Africa (R10),7
Medium-to-Low,SSP2,Agricultural Production,China+ (R10),7
Medium-to-Low,SSP2,Agricultural Production,Europe (R10),7
Medium-to-Low,SSP2,Agricultural Production,India+ (R10),7
Medium-to-Low,SSP2,Agricultural Production,Latin America (R10),7
Medium-to-Low,SSP2,Agricultural Production,Middle East (R10),7
Medium-to-Low,SSP2,Agricultural Production,North America (R10),7
Medium-to-Low,SSP2,Agricultural Production,Other (R10),1
Medium-to-Low,SSP2,Agricultural Production,Pacific OECD (R10),7
Medium-to-Low,SSP2,Agricultural Production,Reforming Economies (R10),7
Medium-to-Low,SSP2,Agricultural Production,Rest of Asia (R10),7
Medium-to-Low,SSP2,Agricultural Production,World,7
Medium-to-Low,SSP2,Agricultural Production|Crops,Africa (R10),7
Medium-to-Low,SSP2,Agricultural Production|Crops,China+ (R10),7
Medium-to-Low,SSP2,Agricultural Production|Crops,Europe (R10),7
Medium-to-Low,SSP2,Agricultural Production|Crops,India+ (R10),7
Medium-to-Low,SSP2,Agricultural Production|Crops,Latin America (R10),7
Medium-to-Low,SSP2,Agricultural Production|Crops,Middle East (R10),7
Medium-to-Low,SSP2,Agricultural Production|Crops,North America (R10),7
Medium-to-Low,SSP2,Agricultural Production|Crops,Other (R10),1
Medium-to-Low,SSP2,Agricultural Production|Crops,Pacific OECD (R10),7
Medium-to-Low,SSP2,Agricultural Production|Crops,Reforming Economies (R10),7
Medium-to-Low,SSP2,Agricultural Production|Crops,Rest of Asia (R10),7
Medium-to-Low,SSP2,Agricultural Production|Crops,World,7
Medium-to-Low,SSP2,Agricultural Production|Livestock,Africa (R10),7
Medium-to-Low,SSP2,Agricultural Production|Livestock,China+ (R10),7
Medium-to-Low,SSP2,Agricultural Production|Livestock,Europe (R10),7
Medium-to-Low,SSP2,Agricultural Production|Livestock,India+ (R10),7
Medium-to-Low,SSP2,Agricultural Production|Livestock,Latin America (R10),7
Medium-to-Low,SSP2,Agricultural Production|Livestock,Middle East (R10),7
Medium-to-Low,SSP2,Agricultural Production|Livestock,North America (R10),7
Medium-to-Low,SSP2,Agricultural Production|Livestock,Other (R10),1
Medium-to-Low,SSP2,Agricultural Production|Livestock,Pacific OECD (R10),7
Medium-to-Low,SSP2,Agricultural Production|Livestock,Reforming Economies (R10),7
Medium-to-Low,SSP2,Agricultural Production|Livestock,Rest of Asia (R10),7
Medium-to-Low,SSP2,Agricultural Production|Livestock,World,7
Medium-to-Low,SSP2,Building Stock|Commercial|Floor Space|Gross,Africa (R10),1
Medium-to-Low,SSP2,Building Stock|Commercial|Floor Space|Gross,China+ (R10),1
Medium-to-Low,SSP2,Building Stock|Commercial|Floor Space|Gross,Europe (R10),1
Medium-to-Low,SSP2,Building Stock|Commercial|Floor Space|Gross,India+ (R10),1
Medium-to-Low,SSP2,Building Stock|Commercial|Floor Space|Gross,Latin America (R10),1
Medium-to-Low,SSP2,Building Stock|Commercial|Floor Space|Gross,Middle East (R10),1
Medium-to-Low,SSP2,Building Stock|Commercial|Floor Space|Gross,North America (R10),1
Medium-to-Low,SSP2,Building Stock|Commercial|Floor Space|Gross,Pacific OECD (R10),1
Medium-to-Low,SSP2,Building Stock|Commercial|Floor Space|Gross,Reforming Economies (R10),1
Medium-to-Low,SSP2,Building Stock|Commercial|Floor Space|Gross,Rest of Asia (R10),1
Medium-to-Low,SSP2,Building Stock|Commercial|Floor Space|Gross,World,1
Medium-to-Low,SSP2,Building Stock|Residential and Commercial|Floor Space|Gross,Africa (R10),2
Medium-to-Low,SSP2,Building Stock|Residential and Commercial|Floor Space|Gross,China+ (R10),2
Medium-to-Low,SSP2,Building Stock|Residential and Commercial|Floor Space|Gross,Europe (R10),2
Medium-to-Low,SSP2,Building Stock|Residential and Commercial|Floor Space|Gross,India+ (R10),2
Medium-to-Low,SSP2,Building Stock|Residential and Commercial|Floor Space|Gross,Latin America (R10),2
Medium-to-Low,SSP2,Building Stock|Residential and Commercial|Floor Space|Gross,Middle East (R10),2
Medium-to-Low,SSP2,Building Stock|Residential and Commercial|Floor Space|Gross,North America (R10),2
Medium-to-Low,SSP2,Building Stock|Residential and Commercial|Floor Space|Gross,Other (R10),1
Medium-to-Low,SSP2,Building Stock|Residential and Commercial|Floor Space|Gross,Pacific OECD (R10),2
Medium-to-Low,SSP2,Building Stock|Residential and Commercial|Floor Space|Gross,Reforming Economies (R10),2
Medium-to-Low,SSP2,Building Stock|Residential and Commercial|Floor Space|Gross,Rest of Asia (R10),2
Medium-to-Low,SSP2,Building Stock|Residential and Commercial|Floor Space|Gross,World,2
Medium-to-Low,SSP2,Building Stock|Residential|Floor Space|Gross,Africa (R10),1
Medium-to-Low,SSP2,Building Stock|Residential|Floor Space|Gross,China+ (R10),1
Medium-to-Low,SSP2,Building Stock|Residential|Floor Space|Gross,Europe (R10),1
Medium-to-Low,SSP2,Building Stock|Residential|Floor Space|Gross,India+ (R10),1
Medium-to-Low,SSP2,Building Stock|Residential|Floor Space|Gross,Latin America (R10),1
Medium-to-Low,SSP2,Building Stock|Residential|Floor Space|Gross,Middle East (R10),1
Medium-to-Low,SSP2,Building Stock|Residential|Floor Space|Gross,North America (R10),1
Medium-to-Low,SSP2,Building Stock|Residential|Floor Space|Gross,Pacific OECD (R10),1
Medium-to-Low,SSP2,Building Stock|Residential|Floor Space|Gross,Reforming Economies (R10),1
Medium-to-Low,SSP2,Building Stock|Residential|Floor Space|Gross,Rest of Asia (R10),1
Medium-to-Low,SSP2,Building Stock|Residential|Floor Space|Gross,World,1
Medium-to-Low,SSP2,Capacity|Electricity|Biomass,Africa (R10),6
Medium-to-Low,SSP2,Capacity|Electricity|Biomass,China+ (R10),6
Medium-to-Low,SSP2,Capacity|Electricity|Biomass,Europe (R10),6
Medium-to-Low,SSP2,Capacity|Electricity|Biomass,India+ (R10),6
Medium-to-Low,SSP2,Capacity|Electricity|Biomass,Latin America (R10),6
Medium-to-Low,SSP2,Capacity|Electricity|Biomass,Middle East (R10),6
Medium-to-Low,SSP2,Capacity|Electricity|Biomass,North America (R10),6
Medium-to-Low,SSP2,Capacity|Electricity|Biomass,Other (R10),1
Medium-to-Low,SSP2,Capacity|Electricity|Biomass,Pacific OECD (R10),6
Medium-to-Low,SSP2,Capacity|Electricity|Biomass,Reforming Economies (R10),6
Medium-to-Low,SSP2,Capacity|Electricity|Biomass,Rest of Asia (R10),6
Medium-to-Low,SSP2,Capacity|Electricity|Biomass,World,6
Medium-to-Low,SSP2,Capacity|Electricity|Coal,Africa (R10),6
Medium-to-Low,SSP2,Capacity|Electricity|Coal,China+ (R10),6
Medium-to-Low,SSP2,Capacity|Electricity|Coal,Europe (R10),6
Medium-to-Low,SSP2,Capacity|Electricity|Coal,India+ (R10),6
Medium-to-Low,SSP2,Capacity|Electricity|Coal,Latin America (R10),6
Medium-to-Low,SSP2,Capacity|Electricity|Coal,Middle East (R10),6
Medium-to-Low,SSP2,Capacity|Electricity|Coal,North America (R10),6
Medium-to-Low,SSP2,Capacity|Electricity|Coal,Other (R10),1
Medium-to-Low,SSP2,Capacity|Electricity|Coal,Pacific OECD (R10),6
Medium-to-Low,SSP2,Capacity|Electricity|Coal,Reforming Economies (R10),6
Medium-to-Low,SSP2,Capacity|Electricity|Coal,Rest of Asia (R10),6
Medium-to-Low,SSP2,Capacity|Electricity|Coal,World,6
Medium-to-Low,SSP2,Capacity|Electricity|Fossil,Africa (R10),4
Medium-to-Low,SSP2,Capacity|Electricity|Fossil,China+ (R10),4
Medium-to-Low,SSP2,Capacity|Electricity|Fossil,Europe (R10),4
Medium-to-Low,SSP2,Capacity|Electricity|Fossil,India+ (R10),4
Medium-to-Low,SSP2,Capacity|Electricity|Fossil,Latin America (R10),4
Medium-to-Low,SSP2,Capacity|Electricity|Fossil,Middle East (R10),4
Medium-to-Low,SSP2,Capacity|Electricity|Fossil,North America (R10),4
Medium-to-Low,SSP2,Capacity|Electricity|Fossil,Pacific OECD (R10),4
Medium-to-Low,SSP2,Capacity|Electricity|Fossil,Reforming Economies (R10),4
Medium-to-Low,SSP2,Capacity|Electricity|Fossil,Rest of Asia (R10),4
Medium-to-Low,SSP2,Capacity|Electricity|Fossil,World,4
Medium-to-Low,SSP2,Capacity|Electricity|Gas,Africa (R10),6
Medium-to-Low,SSP2,Capacity|Electricity|Gas,China+ (R10),6
Medium-to-Low,SSP2,Capacity|Electricity|Gas,Europe (R10),6
Medium-to-Low,SSP2,Capacity|Electricity|Gas,India+ (R10),6
Medium-to-Low,SSP2,Capacity|Electricity|Gas,Latin America (R10),6
Medium-to-Low,SSP2,Capacity|Electricity|Gas,Middle East (R10),6
Medium-to-Low,SSP2,Capacity|Electricity|Gas,North America (R10),6
Medium-to-Low,SSP2,Capacity|Electricity|Gas,Other (R10),1
Medium-to-Low,SSP2,Capacity|Electricity|Gas,Pacific OECD (R10),6
Medium-to-Low,SSP2,Capacity|Electricity|Gas,Reforming Economies (R10),6
Medium-to-Low,SSP2,Capacity|Electricity|Gas,Rest of Asia (R10),6
Medium-to-Low,SSP2,Capacity|Electricity|Gas,World,6
Medium-to-Low,SSP2,Capacity|Electricity|Geothermal,Africa (R10),5
Medium-to-Low,SSP2,Capacity|Electricity|Geothermal,China+ (R10),4
Medium-to-Low,SSP2,Capacity|Electricity|Geothermal,Europe (R10),5
Medium-to-Low,SSP2,Capacity|Electricity|Geothermal,India+ (R10),4
Medium-to-Low,SSP2,Capacity|Electricity|Geothermal,Latin America (R10),5
Medium-to-Low,SSP2,Capacity|Electricity|Geothermal,Middle East (R10),4
Medium-to-Low,SSP2,Capacity|Electricity|Geothermal,North America (R10),5
Medium-to-Low,SSP2,Capacity|Electricity|Geothermal,Other (R10),1
Medium-to-Low,SSP2,Capacity|Electricity|Geothermal,Pacific OECD (R10),5
Medium-to-Low,SSP2,Capacity|Electricity|Geothermal,Reforming Economies (R10),5
Medium-to-Low,SSP2,Capacity|Electricity|Geothermal,Rest of Asia (R10),5
Medium-to-Low,SSP2,Capacity|Electricity|Geothermal,World,5
Medium-to-Low,SSP2,Capacity|Electricity|Hydro,Africa (R10),6
Medium-to-Low,SSP2,Capacity|Electricity|Hydro,China+ (R10),6
Medium-to-Low,SSP2,Capacity|Electricity|Hydro,Europe (R10),6
Medium-to-Low,SSP2,Capacity|Electricity|Hydro,India+ (R10),6
Medium-to-Low,SSP2,Capacity|Electricity|Hydro,Latin America (R10),6
Medium-to-Low,SSP2,Capacity|Electricity|Hydro,Middle East (R10),6
Medium-to-Low,SSP2,Capacity|Electricity|Hydro,North America (R10),6
Medium-to-Low,SSP2,Capacity|Electricity|Hydro,Other (R10),1
Medium-to-Low,SSP2,Capacity|Electricity|Hydro,Pacific OECD (R10),6
Medium-to-Low,SSP2,Capacity|Electricity|Hydro,Reforming Economies (R10),6
Medium-to-Low,SSP2,Capacity|Electricity|Hydro,Rest of Asia (R10),6
Medium-to-Low,SSP2,Capacity|Electricity|Hydro,World,6
Medium-to-Low,SSP2,Capacity|Electricity|Hydrogen,Africa (R10),2
Medium-to-Low,SSP2,Capacity|Electricity|Hydrogen,China+ (R10),2
Medium-to-Low,SSP2,Capacity|Electricity|Hydrogen,Europe (R10),2
Medium-to-Low,SSP2,Capacity|Electricity|Hydrogen,India+ (R10),2
Medium-to-Low,SSP2,Capacity|Electricity|Hydrogen,Latin America (R10),2
Medium-to-Low,SSP2,Capacity|Electricity|Hydrogen,Middle East (R10),2
Medium-to-Low,SSP2,Capacity|Electricity|Hydrogen,North America (R10),2
Medium-to-Low,SSP2,Capacity|Electricity|Hydrogen,Other (R10),1
Medium-to-Low,SSP2,Capacity|Electricity|Hydrogen,Pacific OECD (R10),2
Medium-to-Low,SSP2,Capacity|Electricity|Hydrogen,Reforming Economies (R10),2
Medium-to-Low,SSP2,Capacity|Electricity|Hydrogen,Rest of Asia (R10),2
Medium-to-Low,SSP2,Capacity|Electricity|Hydrogen,World,2
Medium-to-Low,SSP2,Capacity|Electricity|Nuclear,Africa (R10),6
Medium-to-Low,SSP2,Capacity|Electricity|Nuclear,China+ (R10),6
Medium-to-Low,SSP2,Capacity|Electricity|Nuclear,Europe (R10),6
Medium-to-Low,SSP2,Capacity|Electricity|Nuclear,India+ (R10),6
Medium-to-Low,SSP2,Capacity|Electricity|Nuclear,Latin America (R10),6
Medium-to-Low,SSP2,Capacity|Electricity|Nuclear,Middle East (R10),6
Medium-to-Low,SSP2,Capacity|Electricity|Nuclear,North America (R10),6
Medium-to-Low,SSP2,Capacity|Electricity|Nuclear,Other (R10),1
Medium-to-Low,SSP2,Capacity|Electricity|Nuclear,Pacific OECD (R10),6
Medium-to-Low,SSP2,Capacity|Electricity|Nuclear,Reforming Economies (R10),6
Medium-to-Low,SSP2,Capacity|Electricity|Nuclear,Rest of Asia (R10),6
Medium-to-Low,SSP2,Capacity|Electricity|Nuclear,World,6
Medium-to-Low,SSP2,Capacity|Electricity|Oil,Africa (R10),6
Medium-to-Low,SSP2,Capacity|Electricity|Oil,China+ (R10),6
Medium-to-Low,SSP2,Capacity|Electricity|Oil,Europe (R10),6
Medium-to-Low,SSP2,Capacity|Electricity|Oil,India+ (R10),6
Medium-to-Low,SSP2,Capacity|Electricity|Oil,Latin America (R10),6
Medium-to-Low,SSP2,Capacity|Electricity|Oil,Middle East (R10),6
Medium-to-Low,SSP2,Capacity|Electricity|Oil,North America (R10),6
Medium-to-Low,SSP2,Capacity|Electricity|Oil,Other (R10),1
Medium-to-Low,SSP2,Capacity|Electricity|Oil,Pacific OECD (R10),6
Medium-to-Low,SSP2,Capacity|Electricity|Oil,Reforming Economies (R10),6
Medium-to-Low,SSP2,Capacity|Electricity|Oil,Rest of Asia (R10),6
Medium-to-Low,SSP2,Capacity|Electricity|Oil,World,6
Medium-to-Low,SSP2,Capacity|Electricity|Other,Africa (R10),2
Medium-to-Low,SSP2,Capacity|Electricity|Other,China+ (R10),2
Medium-to-Low,SSP2,Capacity|Electricity|Other,Europe (R10),3
Medium-to-Low,SSP2,Capacity|Electricity|Other,India+ (R10),2
Medium-to-Low,SSP2,Capacity|Electricity|Other,Latin America (R10),2
Medium-to-Low,SSP2,Capacity|Electricity|Other,Middle East (R10),2
Medium-to-Low,SSP2,Capacity|Electricity|Other,North America (R10),3
Medium-to-Low,SSP2,Capacity|Electricity|Other,Pacific OECD (R10),2
Medium-to-Low,SSP2,Capacity|Electricity|Other,Reforming Economies (R10),2
Medium-to-Low,SSP2,Capacity|Electricity|Other,Rest of Asia (R10),2
Medium-to-Low,SSP2,Capacity|Electricity|Other,World,3
Medium-to-Low,SSP2,Capacity|Electricity|Solar|CSP,Africa (R10),5
Medium-to-Low,SSP2,Capacity|Electricity|Solar|CSP,China+ (R10),5
Medium-to-Low,SSP2,Capacity|Electricity|Solar|CSP,Europe (R10),5
Medium-to-Low,SSP2,Capacity|Electricity|Solar|CSP,India+ (R10),5
Medium-to-Low,SSP2,Capacity|Electricity|Solar|CSP,Latin America (R10),5
Medium-to-Low,SSP2,Capacity|Electricity|Solar|CSP,Middle East (R10),5
Medium-to-Low,SSP2,Capacity|Electricity|Solar|CSP,North America (R10),5
Medium-to-Low,SSP2,Capacity|Electricity|Solar|CSP,Other (R10),1
Medium-to-Low,SSP2,Capacity|Electricity|Solar|CSP,Pacific OECD (R10),5
Medium-to-Low,SSP2,Capacity|Electricity|Solar|CSP,Reforming Economies (R10),5
Medium-to-Low,SSP2,Capacity|Electricity|Solar|CSP,Rest of Asia (R10),5
Medium-to-Low,SSP2,Capacity|Electricity|Solar|CSP,World,5
Medium-to-Low,SSP2,Capacity|Electricity|Solar|PV,Africa (R10),6
Medium-to-Low,SSP2,Capacity|Electricity|Solar|PV,China+ (R10),6
Medium-to-Low,SSP2,Capacity|Electricity|Solar|PV,Europe (R10),6
Medium-to-Low,SSP2,Capacity|Electricity|Solar|PV,India+ (R10),6
Medium-to-Low,SSP2,Capacity|Electricity|Solar|PV,Latin America (R10),6
Medium-to-Low,SSP2,Capacity|Electricity|Solar|PV,Middle East (R10),6
Medium-to-Low,SSP2,Capacity|Electricity|Solar|PV,North America (R10),6
Medium-to-Low,SSP2,Capacity|Electricity|Solar|PV,Other (R10),1
Medium-to-Low,SSP2,Capacity|Electricity|Solar|PV,Pacific OECD (R10),6
Medium-to-Low,SSP2,Capacity|Electricity|Solar|PV,Reforming Economies (R10),6
Medium-to-Low,SSP2,Capacity|Electricity|Solar|PV,Rest of Asia (R10),6
Medium-to-Low,SSP2,Capacity|Electricity|Solar|PV,World,6
Medium-to-Low,SSP2,Capacity|Electricity|Wind|Offshore,Africa (R10),5
Medium-to-Low,SSP2,Capacity|Electricity|Wind|Offshore,China+ (R10),5
Medium-to-Low,SSP2,Capacity|Electricity|Wind|Offshore,Europe (R10),5
Medium-to-Low,SSP2,Capacity|Electricity|Wind|Offshore,India+ (R10),5
Medium-to-Low,SSP2,Capacity|Electricity|Wind|Offshore,Latin America (R10),5
Medium-to-Low,SSP2,Capacity|Electricity|Wind|Offshore,Middle East (R10),5
Medium-to-Low,SSP2,Capacity|Electricity|Wind|Offshore,North America (R10),5
Medium-to-Low,SSP2,Capacity|Electricity|Wind|Offshore,Other (R10),1
Medium-to-Low,SSP2,Capacity|Electricity|Wind|Offshore,Pacific OECD (R10),5
Medium-to-Low,SSP2,Capacity|Electricity|Wind|Offshore,Reforming Economies (R10),5
Medium-to-Low,SSP2,Capacity|Electricity|Wind|Offshore,Rest of Asia (R10),5
Medium-to-Low,SSP2,Capacity|Electricity|Wind|Offshore,World,5
Medium-to-Low,SSP2,Capacity|Electricity|Wind|Onshore,Africa (R10),6
Medium-to-Low,SSP2,Capacity|Electricity|Wind|Onshore,China+ (R10),6
Medium-to-Low,SSP2,Capacity|Electricity|Wind|Onshore,Europe (R10),6
Medium-to-Low,SSP2,Capacity|Electricity|Wind|Onshore,India+ (R10),6
Medium-to-Low,SSP2,Capacity|Electricity|Wind|Onshore,Latin America (R10),6
Medium-to-Low,SSP2,Capacity|Electricity|Wind|Onshore,Middle East (R10),6
Medium-to-Low,SSP2,Capacity|Electricity|Wind|Onshore,North America (R10),6
Medium-to-Low,SSP2,Capacity|Electricity|Wind|Onshore,Other (R10),1
Medium-to-Low,SSP2,Capacity|Electricity|Wind|Onshore,Pacific OECD (R10),6
Medium-to-Low,SSP2,Capacity|Electricity|Wind|Onshore,Reforming Economies (R10),6
Medium-to-Low,SSP2,Capacity|Electricity|Wind|Onshore,Rest of Asia (R10),6
Medium-to-Low,SSP2,Capacity|Electricity|Wind|Onshore,World,6
Medium-to-Low,SSP2,Food Intake|Crops [per capita],Africa (R10),5
Medium-to-Low,SSP2,Food Intake|Crops [per capita],China+ (R10),5
Medium-to-Low,SSP2,Food Intake|Crops [per capita],Europe (R10),5
Medium-to-Low,SSP2,Food Intake|Crops [per capita],India+ (R10),5
Medium-to-Low,SSP2,Food Intake|Crops [per capita],Latin America (R10),5
Medium-to-Low,SSP2,Food Intake|Crops [per capita],Middle East (R10),5
Medium-to-Low,SSP2,Food Intake|Crops [per capita],North America (R10),5
Medium-to-Low,SSP2,Food Intake|Crops [per capita],Other (R10),1
Medium-to-Low,SSP2,Food Intake|Crops [per capita],Pacific OECD (R10),5
Medium-to-Low,SSP2,Food Intake|Crops [per capita],Reforming Economies (R10),5
Medium-to-Low,SSP2,Food Intake|Crops [per capita],Rest of Asia (R10),5
Medium-to-Low,SSP2,Food Intake|Crops [per capita],World,5
Medium-to-Low,SSP2,Food Intake|Livestock [per capita],Africa (R10),5
Medium-to-Low,SSP2,Food Intake|Livestock [per capita],China+ (R10),5
Medium-to-Low,SSP2,Food Intake|Livestock [per capita],Europe (R10),5
Medium-to-Low,SSP2,Food Intake|Livestock [per capita],India+ (R10),5
Medium-to-Low,SSP2,Food Intake|Livestock [per capita],Latin America (R10),5
Medium-to-Low,SSP2,Food Intake|Livestock [per capita],Middle East (R10),5
Medium-to-Low,SSP2,Food Intake|Livestock [per capita],North America (R10),5
Medium-to-Low,SSP2,Food Intake|Livestock [per capita],Other (R10),1
Medium-to-Low,SSP2,Food Intake|Livestock [per capita],Pacific OECD (R10),5
Medium-to-Low,SSP2,Food Intake|Livestock [per capita],Reforming Economies (R10),5
Medium-to-Low,SSP2,Food Intake|Livestock [per capita],Rest of Asia (R10),5
Medium-to-Low,SSP2,Food Intake|Livestock [per capita],World,5
Medium-to-Low,SSP2,Food Waste [per capita],Africa (R10),4
Medium-to-Low,SSP2,Food Waste [per capita],China+ (R10),4
Medium-to-Low,SSP2,Food Waste [per capita],Europe (R10),4
Medium-to-Low,SSP2,Food Waste [per capita],India+ (R10),4
Medium-to-Low,SSP2,Food Waste [per capita],Latin America (R10),4
Medium-to-Low,SSP2,Food Waste [per capita],Middle East (R10),4
Medium-to-Low,SSP2,Food Waste [per capita],North America (R10),4
Medium-to-Low,SSP2,Food Waste [per capita],Other (R10),1
Medium-to-Low,SSP2,Food Waste [per capita],Pacific OECD (R10),4
Medium-to-Low,SSP2,Food Waste [per capita],Reforming Economies (R10),4
Medium-to-Low,SSP2,Food Waste [per capita],Rest of Asia (R10),4
Medium-to-Low,SSP2,Food Waste [per capita],World,4
Medium-to-Low,SSP2,Forestry Production|Roundwood,Africa (R10),6
Medium-to-Low,SSP2,Forestry Production|Roundwood,China+ (R10),6
Medium-to-Low,SSP2,Forestry Production|Roundwood,Europe (R10),6
Medium-to-Low,SSP2,Forestry Production|Roundwood,India+ (R10),6
Medium-to-Low,SSP2,Forestry Production|Roundwood,Latin America (R10),6
Medium-to-Low,SSP2,Forestry Production|Roundwood,Middle East (R10),6
Medium-to-Low,SSP2,Forestry Production|Roundwood,North America (R10),6
Medium-to-Low,SSP2,Forestry Production|Roundwood,Other (R10),1
Medium-to-Low,SSP2,Forestry Production|Roundwood,Pacific OECD (R10),6
Medium-to-Low,SSP2,Forestry Production|Roundwood,Reforming Economies (R10),6
Medium-to-Low,SSP2,Forestry Production|Roundwood,Rest of Asia (R10),6
Medium-to-Low,SSP2,Forestry Production|Roundwood,World,6
Medium-to-Low,SSP2,GDP|MER,Africa (R10),6
Medium-to-Low,SSP2,GDP|MER,China+ (R10),6
Medium-to-Low,SSP2,GDP|MER,Europe (R10),6
Medium-to-Low,SSP2,GDP|MER,India+ (R10),6
Medium-to-Low,SSP2,GDP|MER,Latin America (R10),6
Medium-to-Low,SSP2,GDP|MER,Middle East (R10),6
Medium-to-Low,SSP2,GDP|MER,North America (R10),6
Medium-to-Low,SSP2,GDP|MER,Other (R10),1
Medium-to-Low,SSP2,GDP|MER,Pacific OECD (R10),6
Medium-to-Low,SSP2,GDP|MER,Reforming Economies (R10),6
Medium-to-Low,SSP2,GDP|MER,Rest of Asia (R10),6
Medium-to-Low,SSP2,GDP|MER,World,6
Medium-to-Low,SSP2,Population,Africa (R10),7
Medium-to-Low,SSP2,Population,China+ (R10),7
Medium-to-Low,SSP2,Population,Europe (R10),7
Medium-to-Low,SSP2,Population,India+ (R10),7
Medium-to-Low,SSP2,Population,Latin America (R10),7
Medium-to-Low,SSP2,Population,Middle East (R10),7
Medium-to-Low,SSP2,Population,North America (R10),7
Medium-to-Low,SSP2,Population,Other (R10),1
Medium-to-Low,SSP2,Population,Pacific OECD (R10),7
Medium-to-Low,SSP2,Population,Reforming Economies (R10),7
Medium-to-Low,SSP2,Population,Rest of Asia (R10),7
Medium-to-Low,SSP2,Population,World,7
Medium-to-Low,SSP2,Primary Energy,Africa (R10),7
Medium-to-Low,SSP2,Primary Energy,China+ (R10),7
Medium-to-Low,SSP2,Primary Energy,Europe (R10),7
Medium-to-Low,SSP2,Primary Energy,India+ (R10),7
Medium-to-Low,SSP2,Primary Energy,Latin America (R10),7
Medium-to-Low,SSP2,Primary Energy,Middle East (R10),7
Medium-to-Low,SSP2,Primary Energy,North America (R10),7
Medium-to-Low,SSP2,Primary Energy,Other (R10),1
Medium-to-Low,SSP2,Primary Energy,Pacific OECD (R10),7
Medium-to-Low,SSP2,Primary Energy,Reforming Economies (R10),7
Medium-to-Low,SSP2,Primary Energy,Rest of Asia (R10),7
Medium-to-Low,SSP2,Primary Energy,World,7
Medium-to-Low,SSP2,Primary Energy|Biomass,Africa (R10),7
Medium-to-Low,SSP2,Primary Energy|Biomass,China+ (R10),7
Medium-to-Low,SSP2,Primary Energy|Biomass,Europe (R10),7
Medium-to-Low,SSP2,Primary Energy|Biomass,India+ (R10),7
Medium-to-Low,SSP2,Primary Energy|Biomass,Latin America (R10),7
Medium-to-Low,SSP2,Primary Energy|Biomass,Middle East (R10),7
Medium-to-Low,SSP2,Primary Energy|Biomass,North America (R10),7
Medium-to-Low,SSP2,Primary Energy|Biomass,Other (R10),1
Medium-to-Low,SSP2,Primary Energy|Biomass,Pacific OECD (R10),7
Medium-to-Low,SSP2,Primary Energy|Biomass,Reforming Economies (R10),7
Medium-to-Low,SSP2,Primary Energy|Biomass,Rest of Asia (R10),7
Medium-to-Low,SSP2,Primary Energy|Biomass,World,7
Medium-to-Low,SSP2,Primary Energy|Coal,Africa (R10),7
Medium-to-Low,SSP2,Primary Energy|Coal,China+ (R10),7
Medium-to-Low,SSP2,Primary Energy|Coal,Europe (R10),7
Medium-to-Low,SSP2,Primary Energy|Coal,India+ (R10),7
Medium-to-Low,SSP2,Primary Energy|Coal,Latin America (R10),7
Medium-to-Low,SSP2,Primary Energy|Coal,Middle East (R10),7
Medium-to-Low,SSP2,Primary Energy|Coal,North America (R10),7
Medium-to-Low,SSP2,Primary Energy|Coal,Other (R10),1
Medium-to-Low,SSP2,Primary Energy|Coal,Pacific OECD (R10),7
Medium-to-Low,SSP2,Primary Energy|Coal,Reforming Economies (R10),7
Medium-to-Low,SSP2,Primary Energy|Coal,Rest of Asia (R10),7
Medium-to-Low,SSP2,Primary Energy|Coal,World,7
Medium-to-Low,SSP2,Primary Energy|Fossil,Africa (R10),7
Medium-to-Low,SSP2,Primary Energy|Fossil,China+ (R10),7
Medium-to-Low,SSP2,Primary Energy|Fossil,Europe (R10),7
Medium-to-Low,SSP2,Primary Energy|Fossil,India+ (R10),7
Medium-to-Low,SSP2,Primary Energy|Fossil,Latin America (R10),7
Medium-to-Low,SSP2,Primary Energy|Fossil,Middle East (R10),7
Medium-to-Low,SSP2,Primary Energy|Fossil,North America (R10),7
Medium-to-Low,SSP2,Primary Energy|Fossil,Other (R10),1
Medium-to-Low,SSP2,Primary Energy|Fossil,Pacific OECD (R10),7
Medium-to-Low,SSP2,Primary Energy|Fossil,Reforming Economies (R10),7
Medium-to-Low,SSP2,Primary Energy|Fossil,Rest of Asia (R10),7
Medium-to-Low,SSP2,Primary Energy|Fossil,World,7
Medium-to-Low,SSP2,Primary Energy|Gas,Africa (R10),7
Medium-to-Low,SSP2,Primary Energy|Gas,China+ (R10),7
Medium-to-Low,SSP2,Primary Energy|Gas,Europe (R10),7
Medium-to-Low,SSP2,Primary Energy|Gas,India+ (R10),7
Medium-to-Low,SSP2,Primary Energy|Gas,Latin America (R10),7
Medium-to-Low,SSP2,Primary Energy|Gas,Middle East (R10),7
Medium-to-Low,SSP2,Primary Energy|Gas,North America (R10),7
Medium-to-Low,SSP2,Primary Energy|Gas,Other (R10),1
Medium-to-Low,SSP2,Primary Energy|Gas,Pacific OECD (R10),7
Medium-to-Low,SSP2,Primary Energy|Gas,Reforming Economies (R10),7
Medium-to-Low,SSP2,Primary Energy|Gas,Rest of Asia (R10),7
Medium-to-Low,SSP2,Primary Energy|Gas,World,7
Medium-to-Low,SSP2,Primary Energy|Geothermal,Africa (R10),5
Medium-to-Low,SSP2,Primary Energy|Geothermal,China+ (R10),4
Medium-to-Low,SSP2,Primary Energy|Geothermal,Europe (R10),5
Medium-to-Low,SSP2,Primary Energy|Geothermal,India+ (R10),4
Medium-to-Low,SSP2,Primary Energy|Geothermal,Latin America (R10),5
Medium-to-Low,SSP2,Primary Energy|Geothermal,Middle East (R10),4
Medium-to-Low,SSP2,Primary Energy|Geothermal,North America (R10),5
Medium-to-Low,SSP2,Primary Energy|Geothermal,Other (R10),1
Medium-to-Low,SSP2,Primary Energy|Geothermal,Pacific OECD (R10),5
Medium-to-Low,SSP2,Primary Energy|Geothermal,Reforming Economies (R10),5
Medium-to-Low,SSP2,Primary Energy|Geothermal,Rest of Asia (R10),5
Medium-to-Low,SSP2,Primary Energy|Geothermal,World,5
Medium-to-Low,SSP2,Primary Energy|Hydro,Africa (R10),7
Medium-to-Low,SSP2,Primary Energy|Hydro,China+ (R10),7
Medium-to-Low,SSP2,Primary Energy|Hydro,Europe (R10),7
Medium-to-Low,SSP2,Primary Energy|Hydro,India+ (R10),7
Medium-to-Low,SSP2,Primary Energy|Hydro,Latin America (R10),7
Medium-to-Low,SSP2,Primary Energy|Hydro,Middle East (R10),7
Medium-to-Low,SSP2,Primary Energy|Hydro,North America (R10),7
Medium-to-Low,SSP2,Primary Energy|Hydro,Other (R10),1
Medium-to-Low,SSP2,Primary Energy|Hydro,Pacific OECD (R10),7
Medium-to-Low,SSP2,Primary Energy|Hydro,Reforming Economies (R10),7
Medium-to-Low,SSP2,Primary Energy|Hydro,Rest of Asia (R10),7
Medium-to-Low,SSP2,Primary Energy|Hydro,World,7
Medium-to-Low,SSP2,Primary Energy|Non-Biomass Renewables,Africa (R10),7
Medium-to-Low,SSP2,Primary Energy|Non-Biomass Renewables,China+ (R10),7
Medium-to-Low,SSP2,Primary Energy|Non-Biomass Renewables,Europe (R10),7
Medium-to-Low,SSP2,Primary Energy|Non-Biomass Renewables,India+ (R10),7
Medium-to-Low,SSP2,Primary Energy|Non-Biomass Renewables,Latin America (R10),7
Medium-to-Low,SSP2,Primary Energy|Non-Biomass Renewables,Middle East (R10),7
Medium-to-Low,SSP2,Primary Energy|Non-Biomass Renewables,North America (R10),7
Medium-to-Low,SSP2,Primary Energy|Non-Biomass Renewables,Other (R10),1
Medium-to-Low,SSP2,Primary Energy|Non-Biomass Renewables,Pacific OECD (R10),7
Medium-to-Low,SSP2,Primary Energy|Non-Biomass Renewables,Reforming Economies (R10),7
Medium-to-Low,SSP2,Primary Energy|Non-Biomass Renewables,Rest of Asia (R10),7
Medium-to-Low,SSP2,Primary Energy|Non-Biomass Renewables,World,7
Medium-to-Low,SSP2,Primary Energy|Nuclear,Africa (R10),7
Medium-to-Low,SSP2,Primary Energy|Nuclear,China+ (R10),7
Medium-to-Low,SSP2,Primary Energy|Nuclear,Europe (R10),7
Medium-to-Low,SSP2,Primary Energy|Nuclear,India+ (R10),7
Medium-to-Low,SSP2,Primary Energy|Nuclear,Latin America (R10),7
Medium-to-Low,SSP2,Primary Energy|Nuclear,Middle East (R10),7
Medium-to-Low,SSP2,Primary Energy|Nuclear,North America (R10),7
Medium-to-Low,SSP2,Primary Energy|Nuclear,Other (R10),1
Medium-to-Low,SSP2,Primary Energy|Nuclear,Pacific OECD (R10),7
Medium-to-Low,SSP2,Primary Energy|Nuclear,Reforming Economies (R10),7
Medium-to-Low,SSP2,Primary Energy|Nuclear,Rest of Asia (R10),7
Medium-to-Low,SSP2,Primary Energy|Nuclear,World,7
Medium-to-Low,SSP2,Primary Energy|Ocean,Africa (R10),1
Medium-to-Low,SSP2,Primary Energy|Ocean,China+ (R10),1
Medium-to-Low,SSP2,Primary Energy|Ocean,Europe (R10),1
Medium-to-Low,SSP2,Primary Energy|Ocean,India+ (R10),1
Medium-to-Low,SSP2,Primary Energy|Ocean,Latin America (R10),1
Medium-to-Low,SSP2,Primary Energy|Ocean,Middle East (R10),1
Medium-to-Low,SSP2,Primary Energy|Ocean,North America (R10),1
Medium-to-Low,SSP2,Primary Energy|Ocean,Pacific OECD (R10),1
Medium-to-Low,SSP2,Primary Energy|Ocean,Reforming Economies (R10),1
Medium-to-Low,SSP2,Primary Energy|Ocean,Rest of Asia (R10),1
Medium-to-Low,SSP2,Primary Energy|Ocean,World,1
Medium-to-Low,SSP2,Primary Energy|Oil,Africa (R10),7
Medium-to-Low,SSP2,Primary Energy|Oil,China+ (R10),7
Medium-to-Low,SSP2,Primary Energy|Oil,Europe (R10),7
Medium-to-Low,SSP2,Primary Energy|Oil,India+ (R10),7
Medium-to-Low,SSP2,Primary Energy|Oil,Latin America (R10),7
Medium-to-Low,SSP2,Primary Energy|Oil,Middle East (R10),7
Medium-to-Low,SSP2,Primary Energy|Oil,North America (R10),7
Medium-to-Low,SSP2,Primary Energy|Oil,Other (R10),1
Medium-to-Low,SSP2,Primary Energy|Oil,Pacific OECD (R10),7
Medium-to-Low,SSP2,Primary Energy|Oil,Reforming Economies (R10),7
Medium-to-Low,SSP2,Primary Energy|Oil,Rest of Asia (R10),7
Medium-to-Low,SSP2,Primary Energy|Oil,World,7
Medium-to-Low,SSP2,Primary Energy|Other,Africa (R10),3
Medium-to-Low,SSP2,Primary Energy|Other,China+ (R10),3
Medium-to-Low,SSP2,Primary Energy|Other,Europe (R10),4
Medium-to-Low,SSP2,Primary Energy|Other,India+ (R10),3
Medium-to-Low,SSP2,Primary Energy|Other,Latin America (R10),3
Medium-to-Low,SSP2,Primary Energy|Other,Middle East (R10),3
Medium-to-Low,SSP2,Primary Energy|Other,North America (R10),4
Medium-to-Low,SSP2,Primary Energy|Other,Pacific OECD (R10),3
Medium-to-Low,SSP2,Primary Energy|Other,Reforming Economies (R10),3
Medium-to-Low,SSP2,Primary Energy|Other,Rest of Asia (R10),3
Medium-to-Low,SSP2,Primary Energy|Other,World,4
Medium-to-Low,SSP2,Production|Iron and Steel|Steel,Africa (R10),4
Medium-to-Low,SSP2,Production|Iron and Steel|Steel,China+ (R10),4
Medium-to-Low,SSP2,Production|Iron and Steel|Steel,Europe (R10),4
Medium-to-Low,SSP2,Production|Iron and Steel|Steel,India+ (R10),4
Medium-to-Low,SSP2,Production|Iron and Steel|Steel,Latin America (R10),4
Medium-to-Low,SSP2,Production|Iron and Steel|Steel,Middle East (R10),4
Medium-to-Low,SSP2,Production|Iron and Steel|Steel,North America (R10),4
Medium-to-Low,SSP2,Production|Iron and Steel|Steel,Other (R10),1
Medium-to-Low,SSP2,Production|Iron and Steel|Steel,Pacific OECD (R10),4
Medium-to-Low,SSP2,Production|Iron and Steel|Steel,Reforming Economies (R10),4
Medium-to-Low,SSP2,Production|Iron and Steel|Steel,Rest of Asia (R10),4
Medium-to-Low,SSP2,Production|Iron and Steel|Steel,World,4
Medium-to-Low,SSP2,Production|Non-Ferrous Metals|Aluminum,Africa (R10),1
Medium-to-Low,SSP2,Production|Non-Ferrous Metals|Aluminum,China+ (R10),1
Medium-to-Low,SSP2,Production|Non-Ferrous Metals|Aluminum,Europe (R10),1
Medium-to-Low,SSP2,Production|Non-Ferrous Metals|Aluminum,India+ (R10),1
Medium-to-Low,SSP2,Production|Non-Ferrous Metals|Aluminum,Latin America (R10),1
Medium-to-Low,SSP2,Production|Non-Ferrous Metals|Aluminum,Middle East (R10),1
Medium-to-Low,SSP2,Production|Non-Ferrous Metals|Aluminum,North America (R10),1
Medium-to-Low,SSP2,Production|Non-Ferrous Metals|Aluminum,Pacific OECD (R10),1
Medium-to-Low,SSP2,Production|Non-Ferrous Metals|Aluminum,Reforming Economies (R10),1
Medium-to-Low,SSP2,Production|Non-Ferrous Metals|Aluminum,Rest of Asia (R10),1
Medium-to-Low,SSP2,Production|Non-Ferrous Metals|Aluminum,World,1
Medium-to-Low,SSP2,Production|Non-Metallic Minerals|Cement,Africa (R10),4
Medium-to-Low,SSP2,Production|Non-Metallic Minerals|Cement,China+ (R10),4
Medium-to-Low,SSP2,Production|Non-Metallic Minerals|Cement,Europe (R10),4
Medium-to-Low,SSP2,Production|Non-Metallic Minerals|Cement,India+ (R10),4
Medium-to-Low,SSP2,Production|Non-Metallic Minerals|Cement,Latin America (R10),4
Medium-to-Low,SSP2,Production|Non-Metallic Minerals|Cement,Middle East (R10),4
Medium-to-Low,SSP2,Production|Non-Metallic Minerals|Cement,North America (R10),4
Medium-to-Low,SSP2,Production|Non-Metallic Minerals|Cement,Other (R10),1
Medium-to-Low,SSP2,Production|Non-Metallic Minerals|Cement,Pacific OECD (R10),4
Medium-to-Low,SSP2,Production|Non-Metallic Minerals|Cement,Reforming Economies (R10),4
Medium-to-Low,SSP2,Production|Non-Metallic Minerals|Cement,Rest of Asia (R10),4
Medium-to-Low,SSP2,Production|Non-Metallic Minerals|Cement,World,4
Medium-to-Low,SSP2,Resource|Extraction|Coal,Africa (R10),5
Medium-to-Low,SSP2,Resource|Extraction|Coal,China+ (R10),5
Medium-to-Low,SSP2,Resource|Extraction|Coal,Europe (R10),5
Medium-to-Low,SSP2,Resource|Extraction|Coal,India+ (R10),5
Medium-to-Low,SSP2,Resource|Extraction|Coal,Latin America (R10),5
Medium-to-Low,SSP2,Resource|Extraction|Coal,Middle East (R10),5
Medium-to-Low,SSP2,Resource|Extraction|Coal,North America (R10),5
Medium-to-Low,SSP2,Resource|Extraction|Coal,Other (R10),1
Medium-to-Low,SSP2,Resource|Extraction|Coal,Pacific OECD (R10),5
Medium-to-Low,SSP2,Resource|Extraction|Coal,Reforming Economies (R10),5
Medium-to-Low,SSP2,Resource|Extraction|Coal,Rest of Asia (R10),5
Medium-to-Low,SSP2,Resource|Extraction|Coal,World,5
Medium-to-Low,SSP2,Resource|Extraction|Gas,Africa (R10),5
Medium-to-Low,SSP2,Resource|Extraction|Gas,China+ (R10),5
Medium-to-Low,SSP2,Resource|Extraction|Gas,Europe (R10),5
Medium-to-Low,SSP2,Resource|Extraction|Gas,India+ (R10),5
Medium-to-Low,SSP2,Resource|Extraction|Gas,Latin America (R10),5
Medium-to-Low,SSP2,Resource|Extraction|Gas,Middle East (R10),5
Medium-to-Low,SSP2,Resource|Extraction|Gas,North America (R10),5
Medium-to-Low,SSP2,Resource|Extraction|Gas,Other (R10),1
Medium-to-Low,SSP2,Resource|Extraction|Gas,Pacific OECD (R10),5
Medium-to-Low,SSP2,Resource|Extraction|Gas,Reforming Economies (R10),5
Medium-to-Low,SSP2,Resource|Extraction|Gas,Rest of Asia (R10),5
Medium-to-Low,SSP2,Resource|Extraction|Gas,World,5
Medium-to-Low,SSP2,Resource|Extraction|Oil,Africa (R10),5
Medium-to-Low,SSP2,Resource|Extraction|Oil,China+ (R10),5
Medium-to-Low,SSP2,Resource|Extraction|Oil,Europe (R10),5
Medium-to-Low,SSP2,Resource|Extraction|Oil,India+ (R10),5
Medium-to-Low,SSP2,Resource|Extraction|Oil,Latin America (R10),5
Medium-to-Low,SSP2,Resource|Extraction|Oil,Middle East (R10),5
Medium-to-Low,SSP2,Resource|Extraction|Oil,North America (R10),5
Medium-to-Low,SSP2,Resource|Extraction|Oil,Other (R10),1
Medium-to-Low,SSP2,Resource|Extraction|Oil,Pacific OECD (R10),5
Medium-to-Low,SSP2,Resource|Extraction|Oil,Reforming Economies (R10),5
Medium-to-Low,SSP2,Resource|Extraction|Oil,Rest of Asia (R10),5
Medium-to-Low,SSP2,Resource|Extraction|Oil,World,5
Medium-to-Low,SSP3,Agricultural Demand|Residues,Africa (R10),1
Medium-to-Low,SSP3,Agricultural Demand|Residues,China+ (R10),1
Medium-to-Low,SSP3,Agricultural Demand|Residues,Europe (R10),1
Medium-to-Low,SSP3,Agricultural Demand|Residues,India+ (R10),1
Medium-to-Low,SSP3,Agricultural Demand|Residues,Latin America (R10),1
Medium-to-Low,SSP3,Agricultural Demand|Residues,Middle East (R10),1
Medium-to-Low,SSP3,Agricultural Demand|Residues,North America (R10),1
Medium-to-Low,SSP3,Agricultural Demand|Residues,Other (R10),1
Medium-to-Low,SSP3,Agricultural Demand|Residues,Pacific OECD (R10),1
Medium-to-Low,SSP3,Agricultural Demand|Residues,Reforming Economies (R10),1
Medium-to-Low,SSP3,Agricultural Demand|Residues,Rest of Asia (R10),1
Medium-to-Low,SSP3,Agricultural Demand|Residues,World,1
Medium-to-Low,SSP3,Agricultural Production,Africa (R10),1
Medium-to-Low,SSP3,Agricultural Production,China+ (R10),1
Medium-to-Low,SSP3,Agricultural Production,Europe (R10),1
Medium-to-Low,SSP3,Agricultural Production,India+ (R10),1
Medium-to-Low,SSP3,Agricultural Production,Latin America (R10),1
Medium-to-Low,SSP3,Agricultural Production,Middle East (R10),1
Medium-to-Low,SSP3,Agricultural Production,North America (R10),1
Medium-to-Low,SSP3,Agricultural Production,Other (R10),1
Medium-to-Low,SSP3,Agricultural Production,Pacific OECD (R10),1
Medium-to-Low,SSP3,Agricultural Production,Reforming Economies (R10),1
Medium-to-Low,SSP3,Agricultural Production,Rest of Asia (R10),1
Medium-to-Low,SSP3,Agricultural Production,World,1
Medium-to-Low,SSP3,Agricultural Production|Crops,Africa (R10),1
Medium-to-Low,SSP3,Agricultural Production|Crops,China+ (R10),1
Medium-to-Low,SSP3,Agricultural Production|Crops,Europe (R10),1
Medium-to-Low,SSP3,Agricultural Production|Crops,India+ (R10),1
Medium-to-Low,SSP3,Agricultural Production|Crops,Latin America (R10),1
Medium-to-Low,SSP3,Agricultural Production|Crops,Middle East (R10),1
Medium-to-Low,SSP3,Agricultural Production|Crops,North America (R10),1
Medium-to-Low,SSP3,Agricultural Production|Crops,Other (R10),1
Medium-to-Low,SSP3,Agricultural Production|Crops,Pacific OECD (R10),1
Medium-to-Low,SSP3,Agricultural Production|Crops,Reforming Economies (R10),1
Medium-to-Low,SSP3,Agricultural Production|Crops,Rest of Asia (R10),1
Medium-to-Low,SSP3,Agricultural Production|Crops,World,1
Medium-to-Low,SSP3,Agricultural Production|Livestock,Africa (R10),1
Medium-to-Low,SSP3,Agricultural Production|Livestock,China+ (R10),1
Medium-to-Low,SSP3,Agricultural Production|Livestock,Europe (R10),1
Medium-to-Low,SSP3,Agricultural Production|Livestock,India+ (R10),1
Medium-to-Low,SSP3,Agricultural Production|Livestock,Latin America (R10),1
Medium-to-Low,SSP3,Agricultural Production|Livestock,Middle East (R10),1
Medium-to-Low,SSP3,Agricultural Production|Livestock,North America (R10),1
Medium-to-Low,SSP3,Agricultural Production|Livestock,Other (R10),1
Medium-to-Low,SSP3,Agricultural Production|Livestock,Pacific OECD (R10),1
Medium-to-Low,SSP3,Agricultural Production|Livestock,Reforming Economies (R10),1
Medium-to-Low,SSP3,Agricultural Production|Livestock,Rest of Asia (R10),1
Medium-to-Low,SSP3,Agricultural Production|Livestock,World,1
Medium-to-Low,SSP3,Building Stock|Residential and Commercial|Floor Space|Gross,Africa (R10),1
Medium-to-Low,SSP3,Building Stock|Residential and Commercial|Floor Space|Gross,China+ (R10),1
Medium-to-Low,SSP3,Building Stock|Residential and Commercial|Floor Space|Gross,Europe (R10),1
Medium-to-Low,SSP3,Building Stock|Residential and Commercial|Floor Space|Gross,India+ (R10),1
Medium-to-Low,SSP3,Building Stock|Residential and Commercial|Floor Space|Gross,Latin America (R10),1
Medium-to-Low,SSP3,Building Stock|Residential and Commercial|Floor Space|Gross,Middle East (R10),1
Medium-to-Low,SSP3,Building Stock|Residential and Commercial|Floor Space|Gross,North America (R10),1
Medium-to-Low,SSP3,Building Stock|Residential and Commercial|Floor Space|Gross,Other (R10),1
Medium-to-Low,SSP3,Building Stock|Residential and Commercial|Floor Space|Gross,Pacific OECD (R10),1
Medium-to-Low,SSP3,Building Stock|Residential and Commercial|Floor Space|Gross,Reforming Economies (R10),1
Medium-to-Low,SSP3,Building Stock|Residential and Commercial|Floor Space|Gross,Rest of Asia (R10),1
Medium-to-Low,SSP3,Building Stock|Residential and Commercial|Floor Space|Gross,World,1
Medium-to-Low,SSP3,Capacity|Electricity|Biomass,Africa (R10),1
Medium-to-Low,SSP3,Capacity|Electricity|Biomass,China+ (R10),1
Medium-to-Low,SSP3,Capacity|Electricity|Biomass,Europe (R10),1
Medium-to-Low,SSP3,Capacity|Electricity|Biomass,India+ (R10),1
Medium-to-Low,SSP3,Capacity|Electricity|Biomass,Latin America (R10),1
Medium-to-Low,SSP3,Capacity|Electricity|Biomass,Middle East (R10),1
Medium-to-Low,SSP3,Capacity|Electricity|Biomass,North America (R10),1
Medium-to-Low,SSP3,Capacity|Electricity|Biomass,Other (R10),1
Medium-to-Low,SSP3,Capacity|Electricity|Biomass,Pacific OECD (R10),1
Medium-to-Low,SSP3,Capacity|Electricity|Biomass,Reforming Economies (R10),1
Medium-to-Low,SSP3,Capacity|Electricity|Biomass,Rest of Asia (R10),1
Medium-to-Low,SSP3,Capacity|Electricity|Biomass,World,1
Medium-to-Low,SSP3,Capacity|Electricity|Coal,Africa (R10),1
Medium-to-Low,SSP3,Capacity|Electricity|Coal,China+ (R10),1
Medium-to-Low,SSP3,Capacity|Electricity|Coal,Europe (R10),1
Medium-to-Low,SSP3,Capacity|Electricity|Coal,India+ (R10),1
Medium-to-Low,SSP3,Capacity|Electricity|Coal,Latin America (R10),1
Medium-to-Low,SSP3,Capacity|Electricity|Coal,Middle East (R10),1
Medium-to-Low,SSP3,Capacity|Electricity|Coal,North America (R10),1
Medium-to-Low,SSP3,Capacity|Electricity|Coal,Other (R10),1
Medium-to-Low,SSP3,Capacity|Electricity|Coal,Pacific OECD (R10),1
Medium-to-Low,SSP3,Capacity|Electricity|Coal,Reforming Economies (R10),1
Medium-to-Low,SSP3,Capacity|Electricity|Coal,Rest of Asia (R10),1
Medium-to-Low,SSP3,Capacity|Electricity|Coal,World,1
Medium-to-Low,SSP3,Capacity|Electricity|Gas,Africa (R10),1
Medium-to-Low,SSP3,Capacity|Electricity|Gas,China+ (R10),1
Medium-to-Low,SSP3,Capacity|Electricity|Gas,Europe (R10),1
Medium-to-Low,SSP3,Capacity|Electricity|Gas,India+ (R10),1
Medium-to-Low,SSP3,Capacity|Electricity|Gas,Latin America (R10),1
Medium-to-Low,SSP3,Capacity|Electricity|Gas,Middle East (R10),1
Medium-to-Low,SSP3,Capacity|Electricity|Gas,North America (R10),1
Medium-to-Low,SSP3,Capacity|Electricity|Gas,Other (R10),1
Medium-to-Low,SSP3,Capacity|Electricity|Gas,Pacific OECD (R10),1
Medium-to-Low,SSP3,Capacity|Electricity|Gas,Reforming Economies (R10),1
Medium-to-Low,SSP3,Capacity|Electricity|Gas,Rest of Asia (R10),1
Medium-to-Low,SSP3,Capacity|Electricity|Gas,World,1
Medium-to-Low,SSP3,Capacity|Electricity|Geothermal,Africa (R10),1
Medium-to-Low,SSP3,Capacity|Electricity|Geothermal,China+ (R10),1
Medium-to-Low,SSP3,Capacity|Electricity|Geothermal,Europe (R10),1
Medium-to-Low,SSP3,Capacity|Electricity|Geothermal,India+ (R10),1
Medium-to-Low,SSP3,Capacity|Electricity|Geothermal,Latin America (R10),1
Medium-to-Low,SSP3,Capacity|Electricity|Geothermal,Middle East (R10),1
Medium-to-Low,SSP3,Capacity|Electricity|Geothermal,North America (R10),1
Medium-to-Low,SSP3,Capacity|Electricity|Geothermal,Other (R10),1
Medium-to-Low,SSP3,Capacity|Electricity|Geothermal,Pacific OECD (R10),1
Medium-to-Low,SSP3,Capacity|Electricity|Geothermal,Reforming Economies (R10),1
Medium-to-Low,SSP3,Capacity|Electricity|Geothermal,Rest of Asia (R10),1
Medium-to-Low,SSP3,Capacity|Electricity|Geothermal,World,1
Medium-to-Low,SSP3,Capacity|Electricity|Hydro,Africa (R10),1
Medium-to-Low,SSP3,Capacity|Electricity|Hydro,China+ (R10),1
Medium-to-Low,SSP3,Capacity|Electricity|Hydro,Europe (R10),1
Medium-to-Low,SSP3,Capacity|Electricity|Hydro,India+ (R10),1
Medium-to-Low,SSP3,Capacity|Electricity|Hydro,Latin America (R10),1
Medium-to-Low,SSP3,Capacity|Electricity|Hydro,Middle East (R10),1
Medium-to-Low,SSP3,Capacity|Electricity|Hydro,North America (R10),1
Medium-to-Low,SSP3,Capacity|Electricity|Hydro,Other (R10),1
Medium-to-Low,SSP3,Capacity|Electricity|Hydro,Pacific OECD (R10),1
Medium-to-Low,SSP3,Capacity|Electricity|Hydro,Reforming Economies (R10),1
Medium-to-Low,SSP3,Capacity|Electricity|Hydro,Rest of Asia (R10),1
Medium-to-Low,SSP3,Capacity|Electricity|Hydro,World,1
Medium-to-Low,SSP3,Capacity|Electricity|Hydrogen,Africa (R10),1
Medium-to-Low,SSP3,Capacity|Electricity|Hydrogen,China+ (R10),1
Medium-to-Low,SSP3,Capacity|Electricity|Hydrogen,Europe (R10),1
Medium-to-Low,SSP3,Capacity|Electricity|Hydrogen,India+ (R10),1
Medium-to-Low,SSP3,Capacity|Electricity|Hydrogen,Latin America (R10),1
Medium-to-Low,SSP3,Capacity|Electricity|Hydrogen,Middle East (R10),1
Medium-to-Low,SSP3,Capacity|Electricity|Hydrogen,North America (R10),1
Medium-to-Low,SSP3,Capacity|Electricity|Hydrogen,Other (R10),1
Medium-to-Low,SSP3,Capacity|Electricity|Hydrogen,Pacific OECD (R10),1
Medium-to-Low,SSP3,Capacity|Electricity|Hydrogen,Reforming Economies (R10),1
Medium-to-Low,SSP3,Capacity|Electricity|Hydrogen,Rest of Asia (R10),1
Medium-to-Low,SSP3,Capacity|Electricity|Hydrogen,World,1
Medium-to-Low,SSP3,Capacity|Electricity|Nuclear,Africa (R10),1
Medium-to-Low,SSP3,Capacity|Electricity|Nuclear,China+ (R10),1
Medium-to-Low,SSP3,Capacity|Electricity|Nuclear,Europe (R10),1
Medium-to-Low,SSP3,Capacity|Electricity|Nuclear,India+ (R10),1
Medium-to-Low,SSP3,Capacity|Electricity|Nuclear,Latin America (R10),1
Medium-to-Low,SSP3,Capacity|Electricity|Nuclear,Middle East (R10),1
Medium-to-Low,SSP3,Capacity|Electricity|Nuclear,North America (R10),1
Medium-to-Low,SSP3,Capacity|Electricity|Nuclear,Other (R10),1
Medium-to-Low,SSP3,Capacity|Electricity|Nuclear,Pacific OECD (R10),1
Medium-to-Low,SSP3,Capacity|Electricity|Nuclear,Reforming Economies (R10),1
Medium-to-Low,SSP3,Capacity|Electricity|Nuclear,Rest of Asia (R10),1
Medium-to-Low,SSP3,Capacity|Electricity|Nuclear,World,1
Medium-to-Low,SSP3,Capacity|Electricity|Oil,Africa (R10),1
Medium-to-Low,SSP3,Capacity|Electricity|Oil,China+ (R10),1
Medium-to-Low,SSP3,Capacity|Electricity|Oil,Europe (R10),1
Medium-to-Low,SSP3,Capacity|Electricity|Oil,India+ (R10),1
Medium-to-Low,SSP3,Capacity|Electricity|Oil,Latin America (R10),1
Medium-to-Low,SSP3,Capacity|Electricity|Oil,Middle East (R10),1
Medium-to-Low,SSP3,Capacity|Electricity|Oil,North America (R10),1
Medium-to-Low,SSP3,Capacity|Electricity|Oil,Other (R10),1
Medium-to-Low,SSP3,Capacity|Electricity|Oil,Pacific OECD (R10),1
Medium-to-Low,SSP3,Capacity|Electricity|Oil,Reforming Economies (R10),1
Medium-to-Low,SSP3,Capacity|Electricity|Oil,Rest of Asia (R10),1
Medium-to-Low,SSP3,Capacity|Electricity|Oil,World,1
Medium-to-Low,SSP3,Capacity|Electricity|Solar|CSP,Africa (R10),1
Medium-to-Low,SSP3,Capacity|Electricity|Solar|CSP,China+ (R10),1
Medium-to-Low,SSP3,Capacity|Electricity|Solar|CSP,Europe (R10),1
Medium-to-Low,SSP3,Capacity|Electricity|Solar|CSP,India+ (R10),1
Medium-to-Low,SSP3,Capacity|Electricity|Solar|CSP,Latin America (R10),1
Medium-to-Low,SSP3,Capacity|Electricity|Solar|CSP,Middle East (R10),1
Medium-to-Low,SSP3,Capacity|Electricity|Solar|CSP,North America (R10),1
Medium-to-Low,SSP3,Capacity|Electricity|Solar|CSP,Other (R10),1
Medium-to-Low,SSP3,Capacity|Electricity|Solar|CSP,Pacific OECD (R10),1
Medium-to-Low,SSP3,Capacity|Electricity|Solar|CSP,Reforming Economies (R10),1
Medium-to-Low,SSP3,Capacity|Electricity|Solar|CSP,Rest of Asia (R10),1
Medium-to-Low,SSP3,Capacity|Electricity|Solar|CSP,World,1
Medium-to-Low,SSP3,Capacity|Electricity|Solar|PV,Africa (R10),1
Medium-to-Low,SSP3,Capacity|Electricity|Solar|PV,China+ (R10),1
Medium-to-Low,SSP3,Capacity|Electricity|Solar|PV,Europe (R10),1
Medium-to-Low,SSP3,Capacity|Electricity|Solar|PV,India+ (R10),1
Medium-to-Low,SSP3,Capacity|Electricity|Solar|PV,Latin America (R10),1
Medium-to-Low,SSP3,Capacity|Electricity|Solar|PV,Middle East (R10),1
Medium-to-Low,SSP3,Capacity|Electricity|Solar|PV,North America (R10),1
Medium-to-Low,SSP3,Capacity|Electricity|Solar|PV,Other (R10),1
Medium-to-Low,SSP3,Capacity|Electricity|Solar|PV,Pacific OECD (R10),1
Medium-to-Low,SSP3,Capacity|Electricity|Solar|PV,Reforming Economies (R10),1
Medium-to-Low,SSP3,Capacity|Electricity|Solar|PV,Rest of Asia (R10),1
Medium-to-Low,SSP3,Capacity|Electricity|Solar|PV,World,1
Medium-to-Low,SSP3,Capacity|Electricity|Wind|Offshore,Africa (R10),1
Medium-to-Low,SSP3,Capacity|Electricity|Wind|Offshore,China+ (R10),1
Medium-to-Low,SSP3,Capacity|Electricity|Wind|Offshore,Europe (R10),1
Medium-to-Low,SSP3,Capacity|Electricity|Wind|Offshore,India+ (R10),1
Medium-to-Low,SSP3,Capacity|Electricity|Wind|Offshore,Latin America (R10),1
Medium-to-Low,SSP3,Capacity|Electricity|Wind|Offshore,Middle East (R10),1
Medium-to-Low,SSP3,Capacity|Electricity|Wind|Offshore,North America (R10),1
Medium-to-Low,SSP3,Capacity|Electricity|Wind|Offshore,Other (R10),1
Medium-to-Low,SSP3,Capacity|Electricity|Wind|Offshore,Pacific OECD (R10),1
Medium-to-Low,SSP3,Capacity|Electricity|Wind|Offshore,Reforming Economies (R10),1
Medium-to-Low,SSP3,Capacity|Electricity|Wind|Offshore,Rest of Asia (R10),1
Medium-to-Low,SSP3,Capacity|Electricity|Wind|Offshore,World,1
Medium-to-Low,SSP3,Capacity|Electricity|Wind|Onshore,Africa (R10),1
Medium-to-Low,SSP3,Capacity|Electricity|Wind|Onshore,China+ (R10),1
Medium-to-Low,SSP3,Capacity|Electricity|Wind|Onshore,Europe (R10),1
Medium-to-Low,SSP3,Capacity|Electricity|Wind|Onshore,India+ (R10),1
Medium-to-Low,SSP3,Capacity|Electricity|Wind|Onshore,Latin America (R10),1
Medium-to-Low,SSP3,Capacity|Electricity|Wind|Onshore,Middle East (R10),1
Medium-to-Low,SSP3,Capacity|Electricity|Wind|Onshore,North America (R10),1
Medium-to-Low,SSP3,Capacity|Electricity|Wind|Onshore,Other (R10),1
Medium-to-Low,SSP3,Capacity|Electricity|Wind|Onshore,Pacific OECD (R10),1
Medium-to-Low,SSP3,Capacity|Electricity|Wind|Onshore,Reforming Economies (R10),1
Medium-to-Low,SSP3,Capacity|Electricity|Wind|Onshore,Rest of Asia (R10),1
Medium-to-Low,SSP3,Capacity|Electricity|Wind|Onshore,World,1
Medium-to-Low,SSP3,Food Intake|Crops [per capita],Africa (R10),1
Medium-to-Low,SSP3,Food Intake|Crops [per capita],China+ (R10),1
Medium-to-Low,SSP3,Food Intake|Crops [per capita],Europe (R10),1
Medium-to-Low,SSP3,Food Intake|Crops [per capita],India+ (R10),1
Medium-to-Low,SSP3,Food Intake|Crops [per capita],Latin America (R10),1
Medium-to-Low,SSP3,Food Intake|Crops [per capita],Middle East (R10),1
Medium-to-Low,SSP3,Food Intake|Crops [per capita],North America (R10),1
Medium-to-Low,SSP3,Food Intake|Crops [per capita],Other (R10),1
Medium-to-Low,SSP3,Food Intake|Crops [per capita],Pacific OECD (R10),1
Medium-to-Low,SSP3,Food Intake|Crops [per capita],Reforming Economies (R10),1
Medium-to-Low,SSP3,Food Intake|Crops [per capita],Rest of Asia (R10),1
Medium-to-Low,SSP3,Food Intake|Crops [per capita],World,1
Medium-to-Low,SSP3,Food Intake|Livestock [per capita],Africa (R10),1
Medium-to-Low,SSP3,Food Intake|Livestock [per capita],China+ (R10),1
Medium-to-Low,SSP3,Food Intake|Livestock [per capita],Europe (R10),1
Medium-to-Low,SSP3,Food Intake|Livestock [per capita],India+ (R10),1
Medium-to-Low,SSP3,Food Intake|Livestock [per capita],Latin America (R10),1
Medium-to-Low,SSP3,Food Intake|Livestock [per capita],Middle East (R10),1
Medium-to-Low,SSP3,Food Intake|Livestock [per capita],North America (R10),1
Medium-to-Low,SSP3,Food Intake|Livestock [per capita],Other (R10),1
Medium-to-Low,SSP3,Food Intake|Livestock [per capita],Pacific OECD (R10),1
Medium-to-Low,SSP3,Food Intake|Livestock [per capita],Reforming Economies (R10),1
Medium-to-Low,SSP3,Food Intake|Livestock [per capita],Rest of Asia (R10),1
Medium-to-Low,SSP3,Food Intake|Livestock [per capita],World,1
Medium-to-Low,SSP3,Food Waste [per capita],Africa (R10),1
Medium-to-Low,SSP3,Food Waste [per capita],China+ (R10),1
Medium-to-Low,SSP3,Food Waste [per capita],Europe (R10),1
Medium-to-Low,SSP3,Food Waste [per capita],India+ (R10),1
Medium-to-Low,SSP3,Food Waste [per capita],Latin America (R10),1
Medium-to-Low,SSP3,Food Waste [per capita],Middle East (R10),1
Medium-to-Low,SSP3,Food Waste [per capita],North America (R10),1
Medium-to-Low,SSP3,Food Waste [per capita],Other (R10),1
Medium-to-Low,SSP3,Food Waste [per capita],Pacific OECD (R10),1
Medium-to-Low,SSP3,Food Waste [per capita],Reforming Economies (R10),1
Medium-to-Low,SSP3,Food Waste [per capita],Rest of Asia (R10),1
Medium-to-Low,SSP3,Food Waste [per capita],World,1
Medium-to-Low,SSP3,Forestry Production|Roundwood,Africa (R10),1
Medium-to-Low,SSP3,Forestry Production|Roundwood,China+ (R10),1
Medium-to-Low,SSP3,Forestry Production|Roundwood,Europe (R10),1
Medium-to-Low,SSP3,Forestry Production|Roundwood,India+ (R10),1
Medium-to-Low,SSP3,Forestry Production|Roundwood,Latin America (R10),1
Medium-to-Low,SSP3,Forestry Production|Roundwood,Middle East (R10),1
Medium-to-Low,SSP3,Forestry Production|Roundwood,North America (R10),1
Medium-to-Low,SSP3,Forestry Production|Roundwood,Other (R10),1
Medium-to-Low,SSP3,Forestry Production|Roundwood,Pacific OECD (R10),1
Medium-to-Low,SSP3,Forestry Production|Roundwood,Reforming Economies (R10),1
Medium-to-Low,SSP3,Forestry Production|Roundwood,Rest of Asia (R10),1
Medium-to-Low,SSP3,Forestry Production|Roundwood,World,1
Medium-to-Low,SSP3,GDP|MER,Africa (R10),1
Medium-to-Low,SSP3,GDP|MER,China+ (R10),1
Medium-to-Low,SSP3,GDP|MER,Europe (R10),1
Medium-to-Low,SSP3,GDP|MER,India+ (R10),1
Medium-to-Low,SSP3,GDP|MER,Latin America (R10),1
Medium-to-Low,SSP3,GDP|MER,Middle East (R10),1
Medium-to-Low,SSP3,GDP|MER,North America (R10),1
Medium-to-Low,SSP3,GDP|MER,Other (R10),1
Medium-to-Low,SSP3,GDP|MER,Pacific OECD (R10),1
Medium-to-Low,SSP3,GDP|MER,Reforming Economies (R10),1
Medium-to-Low,SSP3,GDP|MER,Rest of Asia (R10),1
Medium-to-Low,SSP3,GDP|MER,World,1
Medium-to-Low,SSP3,Population,Africa (R10),1
Medium-to-Low,SSP3,Population,China+ (R10),1
Medium-to-Low,SSP3,Population,Europe (R10),1
Medium-to-Low,SSP3,Population,India+ (R10),1
Medium-to-Low,SSP3,Population,Latin America (R10),1
Medium-to-Low,SSP3,Population,Middle East (R10),1
Medium-to-Low,SSP3,Population,North America (R10),1
Medium-to-Low,SSP3,Population,Other (R10),1
Medium-to-Low,SSP3,Population,Pacific OECD (R10),1
Medium-to-Low,SSP3,Population,Reforming Economies (R10),1
Medium-to-Low,SSP3,Population,Rest of Asia (R10),1
Medium-to-Low,SSP3,Population,World,1
Medium-to-Low,SSP3,Primary Energy,Africa (R10),1
Medium-to-Low,SSP3,Primary Energy,China+ (R10),1
Medium-to-Low,SSP3,Primary Energy,Europe (R10),1
Medium-to-Low,SSP3,Primary Energy,India+ (R10),1
Medium-to-Low,SSP3,Primary Energy,Latin America (R10),1
Medium-to-Low,SSP3,Primary Energy,Middle East (R10),1
Medium-to-Low,SSP3,Primary Energy,North America (R10),1
Medium-to-Low,SSP3,Primary Energy,Other (R10),1
Medium-to-Low,SSP3,Primary Energy,Pacific OECD (R10),1
Medium-to-Low,SSP3,Primary Energy,Reforming Economies (R10),1
Medium-to-Low,SSP3,Primary Energy,Rest of Asia (R10),1
Medium-to-Low,SSP3,Primary Energy,World,1
Medium-to-Low,SSP3,Primary Energy|Biomass,Africa (R10),1
Medium-to-Low,SSP3,Primary Energy|Biomass,China+ (R10),1
Medium-to-Low,SSP3,Primary Energy|Biomass,Europe (R10),1
Medium-to-Low,SSP3,Primary Energy|Biomass,India+ (R10),1
Medium-to-Low,SSP3,Primary Energy|Biomass,Latin America (R10),1
Medium-to-Low,SSP3,Primary Energy|Biomass,Middle East (R10),1
Medium-to-Low,SSP3,Primary Energy|Biomass,North America (R10),1
Medium-to-Low,SSP3,Primary Energy|Biomass,Other (R10),1
Medium-to-Low,SSP3,Primary Energy|Biomass,Pacific OECD (R10),1
Medium-to-Low,SSP3,Primary Energy|Biomass,Reforming Economies (R10),1
Medium-to-Low,SSP3,Primary Energy|Biomass,Rest of Asia (R10),1
Medium-to-Low,SSP3,Primary Energy|Biomass,World,1
Medium-to-Low,SSP3,Primary Energy|Coal,Africa (R10),1
Medium-to-Low,SSP3,Primary Energy|Coal,China+ (R10),1
Medium-to-Low,SSP3,Primary Energy|Coal,Europe (R10),1
Medium-to-Low,SSP3,Primary Energy|Coal,India+ (R10),1
Medium-to-Low,SSP3,Primary Energy|Coal,Latin America (R10),1
Medium-to-Low,SSP3,Primary Energy|Coal,Middle East (R10),1
Medium-to-Low,SSP3,Primary Energy|Coal,North America (R10),1
Medium-to-Low,SSP3,Primary Energy|Coal,Other (R10),1
Medium-to-Low,SSP3,Primary Energy|Coal,Pacific OECD (R10),1
Medium-to-Low,SSP3,Primary Energy|Coal,Reforming Economies (R10),1
Medium-to-Low,SSP3,Primary Energy|Coal,Rest of Asia (R10),1
Medium-to-Low,SSP3,Primary Energy|Coal,World,1
Medium-to-Low,SSP3,Primary Energy|Fossil,Africa (R10),1
Medium-to-Low,SSP3,Primary Energy|Fossil,China+ (R10),1
Medium-to-Low,SSP3,Primary Energy|Fossil,Europe (R10),1
Medium-to-Low,SSP3,Primary Energy|Fossil,India+ (R10),1
Medium-to-Low,SSP3,Primary Energy|Fossil,Latin America (R10),1
Medium-to-Low,SSP3,Primary Energy|Fossil,Middle East (R10),1
Medium-to-Low,SSP3,Primary Energy|Fossil,North America (R10),1
Medium-to-Low,SSP3,Primary Energy|Fossil,Other (R10),1
Medium-to-Low,SSP3,Primary Energy|Fossil,Pacific OECD (R10),1
Medium-to-Low,SSP3,Primary Energy|Fossil,Reforming Economies (R10),1
Medium-to-Low,SSP3,Primary Energy|Fossil,Rest of Asia (R10),1
Medium-to-Low,SSP3,Primary Energy|Fossil,World,1
Medium-to-Low,SSP3,Primary Energy|Gas,Africa (R10),1
Medium-to-Low,SSP3,Primary Energy|Gas,China+ (R10),1
Medium-to-Low,SSP3,Primary Energy|Gas,Europe (R10),1
Medium-to-Low,SSP3,Primary Energy|Gas,India+ (R10),1
Medium-to-Low,SSP3,Primary Energy|Gas,Latin America (R10),1
Medium-to-Low,SSP3,Primary Energy|Gas,Middle East (R10),1
Medium-to-Low,SSP3,Primary Energy|Gas,North America (R10),1
Medium-to-Low,SSP3,Primary Energy|Gas,Other (R10),1
Medium-to-Low,SSP3,Primary Energy|Gas,Pacific OECD (R10),1
Medium-to-Low,SSP3,Primary Energy|Gas,Reforming Economies (R10),1
Medium-to-Low,SSP3,Primary Energy|Gas,Rest of Asia (R10),1
Medium-to-Low,SSP3,Primary Energy|Gas,World,1
Medium-to-Low,SSP3,Primary Energy|Geothermal,Africa (R10),1
Medium-to-Low,SSP3,Primary Energy|Geothermal,China+ (R10),1
Medium-to-Low,SSP3,Primary Energy|Geothermal,Europe (R10),1
Medium-to-Low,SSP3,Primary Energy|Geothermal,India+ (R10),1
Medium-to-Low,SSP3,Primary Energy|Geothermal,Latin America (R10),1
Medium-to-Low,SSP3,Primary Energy|Geothermal,Middle East (R10),1
Medium-to-Low,SSP3,Primary Energy|Geothermal,North America (R10),1
Medium-to-Low,SSP3,Primary Energy|Geothermal,Other (R10),1
Medium-to-Low,SSP3,Primary Energy|Geothermal,Pacific OECD (R10),1
Medium-to-Low,SSP3,Primary Energy|Geothermal,Reforming Economies (R10),1
Medium-to-Low,SSP3,Primary Energy|Geothermal,Rest of Asia (R10),1
Medium-to-Low,SSP3,Primary Energy|Geothermal,World,1
Medium-to-Low,SSP3,Primary Energy|Hydro,Africa (R10),1
Medium-to-Low,SSP3,Primary Energy|Hydro,China+ (R10),1
Medium-to-Low,SSP3,Primary Energy|Hydro,Europe (R10),1
Medium-to-Low,SSP3,Primary Energy|Hydro,India+ (R10),1
Medium-to-Low,SSP3,Primary Energy|Hydro,Latin America (R10),1
Medium-to-Low,SSP3,Primary Energy|Hydro,Middle East (R10),1
Medium-to-Low,SSP3,Primary Energy|Hydro,North America (R10),1
Medium-to-Low,SSP3,Primary Energy|Hydro,Other (R10),1
Medium-to-Low,SSP3,Primary Energy|Hydro,Pacific OECD (R10),1
Medium-to-Low,SSP3,Primary Energy|Hydro,Reforming Economies (R10),1
Medium-to-Low,SSP3,Primary Energy|Hydro,Rest of Asia (R10),1
Medium-to-Low,SSP3,Primary Energy|Hydro,World,1
Medium-to-Low,SSP3,Primary Energy|Non-Biomass Renewables,Africa (R10),1
Medium-to-Low,SSP3,Primary Energy|Non-Biomass Renewables,China+ (R10),1
Medium-to-Low,SSP3,Primary Energy|Non-Biomass Renewables,Europe (R10),1
Medium-to-Low,SSP3,Primary Energy|Non-Biomass Renewables,India+ (R10),1
Medium-to-Low,SSP3,Primary Energy|Non-Biomass Renewables,Latin America (R10),1
Medium-to-Low,SSP3,Primary Energy|Non-Biomass Renewables,Middle East (R10),1
Medium-to-Low,SSP3,Primary Energy|Non-Biomass Renewables,North America (R10),1
Medium-to-Low,SSP3,Primary Energy|Non-Biomass Renewables,Other (R10),1
Medium-to-Low,SSP3,Primary Energy|Non-Biomass Renewables,Pacific OECD (R10),1
Medium-to-Low,SSP3,Primary Energy|Non-Biomass Renewables,Reforming Economies (R10),1
Medium-to-Low,SSP3,Primary Energy|Non-Biomass Renewables,Rest of Asia (R10),1
Medium-to-Low,SSP3,Primary Energy|Non-Biomass Renewables,World,1
Medium-to-Low,SSP3,Primary Energy|Nuclear,Africa (R10),1
Medium-to-Low,SSP3,Primary Energy|Nuclear,China+ (R10),1
Medium-to-Low,SSP3,Primary Energy|Nuclear,Europe (R10),1
Medium-to-Low,SSP3,Primary Energy|Nuclear,India+ (R10),1
Medium-to-Low,SSP3,Primary Energy|Nuclear,Latin America (R10),1
Medium-to-Low,SSP3,Primary Energy|Nuclear,Middle East (R10),1
Medium-to-Low,SSP3,Primary Energy|Nuclear,North America (R10),1
Medium-to-Low,SSP3,Primary Energy|Nuclear,Other (R10),1
Medium-to-Low,SSP3,Primary Energy|Nuclear,Pacific OECD (R10),1
Medium-to-Low,SSP3,Primary Energy|Nuclear,Reforming Economies (R10),1
Medium-to-Low,SSP3,Primary Energy|Nuclear,Rest of Asia (R10),1
Medium-to-Low,SSP3,Primary Energy|Nuclear,World,1
Medium-to-Low,SSP3,Primary Energy|Oil,Africa (R10),1
Medium-to-Low,SSP3,Primary Energy|Oil,China+ (R10),1
Medium-to-Low,SSP3,Primary Energy|Oil,Europe (R10),1
Medium-to-Low,SSP3,Primary Energy|Oil,India+ (R10),1
Medium-to-Low,SSP3,Primary Energy|Oil,Latin America (R10),1
Medium-to-Low,SSP3,Primary Energy|Oil,Middle East (R10),1
Medium-to-Low,SSP3,Primary Energy|Oil,North America (R10),1
Medium-to-Low,SSP3,Primary Energy|Oil,Other (R10),1
Medium-to-Low,SSP3,Primary Energy|Oil,Pacific OECD (R10),1
Medium-to-Low,SSP3,Primary Energy|Oil,Reforming Economies (R10),1
Medium-to-Low,SSP3,Primary Energy|Oil,Rest of Asia (R10),1
Medium-to-Low,SSP3,Primary Energy|Oil,World,1
Medium-to-Low,SSP3,Production|Iron and Steel|Steel,Africa (R10),1
Medium-to-Low,SSP3,Production|Iron and Steel|Steel,China+ (R10),1
Medium-to-Low,SSP3,Production|Iron and Steel|Steel,Europe (R10),1
Medium-to-Low,SSP3,Production|Iron and Steel|Steel,India+ (R10),1
Medium-to-Low,SSP3,Production|Iron and Steel|Steel,Latin America (R10),1
Medium-to-Low,SSP3,Production|Iron and Steel|Steel,Middle East (R10),1
Medium-to-Low,SSP3,Production|Iron and Steel|Steel,North America (R10),1
Medium-to-Low,SSP3,Production|Iron and Steel|Steel,Other (R10),1
Medium-to-Low,SSP3,Production|Iron and Steel|Steel,Pacific OECD (R10),1
Medium-to-Low,SSP3,Production|Iron and Steel|Steel,Reforming Economies (R10),1
Medium-to-Low,SSP3,Production|Iron and Steel|Steel,Rest of Asia (R10),1
Medium-to-Low,SSP3,Production|Iron and Steel|Steel,World,1
Medium-to-Low,SSP3,Production|Non-Metallic Minerals|Cement,Africa (R10),1
Medium-to-Low,SSP3,Production|Non-Metallic Minerals|Cement,China+ (R10),1
Medium-to-Low,SSP3,Production|Non-Metallic Minerals|Cement,Europe (R10),1
Medium-to-Low,SSP3,Production|Non-Metallic Minerals|Cement,India+ (R10),1
Medium-to-Low,SSP3,Production|Non-Metallic Minerals|Cement,Latin America (R10),1
Medium-to-Low,SSP3,Production|Non-Metallic Minerals|Cement,Middle East (R10),1
Medium-to-Low,SSP3,Production|Non-Metallic Minerals|Cement,North America (R10),1
Medium-to-Low,SSP3,Production|Non-Metallic Minerals|Cement,Other (R10),1
Medium-to-Low,SSP3,Production|Non-Metallic Minerals|Cement,Pacific OECD (R10),1
Medium-to-Low,SSP3,Production|Non-Metallic Minerals|Cement,Reforming Economies (R10),1
Medium-to-Low,SSP3,Production|Non-Metallic Minerals|Cement,Rest of Asia (R10),1
Medium-to-Low,SSP3,Production|Non-Metallic Minerals|Cement,World,1
Medium-to-Low,SSP3,Resource|Extraction|Coal,Africa (R10),1
Medium-to-Low,SSP3,Resource|Extraction|Coal,China+ (R10),1
Medium-to-Low,SSP3,Resource|Extraction|Coal,Europe (R10),1
Medium-to-Low,SSP3,Resource|Extraction|Coal,India+ (R10),1
Medium-to-Low,SSP3,Resource|Extraction|Coal,Latin America (R10),1
Medium-to-Low,SSP3,Resource|Extraction|Coal,Middle East (R10),1
Medium-to-Low,SSP3,Resource|Extraction|Coal,North America (R10),1
Medium-to-Low,SSP3,Resource|Extraction|Coal,Other (R10),1
Medium-to-Low,SSP3,Resource|Extraction|Coal,Pacific OECD (R10),1
Medium-to-Low,SSP3,Resource|Extraction|Coal,Reforming Economies (R10),1
Medium-to-Low,SSP3,Resource|Extraction|Coal,Rest of Asia (R10),1
Medium-to-Low,SSP3,Resource|Extraction|Coal,World,1
Medium-to-Low,SSP3,Resource|Extraction|Gas,Africa (R10),1
Medium-to-Low,SSP3,Resource|Extraction|Gas,China+ (R10),1
Medium-to-Low,SSP3,Resource|Extraction|Gas,Europe (R10),1
Medium-to-Low,SSP3,Resource|Extraction|Gas,India+ (R10),1
Medium-to-Low,SSP3,Resource|Extraction|Gas,Latin America (R10),1
Medium-to-Low,SSP3,Resource|Extraction|Gas,Middle East (R10),1
Medium-to-Low,SSP3,Resource|Extraction|Gas,North America (R10),1
Medium-to-Low,SSP3,Resource|Extraction|Gas,Other (R10),1
Medium-to-Low,SSP3,Resource|Extraction|Gas,Pacific OECD (R10),1
Medium-to-Low,SSP3,Resource|Extraction|Gas,Reforming Economies (R10),1
Medium-to-Low,SSP3,Resource|Extraction|Gas,Rest of Asia (R10),1
Medium-to-Low,SSP3,Resource|Extraction|Gas,World,1
Medium-to-Low,SSP3,Resource|Extraction|Oil,Africa (R10),1
Medium-to-Low,SSP3,Resource|Extraction|Oil,China+ (R10),1
Medium-to-Low,SSP3,Resource|Extraction|Oil,Europe (R10),1
Medium-to-Low,SSP3,Resource|Extraction|Oil,India+ (R10),1
Medium-to-Low,SSP3,Resource|Extraction|Oil,Latin America (R10),1
Medium-to-Low,SSP3,Resource|Extraction|Oil,Middle East (R10),1
Medium-to-Low,SSP3,Resource|Extraction|Oil,North America (R10),1
Medium-to-Low,SSP3,Resource|Extraction|Oil,Other (R10),1
Medium-to-Low,SSP3,Resource|Extraction|Oil,Pacific OECD (R10),1
Medium-to-Low,SSP3,Resource|Extraction|Oil,Reforming Economies (R10),1
Medium-to-Low,SSP3,Resource|Extraction|Oil,Rest of Asia (R10),1
Medium-to-Low,SSP3,Resource|Extraction|Oil,World,1
Very Low,SSP1,Agricultural Demand|Residues,Africa (R10),2
Very Low,SSP1,Agricultural Demand|Residues,China+ (R10),2
Very Low,SSP1,Agricultural Demand|Residues,Europe (R10),2
Very Low,SSP1,Agricultural Demand|Residues,India+ (R10),2
Very Low,SSP1,Agricultural Demand|Residues,Latin America (R10),2
Very Low,SSP1,Agricultural Demand|Residues,Middle East (R10),2
Very Low,SSP1,Agricultural Demand|Residues,North America (R10),2
Very Low,SSP1,Agricultural Demand|Residues,Other (R10),1
Very Low,SSP1,Agricultural Demand|Residues,Pacific OECD (R10),2
Very Low,SSP1,Agricultural Demand|Residues,Reforming Economies (R10),2
Very Low,SSP1,Agricultural Demand|Residues,Rest of Asia (R10),2
Very Low,SSP1,Agricultural Demand|Residues,World,2
Very Low,SSP1,Agricultural Production,Africa (R10),4
Very Low,SSP1,Agricultural Production,China+ (R10),4
Very Low,SSP1,Agricultural Production,Europe (R10),4
Very Low,SSP1,Agricultural Production,India+ (R10),4
Very Low,SSP1,Agricultural Production,Latin America (R10),4
Very Low,SSP1,Agricultural Production,Middle East (R10),4
Very Low,SSP1,Agricultural Production,North America (R10),4
Very Low,SSP1,Agricultural Production,Other (R10),1
Very Low,SSP1,Agricultural Production,Pacific OECD (R10),4
Very Low,SSP1,Agricultural Production,Reforming Economies (R10),4
Very Low,SSP1,Agricultural Production,Rest of Asia (R10),4
Very Low,SSP1,Agricultural Production,World,4
Very Low,SSP1,Agricultural Production|Crops,Africa (R10),4
Very Low,SSP1,Agricultural Production|Crops,China+ (R10),4
Very Low,SSP1,Agricultural Production|Crops,Europe (R10),4
Very Low,SSP1,Agricultural Production|Crops,India+ (R10),4
Very Low,SSP1,Agricultural Production|Crops,Latin America (R10),4
Very Low,SSP1,Agricultural Production|Crops,Middle East (R10),4
Very Low,SSP1,Agricultural Production|Crops,North America (R10),4
Very Low,SSP1,Agricultural Production|Crops,Other (R10),1
Very Low,SSP1,Agricultural Production|Crops,Pacific OECD (R10),4
Very Low,SSP1,Agricultural Production|Crops,Reforming Economies (R10),4
Very Low,SSP1,Agricultural Production|Crops,Rest of Asia (R10),4
Very Low,SSP1,Agricultural Production|Crops,World,4
Very Low,SSP1,Agricultural Production|Livestock,Africa (R10),4
Very Low,SSP1,Agricultural Production|Livestock,China+ (R10),4
Very Low,SSP1,Agricultural Production|Livestock,Europe (R10),4
Very Low,SSP1,Agricultural Production|Livestock,India+ (R10),4
Very Low,SSP1,Agricultural Production|Livestock,Latin America (R10),4
Very Low,SSP1,Agricultural Production|Livestock,Middle East (R10),4
Very Low,SSP1,Agricultural Production|Livestock,North America (R10),4
Very Low,SSP1,Agricultural Production|Livestock,Other (R10),1
Very Low,SSP1,Agricultural Production|Livestock,Pacific OECD (R10),4
Very Low,SSP1,Agricultural Production|Livestock,Reforming Economies (R10),4
Very Low,SSP1,Agricultural Production|Livestock,Rest of Asia (R10),4
Very Low,SSP1,Agricultural Production|Livestock,World,4
Very Low,SSP1,Building Stock|Commercial|Floor Space|Gross,Africa (R10),1
Very Low,SSP1,Building Stock|Commercial|Floor Space|Gross,China+ (R10),1
Very Low,SSP1,Building Stock|Commercial|Floor Space|Gross,Europe (R10),1
Very Low,SSP1,Building Stock|Commercial|Floor Space|Gross,India+ (R10),1
Very Low,SSP1,Building Stock|Commercial|Floor Space|Gross,Latin America (R10),1
Very Low,SSP1,Building Stock|Commercial|Floor Space|Gross,Middle East (R10),1
Very Low,SSP1,Building Stock|Commercial|Floor Space|Gross,North America (R10),1
Very Low,SSP1,Building Stock|Commercial|Floor Space|Gross,Pacific OECD (R10),1
Very Low,SSP1,Building Stock|Commercial|Floor Space|Gross,Reforming Economies (R10),1
Very Low,SSP1,Building Stock|Commercial|Floor Space|Gross,Rest of Asia (R10),1
Very Low,SSP1,Building Stock|Commercial|Floor Space|Gross,World,1
Very Low,SSP1,Building Stock|Residential and Commercial|Floor Space|Gross,Africa (R10),2
Very Low,SSP1,Building Stock|Residential and Commercial|Floor Space|Gross,China+ (R10),2
Very Low,SSP1,Building Stock|Residential and Commercial|Floor Space|Gross,Europe (R10),2
Very Low,SSP1,Building Stock|Residential and Commercial|Floor Space|Gross,India+ (R10),2
Very Low,SSP1,Building Stock|Residential and Commercial|Floor Space|Gross,Latin America (R10),2
Very Low,SSP1,Building Stock|Residential and Commercial|Floor Space|Gross,Middle East (R10),2
Very Low,SSP1,Building Stock|Residential and Commercial|Floor Space|Gross,North America (R10),2
Very Low,SSP1,Building Stock|Residential and Commercial|Floor Space|Gross,Other (R10),1
Very Low,SSP1,Building Stock|Residential and Commercial|Floor Space|Gross,Pacific OECD (R10),2
Very Low,SSP1,Building Stock|Residential and Commercial|Floor Space|Gross,Reforming Economies (R10),2
Very Low,SSP1,Building Stock|Residential and Commercial|Floor Space|Gross,Rest of Asia (R10),2
Very Low,SSP1,Building Stock|Residential and Commercial|Floor Space|Gross,World,2
Very Low,SSP1,Building Stock|Residential|Floor Space|Gross,Africa (R10),1
Very Low,SSP1,Building Stock|Residential|Floor Space|Gross,China+ (R10),1
Very Low,SSP1,Building Stock|Residential|Floor Space|Gross,Europe (R10),1
Very Low,SSP1,Building Stock|Residential|Floor Space|Gross,India+ (R10),1
Very Low,SSP1,Building Stock|Residential|Floor Space|Gross,Latin America (R10),1
Very Low,SSP1,Building Stock|Residential|Floor Space|Gross,Middle East (R10),1
Very Low,SSP1,Building Stock|Residential|Floor Space|Gross,North America (R10),1
Very Low,SSP1,Building Stock|Residential|Floor Space|Gross,Pacific OECD (R10),1
Very Low,SSP1,Building Stock|Residential|Floor Space|Gross,Reforming Economies (R10),1
Very Low,SSP1,Building Stock|Residential|Floor Space|Gross,Rest of Asia (R10),1
Very Low,SSP1,Building Stock|Residential|Floor Space|Gross,World,1
Very Low,SSP1,Capacity|Electricity|Biomass,Africa (R10),5
Very Low,SSP1,Capacity|Electricity|Biomass,China+ (R10),5
Very Low,SSP1,Capacity|Electricity|Biomass,Europe (R10),5
Very Low,SSP1,Capacity|Electricity|Biomass,India+ (R10),5
Very Low,SSP1,Capacity|Electricity|Biomass,Latin America (R10),5
Very Low,SSP1,Capacity|Electricity|Biomass,Middle East (R10),5
Very Low,SSP1,Capacity|Electricity|Biomass,North America (R10),5
Very Low,SSP1,Capacity|Electricity|Biomass,Other (R10),1
Very Low,SSP1,Capacity|Electricity|Biomass,Pacific OECD (R10),5
Very Low,SSP1,Capacity|Electricity|Biomass,Reforming Economies (R10),5
Very Low,SSP1,Capacity|Electricity|Biomass,Rest of Asia (R10),5
Very Low,SSP1,Capacity|Electricity|Biomass,World,5
Very Low,SSP1,Capacity|Electricity|Coal,Africa (R10),5
Very Low,SSP1,Capacity|Electricity|Coal,China+ (R10),5
Very Low,SSP1,Capacity|Electricity|Coal,Europe (R10),5
Very Low,SSP1,Capacity|Electricity|Coal,India+ (R10),5
Very Low,SSP1,Capacity|Electricity|Coal,Latin America (R10),5
Very Low,SSP1,Capacity|Electricity|Coal,Middle East (R10),5
Very Low,SSP1,Capacity|Electricity|Coal,North America (R10),5
Very Low,SSP1,Capacity|Electricity|Coal,Other (R10),1
Very Low,SSP1,Capacity|Electricity|Coal,Pacific OECD (R10),5
Very Low,SSP1,Capacity|Electricity|Coal,Reforming Economies (R10),5
Very Low,SSP1,Capacity|Electricity|Coal,Rest of Asia (R10),5
Very Low,SSP1,Capacity|Electricity|Coal,World,5
Very Low,SSP1,Capacity|Electricity|Fossil,Africa (R10),3
Very Low,SSP1,Capacity|Electricity|Fossil,China+ (R10),3
Very Low,SSP1,Capacity|Electricity|Fossil,Europe (R10),3
Very Low,SSP1,Capacity|Electricity|Fossil,India+ (R10),3
Very Low,SSP1,Capacity|Electricity|Fossil,Latin America (R10),3
Very Low,SSP1,Capacity|Electricity|Fossil,Middle East (R10),3
Very Low,SSP1,Capacity|Electricity|Fossil,North America (R10),3
Very Low,SSP1,Capacity|Electricity|Fossil,Pacific OECD (R10),3
Very Low,SSP1,Capacity|Electricity|Fossil,Reforming Economies (R10),3
Very Low,SSP1,Capacity|Electricity|Fossil,Rest of Asia (R10),3
Very Low,SSP1,Capacity|Electricity|Fossil,World,3
Very Low,SSP1,Capacity|Electricity|Gas,Africa (R10),5
Very Low,SSP1,Capacity|Electricity|Gas,China+ (R10),5
Very Low,SSP1,Capacity|Electricity|Gas,Europe (R10),5
Very Low,SSP1,Capacity|Electricity|Gas,India+ (R10),5
Very Low,SSP1,Capacity|Electricity|Gas,Latin America (R10),5
Very Low,SSP1,Capacity|Electricity|Gas,Middle East (R10),5
Very Low,SSP1,Capacity|Electricity|Gas,North America (R10),5
Very Low,SSP1,Capacity|Electricity|Gas,Other (R10),1
Very Low,SSP1,Capacity|Electricity|Gas,Pacific OECD (R10),5
Very Low,SSP1,Capacity|Electricity|Gas,Reforming Economies (R10),5
Very Low,SSP1,Capacity|Electricity|Gas,Rest of Asia (R10),5
Very Low,SSP1,Capacity|Electricity|Gas,World,5
Very Low,SSP1,Capacity|Electricity|Geothermal,Africa (R10),5
Very Low,SSP1,Capacity|Electricity|Geothermal,China+ (R10),4
Very Low,SSP1,Capacity|Electricity|Geothermal,Europe (R10),5
Very Low,SSP1,Capacity|Electricity|Geothermal,India+ (R10),4
Very Low,SSP1,Capacity|Electricity|Geothermal,Latin America (R10),5
Very Low,SSP1,Capacity|Electricity|Geothermal,Middle East (R10),4
Very Low,SSP1,Capacity|Electricity|Geothermal,North America (R10),5
Very Low,SSP1,Capacity|Electricity|Geothermal,Other (R10),1
Very Low,SSP1,Capacity|Electricity|Geothermal,Pacific OECD (R10),5
Very Low,SSP1,Capacity|Electricity|Geothermal,Reforming Economies (R10),5
Very Low,SSP1,Capacity|Electricity|Geothermal,Rest of Asia (R10),5
Very Low,SSP1,Capacity|Electricity|Geothermal,World,5
Very Low,SSP1,Capacity|Electricity|Hydro,Africa (R10),5
Very Low,SSP1,Capacity|Electricity|Hydro,China+ (R10),5
Very Low,SSP1,Capacity|Electricity|Hydro,Europe (R10),5
Very Low,SSP1,Capacity|Electricity|Hydro,India+ (R10),5
Very Low,SSP1,Capacity|Electricity|Hydro,Latin America (R10),5
Very Low,SSP1,Capacity|Electricity|Hydro,Middle East (R10),5
Very Low,SSP1,Capacity|Electricity|Hydro,North America (R10),5
Very Low,SSP1,Capacity|Electricity|Hydro,Other (R10),1
Very Low,SSP1,Capacity|Electricity|Hydro,Pacific OECD (R10),5
Very Low,SSP1,Capacity|Electricity|Hydro,Reforming Economies (R10),5
Very Low,SSP1,Capacity|Electricity|Hydro,Rest of Asia (R10),5
Very Low,SSP1,Capacity|Electricity|Hydro,World,5
Very Low,SSP1,Capacity|Electricity|Hydrogen,Africa (R10),2
Very Low,SSP1,Capacity|Electricity|Hydrogen,China+ (R10),2
Very Low,SSP1,Capacity|Electricity|Hydrogen,Europe (R10),2
Very Low,SSP1,Capacity|Electricity|Hydrogen,India+ (R10),2
Very Low,SSP1,Capacity|Electricity|Hydrogen,Latin America (R10),2
Very Low,SSP1,Capacity|Electricity|Hydrogen,Middle East (R10),2
Very Low,SSP1,Capacity|Electricity|Hydrogen,North America (R10),2
Very Low,SSP1,Capacity|Electricity|Hydrogen,Other (R10),1
Very Low,SSP1,Capacity|Electricity|Hydrogen,Pacific OECD (R10),2
Very Low,SSP1,Capacity|Electricity|Hydrogen,Reforming Economies (R10),2
Very Low,SSP1,Capacity|Electricity|Hydrogen,Rest of Asia (R10),2
Very Low,SSP1,Capacity|Electricity|Hydrogen,World,2
Very Low,SSP1,Capacity|Electricity|Nuclear,Africa (R10),5
Very Low,SSP1,Capacity|Electricity|Nuclear,China+ (R10),5
Very Low,SSP1,Capacity|Electricity|Nuclear,Europe (R10),5
Very Low,SSP1,Capacity|Electricity|Nuclear,India+ (R10),5
Very Low,SSP1,Capacity|Electricity|Nuclear,Latin America (R10),5
Very Low,SSP1,Capacity|Electricity|Nuclear,Middle East (R10),5
Very Low,SSP1,Capacity|Electricity|Nuclear,North America (R10),5
Very Low,SSP1,Capacity|Electricity|Nuclear,Other (R10),1
Very Low,SSP1,Capacity|Electricity|Nuclear,Pacific OECD (R10),5
Very Low,SSP1,Capacity|Electricity|Nuclear,Reforming Economies (R10),5
Very Low,SSP1,Capacity|Electricity|Nuclear,Rest of Asia (R10),5
Very Low,SSP1,Capacity|Electricity|Nuclear,World,5
Very Low,SSP1,Capacity|Electricity|Oil,Africa (R10),5
Very Low,SSP1,Capacity|Electricity|Oil,China+ (R10),5
Very Low,SSP1,Capacity|Electricity|Oil,Europe (R10),5
Very Low,SSP1,Capacity|Electricity|Oil,India+ (R10),5
Very Low,SSP1,Capacity|Electricity|Oil,Latin America (R10),5
Very Low,SSP1,Capacity|Electricity|Oil,Middle East (R10),5
Very Low,SSP1,Capacity|Electricity|Oil,North America (R10),5
Very Low,SSP1,Capacity|Electricity|Oil,Other (R10),1
Very Low,SSP1,Capacity|Electricity|Oil,Pacific OECD (R10),5
Very Low,SSP1,Capacity|Electricity|Oil,Reforming Economies (R10),5
Very Low,SSP1,Capacity|Electricity|Oil,Rest of Asia (R10),5
Very Low,SSP1,Capacity|Electricity|Oil,World,5
Very Low,SSP1,Capacity|Electricity|Other,Africa (R10),2
Very Low,SSP1,Capacity|Electricity|Other,China+ (R10),2
Very Low,SSP1,Capacity|Electricity|Other,Europe (R10),3
Very Low,SSP1,Capacity|Electricity|Other,India+ (R10),2
Very Low,SSP1,Capacity|Electricity|Other,Latin America (R10),2
Very Low,SSP1,Capacity|Electricity|Other,Middle East (R10),2
Very Low,SSP1,Capacity|Electricity|Other,North America (R10),3
Very Low,SSP1,Capacity|Electricity|Other,Pacific OECD (R10),2
Very Low,SSP1,Capacity|Electricity|Other,Reforming Economies (R10),2
Very Low,SSP1,Capacity|Electricity|Other,Rest of Asia (R10),2
Very Low,SSP1,Capacity|Electricity|Other,World,3
Very Low,SSP1,Capacity|Electricity|Solar|CSP,Africa (R10),4
Very Low,SSP1,Capacity|Electricity|Solar|CSP,China+ (R10),4
Very Low,SSP1,Capacity|Electricity|Solar|CSP,Europe (R10),4
Very Low,SSP1,Capacity|Electricity|Solar|CSP,India+ (R10),4
Very Low,SSP1,Capacity|Electricity|Solar|CSP,Latin America (R10),4
Very Low,SSP1,Capacity|Electricity|Solar|CSP,Middle East (R10),4
Very Low,SSP1,Capacity|Electricity|Solar|CSP,North America (R10),4
Very Low,SSP1,Capacity|Electricity|Solar|CSP,Other (R10),1
Very Low,SSP1,Capacity|Electricity|Solar|CSP,Pacific OECD (R10),4
Very Low,SSP1,Capacity|Electricity|Solar|CSP,Reforming Economies (R10),4
Very Low,SSP1,Capacity|Electricity|Solar|CSP,Rest of Asia (R10),4
Very Low,SSP1,Capacity|Electricity|Solar|CSP,World,4
Very Low,SSP1,Capacity|Electricity|Solar|PV,Africa (R10),5
Very Low,SSP1,Capacity|Electricity|Solar|PV,China+ (R10),5
Very Low,SSP1,Capacity|Electricity|Solar|PV,Europe (R10),5
Very Low,SSP1,Capacity|Electricity|Solar|PV,India+ (R10),5
Very Low,SSP1,Capacity|Electricity|Solar|PV,Latin America (R10),5
Very Low,SSP1,Capacity|Electricity|Solar|PV,Middle East (R10),5
Very Low,SSP1,Capacity|Electricity|Solar|PV,North America (R10),5
Very Low,SSP1,Capacity|Electricity|Solar|PV,Other (R10),1
Very Low,SSP1,Capacity|Electricity|Solar|PV,Pacific OECD (R10),5
Very Low,SSP1,Capacity|Electricity|Solar|PV,Reforming Economies (R10),5
Very Low,SSP1,Capacity|Electricity|Solar|PV,Rest of Asia (R10),5
Very Low,SSP1,Capacity|Electricity|Solar|PV,World,5
Very Low,SSP1,Capacity|Electricity|Wind|Offshore,Africa (R10),4
Very Low,SSP1,Capacity|Electricity|Wind|Offshore,China+ (R10),4
Very Low,SSP1,Capacity|Electricity|Wind|Offshore,Europe (R10),4
Very Low,SSP1,Capacity|Electricity|Wind|Offshore,India+ (R10),4
Very Low,SSP1,Capacity|Electricity|Wind|Offshore,Latin America (R10),4
Very Low,SSP1,Capacity|Electricity|Wind|Offshore,Middle East (R10),4
Very Low,SSP1,Capacity|Electricity|Wind|Offshore,North America (R10),4
Very Low,SSP1,Capacity|Electricity|Wind|Offshore,Other (R10),1
Very Low,SSP1,Capacity|Electricity|Wind|Offshore,Pacific OECD (R10),4
Very Low,SSP1,Capacity|Electricity|Wind|Offshore,Reforming Economies (R10),4
Very Low,SSP1,Capacity|Electricity|Wind|Offshore,Rest of Asia (R10),4
Very Low,SSP1,Capacity|Electricity|Wind|Offshore,World,4
Very Low,SSP1,Capacity|Electricity|Wind|Onshore,Africa (R10),5
Very Low,SSP1,Capacity|Electricity|Wind|Onshore,China+ (R10),5
Very Low,SSP1,Capacity|Electricity|Wind|Onshore,Europe (R10),5
Very Low,SSP1,Capacity|Electricity|Wind|Onshore,India+ (R10),5
Very Low,SSP1,Capacity|Electricity|Wind|Onshore,Latin America (R10),5
Very Low,SSP1,Capacity|Electricity|Wind|Onshore,Middle East (R10),5
Very Low,SSP1,Capacity|Electricity|Wind|Onshore,North America (R10),5
Very Low,SSP1,Capacity|Electricity|Wind|Onshore,Other (R10),1
Very Low,SSP1,Capacity|Electricity|Wind|Onshore,Pacific OECD (R10),5
Very Low,SSP1,Capacity|Electricity|Wind|Onshore,Reforming Economies (R10),5
Very Low,SSP1,Capacity|Electricity|Wind|Onshore,Rest of Asia (R10),5
Very Low,SSP1,Capacity|Electricity|Wind|Onshore,World,5
Very Low,SSP1,Food Intake|Crops [per capita],Africa (R10),2
Very Low,SSP1,Food Intake|Crops [per capita],China+ (R10),2
Very Low,SSP1,Food Intake|Crops [per capita],Europe (R10),2
Very Low,SSP1,Food Intake|Crops [per capita],India+ (R10),2
Very Low,SSP1,Food Intake|Crops [per capita],Latin America (R10),2
Very Low,SSP1,Food Intake|Crops [per capita],Middle East (R10),2
Very Low,SSP1,Food Intake|Crops [per capita],North America (R10),2
Very Low,SSP1,Food Intake|Crops [per capita],Other (R10),1
Very Low,SSP1,Food Intake|Crops [per capita],Pacific OECD (R10),2
Very Low,SSP1,Food Intake|Crops [per capita],Reforming Economies (R10),2
Very Low,SSP1,Food Intake|Crops [per capita],Rest of Asia (R10),2
Very Low,SSP1,Food Intake|Crops [per capita],World,2
Very Low,SSP1,Food Intake|Livestock [per capita],Africa (R10),2
Very Low,SSP1,Food Intake|Livestock [per capita],China+ (R10),2
Very Low,SSP1,Food Intake|Livestock [per capita],Europe (R10),2
Very Low,SSP1,Food Intake|Livestock [per capita],India+ (R10),2
Very Low,SSP1,Food Intake|Livestock [per capita],Latin America (R10),2
Very Low,SSP1,Food Intake|Livestock [per capita],Middle East (R10),2
Very Low,SSP1,Food Intake|Livestock [per capita],North America (R10),2
Very Low,SSP1,Food Intake|Livestock [per capita],Other (R10),1
Very Low,SSP1,Food Intake|Livestock [per capita],Pacific OECD (R10),2
Very Low,SSP1,Food Intake|Livestock [per capita],Reforming Economies (R10),2
Very Low,SSP1,Food Intake|Livestock [per capita],Rest of Asia (R10),2
Very Low,SSP1,Food Intake|Livestock [per capita],World,2
Very Low,SSP1,Food Waste [per capita],Africa (R10),3
Very Low,SSP1,Food Waste [per capita],China+ (R10),3
Very Low,SSP1,Food Waste [per capita],Europe (R10),3
Very Low,SSP1,Food Waste [per capita],India+ (R10),3
Very Low,SSP1,Food Waste [per capita],Latin America (R10),3
Very Low,SSP1,Food Waste [per capita],Middle East (R10),3
Very Low,SSP1,Food Waste [per capita],North America (R10),3
Very Low,SSP1,Food Waste [per capita],Other (R10),1
Very Low,SSP1,Food Waste [per capita],Pacific OECD (R10),3
Very Low,SSP1,Food Waste [per capita],Reforming Economies (R10),3
Very Low,SSP1,Food Waste [per capita],Rest of Asia (R10),3
Very Low,SSP1,Food Waste [per capita],World,3
Very Low,SSP1,Forestry Production|Roundwood,Africa (R10),4
Very Low,SSP1,Forestry Production|Roundwood,China+ (R10),4
Very Low,SSP1,Forestry Production|Roundwood,Europe (R10),4
Very Low,SSP1,Forestry Production|Roundwood,India+ (R10),4
Very Low,SSP1,Forestry Production|Roundwood,Latin America (R10),4
Very Low,SSP1,Forestry Production|Roundwood,Middle East (R10),4
Very Low,SSP1,Forestry Production|Roundwood,North America (R10),4
Very Low,SSP1,Forestry Production|Roundwood,Other (R10),1
Very Low,SSP1,Forestry Production|Roundwood,Pacific OECD (R10),4
Very Low,SSP1,Forestry Production|Roundwood,Reforming Economies (R10),4
Very Low,SSP1,Forestry Production|Roundwood,Rest of Asia (R10),4
Very Low,SSP1,Forestry Production|Roundwood,World,4
Very Low,SSP1,GDP|MER,Africa (R10),5
Very Low,SSP1,GDP|MER,China+ (R10),5
Very Low,SSP1,GDP|MER,Europe (R10),5
Very Low,SSP1,GDP|MER,India+ (R10),5
Very Low,SSP1,GDP|MER,Latin America (R10),5
Very Low,SSP1,GDP|MER,Middle East (R10),5
Very Low,SSP1,GDP|MER,North America (R10),5
Very Low,SSP1,GDP|MER,Other (R10),1
Very Low,SSP1,GDP|MER,Pacific OECD (R10),5
Very Low,SSP1,GDP|MER,Reforming Economies (R10),5
Very Low,SSP1,GDP|MER,Rest of Asia (R10),5
Very Low,SSP1,GDP|MER,World,5
Very Low,SSP1,Population,Africa (R10),5
Very Low,SSP1,Population,China+ (R10),5
Very Low,SSP1,Population,Europe (R10),5
Very Low,SSP1,Population,India+ (R10),5
Very Low,SSP1,Population,Latin America (R10),5
Very Low,SSP1,Population,Middle East (R10),5
Very Low,SSP1,Population,North America (R10),5
Very Low,SSP1,Population,Other (R10),1
Very Low,SSP1,Population,Pacific OECD (R10),5
Very Low,SSP1,Population,Reforming Economies (R10),5
Very Low,SSP1,Population,Rest of Asia (R10),5
Very Low,SSP1,Population,World,5
Very Low,SSP1,Primary Energy,Africa (R10),5
Very Low,SSP1,Primary Energy,China+ (R10),5
Very Low,SSP1,Primary Energy,Europe (R10),5
Very Low,SSP1,Primary Energy,India+ (R10),5
Very Low,SSP1,Primary Energy,Latin America (R10),5
Very Low,SSP1,Primary Energy,Middle East (R10),5
Very Low,SSP1,Primary Energy,North America (R10),5
Very Low,SSP1,Primary Energy,Other (R10),1
Very Low,SSP1,Primary Energy,Pacific OECD (R10),5
Very Low,SSP1,Primary Energy,Reforming Economies (R10),5
Very Low,SSP1,Primary Energy,Rest of Asia (R10),5
Very Low,SSP1,Primary Energy,World,5
Very Low,SSP1,Primary Energy|Biomass,Africa (R10),5
Very Low,SSP1,Primary Energy|Biomass,China+ (R10),5
Very Low,SSP1,Primary Energy|Biomass,Europe (R10),5
Very Low,SSP1,Primary Energy|Biomass,India+ (R10),5
Very Low,SSP1,Primary Energy|Biomass,Latin America (R10),5
Very Low,SSP1,Primary Energy|Biomass,Middle East (R10),5
Very Low,SSP1,Primary Energy|Biomass,North America (R10),5
Very Low,SSP1,Primary Energy|Biomass,Other (R10),1
Very Low,SSP1,Primary Energy|Biomass,Pacific OECD (R10),5
Very Low,SSP1,Primary Energy|Biomass,Reforming Economies (R10),5
Very Low,SSP1,Primary Energy|Biomass,Rest of Asia (R10),5
Very Low,SSP1,Primary Energy|Biomass,World,5
Very Low,SSP1,Primary Energy|Coal,Africa (R10),5
Very Low,SSP1,Primary Energy|Coal,China+ (R10),5
Very Low,SSP1,Primary Energy|Coal,Europe (R10),5
Very Low,SSP1,Primary Energy|Coal,India+ (R10),5
Very Low,SSP1,Primary Energy|Coal,Latin America (R10),5
Very Low,SSP1,Primary Energy|Coal,Middle East (R10),5
Very Low,SSP1,Primary Energy|Coal,North America (R10),5
Very Low,SSP1,Primary Energy|Coal,Other (R10),1
Very Low,SSP1,Primary Energy|Coal,Pacific OECD (R10),5
Very Low,SSP1,Primary Energy|Coal,Reforming Economies (R10),5
Very Low,SSP1,Primary Energy|Coal,Rest of Asia (R10),5
Very Low,SSP1,Primary Energy|Coal,World,5
Very Low,SSP1,Primary Energy|Fossil,Africa (R10),5
Very Low,SSP1,Primary Energy|Fossil,China+ (R10),5
Very Low,SSP1,Primary Energy|Fossil,Europe (R10),5
Very Low,SSP1,Primary Energy|Fossil,India+ (R10),5
Very Low,SSP1,Primary Energy|Fossil,Latin America (R10),5
Very Low,SSP1,Primary Energy|Fossil,Middle East (R10),5
Very Low,SSP1,Primary Energy|Fossil,North America (R10),5
Very Low,SSP1,Primary Energy|Fossil,Other (R10),1
Very Low,SSP1,Primary Energy|Fossil,Pacific OECD (R10),5
Very Low,SSP1,Primary Energy|Fossil,Reforming Economies (R10),5
Very Low,SSP1,Primary Energy|Fossil,Rest of Asia (R10),5
Very Low,SSP1,Primary Energy|Fossil,World,5
Very Low,SSP1,Primary Energy|Gas,Africa (R10),5
Very Low,SSP1,Primary Energy|Gas,China+ (R10),5
Very Low,SSP1,Primary Energy|Gas,Europe (R10),5
Very Low,SSP1,Primary Energy|Gas,India+ (R10),5
Very Low,SSP1,Primary Energy|Gas,Latin America (R10),5
Very Low,SSP1,Primary Energy|Gas,Middle East (R10),5
Very Low,SSP1,Primary Energy|Gas,North America (R10),5
Very Low,SSP1,Primary Energy|Gas,Other (R10),1
Very Low,SSP1,Primary Energy|Gas,Pacific OECD (R10),5
Very Low,SSP1,Primary Energy|Gas,Reforming Economies (R10),5
Very Low,SSP1,Primary Energy|Gas,Rest of Asia (R10),5
Very Low,SSP1,Primary Energy|Gas,World,5
Very Low,SSP1,Primary Energy|Geothermal,Africa (R10),4
Very Low,SSP1,Primary Energy|Geothermal,China+ (R10),3
Very Low,SSP1,Primary Energy|Geothermal,Europe (R10),4
Very Low,SSP1,Primary Energy|Geothermal,India+ (R10),3
Very Low,SSP1,Primary Energy|Geothermal,Latin America (R10),4
Very Low,SSP1,Primary Energy|Geothermal,Middle East (R10),3
Very Low,SSP1,Primary Energy|Geothermal,North America (R10),4
Very Low,SSP1,Primary Energy|Geothermal,Other (R10),1
Very Low,SSP1,Primary Energy|Geothermal,Pacific OECD (R10),4
Very Low,SSP1,Primary Energy|Geothermal,Reforming Economies (R10),4
Very Low,SSP1,Primary Energy|Geothermal,Rest of Asia (R10),4
Very Low,SSP1,Primary Energy|Geothermal,World,4
Very Low,SSP1,Primary Energy|Hydro,Africa (R10),5
Very Low,SSP1,Primary Energy|Hydro,China+ (R10),5
Very Low,SSP1,Primary Energy|Hydro,Europe (R10),5
Very Low,SSP1,Primary Energy|Hydro,India+ (R10),5
Very Low,SSP1,Primary Energy|Hydro,Latin America (R10),5
Very Low,SSP1,Primary Energy|Hydro,Middle East (R10),5
Very Low,SSP1,Primary Energy|Hydro,North America (R10),5
Very Low,SSP1,Primary Energy|Hydro,Other (R10),1
Very Low,SSP1,Primary Energy|Hydro,Pacific OECD (R10),5
Very Low,SSP1,Primary Energy|Hydro,Reforming Economies (R10),5
Very Low,SSP1,Primary Energy|Hydro,Rest of Asia (R10),5
Very Low,SSP1,Primary Energy|Hydro,World,5
Very Low,SSP1,Primary Energy|Non-Biomass Renewables,Africa (R10),5
Very Low,SSP1,Primary Energy|Non-Biomass Renewables,China+ (R10),5
Very Low,SSP1,Primary Energy|Non-Biomass Renewables,Europe (R10),5
Very Low,SSP1,Primary Energy|Non-Biomass Renewables,India+ (R10),5
Very Low,SSP1,Primary Energy|Non-Biomass Renewables,Latin America (R10),5
Very Low,SSP1,Primary Energy|Non-Biomass Renewables,Middle East (R10),5
Very Low,SSP1,Primary Energy|Non-Biomass Renewables,North America (R10),5
Very Low,SSP1,Primary Energy|Non-Biomass Renewables,Other (R10),1
Very Low,SSP1,Primary Energy|Non-Biomass Renewables,Pacific OECD (R10),5
Very Low,SSP1,Primary Energy|Non-Biomass Renewables,Reforming Economies (R10),5
Very Low,SSP1,Primary Energy|Non-Biomass Renewables,Rest of Asia (R10),5
Very Low,SSP1,Primary Energy|Non-Biomass Renewables,World,5
Very Low,SSP1,Primary Energy|Nuclear,Africa (R10),5
Very Low,SSP1,Primary Energy|Nuclear,China+ (R10),5
Very Low,SSP1,Primary Energy|Nuclear,Europe (R10),5
Very Low,SSP1,Primary Energy|Nuclear,India+ (R10),5
Very Low,SSP1,Primary Energy|Nuclear,Latin America (R10),5
Very Low,SSP1,Primary Energy|Nuclear,Middle East (R10),5
Very Low,SSP1,Primary Energy|Nuclear,North America (R10),5
Very Low,SSP1,Primary Energy|Nuclear,Other (R10),1
Very Low,SSP1,Primary Energy|Nuclear,Pacific OECD (R10),5
Very Low,SSP1,Primary Energy|Nuclear,Reforming Economies (R10),5
Very Low,SSP1,Primary Energy|Nuclear,Rest of Asia (R10),5
Very Low,SSP1,Primary Energy|Nuclear,World,5
Very Low,SSP1,Primary Energy|Ocean,Africa (R10),1
Very Low,SSP1,Primary Energy|Ocean,China+ (R10),1
Very Low,SSP1,Primary Energy|Ocean,Europe (R10),1
Very Low,SSP1,Primary Energy|Ocean,India+ (R10),1
Very Low,SSP1,Primary Energy|Ocean,Latin America (R10),1
Very Low,SSP1,Primary Energy|Ocean,Middle East (R10),1
Very Low,SSP1,Primary Energy|Ocean,North America (R10),1
Very Low,SSP1,Primary Energy|Ocean,Pacific OECD (R10),1
Very Low,SSP1,Primary Energy|Ocean,Reforming Economies (R10),1
Very Low,SSP1,Primary Energy|Ocean,Rest of Asia (R10),1
Very Low,SSP1,Primary Energy|Ocean,World,1
Very Low,SSP1,Primary Energy|Oil,Africa (R10),5
Very Low,SSP1,Primary Energy|Oil,China+ (R10),5
Very Low,SSP1,Primary Energy|Oil,Europe (R10),5
Very Low,SSP1,Primary Energy|Oil,India+ (R10),5
Very Low,SSP1,Primary Energy|Oil,Latin America (R10),5
Very Low,SSP1,Primary Energy|Oil,Middle East (R10),5
Very Low,SSP1,Primary Energy|Oil,North America (R10),5
Very Low,SSP1,Primary Energy|Oil,Other (R10),1
Very Low,SSP1,Primary Energy|Oil,Pacific OECD (R10),5
Very Low,SSP1,Primary Energy|Oil,Reforming Economies (R10),5
Very Low,SSP1,Primary Energy|Oil,Rest of Asia (R10),5
Very Low,SSP1,Primary Energy|Oil,World,5
Very Low,SSP1,Primary Energy|Other,Africa (R10),2
Very Low,SSP1,Primary Energy|Other,China+ (R10),2
Very Low,SSP1,Primary Energy|Other,Europe (R10),3
Very Low,SSP1,Primary Energy|Other,India+ (R10),2
Very Low,SSP1,Primary Energy|Other,Latin America (R10),2
Very Low,SSP1,Primary Energy|Other,Middle East (R10),2
Very Low,SSP1,Primary Energy|Other,North America (R10),3
Very Low,SSP1,Primary Energy|Other,Pacific OECD (R10),2
Very Low,SSP1,Primary Energy|Other,Reforming Economies (R10),2
Very Low,SSP1,Primary Energy|Other,Rest of Asia (R10),2
Very Low,SSP1,Primary Energy|Other,World,3
Very Low,SSP1,Production|Iron and Steel|Steel,Africa (R10),3
Very Low,SSP1,Production|Iron and Steel|Steel,China+ (R10),3
Very Low,SSP1,Production|Iron and Steel|Steel,Europe (R10),3
Very Low,SSP1,Production|Iron and Steel|Steel,India+ (R10),3
Very Low,SSP1,Production|Iron and Steel|Steel,Latin America (R10),3
Very Low,SSP1,Production|Iron and Steel|Steel,Middle East (R10),3
Very Low,SSP1,Production|Iron and Steel|Steel,North America (R10),3
Very Low,SSP1,Production|Iron and Steel|Steel,Other (R10),1
Very Low,SSP1,Production|Iron and Steel|Steel,Pacific OECD (R10),3
Very Low,SSP1,Production|Iron and Steel|Steel,Reforming Economies (R10),3
Very Low,SSP1,Production|Iron and Steel|Steel,Rest of Asia (R10),3
Very Low,SSP1,Production|Iron and Steel|Steel,World,3
Very Low,SSP1,Production|Non-Ferrous Metals|Aluminum,Africa (R10),1
Very Low,SSP1,Production|Non-Ferrous Metals|Aluminum,China+ (R10),1
Very Low,SSP1,Production|Non-Ferrous Metals|Aluminum,Europe (R10),1
Very Low,SSP1,Production|Non-Ferrous Metals|Aluminum,India+ (R10),1
Very Low,SSP1,Production|Non-Ferrous Metals|Aluminum,Latin America (R10),1
Very Low,SSP1,Production|Non-Ferrous Metals|Aluminum,Middle East (R10),1
Very Low,SSP1,Production|Non-Ferrous Metals|Aluminum,North America (R10),1
Very Low,SSP1,Production|Non-Ferrous Metals|Aluminum,Pacific OECD (R10),1
Very Low,SSP1,Production|Non-Ferrous Metals|Aluminum,Reforming Economies (R10),1
Very Low,SSP1,Production|Non-Ferrous Metals|Aluminum,Rest of Asia (R10),1
Very Low,SSP1,Production|Non-Ferrous Metals|Aluminum,World,1
Very Low,SSP1,Production|Non-Metallic Minerals|Cement,Africa (R10),3
Very Low,SSP1,Production|Non-Metallic Minerals|Cement,China+ (R10),3
Very Low,SSP1,Production|Non-Metallic Minerals|Cement,Europe (R10),3
Very Low,SSP1,Production|Non-Metallic Minerals|Cement,India+ (R10),3
Very Low,SSP1,Production|Non-Metallic Minerals|Cement,Latin America (R10),3
Very Low,SSP1,Production|Non-Metallic Minerals|Cement,Middle East (R10),3
Very Low,SSP1,Production|Non-Metallic Minerals|Cement,North America (R10),3
Very Low,SSP1,Production|Non-Metallic Minerals|Cement,Other (R10),1
Very Low,SSP1,Production|Non-Metallic Minerals|Cement,Pacific OECD (R10),3
Very Low,SSP1,Production|Non-Metallic Minerals|Cement,Reforming Economies (R10),3
Very Low,SSP1,Production|Non-Metallic Minerals|Cement,Rest of Asia (R10),3
Very Low,SSP1,Production|Non-Metallic Minerals|Cement,World,3
Very Low,SSP1,Resource|Extraction|Coal,Africa (R10),3
Very Low,SSP1,Resource|Extraction|Coal,China+ (R10),3
Very Low,SSP1,Resource|Extraction|Coal,Europe (R10),3
Very Low,SSP1,Resource|Extraction|Coal,India+ (R10),3
Very Low,SSP1,Resource|Extraction|Coal,Latin America (R10),3
Very Low,SSP1,Resource|Extraction|Coal,Middle East (R10),3
Very Low,SSP1,Resource|Extraction|Coal,North America (R10),3
Very Low,SSP1,Resource|Extraction|Coal,Other (R10),1
Very Low,SSP1,Resource|Extraction|Coal,Pacific OECD (R10),3
Very Low,SSP1,Resource|Extraction|Coal,Reforming Economies (R10),3
Very Low,SSP1,Resource|Extraction|Coal,Rest of Asia (R10),3
Very Low,SSP1,Resource|Extraction|Coal,World,3
Very Low,SSP1,Resource|Extraction|Gas,Africa (R10),3
Very Low,SSP1,Resource|Extraction|Gas,China+ (R10),3
Very Low,SSP1,Resource|Extraction|Gas,Europe (R10),3
Very Low,SSP1,Resource|Extraction|Gas,India+ (R10),3
Very Low,SSP1,Resource|Extraction|Gas,Latin America (R10),3
Very Low,SSP1,Resource|Extraction|Gas,Middle East (R10),3
Very Low,SSP1,Resource|Extraction|Gas,North America (R10),3
Very Low,SSP1,Resource|Extraction|Gas,Other (R10),1
Very Low,SSP1,Resource|Extraction|Gas,Pacific OECD (R10),3
Very Low,SSP1,Resource|Extraction|Gas,Reforming Economies (R10),3
Very Low,SSP1,Resource|Extraction|Gas,Rest of Asia (R10),3
Very Low,SSP1,Resource|Extraction|Gas,World,3
Very Low,SSP1,Resource|Extraction|Oil,Africa (R10),3
Very Low,SSP1,Resource|Extraction|Oil,China+ (R10),3
Very Low,SSP1,Resource|Extraction|Oil,Europe (R10),3
Very Low,SSP1,Resource|Extraction|Oil,India+ (R10),3
Very Low,SSP1,Resource|Extraction|Oil,Latin America (R10),3
Very Low,SSP1,Resource|Extraction|Oil,Middle East (R10),3
Very Low,SSP1,Resource|Extraction|Oil,North America (R10),3
Very Low,SSP1,Resource|Extraction|Oil,Other (R10),1
Very Low,SSP1,Resource|Extraction|Oil,Pacific OECD (R10),3
Very Low,SSP1,Resource|Extraction|Oil,Reforming Economies (R10),3
Very Low,SSP1,Resource|Extraction|Oil,Rest of Asia (R10),3
Very Low,SSP1,Resource|Extraction|Oil,World,3
Very Low,SSP2,Agricultural Demand|Residues,Africa (R10),3
Very Low,SSP2,Agricultural Demand|Residues,China+ (R10),3
Very Low,SSP2,Agricultural Demand|Residues,Europe (R10),3
Very Low,SSP2,Agricultural Demand|Residues,India+ (R10),3
Very Low,SSP2,Agricultural Demand|Residues,Latin America (R10),3
Very Low,SSP2,Agricultural Demand|Residues,Middle East (R10),3
Very Low,SSP2,Agricultural Demand|Residues,North America (R10),3
Very Low,SSP2,Agricultural Demand|Residues,Other (R10),1
Very Low,SSP2,Agricultural Demand|Residues,Pacific OECD (R10),3
Very Low,SSP2,Agricultural Demand|Residues,Reforming Economies (R10),3
Very Low,SSP2,Agricultural Demand|Residues,Rest of Asia (R10),3
Very Low,SSP2,Agricultural Demand|Residues,World,3
Very Low,SSP2,Agricultural Production,Africa (R10),6
Very Low,SSP2,Agricultural Production,China+ (R10),6
Very Low,SSP2,Agricultural Production,Europe (R10),6
Very Low,SSP2,Agricultural Production,India+ (R10),6
Very Low,SSP2,Agricultural Production,Latin America (R10),6
Very Low,SSP2,Agricultural Production,Middle East (R10),6
Very Low,SSP2,Agricultural Production,North America (R10),6
Very Low,SSP2,Agricultural Production,Other (R10),1
Very Low,SSP2,Agricultural Production,Pacific OECD (R10),6
Very Low,SSP2,Agricultural Production,Reforming Economies (R10),6
Very Low,SSP2,Agricultural Production,Rest of Asia (R10),6
Very Low,SSP2,Agricultural Production,World,6
Very Low,SSP2,Agricultural Production|Crops,Africa (R10),6
Very Low,SSP2,Agricultural Production|Crops,China+ (R10),6
Very Low,SSP2,Agricultural Production|Crops,Europe (R10),6
Very Low,SSP2,Agricultural Production|Crops,India+ (R10),6
Very Low,SSP2,Agricultural Production|Crops,Latin America (R10),6
Very Low,SSP2,Agricultural Production|Crops,Middle East (R10),6
Very Low,SSP2,Agricultural Production|Crops,North America (R10),6
Very Low,SSP2,Agricultural Production|Crops,Other (R10),1
Very Low,SSP2,Agricultural Production|Crops,Pacific OECD (R10),6
Very Low,SSP2,Agricultural Production|Crops,Reforming Economies (R10),6
Very Low,SSP2,Agricultural Production|Crops,Rest of Asia (R10),6
Very Low,SSP2,Agricultural Production|Crops,World,6
Very Low,SSP2,Agricultural Production|Livestock,Africa (R10),6
Very Low,SSP2,Agricultural Production|Livestock,China+ (R10),6
Very Low,SSP2,Agricultural Production|Livestock,Europe (R10),6
Very Low,SSP2,Agricultural Production|Livestock,India+ (R10),6
Very Low,SSP2,Agricultural Production|Livestock,Latin America (R10),6
Very Low,SSP2,Agricultural Production|Livestock,Middle East (R10),6
Very Low,SSP2,Agricultural Production|Livestock,North America (R10),6
Very Low,SSP2,Agricultural Production|Livestock,Other (R10),1
Very Low,SSP2,Agricultural Production|Livestock,Pacific OECD (R10),6
Very Low,SSP2,Agricultural Production|Livestock,Reforming Economies (R10),6
Very Low,SSP2,Agricultural Production|Livestock,Rest of Asia (R10),6
Very Low,SSP2,Agricultural Production|Livestock,World,6
Very Low,SSP2,Building Stock|Commercial|Floor Space|Gross,Africa (R10),1
Very Low,SSP2,Building Stock|Commercial|Floor Space|Gross,China+ (R10),1
Very Low,SSP2,Building Stock|Commercial|Floor Space|Gross,Europe (R10),1
Very Low,SSP2,Building Stock|Commercial|Floor Space|Gross,India+ (R10),1
Very Low,SSP2,Building Stock|Commercial|Floor Space|Gross,Latin America (R10),1
Very Low,SSP2,Building Stock|Commercial|Floor Space|Gross,Middle East (R10),1
Very Low,SSP2,Building Stock|Commercial|Floor Space|Gross,North America (R10),1
Very Low,SSP2,Building Stock|Commercial|Floor Space|Gross,Pacific OECD (R10),1
Very Low,SSP2,Building Stock|Commercial|Floor Space|Gross,Reforming Economies (R10),1
Very Low,SSP2,Building Stock|Commercial|Floor Space|Gross,Rest of Asia (R10),1
Very Low,SSP2,Building Stock|Commercial|Floor Space|Gross,World,1
Very Low,SSP2,Building Stock|Residential and Commercial|Floor Space|Gross,Africa (R10),2
Very Low,SSP2,Building Stock|Residential and Commercial|Floor Space|Gross,China+ (R10),2
Very Low,SSP2,Building Stock|Residential and Commercial|Floor Space|Gross,Europe (R10),2
Very Low,SSP2,Building Stock|Residential and Commercial|Floor Space|Gross,India+ (R10),2
Very Low,SSP2,Building Stock|Residential and Commercial|Floor Space|Gross,Latin America (R10),2
Very Low,SSP2,Building Stock|Residential and Commercial|Floor Space|Gross,Middle East (R10),2
Very Low,SSP2,Building Stock|Residential and Commercial|Floor Space|Gross,North America (R10),2
Very Low,SSP2,Building Stock|Residential and Commercial|Floor Space|Gross,Other (R10),1
Very Low,SSP2,Building Stock|Residential and Commercial|Floor Space|Gross,Pacific OECD (R10),2
Very Low,SSP2,Building Stock|Residential and Commercial|Floor Space|Gross,Reforming Economies (R10),2
Very Low,SSP2,Building Stock|Residential and Commercial|Floor Space|Gross,Rest of Asia (R10),2
Very Low,SSP2,Building Stock|Residential and Commercial|Floor Space|Gross,World,2
Very Low,SSP2,Building Stock|Residential|Floor Space|Gross,Africa (R10),1
Very Low,SSP2,Building Stock|Residential|Floor Space|Gross,China+ (R10),1
Very Low,SSP2,Building Stock|Residential|Floor Space|Gross,Europe (R10),1
Very Low,SSP2,Building Stock|Residential|Floor Space|Gross,India+ (R10),1
Very Low,SSP2,Building Stock|Residential|Floor Space|Gross,Latin America (R10),1
Very Low,SSP2,Building Stock|Residential|Floor Space|Gross,Middle East (R10),1
Very Low,SSP2,Building Stock|Residential|Floor Space|Gross,North America (R10),1
Very Low,SSP2,Building Stock|Residential|Floor Space|Gross,Pacific OECD (R10),1
Very Low,SSP2,Building Stock|Residential|Floor Space|Gross,Reforming Economies (R10),1
Very Low,SSP2,Building Stock|Residential|Floor Space|Gross,Rest of Asia (R10),1
Very Low,SSP2,Building Stock|Residential|Floor Space|Gross,World,1
Very Low,SSP2,Capacity|Electricity|Biomass,Africa (R10),5
Very Low,SSP2,Capacity|Electricity|Biomass,China+ (R10),5
Very Low,SSP2,Capacity|Electricity|Biomass,Europe (R10),5
Very Low,SSP2,Capacity|Electricity|Biomass,India+ (R10),5
Very Low,SSP2,Capacity|Electricity|Biomass,Latin America (R10),5
Very Low,SSP2,Capacity|Electricity|Biomass,Middle East (R10),5
Very Low,SSP2,Capacity|Electricity|Biomass,North America (R10),5
Very Low,SSP2,Capacity|Electricity|Biomass,Other (R10),1
Very Low,SSP2,Capacity|Electricity|Biomass,Pacific OECD (R10),5
Very Low,SSP2,Capacity|Electricity|Biomass,Reforming Economies (R10),5
Very Low,SSP2,Capacity|Electricity|Biomass,Rest of Asia (R10),5
Very Low,SSP2,Capacity|Electricity|Biomass,World,5
Very Low,SSP2,Capacity|Electricity|Coal,Africa (R10),5
Very Low,SSP2,Capacity|Electricity|Coal,China+ (R10),5
Very Low,SSP2,Capacity|Electricity|Coal,Europe (R10),5
Very Low,SSP2,Capacity|Electricity|Coal,India+ (R10),5
Very Low,SSP2,Capacity|Electricity|Coal,Latin America (R10),5
Very Low,SSP2,Capacity|Electricity|Coal,Middle East (R10),5
Very Low,SSP2,Capacity|Electricity|Coal,North America (R10),5
Very Low,SSP2,Capacity|Electricity|Coal,Other (R10),1
Very Low,SSP2,Capacity|Electricity|Coal,Pacific OECD (R10),5
Very Low,SSP2,Capacity|Electricity|Coal,Reforming Economies (R10),5
Very Low,SSP2,Capacity|Electricity|Coal,Rest of Asia (R10),5
Very Low,SSP2,Capacity|Electricity|Coal,World,5
Very Low,SSP2,Capacity|Electricity|Fossil,Africa (R10),3
Very Low,SSP2,Capacity|Electricity|Fossil,China+ (R10),3
Very Low,SSP2,Capacity|Electricity|Fossil,Europe (R10),3
Very Low,SSP2,Capacity|Electricity|Fossil,India+ (R10),3
Very Low,SSP2,Capacity|Electricity|Fossil,Latin America (R10),3
Very Low,SSP2,Capacity|Electricity|Fossil,Middle East (R10),3
Very Low,SSP2,Capacity|Electricity|Fossil,North America (R10),3
Very Low,SSP2,Capacity|Electricity|Fossil,Pacific OECD (R10),3
Very Low,SSP2,Capacity|Electricity|Fossil,Reforming Economies (R10),3
Very Low,SSP2,Capacity|Electricity|Fossil,Rest of Asia (R10),3
Very Low,SSP2,Capacity|Electricity|Fossil,World,3
Very Low,SSP2,Capacity|Electricity|Gas,Africa (R10),5
Very Low,SSP2,Capacity|Electricity|Gas,China+ (R10),5
Very Low,SSP2,Capacity|Electricity|Gas,Europe (R10),5
Very Low,SSP2,Capacity|Electricity|Gas,India+ (R10),5
Very Low,SSP2,Capacity|Electricity|Gas,Latin America (R10),5
Very Low,SSP2,Capacity|Electricity|Gas,Middle East (R10),5
Very Low,SSP2,Capacity|Electricity|Gas,North America (R10),5
Very Low,SSP2,Capacity|Electricity|Gas,Other (R10),1
Very Low,SSP2,Capacity|Electricity|Gas,Pacific OECD (R10),5
Very Low,SSP2,Capacity|Electricity|Gas,Reforming Economies (R10),5
Very Low,SSP2,Capacity|Electricity|Gas,Rest of Asia (R10),5
Very Low,SSP2,Capacity|Electricity|Gas,World,5
Very Low,SSP2,Capacity|Electricity|Geothermal,Africa (R10),4
Very Low,SSP2,Capacity|Electricity|Geothermal,China+ (R10),3
Very Low,SSP2,Capacity|Electricity|Geothermal,Europe (R10),4
Very Low,SSP2,Capacity|Electricity|Geothermal,India+ (R10),3
Very Low,SSP2,Capacity|Electricity|Geothermal,Latin America (R10),4
Very Low,SSP2,Capacity|Electricity|Geothermal,Middle East (R10),3
Very Low,SSP2,Capacity|Electricity|Geothermal,North America (R10),4
Very Low,SSP2,Capacity|Electricity|Geothermal,Other (R10),1
Very Low,SSP2,Capacity|Electricity|Geothermal,Pacific OECD (R10),4
Very Low,SSP2,Capacity|Electricity|Geothermal,Reforming Economies (R10),4
Very Low,SSP2,Capacity|Electricity|Geothermal,Rest of Asia (R10),4
Very Low,SSP2,Capacity|Electricity|Geothermal,World,4
Very Low,SSP2,Capacity|Electricity|Hydro,Africa (R10),5
Very Low,SSP2,Capacity|Electricity|Hydro,China+ (R10),5
Very Low,SSP2,Capacity|Electricity|Hydro,Europe (R10),5
Very Low,SSP2,Capacity|Electricity|Hydro,India+ (R10),5
Very Low,SSP2,Capacity|Electricity|Hydro,Latin America (R10),5
Very Low,SSP2,Capacity|Electricity|Hydro,Middle East (R10),5
Very Low,SSP2,Capacity|Electricity|Hydro,North America (R10),5
Very Low,SSP2,Capacity|Electricity|Hydro,Other (R10),1
Very Low,SSP2,Capacity|Electricity|Hydro,Pacific OECD (R10),5
Very Low,SSP2,Capacity|Electricity|Hydro,Reforming Economies (R10),5
Very Low,SSP2,Capacity|Electricity|Hydro,Rest of Asia (R10),5
Very Low,SSP2,Capacity|Electricity|Hydro,World,5
Very Low,SSP2,Capacity|Electricity|Hydrogen,Africa (R10),2
Very Low,SSP2,Capacity|Electricity|Hydrogen,China+ (R10),2
Very Low,SSP2,Capacity|Electricity|Hydrogen,Europe (R10),2
Very Low,SSP2,Capacity|Electricity|Hydrogen,India+ (R10),2
Very Low,SSP2,Capacity|Electricity|Hydrogen,Latin America (R10),2
Very Low,SSP2,Capacity|Electricity|Hydrogen,Middle East (R10),2
Very Low,SSP2,Capacity|Electricity|Hydrogen,North America (R10),2
Very Low,SSP2,Capacity|Electricity|Hydrogen,Other (R10),1
Very Low,SSP2,Capacity|Electricity|Hydrogen,Pacific OECD (R10),2
Very Low,SSP2,Capacity|Electricity|Hydrogen,Reforming Economies (R10),2
Very Low,SSP2,Capacity|Electricity|Hydrogen,Rest of Asia (R10),2
Very Low,SSP2,Capacity|Electricity|Hydrogen,World,2
Very Low,SSP2,Capacity|Electricity|Nuclear,Africa (R10),5
Very Low,SSP2,Capacity|Electricity|Nuclear,China+ (R10),5
Very Low,SSP2,Capacity|Electricity|Nuclear,Europe (R10),5
Very Low,SSP2,Capacity|Electricity|Nuclear,India+ (R10),5
Very Low,SSP2,Capacity|Electricity|Nuclear,Latin America (R10),5
Very Low,SSP2,Capacity|Electricity|Nuclear,Middle East (R10),5
Very Low,SSP2,Capacity|Electricity|Nuclear,North America (R10),5
Very Low,SSP2,Capacity|Electricity|Nuclear,Other (R10),1
Very Low,SSP2,Capacity|Electricity|Nuclear,Pacific OECD (R10),5
Very Low,SSP2,Capacity|Electricity|Nuclear,Reforming Economies (R10),5
Very Low,SSP2,Capacity|Electricity|Nuclear,Rest of Asia (R10),5
Very Low,SSP2,Capacity|Electricity|Nuclear,World,5
Very Low,SSP2,Capacity|Electricity|Oil,Africa (R10),5
Very Low,SSP2,Capacity|Electricity|Oil,China+ (R10),5
Very Low,SSP2,Capacity|Electricity|Oil,Europe (R10),5
Very Low,SSP2,Capacity|Electricity|Oil,India+ (R10),5
Very Low,SSP2,Capacity|Electricity|Oil,Latin America (R10),5
Very Low,SSP2,Capacity|Electricity|Oil,Middle East (R10),5
Very Low,SSP2,Capacity|Electricity|Oil,North America (R10),5
Very Low,SSP2,Capacity|Electricity|Oil,Other (R10),1
Very Low,SSP2,Capacity|Electricity|Oil,Pacific OECD (R10),5
Very Low,SSP2,Capacity|Electricity|Oil,Reforming Economies (R10),5
Very Low,SSP2,Capacity|Electricity|Oil,Rest of Asia (R10),5
Very Low,SSP2,Capacity|Electricity|Oil,World,5
Very Low,SSP2,Capacity|Electricity|Other,Africa (R10),1
Very Low,SSP2,Capacity|Electricity|Other,China+ (R10),1
Very Low,SSP2,Capacity|Electricity|Other,Europe (R10),2
Very Low,SSP2,Capacity|Electricity|Other,India+ (R10),1
Very Low,SSP2,Capacity|Electricity|Other,Latin America (R10),1
Very Low,SSP2,Capacity|Electricity|Other,Middle East (R10),1
Very Low,SSP2,Capacity|Electricity|Other,North America (R10),2
Very Low,SSP2,Capacity|Electricity|Other,Pacific OECD (R10),1
Very Low,SSP2,Capacity|Electricity|Other,Reforming Economies (R10),1
Very Low,SSP2,Capacity|Electricity|Other,Rest of Asia (R10),1
Very Low,SSP2,Capacity|Electricity|Other,World,2
Very Low,SSP2,Capacity|Electricity|Solar|CSP,Africa (R10),4
Very Low,SSP2,Capacity|Electricity|Solar|CSP,China+ (R10),4
Very Low,SSP2,Capacity|Electricity|Solar|CSP,Europe (R10),4
Very Low,SSP2,Capacity|Electricity|Solar|CSP,India+ (R10),4
Very Low,SSP2,Capacity|Electricity|Solar|CSP,Latin America (R10),4
Very Low,SSP2,Capacity|Electricity|Solar|CSP,Middle East (R10),4
Very Low,SSP2,Capacity|Electricity|Solar|CSP,North America (R10),4
Very Low,SSP2,Capacity|Electricity|Solar|CSP,Other (R10),1
Very Low,SSP2,Capacity|Electricity|Solar|CSP,Pacific OECD (R10),4
Very Low,SSP2,Capacity|Electricity|Solar|CSP,Reforming Economies (R10),4
Very Low,SSP2,Capacity|Electricity|Solar|CSP,Rest of Asia (R10),4
Very Low,SSP2,Capacity|Electricity|Solar|CSP,World,4
Very Low,SSP2,Capacity|Electricity|Solar|PV,Africa (R10),5
Very Low,SSP2,Capacity|Electricity|Solar|PV,China+ (R10),5
Very Low,SSP2,Capacity|Electricity|Solar|PV,Europe (R10),5
Very Low,SSP2,Capacity|Electricity|Solar|PV,India+ (R10),5
Very Low,SSP2,Capacity|Electricity|Solar|PV,Latin America (R10),5
Very Low,SSP2,Capacity|Electricity|Solar|PV,Middle East (R10),5
Very Low,SSP2,Capacity|Electricity|Solar|PV,North America (R10),5
Very Low,SSP2,Capacity|Electricity|Solar|PV,Other (R10),1
Very Low,SSP2,Capacity|Electricity|Solar|PV,Pacific OECD (R10),5
Very Low,SSP2,Capacity|Electricity|Solar|PV,Reforming Economies (R10),5
Very Low,SSP2,Capacity|Electricity|Solar|PV,Rest of Asia (R10),5
Very Low,SSP2,Capacity|Electricity|Solar|PV,World,5
Very Low,SSP2,Capacity|Electricity|Wind|Offshore,Africa (R10),4
Very Low,SSP2,Capacity|Electricity|Wind|Offshore,China+ (R10),4
Very Low,SSP2,Capacity|Electricity|Wind|Offshore,Europe (R10),4
Very Low,SSP2,Capacity|Electricity|Wind|Offshore,India+ (R10),4
Very Low,SSP2,Capacity|Electricity|Wind|Offshore,Latin America (R10),4
Very Low,SSP2,Capacity|Electricity|Wind|Offshore,Middle East (R10),4
Very Low,SSP2,Capacity|Electricity|Wind|Offshore,North America (R10),4
Very Low,SSP2,Capacity|Electricity|Wind|Offshore,Other (R10),1
Very Low,SSP2,Capacity|Electricity|Wind|Offshore,Pacific OECD (R10),4
Very Low,SSP2,Capacity|Electricity|Wind|Offshore,Reforming Economies (R10),4
Very Low,SSP2,Capacity|Electricity|Wind|Offshore,Rest of Asia (R10),4
Very Low,SSP2,Capacity|Electricity|Wind|Offshore,World,4
Very Low,SSP2,Capacity|Electricity|Wind|Onshore,Africa (R10),5
Very Low,SSP2,Capacity|Electricity|Wind|Onshore,China+ (R10),5
Very Low,SSP2,Capacity|Electricity|Wind|Onshore,Europe (R10),5
Very Low,SSP2,Capacity|Electricity|Wind|Onshore,India+ (R10),5
Very Low,SSP2,Capacity|Electricity|Wind|Onshore,Latin America (R10),5
Very Low,SSP2,Capacity|Electricity|Wind|Onshore,Middle East (R10),5
Very Low,SSP2,Capacity|Electricity|Wind|Onshore,North America (R10),5
Very Low,SSP2,Capacity|Electricity|Wind|Onshore,Other (R10),1
Very Low,SSP2,Capacity|Electricity|Wind|Onshore,Pacific OECD (R10),5
Very Low,SSP2,Capacity|Electricity|Wind|Onshore,Reforming Economies (R10),5
Very Low,SSP2,Capacity|Electricity|Wind|Onshore,Rest of Asia (R10),5
Very Low,SSP2,Capacity|Electricity|Wind|Onshore,World,5
Very Low,SSP2,Food Intake|Crops [per capita],Africa (R10),4
Very Low,SSP2,Food Intake|Crops [per capita],China+ (R10),4
Very Low,SSP2,Food Intake|Crops [per capita],Europe (R10),4
Very Low,SSP2,Food Intake|Crops [per capita],India+ (R10),4
Very Low,SSP2,Food Intake|Crops [per capita],Latin America (R10),4
Very Low,SSP2,Food Intake|Crops [per capita],Middle East (R10),4
Very Low,SSP2,Food Intake|Crops [per capita],North America (R10),4
Very Low,SSP2,Food Intake|Crops [per capita],Other (R10),1
Very Low,SSP2,Food Intake|Crops [per capita],Pacific OECD (R10),4
Very Low,SSP2,Food Intake|Crops [per capita],Reforming Economies (R10),4
Very Low,SSP2,Food Intake|Crops [per capita],Rest of Asia (R10),4
Very Low,SSP2,Food Intake|Crops [per capita],World,4
Very Low,SSP2,Food Intake|Livestock [per capita],Africa (R10),4
Very Low,SSP2,Food Intake|Livestock [per capita],China+ (R10),4
Very Low,SSP2,Food Intake|Livestock [per capita],Europe (R10),4
Very Low,SSP2,Food Intake|Livestock [per capita],India+ (R10),4
Very Low,SSP2,Food Intake|Livestock [per capita],Latin America (R10),4
Very Low,SSP2,Food Intake|Livestock [per capita],Middle East (R10),4
Very Low,SSP2,Food Intake|Livestock [per capita],North America (R10),4
Very Low,SSP2,Food Intake|Livestock [per capita],Other (R10),1
Very Low,SSP2,Food Intake|Livestock [per capita],Pacific OECD (R10),4
Very Low,SSP2,Food Intake|Livestock [per capita],Reforming Economies (R10),4
Very Low,SSP2,Food Intake|Livestock [per capita],Rest of Asia (R10),4
Very Low,SSP2,Food Intake|Livestock [per capita],World,4
Very Low,SSP2,Food Waste [per capita],Africa (R10),4
Very Low,SSP2,Food Waste [per capita],China+ (R10),4
Very Low,SSP2,Food Waste [per capita],Europe (R10),4
Very Low,SSP2,Food Waste [per capita],India+ (R10),4
Very Low,SSP2,Food Waste [per capita],Latin America (R10),4
Very Low,SSP2,Food Waste [per capita],Middle East (R10),4
Very Low,SSP2,Food Waste [per capita],North America (R10),4
Very Low,SSP2,Food Waste [per capita],Other (R10),1
Very Low,SSP2,Food Waste [per capita],Pacific OECD (R10),4
Very Low,SSP2,Food Waste [per capita],Reforming Economies (R10),4
Very Low,SSP2,Food Waste [per capita],Rest of Asia (R10),4
Very Low,SSP2,Food Waste [per capita],World,4
Very Low,SSP2,Forestry Production|Roundwood,Africa (R10),5
Very Low,SSP2,Forestry Production|Roundwood,China+ (R10),5
Very Low,SSP2,Forestry Production|Roundwood,Europe (R10),5
Very Low,SSP2,Forestry Production|Roundwood,India+ (R10),5
Very Low,SSP2,Forestry Production|Roundwood,Latin America (R10),5
Very Low,SSP2,Forestry Production|Roundwood,Middle East (R10),5
Very Low,SSP2,Forestry Production|Roundwood,North America (R10),5
Very Low,SSP2,Forestry Production|Roundwood,Other (R10),1
Very Low,SSP2,Forestry Production|Roundwood,Pacific OECD (R10),5
Very Low,SSP2,Forestry Production|Roundwood,Reforming Economies (R10),5
Very Low,SSP2,Forestry Production|Roundwood,Rest of Asia (R10),5
Very Low,SSP2,Forestry Production|Roundwood,World,5
Very Low,SSP2,GDP|MER,Africa (R10),5
Very Low,SSP2,GDP|MER,China+ (R10),5
Very Low,SSP2,GDP|MER,Europe (R10),5
Very Low,SSP2,GDP|MER,India+ (R10),5
Very Low,SSP2,GDP|MER,Latin America (R10),5
Very Low,SSP2,GDP|MER,Middle East (R10),5
Very Low,SSP2,GDP|MER,North America (R10),5
Very Low,SSP2,GDP|MER,Other (R10),1
Very Low,SSP2,GDP|MER,Pacific OECD (R10),5
Very Low,SSP2,GDP|MER,Reforming Economies (R10),5
Very Low,SSP2,GDP|MER,Rest of Asia (R10),5
Very Low,SSP2,GDP|MER,World,5
Very Low,SSP2,Population,Africa (R10),6
Very Low,SSP2,Population,China+ (R10),6
Very Low,SSP2,Population,Europe (R10),6
Very Low,SSP2,Population,India+ (R10),6
Very Low,SSP2,Population,Latin America (R10),6
Very Low,SSP2,Population,Middle East (R10),6
Very Low,SSP2,Population,North America (R10),6
Very Low,SSP2,Population,Other (R10),1
Very Low,SSP2,Population,Pacific OECD (R10),6
Very Low,SSP2,Population,Reforming Economies (R10),6
Very Low,SSP2,Population,Rest of Asia (R10),6
Very Low,SSP2,Population,World,6
Very Low,SSP2,Primary Energy,Africa (R10),6
Very Low,SSP2,Primary Energy,China+ (R10),6
Very Low,SSP2,Primary Energy,Europe (R10),6
Very Low,SSP2,Primary Energy,India+ (R10),6
Very Low,SSP2,Primary Energy,Latin America (R10),6
Very Low,SSP2,Primary Energy,Middle East (R10),6
Very Low,SSP2,Primary Energy,North America (R10),6
Very Low,SSP2,Primary Energy,Other (R10),1
Very Low,SSP2,Primary Energy,Pacific OECD (R10),6
Very Low,SSP2,Primary Energy,Reforming Economies (R10),6
Very Low,SSP2,Primary Energy,Rest of Asia (R10),6
Very Low,SSP2,Primary Energy,World,6
Very Low,SSP2,Primary Energy|Biomass,Africa (R10),6
Very Low,SSP2,Primary Energy|Biomass,China+ (R10),6
Very Low,SSP2,Primary Energy|Biomass,Europe (R10),6
Very Low,SSP2,Primary Energy|Biomass,India+ (R10),6
Very Low,SSP2,Primary Energy|Biomass,Latin America (R10),6
Very Low,SSP2,Primary Energy|Biomass,Middle East (R10),6
Very Low,SSP2,Primary Energy|Biomass,North America (R10),6
Very Low,SSP2,Primary Energy|Biomass,Other (R10),1
Very Low,SSP2,Primary Energy|Biomass,Pacific OECD (R10),6
Very Low,SSP2,Primary Energy|Biomass,Reforming Economies (R10),6
Very Low,SSP2,Primary Energy|Biomass,Rest of Asia (R10),6
Very Low,SSP2,Primary Energy|Biomass,World,6
Very Low,SSP2,Primary Energy|Coal,Africa (R10),6
Very Low,SSP2,Primary Energy|Coal,China+ (R10),6
Very Low,SSP2,Primary Energy|Coal,Europe (R10),6
Very Low,SSP2,Primary Energy|Coal,India+ (R10),6
Very Low,SSP2,Primary Energy|Coal,Latin America (R10),6
Very Low,SSP2,Primary Energy|Coal,Middle East (R10),6
Very Low,SSP2,Primary Energy|Coal,North America (R10),6
Very Low,SSP2,Primary Energy|Coal,Other (R10),1
Very Low,SSP2,Primary Energy|Coal,Pacific OECD (R10),6
Very Low,SSP2,Primary Energy|Coal,Reforming Economies (R10),6
Very Low,SSP2,Primary Energy|Coal,Rest of Asia (R10),6
Very Low,SSP2,Primary Energy|Coal,World,6
Very Low,SSP2,Primary Energy|Fossil,Africa (R10),6
Very Low,SSP2,Primary Energy|Fossil,China+ (R10),6
Very Low,SSP2,Primary Energy|Fossil,Europe (R10),6
Very Low,SSP2,Primary Energy|Fossil,India+ (R10),6
Very Low,SSP2,Primary Energy|Fossil,Latin America (R10),6
Very Low,SSP2,Primary Energy|Fossil,Middle East (R10),6
Very Low,SSP2,Primary Energy|Fossil,North America (R10),6
Very Low,SSP2,Primary Energy|Fossil,Other (R10),1
Very Low,SSP2,Primary Energy|Fossil,Pacific OECD (R10),6
Very Low,SSP2,Primary Energy|Fossil,Reforming Economies (R10),6
Very Low,SSP2,Primary Energy|Fossil,Rest of Asia (R10),6
Very Low,SSP2,Primary Energy|Fossil,World,6
Very Low,SSP2,Primary Energy|Gas,Africa (R10),6
Very Low,SSP2,Primary Energy|Gas,China+ (R10),6
Very Low,SSP2,Primary Energy|Gas,Europe (R10),6
Very Low,SSP2,Primary Energy|Gas,India+ (R10),6
Very Low,SSP2,Primary Energy|Gas,Latin America (R10),6
Very Low,SSP2,Primary Energy|Gas,Middle East (R10),6
Very Low,SSP2,Primary Energy|Gas,North America (R10),6
Very Low,SSP2,Primary Energy|Gas,Other (R10),1
Very Low,SSP2,Primary Energy|Gas,Pacific OECD (R10),6
Very Low,SSP2,Primary Energy|Gas,Reforming Economies (R10),6
Very Low,SSP2,Primary Energy|Gas,Rest of Asia (R10),6
Very Low,SSP2,Primary Energy|Gas,World,6
Very Low,SSP2,Primary Energy|Geothermal,Africa (R10),4
Very Low,SSP2,Primary Energy|Geothermal,China+ (R10),3
Very Low,SSP2,Primary Energy|Geothermal,Europe (R10),4
Very Low,SSP2,Primary Energy|Geothermal,India+ (R10),3
Very Low,SSP2,Primary Energy|Geothermal,Latin America (R10),4
Very Low,SSP2,Primary Energy|Geothermal,Middle East (R10),3
Very Low,SSP2,Primary Energy|Geothermal,North America (R10),4
Very Low,SSP2,Primary Energy|Geothermal,Other (R10),1
Very Low,SSP2,Primary Energy|Geothermal,Pacific OECD (R10),4
Very Low,SSP2,Primary Energy|Geothermal,Reforming Economies (R10),4
Very Low,SSP2,Primary Energy|Geothermal,Rest of Asia (R10),4
Very Low,SSP2,Primary Energy|Geothermal,World,4
Very Low,SSP2,Primary Energy|Hydro,Africa (R10),6
Very Low,SSP2,Primary Energy|Hydro,China+ (R10),6
Very Low,SSP2,Primary Energy|Hydro,Europe (R10),6
Very Low,SSP2,Primary Energy|Hydro,India+ (R10),6
Very Low,SSP2,Primary Energy|Hydro,Latin America (R10),6
Very Low,SSP2,Primary Energy|Hydro,Middle East (R10),6
Very Low,SSP2,Primary Energy|Hydro,North America (R10),6
Very Low,SSP2,Primary Energy|Hydro,Other (R10),1
Very Low,SSP2,Primary Energy|Hydro,Pacific OECD (R10),6
Very Low,SSP2,Primary Energy|Hydro,Reforming Economies (R10),6
Very Low,SSP2,Primary Energy|Hydro,Rest of Asia (R10),6
Very Low,SSP2,Primary Energy|Hydro,World,6
Very Low,SSP2,Primary Energy|Non-Biomass Renewables,Africa (R10),6
Very Low,SSP2,Primary Energy|Non-Biomass Renewables,China+ (R10),6
Very Low,SSP2,Primary Energy|Non-Biomass Renewables,Europe (R10),6
Very Low,SSP2,Primary Energy|Non-Biomass Renewables,India+ (R10),6
Very Low,SSP2,Primary Energy|Non-Biomass Renewables,Latin America (R10),6
Very Low,SSP2,Primary Energy|Non-Biomass Renewables,Middle East (R10),6
Very Low,SSP2,Primary Energy|Non-Biomass Renewables,North America (R10),6
Very Low,SSP2,Primary Energy|Non-Biomass Renewables,Other (R10),1
Very Low,SSP2,Primary Energy|Non-Biomass Renewables,Pacific OECD (R10),6
Very Low,SSP2,Primary Energy|Non-Biomass Renewables,Reforming Economies (R10),6
Very Low,SSP2,Primary Energy|Non-Biomass Renewables,Rest of Asia (R10),6
Very Low,SSP2,Primary Energy|Non-Biomass Renewables,World,6
Very Low,SSP2,Primary Energy|Nuclear,Africa (R10),6
Very Low,SSP2,Primary Energy|Nuclear,China+ (R10),6
Very Low,SSP2,Primary Energy|Nuclear,Europe (R10),6
Very Low,SSP2,Primary Energy|Nuclear,India+ (R10),6
Very Low,SSP2,Primary Energy|Nuclear,Latin America (R10),6
Very Low,SSP2,Primary Energy|Nuclear,Middle East (R10),6
Very Low,SSP2,Primary Energy|Nuclear,North America (R10),6
Very Low,SSP2,Primary Energy|Nuclear,Other (R10),1
Very Low,SSP2,Primary Energy|Nuclear,Pacific OECD (R10),6
Very Low,SSP2,Primary Energy|Nuclear,Reforming Economies (R10),6
Very Low,SSP2,Primary Energy|Nuclear,Rest of Asia (R10),6
Very Low,SSP2,Primary Energy|Nuclear,World,6
Very Low,SSP2,Primary Energy|Ocean,Africa (R10),1
Very Low,SSP2,Primary Energy|Ocean,China+ (R10),1
Very Low,SSP2,Primary Energy|Ocean,Europe (R10),1
Very Low,SSP2,Primary Energy|Ocean,India+ (R10),1
Very Low,SSP2,Primary Energy|Ocean,Latin America (R10),1
Very Low,SSP2,Primary Energy|Ocean,Middle East (R10),1
Very Low,SSP2,Primary Energy|Ocean,North America (R10),1
Very Low,SSP2,Primary Energy|Ocean,Pacific OECD (R10),1
Very Low,SSP2,Primary Energy|Ocean,Reforming Economies (R10),1
Very Low,SSP2,Primary Energy|Ocean,Rest of Asia (R10),1
Very Low,SSP2,Primary Energy|Ocean,World,1
Very Low,SSP2,Primary Energy|Oil,Africa (R10),6
Very Low,SSP2,Primary Energy|Oil,China+ (R10),6
Very Low,SSP2,Primary Energy|Oil,Europe (R10),6
Very Low,SSP2,Primary Energy|Oil,India+ (R10),6
Very Low,SSP2,Primary Energy|Oil,Latin America (R10),6
Very Low,SSP2,Primary Energy|Oil,Middle East (R10),6
Very Low,SSP2,Primary Energy|Oil,North America (R10),6
Very Low,SSP2,Primary Energy|Oil,Other (R10),1
Very Low,SSP2,Primary Energy|Oil,Pacific OECD (R10),6
Very Low,SSP2,Primary Energy|Oil,Reforming Economies (R10),6
Very Low,SSP2,Primary Energy|Oil,Rest of Asia (R10),6
Very Low,SSP2,Primary Energy|Oil,World,6
Very Low,SSP2,Primary Energy|Other,Africa (R10),2
Very Low,SSP2,Primary Energy|Other,China+ (R10),2
Very Low,SSP2,Primary Energy|Other,Europe (R10),3
Very Low,SSP2,Primary Energy|Other,India+ (R10),2
Very Low,SSP2,Primary Energy|Other,Latin America (R10),2
Very Low,SSP2,Primary Energy|Other,Middle East (R10),2
Very Low,SSP2,Primary Energy|Other,North America (R10),3
Very Low,SSP2,Primary Energy|Other,Pacific OECD (R10),2
Very Low,SSP2,Primary Energy|Other,Reforming Economies (R10),2
Very Low,SSP2,Primary Energy|Other,Rest of Asia (R10),2
Very Low,SSP2,Primary Energy|Other,World,3
Very Low,SSP2,Production|Iron and Steel|Steel,Africa (R10),3
Very Low,SSP2,Production|Iron and Steel|Steel,China+ (R10),3
Very Low,SSP2,Production|Iron and Steel|Steel,Europe (R10),3
Very Low,SSP2,Production|Iron and Steel|Steel,India+ (R10),3
Very Low,SSP2,Production|Iron and Steel|Steel,Latin America (R10),3
Very Low,SSP2,Production|Iron and Steel|Steel,Middle East (R10),3
Very Low,SSP2,Production|Iron and Steel|Steel,North America (R10),3
Very Low,SSP2,Production|Iron and Steel|Steel,Other (R10),1
Very Low,SSP2,Production|Iron and Steel|Steel,Pacific OECD (R10),3
Very Low,SSP2,Production|Iron and Steel|Steel,Reforming Economies (R10),3
Very Low,SSP2,Production|Iron and Steel|Steel,Rest of Asia (R10),3
Very Low,SSP2,Production|Iron and Steel|Steel,World,3
Very Low,SSP2,Production|Non-Ferrous Metals|Aluminum,Africa (R10),1
Very Low,SSP2,Production|Non-Ferrous Metals|Aluminum,China+ (R10),1
Very Low,SSP2,Production|Non-Ferrous Metals|Aluminum,Europe (R10),1
Very Low,SSP2,Production|Non-Ferrous Metals|Aluminum,India+ (R10),1
Very Low,SSP2,Production|Non-Ferrous Metals|Aluminum,Latin America (R10),1
Very Low,SSP2,Production|Non-Ferrous Metals|Aluminum,Middle East (R10),1
Very Low,SSP2,Production|Non-Ferrous Metals|Aluminum,North America (R10),1
Very Low,SSP2,Production|Non-Ferrous Metals|Aluminum,Pacific OECD (R10),1
Very Low,SSP2,Production|Non-Ferrous Metals|Aluminum,Reforming Economies (R10),1
Very Low,SSP2,Production|Non-Ferrous Metals|Aluminum,Rest of Asia (R10),1
Very Low,SSP2,Production|Non-Ferrous Metals|Aluminum,World,1
Very Low,SSP2,Production|Non-Metallic Minerals|Cement,Africa (R10),3
Very Low,SSP2,Production|Non-Metallic Minerals|Cement,China+ (R10),3
Very Low,SSP2,Production|Non-Metallic Minerals|Cement,Europe (R10),3
Very Low,SSP2,Production|Non-Metallic Minerals|Cement,India+ (R10),3
Very Low,SSP2,Production|Non-Metallic Minerals|Cement,Latin America (R10),3
Very Low,SSP2,Production|Non-Metallic Minerals|Cement,Middle East (R10),3
Very Low,SSP2,Production|Non-Metallic Minerals|Cement,North America (R10),3
Very Low,SSP2,Production|Non-Metallic Minerals|Cement,Other (R10),1
Very Low,SSP2,Production|Non-Metallic Minerals|Cement,Pacific OECD (R10),3
Very Low,SSP2,Production|Non-Metallic Minerals|Cement,Reforming Economies (R10),3
Very Low,SSP2,Production|Non-Metallic Minerals|Cement,Rest of Asia (R10),3
Very Low,SSP2,Production|Non-Metallic Minerals|Cement,World,3
Very Low,SSP2,Resource|Extraction|Coal,Africa (R10),4
Very Low,SSP2,Resource|Extraction|Coal,China+ (R10),4
Very Low,SSP2,Resource|Extraction|Coal,Europe (R10),4
Very Low,SSP2,Resource|Extraction|Coal,India+ (R10),4
Very Low,SSP2,Resource|Extraction|Coal,Latin America (R10),4
Very Low,SSP2,Resource|Extraction|Coal,Middle East (R10),4
Very Low,SSP2,Resource|Extraction|Coal,North America (R10),4
Very Low,SSP2,Resource|Extraction|Coal,Other (R10),1
Very Low,SSP2,Resource|Extraction|Coal,Pacific OECD (R10),4
Very Low,SSP2,Resource|Extraction|Coal,Reforming Economies (R10),4
Very Low,SSP2,Resource|Extraction|Coal,Rest of Asia (R10),4
Very Low,SSP2,Resource|Extraction|Coal,World,4
Very Low,SSP2,Resource|Extraction|Gas,Africa (R10),4
Very Low,SSP2,Resource|Extraction|Gas,China+ (R10),4
Very Low,SSP2,Resource|Extraction|Gas,Europe (R10),4
Very Low,SSP2,Resource|Extraction|Gas,India+ (R10),4
Very Low,SSP2,Resource|Extraction|Gas,Latin America (R10),4
Very Low,SSP2,Resource|Extraction|Gas,Middle East (R10),4
Very Low,SSP2,Resource|Extraction|Gas,North America (R10),4
Very Low,SSP2,Resource|Extraction|Gas,Other (R10),1
Very Low,SSP2,Resource|Extraction|Gas,Pacific OECD (R10),4
Very Low,SSP2,Resource|Extraction|Gas,Reforming Economies (R10),4
Very Low,SSP2,Resource|Extraction|Gas,Rest of Asia (R10),4
Very Low,SSP2,Resource|Extraction|Gas,World,4
Very Low,SSP2,Resource|Extraction|Oil,Africa (R10),4
Very Low,SSP2,Resource|Extraction|Oil,China+ (R10),4
Very Low,SSP2,Resource|Extraction|Oil,Europe (R10),4
Very Low,SSP2,Resource|Extraction|Oil,India+ (R10),4
Very Low,SSP2,Resource|Extraction|Oil,Latin America (R10),4
Very Low,SSP2,Resource|Extraction|Oil,Middle East (R10),4
Very Low,SSP2,Resource|Extraction|Oil,North America (R10),4
Very Low,SSP2,Resource|Extraction|Oil,Other (R10),1
Very Low,SSP2,Resource|Extraction|Oil,Pacific OECD (R10),4
Very Low,SSP2,Resource|Extraction|Oil,Reforming Economies (R10),4
Very Low,SSP2,Resource|Extraction|Oil,Rest of Asia (R10),4
Very Low,SSP2,Resource|Extraction|Oil,World,4
