Region,material,end_use,year,value_Mt
East Asia,Metal ores,buildings,1900,0.251702901809533
East Asia,Metal ores,buildings,1901,0.2599122551126275
East Asia,Metal ores,buildings,1902,0.2655777518849039
East Asia,Metal ores,buildings,1903,0.28376895012352077
East Asia,Metal ores,buildings,1904,0.2963981087980855
East Asia,Metal ores,buildings,1905,0.3030796691197168
East Asia,Metal ores,buildings,1906,0.3243343896085429
East Asia,Metal ores,buildings,1907,0.3368345216518633
East Asia,Metal ores,buildings,1908,0.3338947663892416
East Asia,Metal ores,buildings,1909,0.3524820989036237
East Asia,Metal ores,buildings,1910,0.38919023498740163
East Asia,Metal ores,buildings,1911,0.3988864718438587
East Asia,Metal ores,buildings,1912,0.45677702505694734
East Asia,Metal ores,buildings,1913,0.4989574211223984
East Asia,Metal ores,buildings,1914,0.5423474682678324
East Asia,Metal ores,buildings,1915,0.5994857809662946
East Asia,Metal ores,buildings,1916,0.6201948089012894
East Asia,Metal ores,buildings,1917,0.6420806658473177
East Asia,Metal ores,buildings,1918,0.6925427389248451
East Asia,Metal ores,buildings,1919,0.7314252174711119
East Asia,Metal ores,buildings,1920,0.7302791401018262
East Asia,Metal ores,buildings,1921,0.7555090168393179
East Asia,Metal ores,buildings,1922,0.793972156984264
East Asia,Metal ores,buildings,1923,0.8179189884178639
East Asia,Metal ores,buildings,1924,0.8447197929763082
East Asia,Metal ores,buildings,1925,0.9105529228579041
East Asia,Metal ores,buildings,1926,1.0019676274820821
East Asia,Metal ores,buildings,1927,1.069878504696159
East Asia,Metal ores,buildings,1928,1.1757431295907212
East Asia,Metal ores,buildings,1929,1.1962527413585684
East Asia,Metal ores,buildings,1930,1.2875269818285031
East Asia,Metal ores,buildings,1931,1.2373826547433335
East Asia,Metal ores,buildings,1932,1.3402726916168552
East Asia,Metal ores,buildings,1933,1.5421029012235377
East Asia,Metal ores,buildings,1934,1.7195979478061434
East Asia,Metal ores,buildings,1935,1.9483726066253158
East Asia,Metal ores,buildings,1936,2.162302627073623
East Asia,Metal ores,buildings,1937,2.4073219785947733
East Asia,Metal ores,buildings,1938,2.6596261907981993
East Asia,Metal ores,buildings,1939,2.798120196069537
East Asia,Metal ores,buildings,1940,2.8803849233474845
East Asia,Metal ores,buildings,1941,3.0193548096203293
East Asia,Metal ores,buildings,1942,3.071745670622545
East Asia,Metal ores,buildings,1943,3.0553641338462145
East Asia,Metal ores,buildings,1944,2.7383738564561315
East Asia,Metal ores,buildings,1945,1.6272290163911427
East Asia,Metal ores,buildings,1946,1.3841588713067632
East Asia,Metal ores,buildings,1947,1.636438016955269
East Asia,Metal ores,buildings,1948,1.69833006136557
East Asia,Metal ores,buildings,1949,2.075952407448537
East Asia,Metal ores,buildings,1950,2.6067915770538237
East Asia,Metal ores,buildings,1951,3.125072812446141
East Asia,Metal ores,buildings,1952,3.467866037878445
East Asia,Metal ores,buildings,1953,3.9772793300233684
East Asia,Metal ores,buildings,1954,4.353298874190253
East Asia,Metal ores,buildings,1955,4.874661695340757
East Asia,Metal ores,buildings,1956,5.752558777947013
East Asia,Metal ores,buildings,1957,6.601510689537668
East Asia,Metal ores,buildings,1958,9.067638936943204
East Asia,Metal ores,buildings,1959,13.214390821727829
East Asia,Metal ores,buildings,1960,16.693087069815558
East Asia,Metal ores,buildings,1961,14.05563810416722
East Asia,Metal ores,buildings,1962,12.512717867894256
East Asia,Metal ores,buildings,1963,13.05056412105752
East Asia,Metal ores,buildings,1964,15.930412164805466
East Asia,Metal ores,buildings,1965,16.11988189215803
East Asia,Metal ores,buildings,1966,19.56311682603119
East Asia,Metal ores,buildings,1967,13.316550212654523
East Asia,Metal ores,buildings,1968,19.855434578674288
East Asia,Metal ores,buildings,1969,32.38832111228262
East Asia,Metal ores,buildings,1970,40.147586516098414
East Asia,Metal ores,buildings,1971,35.96124819963644
East Asia,Metal ores,buildings,1972,38.076571187915135
East Asia,Metal ores,buildings,1973,45.30686562052068
East Asia,Metal ores,buildings,1974,38.53410781611984
East Asia,Metal ores,buildings,1975,36.100700047645475
East Asia,Metal ores,buildings,1976,34.04922897772859
East Asia,Metal ores,buildings,1977,34.81454638956259
East Asia,Metal ores,buildings,1978,40.149747537449215
East Asia,Metal ores,buildings,1979,43.74910385874222
East Asia,Metal ores,buildings,1980,42.968882876315995
East Asia,Metal ores,buildings,1981,37.9346152579613
East Asia,Metal ores,buildings,1982,38.68985070701753
East Asia,Metal ores,buildings,1983,41.20454357485938
East Asia,Metal ores,buildings,1984,44.49192287519416
East Asia,Metal ores,buildings,1985,51.629610072926894
East Asia,Metal ores,buildings,1986,51.35919163297738
East Asia,Metal ores,buildings,1987,50.41389425796873
East Asia,Metal ores,buildings,1988,54.885277271908954
East Asia,Metal ores,buildings,1989,58.10581573663515
East Asia,Metal ores,buildings,1990,63.13757383475128
East Asia,Metal ores,buildings,1991,62.82077052573534
East Asia,Metal ores,buildings,1992,63.793398543570795
East Asia,Metal ores,buildings,1993,75.56391863902539
East Asia,Metal ores,buildings,1994,77.42556647708983
East Asia,Metal ores,buildings,1995,44.28335936496597
East Asia,Metal ores,buildings,1996,45.20025555605029
East Asia,Metal ores,buildings,1997,45.08017376737263
East Asia,Metal ores,buildings,1998,36.583085865659996
East Asia,Metal ores,buildings,1999,39.30873498714734
East Asia,Metal ores,buildings,2000,38.5123814184181
East Asia,Metal ores,buildings,2001,39.24212976502492
East Asia,Metal ores,buildings,2002,44.61124257565907
East Asia,Metal ores,buildings,2003,50.06781445655889
East Asia,Metal ores,buildings,2004,51.95276127002608
East Asia,Metal ores,buildings,2005,59.81193861184377
East Asia,Metal ores,buildings,2006,61.561701375841025
East Asia,Metal ores,buildings,2007,69.84596502437233
East Asia,Metal ores,buildings,2008,72.28223951545361
East Asia,Metal ores,buildings,2009,82.0137900677738
East Asia,Metal ores,buildings,2010,88.52404884400225
East Asia,Metal ores,buildings,2011,90.08475821260186
East Asia,Metal ores,buildings,2012,92.8429252811534
East Asia,Metal ores,buildings,2013,106.95413072988563
East Asia,Metal ores,buildings,2014,106.3797869203831
East Asia,Metal ores,buildings,2015,101.55393443191024
East Asia,Metal ores,buildings,2016,108.60394621738388
East Asia,Metal ores,civil_infrastructure,1900,0.16881518180655525
East Asia,Metal ores,civil_infrastructure,1901,0.1743580963973927
East Asia,Metal ores,civil_infrastructure,1902,0.17730968351005985
East Asia,Metal ores,civil_infrastructure,1903,0.19037532192402407
East Asia,Metal ores,civil_infrastructure,1904,0.1998465266914256
East Asia,Metal ores,civil_infrastructure,1905,0.2025895403737258
East Asia,Metal ores,civil_infrastructure,1906,0.21746297535604422
East Asia,Metal ores,civil_infrastructure,1907,0.2265105701359377
East Asia,Metal ores,civil_infrastructure,1908,0.22500972259085553
East Asia,Metal ores,civil_infrastructure,1909,0.23845997271526764
East Asia,Metal ores,civil_infrastructure,1910,0.2647196332782206
East Asia,Metal ores,civil_infrastructure,1911,0.27127468170621166
East Asia,Metal ores,civil_infrastructure,1912,0.3135212521488628
East Asia,Metal ores,civil_infrastructure,1913,0.34386817686478743
East Asia,Metal ores,civil_infrastructure,1914,0.3677726077393118
East Asia,Metal ores,civil_infrastructure,1915,0.39897542372068845
East Asia,Metal ores,civil_infrastructure,1916,0.4068511019350934
East Asia,Metal ores,civil_infrastructure,1917,0.4111417333194963
East Asia,Metal ores,civil_infrastructure,1918,0.432522183225583
East Asia,Metal ores,civil_infrastructure,1919,0.4605894396867315
East Asia,Metal ores,civil_infrastructure,1920,0.46583514577744833
East Asia,Metal ores,civil_infrastructure,1921,0.4807635962806784
East Asia,Metal ores,civil_infrastructure,1922,0.4978782431457229
East Asia,Metal ores,civil_infrastructure,1923,0.510707322440483
East Asia,Metal ores,civil_infrastructure,1924,0.531329812046316
East Asia,Metal ores,civil_infrastructure,1925,0.5745192480056278
East Asia,Metal ores,civil_infrastructure,1926,0.633726440225669
East Asia,Metal ores,civil_infrastructure,1927,0.6779962063434022
East Asia,Metal ores,civil_infrastructure,1928,0.7434289383167522
East Asia,Metal ores,civil_infrastructure,1929,0.7575147994579848
East Asia,Metal ores,civil_infrastructure,1930,0.8141591947864995
East Asia,Metal ores,civil_infrastructure,1931,0.7815648549861389
East Asia,Metal ores,civil_infrastructure,1932,0.8437464155095912
East Asia,Metal ores,civil_infrastructure,1933,0.9650535999206876
East Asia,Metal ores,civil_infrastructure,1934,1.0822518413324167
East Asia,Metal ores,civil_infrastructure,1935,1.2315813883509845
East Asia,Metal ores,civil_infrastructure,1936,1.369610948559555
East Asia,Metal ores,civil_infrastructure,1937,1.524522962362182
East Asia,Metal ores,civil_infrastructure,1938,1.6710373649083223
East Asia,Metal ores,civil_infrastructure,1939,1.7572042813486486
East Asia,Metal ores,civil_infrastructure,1940,1.8064370765657458
East Asia,Metal ores,civil_infrastructure,1941,1.8857529255052756
East Asia,Metal ores,civil_infrastructure,1942,1.907781743645415
East Asia,Metal ores,civil_infrastructure,1943,1.8793699485789923
East Asia,Metal ores,civil_infrastructure,1944,1.7079736613349812
East Asia,Metal ores,civil_infrastructure,1945,1.0272797976876373
East Asia,Metal ores,civil_infrastructure,1946,0.893911634563556
East Asia,Metal ores,civil_infrastructure,1947,1.0718355934192425
East Asia,Metal ores,civil_infrastructure,1948,1.0893950535185775
East Asia,Metal ores,civil_infrastructure,1949,1.3266065685981747
East Asia,Metal ores,civil_infrastructure,1950,1.6835613160366225
East Asia,Metal ores,civil_infrastructure,1951,2.02307928867469
East Asia,Metal ores,civil_infrastructure,1952,2.261495062531489
East Asia,Metal ores,civil_infrastructure,1953,2.5851500794992277
East Asia,Metal ores,civil_infrastructure,1954,2.8676631973762907
East Asia,Metal ores,civil_infrastructure,1955,3.2306046786372598
East Asia,Metal ores,civil_infrastructure,1956,3.8027610458862537
East Asia,Metal ores,civil_infrastructure,1957,4.365163338798354
East Asia,Metal ores,civil_infrastructure,1958,6.25329127166468
East Asia,Metal ores,civil_infrastructure,1959,9.130507190850068
East Asia,Metal ores,civil_infrastructure,1960,11.451031141366458
East Asia,Metal ores,civil_infrastructure,1961,9.081549234602116
East Asia,Metal ores,civil_infrastructure,1962,7.970320286091957
East Asia,Metal ores,civil_infrastructure,1963,8.33437600623474
East Asia,Metal ores,civil_infrastructure,1964,10.056504928347119
East Asia,Metal ores,civil_infrastructure,1965,10.381592375577572
East Asia,Metal ores,civil_infrastructure,1966,12.745888501892502
East Asia,Metal ores,civil_infrastructure,1967,9.054125941261642
East Asia,Metal ores,civil_infrastructure,1968,12.693688036688517
East Asia,Metal ores,civil_infrastructure,1969,22.193825938341202
East Asia,Metal ores,civil_infrastructure,1970,27.477581791816
East Asia,Metal ores,civil_infrastructure,1971,24.598327374508955
East Asia,Metal ores,civil_infrastructure,1972,24.984318385987553
East Asia,Metal ores,civil_infrastructure,1973,29.495144339089034
East Asia,Metal ores,civil_infrastructure,1974,24.49694103427365
East Asia,Metal ores,civil_infrastructure,1975,23.276132632776786
East Asia,Metal ores,civil_infrastructure,1976,22.433749442253266
East Asia,Metal ores,civil_infrastructure,1977,23.542648226076984
East Asia,Metal ores,civil_infrastructure,1978,27.839715575876284
East Asia,Metal ores,civil_infrastructure,1979,29.919420113548423
East Asia,Metal ores,civil_infrastructure,1980,28.62848933623902
East Asia,Metal ores,civil_infrastructure,1981,24.806744908369367
East Asia,Metal ores,civil_infrastructure,1982,26.42970134716778
East Asia,Metal ores,civil_infrastructure,1983,28.86666633819538
East Asia,Metal ores,civil_infrastructure,1984,30.91290622663682
East Asia,Metal ores,civil_infrastructure,1985,36.962318466350226
East Asia,Metal ores,civil_infrastructure,1986,36.96507528524863
East Asia,Metal ores,civil_infrastructure,1987,35.447173558063746
East Asia,Metal ores,civil_infrastructure,1988,37.318042266043946
East Asia,Metal ores,civil_infrastructure,1989,41.44803674470181
East Asia,Metal ores,civil_infrastructure,1990,40.46469708316541
East Asia,Metal ores,civil_infrastructure,1991,45.54568147743013
East Asia,Metal ores,civil_infrastructure,1992,45.0354276682124
East Asia,Metal ores,civil_infrastructure,1993,58.5691727741775
East Asia,Metal ores,civil_infrastructure,1994,59.0998249080302
East Asia,Metal ores,civil_infrastructure,1995,92.93024094972392
East Asia,Metal ores,civil_infrastructure,1996,99.77185314307597
East Asia,Metal ores,civil_infrastructure,1997,102.61050483095796
East Asia,Metal ores,civil_infrastructure,1998,91.15883415663427
East Asia,Metal ores,civil_infrastructure,1999,102.91210313447041
East Asia,Metal ores,civil_infrastructure,2000,109.15462222100457
East Asia,Metal ores,civil_infrastructure,2001,118.73315244769127
East Asia,Metal ores,civil_infrastructure,2002,136.60997451342138
East Asia,Metal ores,civil_infrastructure,2003,160.31038897507173
East Asia,Metal ores,civil_infrastructure,2004,173.52016135627906
East Asia,Metal ores,civil_infrastructure,2005,203.39358563733137
East Asia,Metal ores,civil_infrastructure,2006,216.45025263371565
East Asia,Metal ores,civil_infrastructure,2007,241.35076115221426
East Asia,Metal ores,civil_infrastructure,2008,251.66730748673487
East Asia,Metal ores,civil_infrastructure,2009,294.3053750948882
East Asia,Metal ores,civil_infrastructure,2010,320.25571868412237
East Asia,Metal ores,civil_infrastructure,2011,346.56062935116927
East Asia,Metal ores,civil_infrastructure,2012,359.23772338766423
East Asia,Metal ores,civil_infrastructure,2013,395.75156029741345
East Asia,Metal ores,civil_infrastructure,2014,389.90694388053356
East Asia,Metal ores,civil_infrastructure,2015,366.13820534042026
East Asia,Metal ores,civil_infrastructure,2016,370.88008029871514
East Asia,Metal ores,machinery,1900,0.27433562360343555
East Asia,Metal ores,machinery,1901,0.28443783243786874
East Asia,Metal ores,machinery,1902,0.2913023198763914
East Asia,Metal ores,machinery,1903,0.30892484907020695
East Asia,Metal ores,machinery,1904,0.32273200247309436
East Asia,Metal ores,machinery,1905,0.32950013279960555
East Asia,Metal ores,machinery,1906,0.3505121754071184
East Asia,Metal ores,machinery,1907,0.36318216700899547
East Asia,Metal ores,machinery,1908,0.36003165631577266
East Asia,Metal ores,machinery,1909,0.3794636282278506
East Asia,Metal ores,machinery,1910,0.4148940463511488
East Asia,Metal ores,machinery,1911,0.428745011749717
East Asia,Metal ores,machinery,1912,0.4826681638594582
East Asia,Metal ores,machinery,1913,0.5202523192190286
East Asia,Metal ores,machinery,1914,0.5616548831665269
East Asia,Metal ores,machinery,1915,0.6189959140128048
East Asia,Metal ores,machinery,1916,0.6389390576838522
East Asia,Metal ores,machinery,1917,0.6636863913929592
East Asia,Metal ores,machinery,1918,0.7094755771617285
East Asia,Metal ores,machinery,1919,0.7382236458919876
East Asia,Metal ores,machinery,1920,0.7312975876849701
East Asia,Metal ores,machinery,1921,0.7675603582553142
East Asia,Metal ores,machinery,1922,0.8070084355020182
East Asia,Metal ores,machinery,1923,0.8392316908300197
East Asia,Metal ores,machinery,1924,0.9204498220095689
East Asia,Metal ores,machinery,1925,1.0030311727894048
East Asia,Metal ores,machinery,1926,1.0983257605344257
East Asia,Metal ores,machinery,1927,1.1200399735963928
East Asia,Metal ores,machinery,1928,1.2149197054207288
East Asia,Metal ores,machinery,1929,1.239522060113208
East Asia,Metal ores,machinery,1930,1.334697534348
East Asia,Metal ores,machinery,1931,1.296553139850395
East Asia,Metal ores,machinery,1932,1.4073515281722713
East Asia,Metal ores,machinery,1933,1.6206406221134195
East Asia,Metal ores,machinery,1934,1.815964931605091
East Asia,Metal ores,machinery,1935,2.058537032525388
East Asia,Metal ores,machinery,1936,2.3062157405726147
East Asia,Metal ores,machinery,1937,2.5679902003510184
East Asia,Metal ores,machinery,1938,2.8335161416358288
East Asia,Metal ores,machinery,1939,2.9820739416774247
East Asia,Metal ores,machinery,1940,3.076565148005182
East Asia,Metal ores,machinery,1941,3.207951289316399
East Asia,Metal ores,machinery,1942,3.247608390985735
East Asia,Metal ores,machinery,1943,3.2853225873961582
East Asia,Metal ores,machinery,1944,2.9604014376734247
East Asia,Metal ores,machinery,1945,1.8791904264672858
East Asia,Metal ores,machinery,1946,1.6400342438517213
East Asia,Metal ores,machinery,1947,1.8897962796320447
East Asia,Metal ores,machinery,1948,1.9659493114485163
East Asia,Metal ores,machinery,1949,2.3885229979108185
East Asia,Metal ores,machinery,1950,2.929935059711105
East Asia,Metal ores,machinery,1951,3.479764716335039
East Asia,Metal ores,machinery,1952,3.8569258793601846
East Asia,Metal ores,machinery,1953,4.406751003445335
East Asia,Metal ores,machinery,1954,4.734137219432526
East Asia,Metal ores,machinery,1955,5.27012572703055
East Asia,Metal ores,machinery,1956,6.152922740592482
East Asia,Metal ores,machinery,1957,7.002781913080256
East Asia,Metal ores,machinery,1958,8.93669665772518
East Asia,Metal ores,machinery,1959,12.608693404534263
East Asia,Metal ores,machinery,1960,15.840743365285352
East Asia,Metal ores,machinery,1961,14.401018946203475
East Asia,Metal ores,machinery,1962,13.270297916485504
East Asia,Metal ores,machinery,1963,13.913116913910217
East Asia,Metal ores,machinery,1964,16.73510933346705
East Asia,Metal ores,machinery,1965,16.775823144915115
East Asia,Metal ores,machinery,1966,20.10637486100525
East Asia,Metal ores,machinery,1967,14.352698398713658
East Asia,Metal ores,machinery,1968,21.093323006162844
East Asia,Metal ores,machinery,1969,34.98385687565447
East Asia,Metal ores,machinery,1970,43.01301788177552
East Asia,Metal ores,machinery,1971,38.0471975513768
East Asia,Metal ores,machinery,1972,39.605774040999975
East Asia,Metal ores,machinery,1973,46.892000896906
East Asia,Metal ores,machinery,1974,39.837561148695755
East Asia,Metal ores,machinery,1975,36.93837959362543
East Asia,Metal ores,machinery,1976,35.18229094431106
East Asia,Metal ores,machinery,1977,36.04562739286109
East Asia,Metal ores,machinery,1978,40.64637158061057
East Asia,Metal ores,machinery,1979,44.24968250240783
East Asia,Metal ores,machinery,1980,43.26278815121563
East Asia,Metal ores,machinery,1981,38.56617692528347
East Asia,Metal ores,machinery,1982,39.60266310691477
East Asia,Metal ores,machinery,1983,41.792904290561026
East Asia,Metal ores,machinery,1984,44.655672087647076
East Asia,Metal ores,machinery,1985,50.226651784374425
East Asia,Metal ores,machinery,1986,49.877042142305804
East Asia,Metal ores,machinery,1987,49.84785787873193
East Asia,Metal ores,machinery,1988,54.486512049622974
East Asia,Metal ores,machinery,1989,58.56207083495594
East Asia,Metal ores,machinery,1990,61.76784195023977
East Asia,Metal ores,machinery,1991,64.34866191032289
East Asia,Metal ores,machinery,1992,62.327764646457176
East Asia,Metal ores,machinery,1993,74.04085664049488
East Asia,Metal ores,machinery,1994,75.4795669757115
East Asia,Metal ores,machinery,1995,75.67186794938175
East Asia,Metal ores,machinery,1996,79.72056714469522
East Asia,Metal ores,machinery,1997,80.58420061157484
East Asia,Metal ores,machinery,1998,69.19580495851999
East Asia,Metal ores,machinery,1999,75.66922787214502
East Asia,Metal ores,machinery,2000,83.03118821460774
East Asia,Metal ores,machinery,2001,86.86146953477598
East Asia,Metal ores,machinery,2002,98.48597439359571
East Asia,Metal ores,machinery,2003,113.08180368503649
East Asia,Metal ores,machinery,2004,121.09419010684786
East Asia,Metal ores,machinery,2005,138.6285599471451
East Asia,Metal ores,machinery,2006,145.83086990203893
East Asia,Metal ores,machinery,2007,162.8327913544475
East Asia,Metal ores,machinery,2008,169.1562019203171
East Asia,Metal ores,machinery,2009,181.6657291667919
East Asia,Metal ores,machinery,2010,201.01177017042795
East Asia,Metal ores,machinery,2011,214.32490088555843
East Asia,Metal ores,machinery,2012,221.61620212442455
East Asia,Metal ores,machinery,2013,241.30731940353033
East Asia,Metal ores,machinery,2014,242.71809333348477
East Asia,Metal ores,machinery,2015,231.36949048622535
East Asia,Metal ores,machinery,2016,238.44568130092497
East Asia,Metal ores,short_lived,1900,0.08088779049671457
East Asia,Metal ores,short_lived,1901,0.08319628475628216
East Asia,Metal ores,short_lived,1902,0.08518457260483257
East Asia,Metal ores,short_lived,1903,0.08999400693513002
East Asia,Metal ores,short_lived,1904,0.09399393614144981
East Asia,Metal ores,short_lived,1905,0.09600947456734606
East Asia,Metal ores,short_lived,1906,0.10185589336063289
East Asia,Metal ores,short_lived,1907,0.10539763198076588
East Asia,Metal ores,short_lived,1908,0.10438145892919955
East Asia,Metal ores,short_lived,1909,0.11006826317777829
East Asia,Metal ores,short_lived,1910,0.11992938811708527
East Asia,Metal ores,short_lived,1911,0.12450116434722507
East Asia,Metal ores,short_lived,1912,0.13910405938306766
East Asia,Metal ores,short_lived,1913,0.14895732271453319
East Asia,Metal ores,short_lived,1914,0.14938617463023174
East Asia,Metal ores,short_lived,1915,0.15160298393176572
East Asia,Metal ores,short_lived,1916,0.15548321053891592
East Asia,Metal ores,short_lived,1917,0.1531213899987359
East Asia,Metal ores,short_lived,1918,0.1529689867435985
East Asia,Metal ores,short_lived,1919,0.161720102366324
East Asia,Metal ores,short_lived,1920,0.1644317089163729
East Asia,Metal ores,short_lived,1921,0.1624197433088144
East Asia,Metal ores,short_lived,1922,0.1749281690763208
East Asia,Metal ores,short_lived,1923,0.18224314010251974
East Asia,Metal ores,short_lived,1924,0.19907093012927182
East Asia,Metal ores,short_lived,1925,0.21773574197343815
East Asia,Metal ores,short_lived,1926,0.23685785347524826
East Asia,Metal ores,short_lived,1927,0.2485161117543121
East Asia,Metal ores,short_lived,1928,0.26830790086108586
East Asia,Metal ores,short_lived,1929,0.27587862083759346
East Asia,Metal ores,short_lived,1930,0.29121310427256025
East Asia,Metal ores,short_lived,1931,0.2843939666957745
East Asia,Metal ores,short_lived,1932,0.3031382513071708
East Asia,Metal ores,short_lived,1933,0.34256019886510125
East Asia,Metal ores,short_lived,1934,0.38825314915793757
East Asia,Metal ores,short_lived,1935,0.44140726908436334
East Asia,Metal ores,short_lived,1936,0.49663279792520326
East Asia,Metal ores,short_lived,1937,0.5522574757788916
East Asia,Metal ores,short_lived,1938,0.5938234056808828
East Asia,Metal ores,short_lived,1939,0.6248188738569834
East Asia,Metal ores,short_lived,1940,0.643846219339095
East Asia,Metal ores,short_lived,1941,0.6655458064740694
East Asia,Metal ores,short_lived,1942,0.669601226713837
East Asia,Metal ores,short_lived,1943,0.6820597959413369
East Asia,Metal ores,short_lived,1944,0.6410487948833267
East Asia,Metal ores,short_lived,1945,0.45537434780701064
East Asia,Metal ores,short_lived,1946,0.4244126037337227
East Asia,Metal ores,short_lived,1947,0.48298346899788347
East Asia,Metal ores,short_lived,1948,0.48220696526438517
East Asia,Metal ores,short_lived,1949,0.5709267106488516
East Asia,Metal ores,short_lived,1950,0.6917679578970486
East Asia,Metal ores,short_lived,1951,0.8186846469300684
East Asia,Metal ores,short_lived,1952,0.9128907998531883
East Asia,Metal ores,short_lived,1953,1.0306889347999253
East Asia,Metal ores,short_lived,1954,1.1100698096763437
East Asia,Metal ores,short_lived,1955,1.2417501700163431
East Asia,Metal ores,short_lived,1956,1.4229002875184418
East Asia,Metal ores,short_lived,1957,1.6039461384673996
East Asia,Metal ores,short_lived,1958,2.082415631539871
East Asia,Metal ores,short_lived,1959,2.836996308413155
East Asia,Metal ores,short_lived,1960,3.466119801102385
East Asia,Metal ores,short_lived,1961,2.9780863571768474
East Asia,Metal ores,short_lived,1962,2.749956648727673
East Asia,Metal ores,short_lived,1963,2.8532303505338303
East Asia,Metal ores,short_lived,1964,3.3118047886164512
East Asia,Metal ores,short_lived,1965,3.4270742564889582
East Asia,Metal ores,short_lived,1966,4.034591898459102
East Asia,Metal ores,short_lived,1967,3.237599520481885
East Asia,Metal ores,short_lived,1968,4.229555837011569
East Asia,Metal ores,short_lived,1969,7.442616028524464
East Asia,Metal ores,short_lived,1970,9.157432413327598
East Asia,Metal ores,short_lived,1971,8.16074265417994
East Asia,Metal ores,short_lived,1972,8.13464161681194
East Asia,Metal ores,short_lived,1973,9.340364609430406
East Asia,Metal ores,short_lived,1974,7.851378717042352
East Asia,Metal ores,short_lived,1975,7.464395348379362
East Asia,Metal ores,short_lived,1976,7.2531821213494005
East Asia,Metal ores,short_lived,1977,7.567149952461464
East Asia,Metal ores,short_lived,1978,8.60326510916951
East Asia,Metal ores,short_lived,1979,9.213247810301656
East Asia,Metal ores,short_lived,1980,9.098472293031744
East Asia,Metal ores,short_lived,1981,8.377526291081976
East Asia,Metal ores,short_lived,1982,8.684023735835401
East Asia,Metal ores,short_lived,1983,9.280263105702588
East Asia,Metal ores,short_lived,1984,9.692012530131699
East Asia,Metal ores,short_lived,1985,11.060126420707178
East Asia,Metal ores,short_lived,1986,11.143394725139299
East Asia,Metal ores,short_lived,1987,11.1785030232099
East Asia,Metal ores,short_lived,1988,12.023751364980468
East Asia,Metal ores,short_lived,1989,12.924908829519403
East Asia,Metal ores,short_lived,1990,13.981079315632313
East Asia,Metal ores,short_lived,1991,14.55149948348862
East Asia,Metal ores,short_lived,1992,14.248959513448403
East Asia,Metal ores,short_lived,1993,17.1831101439579
East Asia,Metal ores,short_lived,1994,17.623769622956804
East Asia,Metal ores,short_lived,1995,17.60671168575282
East Asia,Metal ores,short_lived,1996,18.818549821632796
East Asia,Metal ores,short_lived,1997,18.648966566268125
East Asia,Metal ores,short_lived,1998,15.826155948038108
East Asia,Metal ores,short_lived,1999,17.592171071188467
East Asia,Metal ores,short_lived,2000,18.949034027679456
East Asia,Metal ores,short_lived,2001,19.912481448338404
East Asia,Metal ores,short_lived,2002,22.520778350277265
East Asia,Metal ores,short_lived,2003,25.770031331024096
East Asia,Metal ores,short_lived,2004,28.084023208097182
East Asia,Metal ores,short_lived,2005,32.73266402388135
East Asia,Metal ores,short_lived,2006,34.4410962876867
East Asia,Metal ores,short_lived,2007,38.462436650308504
East Asia,Metal ores,short_lived,2008,40.120276343942415
East Asia,Metal ores,short_lived,2009,43.11130393179243
East Asia,Metal ores,short_lived,2010,47.164087674180124
East Asia,Metal ores,short_lived,2011,51.02793722786807
East Asia,Metal ores,short_lived,2012,53.59347798630587
East Asia,Metal ores,short_lived,2013,58.55611244720151
East Asia,Metal ores,short_lived,2014,58.884054845088066
East Asia,Metal ores,short_lived,2015,56.98698459619911
East Asia,Metal ores,short_lived,2016,59.94417128197199
East Asia,Non-metallic minerals,buildings,1900,198.63809367274476
East Asia,Non-metallic minerals,buildings,1901,200.08803385779723
East Asia,Non-metallic minerals,buildings,1902,201.41384172833327
East Asia,Non-metallic minerals,buildings,1903,202.84872802756377
East Asia,Non-metallic minerals,buildings,1904,204.2307544283033
East Asia,Non-metallic minerals,buildings,1905,205.54135901931926
East Asia,Non-metallic minerals,buildings,1906,207.14238873113197
East Asia,Non-metallic minerals,buildings,1907,208.49322917754327
East Asia,Non-metallic minerals,buildings,1908,209.73176175898183
East Asia,Non-metallic minerals,buildings,1909,211.16856475516622
East Asia,Non-metallic minerals,buildings,1910,212.58433593876
East Asia,Non-metallic minerals,buildings,1911,214.84381983788293
East Asia,Non-metallic minerals,buildings,1912,217.30983789217882
East Asia,Non-metallic minerals,buildings,1913,220.40999766449465
East Asia,Non-metallic minerals,buildings,1914,222.82362123143423
East Asia,Non-metallic minerals,buildings,1915,225.2655210143764
East Asia,Non-metallic minerals,buildings,1916,227.75769115610754
East Asia,Non-metallic minerals,buildings,1917,230.1990475771293
East Asia,Non-metallic minerals,buildings,1918,232.62462565808548
East Asia,Non-metallic minerals,buildings,1919,235.23368436023605
East Asia,Non-metallic minerals,buildings,1920,238.34942356345186
East Asia,Non-metallic minerals,buildings,1921,239.96256117681418
East Asia,Non-metallic minerals,buildings,1922,243.44673305872013
East Asia,Non-metallic minerals,buildings,1923,246.47895840283692
East Asia,Non-metallic minerals,buildings,1924,247.31989632427448
East Asia,Non-metallic minerals,buildings,1925,250.50688911232905
East Asia,Non-metallic minerals,buildings,1926,254.70292996460424
East Asia,Non-metallic minerals,buildings,1927,257.40727957662455
East Asia,Non-metallic minerals,buildings,1928,260.46064268423567
East Asia,Non-metallic minerals,buildings,1929,264.11612658747447
East Asia,Non-metallic minerals,buildings,1930,263.0839316172123
East Asia,Non-metallic minerals,buildings,1931,263.13984274687306
East Asia,Non-metallic minerals,buildings,1932,264.2345077015849
East Asia,Non-metallic minerals,buildings,1933,266.70529155979887
East Asia,Non-metallic minerals,buildings,1934,269.00019436769037
East Asia,Non-metallic minerals,buildings,1935,274.9244879220697
East Asia,Non-metallic minerals,buildings,1936,275.3139339822857
East Asia,Non-metallic minerals,buildings,1937,276.9010570568107
East Asia,Non-metallic minerals,buildings,1938,277.0555986391963
East Asia,Non-metallic minerals,buildings,1939,274.05280370758373
East Asia,Non-metallic minerals,buildings,1940,270.94006728051676
East Asia,Non-metallic minerals,buildings,1941,267.60493741504365
East Asia,Non-metallic minerals,buildings,1942,264.23867752913554
East Asia,Non-metallic minerals,buildings,1943,260.87771801109056
East Asia,Non-metallic minerals,buildings,1944,257.4823375458767
East Asia,Non-metallic minerals,buildings,1945,253.9882184762938
East Asia,Non-metallic minerals,buildings,1946,251.13937919860996
East Asia,Non-metallic minerals,buildings,1947,248.37527874888744
East Asia,Non-metallic minerals,buildings,1948,252.20909918200726
East Asia,Non-metallic minerals,buildings,1949,258.3950638288158
East Asia,Non-metallic minerals,buildings,1950,266.09008438952924
East Asia,Non-metallic minerals,buildings,1951,285.63468257420726
East Asia,Non-metallic minerals,buildings,1952,295.83839997691945
East Asia,Non-metallic minerals,buildings,1953,313.6446036436304
East Asia,Non-metallic minerals,buildings,1954,332.4351874520157
East Asia,Non-metallic minerals,buildings,1955,336.20369571824494
East Asia,Non-metallic minerals,buildings,1956,358.37204670104796
East Asia,Non-metallic minerals,buildings,1957,374.131020057635
East Asia,Non-metallic minerals,buildings,1958,400.98713742836264
East Asia,Non-metallic minerals,buildings,1959,441.0141534798998
East Asia,Non-metallic minerals,buildings,1960,456.96867840061583
East Asia,Non-metallic minerals,buildings,1961,457.3460333641071
East Asia,Non-metallic minerals,buildings,1962,484.11948902190295
East Asia,Non-metallic minerals,buildings,1963,512.5597631398575
East Asia,Non-metallic minerals,buildings,1964,550.3954609967041
East Asia,Non-metallic minerals,buildings,1965,592.2254320468669
East Asia,Non-metallic minerals,buildings,1966,615.2707095319865
East Asia,Non-metallic minerals,buildings,1967,649.6226131046716
East Asia,Non-metallic minerals,buildings,1968,728.49566466899455
East Asia,Non-metallic minerals,buildings,1969,778.8581713128523
East Asia,Non-metallic minerals,buildings,1970,852.3274292321995
East Asia,Non-metallic minerals,buildings,1971,907.3566985158803
East Asia,Non-metallic minerals,buildings,1972,998.2657266091792
East Asia,Non-metallic minerals,buildings,1973,1090.4991681886145
East Asia,Non-metallic minerals,buildings,1974,1063.539811903425
East Asia,Non-metallic minerals,buildings,1975,1105.2794045265248
East Asia,Non-metallic minerals,buildings,1976,1186.4259745579507
East Asia,Non-metallic minerals,buildings,1977,1284.9421898964586
East Asia,Non-metallic minerals,buildings,1978,1391.4889112135959
East Asia,Non-metallic minerals,buildings,1979,1513.9130219862682
East Asia,Non-metallic minerals,buildings,1980,1634.5944536968198
East Asia,Non-metallic minerals,buildings,1981,1667.3682235703254
East Asia,Non-metallic minerals,buildings,1982,1821.2716193929373
East Asia,Non-metallic minerals,buildings,1983,1959.1253212574397
East Asia,Non-metallic minerals,buildings,1984,2198.106437611647
East Asia,Non-metallic minerals,buildings,1985,2449.2439817636455
East Asia,Non-metallic minerals,buildings,1986,2847.8014748047954
East Asia,Non-metallic minerals,buildings,1987,3095.751849667266
East Asia,Non-metallic minerals,buildings,1988,3517.7989177116456
East Asia,Non-metallic minerals,buildings,1989,3577.9859922074907
East Asia,Non-metallic minerals,buildings,1990,3568.241381156687
East Asia,Non-metallic minerals,buildings,1991,3848.2830293531547
East Asia,Non-metallic minerals,buildings,1992,4503.825273886921
East Asia,Non-metallic minerals,buildings,1993,5174.740067915717
East Asia,Non-metallic minerals,buildings,1994,5896.66364964132
East Asia,Non-metallic minerals,buildings,1995,6398.421908226393
East Asia,Non-metallic minerals,buildings,1996,6387.226259280504
East Asia,Non-metallic minerals,buildings,1997,6436.194267834272
East Asia,Non-metallic minerals,buildings,1998,6572.008646066804
East Asia,Non-metallic minerals,buildings,1999,6533.3892492638115
East Asia,Non-metallic minerals,buildings,2000,6553.903756464395
East Asia,Non-metallic minerals,buildings,2001,6609.800700870516
East Asia,Non-metallic minerals,buildings,2002,7029.76669550948
East Asia,Non-metallic minerals,buildings,2003,7730.345657546968
East Asia,Non-metallic minerals,buildings,2004,8802.833004424867
East Asia,Non-metallic minerals,buildings,2005,9366.903921304121
East Asia,Non-metallic minerals,buildings,2006,10442.329999347183
East Asia,Non-metallic minerals,buildings,2007,10930.128267261278
East Asia,Non-metallic minerals,buildings,2008,11128.4226975638
East Asia,Non-metallic minerals,buildings,2009,12568.998886300073
East Asia,Non-metallic minerals,buildings,2010,13822.456201685005
East Asia,Non-metallic minerals,buildings,2011,14877.418764237535
East Asia,Non-metallic minerals,buildings,2012,15243.768405166857
East Asia,Non-metallic minerals,buildings,2013,16591.637947079576
East Asia,Non-metallic minerals,buildings,2014,17335.05036342235
East Asia,Non-metallic minerals,buildings,2015,16823.68786777787
East Asia,Non-metallic minerals,buildings,2016,16266.441602555155
East Asia,Non-metallic minerals,civil_infrastructure,1900,6.525398638085941
East Asia,Non-metallic minerals,civil_infrastructure,1901,7.1229734443353925
East Asia,Non-metallic minerals,civil_infrastructure,1902,7.057550532563284
East Asia,Non-metallic minerals,civil_infrastructure,1903,7.027436305639538
East Asia,Non-metallic minerals,civil_infrastructure,1904,7.610779733130272
East Asia,Non-metallic minerals,civil_infrastructure,1905,7.04280640199828
East Asia,Non-metallic minerals,civil_infrastructure,1906,7.749911386228744
East Asia,Non-metallic minerals,civil_infrastructure,1907,8.272842954307283
East Asia,Non-metallic minerals,civil_infrastructure,1908,8.48398599372592
East Asia,Non-metallic minerals,civil_infrastructure,1909,8.651068460994416
East Asia,Non-metallic minerals,civil_infrastructure,1910,8.83002297797935
East Asia,Non-metallic minerals,civil_infrastructure,1911,9.029825747142079
East Asia,Non-metallic minerals,civil_infrastructure,1912,8.84627538178916
East Asia,Non-metallic minerals,civil_infrastructure,1913,9.858858156672643
East Asia,Non-metallic minerals,civil_infrastructure,1914,10.78544357039067
East Asia,Non-metallic minerals,civil_infrastructure,1915,11.386481512030919
East Asia,Non-metallic minerals,civil_infrastructure,1916,11.692158541003009
East Asia,Non-metallic minerals,civil_infrastructure,1917,11.73537007672947
East Asia,Non-metallic minerals,civil_infrastructure,1918,10.610794885319331
East Asia,Non-metallic minerals,civil_infrastructure,1919,10.806293403861991
East Asia,Non-metallic minerals,civil_infrastructure,1920,11.205132863334137
East Asia,Non-metallic minerals,civil_infrastructure,1921,11.556965095365163
East Asia,Non-metallic minerals,civil_infrastructure,1922,13.033225595185415
East Asia,Non-metallic minerals,civil_infrastructure,1923,14.469958542511353
East Asia,Non-metallic minerals,civil_infrastructure,1924,14.652897857565646
East Asia,Non-metallic minerals,civil_infrastructure,1925,16.338238301065466
East Asia,Non-metallic minerals,civil_infrastructure,1926,18.33281480791646
East Asia,Non-metallic minerals,civil_infrastructure,1927,19.87962272967247
East Asia,Non-metallic minerals,civil_infrastructure,1928,21.978341664599593
East Asia,Non-metallic minerals,civil_infrastructure,1929,24.426551197147194
East Asia,Non-metallic minerals,civil_infrastructure,1930,24.145823623332834
East Asia,Non-metallic minerals,civil_infrastructure,1931,23.5801036255085
East Asia,Non-metallic minerals,civil_infrastructure,1932,24.091851788278582
East Asia,Non-metallic minerals,civil_infrastructure,1933,25.775799242306505
East Asia,Non-metallic minerals,civil_infrastructure,1934,28.174705486763642
East Asia,Non-metallic minerals,civil_infrastructure,1935,33.30826446111945
East Asia,Non-metallic minerals,civil_infrastructure,1936,35.36724310896079
East Asia,Non-metallic minerals,civil_infrastructure,1937,38.05902818520749
East Asia,Non-metallic minerals,civil_infrastructure,1938,38.63339678012743
East Asia,Non-metallic minerals,civil_infrastructure,1939,37.283321786733104
East Asia,Non-metallic minerals,civil_infrastructure,1940,35.939993102824836
East Asia,Non-metallic minerals,civil_infrastructure,1941,34.123715596237396
East Asia,Non-metallic minerals,civil_infrastructure,1942,30.987256917057483
East Asia,Non-metallic minerals,civil_infrastructure,1943,29.192894561397022
East Asia,Non-metallic minerals,civil_infrastructure,1944,28.466212538554572
East Asia,Non-metallic minerals,civil_infrastructure,1945,22.113482188552393
East Asia,Non-metallic minerals,civil_infrastructure,1946,20.726215282118535
East Asia,Non-metallic minerals,civil_infrastructure,1947,20.712506037351712
East Asia,Non-metallic minerals,civil_infrastructure,1948,25.86905215915839
East Asia,Non-metallic minerals,civil_infrastructure,1949,32.874301819346734
East Asia,Non-metallic minerals,civil_infrastructure,1950,42.43535689258213
East Asia,Non-metallic minerals,civil_infrastructure,1951,51.27467546146677
East Asia,Non-metallic minerals,civil_infrastructure,1952,56.846948795314205
East Asia,Non-metallic minerals,civil_infrastructure,1953,68.49067092979254
East Asia,Non-metallic minerals,civil_infrastructure,1954,80.71926548300951
East Asia,Non-metallic minerals,civil_infrastructure,1955,85.29344757762354
East Asia,Non-metallic minerals,civil_infrastructure,1956,99.47332803334893
East Asia,Non-metallic minerals,civil_infrastructure,1957,117.90794643644536
East Asia,Non-metallic minerals,civil_infrastructure,1958,130.4518947546377
East Asia,Non-metallic minerals,civil_infrastructure,1959,158.80096485122553
East Asia,Non-metallic minerals,civil_infrastructure,1960,184.1676104788969
East Asia,Non-metallic minerals,civil_infrastructure,1961,207.70250347581495
East Asia,Non-metallic minerals,civil_infrastructure,1962,245.29946692067975
East Asia,Non-metallic minerals,civil_infrastructure,1963,269.89085996931084
East Asia,Non-metallic minerals,civil_infrastructure,1964,313.0711700407798
East Asia,Non-metallic minerals,civil_infrastructure,1965,340.8937969538851
East Asia,Non-metallic minerals,civil_infrastructure,1966,377.75947264035244
East Asia,Non-metallic minerals,civil_infrastructure,1967,441.65483783388964
East Asia,Non-metallic minerals,civil_infrastructure,1968,501.52750478851937
East Asia,Non-metallic minerals,civil_infrastructure,1969,552.7810303918345
East Asia,Non-metallic minerals,civil_infrastructure,1970,653.6513551251616
East Asia,Non-metallic minerals,civil_infrastructure,1971,743.1342999296331
East Asia,Non-metallic minerals,civil_infrastructure,1972,811.3431150994312
East Asia,Non-metallic minerals,civil_infrastructure,1973,923.1223558399846
East Asia,Non-metallic minerals,civil_infrastructure,1974,883.3110012964142
East Asia,Non-metallic minerals,civil_infrastructure,1975,867.2176442137194
East Asia,Non-metallic minerals,civil_infrastructure,1976,906.8950930765511
East Asia,Non-metallic minerals,civil_infrastructure,1977,999.1310991389641
East Asia,Non-metallic minerals,civil_infrastructure,1978,1112.740953974757
East Asia,Non-metallic minerals,civil_infrastructure,1979,1140.4418788722999
East Asia,Non-metallic minerals,civil_infrastructure,1980,1154.5534095665325
East Asia,Non-metallic minerals,civil_infrastructure,1981,1119.6808592420632
East Asia,Non-metallic minerals,civil_infrastructure,1982,1105.2519145207064
East Asia,Non-metallic minerals,civil_infrastructure,1983,1152.029107179075
East Asia,Non-metallic minerals,civil_infrastructure,1984,1172.2092601558074
East Asia,Non-metallic minerals,civil_infrastructure,1985,1179.5067461121319
East Asia,Non-metallic minerals,civil_infrastructure,1986,1257.2765655583319
East Asia,Non-metallic minerals,civil_infrastructure,1987,1333.330046200611
East Asia,Non-metallic minerals,civil_infrastructure,1988,1436.0558869480915
East Asia,Non-metallic minerals,civil_infrastructure,1989,1488.839627123888
East Asia,Non-metallic minerals,civil_infrastructure,1990,1559.4503494254977
East Asia,Non-metallic minerals,civil_infrastructure,1991,1653.6347451807278
East Asia,Non-metallic minerals,civil_infrastructure,1992,1784.1846609093864
East Asia,Non-metallic minerals,civil_infrastructure,1993,1866.5291494688065
East Asia,Non-metallic minerals,civil_infrastructure,1994,2002.724252186863
East Asia,Non-metallic minerals,civil_infrastructure,1995,2120.4894869810505
East Asia,Non-metallic minerals,civil_infrastructure,1996,2208.6946867178194
East Asia,Non-metallic minerals,civil_infrastructure,1997,2275.5620432255305
East Asia,Non-metallic minerals,civil_infrastructure,1998,2163.937840572414
East Asia,Non-metallic minerals,civil_infrastructure,1999,2250.443400304861
East Asia,Non-metallic minerals,civil_infrastructure,2000,2420.4300411346217
East Asia,Non-metallic minerals,civil_infrastructure,2001,2495.834842475104
East Asia,Non-metallic minerals,civil_infrastructure,2002,2629.4883250920097
East Asia,Non-metallic minerals,civil_infrastructure,2003,2857.0751567543425
East Asia,Non-metallic minerals,civil_infrastructure,2004,3243.5729051573308
East Asia,Non-metallic minerals,civil_infrastructure,2005,3441.334831357757
East Asia,Non-metallic minerals,civil_infrastructure,2006,3725.886123170883
East Asia,Non-metallic minerals,civil_infrastructure,2007,3956.2458195453114
East Asia,Non-metallic minerals,civil_infrastructure,2008,3966.6601321181133
East Asia,Non-metallic minerals,civil_infrastructure,2009,4548.3248621247885
East Asia,Non-metallic minerals,civil_infrastructure,2010,5474.907957908178
East Asia,Non-metallic minerals,civil_infrastructure,2011,5814.880719064147
East Asia,Non-metallic minerals,civil_infrastructure,2012,6082.666938263519
East Asia,Non-metallic minerals,civil_infrastructure,2013,6626.47025449826
East Asia,Non-metallic minerals,civil_infrastructure,2014,7016.148302786565
East Asia,Non-metallic minerals,civil_infrastructure,2015,6903.818168445395
East Asia,Non-metallic minerals,civil_infrastructure,2016,7090.202493627014
East Asia,Non-metallic minerals,machinery,1900,0.06839139515079236
East Asia,Non-metallic minerals,machinery,1901,0.07027952789779612
East Asia,Non-metallic minerals,machinery,1902,0.07218791029718469
East Asia,Non-metallic minerals,machinery,1903,0.07412339879571979
East Asia,Non-metallic minerals,machinery,1904,0.07606815224172869
East Asia,Non-metallic minerals,machinery,1905,0.07804482836441036
East Asia,Non-metallic minerals,machinery,1906,0.08004198555783389
East Asia,Non-metallic minerals,machinery,1907,0.08204771852819498
East Asia,Non-metallic minerals,machinery,1908,0.0840583928373859
East Asia,Non-metallic minerals,machinery,1909,0.08611062338039219
East Asia,Non-metallic minerals,machinery,1910,0.08820607545458037
East Asia,Non-metallic minerals,machinery,1911,0.09060431616743025
East Asia,Non-metallic minerals,machinery,1912,0.09310567044305604
East Asia,Non-metallic minerals,machinery,1913,0.09562095682901178
East Asia,Non-metallic minerals,machinery,1914,0.09806272762018153
East Asia,Non-metallic minerals,machinery,1915,0.10048529229442557
East Asia,Non-metallic minerals,machinery,1916,0.10303103524271734
East Asia,Non-metallic minerals,machinery,1917,0.10554065320022361
East Asia,Non-metallic minerals,machinery,1918,0.10804133297594877
East Asia,Non-metallic minerals,machinery,1919,0.11054192228150901
East Asia,Non-metallic minerals,machinery,1920,0.11327397314491001
East Asia,Non-metallic minerals,machinery,1921,0.11586917167731277
East Asia,Non-metallic minerals,machinery,1922,0.11844094675503851
East Asia,Non-metallic minerals,machinery,1923,0.12097499542528835
East Asia,Non-metallic minerals,machinery,1924,0.12347254920283139
East Asia,Non-metallic minerals,machinery,1925,0.12593673030396127
East Asia,Non-metallic minerals,machinery,1926,0.12838094612294007
East Asia,Non-metallic minerals,machinery,1927,0.130863368801493
East Asia,Non-metallic minerals,machinery,1928,0.13336632742274107
East Asia,Non-metallic minerals,machinery,1929,0.1358957802549657
East Asia,Non-metallic minerals,machinery,1930,0.138415823103217
East Asia,Non-metallic minerals,machinery,1931,0.14107183224759573
East Asia,Non-metallic minerals,machinery,1932,0.14376683249719763
East Asia,Non-metallic minerals,machinery,1933,0.14654056680947272
East Asia,Non-metallic minerals,machinery,1934,0.149213568255788
East Asia,Non-metallic minerals,machinery,1935,0.1518744902404434
East Asia,Non-metallic minerals,machinery,1936,0.15453195123028385
East Asia,Non-metallic minerals,machinery,1937,0.15717008593786422
East Asia,Non-metallic minerals,machinery,1938,0.15975344650693485
East Asia,Non-metallic minerals,machinery,1939,0.16241273070905288
East Asia,Non-metallic minerals,machinery,1940,0.16384915861791274
East Asia,Non-metallic minerals,machinery,1941,0.16720152660770282
East Asia,Non-metallic minerals,machinery,1942,0.17069527480760435
East Asia,Non-metallic minerals,machinery,1943,0.17418547410103577
East Asia,Non-metallic minerals,machinery,1944,0.17770697227107055
East Asia,Non-metallic minerals,machinery,1945,0.18122432493658072
East Asia,Non-metallic minerals,machinery,1946,0.1841046406719317
East Asia,Non-metallic minerals,machinery,1947,0.19692584024268942
East Asia,Non-metallic minerals,machinery,1948,0.2006240774080808
East Asia,Non-metallic minerals,machinery,1949,0.20412869269507
East Asia,Non-metallic minerals,machinery,1950,0.20779064978459066
East Asia,Non-metallic minerals,machinery,1951,0.22055065894653358
East Asia,Non-metallic minerals,machinery,1952,0.23383370543305537
East Asia,Non-metallic minerals,machinery,1953,0.2478210851839831
East Asia,Non-metallic minerals,machinery,1954,0.2626626822920795
East Asia,Non-metallic minerals,machinery,1955,0.2777885295012254
East Asia,Non-metallic minerals,machinery,1956,0.29307415989525504
East Asia,Non-metallic minerals,machinery,1957,0.30984904216176457
East Asia,Non-metallic minerals,machinery,1958,0.3269342163991701
East Asia,Non-metallic minerals,machinery,1959,0.3436007820368097
East Asia,Non-metallic minerals,machinery,1960,0.3563845820729888
East Asia,Non-metallic minerals,machinery,1961,0.36631632426292865
East Asia,Non-metallic minerals,machinery,1962,0.3811429281415605
East Asia,Non-metallic minerals,machinery,1963,0.40113561330287867
East Asia,Non-metallic minerals,machinery,1964,0.42018826841327267
East Asia,Non-metallic minerals,machinery,1965,0.4398218402321
East Asia,Non-metallic minerals,machinery,1966,0.462208938073141
East Asia,Non-metallic minerals,machinery,1967,0.48585768024614234
East Asia,Non-metallic minerals,machinery,1968,0.5088653645606743
East Asia,Non-metallic minerals,machinery,1969,0.5340110475576024
East Asia,Non-metallic minerals,machinery,1970,0.5592822325863415
East Asia,Non-metallic minerals,machinery,1971,0.5796181605003295
East Asia,Non-metallic minerals,machinery,1972,0.5980950443576065
East Asia,Non-metallic minerals,machinery,1973,0.62307303717558
East Asia,Non-metallic minerals,machinery,1974,0.6380520520221479
East Asia,Non-metallic minerals,machinery,1975,0.6485736417937592
East Asia,Non-metallic minerals,machinery,1976,0.6740605740584341
East Asia,Non-metallic minerals,machinery,1977,0.6828795274051441
East Asia,Non-metallic minerals,machinery,1978,0.6991453774330011
East Asia,Non-metallic minerals,machinery,1979,0.7237951835149723
East Asia,Non-metallic minerals,machinery,1980,0.750075483896389
East Asia,Non-metallic minerals,machinery,1981,0.8167991061967973
East Asia,Non-metallic minerals,machinery,1982,0.8822197481291636
East Asia,Non-metallic minerals,machinery,1983,0.9116939525088193
East Asia,Non-metallic minerals,machinery,1984,0.9357947117064258
East Asia,Non-metallic minerals,machinery,1985,0.961670052001136
East Asia,Non-metallic minerals,machinery,1986,0.9786771710460859
East Asia,Non-metallic minerals,machinery,1987,1.0048881946898183
East Asia,Non-metallic minerals,machinery,1988,1.0403352695940786
East Asia,Non-metallic minerals,machinery,1989,1.0704062473360534
East Asia,Non-metallic minerals,machinery,1990,1.8147667065614457
East Asia,Non-metallic minerals,machinery,1991,1.51188683969123
East Asia,Non-metallic minerals,machinery,1992,0.9895654105946966
East Asia,Non-metallic minerals,machinery,1993,0.8459986113420915
East Asia,Non-metallic minerals,machinery,1994,1.0088931549241045
East Asia,Non-metallic minerals,machinery,1995,0.905678129780931
East Asia,Non-metallic minerals,machinery,1996,0.8540680020885503
East Asia,Non-metallic minerals,machinery,1997,0.6925962223005683
East Asia,Non-metallic minerals,machinery,1998,0.9748615056072735
East Asia,Non-metallic minerals,machinery,1999,0.9537471801680875
East Asia,Non-metallic minerals,machinery,2000,0.9545059070677658
East Asia,Non-metallic minerals,machinery,2001,1.3153134976734553
East Asia,Non-metallic minerals,machinery,2002,1.3753825942817115
East Asia,Non-metallic minerals,machinery,2003,3.0136424601817264
East Asia,Non-metallic minerals,machinery,2004,3.879053462291374
East Asia,Non-metallic minerals,machinery,2005,4.776538728980096
East Asia,Non-metallic minerals,machinery,2006,3.1182183492741227
East Asia,Non-metallic minerals,machinery,2007,1.5705359330605313
East Asia,Non-metallic minerals,machinery,2008,1.7294036220569267
East Asia,Non-metallic minerals,machinery,2009,1.8424531534377446
East Asia,Non-metallic minerals,machinery,2010,2.1470279491752366
East Asia,Non-metallic minerals,machinery,2011,2.2987818406528917
East Asia,Non-metallic minerals,machinery,2012,2.52456205510928
East Asia,Non-metallic minerals,machinery,2013,2.563427161903887
East Asia,Non-metallic minerals,machinery,2014,2.792667471999793
East Asia,Non-metallic minerals,machinery,2015,3.0202951929484456
East Asia,Non-metallic minerals,machinery,2016,2.781160780202192
East Asia,Non-metallic minerals,short_lived,1900,0.45185474358614636
East Asia,Non-metallic minerals,short_lived,1901,0.46713461594355427
East Asia,Non-metallic minerals,short_lived,1902,0.4823399974195224
East Asia,Non-metallic minerals,short_lived,1903,0.4978675877294449
East Asia,Non-metallic minerals,short_lived,1904,0.5133423744841564
East Asia,Non-metallic minerals,short_lived,1905,0.52904883607732
East Asia,Non-metallic minerals,short_lived,1906,0.5449107948177375
East Asia,Non-metallic minerals,short_lived,1907,0.5608203011087162
East Asia,Non-metallic minerals,short_lived,1908,0.5767531599004322
East Asia,Non-metallic minerals,short_lived,1909,0.5929874665566891
East Asia,Non-metallic minerals,short_lived,1910,0.6097704593898918
East Asia,Non-metallic minerals,short_lived,1911,0.6246448633562472
East Asia,Non-metallic minerals,short_lived,1912,0.6409191965953591
East Asia,Non-metallic minerals,short_lived,1913,0.6570422874220466
East Asia,Non-metallic minerals,short_lived,1914,0.6694995524505214
East Asia,Non-metallic minerals,short_lived,1915,0.6810220542914028
East Asia,Non-metallic minerals,short_lived,1916,0.6929239351374293
East Asia,Non-metallic minerals,short_lived,1917,0.7041449400922153
East Asia,Non-metallic minerals,short_lived,1918,0.714832380380368
East Asia,Non-metallic minerals,short_lived,1919,0.7242287635507377
East Asia,Non-metallic minerals,short_lived,1920,0.736936091835681
East Asia,Non-metallic minerals,short_lived,1921,0.7597886365054934
East Asia,Non-metallic minerals,short_lived,1922,0.7809842470585064
East Asia,Non-metallic minerals,short_lived,1923,0.8023106648032281
East Asia,Non-metallic minerals,short_lived,1924,0.8240186091863754
East Asia,Non-metallic minerals,short_lived,1925,0.845439304014017
East Asia,Non-metallic minerals,short_lived,1926,0.8666204168242574
East Asia,Non-metallic minerals,short_lived,1927,0.8881399589752319
East Asia,Non-metallic minerals,short_lived,1928,0.9096266587714353
East Asia,Non-metallic minerals,short_lived,1929,0.9310635587980618
East Asia,Non-metallic minerals,short_lived,1930,0.9525194045131418
East Asia,Non-metallic minerals,short_lived,1931,0.9678355525736906
East Asia,Non-metallic minerals,short_lived,1932,0.9826044585970459
East Asia,Non-metallic minerals,short_lived,1933,0.9975611701158901
East Asia,Non-metallic minerals,short_lived,1934,1.014870387835478
East Asia,Non-metallic minerals,short_lived,1935,1.031685736025979
East Asia,Non-metallic minerals,short_lived,1936,1.0487878252690765
East Asia,Non-metallic minerals,short_lived,1937,1.065813257816706
East Asia,Non-metallic minerals,short_lived,1938,1.0833896806006345
East Asia,Non-metallic minerals,short_lived,1939,1.1015842614266917
East Asia,Non-metallic minerals,short_lived,1940,1.0921497117449261
East Asia,Non-metallic minerals,short_lived,1941,1.1176652485881968
East Asia,Non-metallic minerals,short_lived,1942,1.1451087799397732
East Asia,Non-metallic minerals,short_lived,1943,1.172248336168587
East Asia,Non-metallic minerals,short_lived,1944,1.1992801135964066
East Asia,Non-metallic minerals,short_lived,1945,1.2260380360620857
East Asia,Non-metallic minerals,short_lived,1946,1.2397934480971395
East Asia,Non-metallic minerals,short_lived,1947,1.4432305053314383
East Asia,Non-metallic minerals,short_lived,1948,1.4756618212848092
East Asia,Non-metallic minerals,short_lived,1949,1.5056736283629748
East Asia,Non-metallic minerals,short_lived,1950,1.5389458962940168
East Asia,Non-metallic minerals,short_lived,1951,1.599147970215252
East Asia,Non-metallic minerals,short_lived,1952,1.6624650247111936
East Asia,Non-metallic minerals,short_lived,1953,1.728672769145798
East Asia,Non-metallic minerals,short_lived,1954,1.798454119460244
East Asia,Non-metallic minerals,short_lived,1955,1.8707046358425343
East Asia,Non-metallic minerals,short_lived,1956,1.9451574843023423
East Asia,Non-metallic minerals,short_lived,1957,2.0242260621125565
East Asia,Non-metallic minerals,short_lived,1958,2.1053684548695886
East Asia,Non-metallic minerals,short_lived,1959,2.1876218809887984
East Asia,Non-metallic minerals,short_lived,1960,2.2636773793754577
East Asia,Non-metallic minerals,short_lived,1961,2.3432987079551935
East Asia,Non-metallic minerals,short_lived,1962,2.4346880321614903
East Asia,Non-metallic minerals,short_lived,1963,2.5360412351875556
East Asia,Non-metallic minerals,short_lived,1964,2.638346368349
East Asia,Non-metallic minerals,short_lived,1965,2.7458198723756264
East Asia,Non-metallic minerals,short_lived,1966,2.8538378883421873
East Asia,Non-metallic minerals,short_lived,1967,2.9712771252972936
East Asia,Non-metallic minerals,short_lived,1968,3.0960447167510394
East Asia,Non-metallic minerals,short_lived,1969,3.223088580869717
East Asia,Non-metallic minerals,short_lived,1970,3.348265862326345
East Asia,Non-metallic minerals,short_lived,1971,3.53261202631687
East Asia,Non-metallic minerals,short_lived,1972,3.670045542879075
East Asia,Non-metallic minerals,short_lived,1973,3.9028340096440965
East Asia,Non-metallic minerals,short_lived,1974,4.091988586913144
East Asia,Non-metallic minerals,short_lived,1975,4.065527791242436
East Asia,Non-metallic minerals,short_lived,1976,4.303934344521422
East Asia,Non-metallic minerals,short_lived,1977,4.340021442993344
East Asia,Non-metallic minerals,short_lived,1978,4.465994402079055
East Asia,Non-metallic minerals,short_lived,1979,4.641146755492659
East Asia,Non-metallic minerals,short_lived,1980,4.920251465975844
East Asia,Non-metallic minerals,short_lived,1981,4.789773584910407
East Asia,Non-metallic minerals,short_lived,1982,4.931246201870644
East Asia,Non-metallic minerals,short_lived,1983,5.026192875196845
East Asia,Non-metallic minerals,short_lived,1984,5.221091894790763
East Asia,Non-metallic minerals,short_lived,1985,5.262218914506427
East Asia,Non-metallic minerals,short_lived,1986,4.989325656336769
East Asia,Non-metallic minerals,short_lived,1987,5.094923776878224
East Asia,Non-metallic minerals,short_lived,1988,5.159888229540245
East Asia,Non-metallic minerals,short_lived,1989,5.306255835932712
East Asia,Non-metallic minerals,short_lived,1990,5.407218981834023
East Asia,Non-metallic minerals,short_lived,1991,5.51647556533938
East Asia,Non-metallic minerals,short_lived,1992,5.576408328114508
East Asia,Non-metallic minerals,short_lived,1993,5.9715326794098456
East Asia,Non-metallic minerals,short_lived,1994,6.097430139796045
East Asia,Non-metallic minerals,short_lived,1995,8.049431799053336
East Asia,Non-metallic minerals,short_lived,1996,7.608467336110062
East Asia,Non-metallic minerals,short_lived,1997,7.531316418166655
East Asia,Non-metallic minerals,short_lived,1998,7.224579358232898
East Asia,Non-metallic minerals,short_lived,1999,6.871280160541741
East Asia,Non-metallic minerals,short_lived,2000,6.9889315777397245
East Asia,Non-metallic minerals,short_lived,2001,7.473387465241528
East Asia,Non-metallic minerals,short_lived,2002,8.034212844758478
East Asia,Non-metallic minerals,short_lived,2003,8.488456487312991
East Asia,Non-metallic minerals,short_lived,2004,9.2849406004917725
East Asia,Non-metallic minerals,short_lived,2005,9.887432764349688
East Asia,Non-metallic minerals,short_lived,2006,10.379871724542207
East Asia,Non-metallic minerals,short_lived,2007,10.767811913091762
East Asia,Non-metallic minerals,short_lived,2008,11.383808944935298
East Asia,Non-metallic minerals,short_lived,2009,12.214958532387904
East Asia,Non-metallic minerals,short_lived,2010,12.926335019084739
East Asia,Non-metallic minerals,short_lived,2011,14.033149225976162
East Asia,Non-metallic minerals,short_lived,2012,14.776714216483919
East Asia,Non-metallic minerals,short_lived,2013,15.858628099040137
East Asia,Non-metallic minerals,short_lived,2014,17.241693511832672
East Asia,Non-metallic minerals,short_lived,2015,17.557987922761978
East Asia,Non-metallic minerals,short_lived,2016,18.092722606239715
Europe & Russia,Metal ores,buildings,1900,5.817883095621652
Europe & Russia,Metal ores,buildings,1901,5.339024254098463
Europe & Russia,Metal ores,buildings,1902,5.864915586708235
Europe & Russia,Metal ores,buildings,1903,6.4129048718924375
Europe & Russia,Metal ores,buildings,1904,6.524154084791755
Europe & Russia,Metal ores,buildings,1905,7.049585124677864
Europe & Russia,Metal ores,buildings,1906,7.601201740188454
Europe & Russia,Metal ores,buildings,1907,7.984782068177977
Europe & Russia,Metal ores,buildings,1908,7.544755899117909
Europe & Russia,Metal ores,buildings,1909,8.10401793494709
Europe & Russia,Metal ores,buildings,1910,9.010618333751582
Europe & Russia,Metal ores,buildings,1911,9.547588453394548
Europe & Russia,Metal ores,buildings,1912,10.531027149650448
Europe & Russia,Metal ores,buildings,1913,12.465916427217103
Europe & Russia,Metal ores,buildings,1914,9.385094899912405
Europe & Russia,Metal ores,buildings,1915,8.217121054566373
Europe & Russia,Metal ores,buildings,1916,9.250334434858283
Europe & Russia,Metal ores,buildings,1917,8.99532359529939
Europe & Russia,Metal ores,buildings,1918,8.370355667623311
Europe & Russia,Metal ores,buildings,1919,6.299541862195355
Europe & Russia,Metal ores,buildings,1920,6.683952446711811
Europe & Russia,Metal ores,buildings,1921,5.740975212177551
Europe & Russia,Metal ores,buildings,1922,7.5281611424837465
Europe & Russia,Metal ores,buildings,1923,7.273970773432618
Europe & Russia,Metal ores,buildings,1924,9.075433801166355
Europe & Russia,Metal ores,buildings,1925,9.8280525003586785
Europe & Russia,Metal ores,buildings,1926,9.739939593754157
Europe & Russia,Metal ores,buildings,1927,12.427191611154342
Europe & Russia,Metal ores,buildings,1928,12.577386302106435
Europe & Russia,Metal ores,buildings,1929,13.680088282124819
Europe & Russia,Metal ores,buildings,1930,11.457142048189274
Europe & Russia,Metal ores,buildings,1931,9.211952296657412
Europe & Russia,Metal ores,buildings,1932,7.583447156243673
Europe & Russia,Metal ores,buildings,1933,8.876419332222405
Europe & Russia,Metal ores,buildings,1934,10.97321492902323
Europe & Russia,Metal ores,buildings,1935,12.72425934376571
Europe & Russia,Metal ores,buildings,1936,14.660327953777907
Europe & Russia,Metal ores,buildings,1937,16.24836783434332
Europe & Russia,Metal ores,buildings,1938,15.405980250297723
Europe & Russia,Metal ores,buildings,1939,16.57968380786511
Europe & Russia,Metal ores,buildings,1940,14.145076660954489
Europe & Russia,Metal ores,buildings,1941,13.822013456434968
Europe & Russia,Metal ores,buildings,1942,13.062724697331673
Europe & Russia,Metal ores,buildings,1943,14.353380550206204
Europe & Russia,Metal ores,buildings,1944,12.835004283946903
Europe & Russia,Metal ores,buildings,1945,11.569284796022698
Europe & Russia,Metal ores,buildings,1946,9.161512455767804
Europe & Russia,Metal ores,buildings,1947,10.295062836886007
Europe & Russia,Metal ores,buildings,1948,13.313530373841706
Europe & Russia,Metal ores,buildings,1949,15.689895472905752
Europe & Russia,Metal ores,buildings,1950,17.37895915265488
Europe & Russia,Metal ores,buildings,1951,19.61452823340895
Europe & Russia,Metal ores,buildings,1952,21.480601335846274
Europe & Russia,Metal ores,buildings,1953,21.994183173345274
Europe & Russia,Metal ores,buildings,1954,23.545627447793937
Europe & Russia,Metal ores,buildings,1955,26.56793291491825
Europe & Russia,Metal ores,buildings,1956,28.325201689215103
Europe & Russia,Metal ores,buildings,1957,29.604014178063807
Europe & Russia,Metal ores,buildings,1958,29.912908515400577
Europe & Russia,Metal ores,buildings,1959,32.26696714812026
Europe & Russia,Metal ores,buildings,1960,36.55413417831976
Europe & Russia,Metal ores,buildings,1961,37.3811605553768
Europe & Russia,Metal ores,buildings,1962,37.67986079125556
Europe & Russia,Metal ores,buildings,1963,39.497036852657864
Europe & Russia,Metal ores,buildings,1964,43.57173005581536
Europe & Russia,Metal ores,buildings,1965,45.27910593014456
Europe & Russia,Metal ores,buildings,1966,46.10604280530589
Europe & Russia,Metal ores,buildings,1967,51.307624763527045
Europe & Russia,Metal ores,buildings,1968,52.93788255664118
Europe & Russia,Metal ores,buildings,1969,56.66936280554659
Europe & Russia,Metal ores,buildings,1970,59.20770773854043
Europe & Russia,Metal ores,buildings,1971,56.95894792899551
Europe & Russia,Metal ores,buildings,1972,61.3608236023747
Europe & Russia,Metal ores,buildings,1973,65.552176719787
Europe & Russia,Metal ores,buildings,1974,67.65892283984202
Europe & Russia,Metal ores,buildings,1975,62.29800092919329
Europe & Russia,Metal ores,buildings,1976,66.01672762997073
Europe & Russia,Metal ores,buildings,1977,63.25933969007078
Europe & Russia,Metal ores,buildings,1978,63.900206706812355
Europe & Russia,Metal ores,buildings,1979,66.86606452445741
Europe & Russia,Metal ores,buildings,1980,66.06374066259264
Europe & Russia,Metal ores,buildings,1981,61.17515766511716
Europe & Russia,Metal ores,buildings,1982,59.19177785762905
Europe & Russia,Metal ores,buildings,1983,58.94346279812056
Europe & Russia,Metal ores,buildings,1984,61.12618635837184
Europe & Russia,Metal ores,buildings,1985,61.00294986816618
Europe & Russia,Metal ores,buildings,1986,62.86264977247317
Europe & Russia,Metal ores,buildings,1987,63.19763685702323
Europe & Russia,Metal ores,buildings,1988,66.89587647066787
Europe & Russia,Metal ores,buildings,1989,67.10456366224855
Europe & Russia,Metal ores,buildings,1990,64.92926830825847
Europe & Russia,Metal ores,buildings,1991,57.30692296324872
Europe & Russia,Metal ores,buildings,1992,52.72117482608236
Europe & Russia,Metal ores,buildings,1993,45.896472189106746
Europe & Russia,Metal ores,buildings,1994,45.9877374359425
Europe & Russia,Metal ores,buildings,1995,30.991053181492372
Europe & Russia,Metal ores,buildings,1996,29.020745420250474
Europe & Russia,Metal ores,buildings,1997,30.665808784096473
Europe & Russia,Metal ores,buildings,1998,31.923700704307524
Europe & Russia,Metal ores,buildings,1999,31.309285451765206
Europe & Russia,Metal ores,buildings,2000,34.35977065044825
Europe & Russia,Metal ores,buildings,2001,34.416962218070196
Europe & Russia,Metal ores,buildings,2002,33.428175103716704
Europe & Russia,Metal ores,buildings,2003,33.866080918114704
Europe & Russia,Metal ores,buildings,2004,36.27458969617939
Europe & Russia,Metal ores,buildings,2005,36.24030396978759
Europe & Russia,Metal ores,buildings,2006,41.52599574819572
Europe & Russia,Metal ores,buildings,2007,44.33227377277419
Europe & Russia,Metal ores,buildings,2008,38.14443226194696
Europe & Russia,Metal ores,buildings,2009,24.26242611798715
Europe & Russia,Metal ores,buildings,2010,29.762654417831346
Europe & Russia,Metal ores,buildings,2011,30.422312311465156
Europe & Russia,Metal ores,buildings,2012,25.80921446019025
Europe & Russia,Metal ores,buildings,2013,24.55632120490085
Europe & Russia,Metal ores,buildings,2014,27.455478162229205
Europe & Russia,Metal ores,buildings,2015,27.770355722962623
Europe & Russia,Metal ores,buildings,2016,29.573666020580706
Europe & Russia,Metal ores,civil_infrastructure,1900,5.631923627886082
Europe & Russia,Metal ores,civil_infrastructure,1901,5.1458584143920465
Europe & Russia,Metal ores,civil_infrastructure,1902,5.657988750604794
Europe & Russia,Metal ores,civil_infrastructure,1903,6.165199663844956
Europe & Russia,Metal ores,civil_infrastructure,1904,6.254127563774877
Europe & Russia,Metal ores,civil_infrastructure,1905,6.7718268286750325
Europe & Russia,Metal ores,civil_infrastructure,1906,7.3056168814425035
Europe & Russia,Metal ores,civil_infrastructure,1907,7.646630929790179
Europe & Russia,Metal ores,civil_infrastructure,1908,7.187385660210702
Europe & Russia,Metal ores,civil_infrastructure,1909,7.709724837155901
Europe & Russia,Metal ores,civil_infrastructure,1910,8.557106992830832
Europe & Russia,Metal ores,civil_infrastructure,1911,9.00936578663982
Europe & Russia,Metal ores,civil_infrastructure,1912,9.87222481410078
Europe & Russia,Metal ores,civil_infrastructure,1913,11.65288789075517
Europe & Russia,Metal ores,civil_infrastructure,1914,8.908781002928942
Europe & Russia,Metal ores,civil_infrastructure,1915,7.923446729106693
Europe & Russia,Metal ores,civil_infrastructure,1916,8.870328516397889
Europe & Russia,Metal ores,civil_infrastructure,1917,8.689282928625582
Europe & Russia,Metal ores,civil_infrastructure,1918,8.123919354894326
Europe & Russia,Metal ores,civil_infrastructure,1919,6.0791754835551455
Europe & Russia,Metal ores,civil_infrastructure,1920,6.492717731546561
Europe & Russia,Metal ores,civil_infrastructure,1921,5.330381641267765
Europe & Russia,Metal ores,civil_infrastructure,1922,7.0433358651975375
Europe & Russia,Metal ores,civil_infrastructure,1923,6.906688813463006
Europe & Russia,Metal ores,civil_infrastructure,1924,8.514226792596574
Europe & Russia,Metal ores,civil_infrastructure,1925,9.155595319331846
Europe & Russia,Metal ores,civil_infrastructure,1926,8.809179914549244
Europe & Russia,Metal ores,civil_infrastructure,1927,11.552569377522776
Europe & Russia,Metal ores,civil_infrastructure,1928,11.620098015169113
Europe & Russia,Metal ores,civil_infrastructure,1929,12.673072547155822
Europe & Russia,Metal ores,civil_infrastructure,1930,10.562347548314754
Europe & Russia,Metal ores,civil_infrastructure,1931,8.420801766353316
Europe & Russia,Metal ores,civil_infrastructure,1932,6.972549804468775
Europe & Russia,Metal ores,civil_infrastructure,1933,8.2486386303406
Europe & Russia,Metal ores,civil_infrastructure,1934,10.274499629680458
Europe & Russia,Metal ores,civil_infrastructure,1935,11.95530257120923
Europe & Russia,Metal ores,civil_infrastructure,1936,13.835402663135524
Europe & Russia,Metal ores,civil_infrastructure,1937,15.30011260885094
Europe & Russia,Metal ores,civil_infrastructure,1938,14.462616921560494
Europe & Russia,Metal ores,civil_infrastructure,1939,15.684812828059
Europe & Russia,Metal ores,civil_infrastructure,1940,13.459254953025988
Europe & Russia,Metal ores,civil_infrastructure,1941,13.106485673103027
Europe & Russia,Metal ores,civil_infrastructure,1942,12.435431605984093
Europe & Russia,Metal ores,civil_infrastructure,1943,13.567996227818092
Europe & Russia,Metal ores,civil_infrastructure,1944,12.139037538383157
Europe & Russia,Metal ores,civil_infrastructure,1945,11.007112460401393
Europe & Russia,Metal ores,civil_infrastructure,1946,8.751429426914852
Europe & Russia,Metal ores,civil_infrastructure,1947,9.761770417462635
Europe & Russia,Metal ores,civil_infrastructure,1948,12.593834834177306
Europe & Russia,Metal ores,civil_infrastructure,1949,14.808792490819522
Europe & Russia,Metal ores,civil_infrastructure,1950,16.405098665741512
Europe & Russia,Metal ores,civil_infrastructure,1951,18.36035974654103
Europe & Russia,Metal ores,civil_infrastructure,1952,20.100382435324477
Europe & Russia,Metal ores,civil_infrastructure,1953,20.635792187354518
Europe & Russia,Metal ores,civil_infrastructure,1954,22.039516273586347
Europe & Russia,Metal ores,civil_infrastructure,1955,24.821332811714544
Europe & Russia,Metal ores,civil_infrastructure,1956,26.42951144867745
Europe & Russia,Metal ores,civil_infrastructure,1957,27.64701033429452
Europe & Russia,Metal ores,civil_infrastructure,1958,27.806241918787702
Europe & Russia,Metal ores,civil_infrastructure,1959,29.98723642302767
Europe & Russia,Metal ores,civil_infrastructure,1960,34.097505938857765
Europe & Russia,Metal ores,civil_infrastructure,1961,34.75062635676675
Europe & Russia,Metal ores,civil_infrastructure,1962,35.007080684564286
Europe & Russia,Metal ores,civil_infrastructure,1963,36.85473229430384
Europe & Russia,Metal ores,civil_infrastructure,1964,40.77832240918109
Europe & Russia,Metal ores,civil_infrastructure,1965,42.23824100131041
Europe & Russia,Metal ores,civil_infrastructure,1966,42.911925511227786
Europe & Russia,Metal ores,civil_infrastructure,1967,47.753079751359415
Europe & Russia,Metal ores,civil_infrastructure,1968,49.41706171712922
Europe & Russia,Metal ores,civil_infrastructure,1969,52.79283061352917
Europe & Russia,Metal ores,civil_infrastructure,1970,55.17686283420367
Europe & Russia,Metal ores,civil_infrastructure,1971,53.00889022665156
Europe & Russia,Metal ores,civil_infrastructure,1972,57.09840317962909
Europe & Russia,Metal ores,civil_infrastructure,1973,61.013523542906654
Europe & Russia,Metal ores,civil_infrastructure,1974,62.752742018614235
Europe & Russia,Metal ores,civil_infrastructure,1975,57.91240462138265
Europe & Russia,Metal ores,civil_infrastructure,1976,61.74167711284699
Europe & Russia,Metal ores,civil_infrastructure,1977,59.165419176848076
Europe & Russia,Metal ores,civil_infrastructure,1978,59.89421475341315
Europe & Russia,Metal ores,civil_infrastructure,1979,62.86132013500779
Europe & Russia,Metal ores,civil_infrastructure,1980,61.772757898300455
Europe & Russia,Metal ores,civil_infrastructure,1981,57.45556176246542
Europe & Russia,Metal ores,civil_infrastructure,1982,55.70873393077678
Europe & Russia,Metal ores,civil_infrastructure,1983,55.478079435604045
Europe & Russia,Metal ores,civil_infrastructure,1984,57.68407848473475
Europe & Russia,Metal ores,civil_infrastructure,1985,57.50737599544739
Europe & Russia,Metal ores,civil_infrastructure,1986,59.105785648623836
Europe & Russia,Metal ores,civil_infrastructure,1987,59.408661898217396
Europe & Russia,Metal ores,civil_infrastructure,1988,62.7730742686786
Europe & Russia,Metal ores,civil_infrastructure,1989,62.70066991093971
Europe & Russia,Metal ores,civil_infrastructure,1990,59.809031406623326
Europe & Russia,Metal ores,civil_infrastructure,1991,54.26794181867271
Europe & Russia,Metal ores,civil_infrastructure,1992,48.8178702899224
Europe & Russia,Metal ores,civil_infrastructure,1993,41.94093461257551
Europe & Russia,Metal ores,civil_infrastructure,1994,42.02785781917446
Europe & Russia,Metal ores,civil_infrastructure,1995,65.66515479338594
Europe & Russia,Metal ores,civil_infrastructure,1996,61.285101351354896
Europe & Russia,Metal ores,civil_infrastructure,1997,65.34628424026575
Europe & Russia,Metal ores,civil_infrastructure,1998,66.24142476372052
Europe & Russia,Metal ores,civil_infrastructure,1999,68.0634868073339
Europe & Russia,Metal ores,civil_infrastructure,2000,70.85278608944674
Europe & Russia,Metal ores,civil_infrastructure,2001,70.04496754690891
Europe & Russia,Metal ores,civil_infrastructure,2002,68.10394139364958
Europe & Russia,Metal ores,civil_infrastructure,2003,70.91453257692082
Europe & Russia,Metal ores,civil_infrastructure,2004,76.10324047758567
Europe & Russia,Metal ores,civil_infrastructure,2005,75.18180705054696
Europe & Russia,Metal ores,civil_infrastructure,2006,85.43490659267596
Europe & Russia,Metal ores,civil_infrastructure,2007,92.48904407563154
Europe & Russia,Metal ores,civil_infrastructure,2008,84.91734305732945
Europe & Russia,Metal ores,civil_infrastructure,2009,58.59359524317824
Europe & Russia,Metal ores,civil_infrastructure,2010,69.31681493580545
Europe & Russia,Metal ores,civil_infrastructure,2011,73.06522648462835
Europe & Russia,Metal ores,civil_infrastructure,2012,64.5720577580606
Europe & Russia,Metal ores,civil_infrastructure,2013,62.856831735452765
Europe & Russia,Metal ores,civil_infrastructure,2014,66.57746779324575
Europe & Russia,Metal ores,civil_infrastructure,2015,67.82407823859305
Europe & Russia,Metal ores,civil_infrastructure,2016,74.025319873123
Europe & Russia,Metal ores,machinery,1900,11.134580365852312
Europe & Russia,Metal ores,machinery,1901,10.355371578661364
Europe & Russia,Metal ores,machinery,1902,11.207651097472173
Europe & Russia,Metal ores,machinery,1903,12.152746619322365
Europe & Russia,Metal ores,machinery,1904,12.451073367241362
Europe & Russia,Metal ores,machinery,1905,13.224900693905006
Europe & Russia,Metal ores,machinery,1906,14.253340548753018
Europe & Russia,Metal ores,machinery,1907,14.928963581240367
Europe & Russia,Metal ores,machinery,1908,14.104227607675647
Europe & Russia,Metal ores,machinery,1909,15.075583355587641
Europe & Russia,Metal ores,machinery,1910,16.687707739849593
Europe & Russia,Metal ores,machinery,1911,17.634468916989466
Europe & Russia,Metal ores,machinery,1912,19.338880971213918
Europe & Russia,Metal ores,machinery,1913,22.18083722509359
Europe & Russia,Metal ores,machinery,1914,17.371820237399884
Europe & Russia,Metal ores,machinery,1915,15.376022541495844
Europe & Russia,Metal ores,machinery,1916,16.50853401646485
Europe & Russia,Metal ores,machinery,1917,15.699552174003339
Europe & Russia,Metal ores,machinery,1918,14.46481109670737
Europe & Russia,Metal ores,machinery,1919,10.656696066898093
Europe & Russia,Metal ores,machinery,1920,11.547168954993998
Europe & Russia,Metal ores,machinery,1921,9.600382918656084
Europe & Russia,Metal ores,machinery,1922,12.631204296488947
Europe & Russia,Metal ores,machinery,1923,12.17372818900138
Europe & Russia,Metal ores,machinery,1924,15.235097791106469
Europe & Russia,Metal ores,machinery,1925,16.73733866990844
Europe & Russia,Metal ores,machinery,1926,16.45634529236896
Europe & Russia,Metal ores,machinery,1927,21.320786091711156
Europe & Russia,Metal ores,machinery,1928,21.540822019923862
Europe & Russia,Metal ores,machinery,1929,23.43744080207475
Europe & Russia,Metal ores,machinery,1930,20.049077730598608
Europe & Russia,Metal ores,machinery,1931,16.324309791250588
Europe & Russia,Metal ores,machinery,1932,14.005856576357756
Europe & Russia,Metal ores,machinery,1933,16.496696377056534
Europe & Russia,Metal ores,machinery,1934,20.812182348603773
Europe & Russia,Metal ores,machinery,1935,24.508642629703093
Europe & Russia,Metal ores,machinery,1936,28.69751527932874
Europe & Russia,Metal ores,machinery,1937,31.5407185243793
Europe & Russia,Metal ores,machinery,1938,30.358705557327173
Europe & Russia,Metal ores,machinery,1939,32.60466838897438
Europe & Russia,Metal ores,machinery,1940,28.343067154732168
Europe & Russia,Metal ores,machinery,1941,26.27780597363389
Europe & Russia,Metal ores,machinery,1942,23.601686923723772
Europe & Russia,Metal ores,machinery,1943,26.16868110445328
Europe & Russia,Metal ores,machinery,1944,24.18763974041448
Europe & Russia,Metal ores,machinery,1945,22.79167295426834
Europe & Russia,Metal ores,machinery,1946,18.800310730672745
Europe & Russia,Metal ores,machinery,1947,20.681099534777765
Europe & Russia,Metal ores,machinery,1948,26.479956649462967
Europe & Russia,Metal ores,machinery,1949,31.658981352138717
Europe & Russia,Metal ores,machinery,1950,35.38050277381911
Europe & Russia,Metal ores,machinery,1951,39.60613360646622
Europe & Russia,Metal ores,machinery,1952,43.44611056504255
Europe & Russia,Metal ores,machinery,1953,45.181435800681946
Europe & Russia,Metal ores,machinery,1954,48.588666995870604
Europe & Russia,Metal ores,machinery,1955,54.45233709901021
Europe & Russia,Metal ores,machinery,1956,58.082916958838304
Europe & Russia,Metal ores,machinery,1957,60.92126966438728
Europe & Russia,Metal ores,machinery,1958,61.897865645874525
Europe & Russia,Metal ores,machinery,1959,66.71777017992147
Europe & Russia,Metal ores,machinery,1960,74.88235147791367
Europe & Russia,Metal ores,machinery,1961,77.11581401145943
Europe & Russia,Metal ores,machinery,1962,78.74085359831085
Europe & Russia,Metal ores,machinery,1963,81.82587796118429
Europe & Russia,Metal ores,machinery,1964,89.88962005644296
Europe & Russia,Metal ores,machinery,1965,93.54600468119484
Europe & Russia,Metal ores,machinery,1966,96.07648633000935
Europe & Russia,Metal ores,machinery,1967,106.60695889211084
Europe & Russia,Metal ores,machinery,1968,109.07342243772673
Europe & Russia,Metal ores,machinery,1969,114.73500187730201
Europe & Russia,Metal ores,machinery,1970,119.72013716660776
Europe & Russia,Metal ores,machinery,1971,117.62323830708446
Europe & Russia,Metal ores,machinery,1972,125.34570029568606
Europe & Russia,Metal ores,machinery,1973,132.57591747929706
Europe & Russia,Metal ores,machinery,1974,137.16064259514064
Europe & Russia,Metal ores,machinery,1975,130.1504680790991
Europe & Russia,Metal ores,machinery,1976,138.01385032789287
Europe & Russia,Metal ores,machinery,1977,133.13485302451244
Europe & Russia,Metal ores,machinery,1978,135.05933363991232
Europe & Russia,Metal ores,machinery,1979,139.46253642942338
Europe & Russia,Metal ores,machinery,1980,137.2036735406188
Europe & Russia,Metal ores,machinery,1981,131.765247741813
Europe & Russia,Metal ores,machinery,1982,128.35247512048744
Europe & Russia,Metal ores,machinery,1983,129.92948897030527
Europe & Russia,Metal ores,machinery,1984,133.51204233316653
Europe & Russia,Metal ores,machinery,1985,134.18197636592623
Europe & Russia,Metal ores,machinery,1986,138.01631818233463
Europe & Russia,Metal ores,machinery,1987,139.6921100888786
Europe & Russia,Metal ores,machinery,1988,146.57748630795624
Europe & Russia,Metal ores,machinery,1989,145.89998708836265
Europe & Russia,Metal ores,machinery,1990,139.7313963796299
Europe & Russia,Metal ores,machinery,1991,124.7038930793892
Europe & Russia,Metal ores,machinery,1992,113.24897488659346
Europe & Russia,Metal ores,machinery,1993,95.6797972477809
Europe & Russia,Metal ores,machinery,1994,87.43392429650646
Europe & Russia,Metal ores,machinery,1995,89.11525419831273
Europe & Russia,Metal ores,machinery,1996,82.25522656242433
Europe & Russia,Metal ores,machinery,1997,85.38661610994714
Europe & Russia,Metal ores,machinery,1998,84.76983577123153
Europe & Russia,Metal ores,machinery,1999,85.33238462031376
Europe & Russia,Metal ores,machinery,2000,90.84815032797131
Europe & Russia,Metal ores,machinery,2001,87.9682779801258
Europe & Russia,Metal ores,machinery,2002,84.62105770142438
Europe & Russia,Metal ores,machinery,2003,89.27390210514255
Europe & Russia,Metal ores,machinery,2004,96.71757194685357
Europe & Russia,Metal ores,machinery,2005,98.52762475502969
Europe & Russia,Metal ores,machinery,2006,110.4695902326352
Europe & Russia,Metal ores,machinery,2007,121.40123574156114
Europe & Russia,Metal ores,machinery,2008,111.12092333438487
Europe & Russia,Metal ores,machinery,2009,78.97054737509437
Europe & Russia,Metal ores,machinery,2010,96.9120891749211
Europe & Russia,Metal ores,machinery,2011,104.31010720915575
Europe & Russia,Metal ores,machinery,2012,96.47067502897022
Europe & Russia,Metal ores,machinery,2013,95.95551598384947
Europe & Russia,Metal ores,machinery,2014,99.9102181397963
Europe & Russia,Metal ores,machinery,2015,99.5674363473168
Europe & Russia,Metal ores,machinery,2016,105.77008081774285
Europe & Russia,Metal ores,short_lived,1900,2.5896389009058143
Europe & Russia,Metal ores,short_lived,1901,2.3988055393694023
Europe & Russia,Metal ores,short_lived,1902,2.602036496404272
Europe & Russia,Metal ores,short_lived,1903,2.8155661041174853
Europe & Russia,Metal ores,short_lived,1904,2.8759970469004923
Europe & Russia,Metal ores,short_lived,1905,3.062138606326129
Europe & Russia,Metal ores,short_lived,1906,3.300169229013332
Europe & Russia,Metal ores,short_lived,1907,3.4496584367563137
Europe & Russia,Metal ores,short_lived,1908,3.2553948124497754
Europe & Russia,Metal ores,short_lived,1909,3.4867687345853295
Europe & Russia,Metal ores,short_lived,1910,3.8559887322649673
Europe & Russia,Metal ores,short_lived,1911,4.068341972536478
Europe & Russia,Metal ores,short_lived,1912,4.453884076370301
Europe & Russia,Metal ores,short_lived,1913,5.183268284987373
Europe & Russia,Metal ores,short_lived,1914,4.062811752700152
Europe & Russia,Metal ores,short_lived,1915,3.6714089489621653
Europe & Russia,Metal ores,short_lived,1916,3.9426273503047486
Europe & Russia,Metal ores,short_lived,1917,3.749909279753655
Europe & Russia,Metal ores,short_lived,1918,3.4620963520264274
Europe & Russia,Metal ores,short_lived,1919,2.58910402151973
Europe & Russia,Metal ores,short_lived,1920,2.7565894396967194
Europe & Russia,Metal ores,short_lived,1921,2.239117293417177
Europe & Russia,Metal ores,short_lived,1922,2.947909030240824
Europe & Russia,Metal ores,short_lived,1923,2.9059336060120318
Europe & Russia,Metal ores,short_lived,1924,3.5707840971728175
Europe & Russia,Metal ores,short_lived,1925,3.8920354194496047
Europe & Russia,Metal ores,short_lived,1926,3.7732744605187034
Europe & Russia,Metal ores,short_lived,1927,4.983601114860037
Europe & Russia,Metal ores,short_lived,1928,5.02228415483827
Europe & Russia,Metal ores,short_lived,1929,5.4948297263125
Europe & Russia,Metal ores,short_lived,1930,4.694522975274547
Europe & Russia,Metal ores,short_lived,1931,3.827090500768656
Europe & Russia,Metal ores,short_lived,1932,3.309405369524349
Europe & Russia,Metal ores,short_lived,1933,3.912185324448555
Europe & Russia,Metal ores,short_lived,1934,4.959201918163671
Europe & Russia,Metal ores,short_lived,1935,5.84540095442364
Europe & Russia,Metal ores,short_lived,1936,6.8656680120891584
Europe & Russia,Metal ores,short_lived,1937,7.547751768055666
Europe & Russia,Metal ores,short_lived,1938,7.232043236604827
Europe & Russia,Metal ores,short_lived,1939,7.784107411875903
Europe & Russia,Metal ores,short_lived,1940,6.89177225702223
Europe & Russia,Metal ores,short_lived,1941,6.426712357035055
Europe & Russia,Metal ores,short_lived,1942,5.822669462230023
Europe & Russia,Metal ores,short_lived,1943,6.448127736555468
Europe & Russia,Metal ores,short_lived,1944,6.000713022202548
Europe & Russia,Metal ores,short_lived,1945,5.630268893333996
Europe & Russia,Metal ores,short_lived,1946,4.755747128364181
Europe & Russia,Metal ores,short_lived,1947,5.200761870450817
Europe & Russia,Metal ores,short_lived,1948,6.595851481908806
Europe & Russia,Metal ores,short_lived,1949,7.798003582383339
Europe & Russia,Metal ores,short_lived,1950,8.714462544993925
Europe & Russia,Metal ores,short_lived,1951,9.736026391757248
Europe & Russia,Metal ores,short_lived,1952,10.654353090898733
Europe & Russia,Metal ores,short_lived,1953,11.125043005980766
Europe & Russia,Metal ores,short_lived,1954,11.996492968404844
Europe & Russia,Metal ores,short_lived,1955,13.397942888395573
Europe & Russia,Metal ores,short_lived,1956,14.291553736444701
Europe & Russia,Metal ores,short_lived,1957,14.977924069430912
Europe & Russia,Metal ores,short_lived,1958,15.268064567413477
Europe & Russia,Metal ores,short_lived,1959,16.456529310212918
Europe & Russia,Metal ores,short_lived,1960,18.441445376366136
Europe & Russia,Metal ores,short_lived,1961,19.021541701067388
Europe & Russia,Metal ores,short_lived,1962,19.46758453827767
Europe & Russia,Metal ores,short_lived,1963,20.368244976640632
Europe & Russia,Metal ores,short_lived,1964,22.28872552969719
Europe & Russia,Metal ores,short_lived,1965,23.237803790152245
Europe & Russia,Metal ores,short_lived,1966,23.882381603213823
Europe & Russia,Metal ores,short_lived,1967,26.882225482584765
Europe & Russia,Metal ores,short_lived,1968,27.50041073454015
Europe & Russia,Metal ores,short_lived,1969,28.87548535101697
Europe & Russia,Metal ores,short_lived,1970,30.037531521103134
Europe & Russia,Metal ores,short_lived,1971,29.555861125621412
Europe & Russia,Metal ores,short_lived,1972,31.552103491788564
Europe & Russia,Metal ores,short_lived,1973,33.50193956547464
Europe & Russia,Metal ores,short_lived,1974,34.74763916207029
Europe & Russia,Metal ores,short_lived,1975,33.19238608917232
Europe & Russia,Metal ores,short_lived,1976,35.33888066021045
Europe & Russia,Metal ores,short_lived,1977,34.41326285721922
Europe & Russia,Metal ores,short_lived,1978,34.89822925852004
Europe & Russia,Metal ores,short_lived,1979,36.04840442965328
Europe & Russia,Metal ores,short_lived,1980,35.51469284208509
Europe & Russia,Metal ores,short_lived,1981,33.977516504557215
Europe & Russia,Metal ores,short_lived,1982,33.402720856584466
Europe & Russia,Metal ores,short_lived,1983,33.7815133729257
Europe & Russia,Metal ores,short_lived,1984,34.51277092054706
Europe & Russia,Metal ores,short_lived,1985,34.86901585632713
Europe & Russia,Metal ores,short_lived,1986,35.99329765724997
Europe & Russia,Metal ores,short_lived,1987,36.127536183015415
Europe & Russia,Metal ores,short_lived,1988,37.77130729330177
Europe & Russia,Metal ores,short_lived,1989,37.72785214537014
Europe & Russia,Metal ores,short_lived,1990,36.30855183394
Europe & Russia,Metal ores,short_lived,1991,32.337534457054886
Europe & Russia,Metal ores,short_lived,1992,28.934568518354865
Europe & Russia,Metal ores,short_lived,1993,24.63500854990635
Europe & Russia,Metal ores,short_lived,1994,22.47025474912556
Europe & Russia,Metal ores,short_lived,1995,23.450573628151822
Europe & Russia,Metal ores,short_lived,1996,22.22051398793273
Europe & Russia,Metal ores,short_lived,1997,23.27686582875125
Europe & Russia,Metal ores,short_lived,1998,23.517280367292813
Europe & Russia,Metal ores,short_lived,1999,24.157960340102246
Europe & Russia,Metal ores,short_lived,2000,25.721454389107997
Europe & Russia,Metal ores,short_lived,2001,25.76481655148422
Europe & Russia,Metal ores,short_lived,2002,25.23617881191669
Europe & Russia,Metal ores,short_lived,2003,26.225645439563493
Europe & Russia,Metal ores,short_lived,2004,28.165402215976858
Europe & Russia,Metal ores,short_lived,2005,28.556874588286526
Europe & Russia,Metal ores,short_lived,2006,31.77914993644557
Europe & Russia,Metal ores,short_lived,2007,34.57375213006454
Europe & Russia,Metal ores,short_lived,2008,31.705286828764198
Europe & Russia,Metal ores,short_lived,2009,22.179244284288224
Europe & Russia,Metal ores,short_lived,2010,26.770536602624475
Europe & Russia,Metal ores,short_lived,2011,28.847241413447197
Europe & Russia,Metal ores,short_lived,2012,26.302033548935963
Europe & Russia,Metal ores,short_lived,2013,25.856939334598515
Europe & Russia,Metal ores,short_lived,2014,27.200807962710066
Europe & Russia,Metal ores,short_lived,2015,27.07617365936214
Europe & Russia,Metal ores,short_lived,2016,28.758081097750598
Europe & Russia,Non-metallic minerals,buildings,1900,226.4524112057687
Europe & Russia,Non-metallic minerals,buildings,1901,228.8668330365588
Europe & Russia,Non-metallic minerals,buildings,1902,233.9797002805756
Europe & Russia,Non-metallic minerals,buildings,1903,237.88614827398695
Europe & Russia,Non-metallic minerals,buildings,1904,240.61941082059977
Europe & Russia,Non-metallic minerals,buildings,1905,242.9503726078034
Europe & Russia,Non-metallic minerals,buildings,1906,247.4985234073307
Europe & Russia,Non-metallic minerals,buildings,1907,251.13753766929796
Europe & Russia,Non-metallic minerals,buildings,1908,252.930015392915
Europe & Russia,Non-metallic minerals,buildings,1909,256.9623527098289
Europe & Russia,Non-metallic minerals,buildings,1910,259.99715146515626
Europe & Russia,Non-metallic minerals,buildings,1911,261.9593075017028
Europe & Russia,Non-metallic minerals,buildings,1912,264.74607053317
Europe & Russia,Non-metallic minerals,buildings,1913,270.1005683352096
Europe & Russia,Non-metallic minerals,buildings,1914,265.26581869127307
Europe & Russia,Non-metallic minerals,buildings,1915,259.2031838068581
Europe & Russia,Non-metallic minerals,buildings,1916,253.1710183222777
Europe & Russia,Non-metallic minerals,buildings,1917,248.49733539373298
Europe & Russia,Non-metallic minerals,buildings,1918,243.6364260486182
Europe & Russia,Non-metallic minerals,buildings,1919,237.781211275237
Europe & Russia,Non-metallic minerals,buildings,1920,233.2895930209399
Europe & Russia,Non-metallic minerals,buildings,1921,249.23729376347072
Europe & Russia,Non-metallic minerals,buildings,1922,261.0557779984683
Europe & Russia,Non-metallic minerals,buildings,1923,262.5746462267687
Europe & Russia,Non-metallic minerals,buildings,1924,281.456612846981
Europe & Russia,Non-metallic minerals,buildings,1925,303.4105020424507
Europe & Russia,Non-metallic minerals,buildings,1926,317.06124017052434
Europe & Russia,Non-metallic minerals,buildings,1927,333.5349753979726
Europe & Russia,Non-metallic minerals,buildings,1928,341.6980320282169
Europe & Russia,Non-metallic minerals,buildings,1929,357.8157478052746
Europe & Russia,Non-metallic minerals,buildings,1930,355.36001822558524
Europe & Russia,Non-metallic minerals,buildings,1931,347.15368747076235
Europe & Russia,Non-metallic minerals,buildings,1932,337.99428520395816
Europe & Russia,Non-metallic minerals,buildings,1933,347.4510541799519
Europe & Russia,Non-metallic minerals,buildings,1934,374.60450611402587
Europe & Russia,Non-metallic minerals,buildings,1935,388.892289287822
Europe & Russia,Non-metallic minerals,buildings,1936,405.0067009733442
Europe & Russia,Non-metallic minerals,buildings,1937,423.9256953254028
Europe & Russia,Non-metallic minerals,buildings,1938,446.36453443314525
Europe & Russia,Non-metallic minerals,buildings,1939,438.7124996675025
Europe & Russia,Non-metallic minerals,buildings,1940,430.11749260314076
Europe & Russia,Non-metallic minerals,buildings,1941,417.61839134327477
Europe & Russia,Non-metallic minerals,buildings,1942,405.1908711454781
Europe & Russia,Non-metallic minerals,buildings,1943,392.40750659258276
Europe & Russia,Non-metallic minerals,buildings,1944,379.7103012738361
Europe & Russia,Non-metallic minerals,buildings,1945,365.91799132830863
Europe & Russia,Non-metallic minerals,buildings,1946,362.57977996719137
Europe & Russia,Non-metallic minerals,buildings,1947,358.8915237607653
Europe & Russia,Non-metallic minerals,buildings,1948,399.2915812059077
Europe & Russia,Non-metallic minerals,buildings,1949,436.6688299858037
Europe & Russia,Non-metallic minerals,buildings,1950,471.1811588060067
Europe & Russia,Non-metallic minerals,buildings,1951,507.43608166813294
Europe & Russia,Non-metallic minerals,buildings,1952,528.7804289230194
Europe & Russia,Non-metallic minerals,buildings,1953,574.4967973030805
Europe & Russia,Non-metallic minerals,buildings,1954,613.8145836050353
Europe & Russia,Non-metallic minerals,buildings,1955,657.953699111528
Europe & Russia,Non-metallic minerals,buildings,1956,690.0724679665785
Europe & Russia,Non-metallic minerals,buildings,1957,720.0085032440327
Europe & Russia,Non-metallic minerals,buildings,1958,749.6487117921448
Europe & Russia,Non-metallic minerals,buildings,1959,825.3027625321538
Europe & Russia,Non-metallic minerals,buildings,1960,891.0517472547803
Europe & Russia,Non-metallic minerals,buildings,1961,956.1169439735515
Europe & Russia,Non-metallic minerals,buildings,1962,1005.8466901777789
Europe & Russia,Non-metallic minerals,buildings,1963,1039.4434209028925
Europe & Russia,Non-metallic minerals,buildings,1964,1142.301709760066
Europe & Russia,Non-metallic minerals,buildings,1965,1195.2501520951807
Europe & Russia,Non-metallic minerals,buildings,1966,1249.7249493185118
Europe & Russia,Non-metallic minerals,buildings,1967,1300.9284223527377
Europe & Russia,Non-metallic minerals,buildings,1968,1361.4002571277301
Europe & Russia,Non-metallic minerals,buildings,1969,1410.4617222882298
Europe & Russia,Non-metallic minerals,buildings,1970,1484.2701113800886
Europe & Russia,Non-metallic minerals,buildings,1971,1547.5167371280575
Europe & Russia,Non-metallic minerals,buildings,1972,1629.240051461951
Europe & Russia,Non-metallic minerals,buildings,1973,1692.408688184327
Europe & Russia,Non-metallic minerals,buildings,1974,1675.1214476165894
Europe & Russia,Non-metallic minerals,buildings,1975,1642.3886416584296
Europe & Russia,Non-metallic minerals,buildings,1976,1675.6436070450432
Europe & Russia,Non-metallic minerals,buildings,1977,1698.0944652694848
Europe & Russia,Non-metallic minerals,buildings,1978,1730.043728308014
Europe & Russia,Non-metallic minerals,buildings,1979,1722.3212342545812
Europe & Russia,Non-metallic minerals,buildings,1980,1721.8938840556407
Europe & Russia,Non-metallic minerals,buildings,1981,1658.0448816634134
Europe & Russia,Non-metallic minerals,buildings,1982,1622.8790812022733
Europe & Russia,Non-metallic minerals,buildings,1983,1607.3582107709478
Europe & Russia,Non-metallic minerals,buildings,1984,1581.2409378510656
Europe & Russia,Non-metallic minerals,buildings,1985,1539.5595492779566
Europe & Russia,Non-metallic minerals,buildings,1986,1605.3680518217852
Europe & Russia,Non-metallic minerals,buildings,1987,1651.2864921195774
Europe & Russia,Non-metallic minerals,buildings,1988,1756.457965552883
Europe & Russia,Non-metallic minerals,buildings,1989,1784.9565720635842
Europe & Russia,Non-metallic minerals,buildings,1990,1742.6737127925032
Europe & Russia,Non-metallic minerals,buildings,1991,1649.3285597523127
Europe & Russia,Non-metallic minerals,buildings,1992,1562.9823597011937
Europe & Russia,Non-metallic minerals,buildings,1993,1439.082783760575
Europe & Russia,Non-metallic minerals,buildings,1994,1390.6887688889383
Europe & Russia,Non-metallic minerals,buildings,1995,1371.9133745620188
Europe & Russia,Non-metallic minerals,buildings,1996,1304.098614999717
Europe & Russia,Non-metallic minerals,buildings,1997,1338.8993720234018
Europe & Russia,Non-metallic minerals,buildings,1998,1400.5734908764186
Europe & Russia,Non-metallic minerals,buildings,1999,1451.6244875205234
Europe & Russia,Non-metallic minerals,buildings,2000,1499.6331127422318
Europe & Russia,Non-metallic minerals,buildings,2001,1463.786858335517
Europe & Russia,Non-metallic minerals,buildings,2002,1508.05961554726
Europe & Russia,Non-metallic minerals,buildings,2003,1553.608933312602
Europe & Russia,Non-metallic minerals,buildings,2004,1620.4142789979387
Europe & Russia,Non-metallic minerals,buildings,2005,1642.5232228856944
Europe & Russia,Non-metallic minerals,buildings,2006,1825.4268231501485
Europe & Russia,Non-metallic minerals,buildings,2007,1954.8335551873474
Europe & Russia,Non-metallic minerals,buildings,2008,1805.8239552579566
Europe & Russia,Non-metallic minerals,buildings,2009,1391.806975518617
Europe & Russia,Non-metallic minerals,buildings,2010,1337.2368248695848
Europe & Russia,Non-metallic minerals,buildings,2011,1418.3362111766921
Europe & Russia,Non-metallic minerals,buildings,2012,1297.8101308397718
Europe & Russia,Non-metallic minerals,buildings,2013,1294.6684471383164
Europe & Russia,Non-metallic minerals,buildings,2014,1301.4168951929794
Europe & Russia,Non-metallic minerals,buildings,2015,1281.088939782167
Europe & Russia,Non-metallic minerals,buildings,2016,1253.7658562080487
Europe & Russia,Non-metallic minerals,civil_infrastructure,1900,122.03369618085576
Europe & Russia,Non-metallic minerals,civil_infrastructure,1901,127.20421361478878
Europe & Russia,Non-metallic minerals,civil_infrastructure,1902,127.379304821397
Europe & Russia,Non-metallic minerals,civil_infrastructure,1903,126.93520958958963
Europe & Russia,Non-metallic minerals,civil_infrastructure,1904,130.2278773460005
Europe & Russia,Non-metallic minerals,civil_infrastructure,1905,121.66000668539905
Europe & Russia,Non-metallic minerals,civil_infrastructure,1906,126.64346675135786
Europe & Russia,Non-metallic minerals,civil_infrastructure,1907,130.27817813068623
Europe & Russia,Non-metallic minerals,civil_infrastructure,1908,132.51614522121923
Europe & Russia,Non-metallic minerals,civil_infrastructure,1909,136.77889571570142
Europe & Russia,Non-metallic minerals,civil_infrastructure,1910,141.49673131086877
Europe & Russia,Non-metallic minerals,civil_infrastructure,1911,142.10222766213695
Europe & Russia,Non-metallic minerals,civil_infrastructure,1912,145.2005700888832
Europe & Russia,Non-metallic minerals,civil_infrastructure,1913,147.2218121892851
Europe & Russia,Non-metallic minerals,civil_infrastructure,1914,141.48680221928555
Europe & Russia,Non-metallic minerals,civil_infrastructure,1915,138.42193766654347
Europe & Russia,Non-metallic minerals,civil_infrastructure,1916,137.69470713760873
Europe & Russia,Non-metallic minerals,civil_infrastructure,1917,128.54760968301863
Europe & Russia,Non-metallic minerals,civil_infrastructure,1918,105.36831856063561
Europe & Russia,Non-metallic minerals,civil_infrastructure,1919,103.44941410870149
Europe & Russia,Non-metallic minerals,civil_infrastructure,1920,98.6446638476755
Europe & Russia,Non-metallic minerals,civil_infrastructure,1921,105.07311194586705
Europe & Russia,Non-metallic minerals,civil_infrastructure,1922,119.80677797252544
Europe & Russia,Non-metallic minerals,civil_infrastructure,1923,126.08807879914778
Europe & Russia,Non-metallic minerals,civil_infrastructure,1924,138.70060236921896
Europe & Russia,Non-metallic minerals,civil_infrastructure,1925,153.74964922633083
Europe & Russia,Non-metallic minerals,civil_infrastructure,1926,164.40088192194935
Europe & Russia,Non-metallic minerals,civil_infrastructure,1927,180.4653183645562
Europe & Russia,Non-metallic minerals,civil_infrastructure,1928,194.4151392612436
Europe & Russia,Non-metallic minerals,civil_infrastructure,1929,216.6939519954165
Europe & Russia,Non-metallic minerals,civil_infrastructure,1930,229.91619867624084
Europe & Russia,Non-metallic minerals,civil_infrastructure,1931,234.65143454026227
Europe & Russia,Non-metallic minerals,civil_infrastructure,1932,223.9814187025582
Europe & Russia,Non-metallic minerals,civil_infrastructure,1933,225.14494125670274
Europe & Russia,Non-metallic minerals,civil_infrastructure,1934,251.17276946785336
Europe & Russia,Non-metallic minerals,civil_infrastructure,1935,269.52741584769245
Europe & Russia,Non-metallic minerals,civil_infrastructure,1936,286.78441834577495
Europe & Russia,Non-metallic minerals,civil_infrastructure,1937,306.8029295496324
Europe & Russia,Non-metallic minerals,civil_infrastructure,1938,326.1266909104849
Europe & Russia,Non-metallic minerals,civil_infrastructure,1939,326.92641776826866
Europe & Russia,Non-metallic minerals,civil_infrastructure,1940,330.7008999558933
Europe & Russia,Non-metallic minerals,civil_infrastructure,1941,342.6713947739492
Europe & Russia,Non-metallic minerals,civil_infrastructure,1942,387.97262300305704
Europe & Russia,Non-metallic minerals,civil_infrastructure,1943,406.6930504387894
Europe & Russia,Non-metallic minerals,civil_infrastructure,1944,413.4990629818066
Europe & Russia,Non-metallic minerals,civil_infrastructure,1945,317.87748468555634
Europe & Russia,Non-metallic minerals,civil_infrastructure,1946,305.8713820524869
Europe & Russia,Non-metallic minerals,civil_infrastructure,1947,307.5620700821441
Europe & Russia,Non-metallic minerals,civil_infrastructure,1948,357.5303851407297
Europe & Russia,Non-metallic minerals,civil_infrastructure,1949,403.7329241570917
Europe & Russia,Non-metallic minerals,civil_infrastructure,1950,451.4852063545751
Europe & Russia,Non-metallic minerals,civil_infrastructure,1951,512.1194914576434
Europe & Russia,Non-metallic minerals,civil_infrastructure,1952,557.58639580981
Europe & Russia,Non-metallic minerals,civil_infrastructure,1953,615.6250000108088
Europe & Russia,Non-metallic minerals,civil_infrastructure,1954,697.7381706196196
Europe & Russia,Non-metallic minerals,civil_infrastructure,1955,806.6466048970801
Europe & Russia,Non-metallic minerals,civil_infrastructure,1956,912.8024742663852
Europe & Russia,Non-metallic minerals,civil_infrastructure,1957,1019.8362658562962
Europe & Russia,Non-metallic minerals,civil_infrastructure,1958,1121.9346364678188
Europe & Russia,Non-metallic minerals,civil_infrastructure,1959,1280.594221210361
Europe & Russia,Non-metallic minerals,civil_infrastructure,1960,1443.6874858502883
Europe & Russia,Non-metallic minerals,civil_infrastructure,1961,1611.5424790359266
Europe & Russia,Non-metallic minerals,civil_infrastructure,1962,1771.3539580871864
Europe & Russia,Non-metallic minerals,civil_infrastructure,1963,1956.5610973119044
Europe & Russia,Non-metallic minerals,civil_infrastructure,1964,2198.6845120029498
Europe & Russia,Non-metallic minerals,civil_infrastructure,1965,2332.3980086315964
Europe & Russia,Non-metallic minerals,civil_infrastructure,1966,2497.2230228439803
Europe & Russia,Non-metallic minerals,civil_infrastructure,1967,2728.8942627640486
Europe & Russia,Non-metallic minerals,civil_infrastructure,1968,2927.453820972733
Europe & Russia,Non-metallic minerals,civil_infrastructure,1969,3100.212324277338
Europe & Russia,Non-metallic minerals,civil_infrastructure,1970,3364.557655495131
Europe & Russia,Non-metallic minerals,civil_infrastructure,1971,3622.259459250891
Europe & Russia,Non-metallic minerals,civil_infrastructure,1972,3806.7976613015385
Europe & Russia,Non-metallic minerals,civil_infrastructure,1973,4016.048534308124
Europe & Russia,Non-metallic minerals,civil_infrastructure,1974,3911.384624378685
Europe & Russia,Non-metallic minerals,civil_infrastructure,1975,4028.337137228234
Europe & Russia,Non-metallic minerals,civil_infrastructure,1976,3984.671810426377
Europe & Russia,Non-metallic minerals,civil_infrastructure,1977,4085.0177170326774
Europe & Russia,Non-metallic minerals,civil_infrastructure,1978,4404.13006405633
Europe & Russia,Non-metallic minerals,civil_infrastructure,1979,4559.486541823559
Europe & Russia,Non-metallic minerals,civil_infrastructure,1980,4694.410067681902
Europe & Russia,Non-metallic minerals,civil_infrastructure,1981,4242.861681894713
Europe & Russia,Non-metallic minerals,civil_infrastructure,1982,3902.57101675305
Europe & Russia,Non-metallic minerals,civil_infrastructure,1983,3787.7847900797647
Europe & Russia,Non-metallic minerals,civil_infrastructure,1984,3655.7224516681404
Europe & Russia,Non-metallic minerals,civil_infrastructure,1985,3499.1736767716848
Europe & Russia,Non-metallic minerals,civil_infrastructure,1986,3577.5490000354935
Europe & Russia,Non-metallic minerals,civil_infrastructure,1987,3761.509121752131
Europe & Russia,Non-metallic minerals,civil_infrastructure,1988,3989.482322309867
Europe & Russia,Non-metallic minerals,civil_infrastructure,1989,4100.27184569574
Europe & Russia,Non-metallic minerals,civil_infrastructure,1990,4063.964785611322
Europe & Russia,Non-metallic minerals,civil_infrastructure,1991,3928.2416357107645
Europe & Russia,Non-metallic minerals,civil_infrastructure,1992,3281.767123206785
Europe & Russia,Non-metallic minerals,civil_infrastructure,1993,3069.534926845624
Europe & Russia,Non-metallic minerals,civil_infrastructure,1994,3002.917125250834
Europe & Russia,Non-metallic minerals,civil_infrastructure,1995,3009.3936331923146
Europe & Russia,Non-metallic minerals,civil_infrastructure,1996,2861.984111200777
Europe & Russia,Non-metallic minerals,civil_infrastructure,1997,2890.390938490953
Europe & Russia,Non-metallic minerals,civil_infrastructure,1998,3044.53780212533
Europe & Russia,Non-metallic minerals,civil_infrastructure,1999,3096.5443372088157
Europe & Russia,Non-metallic minerals,civil_infrastructure,2000,3105.627950670838
Europe & Russia,Non-metallic minerals,civil_infrastructure,2001,3081.4384394125036
Europe & Russia,Non-metallic minerals,civil_infrastructure,2002,3071.552927189887
Europe & Russia,Non-metallic minerals,civil_infrastructure,2003,3116.951116258691
Europe & Russia,Non-metallic minerals,civil_infrastructure,2004,3193.608214962341
Europe & Russia,Non-metallic minerals,civil_infrastructure,2005,3334.5520063567687
Europe & Russia,Non-metallic minerals,civil_infrastructure,2006,3427.6237186273147
Europe & Russia,Non-metallic minerals,civil_infrastructure,2007,3463.689044262789
Europe & Russia,Non-metallic minerals,civil_infrastructure,2008,3340.87257384497
Europe & Russia,Non-metallic minerals,civil_infrastructure,2009,2983.326560578871
Europe & Russia,Non-metallic minerals,civil_infrastructure,2010,3066.60385886021
Europe & Russia,Non-metallic minerals,civil_infrastructure,2011,3132.4942105950827
Europe & Russia,Non-metallic minerals,civil_infrastructure,2012,3007.30384698006
Europe & Russia,Non-metallic minerals,civil_infrastructure,2013,3006.5523996149545
Europe & Russia,Non-metallic minerals,civil_infrastructure,2014,2902.8822627874156
Europe & Russia,Non-metallic minerals,civil_infrastructure,2015,3014.329161702212
Europe & Russia,Non-metallic minerals,civil_infrastructure,2016,3034.70131799065
Europe & Russia,Non-metallic minerals,machinery,1900,0.04885440132696488
Europe & Russia,Non-metallic minerals,machinery,1901,0.05060652136212181
Europe & Russia,Non-metallic minerals,machinery,1902,0.05235448213332462
Europe & Russia,Non-metallic minerals,machinery,1903,0.054148629625003226
Europe & Russia,Non-metallic minerals,machinery,1904,0.055980061415476706
Europe & Russia,Non-metallic minerals,machinery,1905,0.05779242149507596
Europe & Russia,Non-metallic minerals,machinery,1906,0.05965479478835461
Europe & Russia,Non-metallic minerals,machinery,1907,0.06156972063709472
Europe & Russia,Non-metallic minerals,machinery,1908,0.06356207668377849
Europe & Russia,Non-metallic minerals,machinery,1909,0.06551422221242298
Europe & Russia,Non-metallic minerals,machinery,1910,0.06745427421745462
Europe & Russia,Non-metallic minerals,machinery,1911,0.0694620685692552
Europe & Russia,Non-metallic minerals,machinery,1912,0.07146746765682935
Europe & Russia,Non-metallic minerals,machinery,1913,0.07349095120523039
Europe & Russia,Non-metallic minerals,machinery,1914,0.07494691437282973
Europe & Russia,Non-metallic minerals,machinery,1915,0.07627924464394661
Europe & Russia,Non-metallic minerals,machinery,1916,0.07723069943523908
Europe & Russia,Non-metallic minerals,machinery,1917,0.07831072146098239
Europe & Russia,Non-metallic minerals,machinery,1918,0.07936188636786021
Europe & Russia,Non-metallic minerals,machinery,1919,0.07990790489645974
Europe & Russia,Non-metallic minerals,machinery,1920,0.08099242987598856
Europe & Russia,Non-metallic minerals,machinery,1921,0.08254141085035821
Europe & Russia,Non-metallic minerals,machinery,1922,0.08405666087550336
Europe & Russia,Non-metallic minerals,machinery,1923,0.08597292044654013
Europe & Russia,Non-metallic minerals,machinery,1924,0.0883065173120333
Europe & Russia,Non-metallic minerals,machinery,1925,0.09089258399005702
Europe & Russia,Non-metallic minerals,machinery,1926,0.09366207500014337
Europe & Russia,Non-metallic minerals,machinery,1927,0.09634958653583021
Europe & Russia,Non-metallic minerals,machinery,1928,0.09901329133339223
Europe & Russia,Non-metallic minerals,machinery,1929,0.10158738044977049
Europe & Russia,Non-metallic minerals,machinery,1930,0.10432568001855873
Europe & Russia,Non-metallic minerals,machinery,1931,0.10701187341182683
Europe & Russia,Non-metallic minerals,machinery,1932,0.10939466459123766
Europe & Russia,Non-metallic minerals,machinery,1933,0.11154830158048226
Europe & Russia,Non-metallic minerals,machinery,1934,0.11375816924521513
Europe & Russia,Non-metallic minerals,machinery,1935,0.11606176921730972
Europe & Russia,Non-metallic minerals,machinery,1936,0.11854831132097907
Europe & Russia,Non-metallic minerals,machinery,1937,0.12136944859355743
Europe & Russia,Non-metallic minerals,machinery,1938,0.1247668397401652
Europe & Russia,Non-metallic minerals,machinery,1939,0.12804058431959695
Europe & Russia,Non-metallic minerals,machinery,1940,0.1306645678661345
Europe & Russia,Non-metallic minerals,machinery,1941,0.13123294282825373
Europe & Russia,Non-metallic minerals,machinery,1942,0.13193142855117215
Europe & Russia,Non-metallic minerals,machinery,1943,0.1324829967755553
Europe & Russia,Non-metallic minerals,machinery,1944,0.13306408831923308
Europe & Russia,Non-metallic minerals,machinery,1945,0.13324012617009623
Europe & Russia,Non-metallic minerals,machinery,1946,0.1322005942337146
Europe & Russia,Non-metallic minerals,machinery,1947,0.13563193340040242
Europe & Russia,Non-metallic minerals,machinery,1948,0.13853296961173744
Europe & Russia,Non-metallic minerals,machinery,1949,0.1418032701854637
Europe & Russia,Non-metallic minerals,machinery,1950,0.14510973067535235
Europe & Russia,Non-metallic minerals,machinery,1951,0.1539775697464315
Europe & Russia,Non-metallic minerals,machinery,1952,0.16305003648354172
Europe & Russia,Non-metallic minerals,machinery,1953,0.1721637617186886
Europe & Russia,Non-metallic minerals,machinery,1954,0.18144638918722333
Europe & Russia,Non-metallic minerals,machinery,1955,0.19090416467269467
Europe & Russia,Non-metallic minerals,machinery,1956,0.20064452696299062
Europe & Russia,Non-metallic minerals,machinery,1957,0.21039901484904522
Europe & Russia,Non-metallic minerals,machinery,1958,0.22080290480908363
Europe & Russia,Non-metallic minerals,machinery,1959,0.23100381478983015
Europe & Russia,Non-metallic minerals,machinery,1960,0.24135468264518983
Europe & Russia,Non-metallic minerals,machinery,1961,0.25226028029341213
Europe & Russia,Non-metallic minerals,machinery,1962,0.2632258478271189
Europe & Russia,Non-metallic minerals,machinery,1963,0.2738005418264421
Europe & Russia,Non-metallic minerals,machinery,1964,0.2845691041193272
Europe & Russia,Non-metallic minerals,machinery,1965,0.2945789346688283
Europe & Russia,Non-metallic minerals,machinery,1966,0.30593273406335264
Europe & Russia,Non-metallic minerals,machinery,1967,0.31735037280671524
Europe & Russia,Non-metallic minerals,machinery,1968,0.3269861470040399
Europe & Russia,Non-metallic minerals,machinery,1969,0.34090919174162765
Europe & Russia,Non-metallic minerals,machinery,1970,0.351798967236381
Europe & Russia,Non-metallic minerals,machinery,1971,0.3612345171627083
Europe & Russia,Non-metallic minerals,machinery,1972,0.36493281870380023
Europe & Russia,Non-metallic minerals,machinery,1973,0.38357580744033615
Europe & Russia,Non-metallic minerals,machinery,1974,0.37698241240287933
Europe & Russia,Non-metallic minerals,machinery,1975,0.3626493564271085
Europe & Russia,Non-metallic minerals,machinery,1976,0.39341096314926705
Europe & Russia,Non-metallic minerals,machinery,1977,0.3762817834743938
Europe & Russia,Non-metallic minerals,machinery,1978,0.3707345103521593
Europe & Russia,Non-metallic minerals,machinery,1979,0.3906889630964285
Europe & Russia,Non-metallic minerals,machinery,1980,0.41845190531279147
Europe & Russia,Non-metallic minerals,machinery,1981,0.4048441237570998
Europe & Russia,Non-metallic minerals,machinery,1982,0.3880465825471257
Europe & Russia,Non-metallic minerals,machinery,1983,0.39021347126493283
Europe & Russia,Non-metallic minerals,machinery,1984,0.39026286291345913
Europe & Russia,Non-metallic minerals,machinery,1985,0.3946956323722006
Europe & Russia,Non-metallic minerals,machinery,1986,0.39777476859552263
Europe & Russia,Non-metallic minerals,machinery,1987,0.41071120087282054
Europe & Russia,Non-metallic minerals,machinery,1988,0.43393357233740415
Europe & Russia,Non-metallic minerals,machinery,1989,0.4355912622107637
Europe & Russia,Non-metallic minerals,machinery,1990,0.5154850273098754
Europe & Russia,Non-metallic minerals,machinery,1991,0.4219182250696738
Europe & Russia,Non-metallic minerals,machinery,1992,0.4317207401100303
Europe & Russia,Non-metallic minerals,machinery,1993,0.4395356181914412
Europe & Russia,Non-metallic minerals,machinery,1994,0.4557396866555888
Europe & Russia,Non-metallic minerals,machinery,1995,0.623176447999608
Europe & Russia,Non-metallic minerals,machinery,1996,0.6591544102269074
Europe & Russia,Non-metallic minerals,machinery,1997,0.8076076992941292
Europe & Russia,Non-metallic minerals,machinery,1998,0.8262092493241507
Europe & Russia,Non-metallic minerals,machinery,1999,0.8777004923154833
Europe & Russia,Non-metallic minerals,machinery,2000,0.9068491874175577
Europe & Russia,Non-metallic minerals,machinery,2001,0.9884085174104817
Europe & Russia,Non-metallic minerals,machinery,2002,1.0731889503587921
Europe & Russia,Non-metallic minerals,machinery,2003,1.081047350682586
Europe & Russia,Non-metallic minerals,machinery,2004,1.1461694201917676
Europe & Russia,Non-metallic minerals,machinery,2005,1.1280738517708357
Europe & Russia,Non-metallic minerals,machinery,2006,1.1205889127827007
Europe & Russia,Non-metallic minerals,machinery,2007,1.1414271505671918
Europe & Russia,Non-metallic minerals,machinery,2008,1.1493095377608957
Europe & Russia,Non-metallic minerals,machinery,2009,0.9607531495537913
Europe & Russia,Non-metallic minerals,machinery,2010,1.2228115962835153
Europe & Russia,Non-metallic minerals,machinery,2011,1.3019462449181116
Europe & Russia,Non-metallic minerals,machinery,2012,1.3464627042843549
Europe & Russia,Non-metallic minerals,machinery,2013,1.2478904987507566
Europe & Russia,Non-metallic minerals,machinery,2014,1.2951165054948484
Europe & Russia,Non-metallic minerals,machinery,2015,1.398152567513551
Europe & Russia,Non-metallic minerals,machinery,2016,1.5319551437360555
Europe & Russia,Non-metallic minerals,short_lived,1900,1.3256354048692944
Europe & Russia,Non-metallic minerals,short_lived,1901,1.382552974581741
Europe & Russia,Non-metallic minerals,short_lived,1902,1.439218095655835
Europe & Russia,Non-metallic minerals,short_lived,1903,1.4972441096166205
Europe & Russia,Non-metallic minerals,short_lived,1904,1.5563086429725388
Europe & Russia,Non-metallic minerals,short_lived,1905,1.614441632574994
Europe & Russia,Non-metallic minerals,short_lived,1906,1.6742177343663125
Europe & Russia,Non-metallic minerals,short_lived,1907,1.7352381725242714
Europe & Russia,Non-metallic minerals,short_lived,1908,1.7984297184719749
Europe & Russia,Non-metallic minerals,short_lived,1909,1.8601265751923333
Europe & Russia,Non-metallic minerals,short_lived,1910,1.9207450321152866
Europe & Russia,Non-metallic minerals,short_lived,1911,1.9868888670123968
Europe & Russia,Non-metallic minerals,short_lived,1912,2.0520570326363883
Europe & Russia,Non-metallic minerals,short_lived,1913,2.116692482035368
Europe & Russia,Non-metallic minerals,short_lived,1914,2.186643762615708
Europe & Russia,Non-metallic minerals,short_lived,1915,2.246696504862405
Europe & Russia,Non-metallic minerals,short_lived,1916,2.29385966428474
Europe & Russia,Non-metallic minerals,short_lived,1917,2.3431027269415323
Europe & Russia,Non-metallic minerals,short_lived,1918,2.387527623772108
Europe & Russia,Non-metallic minerals,short_lived,1919,2.4038746091621
Europe & Russia,Non-metallic minerals,short_lived,1920,2.459989971523713
Europe & Russia,Non-metallic minerals,short_lived,1921,2.5336607207357242
Europe & Russia,Non-metallic minerals,short_lived,1922,2.600348877153737
Europe & Russia,Non-metallic minerals,short_lived,1923,2.674416412499579
Europe & Russia,Non-metallic minerals,short_lived,1924,2.746846690865746
Europe & Russia,Non-metallic minerals,short_lived,1925,2.8196244729498066
Europe & Russia,Non-metallic minerals,short_lived,1926,2.896657115377144
Europe & Russia,Non-metallic minerals,short_lived,1927,2.970003854301579
Europe & Russia,Non-metallic minerals,short_lived,1928,3.04518572937135
Europe & Russia,Non-metallic minerals,short_lived,1929,3.1198306098540445
Europe & Russia,Non-metallic minerals,short_lived,1930,3.2059528805736286
Europe & Russia,Non-metallic minerals,short_lived,1931,3.2994701628178587
Europe & Russia,Non-metallic minerals,short_lived,1932,3.3908791612522418
Europe & Russia,Non-metallic minerals,short_lived,1933,3.477437832832034
Europe & Russia,Non-metallic minerals,short_lived,1934,3.560108355923799
Europe & Russia,Non-metallic minerals,short_lived,1935,3.646399842795122
Europe & Russia,Non-metallic minerals,short_lived,1936,3.7299856955594355
Europe & Russia,Non-metallic minerals,short_lived,1937,3.814060874621436
Europe & Russia,Non-metallic minerals,short_lived,1938,3.907300473017613
Europe & Russia,Non-metallic minerals,short_lived,1939,3.996850057922109
Europe & Russia,Non-metallic minerals,short_lived,1940,4.074834663021528
Europe & Russia,Non-metallic minerals,short_lived,1941,4.1478236031159375
Europe & Russia,Non-metallic minerals,short_lived,1942,4.23415717230289
Europe & Russia,Non-metallic minerals,short_lived,1943,4.311653257597673
Europe & Russia,Non-metallic minerals,short_lived,1944,4.394720104629017
Europe & Russia,Non-metallic minerals,short_lived,1945,4.448403550611767
Europe & Russia,Non-metallic minerals,short_lived,1946,4.413121159067743
Europe & Russia,Non-metallic minerals,short_lived,1947,4.432390592254799
Europe & Russia,Non-metallic minerals,short_lived,1948,4.5550936680610885
Europe & Russia,Non-metallic minerals,short_lived,1949,4.671990856178062
Europe & Russia,Non-metallic minerals,short_lived,1950,4.797240094490758
Europe & Russia,Non-metallic minerals,short_lived,1951,4.984768813237488
Europe & Russia,Non-metallic minerals,short_lived,1952,5.186173571926109
Europe & Russia,Non-metallic minerals,short_lived,1953,5.392590925552902
Europe & Russia,Non-metallic minerals,short_lived,1954,5.611315568355339
Europe & Russia,Non-metallic minerals,short_lived,1955,5.834999940714307
Europe & Russia,Non-metallic minerals,short_lived,1956,6.072375109979337
Europe & Russia,Non-metallic minerals,short_lived,1957,6.322815081376082
Europe & Russia,Non-metallic minerals,short_lived,1958,6.597278421887673
Europe & Russia,Non-metallic minerals,short_lived,1959,6.856940298451238
Europe & Russia,Non-metallic minerals,short_lived,1960,7.0951103382517235
Europe & Russia,Non-metallic minerals,short_lived,1961,7.357627000784331
Europe & Russia,Non-metallic minerals,short_lived,1962,7.654723302524352
Europe & Russia,Non-metallic minerals,short_lived,1963,8.008393989843709
Europe & Russia,Non-metallic minerals,short_lived,1964,8.341782090907769
Europe & Russia,Non-metallic minerals,short_lived,1965,8.711886796067073
Europe & Russia,Non-metallic minerals,short_lived,1966,9.08931947575047
Europe & Russia,Non-metallic minerals,short_lived,1967,9.487824134053833
Europe & Russia,Non-metallic minerals,short_lived,1968,9.853556948040143
Europe & Russia,Non-metallic minerals,short_lived,1969,10.298463000372589
Europe & Russia,Non-metallic minerals,short_lived,1970,10.759949089472954
Europe & Russia,Non-metallic minerals,short_lived,1971,11.857519271488153
Europe & Russia,Non-metallic minerals,short_lived,1972,12.674859955846914
Europe & Russia,Non-metallic minerals,short_lived,1973,13.945273862405058
Europe & Russia,Non-metallic minerals,short_lived,1974,14.850872720374516
Europe & Russia,Non-metallic minerals,short_lived,1975,13.81843507125541
Europe & Russia,Non-metallic minerals,short_lived,1976,15.074299273479372
Europe & Russia,Non-metallic minerals,short_lived,1977,14.569295777527879
Europe & Russia,Non-metallic minerals,short_lived,1978,14.741342157511609
Europe & Russia,Non-metallic minerals,short_lived,1979,15.610445005587763
Europe & Russia,Non-metallic minerals,short_lived,1980,16.930523730469492
Europe & Russia,Non-metallic minerals,short_lived,1981,15.607495356453432
Europe & Russia,Non-metallic minerals,short_lived,1982,15.959031550559612
Europe & Russia,Non-metallic minerals,short_lived,1983,16.607683456268347
Europe & Russia,Non-metallic minerals,short_lived,1984,17.479476026089053
Europe & Russia,Non-metallic minerals,short_lived,1985,16.849064498093075
Europe & Russia,Non-metallic minerals,short_lived,1986,13.923620516829226
Europe & Russia,Non-metallic minerals,short_lived,1987,13.996609042235635
Europe & Russia,Non-metallic minerals,short_lived,1988,14.09643532159891
Europe & Russia,Non-metallic minerals,short_lived,1989,14.3133046653029
Europe & Russia,Non-metallic minerals,short_lived,1990,14.857635644855037
Europe & Russia,Non-metallic minerals,short_lived,1991,14.994831126048755
Europe & Russia,Non-metallic minerals,short_lived,1992,14.56021316798528
Europe & Russia,Non-metallic minerals,short_lived,1993,16.779880529709196
Europe & Russia,Non-metallic minerals,short_lived,1994,17.359150535799785
Europe & Russia,Non-metallic minerals,short_lived,1995,18.31072988124873
Europe & Russia,Non-metallic minerals,short_lived,1996,18.838519658979404
Europe & Russia,Non-metallic minerals,short_lived,1997,17.695854373629444
Europe & Russia,Non-metallic minerals,short_lived,1998,19.00804778365253
Europe & Russia,Non-metallic minerals,short_lived,1999,19.351587117511393
Europe & Russia,Non-metallic minerals,short_lived,2000,20.52806450483543
Europe & Russia,Non-metallic minerals,short_lived,2001,21.221785347431283
Europe & Russia,Non-metallic minerals,short_lived,2002,21.643693623068415
Europe & Russia,Non-metallic minerals,short_lived,2003,22.501256619756198
Europe & Russia,Non-metallic minerals,short_lived,2004,24.053642103507975
Europe & Russia,Non-metallic minerals,short_lived,2005,25.251224670818154
Europe & Russia,Non-metallic minerals,short_lived,2006,26.894244181486133
Europe & Russia,Non-metallic minerals,short_lived,2007,29.429713898225764
Europe & Russia,Non-metallic minerals,short_lived,2008,30.75387851785929
Europe & Russia,Non-metallic minerals,short_lived,2009,28.751072356091274
Europe & Russia,Non-metallic minerals,short_lived,2010,29.844293801324415
Europe & Russia,Non-metallic minerals,short_lived,2011,31.572050733676182
Europe & Russia,Non-metallic minerals,short_lived,2012,31.47709197495074
Europe & Russia,Non-metallic minerals,short_lived,2013,31.962140991252955
Europe & Russia,Non-metallic minerals,short_lived,2014,33.12377492956208
Europe & Russia,Non-metallic minerals,short_lived,2015,34.19459477878591
Europe & Russia,Non-metallic minerals,short_lived,2016,35.23999120881229
Latin America,Metal ores,buildings,1900,0.2461804333236734
Latin America,Metal ores,buildings,1901,0.26292793781494994
Latin America,Metal ores,buildings,1902,0.28046658779786254
Latin America,Metal ores,buildings,1903,0.2957951374085403
Latin America,Metal ores,buildings,1904,0.3065220583485656
Latin America,Metal ores,buildings,1905,0.3298450186673716
Latin America,Metal ores,buildings,1906,0.3583817124844788
Latin America,Metal ores,buildings,1907,0.36654873882998507
Latin America,Metal ores,buildings,1908,0.3641205777242874
Latin America,Metal ores,buildings,1909,0.3962655147157084
Latin America,Metal ores,buildings,1910,0.41527517286112375
Latin America,Metal ores,buildings,1911,0.4153135863356817
Latin America,Metal ores,buildings,1912,0.44459720524467417
Latin America,Metal ores,buildings,1913,0.46627886511808664
Latin America,Metal ores,buildings,1914,0.4229783602646643
Latin America,Metal ores,buildings,1915,0.36714535734751985
Latin America,Metal ores,buildings,1916,0.41362448153610804
Latin America,Metal ores,buildings,1917,0.41705310315992716
Latin America,Metal ores,buildings,1918,0.4030671350918572
Latin America,Metal ores,buildings,1919,0.4316085684961096
Latin America,Metal ores,buildings,1920,0.46927834975883814
Latin America,Metal ores,buildings,1921,0.42469781693532005
Latin America,Metal ores,buildings,1922,0.47828400109551955
Latin America,Metal ores,buildings,1923,0.5158338942030531
Latin America,Metal ores,buildings,1924,0.5428621539721994
Latin America,Metal ores,buildings,1925,0.601316816417847
Latin America,Metal ores,buildings,1926,0.6261345575019464
Latin America,Metal ores,buildings,1927,0.6498151235899071
Latin America,Metal ores,buildings,1928,0.6885143919191654
Latin America,Metal ores,buildings,1929,0.7289978908223289
Latin America,Metal ores,buildings,1930,0.6933398318655879
Latin America,Metal ores,buildings,1931,0.6394608186277283
Latin America,Metal ores,buildings,1932,0.5930957017888178
Latin America,Metal ores,buildings,1933,0.5918332578440377
Latin America,Metal ores,buildings,1934,0.6202794693642809
Latin America,Metal ores,buildings,1935,0.640438126578977
Latin America,Metal ores,buildings,1936,0.6801527223616298
Latin America,Metal ores,buildings,1937,0.7533865090686834
Latin America,Metal ores,buildings,1938,0.7369642964731282
Latin America,Metal ores,buildings,1939,0.7764708018089499
Latin America,Metal ores,buildings,1940,0.7752083512946633
Latin America,Metal ores,buildings,1941,0.8106751898392568
Latin America,Metal ores,buildings,1942,0.8474738416619559
Latin America,Metal ores,buildings,1943,0.8802323026334058
Latin America,Metal ores,buildings,1944,0.9069080701120332
Latin America,Metal ores,buildings,1945,0.9449090585199811
Latin America,Metal ores,buildings,1946,1.007438972295592
Latin America,Metal ores,buildings,1947,1.0536339148531555
Latin America,Metal ores,buildings,1948,1.10567632523407
Latin America,Metal ores,buildings,1949,1.1749232002201815
Latin America,Metal ores,buildings,1950,1.180450509782305
Latin America,Metal ores,buildings,1951,1.3100384284894306
Latin America,Metal ores,buildings,1952,1.3837971821143449
Latin America,Metal ores,buildings,1953,1.4623704215122924
Latin America,Metal ores,buildings,1954,1.5951914489169874
Latin America,Metal ores,buildings,1955,1.7272893583273257
Latin America,Metal ores,buildings,1956,1.9203646149829607
Latin America,Metal ores,buildings,1957,2.1097122845145693
Latin America,Metal ores,buildings,1958,2.14130140803232
Latin America,Metal ores,buildings,1959,2.424648424076432
Latin America,Metal ores,buildings,1960,2.8147324355446464
Latin America,Metal ores,buildings,1961,3.024515620608822
Latin America,Metal ores,buildings,1962,3.258435008687884
Latin America,Metal ores,buildings,1963,3.3883418740437774
Latin America,Metal ores,buildings,1964,3.842420190956846
Latin America,Metal ores,buildings,1965,4.06688524354088
Latin America,Metal ores,buildings,1966,4.281013190315773
Latin America,Metal ores,buildings,1967,4.454783820434984
Latin America,Metal ores,buildings,1968,5.042549772021627
Latin America,Metal ores,buildings,1969,5.6163215744762
Latin America,Metal ores,buildings,1970,5.85081667737161
Latin America,Metal ores,buildings,1971,6.336996289308074
Latin America,Metal ores,buildings,1972,6.758815955025527
Latin America,Metal ores,buildings,1973,7.590267078977636
Latin America,Metal ores,buildings,1974,9.292952062480019
Latin America,Metal ores,buildings,1975,9.209924364924044
Latin America,Metal ores,buildings,1976,8.753044081447825
Latin America,Metal ores,buildings,1977,9.978709439352782
Latin America,Metal ores,buildings,1978,10.469874597873897
Latin America,Metal ores,buildings,1979,11.368246015348925
Latin America,Metal ores,buildings,1980,12.869255491203464
Latin America,Metal ores,buildings,1981,12.515292263158205
Latin America,Metal ores,buildings,1982,10.192315717371855
Latin America,Metal ores,buildings,1983,8.20664705404962
Latin America,Metal ores,buildings,1984,10.161174417256923
Latin America,Metal ores,buildings,1985,11.840228523517435
Latin America,Metal ores,buildings,1986,11.842410761941604
Latin America,Metal ores,buildings,1987,11.75210999013974
Latin America,Metal ores,buildings,1988,10.849669801685724
Latin America,Metal ores,buildings,1989,11.036212095482073
Latin America,Metal ores,buildings,1990,10.577651405315034
Latin America,Metal ores,buildings,1991,11.728668397908926
Latin America,Metal ores,buildings,1992,12.861205084813134
Latin America,Metal ores,buildings,1993,12.10700737836368
Latin America,Metal ores,buildings,1994,13.926663026659444
Latin America,Metal ores,buildings,1995,7.188410575185588
Latin America,Metal ores,buildings,1996,10.14497803776318
Latin America,Metal ores,buildings,1997,8.842745942360583
Latin America,Metal ores,buildings,1998,9.861742928239076
Latin America,Metal ores,buildings,1999,8.62565043691216
Latin America,Metal ores,buildings,2000,8.911207066989961
Latin America,Metal ores,buildings,2001,9.44997686541355
Latin America,Metal ores,buildings,2002,9.12912884511883
Latin America,Metal ores,buildings,2003,8.787979420481685
Latin America,Metal ores,buildings,2004,9.423852016405533
Latin America,Metal ores,buildings,2005,10.968256828062914
Latin America,Metal ores,buildings,2006,10.708190234372342
Latin America,Metal ores,buildings,2007,11.210396558889965
Latin America,Metal ores,buildings,2008,11.904447321567618
Latin America,Metal ores,buildings,2009,8.706960179086376
Latin America,Metal ores,buildings,2010,11.314772147826446
Latin America,Metal ores,buildings,2011,11.938889047000282
Latin America,Metal ores,buildings,2012,12.740269563663144
Latin America,Metal ores,buildings,2013,13.302372824390822
Latin America,Metal ores,buildings,2014,13.308059212326432
Latin America,Metal ores,buildings,2015,12.1482838618361
Latin America,Metal ores,buildings,2016,11.825413934331447
Latin America,Metal ores,civil_infrastructure,1900,0.1897923870028453
Latin America,Metal ores,civil_infrastructure,1901,0.20102558149056765
Latin America,Metal ores,civil_infrastructure,1902,0.21427394090116134
Latin America,Metal ores,civil_infrastructure,1903,0.22502091247454262
Latin America,Metal ores,civil_infrastructure,1904,0.23266372451306458
Latin America,Metal ores,civil_infrastructure,1905,0.24978830957178869
Latin America,Metal ores,civil_infrastructure,1906,0.2675885914236152
Latin America,Metal ores,civil_infrastructure,1907,0.274379181382577
Latin America,Metal ores,civil_infrastructure,1908,0.27160831849380146
Latin America,Metal ores,civil_infrastructure,1909,0.2893461759802286
Latin America,Metal ores,civil_infrastructure,1910,0.30589848610824916
Latin America,Metal ores,civil_infrastructure,1911,0.3127868012995174
Latin America,Metal ores,civil_infrastructure,1912,0.3351678409473215
Latin America,Metal ores,civil_infrastructure,1913,0.35181674789041417
Latin America,Metal ores,civil_infrastructure,1914,0.31754030043832143
Latin America,Metal ores,civil_infrastructure,1915,0.27375488476273646
Latin America,Metal ores,civil_infrastructure,1916,0.30944168333331257
Latin America,Metal ores,civil_infrastructure,1917,0.31023610607267077
Latin America,Metal ores,civil_infrastructure,1918,0.29559228149100314
Latin America,Metal ores,civil_infrastructure,1919,0.3200618770300201
Latin America,Metal ores,civil_infrastructure,1920,0.34616787990677655
Latin America,Metal ores,civil_infrastructure,1921,0.3072552993446862
Latin America,Metal ores,civil_infrastructure,1922,0.3498845939677229
Latin America,Metal ores,civil_infrastructure,1923,0.3726123976744038
Latin America,Metal ores,civil_infrastructure,1924,0.3973478184544847
Latin America,Metal ores,civil_infrastructure,1925,0.4347762028794207
Latin America,Metal ores,civil_infrastructure,1926,0.45008484442821556
Latin America,Metal ores,civil_infrastructure,1927,0.4708659969379356
Latin America,Metal ores,civil_infrastructure,1928,0.4992579233479006
Latin America,Metal ores,civil_infrastructure,1929,0.5266503076300573
Latin America,Metal ores,civil_infrastructure,1930,0.49850165114952777
Latin America,Metal ores,civil_infrastructure,1931,0.45686855503674223
Latin America,Metal ores,civil_infrastructure,1932,0.41938797503027786
Latin America,Metal ores,civil_infrastructure,1933,0.41844876987142765
Latin America,Metal ores,civil_infrastructure,1934,0.43967309082010614
Latin America,Metal ores,civil_infrastructure,1935,0.4556836623101108
Latin America,Metal ores,civil_infrastructure,1936,0.48084107221584793
Latin America,Metal ores,civil_infrastructure,1937,0.5382716579043646
Latin America,Metal ores,civil_infrastructure,1938,0.5202714957429078
Latin America,Metal ores,civil_infrastructure,1939,0.5447383353875255
Latin America,Metal ores,civil_infrastructure,1940,0.5519192479723043
Latin America,Metal ores,civil_infrastructure,1941,0.5817534059071066
Latin America,Metal ores,civil_infrastructure,1942,0.6021744992649117
Latin America,Metal ores,civil_infrastructure,1943,0.6256786658351315
Latin America,Metal ores,civil_infrastructure,1944,0.6472601466009762
Latin America,Metal ores,civil_infrastructure,1945,0.6602538474040391
Latin America,Metal ores,civil_infrastructure,1946,0.6997638249081143
Latin America,Metal ores,civil_infrastructure,1947,0.7411479858134197
Latin America,Metal ores,civil_infrastructure,1948,0.7755585467465212
Latin America,Metal ores,civil_infrastructure,1949,0.8119252095844588
Latin America,Metal ores,civil_infrastructure,1950,0.84727603873824
Latin America,Metal ores,civil_infrastructure,1951,0.9457352881263266
Latin America,Metal ores,civil_infrastructure,1952,0.9936078691246222
Latin America,Metal ores,civil_infrastructure,1953,1.0677346192338513
Latin America,Metal ores,civil_infrastructure,1954,1.1919269240681771
Latin America,Metal ores,civil_infrastructure,1955,1.2833086455001994
Latin America,Metal ores,civil_infrastructure,1956,1.41378985917514
Latin America,Metal ores,civil_infrastructure,1957,1.5508488237608804
Latin America,Metal ores,civil_infrastructure,1958,1.56630485266948
Latin America,Metal ores,civil_infrastructure,1959,1.750901516384652
Latin America,Metal ores,civil_infrastructure,1960,2.046223144360379
Latin America,Metal ores,civil_infrastructure,1961,2.196673052371116
Latin America,Metal ores,civil_infrastructure,1962,2.357886603545114
Latin America,Metal ores,civil_infrastructure,1963,2.42369144199885
Latin America,Metal ores,civil_infrastructure,1964,2.734494870997476
Latin America,Metal ores,civil_infrastructure,1965,2.876733657617508
Latin America,Metal ores,civil_infrastructure,1966,3.0167329532384355
Latin America,Metal ores,civil_infrastructure,1967,3.041324940946369
Latin America,Metal ores,civil_infrastructure,1968,3.47327669528671
Latin America,Metal ores,civil_infrastructure,1969,3.988034117730168
Latin America,Metal ores,civil_infrastructure,1970,4.129143981877089
Latin America,Metal ores,civil_infrastructure,1971,4.51123079691397
Latin America,Metal ores,civil_infrastructure,1972,4.755093741394576
Latin America,Metal ores,civil_infrastructure,1973,5.2379113985618675
Latin America,Metal ores,civil_infrastructure,1974,6.4094519657679605
Latin America,Metal ores,civil_infrastructure,1975,6.308486952776392
Latin America,Metal ores,civil_infrastructure,1976,5.913691472575419
Latin America,Metal ores,civil_infrastructure,1977,6.792963437220107
Latin America,Metal ores,civil_infrastructure,1978,6.855404216207121
Latin America,Metal ores,civil_infrastructure,1979,7.647799270503069
Latin America,Metal ores,civil_infrastructure,1980,8.390624282048815
Latin America,Metal ores,civil_infrastructure,1981,7.8853870591919915
Latin America,Metal ores,civil_infrastructure,1982,6.803664764806313
Latin America,Metal ores,civil_infrastructure,1983,5.705157434322237
Latin America,Metal ores,civil_infrastructure,1984,7.041421813770339
Latin America,Metal ores,civil_infrastructure,1985,8.34663589772178
Latin America,Metal ores,civil_infrastructure,1986,8.391722822553385
Latin America,Metal ores,civil_infrastructure,1987,8.301213072339522
Latin America,Metal ores,civil_infrastructure,1988,7.567065579104358
Latin America,Metal ores,civil_infrastructure,1989,7.745149496866042
Latin America,Metal ores,civil_infrastructure,1990,7.160474646791474
Latin America,Metal ores,civil_infrastructure,1991,7.32578549183755
Latin America,Metal ores,civil_infrastructure,1992,8.874903082949155
Latin America,Metal ores,civil_infrastructure,1993,8.99302374058998
Latin America,Metal ores,civil_infrastructure,1994,10.021843255858114
Latin America,Metal ores,civil_infrastructure,1995,15.807960642869444
Latin America,Metal ores,civil_infrastructure,1996,27.42889108035885
Latin America,Metal ores,civil_infrastructure,1997,27.511021686994738
Latin America,Metal ores,civil_infrastructure,1998,25.455825080271865
Latin America,Metal ores,civil_infrastructure,1999,25.298572024995583
Latin America,Metal ores,civil_infrastructure,2000,23.46789490248978
Latin America,Metal ores,civil_infrastructure,2001,26.103318976365088
Latin America,Metal ores,civil_infrastructure,2002,25.5816515908758
Latin America,Metal ores,civil_infrastructure,2003,24.843324173793647
Latin America,Metal ores,civil_infrastructure,2004,25.506832947421884
Latin America,Metal ores,civil_infrastructure,2005,27.07226575113199
Latin America,Metal ores,civil_infrastructure,2006,29.97546311266508
Latin America,Metal ores,civil_infrastructure,2007,31.288291515958488
Latin America,Metal ores,civil_infrastructure,2008,33.27005132463582
Latin America,Metal ores,civil_infrastructure,2009,24.904784164403907
Latin America,Metal ores,civil_infrastructure,2010,32.28035578964385
Latin America,Metal ores,civil_infrastructure,2011,36.19289152408756
Latin America,Metal ores,civil_infrastructure,2012,36.728478341162955
Latin America,Metal ores,civil_infrastructure,2013,36.041327781362135
Latin America,Metal ores,civil_infrastructure,2014,33.41033104338334
Latin America,Metal ores,civil_infrastructure,2015,31.872484172985143
Latin America,Metal ores,civil_infrastructure,2016,32.02110379299103
Latin America,Metal ores,machinery,1900,0.3043476911517795
Latin America,Metal ores,machinery,1901,0.32673112578109054
Latin America,Metal ores,machinery,1902,0.34062267125108414
Latin America,Metal ores,machinery,1903,0.3608809990568677
Latin America,Metal ores,machinery,1904,0.3719464547102576
Latin America,Metal ores,machinery,1905,0.4005391942459488
Latin America,Metal ores,machinery,1906,0.4241348051370083
Latin America,Metal ores,machinery,1907,0.4367696466021765
Latin America,Metal ores,machinery,1908,0.4329802817473747
Latin America,Metal ores,machinery,1909,0.4600406182223807
Latin America,Metal ores,machinery,1910,0.48076553070403044
Latin America,Metal ores,machinery,1911,0.48500946610103185
Latin America,Metal ores,machinery,1912,0.5138844401744302
Latin America,Metal ores,machinery,1913,0.5335546117260176
Latin America,Metal ores,machinery,1914,0.48555993015881194
Latin America,Metal ores,machinery,1915,0.42993318841251704
Latin America,Metal ores,machinery,1916,0.49200409890501146
Latin America,Metal ores,machinery,1917,0.5026870810573252
Latin America,Metal ores,machinery,1918,0.5136226403769549
Latin America,Metal ores,machinery,1919,0.512352475430787
Latin America,Metal ores,machinery,1920,0.5741842032796712
Latin America,Metal ores,machinery,1921,0.4834927719068956
Latin America,Metal ores,machinery,1922,0.5541774247123864
Latin America,Metal ores,machinery,1923,0.6035986039204702
Latin America,Metal ores,machinery,1924,0.6278069344452787
Latin America,Metal ores,machinery,1925,0.7111686640563134
Latin America,Metal ores,machinery,1926,0.7451503774579917
Latin America,Metal ores,machinery,1927,0.7777661401894436
Latin America,Metal ores,machinery,1928,0.8254818202529848
Latin America,Metal ores,machinery,1929,0.880957756225985
Latin America,Metal ores,machinery,1930,0.8382032040897355
Latin America,Metal ores,machinery,1931,0.7839506358618322
Latin America,Metal ores,machinery,1932,0.7349890452120686
Latin America,Metal ores,machinery,1933,0.7254569010147525
Latin America,Metal ores,machinery,1934,0.7413635284636076
Latin America,Metal ores,machinery,1935,0.752561408805221
Latin America,Metal ores,machinery,1936,0.8067626794924224
Latin America,Metal ores,machinery,1937,0.917334351839787
Latin America,Metal ores,machinery,1938,0.9078075001212975
Latin America,Metal ores,machinery,1939,0.9249298143140939
Latin America,Metal ores,machinery,1940,0.9188949311907881
Latin America,Metal ores,machinery,1941,0.9704391165016839
Latin America,Metal ores,machinery,1942,1.0451045344984882
Latin America,Metal ores,machinery,1943,1.0996177720198932
Latin America,Metal ores,machinery,1944,1.0805156844472241
Latin America,Metal ores,machinery,1945,1.1193100538206708
Latin America,Metal ores,machinery,1946,1.1203156563275771
Latin America,Metal ores,machinery,1947,1.1988803306819393
Latin America,Metal ores,machinery,1948,1.2455148579940882
Latin America,Metal ores,machinery,1949,1.3057909434032293
Latin America,Metal ores,machinery,1950,1.3051236518581084
Latin America,Metal ores,machinery,1951,1.4226295718798636
Latin America,Metal ores,machinery,1952,1.493270915510058
Latin America,Metal ores,machinery,1953,1.5609639630284295
Latin America,Metal ores,machinery,1954,1.7082552434439466
Latin America,Metal ores,machinery,1955,1.8150980099921878
Latin America,Metal ores,machinery,1956,1.9836843589513824
Latin America,Metal ores,machinery,1957,2.1906649255669315
Latin America,Metal ores,machinery,1958,2.2069489269212292
Latin America,Metal ores,machinery,1959,2.441751320175986
Latin America,Metal ores,machinery,1960,2.801669414926902
Latin America,Metal ores,machinery,1961,3.0067998524002095
Latin America,Metal ores,machinery,1962,3.2236479674045486
Latin America,Metal ores,machinery,1963,3.3270890265334385
Latin America,Metal ores,machinery,1964,3.730305071904682
Latin America,Metal ores,machinery,1965,3.963258294214084
Latin America,Metal ores,machinery,1966,4.146759430268804
Latin America,Metal ores,machinery,1967,4.237881289825749
Latin America,Metal ores,machinery,1968,4.817984183552263
Latin America,Metal ores,machinery,1969,5.429396696621246
Latin America,Metal ores,machinery,1970,5.6039139125415085
Latin America,Metal ores,machinery,1971,6.051174408659778
Latin America,Metal ores,machinery,1972,6.368310390982627
Latin America,Metal ores,machinery,1973,7.084442887378756
Latin America,Metal ores,machinery,1974,8.595988441081435
Latin America,Metal ores,machinery,1975,8.507362615915637
Latin America,Metal ores,machinery,1976,8.126453929698359
Latin America,Metal ores,machinery,1977,9.3713734130274
Latin America,Metal ores,machinery,1978,9.531262083300845
Latin America,Metal ores,machinery,1979,10.56146386572119
Latin America,Metal ores,machinery,1980,11.691450869104568
Latin America,Metal ores,machinery,1981,11.10740789165836
Latin America,Metal ores,machinery,1982,9.513676379745736
Latin America,Metal ores,machinery,1983,7.841359058095986
Latin America,Metal ores,machinery,1984,9.566735893833414
Latin America,Metal ores,machinery,1985,11.24700920601361
Latin America,Metal ores,machinery,1986,11.364094703873132
Latin America,Metal ores,machinery,1987,11.284892433135306
Latin America,Metal ores,machinery,1988,10.301892641681107
Latin America,Metal ores,machinery,1989,10.533244549364019
Latin America,Metal ores,machinery,1990,10.033859610847118
Latin America,Metal ores,machinery,1991,10.932530275547759
Latin America,Metal ores,machinery,1992,12.138123458208012
Latin America,Metal ores,machinery,1993,11.717451156962309
Latin America,Metal ores,machinery,1994,13.212217578395778
Latin America,Metal ores,machinery,1995,12.677217440545446
Latin America,Metal ores,machinery,1996,19.87895960512134
Latin America,Metal ores,machinery,1997,19.251909053836457
Latin America,Metal ores,machinery,1998,18.83650661464647
Latin America,Metal ores,machinery,1999,17.681146023035375
Latin America,Metal ores,machinery,2000,16.777537847374234
Latin America,Metal ores,machinery,2001,18.274698922849467
Latin America,Metal ores,machinery,2002,18.142833710641145
Latin America,Metal ores,machinery,2003,17.266987417298022
Latin America,Metal ores,machinery,2004,18.034834099072818
Latin America,Metal ores,machinery,2005,19.710859373876353
Latin America,Metal ores,machinery,2006,21.001575802128972
Latin America,Metal ores,machinery,2007,22.20238031303294
Latin America,Metal ores,machinery,2008,23.371638107772572
Latin America,Metal ores,machinery,2009,16.89559461349388
Latin America,Metal ores,machinery,2010,21.83032771337013
Latin America,Metal ores,machinery,2011,24.730130069494813
Latin America,Metal ores,machinery,2012,25.262401365269984
Latin America,Metal ores,machinery,2013,25.25535037286167
Latin America,Metal ores,machinery,2014,23.95068043239751
Latin America,Metal ores,machinery,2015,22.8413301297561
Latin America,Metal ores,machinery,2016,22.584725282482626
Latin America,Metal ores,short_lived,1900,0.10028764787925853
Latin America,Metal ores,short_lived,1901,0.10746584258618684
Latin America,Metal ores,short_lived,1902,0.112104848138703
Latin America,Metal ores,short_lived,1903,0.1185763480356577
Latin America,Metal ores,short_lived,1904,0.12218011881158561
Latin America,Metal ores,short_lived,1905,0.1313159864488433
Latin America,Metal ores,short_lived,1906,0.1396043241437698
Latin America,Metal ores,short_lived,1907,0.14345409871202436
Latin America,Metal ores,short_lived,1908,0.14229816160240966
Latin America,Metal ores,short_lived,1909,0.1520819352884092
Latin America,Metal ores,short_lived,1910,0.15844723485627796
Latin America,Metal ores,short_lived,1911,0.15878919545508796
Latin America,Metal ores,short_lived,1912,0.1681443133986369
Latin America,Metal ores,short_lived,1913,0.17435241493174622
Latin America,Metal ores,short_lived,1914,0.1594492032978085
Latin America,Metal ores,short_lived,1915,0.14155370356598143
Latin America,Metal ores,short_lived,1916,0.16188875460343805
Latin America,Metal ores,short_lived,1917,0.16480221103243556
Latin America,Metal ores,short_lived,1918,0.16828920095251354
Latin America,Metal ores,short_lived,1919,0.17031025507966852
Latin America,Metal ores,short_lived,1920,0.1917899522785198
Latin America,Metal ores,short_lived,1921,0.16317795076091232
Latin America,Metal ores,short_lived,1922,0.18459056275879202
Latin America,Metal ores,short_lived,1923,0.1973953348553579
Latin America,Metal ores,short_lived,1924,0.2043326973120268
Latin America,Metal ores,short_lived,1925,0.23169472900376034
Latin America,Metal ores,short_lived,1926,0.24247996876735686
Latin America,Metal ores,short_lived,1927,0.25227304036549697
Latin America,Metal ores,short_lived,1928,0.2740765187342406
Latin America,Metal ores,short_lived,1929,0.2947985769500992
Latin America,Metal ores,short_lived,1930,0.2829314438403592
Latin America,Metal ores,short_lived,1931,0.26841954504458126
Latin America,Metal ores,short_lived,1932,0.25573668530209814
Latin America,Metal ores,short_lived,1933,0.25269576558791085
Latin America,Metal ores,short_lived,1934,0.2561898923618496
Latin America,Metal ores,short_lived,1935,0.25817260028490757
Latin America,Metal ores,short_lived,1936,0.27273184300430603
Latin America,Metal ores,short_lived,1937,0.33151428307911507
Latin America,Metal ores,short_lived,1938,0.3216507733044035
Latin America,Metal ores,short_lived,1939,0.32620502254921657
Latin America,Metal ores,short_lived,1940,0.327070787425201
Latin America,Metal ores,short_lived,1941,0.35807244028576213
Latin America,Metal ores,short_lived,1942,0.3822842778950201
Latin America,Metal ores,short_lived,1943,0.3997215757274849
Latin America,Metal ores,short_lived,1944,0.39470275096438984
Latin America,Metal ores,short_lived,1945,0.40483960010395736
Latin America,Metal ores,short_lived,1946,0.39342529074268345
Latin America,Metal ores,short_lived,1947,0.42867636867855513
Latin America,Metal ores,short_lived,1948,0.448012032834022
Latin America,Metal ores,short_lived,1949,0.4581350254931265
Latin America,Metal ores,short_lived,1950,0.45283628457154085
Latin America,Metal ores,short_lived,1951,0.49078125051796395
Latin America,Metal ores,short_lived,1952,0.5102659983498624
Latin America,Metal ores,short_lived,1953,0.5299915594066146
Latin America,Metal ores,short_lived,1954,0.5774908964493254
Latin America,Metal ores,short_lived,1955,0.6146780772867809
Latin America,Metal ores,short_lived,1956,0.6764600722866102
Latin America,Metal ores,short_lived,1957,0.7518790163064135
Latin America,Metal ores,short_lived,1958,0.7648870174080604
Latin America,Metal ores,short_lived,1959,0.8523760950848424
Latin America,Metal ores,short_lived,1960,0.9799627889469449
Latin America,Metal ores,short_lived,1961,1.0504018921817804
Latin America,Metal ores,short_lived,1962,1.1180104604104566
Latin America,Metal ores,short_lived,1963,1.1593685197213743
Latin America,Metal ores,short_lived,1964,1.291045017007769
Latin America,Metal ores,short_lived,1965,1.3475008525728958
Latin America,Metal ores,short_lived,1966,1.440391085927694
Latin America,Metal ores,short_lived,1967,1.4793068069720259
Latin America,Metal ores,short_lived,1968,1.6853214879869858
Latin America,Metal ores,short_lived,1969,1.8788783895081518
Latin America,Metal ores,short_lived,1970,1.9423295648123309
Latin America,Metal ores,short_lived,1971,2.109586581729771
Latin America,Metal ores,short_lived,1972,2.2313723424383896
Latin America,Metal ores,short_lived,1973,2.5086580844725286
Latin America,Metal ores,short_lived,1974,3.045442298784477
Latin America,Metal ores,short_lived,1975,3.0099702163328703
Latin America,Metal ores,short_lived,1976,2.8887248454184244
Latin America,Metal ores,short_lived,1977,3.2693297540895787
Latin America,Metal ores,short_lived,1978,3.425995588598647
Latin America,Metal ores,short_lived,1979,3.7706067768312286
Latin America,Metal ores,short_lived,1980,4.231023514645438
Latin America,Metal ores,short_lived,1981,4.084094876184184
Latin America,Metal ores,short_lived,1982,3.413673486129717
Latin America,Metal ores,short_lived,1983,2.815076707600167
Latin America,Metal ores,short_lived,1984,3.400804506977636
Latin America,Metal ores,short_lived,1985,3.9557023488282663
Latin America,Metal ores,short_lived,1986,4.045876435030189
Latin America,Metal ores,short_lived,1987,4.044105562711177
Latin America,Metal ores,short_lived,1988,3.6937098263224044
Latin America,Metal ores,short_lived,1989,3.801159564279685
Latin America,Metal ores,short_lived,1990,3.6188764786288417
Latin America,Metal ores,short_lived,1991,3.9121378706030048
Latin America,Metal ores,short_lived,1992,4.363921234163331
Latin America,Metal ores,short_lived,1993,4.3556095663155165
Latin America,Metal ores,short_lived,1994,4.8182243407705805
Latin America,Metal ores,short_lived,1995,4.397134656365805
Latin America,Metal ores,short_lived,1996,7.091406603031903
Latin America,Metal ores,short_lived,1997,6.789952399466999
Latin America,Metal ores,short_lived,1998,6.713922505979385
Latin America,Metal ores,short_lived,1999,6.628938524385561
Latin America,Metal ores,short_lived,2000,6.2627074508620115
Latin America,Metal ores,short_lived,2001,6.640960194788831
Latin America,Metal ores,short_lived,2002,6.62337973983083
Latin America,Metal ores,short_lived,2003,6.244363499500265
Latin America,Metal ores,short_lived,2004,6.308223727662913
Latin America,Metal ores,short_lived,2005,6.9558262717955355
Latin America,Metal ores,short_lived,2006,7.391487959569505
Latin America,Metal ores,short_lived,2007,7.831184401225144
Latin America,Metal ores,short_lived,2008,8.43376410923208
Latin America,Metal ores,short_lived,2009,6.512921784706648
Latin America,Metal ores,short_lived,2010,8.492737522309861
Latin America,Metal ores,short_lived,2011,9.304123864965607
Latin America,Metal ores,short_lived,2012,9.75981558582003
Latin America,Metal ores,short_lived,2013,9.875603853802172
Latin America,Metal ores,short_lived,2014,9.415130028307933
Latin America,Metal ores,short_lived,2015,8.869697275088706
Latin America,Metal ores,short_lived,2016,8.813952111702068
Latin America,Non-metallic minerals,buildings,1900,7.421642176830327
Latin America,Non-metallic minerals,buildings,1901,7.605722066334692
Latin America,Non-metallic minerals,buildings,1902,7.856023489881069
Latin America,Non-metallic minerals,buildings,1903,8.100660303121135
Latin America,Non-metallic minerals,buildings,1904,8.267584066404154
Latin America,Non-metallic minerals,buildings,1905,8.674062459361561
Latin America,Non-metallic minerals,buildings,1906,8.968758292134186
Latin America,Non-metallic minerals,buildings,1907,9.145929313132504
Latin America,Non-metallic minerals,buildings,1908,9.038754767273804
Latin America,Non-metallic minerals,buildings,1909,9.341066532574626
Latin America,Non-metallic minerals,buildings,1910,9.7136618055092665
Latin America,Non-metallic minerals,buildings,1911,9.967932444253691
Latin America,Non-metallic minerals,buildings,1912,10.42852489859722
Latin America,Non-metallic minerals,buildings,1913,10.987761073076099
Latin America,Non-metallic minerals,buildings,1914,10.680104854979385
Latin America,Non-metallic minerals,buildings,1915,10.374794481835137
Latin America,Non-metallic minerals,buildings,1916,10.094949812353367
Latin America,Non-metallic minerals,buildings,1917,9.770801874818794
Latin America,Non-metallic minerals,buildings,1918,9.430346029242958
Latin America,Non-metallic minerals,buildings,1919,9.183787928383321
Latin America,Non-metallic minerals,buildings,1920,8.970724115440724
Latin America,Non-metallic minerals,buildings,1921,8.815468942047312
Latin America,Non-metallic minerals,buildings,1922,9.830367494575093
Latin America,Non-metallic minerals,buildings,1923,10.347934011595962
Latin America,Non-metallic minerals,buildings,1924,11.781255524000313
Latin America,Non-metallic minerals,buildings,1925,12.698819014820856
Latin America,Non-metallic minerals,buildings,1926,13.82008440185459
Latin America,Non-metallic minerals,buildings,1927,15.708919926405667
Latin America,Non-metallic minerals,buildings,1928,17.378128834563178
Latin America,Non-metallic minerals,buildings,1929,19.631064442084387
Latin America,Non-metallic minerals,buildings,1930,18.107261555264188
Latin America,Non-metallic minerals,buildings,1931,14.46623001825789
Latin America,Non-metallic minerals,buildings,1932,13.03475949134916
Latin America,Non-metallic minerals,buildings,1933,13.086271528850713
Latin America,Non-metallic minerals,buildings,1934,14.977966936642497
Latin America,Non-metallic minerals,buildings,1935,16.268517742183256
Latin America,Non-metallic minerals,buildings,1936,18.165327368972587
Latin America,Non-metallic minerals,buildings,1937,21.090444623880234
Latin America,Non-metallic minerals,buildings,1938,22.148099044529356
Latin America,Non-metallic minerals,buildings,1939,23.636399860283284
Latin America,Non-metallic minerals,buildings,1940,25.078081326211464
Latin America,Non-metallic minerals,buildings,1941,26.507425761350866
Latin America,Non-metallic minerals,buildings,1942,27.939488387018006
Latin America,Non-metallic minerals,buildings,1943,29.35605287575232
Latin America,Non-metallic minerals,buildings,1944,30.79562379402426
Latin America,Non-metallic minerals,buildings,1945,32.250139928769876
Latin America,Non-metallic minerals,buildings,1946,33.85738347930243
Latin America,Non-metallic minerals,buildings,1947,36.58272925188195
Latin America,Non-metallic minerals,buildings,1948,38.58040672638342
Latin America,Non-metallic minerals,buildings,1949,42.0281497429872
Latin America,Non-metallic minerals,buildings,1950,45.74756193784197
Latin America,Non-metallic minerals,buildings,1951,50.93234742505181
Latin America,Non-metallic minerals,buildings,1952,56.93076421018139
Latin America,Non-metallic minerals,buildings,1953,57.477407445989805
Latin America,Non-metallic minerals,buildings,1954,60.60209253712821
Latin America,Non-metallic minerals,buildings,1955,66.15943438884014
Latin America,Non-metallic minerals,buildings,1956,69.81179285394015
Latin America,Non-metallic minerals,buildings,1957,77.2662926430086
Latin America,Non-metallic minerals,buildings,1958,77.80005313198087
Latin America,Non-metallic minerals,buildings,1959,80.04198338288167
Latin America,Non-metallic minerals,buildings,1960,85.05829405986162
Latin America,Non-metallic minerals,buildings,1961,89.49854968970409
Latin America,Non-metallic minerals,buildings,1962,94.49976989187505
Latin America,Non-metallic minerals,buildings,1963,97.86741925231495
Latin America,Non-metallic minerals,buildings,1964,108.79798110562909
Latin America,Non-metallic minerals,buildings,1965,113.30818150877421
Latin America,Non-metallic minerals,buildings,1966,122.73910895713001
Latin America,Non-metallic minerals,buildings,1967,130.17395224377023
Latin America,Non-metallic minerals,buildings,1968,140.3846190210527
Latin America,Non-metallic minerals,buildings,1969,148.61740300073296
Latin America,Non-metallic minerals,buildings,1970,161.21043318585336
Latin America,Non-metallic minerals,buildings,1971,173.9529661700463
Latin America,Non-metallic minerals,buildings,1972,191.1142303051937
Latin America,Non-metallic minerals,buildings,1973,210.0901070580275
Latin America,Non-metallic minerals,buildings,1974,225.91695495219946
Latin America,Non-metallic minerals,buildings,1975,235.9818088443566
Latin America,Non-metallic minerals,buildings,1976,260.372495089376
Latin America,Non-metallic minerals,buildings,1977,270.8459001920087
Latin America,Non-metallic minerals,buildings,1978,302.809744567041
Latin America,Non-metallic minerals,buildings,1979,315.24022047009515
Latin America,Non-metallic minerals,buildings,1980,340.528334612981
Latin America,Non-metallic minerals,buildings,1981,344.7923298754315
Latin America,Non-metallic minerals,buildings,1982,338.73091564562947
Latin America,Non-metallic minerals,buildings,1983,299.41353401857697
Latin America,Non-metallic minerals,buildings,1984,295.4530541428956
Latin America,Non-metallic minerals,buildings,1985,306.9478837970046
Latin America,Non-metallic minerals,buildings,1986,337.32717700123095
Latin America,Non-metallic minerals,buildings,1987,355.04342917536604
Latin America,Non-metallic minerals,buildings,1988,366.11292465991636
Latin America,Non-metallic minerals,buildings,1989,363.3929617936792
Latin America,Non-metallic minerals,buildings,1990,359.0865804899001
Latin America,Non-metallic minerals,buildings,1991,390.83885407441204
Latin America,Non-metallic minerals,buildings,1992,390.64815999780865
Latin America,Non-metallic minerals,buildings,1993,421.8214268296348
Latin America,Non-metallic minerals,buildings,1994,455.07174204707036
Latin America,Non-metallic minerals,buildings,1995,452.9274954928959
Latin America,Non-metallic minerals,buildings,1996,462.5725042374103
Latin America,Non-metallic minerals,buildings,1997,509.62916802175994
Latin America,Non-metallic minerals,buildings,1998,538.8266094734925
Latin America,Non-metallic minerals,buildings,1999,541.2148138023903
Latin America,Non-metallic minerals,buildings,2000,552.2842992248023
Latin America,Non-metallic minerals,buildings,2001,531.2567321893538
Latin America,Non-metallic minerals,buildings,2002,522.2966420356034
Latin America,Non-metallic minerals,buildings,2003,529.9845075588745
Latin America,Non-metallic minerals,buildings,2004,558.0578160619373
Latin America,Non-metallic minerals,buildings,2005,599.6392254618911
Latin America,Non-metallic minerals,buildings,2006,658.1213483123645
Latin America,Non-metallic minerals,buildings,2007,714.7756404401553
Latin America,Non-metallic minerals,buildings,2008,717.4781482416194
Latin America,Non-metallic minerals,buildings,2009,691.0181710150655
Latin America,Non-metallic minerals,buildings,2010,700.5061199095372
Latin America,Non-metallic minerals,buildings,2011,744.31898585996
Latin America,Non-metallic minerals,buildings,2012,787.7257343023365
Latin America,Non-metallic minerals,buildings,2013,826.0951948524095
Latin America,Non-metallic minerals,buildings,2014,838.0371087427882
Latin America,Non-metallic minerals,buildings,2015,863.8723035098338
Latin America,Non-metallic minerals,buildings,2016,831.0105752644785
Latin America,Non-metallic minerals,civil_infrastructure,1900,7.478632775413462
Latin America,Non-metallic minerals,civil_infrastructure,1901,7.757195888687213
Latin America,Non-metallic minerals,civil_infrastructure,1902,7.75892519744812
Latin America,Non-metallic minerals,civil_infrastructure,1903,8.167193729933466
Latin America,Non-metallic minerals,civil_infrastructure,1904,8.560323885460488
Latin America,Non-metallic minerals,civil_infrastructure,1905,8.741353092139281
Latin America,Non-metallic minerals,civil_infrastructure,1906,9.231122365529123
Latin America,Non-metallic minerals,civil_infrastructure,1907,9.48361523682895
Latin America,Non-metallic minerals,civil_infrastructure,1908,9.82891500567288
Latin America,Non-metallic minerals,civil_infrastructure,1909,10.18100586038651
Latin America,Non-metallic minerals,civil_infrastructure,1910,10.858550277402362
Latin America,Non-metallic minerals,civil_infrastructure,1911,11.248368292585223
Latin America,Non-metallic minerals,civil_infrastructure,1912,12.060971821999663
Latin America,Non-metallic minerals,civil_infrastructure,1913,12.811188483051952
Latin America,Non-metallic minerals,civil_infrastructure,1914,12.162748187283611
Latin America,Non-metallic minerals,civil_infrastructure,1915,12.453697909958905
Latin America,Non-metallic minerals,civil_infrastructure,1916,12.44684501824193
Latin America,Non-metallic minerals,civil_infrastructure,1917,12.715502764329074
Latin America,Non-metallic minerals,civil_infrastructure,1918,12.942671276361224
Latin America,Non-metallic minerals,civil_infrastructure,1919,13.912481439447388
Latin America,Non-metallic minerals,civil_infrastructure,1920,17.090422752774778
Latin America,Non-metallic minerals,civil_infrastructure,1921,18.242738870882416
Latin America,Non-metallic minerals,civil_infrastructure,1922,18.8388679362092
Latin America,Non-metallic minerals,civil_infrastructure,1923,18.951478972939825
Latin America,Non-metallic minerals,civil_infrastructure,1924,20.158113354141403
Latin America,Non-metallic minerals,civil_infrastructure,1925,19.944488197180615
Latin America,Non-metallic minerals,civil_infrastructure,1926,20.289900190307353
Latin America,Non-metallic minerals,civil_infrastructure,1927,21.237404434809747
Latin America,Non-metallic minerals,civil_infrastructure,1928,22.633621806096645
Latin America,Non-metallic minerals,civil_infrastructure,1929,24.610815503377538
Latin America,Non-metallic minerals,civil_infrastructure,1930,23.70367055618805
Latin America,Non-metallic minerals,civil_infrastructure,1931,20.840280202238155
Latin America,Non-metallic minerals,civil_infrastructure,1932,19.38757741105893
Latin America,Non-metallic minerals,civil_infrastructure,1933,20.070266420076738
Latin America,Non-metallic minerals,civil_infrastructure,1934,22.499662938481354
Latin America,Non-metallic minerals,civil_infrastructure,1935,24.53141308666105
Latin America,Non-metallic minerals,civil_infrastructure,1936,26.40929731721542
Latin America,Non-metallic minerals,civil_infrastructure,1937,29.316514612797587
Latin America,Non-metallic minerals,civil_infrastructure,1938,30.356806991770295
Latin America,Non-metallic minerals,civil_infrastructure,1939,32.134893891473865
Latin America,Non-metallic minerals,civil_infrastructure,1940,33.73475262959503
Latin America,Non-metallic minerals,civil_infrastructure,1941,35.477717515281746
Latin America,Non-metallic minerals,civil_infrastructure,1942,36.21344666055385
Latin America,Non-metallic minerals,civil_infrastructure,1943,37.61649355623385
Latin America,Non-metallic minerals,civil_infrastructure,1944,41.49741268690355
Latin America,Non-metallic minerals,civil_infrastructure,1945,40.91883004587564
Latin America,Non-metallic minerals,civil_infrastructure,1946,44.297785328324196
Latin America,Non-metallic minerals,civil_infrastructure,1947,48.09294760065888
Latin America,Non-metallic minerals,civil_infrastructure,1948,52.098635989229784
Latin America,Non-metallic minerals,civil_infrastructure,1949,55.250812925023055
Latin America,Non-metallic minerals,civil_infrastructure,1950,64.10885175829392
Latin America,Non-metallic minerals,civil_infrastructure,1951,74.39432149012752
Latin America,Non-metallic minerals,civil_infrastructure,1952,82.9516010276124
Latin America,Non-metallic minerals,civil_infrastructure,1953,81.89415868811598
Latin America,Non-metallic minerals,civil_infrastructure,1954,86.74409990627095
Latin America,Non-metallic minerals,civil_infrastructure,1955,95.7851163906
Latin America,Non-metallic minerals,civil_infrastructure,1956,111.89006224615444
Latin America,Non-metallic minerals,civil_infrastructure,1957,149.10206197575718
Latin America,Non-metallic minerals,civil_infrastructure,1958,197.76851299377108
Latin America,Non-metallic minerals,civil_infrastructure,1959,187.11361756878605
Latin America,Non-metallic minerals,civil_infrastructure,1960,207.24696462243404
Latin America,Non-metallic minerals,civil_infrastructure,1961,222.5640131933456
Latin America,Non-metallic minerals,civil_infrastructure,1962,233.51404240986713
Latin America,Non-metallic minerals,civil_infrastructure,1963,217.95382015123226
Latin America,Non-metallic minerals,civil_infrastructure,1964,243.35664157872927
Latin America,Non-metallic minerals,civil_infrastructure,1965,257.3752055366176
Latin America,Non-metallic minerals,civil_infrastructure,1966,299.518544748338
Latin America,Non-metallic minerals,civil_infrastructure,1967,325.65109984063594
Latin America,Non-metallic minerals,civil_infrastructure,1968,380.210561589659
Latin America,Non-metallic minerals,civil_infrastructure,1969,418.81061832348536
Latin America,Non-metallic minerals,civil_infrastructure,1970,435.4025592888839
Latin America,Non-metallic minerals,civil_infrastructure,1971,449.38618193194276
Latin America,Non-metallic minerals,civil_infrastructure,1972,483.09438040689594
Latin America,Non-metallic minerals,civil_infrastructure,1973,462.16491009414415
Latin America,Non-metallic minerals,civil_infrastructure,1974,412.091884838603
Latin America,Non-metallic minerals,civil_infrastructure,1975,403.74233849416044
Latin America,Non-metallic minerals,civil_infrastructure,1976,461.93325675453053
Latin America,Non-metallic minerals,civil_infrastructure,1977,488.00475497956194
Latin America,Non-metallic minerals,civil_infrastructure,1978,562.7880394716357
Latin America,Non-metallic minerals,civil_infrastructure,1979,623.0874581254056
Latin America,Non-metallic minerals,civil_infrastructure,1980,613.6071655801372
Latin America,Non-metallic minerals,civil_infrastructure,1981,631.371085981459
Latin America,Non-metallic minerals,civil_infrastructure,1982,620.6630015110347
Latin America,Non-metallic minerals,civil_infrastructure,1983,547.5622629906835
Latin America,Non-metallic minerals,civil_infrastructure,1984,561.7466808403859
Latin America,Non-metallic minerals,civil_infrastructure,1985,590.096420029344
Latin America,Non-metallic minerals,civil_infrastructure,1986,618.3023075316296
Latin America,Non-metallic minerals,civil_infrastructure,1987,646.5020638834884
Latin America,Non-metallic minerals,civil_infrastructure,1988,645.395006751567
Latin America,Non-metallic minerals,civil_infrastructure,1989,616.5294506999749
Latin America,Non-metallic minerals,civil_infrastructure,1990,609.9688043812299
Latin America,Non-metallic minerals,civil_infrastructure,1991,592.1599700376566
Latin America,Non-metallic minerals,civil_infrastructure,1992,580.8210365742616
Latin America,Non-metallic minerals,civil_infrastructure,1993,577.6564537511196
Latin America,Non-metallic minerals,civil_infrastructure,1994,620.4701282450202
Latin America,Non-metallic minerals,civil_infrastructure,1995,588.398140574089
Latin America,Non-metallic minerals,civil_infrastructure,1996,602.7235073070494
Latin America,Non-metallic minerals,civil_infrastructure,1997,649.7660121228258
Latin America,Non-metallic minerals,civil_infrastructure,1998,704.85902164806555
Latin America,Non-metallic minerals,civil_infrastructure,1999,703.1088323179458
Latin America,Non-metallic minerals,civil_infrastructure,2000,713.572012619002
Latin America,Non-metallic minerals,civil_infrastructure,2001,692.6091418080171
Latin America,Non-metallic minerals,civil_infrastructure,2002,669.0101786777554
Latin America,Non-metallic minerals,civil_infrastructure,2003,621.9260384335937
Latin America,Non-metallic minerals,civil_infrastructure,2004,676.8807813488188
Latin America,Non-metallic minerals,civil_infrastructure,2005,752.5265267800572
Latin America,Non-metallic minerals,civil_infrastructure,2006,749.1728683741545
Latin America,Non-metallic minerals,civil_infrastructure,2007,832.7028252291068
Latin America,Non-metallic minerals,civil_infrastructure,2008,860.8879075477771
Latin America,Non-metallic minerals,civil_infrastructure,2009,870.8633536067229
Latin America,Non-metallic minerals,civil_infrastructure,2010,964.7587022303261
Latin America,Non-metallic minerals,civil_infrastructure,2011,1006.8553039361287
Latin America,Non-metallic minerals,civil_infrastructure,2012,1023.0368744938063
Latin America,Non-metallic minerals,civil_infrastructure,2013,1025.9609976965335
Latin America,Non-metallic minerals,civil_infrastructure,2014,1062.986438089815
Latin America,Non-metallic minerals,civil_infrastructure,2015,999.9952229088675
Latin America,Non-metallic minerals,civil_infrastructure,2016,958.2744481549564
Latin America,Non-metallic minerals,machinery,1900,0.012315394634760338
Latin America,Non-metallic minerals,machinery,1901,0.012813298084754201
Latin America,Non-metallic minerals,machinery,1902,0.013349564801023452
Latin America,Non-metallic minerals,machinery,1903,0.013884978293335373
Latin America,Non-metallic minerals,machinery,1904,0.014417372719841778
Latin America,Non-metallic minerals,machinery,1905,0.01500649419196145
Latin America,Non-metallic minerals,machinery,1906,0.015591750739467064
Latin America,Non-metallic minerals,machinery,1907,0.016153646584838675
Latin America,Non-metallic minerals,machinery,1908,0.01667124330447807
Latin America,Non-metallic minerals,machinery,1909,0.017272268621781082
Latin America,Non-metallic minerals,machinery,1910,0.017919621955047423
Latin America,Non-metallic minerals,machinery,1911,0.018548080604384294
Latin America,Non-metallic minerals,machinery,1912,0.01923159082856283
Latin America,Non-metallic minerals,machinery,1913,0.019893344791338915
Latin America,Non-metallic minerals,machinery,1914,0.020367656585540902
Latin America,Non-metallic minerals,machinery,1915,0.02081323360062438
Latin America,Non-metallic minerals,machinery,1916,0.02164068884464173
Latin America,Non-metallic minerals,machinery,1917,0.022285352125151803
Latin America,Non-metallic minerals,machinery,1918,0.022872153801217363
Latin America,Non-metallic minerals,machinery,1919,0.023705550714321753
Latin America,Non-metallic minerals,machinery,1920,0.02458229300426221
Latin America,Non-metallic minerals,machinery,1921,0.025182853694723492
Latin America,Non-metallic minerals,machinery,1922,0.026224170710161896
Latin America,Non-metallic minerals,machinery,1923,0.02719563987844447
Latin America,Non-metallic minerals,machinery,1924,0.028223755401725777
Latin America,Non-metallic minerals,machinery,1925,0.029246432411186157
Latin America,Non-metallic minerals,machinery,1926,0.030217807873012183
Latin America,Non-metallic minerals,machinery,1927,0.031255293101483984
Latin America,Non-metallic minerals,machinery,1928,0.03231468536536071
Latin America,Non-metallic minerals,machinery,1929,0.03338760073328235
Latin America,Non-metallic minerals,machinery,1930,0.03421478040001852
Latin America,Non-metallic minerals,machinery,1931,0.03498899924327149
Latin America,Non-metallic minerals,machinery,1932,0.035791618752110704
Latin America,Non-metallic minerals,machinery,1933,0.03680948462429546
Latin America,Non-metallic minerals,machinery,1934,0.03794689053656242
Latin America,Non-metallic minerals,machinery,1935,0.03910683760438073
Latin America,Non-metallic minerals,machinery,1936,0.04027929005187897
Latin America,Non-metallic minerals,machinery,1937,0.04158144348250145
Latin America,Non-metallic minerals,machinery,1938,0.04258132619643835
Latin America,Non-metallic minerals,machinery,1939,0.04385130726901741
Latin America,Non-metallic minerals,machinery,1940,0.04508446535954456
Latin America,Non-metallic minerals,machinery,1941,0.04658712627863508
Latin America,Non-metallic minerals,machinery,1942,0.0481636400897966
Latin America,Non-metallic minerals,machinery,1943,0.049744380352523716
Latin America,Non-metallic minerals,machinery,1944,0.051384842725199706
Latin America,Non-metallic minerals,machinery,1945,0.05307215726070285
Latin America,Non-metallic minerals,machinery,1946,0.05477665092853018
Latin America,Non-metallic minerals,machinery,1947,0.05725541689889072
Latin America,Non-metallic minerals,machinery,1948,0.05915154873844893
Latin America,Non-metallic minerals,machinery,1949,0.06109717767726615
Latin America,Non-metallic minerals,machinery,1950,0.06398253799179227
Latin America,Non-metallic minerals,machinery,1951,0.07250941907892525
Latin America,Non-metallic minerals,machinery,1952,0.08131686076186552
Latin America,Non-metallic minerals,machinery,1953,0.09066439129320816
Latin America,Non-metallic minerals,machinery,1954,0.10049893180336517
Latin America,Non-metallic minerals,machinery,1955,0.11095645471355416
Latin America,Non-metallic minerals,machinery,1956,0.12178523547855202
Latin America,Non-metallic minerals,machinery,1957,0.13325360620876228
Latin America,Non-metallic minerals,machinery,1958,0.14483291971943366
Latin America,Non-metallic minerals,machinery,1959,0.1575687112411402
Latin America,Non-metallic minerals,machinery,1960,0.17102321387369943
Latin America,Non-metallic minerals,machinery,1961,0.1846636665059726
Latin America,Non-metallic minerals,machinery,1962,0.19904180270740338
Latin America,Non-metallic minerals,machinery,1963,0.21388111491498832
Latin America,Non-metallic minerals,machinery,1964,0.22897031625175654
Latin America,Non-metallic minerals,machinery,1965,0.24488803257657055
Latin America,Non-metallic minerals,machinery,1966,0.26244617798930703
Latin America,Non-metallic minerals,machinery,1967,0.2778123540487393
Latin America,Non-metallic minerals,machinery,1968,0.2959152824026706
Latin America,Non-metallic minerals,machinery,1969,0.31513535138690824
Latin America,Non-metallic minerals,machinery,1970,0.33604358671322876
Latin America,Non-metallic minerals,machinery,1971,0.3489595754939954
Latin America,Non-metallic minerals,machinery,1972,0.36425754867653015
Latin America,Non-metallic minerals,machinery,1973,0.3849884379064053
Latin America,Non-metallic minerals,machinery,1974,0.3992889609051782
Latin America,Non-metallic minerals,machinery,1975,0.4115616014616848
Latin America,Non-metallic minerals,machinery,1976,0.4328491760526313
Latin America,Non-metallic minerals,machinery,1977,0.44741944277218637
Latin America,Non-metallic minerals,machinery,1978,0.4675897597448445
Latin America,Non-metallic minerals,machinery,1979,0.48942344602830684
Latin America,Non-metallic minerals,machinery,1980,0.5049739505249551
Latin America,Non-metallic minerals,machinery,1981,0.5173977580906527
Latin America,Non-metallic minerals,machinery,1982,0.5331422781446882
Latin America,Non-metallic minerals,machinery,1983,0.5462961941980334
Latin America,Non-metallic minerals,machinery,1984,0.5608683618430509
Latin America,Non-metallic minerals,machinery,1985,0.5776265438770736
Latin America,Non-metallic minerals,machinery,1986,0.6001380540471374
Latin America,Non-metallic minerals,machinery,1987,0.6194595224541745
Latin America,Non-metallic minerals,machinery,1988,0.6398271932959602
Latin America,Non-metallic minerals,machinery,1989,0.6761037780428438
Latin America,Non-metallic minerals,machinery,1990,0.8658956729209719
Latin America,Non-metallic minerals,machinery,1991,0.9609038359036979
Latin America,Non-metallic minerals,machinery,1992,0.5837731883481994
Latin America,Non-metallic minerals,machinery,1993,0.6491926612252524
Latin America,Non-metallic minerals,machinery,1994,0.6104674717744029
Latin America,Non-metallic minerals,machinery,1995,0.24785385365985066
Latin America,Non-metallic minerals,machinery,1996,0.29272762080167647
Latin America,Non-metallic minerals,machinery,1997,0.23684861315713343
Latin America,Non-metallic minerals,machinery,1998,0.19239553562018866
Latin America,Non-metallic minerals,machinery,1999,0.21832349953029484
Latin America,Non-metallic minerals,machinery,2000,0.21106078348411764
Latin America,Non-metallic minerals,machinery,2001,0.23955791787986327
Latin America,Non-metallic minerals,machinery,2002,0.23009622769216764
Latin America,Non-metallic minerals,machinery,2003,0.21469837495272923
Latin America,Non-metallic minerals,machinery,2004,0.24894742622349902
Latin America,Non-metallic minerals,machinery,2005,0.23498282170671633
Latin America,Non-metallic minerals,machinery,2006,0.23697709319479665
Latin America,Non-metallic minerals,machinery,2007,0.2599567663984902
Latin America,Non-metallic minerals,machinery,2008,0.2532568383627014
Latin America,Non-metallic minerals,machinery,2009,0.23209317555475675
Latin America,Non-metallic minerals,machinery,2010,0.35270671753712984
Latin America,Non-metallic minerals,machinery,2011,0.356103619105201
Latin America,Non-metallic minerals,machinery,2012,0.32342762081109794
Latin America,Non-metallic minerals,machinery,2013,0.4070184780471157
Latin America,Non-metallic minerals,machinery,2014,0.38379083483128723
Latin America,Non-metallic minerals,machinery,2015,0.4135082509317348
Latin America,Non-metallic minerals,machinery,2016,0.44888250199289026
Latin America,Non-metallic minerals,short_lived,1900,0.24843054097080663
Latin America,Non-metallic minerals,short_lived,1901,0.26081447144512077
Latin America,Non-metallic minerals,short_lived,1902,0.27357744589788047
Latin America,Non-metallic minerals,short_lived,1903,0.2865634066518406
Latin America,Non-metallic minerals,short_lived,1904,0.2995521844473689
Latin America,Non-metallic minerals,short_lived,1905,0.31303545060573207
Latin America,Non-metallic minerals,short_lived,1906,0.3267659712872722
Latin America,Non-metallic minerals,short_lived,1907,0.34048545394368385
Latin America,Non-metallic minerals,short_lived,1908,0.35411876705794415
Latin America,Non-metallic minerals,short_lived,1909,0.3684173377448937
Latin America,Non-metallic minerals,short_lived,1910,0.38304933634364136
Latin America,Non-metallic minerals,short_lived,1911,0.3984613721912952
Latin America,Non-metallic minerals,short_lived,1912,0.4142754518813472
Latin America,Non-metallic minerals,short_lived,1913,0.42983861078141566
Latin America,Non-metallic minerals,short_lived,1914,0.4440544231183182
Latin America,Non-metallic minerals,short_lived,1915,0.45659616670856285
Latin America,Non-metallic minerals,short_lived,1916,0.47112977845314274
Latin America,Non-metallic minerals,short_lived,1917,0.484138297150022
Latin America,Non-metallic minerals,short_lived,1918,0.49581906973451256
Latin America,Non-metallic minerals,short_lived,1919,0.5057701093377838
Latin America,Non-metallic minerals,short_lived,1920,0.5220517838101493
Latin America,Non-metallic minerals,short_lived,1921,0.5376016352337658
Latin America,Non-metallic minerals,short_lived,1922,0.5565640495888335
Latin America,Non-metallic minerals,short_lived,1923,0.5758758661975869
Latin America,Non-metallic minerals,short_lived,1924,0.5955541112995352
Latin America,Non-metallic minerals,short_lived,1925,0.6152871967945002
Latin America,Non-metallic minerals,short_lived,1926,0.6351274718092679
Latin America,Non-metallic minerals,short_lived,1927,0.6551029880247817
Latin America,Non-metallic minerals,short_lived,1928,0.6754664316576844
Latin America,Non-metallic minerals,short_lived,1929,0.6956417933396328
Latin America,Non-metallic minerals,short_lived,1930,0.7154016650559021
Latin America,Non-metallic minerals,short_lived,1931,0.7358827634402695
Latin America,Non-metallic minerals,short_lived,1932,0.7563618821953243
Latin America,Non-metallic minerals,short_lived,1933,0.7782933641560418
Latin America,Non-metallic minerals,short_lived,1934,0.8007983240852673
Latin America,Non-metallic minerals,short_lived,1935,0.8240965874966495
Latin America,Non-metallic minerals,short_lived,1936,0.8470248463117697
Latin America,Non-metallic minerals,short_lived,1937,0.8714004428216792
Latin America,Non-metallic minerals,short_lived,1938,0.8941215681767566
Latin America,Non-metallic minerals,short_lived,1939,0.9187958511455265
Latin America,Non-metallic minerals,short_lived,1940,0.9427308665917867
Latin America,Non-metallic minerals,short_lived,1941,0.9660831399940123
Latin America,Non-metallic minerals,short_lived,1942,0.99196368927101
Latin America,Non-metallic minerals,short_lived,1943,1.0166400082048317
Latin America,Non-metallic minerals,short_lived,1944,1.042597237022562
Latin America,Non-metallic minerals,short_lived,1945,1.0644592439224927
Latin America,Non-metallic minerals,short_lived,1946,1.073455491642431
Latin America,Non-metallic minerals,short_lived,1947,1.0855100630450347
Latin America,Non-metallic minerals,short_lived,1948,1.1199353183778342
Latin America,Non-metallic minerals,short_lived,1949,1.1541611393072837
Latin America,Non-metallic minerals,short_lived,1950,1.198223835476666
Latin America,Non-metallic minerals,short_lived,1951,1.2460601061525427
Latin America,Non-metallic minerals,short_lived,1952,1.295574137240794
Latin America,Non-metallic minerals,short_lived,1953,1.3475506360455158
Latin America,Non-metallic minerals,short_lived,1954,1.4022387782947752
Latin America,Non-metallic minerals,short_lived,1955,1.459324482598595
Latin America,Non-metallic minerals,short_lived,1956,1.5178796694290737
Latin America,Non-metallic minerals,short_lived,1957,1.5806161979361317
Latin America,Non-metallic minerals,short_lived,1958,1.6431613319823797
Latin America,Non-metallic minerals,short_lived,1959,1.7090537210138763
Latin America,Non-metallic minerals,short_lived,1960,1.771069722353621
Latin America,Non-metallic minerals,short_lived,1961,1.8347804592260852
Latin America,Non-metallic minerals,short_lived,1962,1.908047854146897
Latin America,Non-metallic minerals,short_lived,1963,1.988069823258391
Latin America,Non-metallic minerals,short_lived,1964,2.076100641707887
Latin America,Non-metallic minerals,short_lived,1965,2.160831448053341
Latin America,Non-metallic minerals,short_lived,1966,2.250885027668746
Latin America,Non-metallic minerals,short_lived,1967,2.3360809314215087
Latin America,Non-metallic minerals,short_lived,1968,2.42529107075658
Latin America,Non-metallic minerals,short_lived,1969,2.5241249061705724
Latin America,Non-metallic minerals,short_lived,1970,2.629496858944436
Latin America,Non-metallic minerals,short_lived,1971,2.8951890772100253
Latin America,Non-metallic minerals,short_lived,1972,3.07024510254295
Latin America,Non-metallic minerals,short_lived,1973,3.3309994563356957
Latin America,Non-metallic minerals,short_lived,1974,3.5928461484073395
Latin America,Non-metallic minerals,short_lived,1975,3.533617274898204
Latin America,Non-metallic minerals,short_lived,1976,3.801053504213427
Latin America,Non-metallic minerals,short_lived,1977,3.8409269593153366
Latin America,Non-metallic minerals,short_lived,1978,4.114863751535067
Latin America,Non-metallic minerals,short_lived,1979,4.352682580623665
Latin America,Non-metallic minerals,short_lived,1980,4.7470866601742525
Latin America,Non-metallic minerals,short_lived,1981,4.65146359930466
Latin America,Non-metallic minerals,short_lived,1982,4.392701635036971
Latin America,Non-metallic minerals,short_lived,1983,4.443876013143754
Latin America,Non-metallic minerals,short_lived,1984,4.660500957599183
Latin America,Non-metallic minerals,short_lived,1985,4.77247957512136
Latin America,Non-metallic minerals,short_lived,1986,4.288557137792902
Latin America,Non-metallic minerals,short_lived,1987,4.293884183407241
Latin America,Non-metallic minerals,short_lived,1988,4.109018622939542
Latin America,Non-metallic minerals,short_lived,1989,4.349819127625569
Latin America,Non-metallic minerals,short_lived,1990,4.171528884322524
Latin America,Non-metallic minerals,short_lived,1991,4.393916785952211
Latin America,Non-metallic minerals,short_lived,1992,4.301732626604607
Latin America,Non-metallic minerals,short_lived,1993,4.681270854312873
Latin America,Non-metallic minerals,short_lived,1994,4.976151074331367
Latin America,Non-metallic minerals,short_lived,1995,5.321463287425395
Latin America,Non-metallic minerals,short_lived,1996,5.892271202069903
Latin America,Non-metallic minerals,short_lived,1997,6.084440536335875
Latin America,Non-metallic minerals,short_lived,1998,6.1403579590142865
Latin America,Non-metallic minerals,short_lived,1999,5.972008053755459
Latin America,Non-metallic minerals,short_lived,2000,5.91133282930176
Latin America,Non-metallic minerals,short_lived,2001,6.155891606828224
Latin America,Non-metallic minerals,short_lived,2002,6.689895263591629
Latin America,Non-metallic minerals,short_lived,2003,6.498423117029356
Latin America,Non-metallic minerals,short_lived,2004,7.255249565702896
Latin America,Non-metallic minerals,short_lived,2005,7.092455731184528
Latin America,Non-metallic minerals,short_lived,2006,7.179925083878696
Latin America,Non-metallic minerals,short_lived,2007,7.422763659601472
Latin America,Non-metallic minerals,short_lived,2008,7.293388338981916
Latin America,Non-metallic minerals,short_lived,2009,6.925399482245294
Latin America,Non-metallic minerals,short_lived,2010,7.286909201589975
Latin America,Non-metallic minerals,short_lived,2011,7.447114135573533
Latin America,Non-metallic minerals,short_lived,2012,7.5929846683806845
Latin America,Non-metallic minerals,short_lived,2013,7.651243495448337
Latin America,Non-metallic minerals,short_lived,2014,7.975145741230192
Latin America,Non-metallic minerals,short_lived,2015,8.224911871499335
Latin America,Non-metallic minerals,short_lived,2016,8.661320598065446
Middle East & North Africa,Metal ores,buildings,1900,0.18181870311895582
Middle East & North Africa,Metal ores,buildings,1901,0.19053424427716725
Middle East & North Africa,Metal ores,buildings,1902,0.20253199514218556
Middle East & North Africa,Metal ores,buildings,1903,0.21169680917351702
Middle East & North Africa,Metal ores,buildings,1904,0.21844834303560617
Middle East & North Africa,Metal ores,buildings,1905,0.23421281328046292
Middle East & North Africa,Metal ores,buildings,1906,0.2474026208460609
Middle East & North Africa,Metal ores,buildings,1907,0.25428202294539787
Middle East & North Africa,Metal ores,buildings,1908,0.25071369928738707
Middle East & North Africa,Metal ores,buildings,1909,0.26114419991210464
Middle East & North Africa,Metal ores,buildings,1910,0.27885169002241667
Middle East & North Africa,Metal ores,buildings,1911,0.2917847250784382
Middle East & North Africa,Metal ores,buildings,1912,0.313019427904349
Middle East & North Africa,Metal ores,buildings,1913,0.32873073290931204
Middle East & North Africa,Metal ores,buildings,1914,0.2934852735958226
Middle East & North Africa,Metal ores,buildings,1915,0.25346509708864606
Middle East & North Africa,Metal ores,buildings,1916,0.2855036156576616
Middle East & North Africa,Metal ores,buildings,1917,0.2809775301969379
Middle East & North Africa,Metal ores,buildings,1918,0.2622237421855495
Middle East & North Africa,Metal ores,buildings,1919,0.28785181096068085
Middle East & North Africa,Metal ores,buildings,1920,0.31313350024838615
Middle East & North Africa,Metal ores,buildings,1921,0.27788016254949083
Middle East & North Africa,Metal ores,buildings,1922,0.3169369983814826
Middle East & North Africa,Metal ores,buildings,1923,0.33845633650388773
Middle East & North Africa,Metal ores,buildings,1924,0.36748518731389285
Middle East & North Africa,Metal ores,buildings,1925,0.3956931362029203
Middle East & North Africa,Metal ores,buildings,1926,0.41120706664671397
Middle East & North Africa,Metal ores,buildings,1927,0.43597823647298606
Middle East & North Africa,Metal ores,buildings,1928,0.4556769735400148
Middle East & North Africa,Metal ores,buildings,1929,0.4800240550124309
Middle East & North Africa,Metal ores,buildings,1930,0.4524476028431769
Middle East & North Africa,Metal ores,buildings,1931,0.4096519234939332
Middle East & North Africa,Metal ores,buildings,1932,0.36918585456554054
Middle East & North Africa,Metal ores,buildings,1933,0.3651263872395398
Middle East & North Africa,Metal ores,buildings,1934,0.3835085123743885
Middle East & North Africa,Metal ores,buildings,1935,0.3996619101981437
Middle East & North Africa,Metal ores,buildings,1936,0.4176464701205412
Middle East & North Africa,Metal ores,buildings,1937,0.4619807956095469
Middle East & North Africa,Metal ores,buildings,1938,0.42781593666854706
Middle East & North Africa,Metal ores,buildings,1939,0.4359816064486183
Middle East & North Africa,Metal ores,buildings,1940,0.4472337313112523
Middle East & North Africa,Metal ores,buildings,1941,0.4571189589549672
Middle East & North Africa,Metal ores,buildings,1942,0.4673941479364324
Middle East & North Africa,Metal ores,buildings,1943,0.4789719225793396
Middle East & North Africa,Metal ores,buildings,1944,0.49006609774891663
Middle East & North Africa,Metal ores,buildings,1945,0.5021131576221411
Middle East & North Africa,Metal ores,buildings,1946,0.5139764146899218
Middle East & North Africa,Metal ores,buildings,1947,0.526494592532908
Middle East & North Africa,Metal ores,buildings,1948,0.5391004423188226
Middle East & North Africa,Metal ores,buildings,1949,0.5518749864152067
Middle East & North Africa,Metal ores,buildings,1950,0.565163933002326
Middle East & North Africa,Metal ores,buildings,1951,0.6123512882240739
Middle East & North Africa,Metal ores,buildings,1952,0.6382434998755826
Middle East & North Africa,Metal ores,buildings,1953,0.6582134107004282
Middle East & North Africa,Metal ores,buildings,1954,0.7090667521179025
Middle East & North Africa,Metal ores,buildings,1955,0.8090293296970414
Middle East & North Africa,Metal ores,buildings,1956,0.8536923598786548
Middle East & North Africa,Metal ores,buildings,1957,0.9288021813166899
Middle East & North Africa,Metal ores,buildings,1958,0.9188376798268433
Middle East & North Africa,Metal ores,buildings,1959,0.9766647333200758
Middle East & North Africa,Metal ores,buildings,1960,1.0944063924737029
Middle East & North Africa,Metal ores,buildings,1961,1.1483155114418049
Middle East & North Africa,Metal ores,buildings,1962,1.2171874238588527
Middle East & North Africa,Metal ores,buildings,1963,1.2466468553298111
Middle East & North Africa,Metal ores,buildings,1964,1.38829415794481
Middle East & North Africa,Metal ores,buildings,1965,1.6110328002322047
Middle East & North Africa,Metal ores,buildings,1966,1.5728785071026827
Middle East & North Africa,Metal ores,buildings,1967,1.95077199115063
Middle East & North Africa,Metal ores,buildings,1968,2.3586616716373863
Middle East & North Africa,Metal ores,buildings,1969,2.4445480126014933
Middle East & North Africa,Metal ores,buildings,1970,2.3394684146129485
Middle East & North Africa,Metal ores,buildings,1971,2.5970819927052538
Middle East & North Africa,Metal ores,buildings,1972,2.810942624777193
Middle East & North Africa,Metal ores,buildings,1973,3.6050126041814274
Middle East & North Africa,Metal ores,buildings,1974,5.057940151074862
Middle East & North Africa,Metal ores,buildings,1975,6.173791324902314
Middle East & North Africa,Metal ores,buildings,1976,6.924281064634091
Middle East & North Africa,Metal ores,buildings,1977,7.359079742447559
Middle East & North Africa,Metal ores,buildings,1978,7.527197266614056
Middle East & North Africa,Metal ores,buildings,1979,7.793428218759343
Middle East & North Africa,Metal ores,buildings,1980,7.908421516534866
Middle East & North Africa,Metal ores,buildings,1981,9.064440594833474
Middle East & North Africa,Metal ores,buildings,1982,10.237720336662848
Middle East & North Africa,Metal ores,buildings,1983,10.026485578946522
Middle East & North Africa,Metal ores,buildings,1984,8.675169857516737
Middle East & North Africa,Metal ores,buildings,1985,8.597766683358254
Middle East & North Africa,Metal ores,buildings,1986,6.791764689270444
Middle East & North Africa,Metal ores,buildings,1987,5.8796558788335265
Middle East & North Africa,Metal ores,buildings,1988,6.27400843355967
Middle East & North Africa,Metal ores,buildings,1989,6.434739768531182
Middle East & North Africa,Metal ores,buildings,1990,7.411292566107391
Middle East & North Africa,Metal ores,buildings,1991,8.253594370888562
Middle East & North Africa,Metal ores,buildings,1992,8.897145234125587
Middle East & North Africa,Metal ores,buildings,1993,8.938785965880948
Middle East & North Africa,Metal ores,buildings,1994,8.850525751048407
Middle East & North Africa,Metal ores,buildings,1995,7.779896508879014
Middle East & North Africa,Metal ores,buildings,1996,8.967834980053542
Middle East & North Africa,Metal ores,buildings,1997,9.274883238893375
Middle East & North Africa,Metal ores,buildings,1998,10.856111872766641
Middle East & North Africa,Metal ores,buildings,1999,9.767168517894788
Middle East & North Africa,Metal ores,buildings,2000,9.368466309126461
Middle East & North Africa,Metal ores,buildings,2001,10.67608635702636
Middle East & North Africa,Metal ores,buildings,2002,11.775208048608343
Middle East & North Africa,Metal ores,buildings,2003,13.344763973260772
Middle East & North Africa,Metal ores,buildings,2004,14.304650027056526
Middle East & North Africa,Metal ores,buildings,2005,17.842669882513967
Middle East & North Africa,Metal ores,buildings,2006,17.75177225860143
Middle East & North Africa,Metal ores,buildings,2007,21.080848574049742
Middle East & North Africa,Metal ores,buildings,2008,22.06352834106797
Middle East & North Africa,Metal ores,buildings,2009,20.900410562518303
Middle East & North Africa,Metal ores,buildings,2010,21.290727917158293
Middle East & North Africa,Metal ores,buildings,2011,19.219125256147166
Middle East & North Africa,Metal ores,buildings,2012,21.230816268761778
Middle East & North Africa,Metal ores,buildings,2013,20.2101537187743
Middle East & North Africa,Metal ores,buildings,2014,22.940076750570178
Middle East & North Africa,Metal ores,buildings,2015,21.055056281999075
Middle East & North Africa,Metal ores,buildings,2016,22.02019793832941
Middle East & North Africa,Metal ores,civil_infrastructure,1900,0.13317483673858338
Middle East & North Africa,Metal ores,civil_infrastructure,1901,0.13916105108743015
Middle East & North Africa,Metal ores,civil_infrastructure,1902,0.1475781904333032
Middle East & North Africa,Metal ores,civil_infrastructure,1903,0.15391749861185217
Middle East & North Africa,Metal ores,civil_infrastructure,1904,0.15848894185893433
Middle East & North Africa,Metal ores,civil_infrastructure,1905,0.1696620596059338
Middle East & North Africa,Metal ores,civil_infrastructure,1906,0.1789479927549434
Middle East & North Africa,Metal ores,civil_infrastructure,1907,0.18361195764715116
Middle East & North Africa,Metal ores,civil_infrastructure,1908,0.180623945536626
Middle East & North Africa,Metal ores,civil_infrastructure,1909,0.18789017877953995
Middle East & North Africa,Metal ores,civil_infrastructure,1910,0.20048437935611546
Middle East & North Africa,Metal ores,civil_infrastructure,1911,0.2095797019547902
Middle East & North Africa,Metal ores,civil_infrastructure,1912,0.2247556724198188
Middle East & North Africa,Metal ores,civil_infrastructure,1913,0.23588515012267292
Middle East & North Africa,Metal ores,civil_infrastructure,1914,0.20969278685289125
Middle East & North Africa,Metal ores,civil_infrastructure,1915,0.18000953285656013
Middle East & North Africa,Metal ores,civil_infrastructure,1916,0.2031063804437281
Middle East & North Africa,Metal ores,civil_infrastructure,1917,0.199414209235899
Middle East & North Africa,Metal ores,civil_infrastructure,1918,0.1853049966539942
Middle East & North Africa,Metal ores,civil_infrastructure,1919,0.20370494577606876
Middle East & North Africa,Metal ores,civil_infrastructure,1920,0.22184860126666617
Middle East & North Africa,Metal ores,civil_infrastructure,1921,0.19624007666501017
Middle East & North Africa,Metal ores,civil_infrastructure,1922,0.22468825446730686
Middle East & North Africa,Metal ores,civil_infrastructure,1923,0.24035597529225594
Middle East & North Africa,Metal ores,civil_infrastructure,1924,0.26128361849525705
Middle East & North Africa,Metal ores,civil_infrastructure,1925,0.28167655589253054
Middle East & North Africa,Metal ores,civil_infrastructure,1926,0.29301876594018345
Middle East & North Africa,Metal ores,civil_infrastructure,1927,0.3109282563896252
Middle East & North Africa,Metal ores,civil_infrastructure,1928,0.3249553278452391
Middle East & North Africa,Metal ores,civil_infrastructure,1929,0.3430133093564191
Middle East & North Africa,Metal ores,civil_infrastructure,1930,0.3225455070306108
Middle East & North Africa,Metal ores,civil_infrastructure,1931,0.29082113953383354
Middle East & North Africa,Metal ores,civil_infrastructure,1932,0.26077423577761794
Middle East & North Africa,Metal ores,civil_infrastructure,1933,0.2573811407567031
Middle East & North Africa,Metal ores,civil_infrastructure,1934,0.270414031545587
Middle East & North Africa,Metal ores,civil_infrastructure,1935,0.28180183478967064
Middle East & North Africa,Metal ores,civil_infrastructure,1936,0.29480016442048995
Middle East & North Africa,Metal ores,civil_infrastructure,1937,0.32805429105675343
Middle East & North Africa,Metal ores,civil_infrastructure,1938,0.3006084446087625
Middle East & North Africa,Metal ores,civil_infrastructure,1939,0.3056935652571141
Middle East & North Africa,Metal ores,civil_infrastructure,1940,0.3135139334127225
Middle East & North Africa,Metal ores,civil_infrastructure,1941,0.32010029265418444
Middle East & North Africa,Metal ores,civil_infrastructure,1942,0.3270574600256345
Middle East & North Africa,Metal ores,civil_infrastructure,1943,0.33518893572108893
Middle East & North Africa,Metal ores,civil_infrastructure,1944,0.3428759294095314
Middle East & North Africa,Metal ores,civil_infrastructure,1945,0.3514273180874126
Middle East & North Africa,Metal ores,civil_infrastructure,1946,0.3598145090812442
Middle East & North Africa,Metal ores,civil_infrastructure,1947,0.3687595886035047
Middle East & North Africa,Metal ores,civil_infrastructure,1948,0.377789352058884
Middle East & North Africa,Metal ores,civil_infrastructure,1949,0.3866247949873002
Middle East & North Africa,Metal ores,civil_infrastructure,1950,0.39565570021825375
Middle East & North Africa,Metal ores,civil_infrastructure,1951,0.42980802747732133
Middle East & North Africa,Metal ores,civil_infrastructure,1952,0.44846664285465176
Middle East & North Africa,Metal ores,civil_infrastructure,1953,0.4638880600045611
Middle East & North Africa,Metal ores,civil_infrastructure,1954,0.5021355459793095
Middle East & North Africa,Metal ores,civil_infrastructure,1955,0.5752018002706416
Middle East & North Africa,Metal ores,civil_infrastructure,1956,0.6059582969114812
Middle East & North Africa,Metal ores,civil_infrastructure,1957,0.6611690723779855
Middle East & North Africa,Metal ores,civil_infrastructure,1958,0.6548615784191565
Middle East & North Africa,Metal ores,civil_infrastructure,1959,0.6992288098599301
Middle East & North Africa,Metal ores,civil_infrastructure,1960,0.7866730679797824
Middle East & North Africa,Metal ores,civil_infrastructure,1961,0.8268695898241176
Middle East & North Africa,Metal ores,civil_infrastructure,1962,0.8725775038287039
Middle East & North Africa,Metal ores,civil_infrastructure,1963,0.9015342887079794
Middle East & North Africa,Metal ores,civil_infrastructure,1964,0.9646424139291511
Middle East & North Africa,Metal ores,civil_infrastructure,1965,1.1637436014887232
Middle East & North Africa,Metal ores,civil_infrastructure,1966,1.2041093351543801
Middle East & North Africa,Metal ores,civil_infrastructure,1967,1.5271162084397172
Middle East & North Africa,Metal ores,civil_infrastructure,1968,1.6980779584501748
Middle East & North Africa,Metal ores,civil_infrastructure,1969,1.7778640687641942
Middle East & North Africa,Metal ores,civil_infrastructure,1970,1.6811465709753455
Middle East & North Africa,Metal ores,civil_infrastructure,1971,1.9019543522308946
Middle East & North Africa,Metal ores,civil_infrastructure,1972,2.104242676167077
Middle East & North Africa,Metal ores,civil_infrastructure,1973,2.76700012357124
Middle East & North Africa,Metal ores,civil_infrastructure,1974,4.074448218369065
Middle East & North Africa,Metal ores,civil_infrastructure,1975,5.1475415605231385
Middle East & North Africa,Metal ores,civil_infrastructure,1976,6.017940751032418
Middle East & North Africa,Metal ores,civil_infrastructure,1977,6.377403504804443
Middle East & North Africa,Metal ores,civil_infrastructure,1978,6.471330416360016
Middle East & North Africa,Metal ores,civil_infrastructure,1979,6.747472150021105
Middle East & North Africa,Metal ores,civil_infrastructure,1980,6.995427846915158
Middle East & North Africa,Metal ores,civil_infrastructure,1981,7.9096490480536605
Middle East & North Africa,Metal ores,civil_infrastructure,1982,8.938792085205282
Middle East & North Africa,Metal ores,civil_infrastructure,1983,8.639212345717263
Middle East & North Africa,Metal ores,civil_infrastructure,1984,7.549361813954881
Middle East & North Africa,Metal ores,civil_infrastructure,1985,7.463328108213244
Middle East & North Africa,Metal ores,civil_infrastructure,1986,5.84671957841472
Middle East & North Africa,Metal ores,civil_infrastructure,1987,4.955355920907298
Middle East & North Africa,Metal ores,civil_infrastructure,1988,5.179385086540656
Middle East & North Africa,Metal ores,civil_infrastructure,1989,5.42600849966965
Middle East & North Africa,Metal ores,civil_infrastructure,1990,6.072098204726974
Middle East & North Africa,Metal ores,civil_infrastructure,1991,6.708281939189322
Middle East & North Africa,Metal ores,civil_infrastructure,1992,7.28154343508753
Middle East & North Africa,Metal ores,civil_infrastructure,1993,7.212065283680883
Middle East & North Africa,Metal ores,civil_infrastructure,1994,7.399867519500148
Middle East & North Africa,Metal ores,civil_infrastructure,1995,9.531879997099097
Middle East & North Africa,Metal ores,civil_infrastructure,1996,10.878797555639983
Middle East & North Africa,Metal ores,civil_infrastructure,1997,11.360573233296675
Middle East & North Africa,Metal ores,civil_infrastructure,1998,12.116635872044544
Middle East & North Africa,Metal ores,civil_infrastructure,1999,12.184606570040382
Middle East & North Africa,Metal ores,civil_infrastructure,2000,11.748693082886719
Middle East & North Africa,Metal ores,civil_infrastructure,2001,13.64663913566996
Middle East & North Africa,Metal ores,civil_infrastructure,2002,14.787568188768496
Middle East & North Africa,Metal ores,civil_infrastructure,2003,16.484647272298357
Middle East & North Africa,Metal ores,civil_infrastructure,2004,17.87561300874595
Middle East & North Africa,Metal ores,civil_infrastructure,2005,17.639551470745502
Middle East & North Africa,Metal ores,civil_infrastructure,2006,20.945305856180152
Middle East & North Africa,Metal ores,civil_infrastructure,2007,25.47484053770852
Middle East & North Africa,Metal ores,civil_infrastructure,2008,30.2115562432965
Middle East & North Africa,Metal ores,civil_infrastructure,2009,26.57025054595239
Middle East & North Africa,Metal ores,civil_infrastructure,2010,30.495607475485183
Middle East & North Africa,Metal ores,civil_infrastructure,2011,30.43451263282618
Middle East & North Africa,Metal ores,civil_infrastructure,2012,32.328128384909604
Middle East & North Africa,Metal ores,civil_infrastructure,2013,32.47237657420784
Middle East & North Africa,Metal ores,civil_infrastructure,2014,31.820655646631277
Middle East & North Africa,Metal ores,civil_infrastructure,2015,35.1986674166479
Middle East & North Africa,Metal ores,civil_infrastructure,2016,33.7770396373271
Middle East & North Africa,Metal ores,machinery,1900,0.17410374712387222
Middle East & North Africa,Metal ores,machinery,1901,0.18278048666923571
Middle East & North Africa,Metal ores,machinery,1902,0.19415670147266206
Middle East & North Africa,Metal ores,machinery,1903,0.2026950251411299
Middle East & North Africa,Metal ores,machinery,1904,0.2089066369695081
Middle East & North Africa,Metal ores,machinery,1905,0.2237344751710821
Middle East & North Africa,Metal ores,machinery,1906,0.23611174800208617
Middle East & North Africa,Metal ores,machinery,1907,0.2424406871651126
Middle East & North Africa,Metal ores,machinery,1908,0.2387423085416958
Middle East & North Africa,Metal ores,machinery,1909,0.24841735164176673
Middle East & North Africa,Metal ores,machinery,1910,0.2651157301861688
Middle East & North Africa,Metal ores,machinery,1911,0.27730626054441987
Middle East & North Africa,Metal ores,machinery,1912,0.2974618047470138
Middle East & North Africa,Metal ores,machinery,1913,0.312376492440409
Middle East & North Africa,Metal ores,machinery,1914,0.2785240600594853
Middle East & North Africa,Metal ores,machinery,1915,0.23989751038565765
Middle East & North Africa,Metal ores,machinery,1916,0.2702112818092984
Middle East & North Africa,Metal ores,machinery,1917,0.26582652829077585
Middle East & North Africa,Metal ores,machinery,1918,0.24765874982367916
Middle East & North Africa,Metal ores,machinery,1919,0.2719034021878255
Middle East & North Africa,Metal ores,machinery,1920,0.29591486006719814
Middle East & North Africa,Metal ores,machinery,1921,0.27432830364801086
Middle East & North Africa,Metal ores,machinery,1922,0.3159052837921637
Middle East & North Africa,Metal ores,machinery,1923,0.3431217854697748
Middle East & North Africa,Metal ores,machinery,1924,0.3718482059641295
Middle East & North Africa,Metal ores,machinery,1925,0.4011084738512975
Middle East & North Africa,Metal ores,machinery,1926,0.42379697471980515
Middle East & North Africa,Metal ores,machinery,1927,0.450543186399509
Middle East & North Africa,Metal ores,machinery,1928,0.46880963633301237
Middle East & North Africa,Metal ores,machinery,1929,0.5056435803751999
Middle East & North Africa,Metal ores,machinery,1930,0.48160399907207435
Middle East & North Africa,Metal ores,machinery,1931,0.44028247799749276
Middle East & North Africa,Metal ores,machinery,1932,0.4003897446751382
Middle East & North Africa,Metal ores,machinery,1933,0.3949781780964452
Middle East & North Africa,Metal ores,machinery,1934,0.41111533982911486
Middle East & North Africa,Metal ores,machinery,1935,0.42557633940278794
Middle East & North Africa,Metal ores,machinery,1936,0.44831891636779175
Middle East & North Africa,Metal ores,machinery,1937,0.5177140160919462
Middle East & North Africa,Metal ores,machinery,1938,0.43865152845204497
Middle East & North Africa,Metal ores,machinery,1939,0.43397230537603393
Middle East & North Africa,Metal ores,machinery,1940,0.4434467069696111
Middle East & North Africa,Metal ores,machinery,1941,0.4465012950281301
Middle East & North Africa,Metal ores,machinery,1942,0.45222945273630916
Middle East & North Africa,Metal ores,machinery,1943,0.4634078560042844
Middle East & North Africa,Metal ores,machinery,1944,0.4725830446095622
Middle East & North Africa,Metal ores,machinery,1945,0.48601872871203927
Middle East & North Africa,Metal ores,machinery,1946,0.4989484651540383
Middle East & North Africa,Metal ores,machinery,1947,0.5149661813248063
Middle East & North Africa,Metal ores,machinery,1948,0.5320668168382959
Middle East & North Africa,Metal ores,machinery,1949,0.5486497027044077
Middle East & North Africa,Metal ores,machinery,1950,0.5656532134949334
Middle East & North Africa,Metal ores,machinery,1951,0.6182748976525155
Middle East & North Africa,Metal ores,machinery,1952,0.6527448961593207
Middle East & North Africa,Metal ores,machinery,1953,0.6696957630862979
Middle East & North Africa,Metal ores,machinery,1954,0.7193038696960143
Middle East & North Africa,Metal ores,machinery,1955,0.8191855577008097
Middle East & North Africa,Metal ores,machinery,1956,0.8631862517367986
Middle East & North Africa,Metal ores,machinery,1957,0.9386824971153473
Middle East & North Africa,Metal ores,machinery,1958,0.931339277180145
Middle East & North Africa,Metal ores,machinery,1959,0.9772409404846923
Middle East & North Africa,Metal ores,machinery,1960,1.095908838870079
Middle East & North Africa,Metal ores,machinery,1961,1.14522180874812
Middle East & North Africa,Metal ores,machinery,1962,1.2007567467442735
Middle East & North Africa,Metal ores,machinery,1963,1.2297899562991652
Middle East & North Africa,Metal ores,machinery,1964,1.3521897796611713
Middle East & North Africa,Metal ores,machinery,1965,1.5670217907773816
Middle East & North Africa,Metal ores,machinery,1966,1.564950533171081
Middle East & North Africa,Metal ores,machinery,1967,1.979049411675477
Middle East & North Africa,Metal ores,machinery,1968,2.253390732126553
Middle East & North Africa,Metal ores,machinery,1969,2.348783681281791
Middle East & North Africa,Metal ores,machinery,1970,2.232981648467427
Middle East & North Africa,Metal ores,machinery,1971,2.470701997749956
Middle East & North Africa,Metal ores,machinery,1972,2.6989403107852805
Middle East & North Africa,Metal ores,machinery,1973,3.467558353067865
Middle East & North Africa,Metal ores,machinery,1974,4.904719353640186
Middle East & North Africa,Metal ores,machinery,1975,6.078606092853478
Middle East & North Africa,Metal ores,machinery,1976,6.896360882985785
Middle East & North Africa,Metal ores,machinery,1977,7.442232161896383
Middle East & North Africa,Metal ores,machinery,1978,7.603516031732949
Middle East & North Africa,Metal ores,machinery,1979,7.8268053105920545
Middle East & North Africa,Metal ores,machinery,1980,8.08844112000434
Middle East & North Africa,Metal ores,machinery,1981,9.301426608904297
Middle East & North Africa,Metal ores,machinery,1982,10.380486808950673
Middle East & North Africa,Metal ores,machinery,1983,10.154623013541986
Middle East & North Africa,Metal ores,machinery,1984,8.915901895049613
Middle East & North Africa,Metal ores,machinery,1985,8.748428687812948
Middle East & North Africa,Metal ores,machinery,1986,6.940523959994735
Middle East & North Africa,Metal ores,machinery,1987,6.081731056375193
Middle East & North Africa,Metal ores,machinery,1988,6.37704704703113
Middle East & North Africa,Metal ores,machinery,1989,6.573848178121079
Middle East & North Africa,Metal ores,machinery,1990,7.453825253709664
Middle East & North Africa,Metal ores,machinery,1991,8.305045415152867
Middle East & North Africa,Metal ores,machinery,1992,8.831891383354426
Middle East & North Africa,Metal ores,machinery,1993,8.86207084153162
Middle East & North Africa,Metal ores,machinery,1994,8.842921665043422
Middle East & North Africa,Metal ores,machinery,1995,9.333425772208132
Middle East & North Africa,Metal ores,machinery,1996,10.515485723780925
Middle East & North Africa,Metal ores,machinery,1997,10.871528447836402
Middle East & North Africa,Metal ores,machinery,1998,12.254769315007465
Middle East & North Africa,Metal ores,machinery,1999,11.691317679116615
Middle East & North Africa,Metal ores,machinery,2000,11.201106165026667
Middle East & North Africa,Metal ores,machinery,2001,12.845206634093458
Middle East & North Africa,Metal ores,machinery,2002,14.012194647548833
Middle East & North Africa,Metal ores,machinery,2003,15.637656821941082
Middle East & North Africa,Metal ores,machinery,2004,16.907431754718754
Middle East & North Africa,Metal ores,machinery,2005,18.90741576761475
Middle East & North Africa,Metal ores,machinery,2006,20.47088471445003
Middle East & North Africa,Metal ores,machinery,2007,24.38511414840767
Middle East & North Africa,Metal ores,machinery,2008,27.446863062557263
Middle East & North Africa,Metal ores,machinery,2009,24.569127338776514
Middle East & North Africa,Metal ores,machinery,2010,27.062784342167255
Middle East & North Africa,Metal ores,machinery,2011,25.836059273238796
Middle East & North Africa,Metal ores,machinery,2012,27.83111411303245
Middle East & North Africa,Metal ores,machinery,2013,27.705588986802837
Middle East & North Africa,Metal ores,machinery,2014,28.826058906960313
Middle East & North Africa,Metal ores,machinery,2015,29.615752380918252
Middle East & North Africa,Metal ores,machinery,2016,29.381829213206878
Middle East & North Africa,Metal ores,short_lived,1900,0.05334161010817711
Middle East & North Africa,Metal ores,short_lived,1901,0.055992672994384596
Middle East & North Africa,Metal ores,short_lived,1902,0.05946175837463718
Middle East & North Africa,Metal ores,short_lived,1903,0.06205779870696809
Middle East & North Africa,Metal ores,short_lived,1904,0.06394013550493179
Middle East & North Africa,Metal ores,short_lived,1905,0.0684614202271646
Middle East & North Africa,Metal ores,short_lived,1906,0.07223251293480507
Middle East & North Africa,Metal ores,short_lived,1907,0.07415099964060383
Middle East & North Africa,Metal ores,short_lived,1908,0.0729969782856569
Middle East & North Africa,Metal ores,short_lived,1909,0.0759407075276595
Middle East & North Africa,Metal ores,short_lived,1910,0.0810367075147452
Middle East & North Africa,Metal ores,short_lived,1911,0.08475555247913381
Middle East & North Africa,Metal ores,short_lived,1912,0.09091671313900575
Middle East & North Africa,Metal ores,short_lived,1913,0.09547445396517483
Middle East & North Africa,Metal ores,short_lived,1914,0.08509085836993542
Middle East & North Africa,Metal ores,short_lived,1915,0.07327291185481626
Middle East & North Africa,Metal ores,short_lived,1916,0.0825640380367402
Middle East & North Africa,Metal ores,short_lived,1917,0.08120095097860049
Middle East & North Africa,Metal ores,short_lived,1918,0.07561641772165113
Middle East & North Africa,Metal ores,short_lived,1919,0.08302800952577669
Middle East & North Africa,Metal ores,short_lived,1920,0.09036439038705163
Middle East & North Africa,Metal ores,short_lived,1921,0.08406228352527768
Middle East & North Africa,Metal ores,short_lived,1922,0.09658724496616716
Middle East & North Africa,Metal ores,short_lived,1923,0.10454589240398304
Middle East & North Africa,Metal ores,short_lived,1924,0.11334172648774
Middle East & North Africa,Metal ores,short_lived,1925,0.12226308926844053
Middle East & North Africa,Metal ores,short_lived,1926,0.12869565751085227
Middle East & North Africa,Metal ores,short_lived,1927,0.1366185351599424
Middle East & North Africa,Metal ores,short_lived,1928,0.1420937421111832
Middle East & North Africa,Metal ores,short_lived,1929,0.15219640046792737
Middle East & North Africa,Metal ores,short_lived,1930,0.14485387551776302
Middle East & North Africa,Metal ores,short_lived,1931,0.13248056669580494
Middle East & North Africa,Metal ores,short_lived,1932,0.12059339798261742
Middle East & North Africa,Metal ores,short_lived,1933,0.11921326165514473
Middle East & North Africa,Metal ores,short_lived,1934,0.12440258110000481
Middle East & North Africa,Metal ores,short_lived,1935,0.12910736164099748
Middle East & North Africa,Metal ores,short_lived,1936,0.13486992912311774
Middle East & North Africa,Metal ores,short_lived,1937,0.15392714955076653
Middle East & North Africa,Metal ores,short_lived,1938,0.1341922831060581
Middle East & North Africa,Metal ores,short_lived,1939,0.13390513393233802
Middle East & North Africa,Metal ores,short_lived,1940,0.13739962416446524
Middle East & North Africa,Metal ores,short_lived,1941,0.1377679032495238
Middle East & North Africa,Metal ores,short_lived,1942,0.1386079064859748
Middle East & North Africa,Metal ores,short_lived,1943,0.14212273823232768
Middle East & North Africa,Metal ores,short_lived,1944,0.14481234473670318
Middle East & North Africa,Metal ores,short_lived,1945,0.14928895851884907
Middle East & North Africa,Metal ores,short_lived,1946,0.1531342665040376
Middle East & North Africa,Metal ores,short_lived,1947,0.15838392377733349
Middle East & North Africa,Metal ores,short_lived,1948,0.16396015442074785
Middle East & North Africa,Metal ores,short_lived,1949,0.16895954984265976
Middle East & North Africa,Metal ores,short_lived,1950,0.17511990611990363
Middle East & North Africa,Metal ores,short_lived,1951,0.19165355631877776
Middle East & North Africa,Metal ores,short_lived,1952,0.2005294447910794
Middle East & North Africa,Metal ores,short_lived,1953,0.20511725092325514
Middle East & North Africa,Metal ores,short_lived,1954,0.22116241911136736
Middle East & North Africa,Metal ores,short_lived,1955,0.2521165029693806
Middle East & North Africa,Metal ores,short_lived,1956,0.26609058828694543
Middle East & North Africa,Metal ores,short_lived,1957,0.2910536813630464
Middle East & North Africa,Metal ores,short_lived,1958,0.2900941123900611
Middle East & North Africa,Metal ores,short_lived,1959,0.303794956574016
Middle East & North Africa,Metal ores,short_lived,1960,0.33824904800247074
Middle East & North Africa,Metal ores,short_lived,1961,0.35316760860906693
Middle East & North Africa,Metal ores,short_lived,1962,0.36836418443432795
Middle East & North Africa,Metal ores,short_lived,1963,0.3749109051349576
Middle East & North Africa,Metal ores,short_lived,1964,0.4152658315514391
Middle East & North Africa,Metal ores,short_lived,1965,0.4800546697873152
Middle East & North Africa,Metal ores,short_lived,1966,0.4802180300080343
Middle East & North Africa,Metal ores,short_lived,1967,0.607832028791488
Middle East & North Africa,Metal ores,short_lived,1968,0.6915786526713216
Middle East & North Africa,Metal ores,short_lived,1969,0.7265709750144121
Middle East & North Africa,Metal ores,short_lived,1970,0.6956055305150858
Middle East & North Africa,Metal ores,short_lived,1971,0.7629949594452474
Middle East & North Africa,Metal ores,short_lived,1972,0.836962590308745
Middle East & North Africa,Metal ores,short_lived,1973,1.0692708336378873
Middle East & North Africa,Metal ores,short_lived,1974,1.4972174820156507
Middle East & North Africa,Metal ores,short_lived,1975,1.864189494451518
Middle East & North Africa,Metal ores,short_lived,1976,2.112052835224794
Middle East & North Africa,Metal ores,short_lived,1977,2.3108024268610357
Middle East & North Africa,Metal ores,short_lived,1978,2.3487034081372467
Middle East & North Africa,Metal ores,short_lived,1979,2.4034977766548575
Middle East & North Africa,Metal ores,short_lived,1980,2.510792422969299
Middle East & North Africa,Metal ores,short_lived,1981,2.9218689623216503
Middle East & North Africa,Metal ores,short_lived,1982,3.2360454591979324
Middle East & North Africa,Metal ores,short_lived,1983,3.1612530392077405
Middle East & North Africa,Metal ores,short_lived,1984,2.782689531410948
Middle East & North Africa,Metal ores,short_lived,1985,2.7195227180585104
Middle East & North Africa,Metal ores,short_lived,1986,2.173424336090431
Middle East & North Africa,Metal ores,short_lived,1987,1.9330144580324213
Middle East & North Africa,Metal ores,short_lived,1988,2.01221894552557
Middle East & North Africa,Metal ores,short_lived,1989,2.079826970340974
Middle East & North Africa,Metal ores,short_lived,1990,2.338113777133488
Middle East & North Africa,Metal ores,short_lived,1991,2.5679650948042014
Middle East & North Africa,Metal ores,short_lived,1992,2.7863489564291144
Middle East & North Africa,Metal ores,short_lived,1993,2.7886438682736507
Middle East & North Africa,Metal ores,short_lived,1994,2.7936591519571237
Middle East & North Africa,Metal ores,short_lived,1995,2.906721167068585
Middle East & North Africa,Metal ores,short_lived,1996,3.231440261207541
Middle East & North Africa,Metal ores,short_lived,1997,3.3274313319915922
Middle East & North Africa,Metal ores,short_lived,1998,3.735259815204596
Middle East & North Africa,Metal ores,short_lived,1999,3.609100767636127
Middle East & North Africa,Metal ores,short_lived,2000,3.4393316503103373
Middle East & North Africa,Metal ores,short_lived,2001,3.862869380280703
Middle East & North Africa,Metal ores,short_lived,2002,4.328158504741707
Middle East & North Africa,Metal ores,short_lived,2003,4.846158067216417
Middle East & North Africa,Metal ores,short_lived,2004,5.224392385728577
Middle East & North Africa,Metal ores,short_lived,2005,5.797566620645064
Middle East & North Africa,Metal ores,short_lived,2006,6.272214459711014
Middle East & North Africa,Metal ores,short_lived,2007,7.39203039662478
Middle East & North Africa,Metal ores,short_lived,2008,8.31169496347494
Middle East & North Africa,Metal ores,short_lived,2009,7.675221857841244
Middle East & North Africa,Metal ores,short_lived,2010,8.51387582689254
Middle East & North Africa,Metal ores,short_lived,2011,8.280150389689695
Middle East & North Africa,Metal ores,short_lived,2012,8.888178657192297
Middle East & North Africa,Metal ores,short_lived,2013,8.92587744426333
Middle East & North Africa,Metal ores,short_lived,2014,9.248592682104324
Middle East & North Africa,Metal ores,short_lived,2015,9.483499758952085
Middle East & North Africa,Metal ores,short_lived,2016,9.4285974283619
Middle East & North Africa,Non-metallic minerals,buildings,1900,14.122897226822856
Middle East & North Africa,Non-metallic minerals,buildings,1901,14.279424681331431
Middle East & North Africa,Non-metallic minerals,buildings,1902,14.456311355029218
Middle East & North Africa,Non-metallic minerals,buildings,1903,14.61388801517421
Middle East & North Africa,Non-metallic minerals,buildings,1904,14.756417857642935
Middle East & North Africa,Non-metallic minerals,buildings,1905,14.95261419240763
Middle East & North Africa,Non-metallic minerals,buildings,1906,15.130170567263267
Middle East & North Africa,Non-metallic minerals,buildings,1907,15.270868542423427
Middle East & North Africa,Non-metallic minerals,buildings,1908,15.344211216685212
Middle East & North Africa,Non-metallic minerals,buildings,1909,15.532128758637507
Middle East & North Africa,Non-metallic minerals,buildings,1910,15.709497091591329
Middle East & North Africa,Non-metallic minerals,buildings,1911,15.865446480619624
Middle East & North Africa,Non-metallic minerals,buildings,1912,16.066857190156487
Middle East & North Africa,Non-metallic minerals,buildings,1913,16.49453269537565
Middle East & North Africa,Non-metallic minerals,buildings,1914,16.59954035948264
Middle East & North Africa,Non-metallic minerals,buildings,1915,16.709579120694297
Middle East & North Africa,Non-metallic minerals,buildings,1916,16.847717596266612
Middle East & North Africa,Non-metallic minerals,buildings,1917,16.95388664410717
Middle East & North Africa,Non-metallic minerals,buildings,1918,17.04764390059243
Middle East & North Africa,Non-metallic minerals,buildings,1919,17.203141421297182
Middle East & North Africa,Non-metallic minerals,buildings,1920,17.510427793218742
Middle East & North Africa,Non-metallic minerals,buildings,1921,17.434231018867543
Middle East & North Africa,Non-metallic minerals,buildings,1922,18.150982738994813
Middle East & North Africa,Non-metallic minerals,buildings,1923,18.64933309126542
Middle East & North Africa,Non-metallic minerals,buildings,1924,19.30169440631458
Middle East & North Africa,Non-metallic minerals,buildings,1925,20.314026701340886
Middle East & North Africa,Non-metallic minerals,buildings,1926,20.68154198318799
Middle East & North Africa,Non-metallic minerals,buildings,1927,21.217374602869214
Middle East & North Africa,Non-metallic minerals,buildings,1928,22.069618940332685
Middle East & North Africa,Non-metallic minerals,buildings,1929,23.444878548120652
Middle East & North Africa,Non-metallic minerals,buildings,1930,24.283840748790553
Middle East & North Africa,Non-metallic minerals,buildings,1931,24.879160883664678
Middle East & North Africa,Non-metallic minerals,buildings,1932,25.776729677264083
Middle East & North Africa,Non-metallic minerals,buildings,1933,26.2720170083653
Middle East & North Africa,Non-metallic minerals,buildings,1934,27.31136158899809
Middle East & North Africa,Non-metallic minerals,buildings,1935,27.608794275748984
Middle East & North Africa,Non-metallic minerals,buildings,1936,26.925785306369285
Middle East & North Africa,Non-metallic minerals,buildings,1937,27.119327792043176
Middle East & North Africa,Non-metallic minerals,buildings,1938,27.34695564268233
Middle East & North Africa,Non-metallic minerals,buildings,1939,27.56679137311805
Middle East & North Africa,Non-metallic minerals,buildings,1940,27.755366124023798
Middle East & North Africa,Non-metallic minerals,buildings,1941,27.844356926364163
Middle East & North Africa,Non-metallic minerals,buildings,1942,27.929655271359984
Middle East & North Africa,Non-metallic minerals,buildings,1943,28.01129068173889
Middle East & North Africa,Non-metallic minerals,buildings,1944,28.102410941914858
Middle East & North Africa,Non-metallic minerals,buildings,1945,28.196531167464585
Middle East & North Africa,Non-metallic minerals,buildings,1946,28.36401118859009
Middle East & North Africa,Non-metallic minerals,buildings,1947,28.582656283200752
Middle East & North Africa,Non-metallic minerals,buildings,1948,31.551228694148783
Middle East & North Africa,Non-metallic minerals,buildings,1949,33.925932369949315
Middle East & North Africa,Non-metallic minerals,buildings,1950,36.65725168152135
Middle East & North Africa,Non-metallic minerals,buildings,1951,40.02464404977571
Middle East & North Africa,Non-metallic minerals,buildings,1952,40.723921319036485
Middle East & North Africa,Non-metallic minerals,buildings,1953,41.86284295972634
Middle East & North Africa,Non-metallic minerals,buildings,1954,43.730969888272654
Middle East & North Africa,Non-metallic minerals,buildings,1955,48.889634325797346
Middle East & North Africa,Non-metallic minerals,buildings,1956,49.52017507222857
Middle East & North Africa,Non-metallic minerals,buildings,1957,51.404299382552345
Middle East & North Africa,Non-metallic minerals,buildings,1958,57.12390655446908
Middle East & North Africa,Non-metallic minerals,buildings,1959,60.074488891083014
Middle East & North Africa,Non-metallic minerals,buildings,1960,66.92760816679656
Middle East & North Africa,Non-metallic minerals,buildings,1961,68.90221114239203
Middle East & North Africa,Non-metallic minerals,buildings,1962,70.43284951134291
Middle East & North Africa,Non-metallic minerals,buildings,1963,76.80759319113965
Middle East & North Africa,Non-metallic minerals,buildings,1964,82.79117979707245
Middle East & North Africa,Non-metallic minerals,buildings,1965,84.57316111252204
Middle East & North Africa,Non-metallic minerals,buildings,1966,86.19979496496316
Middle East & North Africa,Non-metallic minerals,buildings,1967,100.06058803412115
Middle East & North Africa,Non-metallic minerals,buildings,1968,109.0434339213655
Middle East & North Africa,Non-metallic minerals,buildings,1969,120.21411428943398
Middle East & North Africa,Non-metallic minerals,buildings,1970,125.71139924437063
Middle East & North Africa,Non-metallic minerals,buildings,1971,131.0322012113659
Middle East & North Africa,Non-metallic minerals,buildings,1972,145.71896418205495
Middle East & North Africa,Non-metallic minerals,buildings,1973,153.75277117185772
Middle East & North Africa,Non-metallic minerals,buildings,1974,186.79425459192566
Middle East & North Africa,Non-metallic minerals,buildings,1975,204.20199450037106
Middle East & North Africa,Non-metallic minerals,buildings,1976,234.62759772418676
Middle East & North Africa,Non-metallic minerals,buildings,1977,272.7603112456145
Middle East & North Africa,Non-metallic minerals,buildings,1978,275.31840125303347
Middle East & North Africa,Non-metallic minerals,buildings,1979,305.9013498389947
Middle East & North Africa,Non-metallic minerals,buildings,1980,335.4818315340997
Middle East & North Africa,Non-metallic minerals,buildings,1981,392.53737696777864
Middle East & North Africa,Non-metallic minerals,buildings,1982,450.14185105282553
Middle East & North Africa,Non-metallic minerals,buildings,1983,482.3445921023175
Middle East & North Africa,Non-metallic minerals,buildings,1984,500.18223679041216
Middle East & North Africa,Non-metallic minerals,buildings,1985,492.77137035484327
Middle East & North Africa,Non-metallic minerals,buildings,1986,467.93558069162
Middle East & North Africa,Non-metallic minerals,buildings,1987,430.5087140282061
Middle East & North Africa,Non-metallic minerals,buildings,1988,426.1456765509317
Middle East & North Africa,Non-metallic minerals,buildings,1989,440.96005795555095
Middle East & North Africa,Non-metallic minerals,buildings,1990,475.32132599214344
Middle East & North Africa,Non-metallic minerals,buildings,1991,494.1120517296713
Middle East & North Africa,Non-metallic minerals,buildings,1992,523.3474544634797
Middle East & North Africa,Non-metallic minerals,buildings,1993,564.8025267516126
Middle East & North Africa,Non-metallic minerals,buildings,1994,599.80669486717
Middle East & North Africa,Non-metallic minerals,buildings,1995,645.6471125694841
Middle East & North Africa,Non-metallic minerals,buildings,1996,666.0548501280084
Middle East & North Africa,Non-metallic minerals,buildings,1997,659.2661114518414
Middle East & North Africa,Non-metallic minerals,buildings,1998,693.4349529327611
Middle East & North Africa,Non-metallic minerals,buildings,1999,705.923628839744
Middle East & North Africa,Non-metallic minerals,buildings,2000,728.8269486321981
Middle East & North Africa,Non-metallic minerals,buildings,2001,750.726467092305
Middle East & North Africa,Non-metallic minerals,buildings,2002,797.5826229683414
Middle East & North Africa,Non-metallic minerals,buildings,2003,813.1716349575768
Middle East & North Africa,Non-metallic minerals,buildings,2004,893.6946952990485
Middle East & North Africa,Non-metallic minerals,buildings,2005,942.7920368785419
Middle East & North Africa,Non-metallic minerals,buildings,2006,1048.4428789825758
Middle East & North Africa,Non-metallic minerals,buildings,2007,1169.954461598137
Middle East & North Africa,Non-metallic minerals,buildings,2008,1271.7026114238954
Middle East & North Africa,Non-metallic minerals,buildings,2009,1279.0284222527898
Middle East & North Africa,Non-metallic minerals,buildings,2010,1315.7034265329066
Middle East & North Africa,Non-metallic minerals,buildings,2011,1322.6020909840731
Middle East & North Africa,Non-metallic minerals,buildings,2012,1411.6377100309614
Middle East & North Africa,Non-metallic minerals,buildings,2013,1487.0287088195696
Middle East & North Africa,Non-metallic minerals,buildings,2014,1492.3882240669557
Middle East & North Africa,Non-metallic minerals,buildings,2015,1485.6773682847183
Middle East & North Africa,Non-metallic minerals,buildings,2016,1535.9641101266077
Middle East & North Africa,Non-metallic minerals,civil_infrastructure,1900,4.23123851144374
Middle East & North Africa,Non-metallic minerals,civil_infrastructure,1901,4.348072559313834
Middle East & North Africa,Non-metallic minerals,civil_infrastructure,1902,4.401322115597598
Middle East & North Africa,Non-metallic minerals,civil_infrastructure,1903,4.445328600011501
Middle East & North Africa,Non-metallic minerals,civil_infrastructure,1904,4.529635144160559
Middle East & North Africa,Non-metallic minerals,civil_infrastructure,1905,4.4822275440068395
Middle East & North Africa,Non-metallic minerals,civil_infrastructure,1906,4.593115032347534
Middle East & North Africa,Non-metallic minerals,civil_infrastructure,1907,4.68214390484931
Middle East & North Africa,Non-metallic minerals,civil_infrastructure,1908,4.726740361141284
Middle East & North Africa,Non-metallic minerals,civil_infrastructure,1909,4.829628351042366
Middle East & North Africa,Non-metallic minerals,civil_infrastructure,1910,4.94374681552541
Middle East & North Africa,Non-metallic minerals,civil_infrastructure,1911,5.022848077364795
Middle East & North Africa,Non-metallic minerals,civil_infrastructure,1912,5.147612427111706
Middle East & North Africa,Non-metallic minerals,civil_infrastructure,1913,5.941178221572408
Middle East & North Africa,Non-metallic minerals,civil_infrastructure,1914,6.087995394158077
Middle East & North Africa,Non-metallic minerals,civil_infrastructure,1915,6.245415520039755
Middle East & North Africa,Non-metallic minerals,civil_infrastructure,1916,6.458989142385968
Middle East & North Africa,Non-metallic minerals,civil_infrastructure,1917,6.6205286583680785
Middle East & North Africa,Non-metallic minerals,civil_infrastructure,1918,6.600884959960223
Middle East & North Africa,Non-metallic minerals,civil_infrastructure,1919,6.855840823837894
Middle East & North Africa,Non-metallic minerals,civil_infrastructure,1920,7.198463545629158
Middle East & North Africa,Non-metallic minerals,civil_infrastructure,1921,7.406664660582869
Middle East & North Africa,Non-metallic minerals,civil_infrastructure,1922,8.167340236133025
Middle East & North Africa,Non-metallic minerals,civil_infrastructure,1923,8.815626396501793
Middle East & North Africa,Non-metallic minerals,civil_infrastructure,1924,9.508746548982584
Middle East & North Africa,Non-metallic minerals,civil_infrastructure,1925,10.314735795590101
Middle East & North Africa,Non-metallic minerals,civil_infrastructure,1926,10.733484783886857
Middle East & North Africa,Non-metallic minerals,civil_infrastructure,1927,11.388733963847727
Middle East & North Africa,Non-metallic minerals,civil_infrastructure,1928,12.175355894160498
Middle East & North Africa,Non-metallic minerals,civil_infrastructure,1929,13.16719069886267
Middle East & North Africa,Non-metallic minerals,civil_infrastructure,1930,14.178025712671843
Middle East & North Africa,Non-metallic minerals,civil_infrastructure,1931,14.762195495421855
Middle East & North Africa,Non-metallic minerals,civil_infrastructure,1932,15.696223559077154
Middle East & North Africa,Non-metallic minerals,civil_infrastructure,1933,16.359750350145315
Middle East & North Africa,Non-metallic minerals,civil_infrastructure,1934,17.545178510995985
Middle East & North Africa,Non-metallic minerals,civil_infrastructure,1935,18.234849332075623
Middle East & North Africa,Non-metallic minerals,civil_infrastructure,1936,18.282064159513563
Middle East & North Africa,Non-metallic minerals,civil_infrastructure,1937,19.29273931907264
Middle East & North Africa,Non-metallic minerals,civil_infrastructure,1938,19.643389828517247
Middle East & North Africa,Non-metallic minerals,civil_infrastructure,1939,19.70921570536745
Middle East & North Africa,Non-metallic minerals,civil_infrastructure,1940,19.536948543626135
Middle East & North Africa,Non-metallic minerals,civil_infrastructure,1941,19.08671402447646
Middle East & North Africa,Non-metallic minerals,civil_infrastructure,1942,20.32262653392302
Middle East & North Africa,Non-metallic minerals,civil_infrastructure,1943,20.651533767803418
Middle East & North Africa,Non-metallic minerals,civil_infrastructure,1944,22.576366108685562
Middle East & North Africa,Non-metallic minerals,civil_infrastructure,1945,23.310817066525576
Middle East & North Africa,Non-metallic minerals,civil_infrastructure,1946,24.46604304349877
Middle East & North Africa,Non-metallic minerals,civil_infrastructure,1947,25.3124940672225
Middle East & North Africa,Non-metallic minerals,civil_infrastructure,1948,29.07386869384022
Middle East & North Africa,Non-metallic minerals,civil_infrastructure,1949,31.82931620761383
Middle East & North Africa,Non-metallic minerals,civil_infrastructure,1950,45.201898039351114
Middle East & North Africa,Non-metallic minerals,civil_infrastructure,1951,44.17243752199219
Middle East & North Africa,Non-metallic minerals,civil_infrastructure,1952,39.50136442742862
Middle East & North Africa,Non-metallic minerals,civil_infrastructure,1953,42.44384918253088
Middle East & North Africa,Non-metallic minerals,civil_infrastructure,1954,46.21993285145962
Middle East & North Africa,Non-metallic minerals,civil_infrastructure,1955,58.194556720917205
Middle East & North Africa,Non-metallic minerals,civil_infrastructure,1956,75.53299977275066
Middle East & North Africa,Non-metallic minerals,civil_infrastructure,1957,78.01962448608388
Middle East & North Africa,Non-metallic minerals,civil_infrastructure,1958,89.75683573395959
Middle East & North Africa,Non-metallic minerals,civil_infrastructure,1959,102.405964970075
Middle East & North Africa,Non-metallic minerals,civil_infrastructure,1960,108.46109667811889
Middle East & North Africa,Non-metallic minerals,civil_infrastructure,1961,117.56730371533318
Middle East & North Africa,Non-metallic minerals,civil_infrastructure,1962,114.60606821249219
Middle East & North Africa,Non-metallic minerals,civil_infrastructure,1963,117.79185195910831
Middle East & North Africa,Non-metallic minerals,civil_infrastructure,1964,131.6354930366779
Middle East & North Africa,Non-metallic minerals,civil_infrastructure,1965,129.99597493156458
Middle East & North Africa,Non-metallic minerals,civil_infrastructure,1966,138.88959371408623
Middle East & North Africa,Non-metallic minerals,civil_infrastructure,1967,149.5002005274546
Middle East & North Africa,Non-metallic minerals,civil_infrastructure,1968,156.5092678426509
Middle East & North Africa,Non-metallic minerals,civil_infrastructure,1969,165.2261506310198
Middle East & North Africa,Non-metallic minerals,civil_infrastructure,1970,173.40621099878916
Middle East & North Africa,Non-metallic minerals,civil_infrastructure,1971,182.94110969540162
Middle East & North Africa,Non-metallic minerals,civil_infrastructure,1972,199.01562415150275
Middle East & North Africa,Non-metallic minerals,civil_infrastructure,1973,221.77020112949373
Middle East & North Africa,Non-metallic minerals,civil_infrastructure,1974,264.3417679692907
Middle East & North Africa,Non-metallic minerals,civil_infrastructure,1975,300.84086891965217
Middle East & North Africa,Non-metallic minerals,civil_infrastructure,1976,326.1165325799911
Middle East & North Africa,Non-metallic minerals,civil_infrastructure,1977,369.72664283068104
Middle East & North Africa,Non-metallic minerals,civil_infrastructure,1978,378.99179230261296
Middle East & North Africa,Non-metallic minerals,civil_infrastructure,1979,415.06882397783943
Middle East & North Africa,Non-metallic minerals,civil_infrastructure,1980,463.43008631701116
Middle East & North Africa,Non-metallic minerals,civil_infrastructure,1981,526.4794418119166
Middle East & North Africa,Non-metallic minerals,civil_infrastructure,1982,562.5768308104665
Middle East & North Africa,Non-metallic minerals,civil_infrastructure,1983,636.5336067230817
Middle East & North Africa,Non-metallic minerals,civil_infrastructure,1984,633.1368840889927
Middle East & North Africa,Non-metallic minerals,civil_infrastructure,1985,642.7455710958446
Middle East & North Africa,Non-metallic minerals,civil_infrastructure,1986,605.9503988329222
Middle East & North Africa,Non-metallic minerals,civil_infrastructure,1987,577.8064024808479
Middle East & North Africa,Non-metallic minerals,civil_infrastructure,1988,591.0268185196376
Middle East & North Africa,Non-metallic minerals,civil_infrastructure,1989,593.0425854678608
Middle East & North Africa,Non-metallic minerals,civil_infrastructure,1990,594.90562215566
Middle East & North Africa,Non-metallic minerals,civil_infrastructure,1991,592.5443505123636
Middle East & North Africa,Non-metallic minerals,civil_infrastructure,1992,660.8622720589805
Middle East & North Africa,Non-metallic minerals,civil_infrastructure,1993,754.9886699988424
Middle East & North Africa,Non-metallic minerals,civil_infrastructure,1994,771.174174758779
Middle East & North Africa,Non-metallic minerals,civil_infrastructure,1995,732.5461183125146
Middle East & North Africa,Non-metallic minerals,civil_infrastructure,1996,755.5455306684122
Middle East & North Africa,Non-metallic minerals,civil_infrastructure,1997,761.5032339013665
Middle East & North Africa,Non-metallic minerals,civil_infrastructure,1998,787.9637054594723
Middle East & North Africa,Non-metallic minerals,civil_infrastructure,1999,803.2484851279138
Middle East & North Africa,Non-metallic minerals,civil_infrastructure,2000,818.9099838393563
Middle East & North Africa,Non-metallic minerals,civil_infrastructure,2001,863.3644491796155
Middle East & North Africa,Non-metallic minerals,civil_infrastructure,2002,881.223027586319
Middle East & North Africa,Non-metallic minerals,civil_infrastructure,2003,885.1329287081425
Middle East & North Africa,Non-metallic minerals,civil_infrastructure,2004,970.4343479512412
Middle East & North Africa,Non-metallic minerals,civil_infrastructure,2005,1104.149466858034
Middle East & North Africa,Non-metallic minerals,civil_infrastructure,2006,1183.984823938938
Middle East & North Africa,Non-metallic minerals,civil_infrastructure,2007,1244.1075807818672
Middle East & North Africa,Non-metallic minerals,civil_infrastructure,2008,1360.1092946627878
Middle East & North Africa,Non-metallic minerals,civil_infrastructure,2009,1443.5582125829092
Middle East & North Africa,Non-metallic minerals,civil_infrastructure,2010,1515.3795149668938
Middle East & North Africa,Non-metallic minerals,civil_infrastructure,2011,1498.3360001363747
Middle East & North Africa,Non-metallic minerals,civil_infrastructure,2012,1543.6815321240704
Middle East & North Africa,Non-metallic minerals,civil_infrastructure,2013,1587.5903285879529
Middle East & North Africa,Non-metallic minerals,civil_infrastructure,2014,1617.565590915874
Middle East & North Africa,Non-metallic minerals,civil_infrastructure,2015,1555.7718938756566
Middle East & North Africa,Non-metallic minerals,civil_infrastructure,2016,1604.3646350566294
Middle East & North Africa,Non-metallic minerals,machinery,1900,0.0031631332192843856
Middle East & North Africa,Non-metallic minerals,machinery,1901,0.0032459470650811942
Middle East & North Africa,Non-metallic minerals,machinery,1902,0.003345034689015162
Middle East & North Africa,Non-metallic minerals,machinery,1903,0.003439286375801626
Middle East & North Africa,Non-metallic minerals,machinery,1904,0.0035270264043447156
Middle East & North Africa,Non-metallic minerals,machinery,1905,0.003641444144255912
Middle East & North Africa,Non-metallic minerals,machinery,1906,0.0037490211160817674
Middle East & North Africa,Non-metallic minerals,machinery,1907,0.0038392865602167136
Middle East & North Africa,Non-metallic minerals,machinery,1908,0.0039006473933710646
Middle East & North Africa,Non-metallic minerals,machinery,1909,0.004003294173147225
Middle East & North Africa,Non-metallic minerals,machinery,1910,0.004127648208682119
Middle East & North Africa,Non-metallic minerals,machinery,1911,0.004229059855864089
Middle East & North Africa,Non-metallic minerals,machinery,1912,0.0043582205665985835
Middle East & North Africa,Non-metallic minerals,machinery,1913,0.004471059529028535
Middle East & North Africa,Non-metallic minerals,machinery,1914,0.00441623465583531
Middle East & North Africa,Non-metallic minerals,machinery,1915,0.004351398184818484
Middle East & North Africa,Non-metallic minerals,machinery,1916,0.004493953239710866
Middle East & North Africa,Non-metallic minerals,machinery,1917,0.004528719679504749
Middle East & North Africa,Non-metallic minerals,machinery,1918,0.004525102398742452
Middle East & North Africa,Non-metallic minerals,machinery,1919,0.004650716929518391
Middle East & North Africa,Non-metallic minerals,machinery,1920,0.004773381589986314
Middle East & North Africa,Non-metallic minerals,machinery,1921,0.00473317392698791
Middle East & North Africa,Non-metallic minerals,machinery,1922,0.004921880931989141
Middle East & North Africa,Non-metallic minerals,machinery,1923,0.005067372200316564
Middle East & North Africa,Non-metallic minerals,machinery,1924,0.00525940093456102
Middle East & North Africa,Non-metallic minerals,machinery,1925,0.0054568560656315275
Middle East & North Africa,Non-metallic minerals,machinery,1926,0.0056164455585524745
Middle East & North Africa,Non-metallic minerals,machinery,1927,0.005807512139163911
Middle East & North Africa,Non-metallic minerals,machinery,1928,0.005983698184526777
Middle East & North Africa,Non-metallic minerals,machinery,1929,0.006159780821063718
Middle East & North Africa,Non-metallic minerals,machinery,1930,0.0061913515397589445
Middle East & North Africa,Non-metallic minerals,machinery,1931,0.006156964650822548
Middle East & North Africa,Non-metallic minerals,machinery,1932,0.006120983681286247
Middle East & North Africa,Non-metallic minerals,machinery,1933,0.006187331743952674
Middle East & North Africa,Non-metallic minerals,machinery,1934,0.006329910036830387
Middle East & North Africa,Non-metallic minerals,machinery,1935,0.00646353723889996
Middle East & North Africa,Non-metallic minerals,machinery,1936,0.006607191569249367
Middle East & North Africa,Non-metallic minerals,machinery,1937,0.0068211048124086305
Middle East & North Africa,Non-metallic minerals,machinery,1938,0.006872917413520187
Middle East & North Africa,Non-metallic minerals,machinery,1939,0.00702544200323705
Middle East & North Africa,Non-metallic minerals,machinery,1940,0.007085715097419135
Middle East & North Africa,Non-metallic minerals,machinery,1941,0.0071940791767352436
Middle East & North Africa,Non-metallic minerals,machinery,1942,0.007307531741637997
Middle East & North Africa,Non-metallic minerals,machinery,1943,0.007422931897546952
Middle East & North Africa,Non-metallic minerals,machinery,1944,0.0075379247244118834
Middle East & North Africa,Non-metallic minerals,machinery,1945,0.0076615365422934645
Middle East & North Africa,Non-metallic minerals,machinery,1946,0.007765747212409524
Middle East & North Africa,Non-metallic minerals,machinery,1947,0.008605559723651261
Middle East & North Africa,Non-metallic minerals,machinery,1948,0.008782130019114529
Middle East & North Africa,Non-metallic minerals,machinery,1949,0.008963844432403958
Middle East & North Africa,Non-metallic minerals,machinery,1950,0.009149307220083364
Middle East & North Africa,Non-metallic minerals,machinery,1951,0.00977550480666694
Middle East & North Africa,Non-metallic minerals,machinery,1952,0.010371029955399028
Middle East & North Africa,Non-metallic minerals,machinery,1953,0.011051889426986056
Middle East & North Africa,Non-metallic minerals,machinery,1954,0.011755253555551617
Middle East & North Africa,Non-metallic minerals,machinery,1955,0.012557338971313121
Middle East & North Africa,Non-metallic minerals,machinery,1956,0.013323473997041663
Middle East & North Africa,Non-metallic minerals,machinery,1957,0.014180137917945727
Middle East & North Africa,Non-metallic minerals,machinery,1958,0.014821725484589654
Middle East & North Africa,Non-metallic minerals,machinery,1959,0.015806612182357998
Middle East & North Africa,Non-metallic minerals,machinery,1960,0.01688815776633417
Middle East & North Africa,Non-metallic minerals,machinery,1961,0.017817205304622268
Middle East & North Africa,Non-metallic minerals,machinery,1962,0.018821671062425854
Middle East & North Africa,Non-metallic minerals,machinery,1963,0.020828885046057472
Middle East & North Africa,Non-metallic minerals,machinery,1964,0.02035852485715667
Middle East & North Africa,Non-metallic minerals,machinery,1965,0.021685394020740666
Middle East & North Africa,Non-metallic minerals,machinery,1966,0.022822357931719252
Middle East & North Africa,Non-metallic minerals,machinery,1967,0.02296240445249139
Middle East & North Africa,Non-metallic minerals,machinery,1968,0.025054896495537805
Middle East & North Africa,Non-metallic minerals,machinery,1969,0.026951140169757387
Middle East & North Africa,Non-metallic minerals,machinery,1970,0.028337760918678474
Middle East & North Africa,Non-metallic minerals,machinery,1971,0.03054087925155666
Middle East & North Africa,Non-metallic minerals,machinery,1972,0.034305428446965616
Middle East & North Africa,Non-metallic minerals,machinery,1973,0.036829695438501696
Middle East & North Africa,Non-metallic minerals,machinery,1974,0.0408566043725898
Middle East & North Africa,Non-metallic minerals,machinery,1975,0.04579017317426381
Middle East & North Africa,Non-metallic minerals,machinery,1976,0.0455175391289598
Middle East & North Africa,Non-metallic minerals,machinery,1977,0.04940537229661633
Middle East & North Africa,Non-metallic minerals,machinery,1978,0.05142130352457359
Middle East & North Africa,Non-metallic minerals,machinery,1979,0.0574439505285359
Middle East & North Africa,Non-metallic minerals,machinery,1980,0.05956187461194308
Middle East & North Africa,Non-metallic minerals,machinery,1981,0.07187641047009324
Middle East & North Africa,Non-metallic minerals,machinery,1982,0.07342026378438718
Middle East & North Africa,Non-metallic minerals,machinery,1983,0.07217827261334328
Middle East & North Africa,Non-metallic minerals,machinery,1984,0.0778053355539855
Middle East & North Africa,Non-metallic minerals,machinery,1985,0.07522614567571942
Middle East & North Africa,Non-metallic minerals,machinery,1986,0.07713822608425787
Middle East & North Africa,Non-metallic minerals,machinery,1987,0.07893526361793848
Middle East & North Africa,Non-metallic minerals,machinery,1988,0.08121596785803435
Middle East & North Africa,Non-metallic minerals,machinery,1989,0.08652430324450795
Middle East & North Africa,Non-metallic minerals,machinery,1990,0.12612325568659516
Middle East & North Africa,Non-metallic minerals,machinery,1991,0.15164807787638743
Middle East & North Africa,Non-metallic minerals,machinery,1992,0.062077188186273335
Middle East & North Africa,Non-metallic minerals,machinery,1993,0.05582801985032026
Middle East & North Africa,Non-metallic minerals,machinery,1994,0.07294118168597687
Middle East & North Africa,Non-metallic minerals,machinery,1995,0.027440688205942115
Middle East & North Africa,Non-metallic minerals,machinery,1996,0.02821821426789352
Middle East & North Africa,Non-metallic minerals,machinery,1997,0.03215716173756273
Middle East & North Africa,Non-metallic minerals,machinery,1998,0.03727869768584889
Middle East & North Africa,Non-metallic minerals,machinery,1999,0.04506355513646404
Middle East & North Africa,Non-metallic minerals,machinery,2000,0.04743470270760282
Middle East & North Africa,Non-metallic minerals,machinery,2001,0.06352011995252138
Middle East & North Africa,Non-metallic minerals,machinery,2002,0.04339357071317679
Middle East & North Africa,Non-metallic minerals,machinery,2003,0.07608649390665256
Middle East & North Africa,Non-metallic minerals,machinery,2004,0.06630463075562802
Middle East & North Africa,Non-metallic minerals,machinery,2005,0.05811390922870831
Middle East & North Africa,Non-metallic minerals,machinery,2006,0.05754276788661405
Middle East & North Africa,Non-metallic minerals,machinery,2007,0.0509999853018436
Middle East & North Africa,Non-metallic minerals,machinery,2008,0.06332531749100832
Middle East & North Africa,Non-metallic minerals,machinery,2009,0.053579809058744265
Middle East & North Africa,Non-metallic minerals,machinery,2010,0.11538116707699379
Middle East & North Africa,Non-metallic minerals,machinery,2011,0.08772709963811098
Middle East & North Africa,Non-metallic minerals,machinery,2012,0.10272961293678962
Middle East & North Africa,Non-metallic minerals,machinery,2013,0.18762047442942165
Middle East & North Africa,Non-metallic minerals,machinery,2014,0.13170664573772187
Middle East & North Africa,Non-metallic minerals,machinery,2015,0.08153060355597994
Middle East & North Africa,Non-metallic minerals,machinery,2016,0.0675536767215871
Middle East & North Africa,Non-metallic minerals,short_lived,1900,0.2445573315133571
Middle East & North Africa,Non-metallic minerals,short_lived,1901,0.24939465893836532
Middle East & North Africa,Non-metallic minerals,short_lived,1902,0.2543442783092208
Middle East & North Africa,Non-metallic minerals,short_lived,1903,0.2592921969816142
Middle East & North Africa,Non-metallic minerals,short_lived,1904,0.2642236581734263
Middle East & North Africa,Non-metallic minerals,short_lived,1905,0.2693327387798713
Middle East & North Africa,Non-metallic minerals,short_lived,1906,0.2744251590430034
Middle East & North Africa,Non-metallic minerals,short_lived,1907,0.2794480174051553
Middle East & North Africa,Non-metallic minerals,short_lived,1908,0.2843341154288456
Middle East & North Africa,Non-metallic minerals,short_lived,1909,0.2894811336037322
Middle East & North Africa,Non-metallic minerals,short_lived,1910,0.2947958650447636
Middle East & North Africa,Non-metallic minerals,short_lived,1911,0.29996017856613144
Middle East & North Africa,Non-metallic minerals,short_lived,1912,0.30535049356142224
Middle East & North Africa,Non-metallic minerals,short_lived,1913,0.31068017243114765
Middle East & North Africa,Non-metallic minerals,short_lived,1914,0.31817893734058406
Middle East & North Africa,Non-metallic minerals,short_lived,1915,0.3255390128413937
Middle East & North Africa,Non-metallic minerals,short_lived,1916,0.33410010031750875
Middle East & North Africa,Non-metallic minerals,short_lived,1917,0.3420945827069912
Middle East & North Africa,Non-metallic minerals,short_lived,1918,0.34987401249004296
Middle East & North Africa,Non-metallic minerals,short_lived,1919,0.3582320855805337
Middle East & North Africa,Non-metallic minerals,short_lived,1920,0.36707494127900064
Middle East & North Africa,Non-metallic minerals,short_lived,1921,0.375555824637831
Middle East & North Africa,Non-metallic minerals,short_lived,1922,0.38519336771962737
Middle East & North Africa,Non-metallic minerals,short_lived,1923,0.3946698058651319
Middle East & North Africa,Non-metallic minerals,short_lived,1924,0.4044257356986862
Middle East & North Africa,Non-metallic minerals,short_lived,1925,0.41419306137589434
Middle East & North Africa,Non-metallic minerals,short_lived,1926,0.42379890010112187
Middle East & North Africa,Non-metallic minerals,short_lived,1927,0.4336681840462788
Middle East & North Africa,Non-metallic minerals,short_lived,1928,0.44353105893020545
Middle East & North Africa,Non-metallic minerals,short_lived,1929,0.4534557685350338
Middle East & North Africa,Non-metallic minerals,short_lived,1930,0.46271282450675977
Middle East & North Africa,Non-metallic minerals,short_lived,1931,0.47140093596753524
Middle East & North Africa,Non-metallic minerals,short_lived,1932,0.480132012231577
Middle East & North Africa,Non-metallic minerals,short_lived,1933,0.48950231130575744
Middle East & North Africa,Non-metallic minerals,short_lived,1934,0.49943362825625487
Middle East & North Africa,Non-metallic minerals,short_lived,1935,0.5093730838562487
Middle East & North Africa,Non-metallic minerals,short_lived,1936,0.5193982514538076
Middle East & North Africa,Non-metallic minerals,short_lived,1937,0.529825628703536
Middle East & North Africa,Non-metallic minerals,short_lived,1938,0.539447598851262
Middle East & North Africa,Non-metallic minerals,short_lived,1939,0.5497330147204513
Middle East & North Africa,Non-metallic minerals,short_lived,1940,0.5582653487198347
Middle East & North Africa,Non-metallic minerals,short_lived,1941,0.5690620024181824
Middle East & North Africa,Non-metallic minerals,short_lived,1942,0.5801264723520606
Middle East & North Africa,Non-metallic minerals,short_lived,1943,0.5912546442621104
Middle East & North Africa,Non-metallic minerals,short_lived,1944,0.6024465569367122
Middle East & North Africa,Non-metallic minerals,short_lived,1945,0.613625010428825
Middle East & North Africa,Non-metallic minerals,short_lived,1946,0.623840456899917
Middle East & North Africa,Non-metallic minerals,short_lived,1947,0.64763500142215
Middle East & North Africa,Non-metallic minerals,short_lived,1948,0.6598562592980265
Middle East & North Africa,Non-metallic minerals,short_lived,1949,0.6719932949290893
Middle East & North Africa,Non-metallic minerals,short_lived,1950,0.6844925187578602
Middle East & North Africa,Non-metallic minerals,short_lived,1951,0.7162873807855552
Middle East & North Africa,Non-metallic minerals,short_lived,1952,0.7480815205654173
Middle East & North Africa,Non-metallic minerals,short_lived,1953,0.7807674780501643
Middle East & North Africa,Non-metallic minerals,short_lived,1954,0.8130749816843044
Middle East & North Africa,Non-metallic minerals,short_lived,1955,0.8474052463377986
Middle East & North Africa,Non-metallic minerals,short_lived,1956,0.8825383168478241
Middle East & North Africa,Non-metallic minerals,short_lived,1957,0.9199682326666124
Middle East & North Africa,Non-metallic minerals,short_lived,1958,0.9571053745527033
Middle East & North Africa,Non-metallic minerals,short_lived,1959,0.9956493912573875
Middle East & North Africa,Non-metallic minerals,short_lived,1960,1.0318075879793391
Middle East & North Africa,Non-metallic minerals,short_lived,1961,1.068996605216956
Middle East & North Africa,Non-metallic minerals,short_lived,1962,1.1088293824261157
Middle East & North Africa,Non-metallic minerals,short_lived,1963,1.1599288419815021
Middle East & North Africa,Non-metallic minerals,short_lived,1964,1.20796830779815
Middle East & North Africa,Non-metallic minerals,short_lived,1965,1.2640040859433466
Middle East & North Africa,Non-metallic minerals,short_lived,1966,1.3183149987008445
Middle East & North Africa,Non-metallic minerals,short_lived,1967,1.3741818936376093
Middle East & North Africa,Non-metallic minerals,short_lived,1968,1.436068051530533
Middle East & North Africa,Non-metallic minerals,short_lived,1969,1.4997014881828636
Middle East & North Africa,Non-metallic minerals,short_lived,1970,1.5579736333312353
Middle East & North Africa,Non-metallic minerals,short_lived,1971,1.6238045600586621
Middle East & North Africa,Non-metallic minerals,short_lived,1972,1.6924318416221662
Middle East & North Africa,Non-metallic minerals,short_lived,1973,1.7825354596029883
Middle East & North Africa,Non-metallic minerals,short_lived,1974,1.861294829434964
Middle East & North Africa,Non-metallic minerals,short_lived,1975,1.9274385280420716
Middle East & North Africa,Non-metallic minerals,short_lived,1976,2.017257755310512
Middle East & North Africa,Non-metallic minerals,short_lived,1977,2.095412150123829
Middle East & North Africa,Non-metallic minerals,short_lived,1978,2.1611717002413005
Middle East & North Africa,Non-metallic minerals,short_lived,1979,2.234844703529537
Middle East & North Africa,Non-metallic minerals,short_lived,1980,2.3479310051932916
Middle East & North Africa,Non-metallic minerals,short_lived,1981,2.353568326274461
Middle East & North Africa,Non-metallic minerals,short_lived,1982,2.437166758133879
Middle East & North Africa,Non-metallic minerals,short_lived,1983,2.4773554307090606
Middle East & North Africa,Non-metallic minerals,short_lived,1984,2.5736290660662315
Middle East & North Africa,Non-metallic minerals,short_lived,1985,2.5925838554242326
Middle East & North Africa,Non-metallic minerals,short_lived,1986,2.5477471482064864
Middle East & North Africa,Non-metallic minerals,short_lived,1987,2.5954059058005647
Middle East & North Africa,Non-metallic minerals,short_lived,1988,2.6237626417360174
Middle East & North Africa,Non-metallic minerals,short_lived,1989,2.65558824042857
Middle East & North Africa,Non-metallic minerals,short_lived,1990,2.7560118762594628
Middle East & North Africa,Non-metallic minerals,short_lived,1991,2.8056772666477108
Middle East & North Africa,Non-metallic minerals,short_lived,1992,2.8230371037085518
Middle East & North Africa,Non-metallic minerals,short_lived,1993,2.9408734842573163
Middle East & North Africa,Non-metallic minerals,short_lived,1994,2.9387162166079195
Middle East & North Africa,Non-metallic minerals,short_lived,1995,3.016581613089756
Middle East & North Africa,Non-metallic minerals,short_lived,1996,3.0558206404521924
Middle East & North Africa,Non-metallic minerals,short_lived,1997,3.037250963740286
Middle East & North Africa,Non-metallic minerals,short_lived,1998,3.0642449455705876
Middle East & North Africa,Non-metallic minerals,short_lived,1999,3.0562030259963633
Middle East & North Africa,Non-metallic minerals,short_lived,2000,3.1357003697151264
Middle East & North Africa,Non-metallic minerals,short_lived,2001,3.2008307221240777
Middle East & North Africa,Non-metallic minerals,short_lived,2002,3.2318169375938894
Middle East & North Africa,Non-metallic minerals,short_lived,2003,3.384408429243743
Middle East & North Africa,Non-metallic minerals,short_lived,2004,3.4420535124976666
Middle East & North Africa,Non-metallic minerals,short_lived,2005,3.5195743159847392
Middle East & North Africa,Non-metallic minerals,short_lived,2006,3.660127331377359
Middle East & North Africa,Non-metallic minerals,short_lived,2007,3.6982079713734906
Middle East & North Africa,Non-metallic minerals,short_lived,2008,3.766066149221405
Middle East & North Africa,Non-metallic minerals,short_lived,2009,3.9365554671869734
Middle East & North Africa,Non-metallic minerals,short_lived,2010,3.977183000151932
Middle East & North Africa,Non-metallic minerals,short_lived,2011,4.06210385123961
Middle East & North Africa,Non-metallic minerals,short_lived,2012,4.090716716475753
Middle East & North Africa,Non-metallic minerals,short_lived,2013,4.139116523994567
Middle East & North Africa,Non-metallic minerals,short_lived,2014,4.299309068740837
Middle East & North Africa,Non-metallic minerals,short_lived,2015,4.434815587449445
Middle East & North Africa,Non-metallic minerals,short_lived,2016,4.584223588111576
North America,Metal ores,buildings,1900,4.2821321572207385
North America,Metal ores,buildings,1901,5.380059161121726
North America,Metal ores,buildings,1902,5.978260919012753
North America,Metal ores,buildings,1903,5.822266145835203
North America,Metal ores,buildings,1904,5.482041465169354
North America,Metal ores,buildings,1905,7.7981344764567595
North America,Metal ores,buildings,1906,8.894610643208484
North America,Metal ores,buildings,1907,8.905912138138982
North America,Metal ores,buildings,1908,5.489275207547505
North America,Metal ores,buildings,1909,9.042770919903367
North America,Metal ores,buildings,1910,9.674375007163459
North America,Metal ores,buildings,1911,8.746310396792529
North America,Metal ores,buildings,1912,11.228862500734627
North America,Metal ores,buildings,1913,11.368108694777892
North America,Metal ores,buildings,1914,8.531754076985335
North America,Metal ores,buildings,1915,11.400765470270867
North America,Metal ores,buildings,1916,15.080074843187433
North America,Metal ores,buildings,1917,15.751463771175404
North America,Metal ores,buildings,1918,15.594931993915395
North America,Metal ores,buildings,1919,12.055190382954812
North America,Metal ores,buildings,1920,14.457904483338767
North America,Metal ores,buildings,1921,6.796658071888828
North America,Metal ores,buildings,1922,11.632022947173098
North America,Metal ores,buildings,1923,15.137793547914278
North America,Metal ores,buildings,1924,12.554261196797961
North America,Metal ores,buildings,1925,14.88611257833866
North America,Metal ores,buildings,1926,15.818276825159725
North America,Metal ores,buildings,1927,14.745731927582826
North America,Metal ores,buildings,1928,16.65983517969257
North America,Metal ores,buildings,1929,18.186255206290838
North America,Metal ores,buildings,1930,13.121198444808488
North America,Metal ores,buildings,1931,8.341512686810086
North America,Metal ores,buildings,1932,4.405139736987585
North America,Metal ores,buildings,1933,7.209654893052398
North America,Metal ores,buildings,1934,8.278773726791105
North America,Metal ores,buildings,1935,10.778191830532885
North America,Metal ores,buildings,1936,15.019537800521478
North America,Metal ores,buildings,1937,16.192250852016773
North America,Metal ores,buildings,1938,9.137832073139817
North America,Metal ores,buildings,1939,14.902435607692128
North America,Metal ores,buildings,1940,19.020354925285492
North America,Metal ores,buildings,1941,23.65135640825466
North America,Metal ores,buildings,1942,24.718528128036482
North America,Metal ores,buildings,1943,25.432213725749666
North America,Metal ores,buildings,1944,25.58905638800009
North America,Metal ores,buildings,1945,22.712144810689427
North America,Metal ores,buildings,1946,18.95219371958119
North America,Metal ores,buildings,1947,24.000222939235275
North America,Metal ores,buildings,1948,25.044423298866775
North America,Metal ores,buildings,1949,22.187669975636293
North America,Metal ores,buildings,1950,27.252831805863728
North America,Metal ores,buildings,1951,29.51468232488727
North America,Metal ores,buildings,1952,26.2570849803762
North America,Metal ores,buildings,1953,31.360540179490904
North America,Metal ores,buildings,1954,24.81398174810575
North America,Metal ores,buildings,1955,32.79677494526905
North America,Metal ores,buildings,1956,32.45432938550981
North America,Metal ores,buildings,1957,31.900688989317672
North America,Metal ores,buildings,1958,24.242269862116785
North America,Metal ores,buildings,1959,26.691143275416827
North America,Metal ores,buildings,1960,28.29152562732916
North America,Metal ores,buildings,1961,28.0541545991423
North America,Metal ores,buildings,1962,28.449830025581257
North America,Metal ores,buildings,1963,31.517289594439312
North America,Metal ores,buildings,1964,36.643694568553016
North America,Metal ores,buildings,1965,39.488669682833255
North America,Metal ores,buildings,1966,40.39159967156777
North America,Metal ores,buildings,1967,38.36689583161824
North America,Metal ores,buildings,1968,41.86982752307547
North America,Metal ores,buildings,1969,42.73091970513656
North America,Metal ores,buildings,1970,40.14254704153379
North America,Metal ores,buildings,1971,39.252900822375906
North America,Metal ores,buildings,1972,43.06309202537366
North America,Metal ores,buildings,1973,46.854462026699366
North America,Metal ores,buildings,1974,45.534049281920105
North America,Metal ores,buildings,1975,36.50968244329495
North America,Metal ores,buildings,1976,40.28107160345556
North America,Metal ores,buildings,1977,41.38530220440191
North America,Metal ores,buildings,1978,45.09856423016518
North America,Metal ores,buildings,1979,44.56946279592624
North America,Metal ores,buildings,1980,35.95403086167714
North America,Metal ores,buildings,1981,40.20058320347924
North America,Metal ores,buildings,1982,26.611726956019822
North America,Metal ores,buildings,1983,31.065620568813877
North America,Metal ores,buildings,1984,36.75290408658315
North America,Metal ores,buildings,1985,35.371209066013535
North America,Metal ores,buildings,1986,32.96795336182682
North America,Metal ores,buildings,1987,34.943344561100716
North America,Metal ores,buildings,1988,37.79003138435788
North America,Metal ores,buildings,1989,34.9001510288402
North America,Metal ores,buildings,1990,31.792758512323957
North America,Metal ores,buildings,1991,24.867748421247974
North America,Metal ores,buildings,1992,35.35321974244436
North America,Metal ores,buildings,1993,40.920039194281564
North America,Metal ores,buildings,1994,38.78869751842399
North America,Metal ores,buildings,1995,44.70774417361423
North America,Metal ores,buildings,1996,42.12564176202913
North America,Metal ores,buildings,1997,43.47621939300699
North America,Metal ores,buildings,1998,47.37064092908118
North America,Metal ores,buildings,1999,44.186364503984905
North America,Metal ores,buildings,2000,47.55501309795595
North America,Metal ores,buildings,2001,39.70320263343015
North America,Metal ores,buildings,2002,42.2637905636754
North America,Metal ores,buildings,2003,39.877035078038325
North America,Metal ores,buildings,2004,48.08856538731486
North America,Metal ores,buildings,2005,45.45513601516894
North America,Metal ores,buildings,2006,51.06938747973159
North America,Metal ores,buildings,2007,46.667840380706906
North America,Metal ores,buildings,2008,42.006310514529645
North America,Metal ores,buildings,2009,24.687946039168267
North America,Metal ores,buildings,2010,32.12021732254421
North America,Metal ores,buildings,2011,34.32544075143516
North America,Metal ores,buildings,2012,37.903106374682054
North America,Metal ores,buildings,2013,38.24977888185246
North America,Metal ores,buildings,2014,42.25825182980474
North America,Metal ores,buildings,2015,38.42061213487794
North America,Metal ores,buildings,2016,40.722784405509856
North America,Metal ores,civil_infrastructure,1900,2.5544654134716334
North America,Metal ores,civil_infrastructure,1901,3.212224023474728
North America,Metal ores,civil_infrastructure,1902,3.5710557358105857
North America,Metal ores,civil_infrastructure,1903,3.476727492580083
North America,Metal ores,civil_infrastructure,1904,3.275140452915012
North America,Metal ores,civil_infrastructure,1905,4.661915859324246
North America,Metal ores,civil_infrastructure,1906,5.321092481053525
North America,Metal ores,civil_infrastructure,1907,5.3327885213208015
North America,Metal ores,civil_infrastructure,1908,3.3052348020501565
North America,Metal ores,civil_infrastructure,1909,5.417121441953145
North America,Metal ores,civil_infrastructure,1910,5.7961198007817325
North America,Metal ores,civil_infrastructure,1911,5.252650892423723
North America,Metal ores,civil_infrastructure,1912,6.7262276149331734
North America,Metal ores,civil_infrastructure,1913,6.821579170397583
North America,Metal ores,civil_infrastructure,1914,5.119562522100418
North America,Metal ores,civil_infrastructure,1915,6.821733827207556
North America,Metal ores,civil_infrastructure,1916,9.023071136145115
North America,Metal ores,civil_infrastructure,1917,9.43349773413016
North America,Metal ores,civil_infrastructure,1918,9.345662968239493
North America,Metal ores,civil_infrastructure,1919,7.210692671412567
North America,Metal ores,civil_infrastructure,1920,8.644911719381016
North America,Metal ores,civil_infrastructure,1921,4.083626707260954
North America,Metal ores,civil_infrastructure,1922,6.931402949235755
North America,Metal ores,civil_infrastructure,1923,9.034885177434418
North America,Metal ores,civil_infrastructure,1924,7.494036323683048
North America,Metal ores,civil_infrastructure,1925,8.879622718206836
North America,Metal ores,civil_infrastructure,1926,9.436416545599252
North America,Metal ores,civil_infrastructure,1927,8.810834191831828
North America,Metal ores,civil_infrastructure,1928,9.964957462107431
North America,Metal ores,civil_infrastructure,1929,10.8771232856907
North America,Metal ores,civil_infrastructure,1930,7.8555863983563405
North America,Metal ores,civil_infrastructure,1931,5.003518655269054
North America,Metal ores,civil_infrastructure,1932,2.653125207543769
North America,Metal ores,civil_infrastructure,1933,4.3134780485189905
North America,Metal ores,civil_infrastructure,1934,4.966743954063045
North America,Metal ores,civil_infrastructure,1935,6.457499775671003
North America,Metal ores,civil_infrastructure,1936,8.975993816835988
North America,Metal ores,civil_infrastructure,1937,9.690799935569121
North America,Metal ores,civil_infrastructure,1938,5.503465620300645
North America,Metal ores,civil_infrastructure,1939,8.923911808614026
North America,Metal ores,civil_infrastructure,1940,11.397908558390911
North America,Metal ores,civil_infrastructure,1941,14.159909122743695
North America,Metal ores,civil_infrastructure,1942,14.815097014416382
North America,Metal ores,civil_infrastructure,1943,15.230827928045834
North America,Metal ores,civil_infrastructure,1944,15.325603413727404
North America,Metal ores,civil_infrastructure,1945,13.619018270573783
North America,Metal ores,civil_infrastructure,1946,11.36604267083595
North America,Metal ores,civil_infrastructure,1947,14.360571730876918
North America,Metal ores,civil_infrastructure,1948,14.999816886009992
North America,Metal ores,civil_infrastructure,1949,13.322740501719254
North America,Metal ores,civil_infrastructure,1950,16.33210799033697
North America,Metal ores,civil_infrastructure,1951,17.684566689627527
North America,Metal ores,civil_infrastructure,1952,15.768551019652003
North America,Metal ores,civil_infrastructure,1953,18.810062621333252
North America,Metal ores,civil_infrastructure,1954,14.894374277884303
North America,Metal ores,civil_infrastructure,1955,19.68969100627233
North America,Metal ores,civil_infrastructure,1956,19.531887257372457
North America,Metal ores,civil_infrastructure,1957,19.198602590882246
North America,Metal ores,civil_infrastructure,1958,14.631673442509884
North America,Metal ores,civil_infrastructure,1959,16.168344151442877
North America,Metal ores,civil_infrastructure,1960,17.121556227482685
North America,Metal ores,civil_infrastructure,1961,17.022775413802783
North America,Metal ores,civil_infrastructure,1962,17.293527414368665
North America,Metal ores,civil_infrastructure,1963,19.09692413781208
North America,Metal ores,civil_infrastructure,1964,22.209974711838623
North America,Metal ores,civil_infrastructure,1965,23.984726873759243
North America,Metal ores,civil_infrastructure,1966,24.497450206382503
North America,Metal ores,civil_infrastructure,1967,23.259681442687768
North America,Metal ores,civil_infrastructure,1968,25.420000068019846
North America,Metal ores,civil_infrastructure,1969,25.901800083110334
North America,Metal ores,civil_infrastructure,1970,24.402451598115455
North America,Metal ores,civil_infrastructure,1971,23.902710837586024
North America,Metal ores,civil_infrastructure,1972,26.233348940270773
North America,Metal ores,civil_infrastructure,1973,28.56504625714733
North America,Metal ores,civil_infrastructure,1974,27.872116190241247
North America,Metal ores,civil_infrastructure,1975,22.432075379047212
North America,Metal ores,civil_infrastructure,1976,24.62548390853119
North America,Metal ores,civil_infrastructure,1977,25.267924234355416
North America,Metal ores,civil_infrastructure,1978,27.525762986695124
North America,Metal ores,civil_infrastructure,1979,27.29323506884772
North America,Metal ores,civil_infrastructure,1980,22.093495125545868
North America,Metal ores,civil_infrastructure,1981,24.619575245828216
North America,Metal ores,civil_infrastructure,1982,16.333528117923112
North America,Metal ores,civil_infrastructure,1983,19.053999104673196
North America,Metal ores,civil_infrastructure,1984,22.515297125172193
North America,Metal ores,civil_infrastructure,1985,21.67682778881106
North America,Metal ores,civil_infrastructure,1986,20.186792293733344
North America,Metal ores,civil_infrastructure,1987,21.43291553630143
North America,Metal ores,civil_infrastructure,1988,23.195542869243027
North America,Metal ores,civil_infrastructure,1989,21.446630568451692
North America,Metal ores,civil_infrastructure,1990,23.012483434463718
North America,Metal ores,civil_infrastructure,1991,23.33477860385967
North America,Metal ores,civil_infrastructure,1992,16.750741043141474
North America,Metal ores,civil_infrastructure,1993,14.777069775161195
North America,Metal ores,civil_infrastructure,1994,23.460810205746057
North America,Metal ores,civil_infrastructure,1995,17.650116259221466
North America,Metal ores,civil_infrastructure,1996,17.905797992204004
North America,Metal ores,civil_infrastructure,1997,22.100640226654686
North America,Metal ores,civil_infrastructure,1998,24.25640037910907
North America,Metal ores,civil_infrastructure,1999,23.92795494197283
North America,Metal ores,civil_infrastructure,2000,25.659676304137804
North America,Metal ores,civil_infrastructure,2001,22.727464823791838
North America,Metal ores,civil_infrastructure,2002,24.359525912118645
North America,Metal ores,civil_infrastructure,2003,24.553620963594355
North America,Metal ores,civil_infrastructure,2004,27.492606787118685
North America,Metal ores,civil_infrastructure,2005,26.962230158273595
North America,Metal ores,civil_infrastructure,2006,29.403848443249338
North America,Metal ores,civil_infrastructure,2007,25.494884326533267
North America,Metal ores,civil_infrastructure,2008,23.478123193662675
North America,Metal ores,civil_infrastructure,2009,16.577869704223406
North America,Metal ores,civil_infrastructure,2010,21.99436958674757
North America,Metal ores,civil_infrastructure,2011,23.76533868644972
North America,Metal ores,civil_infrastructure,2012,23.3827134329865
North America,Metal ores,civil_infrastructure,2013,23.387787163073895
North America,Metal ores,civil_infrastructure,2014,25.376729453648178
North America,Metal ores,civil_infrastructure,2015,22.67727717940145
North America,Metal ores,civil_infrastructure,2016,23.51839972329894
North America,Metal ores,machinery,1900,5.3161784133868935
North America,Metal ores,machinery,1901,6.627914346657644
North America,Metal ores,machinery,1902,7.330665387270324
North America,Metal ores,machinery,1903,7.164528666276436
North America,Metal ores,machinery,1904,6.763178634293981
North America,Metal ores,machinery,1905,9.492209905479653
North America,Metal ores,machinery,1906,10.810642733510996
North America,Metal ores,machinery,1907,10.827829265746683
North America,Metal ores,machinery,1908,6.798271376864574
North America,Metal ores,machinery,1909,10.998299567241126
North America,Metal ores,machinery,1910,11.741986039134133
North America,Metal ores,machinery,1911,10.666564119957394
North America,Metal ores,machinery,1912,13.596159538831749
North America,Metal ores,machinery,1913,13.786578743205814
North America,Metal ores,machinery,1914,10.496752664000626
North America,Metal ores,machinery,1915,13.927852469075285
North America,Metal ores,machinery,1916,18.399867259038235
North America,Metal ores,machinery,1917,19.20053803363874
North America,Metal ores,machinery,1918,18.998596647289965
North America,Metal ores,machinery,1919,14.681368425425491
North America,Metal ores,machinery,1920,17.48669057944208
North America,Metal ores,machinery,1921,8.315398319830404
North America,Metal ores,machinery,1922,14.125502786399688
North America,Metal ores,machinery,1923,18.38597059168757
North America,Metal ores,machinery,1924,15.446927984785717
North America,Metal ores,machinery,1925,18.29145462856682
North America,Metal ores,machinery,1926,19.43207961804779
North America,Metal ores,machinery,1927,18.149502928304795
North America,Metal ores,machinery,1928,20.406605093142534
North America,Metal ores,machinery,1929,22.254499593175993
North America,Metal ores,machinery,1930,16.2642443400127
North America,Metal ores,machinery,1931,10.62713007867908
North America,Metal ores,machinery,1932,5.977121395300573
North America,Metal ores,machinery,1933,9.202574655697866
North America,Metal ores,machinery,1934,10.382667886253735
North America,Metal ores,machinery,1935,13.24421976616837
North America,Metal ores,machinery,1936,18.351660957921528
North America,Metal ores,machinery,1937,19.89348862544982
North America,Metal ores,machinery,1938,11.52915958912774
North America,Metal ores,machinery,1939,18.367053593637443
North America,Metal ores,machinery,1940,23.452771790133106
North America,Metal ores,machinery,1941,28.921396524951437
North America,Metal ores,machinery,1942,30.268669942931314
North America,Metal ores,machinery,1943,31.110875984511715
North America,Metal ores,machinery,1944,31.125886142679814
North America,Metal ores,machinery,1945,27.67549547475365
North America,Metal ores,machinery,1946,23.098080197126173
North America,Metal ores,machinery,1947,29.196886532081553
North America,Metal ores,machinery,1948,30.435216268602804
North America,Metal ores,machinery,1949,27.083922911084237
North America,Metal ores,machinery,1950,33.348100416874686
North America,Metal ores,machinery,1951,35.9417326610913
North America,Metal ores,machinery,1952,32.156228515569886
North America,Metal ores,machinery,1953,38.31172101421419
North America,Metal ores,machinery,1954,30.647347746204186
North America,Metal ores,machinery,1955,40.08930258564428
North America,Metal ores,machinery,1956,39.803099819090846
North America,Metal ores,machinery,1957,39.152945814754176
North America,Metal ores,machinery,1958,30.04973768202069
North America,Metal ores,machinery,1959,32.773966383732855
North America,Metal ores,machinery,1960,34.93475611479859
North America,Metal ores,machinery,1961,34.71645648756799
North America,Metal ores,machinery,1962,35.19009630785751
North America,Metal ores,machinery,1963,38.88820825356713
North America,Metal ores,machinery,1964,45.06164715771614
North America,Metal ores,machinery,1965,48.61663110177025
North America,Metal ores,machinery,1966,49.90998731070639
North America,Metal ores,machinery,1967,47.29315595388234
North America,Metal ores,machinery,1968,51.51531995513965
North America,Metal ores,machinery,1969,52.67203998612048
North America,Metal ores,machinery,1970,49.5399246747502
North America,Metal ores,machinery,1971,48.33135955140433
North America,Metal ores,machinery,1972,53.07241588888755
North America,Metal ores,machinery,1973,57.629141556678995
North America,Metal ores,machinery,1974,56.17606928601674
North America,Metal ores,machinery,1975,45.16543792651014
North America,Metal ores,machinery,1976,49.797140032148334
North America,Metal ores,machinery,1977,51.610236913547574
North America,Metal ores,machinery,1978,56.065337053142706
North America,Metal ores,machinery,1979,55.52584728024858
North America,Metal ores,machinery,1980,45.013334697193606
North America,Metal ores,machinery,1981,50.267647857196785
North America,Metal ores,machinery,1982,33.849898882014074
North America,Metal ores,machinery,1983,39.17809467840978
North America,Metal ores,machinery,1984,46.32527423734828
North America,Metal ores,machinery,1985,44.662239368029674
North America,Metal ores,machinery,1986,41.8738736332728
North America,Metal ores,machinery,1987,44.33600192059021
North America,Metal ores,machinery,1988,47.975555031101024
North America,Metal ores,machinery,1989,44.50285426376667
North America,Metal ores,machinery,1990,43.3026865031685
North America,Metal ores,machinery,1991,38.23821142428006
North America,Metal ores,machinery,1992,41.81136210685571
North America,Metal ores,machinery,1993,44.77012891979695
North America,Metal ores,machinery,1994,49.395692410042585
North America,Metal ores,machinery,1995,49.84244979410678
North America,Metal ores,machinery,1996,47.95357724019301
North America,Metal ores,machinery,1997,52.41314968849416
North America,Metal ores,machinery,1998,56.88760777047706
North America,Metal ores,machinery,1999,54.7547423290279
North America,Metal ores,machinery,2000,58.49897759640976
North America,Metal ores,machinery,2001,50.069493374143356
North America,Metal ores,machinery,2002,52.77574740715715
North America,Metal ores,machinery,2003,51.12380872536252
North America,Metal ores,machinery,2004,59.47847263639913
North America,Metal ores,machinery,2005,57.46394675720016
North America,Metal ores,machinery,2006,63.068077753806286
North America,Metal ores,machinery,2007,57.32251795034619
North America,Metal ores,machinery,2008,51.104126069347025
North America,Metal ores,machinery,2009,34.25278831923537
North America,Metal ores,machinery,2010,43.49517922196687
North America,Metal ores,machinery,2011,48.44547697042701
North America,Metal ores,machinery,2012,51.27436840737885
North America,Metal ores,machinery,2013,51.69834281628784
North America,Metal ores,machinery,2014,56.26968940316388
North America,Metal ores,machinery,2015,51.26394189267327
North America,Metal ores,machinery,2016,53.98532988807233
North America,Metal ores,short_lived,1900,1.2480273870513314
North America,Metal ores,short_lived,1901,1.5034762030243645
North America,Metal ores,short_lived,1902,1.6265707868013812
North America,Metal ores,short_lived,1903,1.6179923743040576
North America,Metal ores,short_lived,1904,1.548008277895911
North America,Metal ores,short_lived,1905,2.0332734391167144
North America,Metal ores,short_lived,1906,2.3022228192657925
North America,Metal ores,short_lived,1907,2.314180080942837
North America,Metal ores,short_lived,1908,1.6085720647870632
North America,Metal ores,short_lived,1909,2.3577756917885346
North America,Metal ores,short_lived,1910,2.4903645129526764
North America,Metal ores,short_lived,1911,2.331730871189371
North America,Metal ores,short_lived,1912,2.847134892562788
North America,Metal ores,short_lived,1913,2.917532978920989
North America,Metal ores,short_lived,1914,2.4327241914343753
North America,Metal ores,short_lived,1915,3.0762204410495366
North America,Metal ores,short_lived,1916,3.991832331172083
North America,Metal ores,short_lived,1917,4.156695329337677
North America,Metal ores,short_lived,1918,4.075033643200265
North America,Metal ores,short_lived,1919,3.1780891931116573
North America,Metal ores,short_lived,1920,3.669187674803964
North America,Metal ores,short_lived,1921,1.8936981300782365
North America,Metal ores,short_lived,1922,3.0128995884949856
North America,Metal ores,short_lived,1923,3.8964129535976633
North America,Metal ores,short_lived,1924,3.4773969757987047
North America,Metal ores,short_lived,1925,4.046041604714439
North America,Metal ores,short_lived,1926,4.303550905787936
North America,Metal ores,short_lived,1927,4.023551962943058
North America,Metal ores,short_lived,1928,4.383211273794065
North America,Metal ores,short_lived,1929,4.749846795049622
North America,Metal ores,short_lived,1930,3.661233518418884
North America,Metal ores,short_lived,1931,2.6314888017658893
North America,Metal ores,short_lived,1932,1.7679817075974196
North America,Metal ores,short_lived,1933,2.218618958137546
North America,Metal ores,short_lived,1934,2.3418885740276982
North America,Metal ores,short_lived,1935,2.7406158546885337
North America,Metal ores,short_lived,1936,3.710513788472371
North America,Metal ores,short_lived,1937,4.09223054027534
North America,Metal ores,short_lived,1938,2.593985356543066
North America,Metal ores,short_lived,1939,3.853952159307276
North America,Metal ores,short_lived,1940,4.9382654363198535
North America,Metal ores,short_lived,1941,5.933764873746853
North America,Metal ores,short_lived,1942,6.269682280065813
North America,Metal ores,short_lived,1943,6.423705845130654
North America,Metal ores,short_lived,1944,6.356197572141829
North America,Metal ores,short_lived,1945,5.710763745271397
North America,Metal ores,short_lived,1946,4.803893248329739
North America,Metal ores,short_lived,1947,5.988521351784105
North America,Metal ores,short_lived,1948,6.210780058343378
North America,Metal ores,short_lived,1949,5.712924739730026
North America,Metal ores,short_lived,1950,6.936762880188087
North America,Metal ores,short_lived,1951,7.332718707908429
North America,Metal ores,short_lived,1952,6.81045003951272
North America,Metal ores,short_lived,1953,7.998041228742526
North America,Metal ores,short_lived,1954,6.695053196493077
North America,Metal ores,short_lived,1955,8.418152168021448
North America,Metal ores,short_lived,1956,8.519267859934788
North America,Metal ores,short_lived,1957,8.46304439195962
North America,Metal ores,short_lived,1958,6.7067823767031225
North America,Metal ores,short_lived,1959,7.099167490941253
North America,Metal ores,short_lived,1960,7.615478507350775
North America,Metal ores,short_lived,1961,7.686909604033799
North America,Metal ores,short_lived,1962,7.792151699700563
North America,Metal ores,short_lived,1963,8.457053492314744
North America,Metal ores,short_lived,1964,9.67491528018096
North America,Metal ores,short_lived,1965,10.378557126069657
North America,Metal ores,short_lived,1966,10.792603149347855
North America,Metal ores,short_lived,1967,10.27601298135787
North America,Metal ores,short_lived,1968,11.187032667308788
North America,Metal ores,short_lived,1969,11.680230601198845
North America,Metal ores,short_lived,1970,11.164839021495718
North America,Metal ores,short_lived,1971,10.907518268026418
North America,Metal ores,short_lived,1972,11.885700640726922
North America,Metal ores,short_lived,1973,12.576663375566145
North America,Metal ores,short_lived,1974,12.466449428178802
North America,Metal ores,short_lived,1975,10.401743334369256
North America,Metal ores,short_lived,1976,11.41885759233719
North America,Metal ores,short_lived,1977,12.188076304715059
North America,Metal ores,short_lived,1978,13.139683019820026
North America,Metal ores,short_lived,1979,13.118291134624943
North America,Metal ores,short_lived,1980,11.208729598809036
North America,Metal ores,short_lived,1981,12.376052958186056
North America,Metal ores,short_lived,1982,9.40580591519935
North America,Metal ores,short_lived,1983,10.3742549413959
North America,Metal ores,short_lived,1984,11.79731662883514
North America,Metal ores,short_lived,1985,11.524236509664568
North America,Metal ores,short_lived,1986,11.14509342868475
North America,Metal ores,short_lived,1987,11.71799579245531
North America,Metal ores,short_lived,1988,12.498566781293215
North America,Metal ores,short_lived,1989,11.942535342848492
North America,Metal ores,short_lived,1990,11.733807857087392
North America,Metal ores,short_lived,1991,10.77182556346543
North America,Metal ores,short_lived,1992,11.388285599712981
North America,Metal ores,short_lived,1993,11.957377150538283
North America,Metal ores,short_lived,1994,12.972483527391422
North America,Metal ores,short_lived,1995,11.302744265637969
North America,Metal ores,short_lived,1996,10.551606863361373
North America,Metal ores,short_lived,1997,11.482219331833837
North America,Metal ores,short_lived,1998,12.58696385331242
North America,Metal ores,short_lived,1999,11.995085271140146
North America,Metal ores,short_lived,2000,12.930968196667799
North America,Metal ores,short_lived,2001,11.421649181028114
North America,Metal ores,short_lived,2002,12.007021252107782
North America,Metal ores,short_lived,2003,11.884040355222774
North America,Metal ores,short_lived,2004,13.249845110036498
North America,Metal ores,short_lived,2005,13.120829563896114
North America,Metal ores,short_lived,2006,13.96974556483028
North America,Metal ores,short_lived,2007,12.804632207960934
North America,Metal ores,short_lived,2008,12.038555454617788
North America,Metal ores,short_lived,2009,9.675161226142698
North America,Metal ores,short_lived,2010,11.404934312906281
North America,Metal ores,short_lived,2011,12.572180697454348
North America,Metal ores,short_lived,2012,12.787770300784286
North America,Metal ores,short_lived,2013,13.14362588776149
North America,Metal ores,short_lived,2014,14.136008533508772
North America,Metal ores,short_lived,2015,13.359947750757874
North America,Metal ores,short_lived,2016,14.146679879407674
North America,Non-metallic minerals,buildings,1900,65.59874624300754
North America,Non-metallic minerals,buildings,1901,73.21521997094018
North America,Non-metallic minerals,buildings,1902,75.43432490234377
North America,Non-metallic minerals,buildings,1903,77.53685480567246
North America,Non-metallic minerals,buildings,1904,77.66368492319087
North America,Non-metallic minerals,buildings,1905,85.28535016670295
North America,Non-metallic minerals,buildings,1906,92.05185467000473
North America,Non-metallic minerals,buildings,1907,92.3179898819295
North America,Non-metallic minerals,buildings,1908,81.5134476617138
North America,Non-metallic minerals,buildings,1909,95.05077708799041
North America,Non-metallic minerals,buildings,1910,93.74162099432053
North America,Non-metallic minerals,buildings,1911,93.65692520733593
North America,Non-metallic minerals,buildings,1912,97.2181320999772
North America,Non-metallic minerals,buildings,1913,98.49995848270359
North America,Non-metallic minerals,buildings,1914,96.36830061273933
North America,Non-metallic minerals,buildings,1915,96.46958834198581
North America,Non-metallic minerals,buildings,1916,99.55144369442525
North America,Non-metallic minerals,buildings,1917,94.8149095204341
North America,Non-metallic minerals,buildings,1918,87.13378942706743
North America,Non-metallic minerals,buildings,1919,93.19161533782344
North America,Non-metallic minerals,buildings,1920,93.81852439603585
North America,Non-metallic minerals,buildings,1921,93.01860526514355
North America,Non-metallic minerals,buildings,1922,116.51083014747574
North America,Non-metallic minerals,buildings,1923,137.33888511877942
North America,Non-metallic minerals,buildings,1924,145.30493342810115
North America,Non-metallic minerals,buildings,1925,157.3260779227964
North America,Non-metallic minerals,buildings,1926,161.5161214112627
North America,Non-metallic minerals,buildings,1927,167.26605383619213
North America,Non-metallic minerals,buildings,1928,169.11464472100926
North America,Non-metallic minerals,buildings,1929,161.62278405498435
North America,Non-metallic minerals,buildings,1930,144.52667676957125
North America,Non-metallic minerals,buildings,1931,114.52493517507246
North America,Non-metallic minerals,buildings,1932,71.17156645914768
North America,Non-metallic minerals,buildings,1933,57.61087478827782
North America,Non-metallic minerals,buildings,1934,66.83946321251823
North America,Non-metallic minerals,buildings,1935,69.54694031098646
North America,Non-metallic minerals,buildings,1936,101.68171627455254
North America,Non-metallic minerals,buildings,1937,106.5180103221536
North America,Non-metallic minerals,buildings,1938,95.96081582006927
North America,Non-metallic minerals,buildings,1939,106.03095991694919
North America,Non-metallic minerals,buildings,1940,110.30317884649305
North America,Non-metallic minerals,buildings,1941,114.26804552480397
North America,Non-metallic minerals,buildings,1942,118.22968541700615
North America,Non-metallic minerals,buildings,1943,122.18901453205709
North America,Non-metallic minerals,buildings,1944,128.312227936414
North America,Non-metallic minerals,buildings,1945,135.84892616055447
North America,Non-metallic minerals,buildings,1946,150.24902445637903
North America,Non-metallic minerals,buildings,1947,157.35997977244233
North America,Non-metallic minerals,buildings,1948,176.14357594021465
North America,Non-metallic minerals,buildings,1949,179.79024674606825
North America,Non-metallic minerals,buildings,1950,197.04759546227928
North America,Non-metallic minerals,buildings,1951,211.6305001106092
North America,Non-metallic minerals,buildings,1952,212.4215736118704
North America,Non-metallic minerals,buildings,1953,228.58271112245626
North America,Non-metallic minerals,buildings,1954,234.41822204797396
North America,Non-metallic minerals,buildings,1955,261.0627110633717
North America,Non-metallic minerals,buildings,1956,278.82131070748403
North America,Non-metallic minerals,buildings,1957,261.75027687693944
North America,Non-metallic minerals,buildings,1958,271.0961063629577
North America,Non-metallic minerals,buildings,1959,294.27187090555356
North America,Non-metallic minerals,buildings,1960,291.97182767238235
North America,Non-metallic minerals,buildings,1961,294.33826528174325
North America,Non-metallic minerals,buildings,1962,309.04408678078585
North America,Non-metallic minerals,buildings,1963,321.99368086677384
North America,Non-metallic minerals,buildings,1964,347.3689241188169
North America,Non-metallic minerals,buildings,1965,346.13650592554245
North America,Non-metallic minerals,buildings,1966,359.4395559962429
North America,Non-metallic minerals,buildings,1967,340.93557933898325
North America,Non-metallic minerals,buildings,1968,362.12483942482044
North America,Non-metallic minerals,buildings,1969,366.3112645585236
North America,Non-metallic minerals,buildings,1970,357.1615269769656
North America,Non-metallic minerals,buildings,1971,377.13304122762406
North America,Non-metallic minerals,buildings,1972,402.8643580198387
North America,Non-metallic minerals,buildings,1973,422.97846536323675
North America,Non-metallic minerals,buildings,1974,404.80842763481894
North America,Non-metallic minerals,buildings,1975,346.4347887613472
North America,Non-metallic minerals,buildings,1976,364.0109013889756
North America,Non-metallic minerals,buildings,1977,391.3017568840255
North America,Non-metallic minerals,buildings,1978,426.50724902390726
North America,Non-metallic minerals,buildings,1979,437.0730421196126
North America,Non-metallic minerals,buildings,1980,376.36827499130555
North America,Non-metallic minerals,buildings,1981,353.2172061841788
North America,Non-metallic minerals,buildings,1982,302.4150840330774
North America,Non-metallic minerals,buildings,1983,341.5856329636666
North America,Non-metallic minerals,buildings,1984,394.1136157890622
North America,Non-metallic minerals,buildings,1985,418.0065439006813
North America,Non-metallic minerals,buildings,1986,431.68578967004976
North America,Non-metallic minerals,buildings,1987,440.3517762660752
North America,Non-metallic minerals,buildings,1988,437.212974206202
North America,Non-metallic minerals,buildings,1989,426.8153785001266
North America,Non-metallic minerals,buildings,1990,412.69176553165283
North America,Non-metallic minerals,buildings,1991,367.5516533995346
North America,Non-metallic minerals,buildings,1992,375.2336061471522
North America,Non-metallic minerals,buildings,1993,393.66008354824936
North America,Non-metallic minerals,buildings,1994,437.8666518581404
North America,Non-metallic minerals,buildings,1995,461.82810243948654
North America,Non-metallic minerals,buildings,1996,477.1892141153163
North America,Non-metallic minerals,buildings,1997,512.9861688923091
North America,Non-metallic minerals,buildings,1998,560.6847174729511
North America,Non-metallic minerals,buildings,1999,589.6853494578644
North America,Non-metallic minerals,buildings,2000,589.6435392326742
North America,Non-metallic minerals,buildings,2001,568.2448013211745
North America,Non-metallic minerals,buildings,2002,572.5020378655804
North America,Non-metallic minerals,buildings,2003,586.1477433238431
North America,Non-metallic minerals,buildings,2004,632.7149395439975
North America,Non-metallic minerals,buildings,2005,660.8294325710472
North America,Non-metallic minerals,buildings,2006,651.8387256401093
North America,Non-metallic minerals,buildings,2007,547.9033456038112
North America,Non-metallic minerals,buildings,2008,423.5935199291308
North America,Non-metallic minerals,buildings,2009,287.23299711042864
North America,Non-metallic minerals,buildings,2010,265.15906521009754
North America,Non-metallic minerals,buildings,2011,268.8301737280224
North America,Non-metallic minerals,buildings,2012,301.7837009186056
North America,Non-metallic minerals,buildings,2013,323.4620814833275
North America,Non-metallic minerals,buildings,2014,335.948258343256
North America,Non-metallic minerals,buildings,2015,342.8152722299498
North America,Non-metallic minerals,buildings,2016,350.63823809863067
North America,Non-metallic minerals,civil_infrastructure,1900,65.45134388369736
North America,Non-metallic minerals,civil_infrastructure,1901,70.98910030860554
North America,Non-metallic minerals,civil_infrastructure,1902,79.43152283573833
North America,Non-metallic minerals,civil_infrastructure,1903,85.90775264289033
North America,Non-metallic minerals,civil_infrastructure,1904,92.50350411876929
North America,Non-metallic minerals,civil_infrastructure,1905,102.89443018197679
North America,Non-metallic minerals,civil_infrastructure,1906,104.23379073484371
North America,Non-metallic minerals,civil_infrastructure,1907,121.09866218676913
North America,Non-metallic minerals,civil_infrastructure,1908,122.26305851367421
North America,Non-metallic minerals,civil_infrastructure,1909,128.87189764642343
North America,Non-metallic minerals,civil_infrastructure,1910,138.76402164086866
North America,Non-metallic minerals,civil_infrastructure,1911,147.2278155170404
North America,Non-metallic minerals,civil_infrastructure,1912,151.46280203256126
North America,Non-metallic minerals,civil_infrastructure,1913,164.16107977511953
North America,Non-metallic minerals,civil_infrastructure,1914,168.7893794082115
North America,Non-metallic minerals,civil_infrastructure,1915,172.37186053770736
North America,Non-metallic minerals,civil_infrastructure,1916,182.85232458190495
North America,Non-metallic minerals,civil_infrastructure,1917,196.5169721447207
North America,Non-metallic minerals,civil_infrastructure,1918,203.77205812486224
North America,Non-metallic minerals,civil_infrastructure,1919,219.66171713636155
North America,Non-metallic minerals,civil_infrastructure,1920,250.9671858985263
North America,Non-metallic minerals,civil_infrastructure,1921,255.73858696578344
North America,Non-metallic minerals,civil_infrastructure,1922,316.13582669424227
North America,Non-metallic minerals,civil_infrastructure,1923,385.66570932989407
North America,Non-metallic minerals,civil_infrastructure,1924,385.84995744091503
North America,Non-metallic minerals,civil_infrastructure,1925,413.411538276395
North America,Non-metallic minerals,civil_infrastructure,1926,422.510508490878
North America,Non-metallic minerals,civil_infrastructure,1927,479.0885857840926
North America,Non-metallic minerals,civil_infrastructure,1928,483.3169424392282
North America,Non-metallic minerals,civil_infrastructure,1929,525.4907189529005
North America,Non-metallic minerals,civil_infrastructure,1930,473.5316361906409
North America,Non-metallic minerals,civil_infrastructure,1931,435.5250405127156
North America,Non-metallic minerals,civil_infrastructure,1932,380.62467253289066
North America,Non-metallic minerals,civil_infrastructure,1933,415.64288882772297
North America,Non-metallic minerals,civil_infrastructure,1934,424.2328163081329
North America,Non-metallic minerals,civil_infrastructure,1935,459.9083591537269
North America,Non-metallic minerals,civil_infrastructure,1936,520.0712229678596
North America,Non-metallic minerals,civil_infrastructure,1937,597.6207338674863
North America,Non-metallic minerals,civil_infrastructure,1938,569.5201188054548
North America,Non-metallic minerals,civil_infrastructure,1939,595.8247859373143
North America,Non-metallic minerals,civil_infrastructure,1940,632.0010665366399
North America,Non-metallic minerals,civil_infrastructure,1941,652.9944979048503
North America,Non-metallic minerals,civil_infrastructure,1942,647.0239441716494
North America,Non-metallic minerals,civil_infrastructure,1943,692.1178332020406
North America,Non-metallic minerals,civil_infrastructure,1944,757.4007254131427
North America,Non-metallic minerals,civil_infrastructure,1945,767.9635353598526
North America,Non-metallic minerals,civil_infrastructure,1946,773.2573588165247
North America,Non-metallic minerals,civil_infrastructure,1947,817.8048890163399
North America,Non-metallic minerals,civil_infrastructure,1948,888.0944971595977
North America,Non-metallic minerals,civil_infrastructure,1949,829.7333527660003
North America,Non-metallic minerals,civil_infrastructure,1950,889.981465949999
North America,Non-metallic minerals,civil_infrastructure,1951,1012.7697555076505
North America,Non-metallic minerals,civil_infrastructure,1952,1070.844164353388
North America,Non-metallic minerals,civil_infrastructure,1953,1101.42534258814
North America,Non-metallic minerals,civil_infrastructure,1954,1129.7750329448556
North America,Non-metallic minerals,civil_infrastructure,1955,1250.8094311091759
North America,Non-metallic minerals,civil_infrastructure,1956,1346.7721436188406
North America,Non-metallic minerals,civil_infrastructure,1957,1285.5549206381352
North America,Non-metallic minerals,civil_infrastructure,1958,1325.3552491284004
North America,Non-metallic minerals,civil_infrastructure,1959,1429.392761135873
North America,Non-metallic minerals,civil_infrastructure,1960,1372.5660977665618
North America,Non-metallic minerals,civil_infrastructure,1961,1397.7441920952374
North America,Non-metallic minerals,civil_infrastructure,1962,1481.8799825327026
North America,Non-metallic minerals,civil_infrastructure,1963,1510.0761338424336
North America,Non-metallic minerals,civil_infrastructure,1964,1621.6227606692307
North America,Non-metallic minerals,civil_infrastructure,1965,1715.0502431152697
North America,Non-metallic minerals,civil_infrastructure,1966,1791.2630544775645
North America,Non-metallic minerals,civil_infrastructure,1967,1762.0971353269322
North America,Non-metallic minerals,civil_infrastructure,1968,1850.2267543433081
North America,Non-metallic minerals,civil_infrastructure,1969,1862.2938120079964
North America,Non-metallic minerals,civil_infrastructure,1970,1991.2873270779567
North America,Non-metallic minerals,civil_infrastructure,1971,2107.4696290334164
North America,Non-metallic minerals,civil_infrastructure,1972,2128.07745389022
North America,Non-metallic minerals,civil_infrastructure,1973,2253.9918868936097
North America,Non-metallic minerals,civil_infrastructure,1974,2225.9745573440746
North America,Non-metallic minerals,civil_infrastructure,1975,1933.1922110161227
North America,Non-metallic minerals,civil_infrastructure,1976,1872.4555644345398
North America,Non-metallic minerals,civil_infrastructure,1977,2006.9780321202977
North America,Non-metallic minerals,civil_infrastructure,1978,2184.7418161264
North America,Non-metallic minerals,civil_infrastructure,1979,2169.5024026489937
North America,Non-metallic minerals,civil_infrastructure,1980,1913.2388214929767
North America,Non-metallic minerals,civil_infrastructure,1981,1717.0126963380474
North America,Non-metallic minerals,civil_infrastructure,1982,1632.435113317179
North America,Non-metallic minerals,civil_infrastructure,1983,1808.178236317422
North America,Non-metallic minerals,civil_infrastructure,1984,1930.7726681637057
North America,Non-metallic minerals,civil_infrastructure,1985,2065.3718709509426
North America,Non-metallic minerals,civil_infrastructure,1986,2092.33728268888
North America,Non-metallic minerals,civil_infrastructure,1987,2212.305110393495
North America,Non-metallic minerals,civil_infrastructure,1988,2226.9999508158535
North America,Non-metallic minerals,civil_infrastructure,1989,2177.76951139607
North America,Non-metallic minerals,civil_infrastructure,1990,2246.9985250703007
North America,Non-metallic minerals,civil_infrastructure,1991,2163.991642992357
North America,Non-metallic minerals,civil_infrastructure,1992,2131.0006168258597
North America,Non-metallic minerals,civil_infrastructure,1993,2246.5046658680785
North America,Non-metallic minerals,civil_infrastructure,1994,2279.2670188499187
North America,Non-metallic minerals,civil_infrastructure,1995,2304.7926359526305
North America,Non-metallic minerals,civil_infrastructure,1996,2253.045151017852
North America,Non-metallic minerals,civil_infrastructure,1997,2347.3564570416615
North America,Non-metallic minerals,civil_infrastructure,1998,2361.688752761303
North America,Non-metallic minerals,civil_infrastructure,1999,2410.791083192169
North America,Non-metallic minerals,civil_infrastructure,2000,2444.4487468656175
North America,Non-metallic minerals,civil_infrastructure,2001,2338.513444301065
North America,Non-metallic minerals,civil_infrastructure,2002,2345.4997386239925
North America,Non-metallic minerals,civil_infrastructure,2003,2304.0002319138616
North America,Non-metallic minerals,civil_infrastructure,2004,2429.817308541835
North America,Non-metallic minerals,civil_infrastructure,2005,2447.206587634148
North America,Non-metallic minerals,civil_infrastructure,2006,2471.399289810616
North America,Non-metallic minerals,civil_infrastructure,2007,2317.09232421327
North America,Non-metallic minerals,civil_infrastructure,2008,2169.4507042078503
North America,Non-metallic minerals,civil_infrastructure,2009,1963.587111172141
North America,Non-metallic minerals,civil_infrastructure,2010,2070.113854169484
North America,Non-metallic minerals,civil_infrastructure,2011,2099.7660078751205
North America,Non-metallic minerals,civil_infrastructure,2012,2125.254125500435
North America,Non-metallic minerals,civil_infrastructure,2013,2092.254393784176
North America,Non-metallic minerals,civil_infrastructure,2014,2391.6897901973307
North America,Non-metallic minerals,civil_infrastructure,2015,2533.4212889912433
North America,Non-metallic minerals,civil_infrastructure,2016,2505.5355934469753
North America,Non-metallic minerals,machinery,1900,0.00928859512059115
North America,Non-metallic minerals,machinery,1901,0.009554573747692056
North America,Non-metallic minerals,machinery,1902,0.00991990636729507
North America,Non-metallic minerals,machinery,1903,0.010251440881722952
North America,Non-metallic minerals,machinery,1904,0.010556487371639557
North America,Non-metallic minerals,machinery,1905,0.011015553839373348
North America,Non-metallic minerals,machinery,1906,0.011429928947084488
North America,Non-metallic minerals,machinery,1907,0.011762257196353317
North America,Non-metallic minerals,machinery,1908,0.011942872697671919
North America,Non-metallic minerals,machinery,1909,0.012351605035264845
North America,Non-metallic minerals,machinery,1910,0.012885933049273029
North America,Non-metallic minerals,machinery,1911,0.013310122354889077
North America,Non-metallic minerals,machinery,1912,0.013867879903451626
North America,Non-metallic minerals,machinery,1913,0.014382252151302542
North America,Non-metallic minerals,machinery,1914,0.014110599827063681
North America,Non-metallic minerals,machinery,1915,0.013721155604583887
North America,Non-metallic minerals,machinery,1916,0.014445769183687847
North America,Non-metallic minerals,machinery,1917,0.014591219247569807
North America,Non-metallic minerals,machinery,1918,0.014506881943737688
North America,Non-metallic minerals,machinery,1919,0.015077266808263661
North America,Non-metallic minerals,machinery,1920,0.015731824248459394
North America,Non-metallic minerals,machinery,1921,0.015467399580525294
North America,Non-metallic minerals,machinery,1922,0.016344632974311154
North America,Non-metallic minerals,machinery,1923,0.016956426483812143
North America,Non-metallic minerals,machinery,1924,0.01773324281432691
North America,Non-metallic minerals,machinery,1925,0.0184487410263464
North America,Non-metallic minerals,machinery,1926,0.01893292225538598
North America,Non-metallic minerals,machinery,1927,0.019598224746256415
North America,Non-metallic minerals,machinery,1928,0.020184722799149908
North America,Non-metallic minerals,machinery,1929,0.020770023267085602
North America,Non-metallic minerals,machinery,1930,0.02061226509442476
North America,Non-metallic minerals,machinery,1931,0.020190790729915434
North America,Non-metallic minerals,machinery,1932,0.019801401270217723
North America,Non-metallic minerals,machinery,1933,0.019975545480188338
North America,Non-metallic minerals,machinery,1934,0.02049313154068217
North America,Non-metallic minerals,machinery,1935,0.020973497619130803
North America,Non-metallic minerals,machinery,1936,0.021450605236172173
North America,Non-metallic minerals,machinery,1937,0.02223890855506102
North America,Non-metallic minerals,machinery,1938,0.022109638667168183
North America,Non-metallic minerals,machinery,1939,0.022530830623320574
North America,Non-metallic minerals,machinery,1940,0.022934997447310423
North America,Non-metallic minerals,machinery,1941,0.02343243488265916
North America,Non-metallic minerals,machinery,1942,0.023961610686755355
North America,Non-metallic minerals,machinery,1943,0.024540763203791286
North America,Non-metallic minerals,machinery,1944,0.025104742077586624
North America,Non-metallic minerals,machinery,1945,0.025655392244916267
North America,Non-metallic minerals,machinery,1946,0.02619875645510737
North America,Non-metallic minerals,machinery,1947,0.027161898509396265
North America,Non-metallic minerals,machinery,1948,0.02785516806467733
North America,Non-metallic minerals,machinery,1949,0.028556922904771753
North America,Non-metallic minerals,machinery,1950,0.02931255278002813
North America,Non-metallic minerals,machinery,1951,0.03163734337788005
North America,Non-metallic minerals,machinery,1952,0.033690185899870856
North America,Non-metallic minerals,machinery,1953,0.036108579406933815
North America,Non-metallic minerals,machinery,1954,0.03861733105660789
North America,Non-metallic minerals,machinery,1955,0.04151440545932078
North America,Non-metallic minerals,machinery,1956,0.044134020235439914
North America,Non-metallic minerals,machinery,1957,0.0471857179510869
North America,Non-metallic minerals,machinery,1958,0.04889619145686153
North America,Non-metallic minerals,machinery,1959,0.05233827393399855
North America,Non-metallic minerals,machinery,1960,0.05614782078963316
North America,Non-metallic minerals,machinery,1961,0.05903882783217728
North America,Non-metallic minerals,machinery,1962,0.06226601315288643
North America,Non-metallic minerals,machinery,1963,0.06324443655448347
North America,Non-metallic minerals,machinery,1964,0.06759589734572037
North America,Non-metallic minerals,machinery,1965,0.07066824676696465
North America,Non-metallic minerals,machinery,1966,0.07325824565043355
North America,Non-metallic minerals,machinery,1967,0.07466759822230115
North America,Non-metallic minerals,machinery,1968,0.07474598075911525
North America,Non-metallic minerals,machinery,1969,0.07918347429231326
North America,Non-metallic minerals,machinery,1970,0.07952626926617636
North America,Non-metallic minerals,machinery,1971,0.08500883487391742
North America,Non-metallic minerals,machinery,1972,0.08566943422858407
North America,Non-metallic minerals,machinery,1973,0.07745661711597411
North America,Non-metallic minerals,machinery,1974,0.08273994884471798
North America,Non-metallic minerals,machinery,1975,0.08316506046627373
North America,Non-metallic minerals,machinery,1976,0.08789108518399262
North America,Non-metallic minerals,machinery,1977,0.08653810123910471
North America,Non-metallic minerals,machinery,1978,0.09200478260228744
North America,Non-metallic minerals,machinery,1979,0.0972784030186607
North America,Non-metallic minerals,machinery,1980,0.09860896978826794
North America,Non-metallic minerals,machinery,1981,0.10058200120328266
North America,Non-metallic minerals,machinery,1982,0.09802407623530701
North America,Non-metallic minerals,machinery,1983,0.10244438369358763
North America,Non-metallic minerals,machinery,1984,0.1070443210982655
North America,Non-metallic minerals,machinery,1985,0.10938222246121972
North America,Non-metallic minerals,machinery,1986,0.10688851813350471
North America,Non-metallic minerals,machinery,1987,0.11278363601693044
North America,Non-metallic minerals,machinery,1988,0.1198350352067315
North America,Non-metallic minerals,machinery,1989,0.10351572431944382
North America,Non-metallic minerals,machinery,1990,0.11627215763371636
North America,Non-metallic minerals,machinery,1991,0.1137930798248006
North America,Non-metallic minerals,machinery,1992,0.11584830039947704
North America,Non-metallic minerals,machinery,1993,0.096524367213461
North America,Non-metallic minerals,machinery,1994,0.10911983098550644
North America,Non-metallic minerals,machinery,1995,0.5257615915950531
North America,Non-metallic minerals,machinery,1996,0.5059671146028283
North America,Non-metallic minerals,machinery,1997,0.6229477791449457
North America,Non-metallic minerals,machinery,1998,0.5587887481521353
North America,Non-metallic minerals,machinery,1999,0.6178958289165791
North America,Non-metallic minerals,machinery,2000,0.605636381664912
North America,Non-metallic minerals,machinery,2001,0.6460054446313938
North America,Non-metallic minerals,machinery,2002,0.6288752560484923
North America,Non-metallic minerals,machinery,2003,0.6251728210421997
North America,Non-metallic minerals,machinery,2004,0.6628297949552191
North America,Non-metallic minerals,machinery,2005,0.6246742236642376
North America,Non-metallic minerals,machinery,2006,0.6111704385463146
North America,Non-metallic minerals,machinery,2007,0.614288206799687
North America,Non-metallic minerals,machinery,2008,0.6308561523060942
North America,Non-metallic minerals,machinery,2009,0.5709858974429187
North America,Non-metallic minerals,machinery,2010,0.6063675050192365
North America,Non-metallic minerals,machinery,2011,0.7170026566580116
North America,Non-metallic minerals,machinery,2012,0.7086265180166097
North America,Non-metallic minerals,machinery,2013,0.7316635042940657
North America,Non-metallic minerals,machinery,2014,0.7627733965352027
North America,Non-metallic minerals,machinery,2015,0.7812897214540506
North America,Non-metallic minerals,machinery,2016,0.7999872526645692
North America,Non-metallic minerals,short_lived,1900,0.5413033829153227
North America,Non-metallic minerals,short_lived,1901,0.5809779396699577
North America,Non-metallic minerals,short_lived,1902,0.623206523840444
North America,Non-metallic minerals,short_lived,1903,0.6660240821030299
North America,Non-metallic minerals,short_lived,1904,0.7105276292478023
North America,Non-metallic minerals,short_lived,1905,0.7580875632430183
North America,Non-metallic minerals,short_lived,1906,0.8059963339172007
North America,Non-metallic minerals,short_lived,1907,0.8558719350449898
North America,Non-metallic minerals,short_lived,1908,0.906717239797089
North America,Non-metallic minerals,short_lived,1909,0.9607454143320413
North America,Non-metallic minerals,short_lived,1910,1.0182714981096725
North America,Non-metallic minerals,short_lived,1911,1.0741150599071283
North America,Non-metallic minerals,short_lived,1912,1.1318513685934932
North America,Non-metallic minerals,short_lived,1913,1.195679955610613
North America,Non-metallic minerals,short_lived,1914,1.2557954695975604
North America,Non-metallic minerals,short_lived,1915,1.3087740929674097
North America,Non-metallic minerals,short_lived,1916,1.3677481536854188
North America,Non-metallic minerals,short_lived,1917,1.4250334815913555
North America,Non-metallic minerals,short_lived,1918,1.47946431627561
North America,Non-metallic minerals,short_lived,1919,1.532372661626715
North America,Non-metallic minerals,short_lived,1920,1.6006411830884686
North America,Non-metallic minerals,short_lived,1921,1.6683038152355312
North America,Non-metallic minerals,short_lived,1922,1.736543001984531
North America,Non-metallic minerals,short_lived,1923,1.8094309144341096
North America,Non-metallic minerals,short_lived,1924,1.8889513675262126
North America,Non-metallic minerals,short_lived,1925,1.9637960052958408
North America,Non-metallic minerals,short_lived,1926,2.0366057715700845
North America,Non-metallic minerals,short_lived,1927,2.1129971383078496
North America,Non-metallic minerals,short_lived,1928,2.1875270154207778
North America,Non-metallic minerals,short_lived,1929,2.259719661920047
North America,Non-metallic minerals,short_lived,1930,2.3306334005456604
North America,Non-metallic minerals,short_lived,1931,2.395913888024548
North America,Non-metallic minerals,short_lived,1932,2.458790930620804
North America,Non-metallic minerals,short_lived,1933,2.5245783812392246
North America,Non-metallic minerals,short_lived,1934,2.592641957046214
North America,Non-metallic minerals,short_lived,1935,2.662858873398518
North America,Non-metallic minerals,short_lived,1936,2.732441253224935
North America,Non-metallic minerals,short_lived,1937,2.804172252085472
North America,Non-metallic minerals,short_lived,1938,2.8754335825306225
North America,Non-metallic minerals,short_lived,1939,2.9521206335325596
North America,Non-metallic minerals,short_lived,1940,3.038316903956726
North America,Non-metallic minerals,short_lived,1941,3.1177014581772218
North America,Non-metallic minerals,short_lived,1942,3.2027945966384546
North America,Non-metallic minerals,short_lived,1943,3.2970744499702067
North America,Non-metallic minerals,short_lived,1944,3.38940296371527
North America,Non-metallic minerals,short_lived,1945,3.4781524860970503
North America,Non-metallic minerals,short_lived,1946,3.567036435803248
North America,Non-metallic minerals,short_lived,1947,3.630408674862531
North America,Non-metallic minerals,short_lived,1948,3.7534255568342485
North America,Non-metallic minerals,short_lived,1949,3.881736791910807
North America,Non-metallic minerals,short_lived,1950,4.020367280603682
North America,Non-metallic minerals,short_lived,1951,4.18440037334198
North America,Non-metallic minerals,short_lived,1952,4.352668848626702
North America,Non-metallic minerals,short_lived,1953,4.529065857400204
North America,Non-metallic minerals,short_lived,1954,4.714600980611226
North America,Non-metallic minerals,short_lived,1955,4.907641033295865
North America,Non-metallic minerals,short_lived,1956,5.104994674162527
North America,Non-metallic minerals,short_lived,1957,5.314977133834189
North America,Non-metallic minerals,short_lived,1958,5.524921553428965
North America,Non-metallic minerals,short_lived,1959,5.74425036472434
North America,Non-metallic minerals,short_lived,1960,5.948725510254452
North America,Non-metallic minerals,short_lived,1961,6.159094942398727
North America,Non-metallic minerals,short_lived,1962,6.400947270577483
North America,Non-metallic minerals,short_lived,1963,6.65429343062769
North America,Non-metallic minerals,short_lived,1964,6.9362431202613735
North America,Non-metallic minerals,short_lived,1965,7.213132728921516
North America,Non-metallic minerals,short_lived,1966,7.52547591779452
North America,Non-metallic minerals,short_lived,1967,7.8258086943106475
North America,Non-metallic minerals,short_lived,1968,8.17584520510255
North America,Non-metallic minerals,short_lived,1969,8.45135859298526
North America,Non-metallic minerals,short_lived,1970,8.766667243280855
North America,Non-metallic minerals,short_lived,1971,8.819593936850147
North America,Non-metallic minerals,short_lived,1972,9.437445731437363
North America,Non-metallic minerals,short_lived,1973,9.985098570852278
North America,Non-metallic minerals,short_lived,1974,9.774251022922824
North America,Non-metallic minerals,short_lived,1975,10.163062131784358
North America,Non-metallic minerals,short_lived,1976,10.633112516861125
North America,Non-metallic minerals,short_lived,1977,10.479991701694257
North America,Non-metallic minerals,short_lived,1978,11.369973112658643
North America,Non-metallic minerals,short_lived,1979,10.974285115406671
North America,Non-metallic minerals,short_lived,1980,11.018685183528602
North America,Non-metallic minerals,short_lived,1981,10.650079407304538
North America,Non-metallic minerals,short_lived,1982,10.214416504445273
North America,Non-metallic minerals,short_lived,1983,9.848560506540874
North America,Non-metallic minerals,short_lived,1984,9.656953368055824
North America,Non-metallic minerals,short_lived,1985,9.098388093840397
North America,Non-metallic minerals,short_lived,1986,8.762881478676066
North America,Non-metallic minerals,short_lived,1987,8.116986888702462
North America,Non-metallic minerals,short_lived,1988,8.565817263719023
North America,Non-metallic minerals,short_lived,1989,8.63112294313031
North America,Non-metallic minerals,short_lived,1990,8.506187412740315
North America,Non-metallic minerals,short_lived,1991,8.313202158321273
North America,Non-metallic minerals,short_lived,1992,8.65728684445028
North America,Non-metallic minerals,short_lived,1993,9.186787278158569
North America,Non-metallic minerals,short_lived,1994,8.983898417725717
North America,Non-metallic minerals,short_lived,1995,8.804371160254789
North America,Non-metallic minerals,short_lived,1996,8.275262649952213
North America,Non-metallic minerals,short_lived,1997,8.401322507344089
North America,Non-metallic minerals,short_lived,1998,8.426817802662498
North America,Non-metallic minerals,short_lived,1999,8.473176755383852
North America,Non-metallic minerals,short_lived,2000,8.314512415070327
North America,Non-metallic minerals,short_lived,2001,8.20305315682151
North America,Non-metallic minerals,short_lived,2002,8.542343322699637
North America,Non-metallic minerals,short_lived,2003,8.343960474407805
North America,Non-metallic minerals,short_lived,2004,8.491235171085908
North America,Non-metallic minerals,short_lived,2005,8.58082467472233
North America,Non-metallic minerals,short_lived,2006,8.546826305067226
North America,Non-metallic minerals,short_lived,2007,8.718400641747621
North America,Non-metallic minerals,short_lived,2008,8.438233837402692
North America,Non-metallic minerals,short_lived,2009,8.589859151665673
North America,Non-metallic minerals,short_lived,2010,8.47638406081244
North America,Non-metallic minerals,short_lived,2011,8.664607530689764
North America,Non-metallic minerals,short_lived,2012,8.76092173446775
North America,Non-metallic minerals,short_lived,2013,8.915539224004805
North America,Non-metallic minerals,short_lived,2014,9.176526567957357
North America,Non-metallic minerals,short_lived,2015,9.654048764431572
North America,Non-metallic minerals,short_lived,2016,9.773695881090951
Oceania,Metal ores,buildings,1900,0.06509294052810295
Oceania,Metal ores,buildings,1901,0.06650207311394683
Oceania,Metal ores,buildings,1902,0.06994037989439289
Oceania,Metal ores,buildings,1903,0.07284513340126386
Oceania,Metal ores,buildings,1904,0.07493685547300906
Oceania,Metal ores,buildings,1905,0.0799870676113623
Oceania,Metal ores,buildings,1906,0.0843100875902582
Oceania,Metal ores,buildings,1907,0.08641123185526454
Oceania,Metal ores,buildings,1908,0.08495720173987614
Oceania,Metal ores,buildings,1909,0.0885486947155863
Oceania,Metal ores,buildings,1910,0.09451233493855869
Oceania,Metal ores,buildings,1911,0.09853178953557346
Oceania,Metal ores,buildings,1912,0.10549226677635731
Oceania,Metal ores,buildings,1913,0.11054147966182509
Oceania,Metal ores,buildings,1914,0.09674629992608606
Oceania,Metal ores,buildings,1915,0.08398800490549593
Oceania,Metal ores,buildings,1916,0.09519640156850386
Oceania,Metal ores,buildings,1917,0.09374712574554189
Oceania,Metal ores,buildings,1918,0.09980507522643858
Oceania,Metal ores,buildings,1919,0.1116497548320398
Oceania,Metal ores,buildings,1920,0.1320055486758841
Oceania,Metal ores,buildings,1921,0.1356028502607402
Oceania,Metal ores,buildings,1922,0.1504439107450205
Oceania,Metal ores,buildings,1923,0.1371746527532207
Oceania,Metal ores,buildings,1924,0.17292817704502492
Oceania,Metal ores,buildings,1925,0.18827866050300676
Oceania,Metal ores,buildings,1926,0.18041243324845754
Oceania,Metal ores,buildings,1927,0.19486262067038757
Oceania,Metal ores,buildings,1928,0.1910951603385667
Oceania,Metal ores,buildings,1929,0.20251377914084198
Oceania,Metal ores,buildings,1930,0.15381970260001246
Oceania,Metal ores,buildings,1931,0.1382196546920969
Oceania,Metal ores,buildings,1932,0.12493224657770086
Oceania,Metal ores,buildings,1933,0.1742282794043317
Oceania,Metal ores,buildings,1934,0.22406082709821049
Oceania,Metal ores,buildings,1935,0.29487630558717876
Oceania,Metal ores,buildings,1936,0.3363708213664448
Oceania,Metal ores,buildings,1937,0.433640804006407
Oceania,Metal ores,buildings,1938,0.45728560050673833
Oceania,Metal ores,buildings,1939,0.46486440269725793
Oceania,Metal ores,buildings,1940,0.5059808242957113
Oceania,Metal ores,buildings,1941,0.6422392013119701
Oceania,Metal ores,buildings,1942,0.6529343630235392
Oceania,Metal ores,buildings,1943,0.6403893296361275
Oceania,Metal ores,buildings,1944,0.5982671573675568
Oceania,Metal ores,buildings,1945,0.5284774000540038
Oceania,Metal ores,buildings,1946,0.4676002182654151
Oceania,Metal ores,buildings,1947,0.48668845970083613
Oceania,Metal ores,buildings,1948,0.48364941532082456
Oceania,Metal ores,buildings,1949,0.4764750972710322
Oceania,Metal ores,buildings,1950,0.49623595065059345
Oceania,Metal ores,buildings,1951,0.5511785412252151
Oceania,Metal ores,buildings,1952,0.6207197482528668
Oceania,Metal ores,buildings,1953,0.7667064155171366
Oceania,Metal ores,buildings,1954,0.8215951006401224
Oceania,Metal ores,buildings,1955,0.826248915073814
Oceania,Metal ores,buildings,1956,0.8777831066113921
Oceania,Metal ores,buildings,1957,1.0837278170805422
Oceania,Metal ores,buildings,1958,1.1376901404958506
Oceania,Metal ores,buildings,1959,1.2202161081716698
Oceania,Metal ores,buildings,1960,1.340979313446247
Oceania,Metal ores,buildings,1961,1.3664268028572686
Oceania,Metal ores,buildings,1962,1.4749365972450241
Oceania,Metal ores,buildings,1963,1.4710277925780282
Oceania,Metal ores,buildings,1964,1.8685554928370323
Oceania,Metal ores,buildings,1965,2.130732648684849
Oceania,Metal ores,buildings,1966,1.991081808661028
Oceania,Metal ores,buildings,1967,2.220326772067809
Oceania,Metal ores,buildings,1968,2.403548851073936
Oceania,Metal ores,buildings,1969,2.4704317071989306
Oceania,Metal ores,buildings,1970,2.6165313867331026
Oceania,Metal ores,buildings,1971,2.694784350817923
Oceania,Metal ores,buildings,1972,2.3513589973558573
Oceania,Metal ores,buildings,1973,2.8297310462747896
Oceania,Metal ores,buildings,1974,3.0888614220064405
Oceania,Metal ores,buildings,1975,2.591690368879244
Oceania,Metal ores,buildings,1976,2.536680155676552
Oceania,Metal ores,buildings,1977,2.304456320363726
Oceania,Metal ores,buildings,1978,2.327035736601815
Oceania,Metal ores,buildings,1979,2.716781478188777
Oceania,Metal ores,buildings,1980,2.6660289488784916
Oceania,Metal ores,buildings,1981,2.803651891549399
Oceania,Metal ores,buildings,1982,2.534540913512068
Oceania,Metal ores,buildings,1983,2.114333999486842
Oceania,Metal ores,buildings,1984,2.6669622511575874
Oceania,Metal ores,buildings,1985,2.6078071102999645
Oceania,Metal ores,buildings,1986,2.579812111686294
Oceania,Metal ores,buildings,1987,2.4150502000698455
Oceania,Metal ores,buildings,1988,2.723411607908557
Oceania,Metal ores,buildings,1989,2.975495672911369
Oceania,Metal ores,buildings,1990,2.378051210128133
Oceania,Metal ores,buildings,1991,2.110477171436624
Oceania,Metal ores,buildings,1992,2.299455128208682
Oceania,Metal ores,buildings,1993,2.8113180422854263
Oceania,Metal ores,buildings,1994,2.9968032001391367
Oceania,Metal ores,buildings,1995,3.229770800155218
Oceania,Metal ores,buildings,1996,2.894877828503429
Oceania,Metal ores,buildings,1997,3.111244069736593
Oceania,Metal ores,buildings,1998,3.3608513575363337
Oceania,Metal ores,buildings,1999,3.038483454016234
Oceania,Metal ores,buildings,2000,2.6389111656812507
Oceania,Metal ores,buildings,2001,2.710818382309671
Oceania,Metal ores,buildings,2002,2.9538156145093875
Oceania,Metal ores,buildings,2003,3.4004984815526575
Oceania,Metal ores,buildings,2004,3.7956922231741843
Oceania,Metal ores,buildings,2005,4.2170990751367325
Oceania,Metal ores,buildings,2006,4.351848215825431
Oceania,Metal ores,buildings,2007,4.544426366735108
Oceania,Metal ores,buildings,2008,4.736608121367852
Oceania,Metal ores,buildings,2009,3.4590565529378408
Oceania,Metal ores,buildings,2010,4.46039551574735
Oceania,Metal ores,buildings,2011,4.564535189586294
Oceania,Metal ores,buildings,2012,4.895579372956346
Oceania,Metal ores,buildings,2013,4.363857249932809
Oceania,Metal ores,buildings,2014,4.496821717692169
Oceania,Metal ores,buildings,2015,4.616417737085486
Oceania,Metal ores,buildings,2016,4.358758983916719
Oceania,Metal ores,civil_infrastructure,1900,0.036573770657389024
Oceania,Metal ores,civil_infrastructure,1901,0.037482534493946076
Oceania,Metal ores,civil_infrastructure,1902,0.03952632683449659
Oceania,Metal ores,civil_infrastructure,1903,0.041217153950882095
Oceania,Metal ores,civil_infrastructure,1904,0.042445576384062475
Oceania,Metal ores,civil_infrastructure,1905,0.0454076783851456
Oceania,Metal ores,civil_infrastructure,1906,0.04790877632837986
Oceania,Metal ores,civil_infrastructure,1907,0.04915638168983177
Oceania,Metal ores,civil_infrastructure,1908,0.04837266131954157
Oceania,Metal ores,civil_infrastructure,1909,0.05043173961914184
Oceania,Metal ores,civil_infrastructure,1910,0.05385399178485151
Oceania,Metal ores,civil_infrastructure,1911,0.056213174143902526
Oceania,Metal ores,civil_infrastructure,1912,0.0602260380983972
Oceania,Metal ores,civil_infrastructure,1913,0.06312805454120332
Oceania,Metal ores,civil_infrastructure,1914,0.05558825467381403
Oceania,Metal ores,civil_infrastructure,1915,0.04803815099819395
Oceania,Metal ores,civil_infrastructure,1916,0.05443893867209539
Oceania,Metal ores,civil_infrastructure,1917,0.05350404572574306
Oceania,Metal ores,civil_infrastructure,1918,0.05443403725061048
Oceania,Metal ores,civil_infrastructure,1919,0.060897326722912065
Oceania,Metal ores,civil_infrastructure,1920,0.07023941275311421
Oceania,Metal ores,civil_infrastructure,1921,0.06911573816814995
Oceania,Metal ores,civil_infrastructure,1922,0.0771210432042904
Oceania,Metal ores,civil_infrastructure,1923,0.07325984601565524
Oceania,Metal ores,civil_infrastructure,1924,0.08867269127403918
Oceania,Metal ores,civil_infrastructure,1925,0.09620058798720585
Oceania,Metal ores,civil_infrastructure,1926,0.09404463624550556
Oceania,Metal ores,civil_infrastructure,1927,0.10109585139615783
Oceania,Metal ores,civil_infrastructure,1928,0.10199623424948777
Oceania,Metal ores,civil_infrastructure,1929,0.10729171839794144
Oceania,Metal ores,civil_infrastructure,1930,0.08748353717840256
Oceania,Metal ores,civil_infrastructure,1931,0.07798545832040203
Oceania,Metal ores,civil_infrastructure,1932,0.07038778464364712
Oceania,Metal ores,civil_infrastructure,1933,0.08886576488739072
Oceania,Metal ores,civil_infrastructure,1934,0.10857782758593904
Oceania,Metal ores,civil_infrastructure,1935,0.1370333132622315
Oceania,Metal ores,civil_infrastructure,1936,0.15311996540975054
Oceania,Metal ores,civil_infrastructure,1937,0.1923480389345533
Oceania,Metal ores,civil_infrastructure,1938,0.19975762976853456
Oceania,Metal ores,civil_infrastructure,1939,0.203316210350767
Oceania,Metal ores,civil_infrastructure,1940,0.2196639828815815
Oceania,Metal ores,civil_infrastructure,1941,0.272021097605239
Oceania,Metal ores,civil_infrastructure,1942,0.27673903530689753
Oceania,Metal ores,civil_infrastructure,1943,0.2729109652633887
Oceania,Metal ores,civil_infrastructure,1944,0.25777837639461193
Oceania,Metal ores,civil_infrastructure,1945,0.23207428920391313
Oceania,Metal ores,civil_infrastructure,1946,0.20977993241986545
Oceania,Metal ores,civil_infrastructure,1947,0.21768500124375811
Oceania,Metal ores,civil_infrastructure,1948,0.21727401584460662
Oceania,Metal ores,civil_infrastructure,1949,0.21533132074839884
Oceania,Metal ores,civil_infrastructure,1950,0.2235111285148994
Oceania,Metal ores,civil_infrastructure,1951,0.2473691181264001
Oceania,Metal ores,civil_infrastructure,1952,0.2752456367860662
Oceania,Metal ores,civil_infrastructure,1953,0.33354726610742286
Oceania,Metal ores,civil_infrastructure,1954,0.357198540646616
Oceania,Metal ores,civil_infrastructure,1955,0.36341334456197466
Oceania,Metal ores,civil_infrastructure,1956,0.38584367419849924
Oceania,Metal ores,civil_infrastructure,1957,0.4682823397578208
Oceania,Metal ores,civil_infrastructure,1958,0.48731800151047827
Oceania,Metal ores,civil_infrastructure,1959,0.5244162457768113
Oceania,Metal ores,civil_infrastructure,1960,0.5772799537020926
Oceania,Metal ores,civil_infrastructure,1961,0.5900176645946099
Oceania,Metal ores,civil_infrastructure,1962,0.6306482185339743
Oceania,Metal ores,civil_infrastructure,1963,0.6568531650881112
Oceania,Metal ores,civil_infrastructure,1964,0.8224353177979158
Oceania,Metal ores,civil_infrastructure,1965,0.9425671706075984
Oceania,Metal ores,civil_infrastructure,1966,0.8862343940049063
Oceania,Metal ores,civil_infrastructure,1967,0.9507206842406589
Oceania,Metal ores,civil_infrastructure,1968,1.0271378736793642
Oceania,Metal ores,civil_infrastructure,1969,1.0545556826477227
Oceania,Metal ores,civil_infrastructure,1970,1.1353244363639439
Oceania,Metal ores,civil_infrastructure,1971,1.1519557876847881
Oceania,Metal ores,civil_infrastructure,1972,1.0276449612252838
Oceania,Metal ores,civil_infrastructure,1973,1.238144779468144
Oceania,Metal ores,civil_infrastructure,1974,1.3904560835096629
Oceania,Metal ores,civil_infrastructure,1975,1.1378970133325637
Oceania,Metal ores,civil_infrastructure,1976,1.1371231785162395
Oceania,Metal ores,civil_infrastructure,1977,1.0137178883684899
Oceania,Metal ores,civil_infrastructure,1978,1.0033557085835019
Oceania,Metal ores,civil_infrastructure,1979,1.1686140231199533
Oceania,Metal ores,civil_infrastructure,1980,1.149965395386175
Oceania,Metal ores,civil_infrastructure,1981,1.203753047306461
Oceania,Metal ores,civil_infrastructure,1982,1.12054406711198
Oceania,Metal ores,civil_infrastructure,1983,0.9377953921744059
Oceania,Metal ores,civil_infrastructure,1984,1.1778671254621573
Oceania,Metal ores,civil_infrastructure,1985,1.1321044002217642
Oceania,Metal ores,civil_infrastructure,1986,1.1188866685364003
Oceania,Metal ores,civil_infrastructure,1987,1.0896644063443364
Oceania,Metal ores,civil_infrastructure,1988,1.1957318105057202
Oceania,Metal ores,civil_infrastructure,1989,1.286422553828422
Oceania,Metal ores,civil_infrastructure,1990,1.1309647275696784
Oceania,Metal ores,civil_infrastructure,1991,1.1840170805933041
Oceania,Metal ores,civil_infrastructure,1992,1.073331380701877
Oceania,Metal ores,civil_infrastructure,1993,1.2939544671745136
Oceania,Metal ores,civil_infrastructure,1994,1.3104002178267196
Oceania,Metal ores,civil_infrastructure,1995,0.8923414603372485
Oceania,Metal ores,civil_infrastructure,1996,1.7038033308182543
Oceania,Metal ores,civil_infrastructure,1997,1.8201051048312584
Oceania,Metal ores,civil_infrastructure,1998,1.9496150931464542
Oceania,Metal ores,civil_infrastructure,1999,2.205437629987957
Oceania,Metal ores,civil_infrastructure,2000,2.136933785692609
Oceania,Metal ores,civil_infrastructure,2001,2.366059474946079
Oceania,Metal ores,civil_infrastructure,2002,2.4552173319745867
Oceania,Metal ores,civil_infrastructure,2003,2.7834329682065744
Oceania,Metal ores,civil_infrastructure,2004,2.4718914147848667
Oceania,Metal ores,civil_infrastructure,2005,2.385308743189627
Oceania,Metal ores,civil_infrastructure,2006,2.098225335013954
Oceania,Metal ores,civil_infrastructure,2007,2.361421347847264
Oceania,Metal ores,civil_infrastructure,2008,2.376362943520252
Oceania,Metal ores,civil_infrastructure,2009,1.749762054433321
Oceania,Metal ores,civil_infrastructure,2010,2.261399910131281
Oceania,Metal ores,civil_infrastructure,2011,2.3181469079607147
Oceania,Metal ores,civil_infrastructure,2012,2.341925602199022
Oceania,Metal ores,civil_infrastructure,2013,2.0868347336110196
Oceania,Metal ores,civil_infrastructure,2014,2.0876140599601194
Oceania,Metal ores,civil_infrastructure,2015,2.0154307800733102
Oceania,Metal ores,civil_infrastructure,2016,2.0991971687803175
Oceania,Metal ores,machinery,1900,0.09198371821300337
Oceania,Metal ores,machinery,1901,0.09127661027653661
Oceania,Metal ores,machinery,1902,0.09398116590387354
Oceania,Metal ores,machinery,1903,0.10029108455819478
Oceania,Metal ores,machinery,1904,0.10590193311565782
Oceania,Metal ores,machinery,1905,0.10978980606141896
Oceania,Metal ores,machinery,1906,0.11697206020251334
Oceania,Metal ores,machinery,1907,0.12143444071702467
Oceania,Metal ores,machinery,1908,0.12365848835413212
Oceania,Metal ores,machinery,1909,0.1323412965059493
Oceania,Metal ores,machinery,1910,0.14184272171766008
Oceania,Metal ores,machinery,1911,0.1461386265426756
Oceania,Metal ores,machinery,1912,0.15444305470918462
Oceania,Metal ores,machinery,1913,0.16307636672848214
Oceania,Metal ores,machinery,1914,0.1332926475410321
Oceania,Metal ores,machinery,1915,0.15215555507588507
Oceania,Metal ores,machinery,1916,0.16569373262395265
Oceania,Metal ores,machinery,1917,0.17956275638026115
Oceania,Metal ores,machinery,1918,0.22074308421387223
Oceania,Metal ores,machinery,1919,0.1528591976418469
Oceania,Metal ores,machinery,1920,0.17698204451538144
Oceania,Metal ores,machinery,1921,0.1567095820714163
Oceania,Metal ores,machinery,1922,0.20656457524704755
Oceania,Metal ores,machinery,1923,0.22079626068444239
Oceania,Metal ores,machinery,1924,0.2648082992425452
Oceania,Metal ores,machinery,1925,0.296008303631295
Oceania,Metal ores,machinery,1926,0.2916197539137901
Oceania,Metal ores,machinery,1927,0.2925427418670385
Oceania,Metal ores,machinery,1928,0.27583066871383627
Oceania,Metal ores,machinery,1929,0.29943723622790025
Oceania,Metal ores,machinery,1930,0.26466640675071607
Oceania,Metal ores,machinery,1931,0.2645836255887459
Oceania,Metal ores,machinery,1932,0.2666611019855596
Oceania,Metal ores,machinery,1933,0.32275449307128573
Oceania,Metal ores,machinery,1934,0.37515821432233526
Oceania,Metal ores,machinery,1935,0.44918396381539216
Oceania,Metal ores,machinery,1936,0.4711541066273241
Oceania,Metal ores,machinery,1937,0.589509861987107
Oceania,Metal ores,machinery,1938,0.6123148293143206
Oceania,Metal ores,machinery,1939,0.6346604432219143
Oceania,Metal ores,machinery,1940,0.667630945584089
Oceania,Metal ores,machinery,1941,0.8064246137798871
Oceania,Metal ores,machinery,1942,0.8308451497389686
Oceania,Metal ores,machinery,1943,0.7622526211566669
Oceania,Metal ores,machinery,1944,0.6942005161987597
Oceania,Metal ores,machinery,1945,0.6276934562173119
Oceania,Metal ores,machinery,1946,0.5587003082385072
Oceania,Metal ores,machinery,1947,0.5989138907013981
Oceania,Metal ores,machinery,1948,0.5979404671438573
Oceania,Metal ores,machinery,1949,0.5850811004584212
Oceania,Metal ores,machinery,1950,0.6272819274266008
Oceania,Metal ores,machinery,1951,0.6627011454768705
Oceania,Metal ores,machinery,1952,0.7379851664840549
Oceania,Metal ores,machinery,1953,0.8825333949803403
Oceania,Metal ores,machinery,1954,0.9680546490925689
Oceania,Metal ores,machinery,1955,0.949465884337994
Oceania,Metal ores,machinery,1956,1.0025944079184457
Oceania,Metal ores,machinery,1957,1.2020529768003423
Oceania,Metal ores,machinery,1958,1.2643768439907264
Oceania,Metal ores,machinery,1959,1.32361714845529
Oceania,Metal ores,machinery,1960,1.44865663524246
Oceania,Metal ores,machinery,1961,1.4854747168395857
Oceania,Metal ores,machinery,1962,1.610130576715154
Oceania,Metal ores,machinery,1963,1.6154353222107136
Oceania,Metal ores,machinery,1964,2.029157454761288
Oceania,Metal ores,machinery,1965,2.3095308600695783
Oceania,Metal ores,machinery,1966,2.159490723910495
Oceania,Metal ores,machinery,1967,2.4071039253462927
Oceania,Metal ores,machinery,1968,2.6086911836814735
Oceania,Metal ores,machinery,1969,2.6726508007975776
Oceania,Metal ores,machinery,1970,2.800112171015833
Oceania,Metal ores,machinery,1971,2.882701463690888
Oceania,Metal ores,machinery,1972,2.55374115053194
Oceania,Metal ores,machinery,1973,3.0699634990554436
Oceania,Metal ores,machinery,1974,3.3558878800424115
Oceania,Metal ores,machinery,1975,2.796763765338748
Oceania,Metal ores,machinery,1976,2.775511979136973
Oceania,Metal ores,machinery,1977,2.651827439972831
Oceania,Metal ores,machinery,1978,2.53444440474042
Oceania,Metal ores,machinery,1979,2.967238107152864
Oceania,Metal ores,machinery,1980,2.924801271208063
Oceania,Metal ores,machinery,1981,3.052386221826028
Oceania,Metal ores,machinery,1982,2.7627894921591616
Oceania,Metal ores,machinery,1983,2.3501030281080575
Oceania,Metal ores,machinery,1984,2.925481725418629
Oceania,Metal ores,machinery,1985,2.890527660211148
Oceania,Metal ores,machinery,1986,2.878680654046673
Oceania,Metal ores,machinery,1987,2.7419126526647495
Oceania,Metal ores,machinery,1988,3.03908575328224
Oceania,Metal ores,machinery,1989,3.3190613755025
Oceania,Metal ores,machinery,1990,2.71895365408896
Oceania,Metal ores,machinery,1991,2.562148387252284
Oceania,Metal ores,machinery,1992,2.5768890424663713
Oceania,Metal ores,machinery,1993,3.0933317226839607
Oceania,Metal ores,machinery,1994,3.267707847261688
Oceania,Metal ores,machinery,1995,2.864811828005165
Oceania,Metal ores,machinery,1996,3.145951154482439
Oceania,Metal ores,machinery,1997,3.398970110240155
Oceania,Metal ores,machinery,1998,3.6093033288210243
Oceania,Metal ores,machinery,1999,3.522107290077459
Oceania,Metal ores,machinery,2000,3.156895302565754
Oceania,Metal ores,machinery,2001,3.368161937096845
Oceania,Metal ores,machinery,2002,3.6856925047518296
Oceania,Metal ores,machinery,2003,4.234288026630942
Oceania,Metal ores,machinery,2004,4.352599613101632
Oceania,Metal ores,machinery,2005,4.560602647056942
Oceania,Metal ores,machinery,2006,4.443645793957173
Oceania,Metal ores,machinery,2007,4.616172980498758
Oceania,Metal ores,machinery,2008,4.767946825000234
Oceania,Metal ores,machinery,2009,3.6040390992452345
Oceania,Metal ores,machinery,2010,4.672010570296687
Oceania,Metal ores,machinery,2011,4.987173708986034
Oceania,Metal ores,machinery,2012,5.296869567009435
Oceania,Metal ores,machinery,2013,4.731141371363029
Oceania,Metal ores,machinery,2014,4.738407151014194
Oceania,Metal ores,machinery,2015,4.87081600564563
Oceania,Metal ores,machinery,2016,4.686310638897898
Oceania,Metal ores,short_lived,1900,0.027535174113515425
Oceania,Metal ores,short_lived,1901,0.027923493399874665
Oceania,Metal ores,short_lived,1902,0.029204869142856256
Oceania,Metal ores,short_lived,1903,0.03058569473425224
Oceania,Metal ores,short_lived,1904,0.031660041091222696
Oceania,Metal ores,short_lived,1905,0.033549811112565095
Oceania,Metal ores,short_lived,1906,0.03544888754534583
Oceania,Metal ores,short_lived,1907,0.03644340995791851
Oceania,Metal ores,short_lived,1908,0.03614277030324478
Oceania,Metal ores,short_lived,1909,0.037924792091655946
Oceania,Metal ores,short_lived,1910,0.040523873616345456
Oceania,Metal ores,short_lived,1911,0.04212675795938549
Oceania,Metal ores,short_lived,1912,0.044961723839287676
Oceania,Metal ores,short_lived,1913,0.04721656793709896
Oceania,Metal ores,short_lived,1914,0.0406497339144692
Oceania,Metal ores,short_lived,1915,0.03790734595318981
Oceania,Metal ores,short_lived,1916,0.042449689462346125
Oceania,Metal ores,short_lived,1917,0.042953160179785836
Oceania,Metal ores,short_lived,1918,0.04660876154884318
Oceania,Metal ores,short_lived,1919,0.04487142041477225
Oceania,Metal ores,short_lived,1920,0.051865155675237674
Oceania,Metal ores,short_lived,1921,0.05003935798371504
Oceania,Metal ores,short_lived,1922,0.05806834073253045
Oceania,Metal ores,short_lived,1923,0.05707774607970294
Oceania,Metal ores,short_lived,1924,0.069665020241744
Oceania,Metal ores,short_lived,1925,0.07636855828915416
Oceania,Metal ores,short_lived,1926,0.07473784871441373
Oceania,Metal ores,short_lived,1927,0.07836137751618602
Oceania,Metal ores,short_lived,1928,0.07688201047919278
Oceania,Metal ores,short_lived,1929,0.08155509366558304
Oceania,Metal ores,short_lived,1930,0.06745040262845702
Oceania,Metal ores,short_lived,1931,0.06250746833539482
Oceania,Metal ores,short_lived,1932,0.05846272131619055
Oceania,Metal ores,short_lived,1933,0.07306390289175532
Oceania,Metal ores,short_lived,1934,0.08826929135617634
Oceania,Metal ores,short_lived,1935,0.10954578135114314
Oceania,Metal ores,short_lived,1936,0.12067572566111295
Oceania,Metal ores,short_lived,1937,0.15153917566395664
Oceania,Metal ores,short_lived,1938,0.15735264330941054
Oceania,Metal ores,short_lived,1939,0.16115128176884677
Oceania,Metal ores,short_lived,1940,0.17292484646311243
Oceania,Metal ores,short_lived,1941,0.21269829499098022
Oceania,Metal ores,short_lived,1942,0.2178974022473858
Oceania,Metal ores,short_lived,1943,0.21132155369565112
Oceania,Metal ores,short_lived,1944,0.19736747485621042
Oceania,Metal ores,short_lived,1945,0.1768206424775347
Oceania,Metal ores,short_lived,1946,0.15906075347590157
Oceania,Metal ores,short_lived,1947,0.16702084498614037
Oceania,Metal ores,short_lived,1948,0.16713156173368335
Oceania,Metal ores,short_lived,1949,0.16561273973845558
Oceania,Metal ores,short_lived,1950,0.17391910123188314
Oceania,Metal ores,short_lived,1951,0.19047826892859646
Oceania,Metal ores,short_lived,1952,0.21218648181276806
Oceania,Metal ores,short_lived,1953,0.2560069072508349
Oceania,Metal ores,short_lived,1954,0.27631308633373863
Oceania,Metal ores,short_lived,1955,0.2800410429276845
Oceania,Metal ores,short_lived,1956,0.29895234530531584
Oceania,Metal ores,short_lived,1957,0.3608349272512761
Oceania,Metal ores,short_lived,1958,0.3753178249674934
Oceania,Metal ores,short_lived,1959,0.40170579406535667
Oceania,Metal ores,short_lived,1960,0.44544773144558225
Oceania,Metal ores,short_lived,1961,0.45395238973063295
Oceania,Metal ores,short_lived,1962,0.490392717683655
Oceania,Metal ores,short_lived,1963,0.48114237046825226
Oceania,Metal ores,short_lived,1964,0.6065359329209437
Oceania,Metal ores,short_lived,1965,0.6867055150821293
Oceania,Metal ores,short_lived,1966,0.6473091844001203
Oceania,Metal ores,short_lived,1967,0.7104450682156721
Oceania,Metal ores,short_lived,1968,0.7659563050037965
Oceania,Metal ores,short_lived,1969,0.787810649945643
Oceania,Metal ores,short_lived,1970,0.8399582556772174
Oceania,Metal ores,short_lived,1971,0.8676240937174196
Oceania,Metal ores,short_lived,1972,0.7677496499227693
Oceania,Metal ores,short_lived,1973,0.9253639555088271
Oceania,Metal ores,short_lived,1974,1.0187580359178727
Oceania,Metal ores,short_lived,1975,0.8537925784080652
Oceania,Metal ores,short_lived,1976,0.849928887489405
Oceania,Metal ores,short_lived,1977,0.7956469934118787
Oceania,Metal ores,short_lived,1978,0.7963507616711305
Oceania,Metal ores,short_lived,1979,0.9136090972231179
Oceania,Metal ores,short_lived,1980,0.9195891950219788
Oceania,Metal ores,short_lived,1981,0.9711871479618165
Oceania,Metal ores,short_lived,1982,0.859371083871148
Oceania,Metal ores,short_lived,1983,0.7316802483578112
Oceania,Metal ores,short_lived,1984,0.9399012467961695
Oceania,Metal ores,short_lived,1985,0.9190479242591328
Oceania,Metal ores,short_lived,1986,0.9067513151702229
Oceania,Metal ores,short_lived,1987,0.8785196793693729
Oceania,Metal ores,short_lived,1988,0.9678202191227006
Oceania,Metal ores,short_lived,1989,1.0589979035979329
Oceania,Metal ores,short_lived,1990,0.8838211278437709
Oceania,Metal ores,short_lived,1991,0.8251155483408913
Oceania,Metal ores,short_lived,1992,0.8260078312137695
Oceania,Metal ores,short_lived,1993,0.9921783204724316
Oceania,Metal ores,short_lived,1994,1.0414815878763284
Oceania,Metal ores,short_lived,1995,0.9952134079711266
Oceania,Metal ores,short_lived,1996,1.0918900392759023
Oceania,Metal ores,short_lived,1997,1.1747444043929447
Oceania,Metal ores,short_lived,1998,1.2242444036928843
Oceania,Metal ores,short_lived,1999,1.2003174542744732
Oceania,Metal ores,short_lived,2000,1.1152554241054948
Oceania,Metal ores,short_lived,2001,1.157093396096602
Oceania,Metal ores,short_lived,2002,1.2410997833910344
Oceania,Metal ores,short_lived,2003,1.4468585439278148
Oceania,Metal ores,short_lived,2004,1.5284940242823233
Oceania,Metal ores,short_lived,2005,1.5672767905504466
Oceania,Metal ores,short_lived,2006,1.5216894997305674
Oceania,Metal ores,short_lived,2007,1.5735887616827788
Oceania,Metal ores,short_lived,2008,1.6418594101368624
Oceania,Metal ores,short_lived,2009,1.3181280633854702
Oceania,Metal ores,short_lived,2010,1.7084868083822018
Oceania,Metal ores,short_lived,2011,1.7386642161186856
Oceania,Metal ores,short_lived,2012,1.8392342583089598
Oceania,Metal ores,short_lived,2013,1.6828294141396722
Oceania,Metal ores,short_lived,2014,1.712383783847087
Oceania,Metal ores,short_lived,2015,1.7406968958212283
Oceania,Metal ores,short_lived,2016,1.7106876578217918
Oceania,Non-metallic minerals,buildings,1900,2.4191382166220827
Oceania,Non-metallic minerals,buildings,1901,2.4354151499211847
Oceania,Non-metallic minerals,buildings,1902,2.4944534932250555
Oceania,Non-metallic minerals,buildings,1903,2.588310937748322
Oceania,Non-metallic minerals,buildings,1904,2.6590621346164838
Oceania,Non-metallic minerals,buildings,1905,2.7346277722740786
Oceania,Non-metallic minerals,buildings,1906,2.843786975003239
Oceania,Non-metallic minerals,buildings,1907,2.9231258942739053
Oceania,Non-metallic minerals,buildings,1908,2.9525090462738466
Oceania,Non-metallic minerals,buildings,1909,3.0666723908569713
Oceania,Non-metallic minerals,buildings,1910,3.219970367151119
Oceania,Non-metallic minerals,buildings,1911,3.3138078567096314
Oceania,Non-metallic minerals,buildings,1912,3.4342763929711766
Oceania,Non-metallic minerals,buildings,1913,3.5709889362234177
Oceania,Non-metallic minerals,buildings,1914,3.666844829740966
Oceania,Non-metallic minerals,buildings,1915,3.7381562076553214
Oceania,Non-metallic minerals,buildings,1916,3.799271540420125
Oceania,Non-metallic minerals,buildings,1917,3.8590410909472577
Oceania,Non-metallic minerals,buildings,1918,3.944863481644324
Oceania,Non-metallic minerals,buildings,1919,4.064493951905801
Oceania,Non-metallic minerals,buildings,1920,4.185932914502685
Oceania,Non-metallic minerals,buildings,1921,4.270695632704119
Oceania,Non-metallic minerals,buildings,1922,4.542170582344009
Oceania,Non-metallic minerals,buildings,1923,4.937269931872115
Oceania,Non-metallic minerals,buildings,1924,5.266016832115235
Oceania,Non-metallic minerals,buildings,1925,5.558307288977049
Oceania,Non-metallic minerals,buildings,1926,5.763368705107733
Oceania,Non-metallic minerals,buildings,1927,6.240400099028781
Oceania,Non-metallic minerals,buildings,1928,6.40395800931022
Oceania,Non-metallic minerals,buildings,1929,6.3361046746231775
Oceania,Non-metallic minerals,buildings,1930,5.61115958179684
Oceania,Non-metallic minerals,buildings,1931,4.40248109499793
Oceania,Non-metallic minerals,buildings,1932,4.119042672650634
Oceania,Non-metallic minerals,buildings,1933,4.5578601456901655
Oceania,Non-metallic minerals,buildings,1934,5.091516876278943
Oceania,Non-metallic minerals,buildings,1935,5.76701983459301
Oceania,Non-metallic minerals,buildings,1936,6.278802852022828
Oceania,Non-metallic minerals,buildings,1937,6.824070752861316
Oceania,Non-metallic minerals,buildings,1938,7.292849761039903
Oceania,Non-metallic minerals,buildings,1939,7.359051085402606
Oceania,Non-metallic minerals,buildings,1940,7.423991961079687
Oceania,Non-metallic minerals,buildings,1941,7.482866346012158
Oceania,Non-metallic minerals,buildings,1942,7.5403060265983575
Oceania,Non-metallic minerals,buildings,1943,7.596324438451974
Oceania,Non-metallic minerals,buildings,1944,7.657488927715168
Oceania,Non-metallic minerals,buildings,1945,7.721789506544338
Oceania,Non-metallic minerals,buildings,1946,7.793313368675984
Oceania,Non-metallic minerals,buildings,1947,7.867675200758035
Oceania,Non-metallic minerals,buildings,1948,8.502664627874784
Oceania,Non-metallic minerals,buildings,1949,8.968183262660286
Oceania,Non-metallic minerals,buildings,1950,10.227309724105302
Oceania,Non-metallic minerals,buildings,1951,11.036017988337019
Oceania,Non-metallic minerals,buildings,1952,11.18633058312294
Oceania,Non-metallic minerals,buildings,1953,12.406786518665092
Oceania,Non-metallic minerals,buildings,1954,13.687439047636367
Oceania,Non-metallic minerals,buildings,1955,14.469253425136118
Oceania,Non-metallic minerals,buildings,1956,14.663669521490359
Oceania,Non-metallic minerals,buildings,1957,15.686617963225505
Oceania,Non-metallic minerals,buildings,1958,16.436929853524404
Oceania,Non-metallic minerals,buildings,1959,17.19892215400051
Oceania,Non-metallic minerals,buildings,1960,18.32416023793098
Oceania,Non-metallic minerals,buildings,1961,18.86521320071244
Oceania,Non-metallic minerals,buildings,1962,19.136413850814662
Oceania,Non-metallic minerals,buildings,1963,20.421195794723165
Oceania,Non-metallic minerals,buildings,1964,22.999674541589286
Oceania,Non-metallic minerals,buildings,1965,24.37418646285993
Oceania,Non-metallic minerals,buildings,1966,23.84066752708183
Oceania,Non-metallic minerals,buildings,1967,24.805473648150883
Oceania,Non-metallic minerals,buildings,1968,25.14785800736618
Oceania,Non-metallic minerals,buildings,1969,27.226651674257983
Oceania,Non-metallic minerals,buildings,1970,28.783846670731645
Oceania,Non-metallic minerals,buildings,1971,29.863297465428637
Oceania,Non-metallic minerals,buildings,1972,32.02118311106318
Oceania,Non-metallic minerals,buildings,1973,34.25416539095677
Oceania,Non-metallic minerals,buildings,1974,34.074267792909225
Oceania,Non-metallic minerals,buildings,1975,33.38215479541058
Oceania,Non-metallic minerals,buildings,1976,33.7443229389488
Oceania,Non-metallic minerals,buildings,1977,33.061969233711196
Oceania,Non-metallic minerals,buildings,1978,32.82744753581173
Oceania,Non-metallic minerals,buildings,1979,33.59097397840534
Oceania,Non-metallic minerals,buildings,1980,34.771753303783456
Oceania,Non-metallic minerals,buildings,1981,36.94217112943471
Oceania,Non-metallic minerals,buildings,1982,34.01469313348026
Oceania,Non-metallic minerals,buildings,1983,30.580111027207572
Oceania,Non-metallic minerals,buildings,1984,34.412569010912854
Oceania,Non-metallic minerals,buildings,1985,36.716465544462395
Oceania,Non-metallic minerals,buildings,1986,36.98968561645604
Oceania,Non-metallic minerals,buildings,1987,36.45060830411004
Oceania,Non-metallic minerals,buildings,1988,40.82219762818791
Oceania,Non-metallic minerals,buildings,1989,44.30718316328914
Oceania,Non-metallic minerals,buildings,1990,42.738434541779576
Oceania,Non-metallic minerals,buildings,1991,38.57127668019616
Oceania,Non-metallic minerals,buildings,1992,37.40726675709057
Oceania,Non-metallic minerals,buildings,1993,40.752782900777916
Oceania,Non-metallic minerals,buildings,1994,44.71783233340132
Oceania,Non-metallic minerals,buildings,1995,47.65528537795081
Oceania,Non-metallic minerals,buildings,1996,41.45098420778082
Oceania,Non-metallic minerals,buildings,1997,43.43376735078389
Oceania,Non-metallic minerals,buildings,1998,46.08742657072799
Oceania,Non-metallic minerals,buildings,1999,46.86683619761305
Oceania,Non-metallic minerals,buildings,2000,47.834418564063704
Oceania,Non-metallic minerals,buildings,2001,41.64709852376195
Oceania,Non-metallic minerals,buildings,2002,49.89235122262171
Oceania,Non-metallic minerals,buildings,2003,51.60836258013843
Oceania,Non-metallic minerals,buildings,2004,61.32390404295647
Oceania,Non-metallic minerals,buildings,2005,59.99415274323346
Oceania,Non-metallic minerals,buildings,2006,61.31229685845269
Oceania,Non-metallic minerals,buildings,2007,64.0912857631665
Oceania,Non-metallic minerals,buildings,2008,66.34706475695
Oceania,Non-metallic minerals,buildings,2009,59.840101682197826
Oceania,Non-metallic minerals,buildings,2010,56.06015648291811
Oceania,Non-metallic minerals,buildings,2011,70.86528526286787
Oceania,Non-metallic minerals,buildings,2012,66.90854612901036
Oceania,Non-metallic minerals,buildings,2013,68.10924629262914
Oceania,Non-metallic minerals,buildings,2014,67.83080085962828
Oceania,Non-metallic minerals,buildings,2015,71.35424173972017
Oceania,Non-metallic minerals,buildings,2016,74.71618693454846
Oceania,Non-metallic minerals,civil_infrastructure,1900,2.4214638294354103
Oceania,Non-metallic minerals,civil_infrastructure,1901,2.4074270173403702
Oceania,Non-metallic minerals,civil_infrastructure,1902,2.4844058849654616
Oceania,Non-metallic minerals,civil_infrastructure,1903,2.645592449743094
Oceania,Non-metallic minerals,civil_infrastructure,1904,2.775257590604348
Oceania,Non-metallic minerals,civil_infrastructure,1905,2.8854144985885246
Oceania,Non-metallic minerals,civil_infrastructure,1906,3.0727008310478783
Oceania,Non-metallic minerals,civil_infrastructure,1907,3.1851380186522533
Oceania,Non-metallic minerals,civil_infrastructure,1908,3.214941114645563
Oceania,Non-metallic minerals,civil_infrastructure,1909,3.4226858484117835
Oceania,Non-metallic minerals,civil_infrastructure,1910,3.6754299911329977
Oceania,Non-metallic minerals,civil_infrastructure,1911,3.7895085448293484
Oceania,Non-metallic minerals,civil_infrastructure,1912,3.9920896839341524
Oceania,Non-metallic minerals,civil_infrastructure,1913,4.204688918144448
Oceania,Non-metallic minerals,civil_infrastructure,1914,4.106447986419233
Oceania,Non-metallic minerals,civil_infrastructure,1915,3.9625543486490558
Oceania,Non-metallic minerals,civil_infrastructure,1916,4.145450782027472
Oceania,Non-metallic minerals,civil_infrastructure,1917,4.14610726311725
Oceania,Non-metallic minerals,civil_infrastructure,1918,4.079311473086387
Oceania,Non-metallic minerals,civil_infrastructure,1919,4.3497623155727085
Oceania,Non-metallic minerals,civil_infrastructure,1920,4.59531321726268
Oceania,Non-metallic minerals,civil_infrastructure,1921,4.581651292615481
Oceania,Non-metallic minerals,civil_infrastructure,1922,5.024819653262289
Oceania,Non-metallic minerals,civil_infrastructure,1923,5.46550920569273
Oceania,Non-metallic minerals,civil_infrastructure,1924,5.951426494781441
Oceania,Non-metallic minerals,civil_infrastructure,1925,6.371515603442122
Oceania,Non-metallic minerals,civil_infrastructure,1926,6.620677630725448
Oceania,Non-metallic minerals,civil_infrastructure,1927,7.070767567942233
Oceania,Non-metallic minerals,civil_infrastructure,1928,7.262270490692127
Oceania,Non-metallic minerals,civil_infrastructure,1929,7.24328004570976
Oceania,Non-metallic minerals,civil_infrastructure,1930,6.328693404454483
Oceania,Non-metallic minerals,civil_infrastructure,1931,5.1443416114727025
Oceania,Non-metallic minerals,civil_infrastructure,1932,4.905982618933406
Oceania,Non-metallic minerals,civil_infrastructure,1933,5.33322423913049
Oceania,Non-metallic minerals,civil_infrastructure,1934,5.879189683067629
Oceania,Non-metallic minerals,civil_infrastructure,1935,6.530341045370313
Oceania,Non-metallic minerals,civil_infrastructure,1936,7.041271485261221
Oceania,Non-metallic minerals,civil_infrastructure,1937,7.681596672532782
Oceania,Non-metallic minerals,civil_infrastructure,1938,7.968956393383402
Oceania,Non-metallic minerals,civil_infrastructure,1939,8.031735335573968
Oceania,Non-metallic minerals,civil_infrastructure,1940,8.267263517290296
Oceania,Non-metallic minerals,civil_infrastructure,1941,8.676868870805736
Oceania,Non-metallic minerals,civil_infrastructure,1942,9.135032865211778
Oceania,Non-metallic minerals,civil_infrastructure,1943,9.285104751809431
Oceania,Non-metallic minerals,civil_infrastructure,1944,9.125767259818357
Oceania,Non-metallic minerals,civil_infrastructure,1945,8.909208862131269
Oceania,Non-metallic minerals,civil_infrastructure,1946,8.766851691006341
Oceania,Non-metallic minerals,civil_infrastructure,1947,8.860228709433603
Oceania,Non-metallic minerals,civil_infrastructure,1948,9.466267839848202
Oceania,Non-metallic minerals,civil_infrastructure,1949,9.963778214932569
Oceania,Non-metallic minerals,civil_infrastructure,1950,10.974887918101562
Oceania,Non-metallic minerals,civil_infrastructure,1951,12.959273963296663
Oceania,Non-metallic minerals,civil_infrastructure,1952,14.112422454478585
Oceania,Non-metallic minerals,civil_infrastructure,1953,16.170001331517845
Oceania,Non-metallic minerals,civil_infrastructure,1954,19.02503593109382
Oceania,Non-metallic minerals,civil_infrastructure,1955,21.587384397381562
Oceania,Non-metallic minerals,civil_infrastructure,1956,24.552811942573097
Oceania,Non-metallic minerals,civil_infrastructure,1957,25.859451365125114
Oceania,Non-metallic minerals,civil_infrastructure,1958,28.040254076058776
Oceania,Non-metallic minerals,civil_infrastructure,1959,31.17351058567662
Oceania,Non-metallic minerals,civil_infrastructure,1960,31.334416725575863
Oceania,Non-metallic minerals,civil_infrastructure,1961,32.71840108500708
Oceania,Non-metallic minerals,civil_infrastructure,1962,33.710946471200806
Oceania,Non-metallic minerals,civil_infrastructure,1963,35.955215971847366
Oceania,Non-metallic minerals,civil_infrastructure,1964,39.45942076693905
Oceania,Non-metallic minerals,civil_infrastructure,1965,44.182866809937266
Oceania,Non-metallic minerals,civil_infrastructure,1966,43.92906987935052
Oceania,Non-metallic minerals,civil_infrastructure,1967,43.09501016697115
Oceania,Non-metallic minerals,civil_infrastructure,1968,47.916210781292314
Oceania,Non-metallic minerals,civil_infrastructure,1969,51.10540958425316
Oceania,Non-metallic minerals,civil_infrastructure,1970,53.40377475520145
Oceania,Non-metallic minerals,civil_infrastructure,1971,47.295649472924495
Oceania,Non-metallic minerals,civil_infrastructure,1972,50.10329459112369
Oceania,Non-metallic minerals,civil_infrastructure,1973,51.12292006965474
Oceania,Non-metallic minerals,civil_infrastructure,1974,51.71148156632251
Oceania,Non-metallic minerals,civil_infrastructure,1975,49.01275847077989
Oceania,Non-metallic minerals,civil_infrastructure,1976,51.0381320515376
Oceania,Non-metallic minerals,civil_infrastructure,1977,55.33590461689263
Oceania,Non-metallic minerals,civil_infrastructure,1978,52.79504166382447
Oceania,Non-metallic minerals,civil_infrastructure,1979,53.52224444614402
Oceania,Non-metallic minerals,civil_infrastructure,1980,53.854493605505795
Oceania,Non-metallic minerals,civil_infrastructure,1981,53.88172203248515
Oceania,Non-metallic minerals,civil_infrastructure,1982,51.59439740321304
Oceania,Non-metallic minerals,civil_infrastructure,1983,52.508192584910226
Oceania,Non-metallic minerals,civil_infrastructure,1984,54.37664896925944
Oceania,Non-metallic minerals,civil_infrastructure,1985,58.43701697841541
Oceania,Non-metallic minerals,civil_infrastructure,1986,58.841571014087705
Oceania,Non-metallic minerals,civil_infrastructure,1987,58.7485490318476
Oceania,Non-metallic minerals,civil_infrastructure,1988,61.17449527162934
Oceania,Non-metallic minerals,civil_infrastructure,1989,65.9768307377075
Oceania,Non-metallic minerals,civil_infrastructure,1990,67.1977134778085
Oceania,Non-metallic minerals,civil_infrastructure,1991,61.030573700841146
Oceania,Non-metallic minerals,civil_infrastructure,1992,61.36752434636157
Oceania,Non-metallic minerals,civil_infrastructure,1993,65.94995485909587
Oceania,Non-metallic minerals,civil_infrastructure,1994,71.79480005319253
Oceania,Non-metallic minerals,civil_infrastructure,1995,70.49302171057002
Oceania,Non-metallic minerals,civil_infrastructure,1996,68.42487543026505
Oceania,Non-metallic minerals,civil_infrastructure,1997,69.39774611461047
Oceania,Non-metallic minerals,civil_infrastructure,1998,72.51253625078459
Oceania,Non-metallic minerals,civil_infrastructure,1999,73.16237634568783
Oceania,Non-metallic minerals,civil_infrastructure,2000,74.56349540624032
Oceania,Non-metallic minerals,civil_infrastructure,2001,69.23238916442936
Oceania,Non-metallic minerals,civil_infrastructure,2002,75.44389007005988
Oceania,Non-metallic minerals,civil_infrastructure,2003,78.5494968505422
Oceania,Non-metallic minerals,civil_infrastructure,2004,88.66150786746644
Oceania,Non-metallic minerals,civil_infrastructure,2005,95.7565107100297
Oceania,Non-metallic minerals,civil_infrastructure,2006,94.35776565298517
Oceania,Non-metallic minerals,civil_infrastructure,2007,93.98718529577592
Oceania,Non-metallic minerals,civil_infrastructure,2008,98.84821024633436
Oceania,Non-metallic minerals,civil_infrastructure,2009,95.74635388978749
Oceania,Non-metallic minerals,civil_infrastructure,2010,96.86021937019815
Oceania,Non-metallic minerals,civil_infrastructure,2011,112.20994525473624
Oceania,Non-metallic minerals,civil_infrastructure,2012,109.20162931094927
Oceania,Non-metallic minerals,civil_infrastructure,2013,109.10930437087377
Oceania,Non-metallic minerals,civil_infrastructure,2014,109.42944246169206
Oceania,Non-metallic minerals,civil_infrastructure,2015,108.02357757457304
Oceania,Non-metallic minerals,civil_infrastructure,2016,110.31092104725839
Oceania,Non-metallic minerals,machinery,1900,8.107902061691507e-4
Oceania,Non-metallic minerals,machinery,1901,8.323717310681385e-4
Oceania,Non-metallic minerals,machinery,1902,8.668655376521678e-4
Oceania,Non-metallic minerals,machinery,1903,8.96741764293739e-4
Oceania,Non-metallic minerals,machinery,1904,9.221988967000098e-4
Oceania,Non-metallic minerals,machinery,1905,9.681239577340276e-4
Oceania,Non-metallic minerals,machinery,1906,0.0010081165184155725
Oceania,Non-metallic minerals,machinery,1907,0.0010355502005981291
Oceania,Non-metallic minerals,machinery,1908,0.001041232691861981
Oceania,Non-metallic minerals,machinery,1909,0.0010780783488768511
Oceania,Non-metallic minerals,machinery,1910,0.0011311135219079938
Oceania,Non-metallic minerals,machinery,1911,0.0011711256866789406
Oceania,Non-metallic minerals,machinery,1912,0.0012292976639282271
Oceania,Non-metallic minerals,machinery,1913,0.0012779905369014863
Oceania,Non-metallic minerals,machinery,1914,0.0012168754434483992
Oceania,Non-metallic minerals,machinery,1915,0.0011437654928187055
Oceania,Non-metallic minerals,machinery,1916,0.0012265178942489883
Oceania,Non-metallic minerals,machinery,1917,0.001227988265870899
Oceania,Non-metallic minerals,machinery,1918,0.0011986016580215148
Oceania,Non-metallic minerals,machinery,1919,0.0012634575596532605
Oceania,Non-metallic minerals,machinery,1920,0.0013324639723701183
Oceania,Non-metallic minerals,machinery,1921,0.0012676720566167942
Oceania,Non-metallic minerals,machinery,1922,0.00136672671713314
Oceania,Non-metallic minerals,machinery,1923,0.0014263249329537128
Oceania,Non-metallic minerals,machinery,1924,0.0015069405195168209
Oceania,Non-metallic minerals,machinery,1925,0.0015821080321992227
Oceania,Non-metallic minerals,machinery,1926,0.0016260059503985034
Oceania,Non-metallic minerals,machinery,1927,0.0016940799766758134
Oceania,Non-metallic minerals,machinery,1928,0.0017521816387197763
Oceania,Non-metallic minerals,machinery,1929,0.0018114566192699787
Oceania,Non-metallic minerals,machinery,1930,0.0017658850126928843
Oceania,Non-metallic minerals,machinery,1931,0.0016875258897515438
Oceania,Non-metallic minerals,machinery,1932,0.0016148116959552393
Oceania,Non-metallic minerals,machinery,1933,0.001620887970184635
Oceania,Non-metallic minerals,machinery,1934,0.0016743572594822588
Oceania,Non-metallic minerals,machinery,1935,0.0017219712845283255
Oceania,Non-metallic minerals,machinery,1936,0.001769744763807963
Oceania,Non-metallic minerals,machinery,1937,0.0018615336100592677
Oceania,Non-metallic minerals,machinery,1938,0.0018236557861269597
Oceania,Non-metallic minerals,machinery,1939,0.0018616659978794832
Oceania,Non-metallic minerals,machinery,1940,0.0018985758034145241
Oceania,Non-metallic minerals,machinery,1941,0.0019415140826006254
Oceania,Non-metallic minerals,machinery,1942,0.0019865037466434785
Oceania,Non-metallic minerals,machinery,1943,0.0020347236167794877
Oceania,Non-metallic minerals,machinery,1944,0.0020819627502489963
Oceania,Non-metallic minerals,machinery,1945,0.002128340393110043
Oceania,Non-metallic minerals,machinery,1946,0.0021742471137803534
Oceania,Non-metallic minerals,machinery,1947,0.0022472858499437854
Oceania,Non-metallic minerals,machinery,1948,0.002302881586370094
Oceania,Non-metallic minerals,machinery,1949,0.002359025762601544
Oceania,Non-metallic minerals,machinery,1950,0.0024186521099605544
Oceania,Non-metallic minerals,machinery,1951,0.002618823531874425
Oceania,Non-metallic minerals,machinery,1952,0.0027764626087168937
Oceania,Non-metallic minerals,machinery,1953,0.002982683982095862
Oceania,Non-metallic minerals,machinery,1954,0.0031947452355616393
Oceania,Non-metallic minerals,machinery,1955,0.0034568609695359606
Oceania,Non-metallic minerals,machinery,1956,0.003676088123630467
Oceania,Non-metallic minerals,machinery,1957,0.003948197467149661
Oceania,Non-metallic minerals,machinery,1958,0.004033797752410533
Oceania,Non-metallic minerals,machinery,1959,0.004356094504350991
Oceania,Non-metallic minerals,machinery,1960,0.004727097223528516
Oceania,Non-metallic minerals,machinery,1961,0.004963865606348854
Oceania,Non-metallic minerals,machinery,1962,0.005247317803567855
Oceania,Non-metallic minerals,machinery,1963,0.005119801442902435
Oceania,Non-metallic minerals,machinery,1964,0.005397280706534323
Oceania,Non-metallic minerals,machinery,1965,0.005577752368625702
Oceania,Non-metallic minerals,machinery,1966,0.00560374064121061
Oceania,Non-metallic minerals,machinery,1967,0.005801990014705021
Oceania,Non-metallic minerals,machinery,1968,0.006310876340635205
Oceania,Non-metallic minerals,machinery,1969,0.006632981189589624
Oceania,Non-metallic minerals,machinery,1970,0.0070120777019666725
Oceania,Non-metallic minerals,machinery,1971,0.00722578384082875
Oceania,Non-metallic minerals,machinery,1972,0.007034595782781391
Oceania,Non-metallic minerals,machinery,1973,0.00827159360188538
Oceania,Non-metallic minerals,machinery,1974,0.00945719797023554
Oceania,Non-metallic minerals,machinery,1975,0.007397023054525155
Oceania,Non-metallic minerals,machinery,1976,0.008747721463935619
Oceania,Non-metallic minerals,machinery,1977,0.00822568223401336
Oceania,Non-metallic minerals,machinery,1978,0.007830089703183147
Oceania,Non-metallic minerals,machinery,1979,0.009400092126977658
Oceania,Non-metallic minerals,machinery,1980,0.008745224035355367
Oceania,Non-metallic minerals,machinery,1981,0.009130340763211243
Oceania,Non-metallic minerals,machinery,1982,0.009396166805298109
Oceania,Non-metallic minerals,machinery,1983,0.009106637411505716
Oceania,Non-metallic minerals,machinery,1984,0.010348771927291524
Oceania,Non-metallic minerals,machinery,1985,0.010389876055866214
Oceania,Non-metallic minerals,machinery,1986,0.009675757778734395
Oceania,Non-metallic minerals,machinery,1987,0.010809728319546998
Oceania,Non-metallic minerals,machinery,1988,0.011649359351391438
Oceania,Non-metallic minerals,machinery,1989,0.012108044431871237
Oceania,Non-metallic minerals,machinery,1990,0.010735251071992686
Oceania,Non-metallic minerals,machinery,1991,0.01670723465400565
Oceania,Non-metallic minerals,machinery,1992,0.008717255537396437
Oceania,Non-metallic minerals,machinery,1993,0.008285207504353694
Oceania,Non-metallic minerals,machinery,1994,0.008159075899506133
Oceania,Non-metallic minerals,machinery,1995,0.008394810912389075
Oceania,Non-metallic minerals,machinery,1996,0.01106801466273282
Oceania,Non-metallic minerals,machinery,1997,0.008732240263473329
Oceania,Non-metallic minerals,machinery,1998,0.008986917296031356
Oceania,Non-metallic minerals,machinery,1999,0.014043708665175375
Oceania,Non-metallic minerals,machinery,2000,0.01155304641654736
Oceania,Non-metallic minerals,machinery,2001,0.011362130865449361
Oceania,Non-metallic minerals,machinery,2002,0.01269520567799381
Oceania,Non-metallic minerals,machinery,2003,0.013171705693489338
Oceania,Non-metallic minerals,machinery,2004,0.012252873060407486
Oceania,Non-metallic minerals,machinery,2005,0.013672898647761948
Oceania,Non-metallic minerals,machinery,2006,0.011617558445955337
Oceania,Non-metallic minerals,machinery,2007,0.009662538552368318
Oceania,Non-metallic minerals,machinery,2008,0.00972428278644655
Oceania,Non-metallic minerals,machinery,2009,0.007799761708880247
Oceania,Non-metallic minerals,machinery,2010,0.007609532151070584
Oceania,Non-metallic minerals,machinery,2011,0.005276146485302418
Oceania,Non-metallic minerals,machinery,2012,0.006341475936803642
Oceania,Non-metallic minerals,machinery,2013,0.006079264515592071
Oceania,Non-metallic minerals,machinery,2014,0.006181765185941353
Oceania,Non-metallic minerals,machinery,2015,0.009433842090571258
Oceania,Non-metallic minerals,machinery,2016,0.009853336474870508
Oceania,Non-metallic minerals,short_lived,1900,0.07263113304850481
Oceania,Non-metallic minerals,short_lived,1901,0.07798793839015118
Oceania,Non-metallic minerals,short_lived,1902,0.08367082377950158
Oceania,Non-metallic minerals,short_lived,1903,0.08944078163325349
Oceania,Non-metallic minerals,short_lived,1904,0.09544712431847147
Oceania,Non-metallic minerals,short_lived,1905,0.10183538691403426
Oceania,Non-metallic minerals,short_lived,1906,0.10828006467893024
Oceania,Non-metallic minerals,short_lived,1907,0.11501288700329275
Oceania,Non-metallic minerals,short_lived,1908,0.12191306197023401
Oceania,Non-metallic minerals,short_lived,1909,0.12919442793474198
Oceania,Non-metallic minerals,short_lived,1910,0.1369248529072661
Oceania,Non-metallic minerals,short_lived,1911,0.1444453867938049
Oceania,Non-metallic minerals,short_lived,1912,0.1521933188661239
Oceania,Non-metallic minerals,short_lived,1913,0.1607860319406161
Oceania,Non-metallic minerals,short_lived,1914,0.1690544858993612
Oceania,Non-metallic minerals,short_lived,1915,0.17637018112294695
Oceania,Non-metallic minerals,short_lived,1916,0.18424395414602657
Oceania,Non-metallic minerals,short_lived,1917,0.19202166659686934
Oceania,Non-metallic minerals,short_lived,1918,0.19946138318579157
Oceania,Non-metallic minerals,short_lived,1919,0.20653810250941984
Oceania,Non-metallic minerals,short_lived,1920,0.215697767109648
Oceania,Non-metallic minerals,short_lived,1921,0.2250002702682921
Oceania,Non-metallic minerals,short_lived,1922,0.2341086507605987
Oceania,Non-metallic minerals,short_lived,1923,0.2439136436226014
Oceania,Non-metallic minerals,short_lived,1924,0.2545850885205803
Oceania,Non-metallic minerals,short_lived,1925,0.2646281347770567
Oceania,Non-metallic minerals,short_lived,1926,0.2744450716766968
Oceania,Non-metallic minerals,short_lived,1927,0.2847091049593713
Oceania,Non-metallic minerals,short_lived,1928,0.2947359245227317
Oceania,Non-metallic minerals,short_lived,1929,0.304442612912683
Oceania,Non-metallic minerals,short_lived,1930,0.31414791267070025
Oceania,Non-metallic minerals,short_lived,1931,0.32313831006751076
Oceania,Non-metallic minerals,short_lived,1932,0.33179260139361477
Oceania,Non-metallic minerals,short_lived,1933,0.3407127875637743
Oceania,Non-metallic minerals,short_lived,1934,0.34986491223670974
Oceania,Non-metallic minerals,short_lived,1935,0.3593189232017197
Oceania,Non-metallic minerals,short_lived,1936,0.36868592932761995
Oceania,Non-metallic minerals,short_lived,1937,0.37827152454588264
Oceania,Non-metallic minerals,short_lived,1938,0.38800618508192786
Oceania,Non-metallic minerals,short_lived,1939,0.39835341388055895
Oceania,Non-metallic minerals,short_lived,1940,0.40998774472055843
Oceania,Non-metallic minerals,short_lived,1941,0.4207000888609481
Oceania,Non-metallic minerals,short_lived,1942,0.4321851074032346
Oceania,Non-metallic minerals,short_lived,1943,0.4449135760057512
Oceania,Non-metallic minerals,short_lived,1944,0.4573779248047478
Oceania,Non-metallic minerals,short_lived,1945,0.46935784613549675
Oceania,Non-metallic minerals,short_lived,1946,0.48135596261728697
Oceania,Non-metallic minerals,short_lived,1947,0.48990099074403476
Oceania,Non-metallic minerals,short_lived,1948,0.5065191043934313
Oceania,Non-metallic minerals,short_lived,1949,0.5238538249888229
Oceania,Non-metallic minerals,short_lived,1950,0.5425852882404952
Oceania,Non-metallic minerals,short_lived,1951,0.5646368358101072
Oceania,Non-metallic minerals,short_lived,1952,0.5873370729604013
Oceania,Non-metallic minerals,short_lived,1953,0.6110621145216468
Oceania,Non-metallic minerals,short_lived,1954,0.6360240289782368
Oceania,Non-metallic minerals,short_lived,1955,0.6619263400749895
Oceania,Non-metallic minerals,short_lived,1956,0.6884879261252868
Oceania,Non-metallic minerals,short_lived,1957,0.7166834450725353
Oceania,Non-metallic minerals,short_lived,1958,0.7451754832756577
Oceania,Non-metallic minerals,short_lived,1959,0.7745606420570285
Oceania,Non-metallic minerals,short_lived,1960,0.8018598940267379
Oceania,Non-metallic minerals,short_lived,1961,0.8301832073839349
Oceania,Non-metallic minerals,short_lived,1962,0.8626924098187346
Oceania,Non-metallic minerals,short_lived,1963,0.8992865910069113
Oceania,Non-metallic minerals,short_lived,1964,0.9368143639833266
Oceania,Non-metallic minerals,short_lived,1965,0.9731169577560889
Oceania,Non-metallic minerals,short_lived,1966,1.0121694062900295
Oceania,Non-metallic minerals,short_lived,1967,1.052351157877605
Oceania,Non-metallic minerals,short_lived,1968,1.0952801315267897
Oceania,Non-metallic minerals,short_lived,1969,1.1403887789824523
Oceania,Non-metallic minerals,short_lived,1970,1.1869222117943425
Oceania,Non-metallic minerals,short_lived,1971,1.194855838572658
Oceania,Non-metallic minerals,short_lived,1972,1.2727824496241513
Oceania,Non-metallic minerals,short_lived,1973,1.3609253571806479
Oceania,Non-metallic minerals,short_lived,1974,1.3379806304423711
Oceania,Non-metallic minerals,short_lived,1975,1.383877571570663
Oceania,Non-metallic minerals,short_lived,1976,1.4504812212535303
Oceania,Non-metallic minerals,short_lived,1977,1.4290383039948373
Oceania,Non-metallic minerals,short_lived,1978,1.5432044159138276
Oceania,Non-metallic minerals,short_lived,1979,1.4982922489957637
Oceania,Non-metallic minerals,short_lived,1980,1.5129219738062012
Oceania,Non-metallic minerals,short_lived,1981,1.462937616697161
Oceania,Non-metallic minerals,short_lived,1982,1.3999394633892595
Oceania,Non-metallic minerals,short_lived,1983,1.3403941017994505
Oceania,Non-metallic minerals,short_lived,1984,1.3103400862979135
Oceania,Non-metallic minerals,short_lived,1985,1.2299264379566854
Oceania,Non-metallic minerals,short_lived,1986,1.1840771887130985
Oceania,Non-metallic minerals,short_lived,1987,1.104009824733038
Oceania,Non-metallic minerals,short_lived,1988,1.166281689521103
Oceania,Non-metallic minerals,short_lived,1989,1.176522406154567
Oceania,Non-metallic minerals,short_lived,1990,1.174142990955798
Oceania,Non-metallic minerals,short_lived,1991,1.1318832432870565
Oceania,Non-metallic minerals,short_lived,1992,1.1777238309642044
Oceania,Non-metallic minerals,short_lived,1993,1.2513259469982172
Oceania,Non-metallic minerals,short_lived,1994,1.2234255581275315
Oceania,Non-metallic minerals,short_lived,1995,1.2038131597652615
Oceania,Non-metallic minerals,short_lived,1996,1.1301290320779813
Oceania,Non-metallic minerals,short_lived,1997,1.167062737942532
Oceania,Non-metallic minerals,short_lived,1998,1.1809410270668397
Oceania,Non-metallic minerals,short_lived,1999,1.1974490882860427
Oceania,Non-metallic minerals,short_lived,2000,1.2626869889809493
Oceania,Non-metallic minerals,short_lived,2001,1.2982332020085872
Oceania,Non-metallic minerals,short_lived,2002,1.3270552436986442
Oceania,Non-metallic minerals,short_lived,2003,1.2541746064599149
Oceania,Non-metallic minerals,short_lived,2004,1.3148206102821147
Oceania,Non-metallic minerals,short_lived,2005,1.3391233987602262
Oceania,Non-metallic minerals,short_lived,2006,1.3530018078122588
Oceania,Non-metallic minerals,short_lived,2007,1.3951276916798276
Oceania,Non-metallic minerals,short_lived,2008,1.417422885493927
Oceania,Non-metallic minerals,short_lived,2009,1.3683641562886482
Oceania,Non-metallic minerals,short_lived,2010,1.3954245797585072
Oceania,Non-metallic minerals,short_lived,2011,1.359732330335405
Oceania,Non-metallic minerals,short_lived,2012,1.3345514484154541
Oceania,Non-metallic minerals,short_lived,2013,1.3741903779159335
Oceania,Non-metallic minerals,short_lived,2014,1.416920421115791
Oceania,Non-metallic minerals,short_lived,2015,1.5125187566569631
Oceania,Non-metallic minerals,short_lived,2016,1.6306618893968428
South Asia,Metal ores,buildings,1900,0.0808915491636322
South Asia,Metal ores,buildings,1901,0.08533400908549613
South Asia,Metal ores,buildings,1902,0.09185423743704157
South Asia,Metal ores,buildings,1903,0.09585139601681232
South Asia,Metal ores,buildings,1904,0.09879053006304452
South Asia,Metal ores,buildings,1905,0.10649495358861959
South Asia,Metal ores,buildings,1906,0.11299643266776492
South Asia,Metal ores,buildings,1907,0.11606222222637044
South Asia,Metal ores,buildings,1908,0.11275574955657998
South Asia,Metal ores,buildings,1909,0.12210969308743676
South Asia,Metal ores,buildings,1910,0.1301743975514322
South Asia,Metal ores,buildings,1911,0.1371486640556575
South Asia,Metal ores,buildings,1912,0.16438331306009338
South Asia,Metal ores,buildings,1913,0.18111071808763865
South Asia,Metal ores,buildings,1914,0.1718207469230593
South Asia,Metal ores,buildings,1915,0.15749590774245606
South Asia,Metal ores,buildings,1916,0.16891185161435388
South Asia,Metal ores,buildings,1917,0.16778912514222494
South Asia,Metal ores,buildings,1918,0.16347173398944861
South Asia,Metal ores,buildings,1919,0.18181566564805865
South Asia,Metal ores,buildings,1920,0.19241931136726462
South Asia,Metal ores,buildings,1921,0.19193943839511107
South Asia,Metal ores,buildings,1922,0.19968030898473094
South Asia,Metal ores,buildings,1923,0.25890243957087106
South Asia,Metal ores,buildings,1924,0.3212147098267155
South Asia,Metal ores,buildings,1925,0.33327373095105867
South Asia,Metal ores,buildings,1926,0.3442227212304414
South Asia,Metal ores,buildings,1927,0.40243169190793976
South Asia,Metal ores,buildings,1928,0.3968594310522429
South Asia,Metal ores,buildings,1929,0.463043778497997
South Asia,Metal ores,buildings,1930,0.4081826134034421
South Asia,Metal ores,buildings,1931,0.3660219599772713
South Asia,Metal ores,buildings,1932,0.31624512175729147
South Asia,Metal ores,buildings,1933,0.33558527807324823
South Asia,Metal ores,buildings,1934,0.3807168603145224
South Asia,Metal ores,buildings,1935,0.40910267480556184
South Asia,Metal ores,buildings,1936,0.42981690170723263
South Asia,Metal ores,buildings,1937,0.463243235249495
South Asia,Metal ores,buildings,1938,0.44081177495461177
South Asia,Metal ores,buildings,1939,0.47725358672195695
South Asia,Metal ores,buildings,1940,0.5220717096393506
South Asia,Metal ores,buildings,1941,0.5275721246470729
South Asia,Metal ores,buildings,1942,0.4989273837271584
South Asia,Metal ores,buildings,1943,0.48527228083878127
South Asia,Metal ores,buildings,1944,0.43885707827442383
South Asia,Metal ores,buildings,1945,0.43743444912373014
South Asia,Metal ores,buildings,1946,0.4420372627260076
South Asia,Metal ores,buildings,1947,0.4607622195725424
South Asia,Metal ores,buildings,1948,0.4529931558635234
South Asia,Metal ores,buildings,1949,0.48335146860505523
South Asia,Metal ores,buildings,1950,0.5003961936265784
South Asia,Metal ores,buildings,1951,0.5533609530999086
South Asia,Metal ores,buildings,1952,0.5718689203695313
South Asia,Metal ores,buildings,1953,0.5831593415653414
South Asia,Metal ores,buildings,1954,0.6285577278749803
South Asia,Metal ores,buildings,1955,0.6447702830027189
South Asia,Metal ores,buildings,1956,0.6759646489055351
South Asia,Metal ores,buildings,1957,0.6930615261207475
South Asia,Metal ores,buildings,1958,0.7120179057054666
South Asia,Metal ores,buildings,1959,0.9079662834598904
South Asia,Metal ores,buildings,1960,1.145876042367488
South Asia,Metal ores,buildings,1961,1.3022132887318172
South Asia,Metal ores,buildings,1962,1.474549012267531
South Asia,Metal ores,buildings,1963,1.5573532817057631
South Asia,Metal ores,buildings,1964,1.5628723770050845
South Asia,Metal ores,buildings,1965,1.6041793656594214
South Asia,Metal ores,buildings,1966,1.5058718133705098
South Asia,Metal ores,buildings,1967,1.4740147390466936
South Asia,Metal ores,buildings,1968,1.4764765242857016
South Asia,Metal ores,buildings,1969,1.4403338277965878
South Asia,Metal ores,buildings,1970,1.4092174939918307
South Asia,Metal ores,buildings,1971,1.5269519113191041
South Asia,Metal ores,buildings,1972,1.6243578118941047
South Asia,Metal ores,buildings,1973,1.64313338939366
South Asia,Metal ores,buildings,1974,1.6338386363020772
South Asia,Metal ores,buildings,1975,1.647501182298481
South Asia,Metal ores,buildings,1976,1.7010624939316665
South Asia,Metal ores,buildings,1977,1.8740020046997923
South Asia,Metal ores,buildings,1978,1.9909645807896403
South Asia,Metal ores,buildings,1979,2.186592723546635
South Asia,Metal ores,buildings,1980,2.1801990571563774
South Asia,Metal ores,buildings,1981,2.6455198756001033
South Asia,Metal ores,buildings,1982,2.5422508101574266
South Asia,Metal ores,buildings,1983,2.589332597112983
South Asia,Metal ores,buildings,1984,2.640619529527234
South Asia,Metal ores,buildings,1985,3.0193376591910224
South Asia,Metal ores,buildings,1986,3.219740691009333
South Asia,Metal ores,buildings,1987,3.2141998730673826
South Asia,Metal ores,buildings,1988,3.323243220658868
South Asia,Metal ores,buildings,1989,3.3966516016724393
South Asia,Metal ores,buildings,1990,3.3867411808293038
South Asia,Metal ores,buildings,1991,3.4076173839662225
South Asia,Metal ores,buildings,1992,3.9501592471340663
South Asia,Metal ores,buildings,1993,3.8767174783985325
South Asia,Metal ores,buildings,1994,4.549240312485264
South Asia,Metal ores,buildings,1995,2.219431802740058
South Asia,Metal ores,buildings,1996,2.464430278774073
South Asia,Metal ores,buildings,1997,2.6268582987665314
South Asia,Metal ores,buildings,1998,2.66527026637596
South Asia,Metal ores,buildings,1999,2.259093237959355
South Asia,Metal ores,buildings,2000,2.506260537398589
South Asia,Metal ores,buildings,2001,2.7459485404418293
South Asia,Metal ores,buildings,2002,2.735886713184348
South Asia,Metal ores,buildings,2003,2.836617163578508
South Asia,Metal ores,buildings,2004,3.269930796065722
South Asia,Metal ores,buildings,2005,4.229956655208109
South Asia,Metal ores,buildings,2006,4.631552835640759
South Asia,Metal ores,buildings,2007,4.3593816827150285
South Asia,Metal ores,buildings,2008,4.603278378789435
South Asia,Metal ores,buildings,2009,5.417055379798709
South Asia,Metal ores,buildings,2010,6.2086142238986115
South Asia,Metal ores,buildings,2011,6.6562975808881895
South Asia,Metal ores,buildings,2012,6.907276362986777
South Asia,Metal ores,buildings,2013,7.630771805809911
South Asia,Metal ores,buildings,2014,8.20531034472517
South Asia,Metal ores,buildings,2015,9.493389435514827
South Asia,Metal ores,buildings,2016,9.866140442952243
South Asia,Metal ores,civil_infrastructure,1900,0.07538416506079752
South Asia,Metal ores,civil_infrastructure,1901,0.07921584216309666
South Asia,Metal ores,civil_infrastructure,1902,0.08527824014627866
South Asia,Metal ores,civil_infrastructure,1903,0.08897348983575072
South Asia,Metal ores,civil_infrastructure,1904,0.09170012542414467
South Asia,Metal ores,civil_infrastructure,1905,0.0989322221316984
South Asia,Metal ores,civil_infrastructure,1906,0.10502992662228944
South Asia,Metal ores,civil_infrastructure,1907,0.10788040205600678
South Asia,Metal ores,civil_infrastructure,1908,0.10467895872470839
South Asia,Metal ores,civil_infrastructure,1909,0.11381505255916087
South Asia,Metal ores,civil_infrastructure,1910,0.12134008198328083
South Asia,Metal ores,civil_infrastructure,1911,0.12790777272132353
South Asia,Metal ores,civil_infrastructure,1912,0.15473914760513022
South Asia,Metal ores,civil_infrastructure,1913,0.17107707006447706
South Asia,Metal ores,civil_infrastructure,1914,0.16288973776646629
South Asia,Metal ores,civil_infrastructure,1915,0.14989360885708064
South Asia,Metal ores,civil_infrastructure,1916,0.16035907662023355
South Asia,Metal ores,civil_infrastructure,1917,0.15932807814432196
South Asia,Metal ores,civil_infrastructure,1918,0.15561761100839627
South Asia,Metal ores,civil_infrastructure,1919,0.17333814078800447
South Asia,Metal ores,civil_infrastructure,1920,0.18310768849833287
South Asia,Metal ores,civil_infrastructure,1921,0.18396197140637296
South Asia,Metal ores,civil_infrastructure,1922,0.19049712369875363
South Asia,Metal ores,civil_infrastructure,1923,0.2498601400153658
South Asia,Metal ores,civil_infrastructure,1924,0.3120218562143319
South Asia,Metal ores,civil_infrastructure,1925,0.323143846069435
South Asia,Metal ores,civil_infrastructure,1926,0.3336460783386119
South Asia,Metal ores,civil_infrastructure,1927,0.3918373883015763
South Asia,Metal ores,civil_infrastructure,1928,0.3853647661393012
South Asia,Metal ores,civil_infrastructure,1929,0.4518038989222424
South Asia,Metal ores,civil_infrastructure,1930,0.3970173739885846
South Asia,Metal ores,civil_infrastructure,1931,0.35579291353454334
South Asia,Metal ores,civil_infrastructure,1932,0.30679657105122327
South Asia,Metal ores,civil_infrastructure,1933,0.3267212257678032
South Asia,Metal ores,civil_infrastructure,1934,0.3719533971998647
South Asia,Metal ores,civil_infrastructure,1935,0.40016507820377833
South Asia,Metal ores,civil_infrastructure,1936,0.4205003603267756
South Asia,Metal ores,civil_infrastructure,1937,0.452950536025549
South Asia,Metal ores,civil_infrastructure,1938,0.430858555974742
South Asia,Metal ores,civil_infrastructure,1939,0.46747773556924405
South Asia,Metal ores,civil_infrastructure,1940,0.5125533966986907
South Asia,Metal ores,civil_infrastructure,1941,0.517650844332847
South Asia,Metal ores,civil_infrastructure,1942,0.48804179743600606
South Asia,Metal ores,civil_infrastructure,1943,0.473709078499804
South Asia,Metal ores,civil_infrastructure,1944,0.4260798644756053
South Asia,Metal ores,civil_infrastructure,1945,0.4241677406143215
South Asia,Metal ores,civil_infrastructure,1946,0.4283668827336195
South Asia,Metal ores,civil_infrastructure,1947,0.44691603747948794
South Asia,Metal ores,civil_infrastructure,1948,0.43852281007094573
South Asia,Metal ores,civil_infrastructure,1949,0.4688682489797038
South Asia,Metal ores,civil_infrastructure,1950,0.485650015051272
South Asia,Metal ores,civil_infrastructure,1951,0.5376539864973104
South Asia,Metal ores,civil_infrastructure,1952,0.5553672218724027
South Asia,Metal ores,civil_infrastructure,1953,0.5649236415354525
South Asia,Metal ores,civil_infrastructure,1954,0.6092281319949188
South Asia,Metal ores,civil_infrastructure,1955,0.62297083103268025
South Asia,Metal ores,civil_infrastructure,1956,0.6526588379499432
South Asia,Metal ores,civil_infrastructure,1957,0.6672899171951632
South Asia,Metal ores,civil_infrastructure,1958,0.6870192453632631
South Asia,Metal ores,civil_infrastructure,1959,0.882879994313742
South Asia,Metal ores,civil_infrastructure,1960,1.120337521836457
South Asia,Metal ores,civil_infrastructure,1961,1.2771110365900968
South Asia,Metal ores,civil_infrastructure,1962,1.448535452869676
South Asia,Metal ores,civil_infrastructure,1963,1.5299535499175119
South Asia,Metal ores,civil_infrastructure,1964,1.521471197198694
South Asia,Metal ores,civil_infrastructure,1965,1.5628262274811098
South Asia,Metal ores,civil_infrastructure,1966,1.475805765695281
South Asia,Metal ores,civil_infrastructure,1967,1.3994457792940782
South Asia,Metal ores,civil_infrastructure,1968,1.406179742753306
South Asia,Metal ores,civil_infrastructure,1969,1.3581937828809527
South Asia,Metal ores,civil_infrastructure,1970,1.3393560425049462
South Asia,Metal ores,civil_infrastructure,1971,1.4746979233244828
South Asia,Metal ores,civil_infrastructure,1972,1.5856722706357207
South Asia,Metal ores,civil_infrastructure,1973,1.5862641914507634
South Asia,Metal ores,civil_infrastructure,1974,1.5963315644018596
South Asia,Metal ores,civil_infrastructure,1975,1.612892167552663
South Asia,Metal ores,civil_infrastructure,1976,1.6534979500810758
South Asia,Metal ores,civil_infrastructure,1977,1.7565337457612762
South Asia,Metal ores,civil_infrastructure,1978,1.8969052784268892
South Asia,Metal ores,civil_infrastructure,1979,2.063437139121063
South Asia,Metal ores,civil_infrastructure,1980,2.0421562806774514
South Asia,Metal ores,civil_infrastructure,1981,2.4897058397463954
South Asia,Metal ores,civil_infrastructure,1982,2.4104384840136404
South Asia,Metal ores,civil_infrastructure,1983,2.448209264131728
South Asia,Metal ores,civil_infrastructure,1984,2.426495577217103
South Asia,Metal ores,civil_infrastructure,1985,2.7279955987741413
South Asia,Metal ores,civil_infrastructure,1986,3.0949338328539424
South Asia,Metal ores,civil_infrastructure,1987,3.1172001830040226
South Asia,Metal ores,civil_infrastructure,1988,3.220536134755031
South Asia,Metal ores,civil_infrastructure,1989,3.1884260680797647
South Asia,Metal ores,civil_infrastructure,1990,3.5081509341220163
South Asia,Metal ores,civil_infrastructure,1991,3.245701877283302
South Asia,Metal ores,civil_infrastructure,1992,3.510826256590325
South Asia,Metal ores,civil_infrastructure,1993,3.395794893043625
South Asia,Metal ores,civil_infrastructure,1994,4.193629797049833
South Asia,Metal ores,civil_infrastructure,1995,7.905801375156872
South Asia,Metal ores,civil_infrastructure,1996,8.427304022888473
South Asia,Metal ores,civil_infrastructure,1997,8.343102178850595
South Asia,Metal ores,civil_infrastructure,1998,8.299874973973688
South Asia,Metal ores,civil_infrastructure,1999,8.230759889875817
South Asia,Metal ores,civil_infrastructure,2000,7.725457229345412
South Asia,Metal ores,civil_infrastructure,2001,7.871724289867737
South Asia,Metal ores,civil_infrastructure,2002,8.031471424662083
South Asia,Metal ores,civil_infrastructure,2003,8.40716856469557
South Asia,Metal ores,civil_infrastructure,2004,9.07770125499865
South Asia,Metal ores,civil_infrastructure,2005,13.085607393395263
South Asia,Metal ores,civil_infrastructure,2006,14.479867354467695
South Asia,Metal ores,civil_infrastructure,2007,16.203315000610527
South Asia,Metal ores,civil_infrastructure,2008,17.239438924925746
South Asia,Metal ores,civil_infrastructure,2009,20.254299761131577
South Asia,Metal ores,civil_infrastructure,2010,21.786793827314135
South Asia,Metal ores,civil_infrastructure,2011,21.697733901941156
South Asia,Metal ores,civil_infrastructure,2012,23.530060876687635
South Asia,Metal ores,civil_infrastructure,2013,23.43284882476516
South Asia,Metal ores,civil_infrastructure,2014,24.760451957077894
South Asia,Metal ores,civil_infrastructure,2015,27.20791123933729
South Asia,Metal ores,civil_infrastructure,2016,29.128071943346466
South Asia,Metal ores,machinery,1900,0.1492446613039233
South Asia,Metal ores,machinery,1901,0.15354631796271018
South Asia,Metal ores,machinery,1902,0.16484042100508
South Asia,Metal ores,machinery,1903,0.1717743491579028
South Asia,Metal ores,machinery,1904,0.17736203416297502
South Asia,Metal ores,machinery,1905,0.19054728779083324
South Asia,Metal ores,machinery,1906,0.20093898387817605
South Asia,Metal ores,machinery,1907,0.2059287283015751
South Asia,Metal ores,machinery,1908,0.2018675680226917
South Asia,Metal ores,machinery,1909,0.2194179363664899
South Asia,Metal ores,machinery,1910,0.23290036499937472
South Asia,Metal ores,machinery,1911,0.24648527111061083
South Asia,Metal ores,machinery,1912,0.30690398568329663
South Asia,Metal ores,machinery,1913,0.34504938891978115
South Asia,Metal ores,machinery,1914,0.3282370774292836
South Asia,Metal ores,machinery,1915,0.3074270528030222
South Asia,Metal ores,machinery,1916,0.3245622307436086
South Asia,Metal ores,machinery,1917,0.31988088854854657
South Asia,Metal ores,machinery,1918,0.31237667528739893
South Asia,Metal ores,machinery,1919,0.35422128716949386
South Asia,Metal ores,machinery,1920,0.3693420723096412
South Asia,Metal ores,machinery,1921,0.36552092498902544
South Asia,Metal ores,machinery,1922,0.3819245842327274
South Asia,Metal ores,machinery,1923,0.5178423054132054
South Asia,Metal ores,machinery,1924,0.6607069459087507
South Asia,Metal ores,machinery,1925,0.6860730985822246
South Asia,Metal ores,machinery,1926,0.7015019115944605
South Asia,Metal ores,machinery,1927,0.8314449285594061
South Asia,Metal ores,machinery,1928,0.8054862921742223
South Asia,Metal ores,machinery,1929,0.9711354080634249
South Asia,Metal ores,machinery,1930,0.8477575966199193
South Asia,Metal ores,machinery,1931,0.7619253359355982
South Asia,Metal ores,machinery,1932,0.6562564685381891
South Asia,Metal ores,machinery,1933,0.7222844344339916
South Asia,Metal ores,machinery,1934,0.8500109667382996
South Asia,Metal ores,machinery,1935,0.923692795338687
South Asia,Metal ores,machinery,1936,0.9687042720115374
South Asia,Metal ores,machinery,1937,1.0370394524729434
South Asia,Metal ores,machinery,1938,0.9854391464973968
South Asia,Metal ores,machinery,1939,1.0809412024291396
South Asia,Metal ores,machinery,1940,1.1948021198885366
South Asia,Metal ores,machinery,1941,1.209240645797976
South Asia,Metal ores,machinery,1942,1.1364994406705222
South Asia,Metal ores,machinery,1943,1.107755732874448
South Asia,Metal ores,machinery,1944,0.9958077910752853
South Asia,Metal ores,machinery,1945,0.9927608522702717
South Asia,Metal ores,machinery,1946,1.0023879752855887
South Asia,Metal ores,machinery,1947,1.0484816885318926
South Asia,Metal ores,machinery,1948,1.024011128207052
South Asia,Metal ores,machinery,1949,1.094961775147292
South Asia,Metal ores,machinery,1950,1.12627625918561
South Asia,Metal ores,machinery,1951,1.23691005988821
South Asia,Metal ores,machinery,1952,1.270336659077962
South Asia,Metal ores,machinery,1953,1.2744688938421664
South Asia,Metal ores,machinery,1954,1.3926877167718315
South Asia,Metal ores,machinery,1955,1.4193402498329704
South Asia,Metal ores,machinery,1956,1.4864300674842863
South Asia,Metal ores,machinery,1957,1.525064856647826
South Asia,Metal ores,machinery,1958,1.593805666044428
South Asia,Metal ores,machinery,1959,2.09605796401561
South Asia,Metal ores,machinery,1960,2.7018226717053064
South Asia,Metal ores,machinery,1961,3.106812975422878
South Asia,Metal ores,machinery,1962,3.5307849991897995
South Asia,Metal ores,machinery,1963,3.7496146806210424
South Asia,Metal ores,machinery,1964,3.779879963804012
South Asia,Metal ores,machinery,1965,3.88933926225735
South Asia,Metal ores,machinery,1966,3.682092145380256
South Asia,Metal ores,machinery,1967,3.5129655552909647
South Asia,Metal ores,machinery,1968,3.498088559349407
South Asia,Metal ores,machinery,1969,3.4028209235453493
South Asia,Metal ores,machinery,1970,3.358246041712977
South Asia,Metal ores,machinery,1971,3.6740491327141056
South Asia,Metal ores,machinery,1972,3.966656433275397
South Asia,Metal ores,machinery,1973,4.001934346269786
South Asia,Metal ores,machinery,1974,4.01150388136604
South Asia,Metal ores,machinery,1975,4.0891351708558865
South Asia,Metal ores,machinery,1976,4.1294481450437885
South Asia,Metal ores,machinery,1977,4.32784633896406
South Asia,Metal ores,machinery,1978,4.725048314217594
South Asia,Metal ores,machinery,1979,5.175470227899054
South Asia,Metal ores,machinery,1980,5.164504186836696
South Asia,Metal ores,machinery,1981,6.326072793452496
South Asia,Metal ores,machinery,1982,6.0676474071324344
South Asia,Metal ores,machinery,1983,6.080469163217764
South Asia,Metal ores,machinery,1984,6.151380420290702
South Asia,Metal ores,machinery,1985,6.8791976105720085
South Asia,Metal ores,machinery,1986,7.783712626413406
South Asia,Metal ores,machinery,1987,7.80190023106838
South Asia,Metal ores,machinery,1988,8.071621213139773
South Asia,Metal ores,machinery,1989,8.058394718140466
South Asia,Metal ores,machinery,1990,8.280912080514906
South Asia,Metal ores,machinery,1991,8.157511613107152
South Asia,Metal ores,machinery,1992,9.110396064013443
South Asia,Metal ores,machinery,1993,8.781743484231866
South Asia,Metal ores,machinery,1994,10.892488392605834
South Asia,Metal ores,machinery,1995,12.09222846406606
South Asia,Metal ores,machinery,1996,13.068277640916174
South Asia,Metal ores,machinery,1997,13.106020740502387
South Asia,Metal ores,machinery,1998,12.995014548382542
South Asia,Metal ores,machinery,1999,12.672171451217103
South Asia,Metal ores,machinery,2000,12.049242362427602
South Asia,Metal ores,machinery,2001,12.36836372775727
South Asia,Metal ores,machinery,2002,12.630984504413135
South Asia,Metal ores,machinery,2003,13.041653482154853
South Asia,Metal ores,machinery,2004,14.344545416890313
South Asia,Metal ores,machinery,2005,20.674030526361552
South Asia,Metal ores,machinery,2006,22.868223266913418
South Asia,Metal ores,machinery,2007,25.09936342854164
South Asia,Metal ores,machinery,2008,26.566663307834624
South Asia,Metal ores,machinery,2009,28.785073503700705
South Asia,Metal ores,machinery,2010,31.562396734698407
South Asia,Metal ores,machinery,2011,33.652913742268936
South Asia,Metal ores,machinery,2012,35.889117180373674
South Asia,Metal ores,machinery,2013,35.59236068215868
South Asia,Metal ores,machinery,2014,36.28237105874848
South Asia,Metal ores,machinery,2015,40.235570536327785
South Asia,Metal ores,machinery,2016,42.70192513831827
South Asia,Metal ores,short_lived,1900,0.05947197698018904
South Asia,Metal ores,short_lived,1901,0.0630017119848346
South Asia,Metal ores,short_lived,1902,0.06774563283891388
South Asia,Metal ores,short_lived,1903,0.07066927754373366
South Asia,Metal ores,short_lived,1904,0.07272676146135976
South Asia,Metal ores,short_lived,1905,0.07847457476128064
South Asia,Metal ores,short_lived,1906,0.08343903636058346
South Asia,Metal ores,short_lived,1907,0.0857222801685859
South Asia,Metal ores,short_lived,1908,0.08292625260936348
South Asia,Metal ores,short_lived,1909,0.08971297990882213
South Asia,Metal ores,short_lived,1910,0.09580419141659796
South Asia,Metal ores,short_lived,1911,0.10072179292365066
South Asia,Metal ores,short_lived,1912,0.11888174561737991
South Asia,Metal ores,short_lived,1913,0.13026517514694655
South Asia,Metal ores,short_lived,1914,0.12336479436141501
South Asia,Metal ores,short_lived,1915,0.11217162178720572
South Asia,Metal ores,short_lived,1916,0.12126168199317414
South Asia,Metal ores,short_lived,1917,0.12116072109684155
South Asia,Metal ores,short_lived,1918,0.11797115964242968
South Asia,Metal ores,short_lived,1919,0.13034460659957253
South Asia,Metal ores,short_lived,1920,0.13901589324830887
South Asia,Metal ores,short_lived,1921,0.1424220471144491
South Asia,Metal ores,short_lived,1922,0.15016360984249344
South Asia,Metal ores,short_lived,1923,0.19075142944442552
South Asia,Metal ores,short_lived,1924,0.23201112131863896
South Asia,Metal ores,short_lived,1925,0.23974495033351734
South Asia,Metal ores,short_lived,1926,0.24928987079812218
South Asia,Metal ores,short_lived,1927,0.2876462704533087
South Asia,Metal ores,short_lived,1928,0.28514101414437937
South Asia,Metal ores,short_lived,1929,0.32468649957712514
South Asia,Metal ores,short_lived,1930,0.2860045091675513
South Asia,Metal ores,short_lived,1931,0.25574766927033327
South Asia,Metal ores,short_lived,1932,0.22152076017308225
South Asia,Metal ores,short_lived,1933,0.23078302008943363
South Asia,Metal ores,short_lived,1934,0.2566271781799715
South Asia,Metal ores,short_lived,1935,0.2744768290356806
South Asia,Metal ores,short_lived,1936,0.28825369858044064
South Asia,Metal ores,short_lived,1937,0.31208217471683936
South Asia,Metal ores,short_lived,1938,0.29710330276703456
South Asia,Metal ores,short_lived,1939,0.31882642152643215
South Asia,Metal ores,short_lived,1940,0.34668766445493215
South Asia,Metal ores,short_lived,1941,0.3484852088246145
South Asia,Metal ores,short_lived,1942,0.3302682215432078
South Asia,Metal ores,short_lived,1943,0.32079059766085993
South Asia,Metal ores,short_lived,1944,0.2930076640772378
South Asia,Metal ores,short_lived,1945,0.29334905601197414
South Asia,Metal ores,short_lived,1946,0.2993040587543126
South Asia,Metal ores,short_lived,1947,0.31244374736639063
South Asia,Metal ores,short_lived,1948,0.308599677861496
South Asia,Metal ores,short_lived,1949,0.327985611239932
South Asia,Metal ores,short_lived,1950,0.33998185252403124
South Asia,Metal ores,short_lived,1951,0.37513576883875827
South Asia,Metal ores,short_lived,1952,0.3869786118917099
South Asia,Metal ores,short_lived,1953,0.39636562894456234
South Asia,Metal ores,short_lived,1954,0.42266404722144246
South Asia,Metal ores,short_lived,1955,0.43578387262564927
South Asia,Metal ores,short_lived,1956,0.45597852873692546
South Asia,Metal ores,short_lived,1957,0.47222422407447967
South Asia,Metal ores,short_lived,1958,0.4808744170186692
South Asia,Metal ores,short_lived,1959,0.601718784769329
South Asia,Metal ores,short_lived,1960,0.7504709891853134
South Asia,Metal ores,short_lived,1961,0.8459705023476966
South Asia,Metal ores,short_lived,1962,0.9546202837890134
South Asia,Metal ores,short_lived,1963,0.9967385621055049
South Asia,Metal ores,short_lived,1964,0.9871638627325151
South Asia,Metal ores,short_lived,1965,1.020156313285019
South Asia,Metal ores,short_lived,1966,0.9655952806382191
South Asia,Metal ores,short_lived,1967,0.9301862267372597
South Asia,Metal ores,short_lived,1968,0.9356671868333574
South Asia,Metal ores,short_lived,1969,0.9015523085764846
South Asia,Metal ores,short_lived,1970,0.9041875275191598
South Asia,Metal ores,short_lived,1971,1.0031470257685196
South Asia,Metal ores,short_lived,1972,1.0673943396790666
South Asia,Metal ores,short_lived,1973,1.0618979838771212
South Asia,Metal ores,short_lived,1974,1.054013058248537
South Asia,Metal ores,short_lived,1975,1.0648205083347633
South Asia,Metal ores,short_lived,1976,1.1113887199631318
South Asia,Metal ores,short_lived,1977,1.1854685786892154
South Asia,Metal ores,short_lived,1978,1.269796394155118
South Asia,Metal ores,short_lived,1979,1.3793991670932042
South Asia,Metal ores,short_lived,1980,1.3793760213576416
South Asia,Metal ores,short_lived,1981,1.6521093661765562
South Asia,Metal ores,short_lived,1982,1.6074113820560085
South Asia,Metal ores,short_lived,1983,1.6296722714286953
South Asia,Metal ores,short_lived,1984,1.6446440453681284
South Asia,Metal ores,short_lived,1985,1.8621190761999886
South Asia,Metal ores,short_lived,1986,2.0933861924284467
South Asia,Metal ores,short_lived,1987,2.1068755384567086
South Asia,Metal ores,short_lived,1988,2.1521798689037794
South Asia,Metal ores,short_lived,1989,2.1877484289626152
South Asia,Metal ores,short_lived,1990,2.1605702099612913
South Asia,Metal ores,short_lived,1991,2.2727281489673565
South Asia,Metal ores,short_lived,1992,2.539573284899775
South Asia,Metal ores,short_lived,1993,2.3068613411599834
South Asia,Metal ores,short_lived,1994,2.8963523003075116
South Asia,Metal ores,short_lived,1995,3.087531370230335
South Asia,Metal ores,short_lived,1996,3.3450755351807935
South Asia,Metal ores,short_lived,1997,3.3433385876174806
South Asia,Metal ores,short_lived,1998,3.346374270184638
South Asia,Metal ores,short_lived,1999,3.2610050381793325
South Asia,Metal ores,short_lived,2000,3.1523335125870715
South Asia,Metal ores,short_lived,2001,3.2319917289147466
South Asia,Metal ores,short_lived,2002,3.327358344582476
South Asia,Metal ores,short_lived,2003,3.4325988114390262
South Asia,Metal ores,short_lived,2004,3.8277742459911526
South Asia,Metal ores,short_lived,2005,5.287488323987958
South Asia,Metal ores,short_lived,2006,5.681105323477717
South Asia,Metal ores,short_lived,2007,6.159751657625924
South Asia,Metal ores,short_lived,2008,6.539279254225193
South Asia,Metal ores,short_lived,2009,7.260917845556217
South Asia,Metal ores,short_lived,2010,7.963273457794637
South Asia,Metal ores,short_lived,2011,8.508653785173474
South Asia,Metal ores,short_lived,2012,9.005880134460995
South Asia,Metal ores,short_lived,2013,9.070140467876623
South Asia,Metal ores,short_lived,2014,9.357042506069813
South Asia,Metal ores,short_lived,2015,10.407914771237332
South Asia,Metal ores,short_lived,2016,11.09323475447006
South Asia,Non-metallic minerals,buildings,1900,117.25225259380056
South Asia,Non-metallic minerals,buildings,1901,118.17671540066009
South Asia,Non-metallic minerals,buildings,1902,119.14192348848454
South Asia,Non-metallic minerals,buildings,1903,120.0660642905321
South Asia,Non-metallic minerals,buildings,1904,121.01520441557855
South Asia,Non-metallic minerals,buildings,1905,121.98748673877444
South Asia,Non-metallic minerals,buildings,1906,122.94559541927467
South Asia,Non-metallic minerals,buildings,1907,123.88099126341372
South Asia,Non-metallic minerals,buildings,1908,124.79043475437835
South Asia,Non-metallic minerals,buildings,1909,125.73276759334803
South Asia,Non-metallic minerals,buildings,1910,126.61997642405831
South Asia,Non-metallic minerals,buildings,1911,127.28329566730363
South Asia,Non-metallic minerals,buildings,1912,127.71677146748208
South Asia,Non-metallic minerals,buildings,1913,128.13789792624542
South Asia,Non-metallic minerals,buildings,1914,128.5346884392017
South Asia,Non-metallic minerals,buildings,1915,128.89707230612711
South Asia,Non-metallic minerals,buildings,1916,129.29361242590196
South Asia,Non-metallic minerals,buildings,1917,129.68751902617655
South Asia,Non-metallic minerals,buildings,1918,130.08141489451907
South Asia,Non-metallic minerals,buildings,1919,130.43882800613864
South Asia,Non-metallic minerals,buildings,1920,130.82863384626657
South Asia,Non-metallic minerals,buildings,1921,131.74200583780097
South Asia,Non-metallic minerals,buildings,1922,133.20964944527702
South Asia,Non-metallic minerals,buildings,1923,134.88794531558432
South Asia,Non-metallic minerals,buildings,1924,136.39364014849988
South Asia,Non-metallic minerals,buildings,1925,138.22819857982026
South Asia,Non-metallic minerals,buildings,1926,139.75510689608487
South Asia,Non-metallic minerals,buildings,1927,141.68888707886072
South Asia,Non-metallic minerals,buildings,1928,143.57710707758474
South Asia,Non-metallic minerals,buildings,1929,144.9952001738291
South Asia,Non-metallic minerals,buildings,1930,146.30408526373535
South Asia,Non-metallic minerals,buildings,1931,148.02055957412162
South Asia,Non-metallic minerals,buildings,1932,148.87631056078652
South Asia,Non-metallic minerals,buildings,1933,149.95318258267193
South Asia,Non-metallic minerals,buildings,1934,151.4191973391736
South Asia,Non-metallic minerals,buildings,1935,152.84574984377142
South Asia,Non-metallic minerals,buildings,1936,154.17081395781568
South Asia,Non-metallic minerals,buildings,1937,155.82263073828776
South Asia,Non-metallic minerals,buildings,1938,157.94182402845308
South Asia,Non-metallic minerals,buildings,1939,159.13048150278908
South Asia,Non-metallic minerals,buildings,1940,160.3301940717695
South Asia,Non-metallic minerals,buildings,1941,161.25589580125938
South Asia,Non-metallic minerals,buildings,1942,162.059539242829
South Asia,Non-metallic minerals,buildings,1943,162.85035640567946
South Asia,Non-metallic minerals,buildings,1944,163.66322725071237
South Asia,Non-metallic minerals,buildings,1945,164.49671918238906
South Asia,Non-metallic minerals,buildings,1946,165.30983300145903
South Asia,Non-metallic minerals,buildings,1947,166.9046818995737
South Asia,Non-metallic minerals,buildings,1948,167.73455274077295
South Asia,Non-metallic minerals,buildings,1949,172.38337467667506
South Asia,Non-metallic minerals,buildings,1950,172.94125272152016
South Asia,Non-metallic minerals,buildings,1951,178.68166784665493
South Asia,Non-metallic minerals,buildings,1952,182.57232978210124
South Asia,Non-metallic minerals,buildings,1953,185.8198639416276
South Asia,Non-metallic minerals,buildings,1954,190.8652189798577
South Asia,Non-metallic minerals,buildings,1955,194.2318935313915
South Asia,Non-metallic minerals,buildings,1956,199.5436447666043
South Asia,Non-metallic minerals,buildings,1957,206.5564730769584
South Asia,Non-metallic minerals,buildings,1958,209.7137288459766
South Asia,Non-metallic minerals,buildings,1959,215.32899247605232
South Asia,Non-metallic minerals,buildings,1960,223.35599943017323
South Asia,Non-metallic minerals,buildings,1961,228.3572084211894
South Asia,Non-metallic minerals,buildings,1962,234.1134600323948
South Asia,Non-metallic minerals,buildings,1963,241.11505763478903
South Asia,Non-metallic minerals,buildings,1964,247.86314899678422
South Asia,Non-metallic minerals,buildings,1965,256.9615731343292
South Asia,Non-metallic minerals,buildings,1966,262.01147607135226
South Asia,Non-metallic minerals,buildings,1967,267.19563283578975
South Asia,Non-metallic minerals,buildings,1968,274.2861924420035
South Asia,Non-metallic minerals,buildings,1969,288.22689980729757
South Asia,Non-metallic minerals,buildings,1970,293.61348751250966
South Asia,Non-metallic minerals,buildings,1971,303.01698543083666
South Asia,Non-metallic minerals,buildings,1972,312.1393198207086
South Asia,Non-metallic minerals,buildings,1973,315.63956557368294
South Asia,Non-metallic minerals,buildings,1974,320.94765389038736
South Asia,Non-metallic minerals,buildings,1975,334.4233532293978
South Asia,Non-metallic minerals,buildings,1976,350.9452792396458
South Asia,Non-metallic minerals,buildings,1977,360.55853362796955
South Asia,Non-metallic minerals,buildings,1978,372.866813597639
South Asia,Non-metallic minerals,buildings,1979,376.46681128516127
South Asia,Non-metallic minerals,buildings,1980,385.6622934037999
South Asia,Non-metallic minerals,buildings,1981,401.027024835506
South Asia,Non-metallic minerals,buildings,1982,405.752444555416
South Asia,Non-metallic minerals,buildings,1983,442.2825776252135
South Asia,Non-metallic minerals,buildings,1984,458.3948546015232
South Asia,Non-metallic minerals,buildings,1985,470.8586016892237
South Asia,Non-metallic minerals,buildings,1986,490.64924985259137
South Asia,Non-metallic minerals,buildings,1987,520.2594643380086
South Asia,Non-metallic minerals,buildings,1988,549.9024073570258
South Asia,Non-metallic minerals,buildings,1989,564.6311691439666
South Asia,Non-metallic minerals,buildings,1990,586.5095918419576
South Asia,Non-metallic minerals,buildings,1991,646.6617129640592
South Asia,Non-metallic minerals,buildings,1992,653.0161416579174
South Asia,Non-metallic minerals,buildings,1993,669.4531252435507
South Asia,Non-metallic minerals,buildings,1994,698.1036910187938
South Asia,Non-metallic minerals,buildings,1995,737.6587281551456
South Asia,Non-metallic minerals,buildings,1996,780.423304095634
South Asia,Non-metallic minerals,buildings,1997,817.5843134434123
South Asia,Non-metallic minerals,buildings,1998,845.7344004869149
South Asia,Non-metallic minerals,buildings,1999,912.2967014019296
South Asia,Non-metallic minerals,buildings,2000,924.5678824331409
South Asia,Non-metallic minerals,buildings,2001,949.9402652555929
South Asia,Non-metallic minerals,buildings,2002,973.07024238344
South Asia,Non-metallic minerals,buildings,2003,1011.643005283068
South Asia,Non-metallic minerals,buildings,2004,1063.2109461012599
South Asia,Non-metallic minerals,buildings,2005,1110.7785975740926
South Asia,Non-metallic minerals,buildings,2006,1209.8070282434398
South Asia,Non-metallic minerals,buildings,2007,1317.169419648727
South Asia,Non-metallic minerals,buildings,2008,1409.01229205347
South Asia,Non-metallic minerals,buildings,2009,1500.2890989041782
South Asia,Non-metallic minerals,buildings,2010,1573.2819037814722
South Asia,Non-metallic minerals,buildings,2011,1689.7434925063537
South Asia,Non-metallic minerals,buildings,2012,1777.022093846601
South Asia,Non-metallic minerals,buildings,2013,1880.5774073605908
South Asia,Non-metallic minerals,buildings,2014,1975.7707298263458
South Asia,Non-metallic minerals,buildings,2015,1994.8031699580974
South Asia,Non-metallic minerals,buildings,2016,2119.023788591719
South Asia,Non-metallic minerals,civil_infrastructure,1900,1.3651820759099187
South Asia,Non-metallic minerals,civil_infrastructure,1901,1.4252472250168875
South Asia,Non-metallic minerals,civil_infrastructure,1902,1.483772658567041
South Asia,Non-metallic minerals,civil_infrastructure,1903,1.7505000944212707
South Asia,Non-metallic minerals,civil_infrastructure,1904,1.9749629725337046
South Asia,Non-metallic minerals,civil_infrastructure,1905,2.18165185668607
South Asia,Non-metallic minerals,civil_infrastructure,1906,2.1922510310175256
South Asia,Non-metallic minerals,civil_infrastructure,1907,2.304604286369273
South Asia,Non-metallic minerals,civil_infrastructure,1908,2.4682320884428535
South Asia,Non-metallic minerals,civil_infrastructure,1909,2.8443499210564447
South Asia,Non-metallic minerals,civil_infrastructure,1910,2.786663747252696
South Asia,Non-metallic minerals,civil_infrastructure,1911,2.8646173132220247
South Asia,Non-metallic minerals,civil_infrastructure,1912,3.0574100444728214
South Asia,Non-metallic minerals,civil_infrastructure,1913,3.32884960413351
South Asia,Non-metallic minerals,civil_infrastructure,1914,3.2206821082123813
South Asia,Non-metallic minerals,civil_infrastructure,1915,3.4066819572118554
South Asia,Non-metallic minerals,civil_infrastructure,1916,3.5375539476447404
South Asia,Non-metallic minerals,civil_infrastructure,1917,3.507552214788549
South Asia,Non-metallic minerals,civil_infrastructure,1918,3.456994108358955
South Asia,Non-metallic minerals,civil_infrastructure,1919,3.7109399354288963
South Asia,Non-metallic minerals,civil_infrastructure,1920,3.7111394363430468
South Asia,Non-metallic minerals,civil_infrastructure,1921,3.940327021897791
South Asia,Non-metallic minerals,civil_infrastructure,1922,4.015771410606472
South Asia,Non-metallic minerals,civil_infrastructure,1923,4.186598418809223
South Asia,Non-metallic minerals,civil_infrastructure,1924,4.344799041601322
South Asia,Non-metallic minerals,civil_infrastructure,1925,4.650288670968998
South Asia,Non-metallic minerals,civil_infrastructure,1926,4.600480196112057
South Asia,Non-metallic minerals,civil_infrastructure,1927,4.996585211381909
South Asia,Non-metallic minerals,civil_infrastructure,1928,3.619832267602534
South Asia,Non-metallic minerals,civil_infrastructure,1929,3.7183345434671136
South Asia,Non-metallic minerals,civil_infrastructure,1930,3.6261898645385204
South Asia,Non-metallic minerals,civil_infrastructure,1931,3.5499565819179812
South Asia,Non-metallic minerals,civil_infrastructure,1932,3.4799668054194752
South Asia,Non-metallic minerals,civil_infrastructure,1933,3.573648756256431
South Asia,Non-metallic minerals,civil_infrastructure,1934,4.107472628103307
South Asia,Non-metallic minerals,civil_infrastructure,1935,4.41834011801428
South Asia,Non-metallic minerals,civil_infrastructure,1936,4.641878819830578
South Asia,Non-metallic minerals,civil_infrastructure,1937,5.207606545408856
South Asia,Non-metallic minerals,civil_infrastructure,1938,6.028540409277633
South Asia,Non-metallic minerals,civil_infrastructure,1939,6.10554795383477
South Asia,Non-metallic minerals,civil_infrastructure,1940,6.406442080411018
South Asia,Non-metallic minerals,civil_infrastructure,1941,6.604162627592734
South Asia,Non-metallic minerals,civil_infrastructure,1942,6.757956425387205
South Asia,Non-metallic minerals,civil_infrastructure,1943,6.87148046136877
South Asia,Non-metallic minerals,civil_infrastructure,1944,6.937438223207192
South Asia,Non-metallic minerals,civil_infrastructure,1945,6.973697082208797
South Asia,Non-metallic minerals,civil_infrastructure,1946,7.042359208914531
South Asia,Non-metallic minerals,civil_infrastructure,1947,7.152215904398634
South Asia,Non-metallic minerals,civil_infrastructure,1948,6.853268597374016
South Asia,Non-metallic minerals,civil_infrastructure,1949,9.021063163101557
South Asia,Non-metallic minerals,civil_infrastructure,1950,9.00170472854155
South Asia,Non-metallic minerals,civil_infrastructure,1951,11.93313320698259
South Asia,Non-metallic minerals,civil_infrastructure,1952,13.075390981096408
South Asia,Non-metallic minerals,civil_infrastructure,1953,13.693306236780852
South Asia,Non-metallic minerals,civil_infrastructure,1954,15.413056207710786
South Asia,Non-metallic minerals,civil_infrastructure,1955,22.4207632781629
South Asia,Non-metallic minerals,civil_infrastructure,1956,30.721695642583235
South Asia,Non-metallic minerals,civil_infrastructure,1957,34.4673746596787
South Asia,Non-metallic minerals,civil_infrastructure,1958,38.654391508210495
South Asia,Non-metallic minerals,civil_infrastructure,1959,45.613763303674666
South Asia,Non-metallic minerals,civil_infrastructure,1960,57.798475900774775
South Asia,Non-metallic minerals,civil_infrastructure,1961,62.098486223871056
South Asia,Non-metallic minerals,civil_infrastructure,1962,57.5425117780883
South Asia,Non-metallic minerals,civil_infrastructure,1963,60.21406242567643
South Asia,Non-metallic minerals,civil_infrastructure,1964,71.96953249241733
South Asia,Non-metallic minerals,civil_infrastructure,1965,79.79356171706537
South Asia,Non-metallic minerals,civil_infrastructure,1966,79.32676440936348
South Asia,Non-metallic minerals,civil_infrastructure,1967,79.57601439376943
South Asia,Non-metallic minerals,civil_infrastructure,1968,85.00675882222085
South Asia,Non-metallic minerals,civil_infrastructure,1969,100.53290667491187
South Asia,Non-metallic minerals,civil_infrastructure,1970,107.41429369843823
South Asia,Non-metallic minerals,civil_infrastructure,1971,122.25644395928632
South Asia,Non-metallic minerals,civil_infrastructure,1972,126.30341206148964
South Asia,Non-metallic minerals,civil_infrastructure,1973,132.28129478961466
South Asia,Non-metallic minerals,civil_infrastructure,1974,113.31262772361708
South Asia,Non-metallic minerals,civil_infrastructure,1975,103.44410218868188
South Asia,Non-metallic minerals,civil_infrastructure,1976,126.69835174146716
South Asia,Non-metallic minerals,civil_infrastructure,1977,134.54095162571141
South Asia,Non-metallic minerals,civil_infrastructure,1978,139.9099695302996
South Asia,Non-metallic minerals,civil_infrastructure,1979,149.35029521623886
South Asia,Non-metallic minerals,civil_infrastructure,1980,149.89072092442987
South Asia,Non-metallic minerals,civil_infrastructure,1981,170.6520177297241
South Asia,Non-metallic minerals,civil_infrastructure,1982,180.11532295036383
South Asia,Non-metallic minerals,civil_infrastructure,1983,172.04157792066115
South Asia,Non-metallic minerals,civil_infrastructure,1984,170.14694471024163
South Asia,Non-metallic minerals,civil_infrastructure,1985,186.6379305014271
South Asia,Non-metallic minerals,civil_infrastructure,1986,206.03889160306886
South Asia,Non-metallic minerals,civil_infrastructure,1987,230.68216703139873
South Asia,Non-metallic minerals,civil_infrastructure,1988,258.9947421540199
South Asia,Non-metallic minerals,civil_infrastructure,1989,272.8757310302946
South Asia,Non-metallic minerals,civil_infrastructure,1990,277.8287998411706
South Asia,Non-metallic minerals,civil_infrastructure,1991,297.8989173371258
South Asia,Non-metallic minerals,civil_infrastructure,1992,312.0178418002269
South Asia,Non-metallic minerals,civil_infrastructure,1993,324.0665395922962
South Asia,Non-metallic minerals,civil_infrastructure,1994,335.1155710337508
South Asia,Non-metallic minerals,civil_infrastructure,1995,370.25779814289274
South Asia,Non-metallic minerals,civil_infrastructure,1996,415.16166768418714
South Asia,Non-metallic minerals,civil_infrastructure,1997,420.48160495654827
South Asia,Non-metallic minerals,civil_infrastructure,1998,452.5820113031209
South Asia,Non-metallic minerals,civil_infrastructure,1999,497.78755704911663
South Asia,Non-metallic minerals,civil_infrastructure,2000,524.1080000417633
South Asia,Non-metallic minerals,civil_infrastructure,2001,529.633369526181
South Asia,Non-metallic minerals,civil_infrastructure,2002,560.3453323850052
South Asia,Non-metallic minerals,civil_infrastructure,2003,612.025720766456
South Asia,Non-metallic minerals,civil_infrastructure,2004,635.5355863043823
South Asia,Non-metallic minerals,civil_infrastructure,2005,711.0950986870436
South Asia,Non-metallic minerals,civil_infrastructure,2006,775.6687524537792
South Asia,Non-metallic minerals,civil_infrastructure,2007,842.6785723297942
South Asia,Non-metallic minerals,civil_infrastructure,2008,935.3368925291511
South Asia,Non-metallic minerals,civil_infrastructure,2009,1033.0872575408
South Asia,Non-metallic minerals,civil_infrastructure,2010,1128.9857547253519
South Asia,Non-metallic minerals,civil_infrastructure,2011,1246.0945632226628
South Asia,Non-metallic minerals,civil_infrastructure,2012,1264.8261705587424
South Asia,Non-metallic minerals,civil_infrastructure,2013,1311.4275193787214
South Asia,Non-metallic minerals,civil_infrastructure,2014,1359.0789650302931
South Asia,Non-metallic minerals,civil_infrastructure,2015,1387.8272233664075
South Asia,Non-metallic minerals,civil_infrastructure,2016,1470.4198330395957
South Asia,Non-metallic minerals,machinery,1900,3.024001099317352e-5
South Asia,Non-metallic minerals,machinery,1901,3.1310346944702985e-5
South Asia,Non-metallic minerals,machinery,1902,3.242901123961163e-5
South Asia,Non-metallic minerals,machinery,1903,3.355633279577579e-5
South Asia,Non-metallic minerals,machinery,1904,3.4676523597536874e-5
South Asia,Non-metallic minerals,machinery,1905,3.587521876750714e-5
South Asia,Non-metallic minerals,machinery,1906,3.707198455751811e-5
South Asia,Non-metallic minerals,machinery,1907,3.824051463424616e-5
South Asia,Non-metallic minerals,machinery,1908,3.9353016376704945e-5
South Asia,Non-metallic minerals,machinery,1909,4.05791264594338e-5
South Asia,Non-metallic minerals,machinery,1910,4.188367077422361e-5
South Asia,Non-metallic minerals,machinery,1911,4.288998438954924e-5
South Asia,Non-metallic minerals,machinery,1912,4.4010113889299596e-5
South Asia,Non-metallic minerals,machinery,1913,4.509066889313745e-5
South Asia,Non-metallic minerals,machinery,1914,4.5660401113072756e-5
South Asia,Non-metallic minerals,machinery,1915,4.6203233438489545e-5
South Asia,Non-metallic minerals,machinery,1916,4.723557944716754e-5
South Asia,Non-metallic minerals,machinery,1917,4.800869431582422e-5
South Asia,Non-metallic minerals,machinery,1918,4.870293101762063e-5
South Asia,Non-metallic minerals,machinery,1919,4.9706853717043674e-05
South Asia,Non-metallic minerals,machinery,1920,5.069361556956902e-5
South Asia,Non-metallic minerals,machinery,1921,5.2323775932635486e-5
South Asia,Non-metallic minerals,machinery,1922,5.436807026903863e-5
South Asia,Non-metallic minerals,machinery,1923,5.627898691095066e-5
South Asia,Non-metallic minerals,machinery,1924,5.824578006310755e-5
South Asia,Non-metallic minerals,machinery,1925,6.0190701984309804e-5
South Asia,Non-metallic minerals,machinery,1926,6.203567310959149e-5
South Asia,Non-metallic minerals,machinery,1927,6.399470215153998e-5
South Asia,Non-metallic minerals,machinery,1928,6.594867556676429e-5
South Asia,Non-metallic minerals,machinery,1929,6.794161048378625e-5
South Asia,Non-metallic minerals,machinery,1930,6.963102743268684e-5
South Asia,Non-metallic minerals,machinery,1931,7.075031050869234e-5
South Asia,Non-metallic minerals,machinery,1932,7.190240471615617e-5
South Asia,Non-metallic minerals,machinery,1933,7.330969334163528e-5
South Asia,Non-metallic minerals,machinery,1934,7.509453711772333e-5
South Asia,Non-metallic minerals,machinery,1935,7.681404713760576e-5
South Asia,Non-metallic minerals,machinery,1936,7.858509941905572e-5
South Asia,Non-metallic minerals,machinery,1937,8.043700589591685e-5
South Asia,Non-metallic minerals,machinery,1938,8.196538445699591e-5
South Asia,Non-metallic minerals,machinery,1939,8.376271129082725e-5
South Asia,Non-metallic minerals,machinery,1940,8.324134177532999e-5
South Asia,Non-metallic minerals,machinery,1941,8.597640405477506e-5
South Asia,Non-metallic minerals,machinery,1942,8.880250502190451e-5
South Asia,Non-metallic minerals,machinery,1943,9.167322249749299e-5
South Asia,Non-metallic minerals,machinery,1944,9.453460516807521e-5
South Asia,Non-metallic minerals,machinery,1945,9.763023325022104e-5
South Asia,Non-metallic minerals,machinery,1946,1.002306511229694e-4
South Asia,Non-metallic minerals,machinery,1947,1.1258652359264752e-4
South Asia,Non-metallic minerals,machinery,1948,1.1550127826847245e-4
South Asia,Non-metallic minerals,machinery,1949,1.1829951588221185e-4
South Asia,Non-metallic minerals,machinery,1950,1.2116268150065433e-4
South Asia,Non-metallic minerals,machinery,1951,1.2904061160461808e-4
South Asia,Non-metallic minerals,machinery,1952,1.372651140493793e-4
South Asia,Non-metallic minerals,machinery,1953,1.459282765446696e-4
South Asia,Non-metallic minerals,machinery,1954,1.5498943927982214e-4
South Asia,Non-metallic minerals,machinery,1955,1.6460436362609158e-4
South Asia,Non-metallic minerals,machinery,1956,1.745057491233768e-4
South Asia,Non-metallic minerals,machinery,1957,1.849115634728439e-4
South Asia,Non-metallic minerals,machinery,1958,1.952758773466218e-4
South Asia,Non-metallic minerals,machinery,1959,2.066986471887582e-4
South Asia,Non-metallic minerals,machinery,1960,2.1867183861289978e-4
South Asia,Non-metallic minerals,machinery,1961,2.3086864038239288e-4
South Asia,Non-metallic minerals,machinery,1962,2.4365427468310124e-4
South Asia,Non-metallic minerals,machinery,1963,2.6306499965458066e-4
South Asia,Non-metallic minerals,machinery,1964,2.82502689878625e-4
South Asia,Non-metallic minerals,machinery,1965,2.993999136931319e-4
South Asia,Non-metallic minerals,machinery,1966,3.1485613133772295e-4
South Asia,Non-metallic minerals,machinery,1967,3.300135048990884e-4
South Asia,Non-metallic minerals,machinery,1968,3.576699284559623e-4
South Asia,Non-metallic minerals,machinery,1969,3.7400276832909643e-4
South Asia,Non-metallic minerals,machinery,1970,3.880443383720155e-4
South Asia,Non-metallic minerals,machinery,1971,4.0846252991141277e-4
South Asia,Non-metallic minerals,machinery,1972,4.52165275371011e-4
South Asia,Non-metallic minerals,machinery,1973,4.783052957016791e-4
South Asia,Non-metallic minerals,machinery,1974,5.096097425582228e-4
South Asia,Non-metallic minerals,machinery,1975,5.255723681793497e-4
South Asia,Non-metallic minerals,machinery,1976,5.492883717233494e-4
South Asia,Non-metallic minerals,machinery,1977,5.902319442566227e-4
South Asia,Non-metallic minerals,machinery,1978,6.235187644497275e-4
South Asia,Non-metallic minerals,machinery,1979,6.602787890999682e-4
South Asia,Non-metallic minerals,machinery,1980,6.795455574372183e-4
South Asia,Non-metallic minerals,machinery,1981,7.210899813006787e-4
South Asia,Non-metallic minerals,machinery,1982,7.512674140096134e-4
South Asia,Non-metallic minerals,machinery,1983,8.102337636121179e-4
South Asia,Non-metallic minerals,machinery,1984,8.660313106647436e-4
South Asia,Non-metallic minerals,machinery,1985,9.200516411586805e-4
South Asia,Non-metallic minerals,machinery,1986,9.853730341392282e-4
South Asia,Non-metallic minerals,machinery,1987,0.0010220080537541722
South Asia,Non-metallic minerals,machinery,1988,0.0010164574786740409
South Asia,Non-metallic minerals,machinery,1989,0.0011166942156024858
South Asia,Non-metallic minerals,machinery,1990,0.0014964583011236794
South Asia,Non-metallic minerals,machinery,1991,0.0022351857854839116
South Asia,Non-metallic minerals,machinery,1992,6.823603972428348e-4
South Asia,Non-metallic minerals,machinery,1993,0.001001247686690682
South Asia,Non-metallic minerals,machinery,1994,8.630633481100007e-4
South Asia,Non-metallic minerals,machinery,1995,0.019003383789534815
South Asia,Non-metallic minerals,machinery,1996,0.03277133853623901
South Asia,Non-metallic minerals,machinery,1997,0.029203923479379983
South Asia,Non-metallic minerals,machinery,1998,0.015132026788991214
South Asia,Non-metallic minerals,machinery,1999,0.04064584427947892
South Asia,Non-metallic minerals,machinery,2000,0.04865586208345423
South Asia,Non-metallic minerals,machinery,2001,0.03318911512079796
South Asia,Non-metallic minerals,machinery,2002,0.038779972344892784
South Asia,Non-metallic minerals,machinery,2003,0.049483469811047245
South Asia,Non-metallic minerals,machinery,2004,0.03716111254420138
South Asia,Non-metallic minerals,machinery,2005,0.0363897237225794
South Asia,Non-metallic minerals,machinery,2006,0.039269440874119044
South Asia,Non-metallic minerals,machinery,2007,0.03974180243950064
South Asia,Non-metallic minerals,machinery,2008,0.0420137534363269
South Asia,Non-metallic minerals,machinery,2009,0.046894073453140506
South Asia,Non-metallic minerals,machinery,2010,0.04356675994705787
South Asia,Non-metallic minerals,machinery,2011,0.042961326280832754
South Asia,Non-metallic minerals,machinery,2012,0.04178991217536741
South Asia,Non-metallic minerals,machinery,2013,0.051620222861066614
South Asia,Non-metallic minerals,machinery,2014,0.11935339143953255
South Asia,Non-metallic minerals,machinery,2015,0.08788447542899834
South Asia,Non-metallic minerals,machinery,2016,0.10206455623287362
South Asia,Non-metallic minerals,short_lived,1900,0.1242617376031236
South Asia,Non-metallic minerals,short_lived,1901,0.12680467243060659
South Asia,Non-metallic minerals,short_lived,1902,0.12939979266706325
South Asia,Non-metallic minerals,short_lived,1903,0.1319827192407268
South Asia,Non-metallic minerals,short_lived,1904,0.13459130391664006
South Asia,Non-metallic minerals,short_lived,1905,0.13724651127940532
South Asia,Non-metallic minerals,short_lived,1906,0.13990653267113826
South Asia,Non-metallic minerals,short_lived,1907,0.14256220972784
South Asia,Non-metallic minerals,short_lived,1908,0.1451990912188644
South Asia,Non-metallic minerals,short_lived,1909,0.1478996813400067
South Asia,Non-metallic minerals,short_lived,1910,0.1506047062732695
South Asia,Non-metallic minerals,short_lived,1911,0.1528026451498794
South Asia,Non-metallic minerals,short_lived,1912,0.1548939970571395
South Asia,Non-metallic minerals,short_lived,1913,0.1569658591080468
South Asia,Non-metallic minerals,short_lived,1914,0.15849930063380105
South Asia,Non-metallic minerals,short_lived,1915,0.1599119901815036
South Asia,Non-metallic minerals,short_lived,1916,0.16156011141324786
South Asia,Non-metallic minerals,short_lived,1917,0.16306838886578812
South Asia,Non-metallic minerals,short_lived,1918,0.16451641180821233
South Asia,Non-metallic minerals,short_lived,1919,0.16599190825349885
South Asia,Non-metallic minerals,short_lived,1920,0.1676491303537152
South Asia,Non-metallic minerals,short_lived,1921,0.17084496746856684
South Asia,Non-metallic minerals,short_lived,1922,0.17456347152195145
South Asia,Non-metallic minerals,short_lived,1923,0.1782925740116994
South Asia,Non-metallic minerals,short_lived,1924,0.18206291616869805
South Asia,Non-metallic minerals,short_lived,1925,0.18584272893187911
South Asia,Non-metallic minerals,short_lived,1926,0.18960695118611384
South Asia,Non-metallic minerals,short_lived,1927,0.1934200468377415
South Asia,Non-metallic minerals,short_lived,1928,0.19726707333907437
South Asia,Non-metallic minerals,short_lived,1929,0.20116556043054773
South Asia,Non-metallic minerals,short_lived,1930,0.2049143403411043
South Asia,Non-metallic minerals,short_lived,1931,0.2084329045113577
South Asia,Non-metallic minerals,short_lived,1932,0.21200527595237167
South Asia,Non-metallic minerals,short_lived,1933,0.21573357529303935
South Asia,Non-metallic minerals,short_lived,1934,0.21982219221090069
South Asia,Non-metallic minerals,short_lived,1935,0.22389914661189989
South Asia,Non-metallic minerals,short_lived,1936,0.228086319531061
South Asia,Non-metallic minerals,short_lived,1937,0.2323505766137556
South Asia,Non-metallic minerals,short_lived,1938,0.2365720036702622
South Asia,Non-metallic minerals,short_lived,1939,0.24099623073698273
South Asia,Non-metallic minerals,short_lived,1940,0.2425927849141547
South Asia,Non-metallic minerals,short_lived,1941,0.24779164462966913
South Asia,Non-metallic minerals,short_lived,1942,0.2530319328586959
South Asia,Non-metallic minerals,short_lived,1943,0.25830971041642803
South Asia,Non-metallic minerals,short_lived,1944,0.2636040649616155
South Asia,Non-metallic minerals,short_lived,1945,0.2691188216325299
South Asia,Non-metallic minerals,short_lived,1946,0.2738139493741157
South Asia,Non-metallic minerals,short_lived,1947,0.2649093880755677
South Asia,Non-metallic minerals,short_lived,1948,0.27016876443813853
South Asia,Non-metallic minerals,short_lived,1949,0.2756810072112987
South Asia,Non-metallic minerals,short_lived,1950,0.2809873874896283
South Asia,Non-metallic minerals,short_lived,1951,0.292075561532566
South Asia,Non-metallic minerals,short_lived,1952,0.3036683967296582
South Asia,Non-metallic minerals,short_lived,1953,0.315793643747087
South Asia,Non-metallic minerals,short_lived,1954,0.3285418235544984
South Asia,Non-metallic minerals,short_lived,1955,0.34174322236486304
South Asia,Non-metallic minerals,short_lived,1956,0.35528159523391206
South Asia,Non-metallic minerals,short_lived,1957,0.3696586521114343
South Asia,Non-metallic minerals,short_lived,1958,0.38427373527488196
South Asia,Non-metallic minerals,short_lived,1959,0.3991956388705753
South Asia,Non-metallic minerals,short_lived,1960,0.4129738509309535
South Asia,Non-metallic minerals,short_lived,1961,0.42730536924852036
South Asia,Non-metallic minerals,short_lived,1962,0.4438170569781988
South Asia,Non-metallic minerals,short_lived,1963,0.46163717061910936
South Asia,Non-metallic minerals,short_lived,1964,0.48074996258569774
South Asia,Non-metallic minerals,short_lived,1965,0.49947640086694395
South Asia,Non-metallic minerals,short_lived,1966,0.5199362479914792
South Asia,Non-metallic minerals,short_lived,1967,0.5399787160337477
South Asia,Non-metallic minerals,short_lived,1968,0.5611007027425415
South Asia,Non-metallic minerals,short_lived,1969,0.5834826907199474
South Asia,Non-metallic minerals,short_lived,1970,0.6064889734547807
South Asia,Non-metallic minerals,short_lived,1971,0.61777765384796
South Asia,Non-metallic minerals,short_lived,1972,0.6282442763921491
South Asia,Non-metallic minerals,short_lived,1973,0.644780048433103
South Asia,Non-metallic minerals,short_lived,1974,0.6737433501796484
South Asia,Non-metallic minerals,short_lived,1975,0.6843397500442894
South Asia,Non-metallic minerals,short_lived,1976,0.7337809624960258
South Asia,Non-metallic minerals,short_lived,1977,0.7712788977729231
South Asia,Non-metallic minerals,short_lived,1978,0.8681654704545073
South Asia,Non-metallic minerals,short_lived,1979,0.9240410936881472
South Asia,Non-metallic minerals,short_lived,1980,0.9689394944977825
South Asia,Non-metallic minerals,short_lived,1981,0.9924361733174395
South Asia,Non-metallic minerals,short_lived,1982,1.0726354271374072
South Asia,Non-metallic minerals,short_lived,1983,1.1522327338008487
South Asia,Non-metallic minerals,short_lived,1984,0.9740765407889
South Asia,Non-metallic minerals,short_lived,1985,1.0873642431676687
South Asia,Non-metallic minerals,short_lived,1986,1.1670506616506604
South Asia,Non-metallic minerals,short_lived,1987,1.2821052259737165
South Asia,Non-metallic minerals,short_lived,1988,1.3820004894448943
South Asia,Non-metallic minerals,short_lived,1989,1.4890877781429692
South Asia,Non-metallic minerals,short_lived,1990,1.5819668897179462
South Asia,Non-metallic minerals,short_lived,1991,1.7069769769810732
South Asia,Non-metallic minerals,short_lived,1992,1.8072442888789206
South Asia,Non-metallic minerals,short_lived,1993,1.9539258457400583
South Asia,Non-metallic minerals,short_lived,1994,2.056073132717528
South Asia,Non-metallic minerals,short_lived,1995,2.173643177255226
South Asia,Non-metallic minerals,short_lived,1996,2.2264090712737126
South Asia,Non-metallic minerals,short_lived,1997,2.3836478688520537
South Asia,Non-metallic minerals,short_lived,1998,2.5024442778346887
South Asia,Non-metallic minerals,short_lived,1999,2.642782405275138
South Asia,Non-metallic minerals,short_lived,2000,2.7573969489873127
South Asia,Non-metallic minerals,short_lived,2001,2.8453260180197044
South Asia,Non-metallic minerals,short_lived,2002,2.973749015082314
South Asia,Non-metallic minerals,short_lived,2003,3.0962086184031556
South Asia,Non-metallic minerals,short_lived,2004,3.2123295241345997
South Asia,Non-metallic minerals,short_lived,2005,3.3011535937990475
South Asia,Non-metallic minerals,short_lived,2006,3.303596692336441
South Asia,Non-metallic minerals,short_lived,2007,3.3352991709241566
South Asia,Non-metallic minerals,short_lived,2008,3.3628061824603805
South Asia,Non-metallic minerals,short_lived,2009,3.5204408651641943
South Asia,Non-metallic minerals,short_lived,2010,3.620232085857621
South Asia,Non-metallic minerals,short_lived,2011,3.6632652592839103
South Asia,Non-metallic minerals,short_lived,2012,3.751804126035323
South Asia,Non-metallic minerals,short_lived,2013,3.860081762170175
South Asia,Non-metallic minerals,short_lived,2014,4.010603773029854
South Asia,Non-metallic minerals,short_lived,2015,4.025211924641929
South Asia,Non-metallic minerals,short_lived,2016,4.290955426704155
Sub-Saharan Africa,Metal ores,buildings,1900,0.10932989058962038
Sub-Saharan Africa,Metal ores,buildings,1901,0.11257090983094359
Sub-Saharan Africa,Metal ores,buildings,1902,0.1188728066631345
Sub-Saharan Africa,Metal ores,buildings,1903,0.12372016754019641
Sub-Saharan Africa,Metal ores,buildings,1904,0.12715512714213173
Sub-Saharan Africa,Metal ores,buildings,1905,0.13603372369554817
Sub-Saharan Africa,Metal ores,buildings,1906,0.14331567240394055
Sub-Saharan Africa,Metal ores,buildings,1907,0.1468171755893245
Sub-Saharan Africa,Metal ores,buildings,1908,0.14408700841706298
Sub-Saharan Africa,Metal ores,buildings,1909,0.1498792641557433
Sub-Saharan Africa,Metal ores,buildings,1910,0.15994711476566603
Sub-Saharan Africa,Metal ores,buildings,1911,0.1670556334728726
Sub-Saharan Africa,Metal ores,buildings,1912,0.1791608005200561
Sub-Saharan Africa,Metal ores,buildings,1913,0.18790159005572304
Sub-Saharan Africa,Metal ores,buildings,1914,0.16600450014015644
Sub-Saharan Africa,Metal ores,buildings,1915,0.14172644447468638
Sub-Saharan Africa,Metal ores,buildings,1916,0.16078617663949685
Sub-Saharan Africa,Metal ores,buildings,1917,0.15732752053196844
Sub-Saharan Africa,Metal ores,buildings,1918,0.14548170144169004
Sub-Saharan Africa,Metal ores,buildings,1919,0.16048024047708298
Sub-Saharan Africa,Metal ores,buildings,1920,0.1749580547027989
Sub-Saharan Africa,Metal ores,buildings,1921,0.1526542506517263
Sub-Saharan Africa,Metal ores,buildings,1922,0.17566181638941272
Sub-Saharan Africa,Metal ores,buildings,1923,0.18604406353104544
Sub-Saharan Africa,Metal ores,buildings,1924,0.20267105544600825
Sub-Saharan Africa,Metal ores,buildings,1925,0.21813424109520038
Sub-Saharan Africa,Metal ores,buildings,1926,0.22570551893511023
Sub-Saharan Africa,Metal ores,buildings,1927,0.24013934459366434
Sub-Saharan Africa,Metal ores,buildings,1928,0.2516580063215253
Sub-Saharan Africa,Metal ores,buildings,1929,0.26460283022542386
Sub-Saharan Africa,Metal ores,buildings,1930,0.24712455571052608
Sub-Saharan Africa,Metal ores,buildings,1931,0.22198650144176713
Sub-Saharan Africa,Metal ores,buildings,1932,0.1992687425760795
Sub-Saharan Africa,Metal ores,buildings,1933,0.19670793410825194
Sub-Saharan Africa,Metal ores,buildings,1934,0.2303368190170476
Sub-Saharan Africa,Metal ores,buildings,1935,0.2541787467115749
Sub-Saharan Africa,Metal ores,buildings,1936,0.2941037889459182
Sub-Saharan Africa,Metal ores,buildings,1937,0.33240469827392727
Sub-Saharan Africa,Metal ores,buildings,1938,0.3215350043528927
Sub-Saharan Africa,Metal ores,buildings,1939,0.3325436760781746
Sub-Saharan Africa,Metal ores,buildings,1940,0.34054751442790965
Sub-Saharan Africa,Metal ores,buildings,1941,0.34263374921431733
Sub-Saharan Africa,Metal ores,buildings,1942,0.35105393071445645
Sub-Saharan Africa,Metal ores,buildings,1943,0.3879862574317542
Sub-Saharan Africa,Metal ores,buildings,1944,0.4041630326899488
Sub-Saharan Africa,Metal ores,buildings,1945,0.42630096186633926
Sub-Saharan Africa,Metal ores,buildings,1946,0.423061092606146
Sub-Saharan Africa,Metal ores,buildings,1947,0.4528259926404766
Sub-Saharan Africa,Metal ores,buildings,1948,0.48634378889208324
Sub-Saharan Africa,Metal ores,buildings,1949,0.5099006593400733
Sub-Saharan Africa,Metal ores,buildings,1950,0.5508028804469204
Sub-Saharan Africa,Metal ores,buildings,1951,0.6309753488951757
Sub-Saharan Africa,Metal ores,buildings,1952,0.7307039777546221
Sub-Saharan Africa,Metal ores,buildings,1953,0.7707878983142896
Sub-Saharan Africa,Metal ores,buildings,1954,0.8295155322337775
Sub-Saharan Africa,Metal ores,buildings,1955,0.904932414678302
Sub-Saharan Africa,Metal ores,buildings,1956,0.9401688658880035
Sub-Saharan Africa,Metal ores,buildings,1957,1.039060214656826
Sub-Saharan Africa,Metal ores,buildings,1958,1.0619171128139169
Sub-Saharan Africa,Metal ores,buildings,1959,1.1310318564246145
Sub-Saharan Africa,Metal ores,buildings,1960,1.2649464050678978
Sub-Saharan Africa,Metal ores,buildings,1961,1.4187214631501515
Sub-Saharan Africa,Metal ores,buildings,1962,1.4937328605700386
Sub-Saharan Africa,Metal ores,buildings,1963,1.7071600982028157
Sub-Saharan Africa,Metal ores,buildings,1964,2.0443865615019403
Sub-Saharan Africa,Metal ores,buildings,1965,2.42784676406472
Sub-Saharan Africa,Metal ores,buildings,1966,2.1324608000368777
Sub-Saharan Africa,Metal ores,buildings,1967,2.3411430252605814
Sub-Saharan Africa,Metal ores,buildings,1968,2.591366939853014
Sub-Saharan Africa,Metal ores,buildings,1969,2.762403785762198
Sub-Saharan Africa,Metal ores,buildings,1970,3.2384357473788383
Sub-Saharan Africa,Metal ores,buildings,1971,3.5897878759162123
Sub-Saharan Africa,Metal ores,buildings,1972,3.4354524480632334
Sub-Saharan Africa,Metal ores,buildings,1973,3.966041628313433
Sub-Saharan Africa,Metal ores,buildings,1974,4.209492977456775
Sub-Saharan Africa,Metal ores,buildings,1975,4.53919323491635
Sub-Saharan Africa,Metal ores,buildings,1976,4.882502051257943
Sub-Saharan Africa,Metal ores,buildings,1977,4.064064506904158
Sub-Saharan Africa,Metal ores,buildings,1978,3.9996353905849773
Sub-Saharan Africa,Metal ores,buildings,1979,3.9174466175474123
Sub-Saharan Africa,Metal ores,buildings,1980,4.603340058201016
Sub-Saharan Africa,Metal ores,buildings,1981,5.282980827561199
Sub-Saharan Africa,Metal ores,buildings,1982,3.5453563008354343
Sub-Saharan Africa,Metal ores,buildings,1983,3.516744692740469
Sub-Saharan Africa,Metal ores,buildings,1984,3.4186580320624502
Sub-Saharan Africa,Metal ores,buildings,1985,4.27506144168115
Sub-Saharan Africa,Metal ores,buildings,1986,3.4574220691727637
Sub-Saharan Africa,Metal ores,buildings,1987,4.269651711591234
Sub-Saharan Africa,Metal ores,buildings,1988,3.709083784410394
Sub-Saharan Africa,Metal ores,buildings,1989,3.7614300215408405
Sub-Saharan Africa,Metal ores,buildings,1990,4.798099149060161
Sub-Saharan Africa,Metal ores,buildings,1991,5.640536709340807
Sub-Saharan Africa,Metal ores,buildings,1992,4.56586527425534
Sub-Saharan Africa,Metal ores,buildings,1993,3.5565350104054194
Sub-Saharan Africa,Metal ores,buildings,1994,4.307801149491404
Sub-Saharan Africa,Metal ores,buildings,1995,2.6033161697714524
Sub-Saharan Africa,Metal ores,buildings,1996,2.2009353920279544
Sub-Saharan Africa,Metal ores,buildings,1997,2.411800962987766
Sub-Saharan Africa,Metal ores,buildings,1998,2.707008511501687
Sub-Saharan Africa,Metal ores,buildings,1999,2.1039692165134625
Sub-Saharan Africa,Metal ores,buildings,2000,2.15235788799376
Sub-Saharan Africa,Metal ores,buildings,2001,2.8186438729757195
Sub-Saharan Africa,Metal ores,buildings,2002,2.584544206351971
Sub-Saharan Africa,Metal ores,buildings,2003,2.6271386774133485
Sub-Saharan Africa,Metal ores,buildings,2004,3.0381423542719506
Sub-Saharan Africa,Metal ores,buildings,2005,3.809802168760909
Sub-Saharan Africa,Metal ores,buildings,2006,4.451079690674696
Sub-Saharan Africa,Metal ores,buildings,2007,4.436528692409276
Sub-Saharan Africa,Metal ores,buildings,2008,4.2498306055203425
Sub-Saharan Africa,Metal ores,buildings,2009,4.392172056629164
Sub-Saharan Africa,Metal ores,buildings,2010,4.665546484982609
Sub-Saharan Africa,Metal ores,buildings,2011,5.577937040734652
Sub-Saharan Africa,Metal ores,buildings,2012,5.189924003638404
Sub-Saharan Africa,Metal ores,buildings,2013,5.778097651856792
Sub-Saharan Africa,Metal ores,buildings,2014,6.9314952520201265
Sub-Saharan Africa,Metal ores,buildings,2015,5.351305704181145
Sub-Saharan Africa,Metal ores,buildings,2016,5.335219178933161
Sub-Saharan Africa,Metal ores,civil_infrastructure,1900,0.09386296324058796
Sub-Saharan Africa,Metal ores,civil_infrastructure,1901,0.09652936840617594
Sub-Saharan Africa,Metal ores,civil_infrastructure,1902,0.10188193279440767
Sub-Saharan Africa,Metal ores,civil_infrastructure,1903,0.10599776388927745
Sub-Saharan Africa,Metal ores,civil_infrastructure,1904,0.10890905005851421
Sub-Saharan Africa,Metal ores,civil_infrastructure,1905,0.11649643048056268
Sub-Saharan Africa,Metal ores,civil_infrastructure,1906,0.12271069856199236
Sub-Saharan Africa,Metal ores,civil_infrastructure,1907,0.12568048050428293
Sub-Saharan Africa,Metal ores,civil_infrastructure,1908,0.12330521173310982
Sub-Saharan Africa,Metal ores,civil_infrastructure,1909,0.12824682321669187
Sub-Saharan Africa,Metal ores,civil_infrastructure,1910,0.13684977521849426
Sub-Saharan Africa,Metal ores,civil_infrastructure,1911,0.1428990484217926
Sub-Saharan Africa,Metal ores,civil_infrastructure,1912,0.15323338108963494
Sub-Saharan Africa,Metal ores,civil_infrastructure,1913,0.16066315457577854
Sub-Saharan Africa,Metal ores,civil_infrastructure,1914,0.1417888130014453
Sub-Saharan Africa,Metal ores,civil_infrastructure,1915,0.12088977752903854
Sub-Saharan Africa,Metal ores,civil_infrastructure,1916,0.13722705619250516
Sub-Saharan Africa,Metal ores,civil_infrastructure,1917,0.13419378954346425
Sub-Saharan Africa,Metal ores,civil_infrastructure,1918,0.12396749286858234
Sub-Saharan Africa,Metal ores,civil_infrastructure,1919,0.1368052432980037
Sub-Saharan Africa,Metal ores,civil_infrastructure,1920,0.14915452258519535
Sub-Saharan Africa,Metal ores,civil_infrastructure,1921,0.12999661687642727
Sub-Saharan Africa,Metal ores,civil_infrastructure,1922,0.1496880488688554
Sub-Saharan Africa,Metal ores,civil_infrastructure,1923,0.15848794755257287
Sub-Saharan Africa,Metal ores,civil_infrastructure,1924,0.1726096741804105
Sub-Saharan Africa,Metal ores,civil_infrastructure,1925,0.1857700899798823
Sub-Saharan Africa,Metal ores,civil_infrastructure,1926,0.19217995858364187
Sub-Saharan Africa,Metal ores,civil_infrastructure,1927,0.20451837112116422
Sub-Saharan Africa,Metal ores,civil_infrastructure,1928,0.21435647389250786
Sub-Saharan Africa,Metal ores,civil_infrastructure,1929,0.22542959573248217
Sub-Saharan Africa,Metal ores,civil_infrastructure,1930,0.21037827309184265
Sub-Saharan Africa,Metal ores,civil_infrastructure,1931,0.18864795331721976
Sub-Saharan Africa,Metal ores,civil_infrastructure,1932,0.16882431995863384
Sub-Saharan Africa,Metal ores,civil_infrastructure,1933,0.16659181651760435
Sub-Saharan Africa,Metal ores,civil_infrastructure,1934,0.1901404051379273
Sub-Saharan Africa,Metal ores,civil_infrastructure,1935,0.20710244333965402
Sub-Saharan Africa,Metal ores,civil_infrastructure,1936,0.23427553381428262
Sub-Saharan Africa,Metal ores,civil_infrastructure,1937,0.2645339052989925
Sub-Saharan Africa,Metal ores,civil_infrastructure,1938,0.2540745535870481
Sub-Saharan Africa,Metal ores,civil_infrastructure,1939,0.2622418422498872
Sub-Saharan Africa,Metal ores,civil_infrastructure,1940,0.26965455018811757
Sub-Saharan Africa,Metal ores,civil_infrastructure,1941,0.27226455225091856
Sub-Saharan Africa,Metal ores,civil_infrastructure,1942,0.2791115900190177
Sub-Saharan Africa,Metal ores,civil_infrastructure,1943,0.3037243599027294
Sub-Saharan Africa,Metal ores,civil_infrastructure,1944,0.3150491079382484
Sub-Saharan Africa,Metal ores,civil_infrastructure,1945,0.3299059829462706
Sub-Saharan Africa,Metal ores,civil_infrastructure,1946,0.3288847048692033
Sub-Saharan Africa,Metal ores,civil_infrastructure,1947,0.34997585272875104
Sub-Saharan Africa,Metal ores,civil_infrastructure,1948,0.3727945203069506
Sub-Saharan Africa,Metal ores,civil_infrastructure,1949,0.38944208549429715
Sub-Saharan Africa,Metal ores,civil_infrastructure,1950,0.41706771741885285
Sub-Saharan Africa,Metal ores,civil_infrastructure,1951,0.473689790789262
Sub-Saharan Africa,Metal ores,civil_infrastructure,1952,0.540059609817034
Sub-Saharan Africa,Metal ores,civil_infrastructure,1953,0.5714570526024698
Sub-Saharan Africa,Metal ores,civil_infrastructure,1954,0.6146898841336859
Sub-Saharan Africa,Metal ores,civil_infrastructure,1955,0.672508619546684
Sub-Saharan Africa,Metal ores,civil_infrastructure,1956,0.7009277522589682
Sub-Saharan Africa,Metal ores,civil_infrastructure,1957,0.7734096371377646
Sub-Saharan Africa,Metal ores,civil_infrastructure,1958,0.7853011637676398
Sub-Saharan Africa,Metal ores,civil_infrastructure,1959,0.8395123934467297
Sub-Saharan Africa,Metal ores,civil_infrastructure,1960,0.9399853839517588
Sub-Saharan Africa,Metal ores,civil_infrastructure,1961,1.048747611935596
Sub-Saharan Africa,Metal ores,civil_infrastructure,1962,1.1046763240537687
Sub-Saharan Africa,Metal ores,civil_infrastructure,1963,1.2590730865074082
Sub-Saharan Africa,Metal ores,civil_infrastructure,1964,1.5034573608585617
Sub-Saharan Africa,Metal ores,civil_infrastructure,1965,1.7614093467265164
Sub-Saharan Africa,Metal ores,civil_infrastructure,1966,1.5375365793434193
Sub-Saharan Africa,Metal ores,civil_infrastructure,1967,1.6865145849714154
Sub-Saharan Africa,Metal ores,civil_infrastructure,1968,1.8738618588337943
Sub-Saharan Africa,Metal ores,civil_infrastructure,1969,1.9920182605304058
Sub-Saharan Africa,Metal ores,civil_infrastructure,1970,2.3374096608280657
Sub-Saharan Africa,Metal ores,civil_infrastructure,1971,2.599388771043456
Sub-Saharan Africa,Metal ores,civil_infrastructure,1972,2.4664500264665383
Sub-Saharan Africa,Metal ores,civil_infrastructure,1973,2.872086504719191
Sub-Saharan Africa,Metal ores,civil_infrastructure,1974,3.0398628155847986
Sub-Saharan Africa,Metal ores,civil_infrastructure,1975,3.2279256861441636
Sub-Saharan Africa,Metal ores,civil_infrastructure,1976,3.5358472051288232
Sub-Saharan Africa,Metal ores,civil_infrastructure,1977,2.911486513474324
Sub-Saharan Africa,Metal ores,civil_infrastructure,1978,2.796344185624292
Sub-Saharan Africa,Metal ores,civil_infrastructure,1979,2.789559652161147
Sub-Saharan Africa,Metal ores,civil_infrastructure,1980,3.2764667932489413
Sub-Saharan Africa,Metal ores,civil_infrastructure,1981,3.661234354015117
Sub-Saharan Africa,Metal ores,civil_infrastructure,1982,2.5218957836293967
Sub-Saharan Africa,Metal ores,civil_infrastructure,1983,2.4305645869741332
Sub-Saharan Africa,Metal ores,civil_infrastructure,1984,2.4243220643466747
Sub-Saharan Africa,Metal ores,civil_infrastructure,1985,2.9842697261616427
Sub-Saharan Africa,Metal ores,civil_infrastructure,1986,2.3673217715136996
Sub-Saharan Africa,Metal ores,civil_infrastructure,1987,2.9083282900280722
Sub-Saharan Africa,Metal ores,civil_infrastructure,1988,2.578318629172234
Sub-Saharan Africa,Metal ores,civil_infrastructure,1989,2.5513683237251397
Sub-Saharan Africa,Metal ores,civil_infrastructure,1990,1.7059063311705112
Sub-Saharan Africa,Metal ores,civil_infrastructure,1991,2.210627155860517
Sub-Saharan Africa,Metal ores,civil_infrastructure,1992,2.1779728588445444
Sub-Saharan Africa,Metal ores,civil_infrastructure,1993,2.708279954457357
Sub-Saharan Africa,Metal ores,civil_infrastructure,1994,2.1316148846545775
Sub-Saharan Africa,Metal ores,civil_infrastructure,1995,4.221733347978969
Sub-Saharan Africa,Metal ores,civil_infrastructure,1996,4.044892000024732
Sub-Saharan Africa,Metal ores,civil_infrastructure,1997,4.677844539093138
Sub-Saharan Africa,Metal ores,civil_infrastructure,1998,4.124041752786527
Sub-Saharan Africa,Metal ores,civil_infrastructure,1999,3.990545548331711
Sub-Saharan Africa,Metal ores,civil_infrastructure,2000,4.177249632582074
Sub-Saharan Africa,Metal ores,civil_infrastructure,2001,4.691032827720843
Sub-Saharan Africa,Metal ores,civil_infrastructure,2002,5.474414990428032
Sub-Saharan Africa,Metal ores,civil_infrastructure,2003,5.769877184904406
Sub-Saharan Africa,Metal ores,civil_infrastructure,2004,5.58308277043182
Sub-Saharan Africa,Metal ores,civil_infrastructure,2005,5.537426815621706
Sub-Saharan Africa,Metal ores,civil_infrastructure,2006,7.684516111745706
Sub-Saharan Africa,Metal ores,civil_infrastructure,2007,7.6034413255826765
Sub-Saharan Africa,Metal ores,civil_infrastructure,2008,7.937572716876169
Sub-Saharan Africa,Metal ores,civil_infrastructure,2009,10.36306051174104
Sub-Saharan Africa,Metal ores,civil_infrastructure,2010,12.501427808381933
Sub-Saharan Africa,Metal ores,civil_infrastructure,2011,14.475412191557313
Sub-Saharan Africa,Metal ores,civil_infrastructure,2012,13.855804770396514
Sub-Saharan Africa,Metal ores,civil_infrastructure,2013,14.640655975224036
Sub-Saharan Africa,Metal ores,civil_infrastructure,2014,13.052485367631014
Sub-Saharan Africa,Metal ores,civil_infrastructure,2015,13.956814689090773
Sub-Saharan Africa,Metal ores,civil_infrastructure,2016,11.117399836007477
Sub-Saharan Africa,Metal ores,machinery,1900,0.13133029309428595
Sub-Saharan Africa,Metal ores,machinery,1901,0.1351327304795497
Sub-Saharan Africa,Metal ores,machinery,1902,0.13862210968326086
Sub-Saharan Africa,Metal ores,machinery,1903,0.14546169470069054
Sub-Saharan Africa,Metal ores,machinery,1904,0.14940701464551148
Sub-Saharan Africa,Metal ores,machinery,1905,0.15988194837347516
Sub-Saharan Africa,Metal ores,machinery,1906,0.16866174615000049
Sub-Saharan Africa,Metal ores,machinery,1907,0.17258362718753295
Sub-Saharan Africa,Metal ores,machinery,1908,0.16819949619806507
Sub-Saharan Africa,Metal ores,machinery,1909,0.175047414268593
Sub-Saharan Africa,Metal ores,machinery,1910,0.18674090616662042
Sub-Saharan Africa,Metal ores,machinery,1911,0.19500029998395252
Sub-Saharan Africa,Metal ores,machinery,1912,0.2090874781284583
Sub-Saharan Africa,Metal ores,machinery,1913,0.2209894873128819
Sub-Saharan Africa,Metal ores,machinery,1914,0.19593331149212753
Sub-Saharan Africa,Metal ores,machinery,1915,0.16907890821269134
Sub-Saharan Africa,Metal ores,machinery,1916,0.19053568968714693
Sub-Saharan Africa,Metal ores,machinery,1917,0.18638279566375865
Sub-Saharan Africa,Metal ores,machinery,1918,0.17230920050372858
Sub-Saharan Africa,Metal ores,machinery,1919,0.18967081463533672
Sub-Saharan Africa,Metal ores,machinery,1920,0.20630970435355678
Sub-Saharan Africa,Metal ores,machinery,1921,0.19302648919149765
Sub-Saharan Africa,Metal ores,machinery,1922,0.2236947148224021
Sub-Saharan Africa,Metal ores,machinery,1923,0.23121602996674154
Sub-Saharan Africa,Metal ores,machinery,1924,0.2513822794922171
Sub-Saharan Africa,Metal ores,machinery,1925,0.2679304349395503
Sub-Saharan Africa,Metal ores,machinery,1926,0.2794944460769109
Sub-Saharan Africa,Metal ores,machinery,1927,0.30069085071465024
Sub-Saharan Africa,Metal ores,machinery,1928,0.31693193046055507
Sub-Saharan Africa,Metal ores,machinery,1929,0.3389959611698045
Sub-Saharan Africa,Metal ores,machinery,1930,0.3212705946702537
Sub-Saharan Africa,Metal ores,machinery,1931,0.2951170646221377
Sub-Saharan Africa,Metal ores,machinery,1932,0.2713532109365267
Sub-Saharan Africa,Metal ores,machinery,1933,0.2698468469213568
Sub-Saharan Africa,Metal ores,machinery,1934,0.3039646478429204
Sub-Saharan Africa,Metal ores,machinery,1935,0.3264250905911944
Sub-Saharan Africa,Metal ores,machinery,1936,0.3771841250666021
Sub-Saharan Africa,Metal ores,machinery,1937,0.4740130706577193
Sub-Saharan Africa,Metal ores,machinery,1938,0.45545867916162447
Sub-Saharan Africa,Metal ores,machinery,1939,0.45505285284298774
Sub-Saharan Africa,Metal ores,machinery,1940,0.4987871709016397
Sub-Saharan Africa,Metal ores,machinery,1941,0.49198455111528744
Sub-Saharan Africa,Metal ores,machinery,1942,0.5156935597997696
Sub-Saharan Africa,Metal ores,machinery,1943,0.5388223065408835
Sub-Saharan Africa,Metal ores,machinery,1944,0.5331111151018587
Sub-Saharan Africa,Metal ores,machinery,1945,0.533913724629563
Sub-Saharan Africa,Metal ores,machinery,1946,0.5329105166426029
Sub-Saharan Africa,Metal ores,machinery,1947,0.5659934947200179
Sub-Saharan Africa,Metal ores,machinery,1948,0.6145037437192297
Sub-Saharan Africa,Metal ores,machinery,1949,0.6763388133257451
Sub-Saharan Africa,Metal ores,machinery,1950,0.7307545563986878
Sub-Saharan Africa,Metal ores,machinery,1951,0.8195999127360195
Sub-Saharan Africa,Metal ores,machinery,1952,0.926268693909165
Sub-Saharan Africa,Metal ores,machinery,1953,0.9818492537792043
Sub-Saharan Africa,Metal ores,machinery,1954,1.0591965927984042
Sub-Saharan Africa,Metal ores,machinery,1955,1.1395252099020692
Sub-Saharan Africa,Metal ores,machinery,1956,1.1911009296947048
Sub-Saharan Africa,Metal ores,machinery,1957,1.307085210029848
Sub-Saharan Africa,Metal ores,machinery,1958,1.3272659437719956
Sub-Saharan Africa,Metal ores,machinery,1959,1.3803335672834856
Sub-Saharan Africa,Metal ores,machinery,1960,1.5425849561944691
Sub-Saharan Africa,Metal ores,machinery,1961,1.710410734909822
Sub-Saharan Africa,Metal ores,machinery,1962,1.8024814316901456
Sub-Saharan Africa,Metal ores,machinery,1963,2.133923642336573
Sub-Saharan Africa,Metal ores,machinery,1964,2.5853201370194125
Sub-Saharan Africa,Metal ores,machinery,1965,2.86153696698409
Sub-Saharan Africa,Metal ores,machinery,1966,2.5925234357140168
Sub-Saharan Africa,Metal ores,machinery,1967,2.805151454140624
Sub-Saharan Africa,Metal ores,machinery,1968,3.160413714468839
Sub-Saharan Africa,Metal ores,machinery,1969,3.3401294123898966
Sub-Saharan Africa,Metal ores,machinery,1970,3.7392796578300205
Sub-Saharan Africa,Metal ores,machinery,1971,4.086011949793328
Sub-Saharan Africa,Metal ores,machinery,1972,3.903453886340098
Sub-Saharan Africa,Metal ores,machinery,1973,4.47155707351052
Sub-Saharan Africa,Metal ores,machinery,1974,4.669994922051914
Sub-Saharan Africa,Metal ores,machinery,1975,4.99611717428919
Sub-Saharan Africa,Metal ores,machinery,1976,5.4229707740206585
Sub-Saharan Africa,Metal ores,machinery,1977,4.537631014064628
Sub-Saharan Africa,Metal ores,machinery,1978,4.403772434062814
Sub-Saharan Africa,Metal ores,machinery,1979,4.350922758796352
Sub-Saharan Africa,Metal ores,machinery,1980,5.095842766140252
Sub-Saharan Africa,Metal ores,machinery,1981,5.743300960995384
Sub-Saharan Africa,Metal ores,machinery,1982,4.071711290198959
Sub-Saharan Africa,Metal ores,machinery,1983,3.926838063875872
Sub-Saharan Africa,Metal ores,machinery,1984,3.862352626046103
Sub-Saharan Africa,Metal ores,machinery,1985,4.755149682467185
Sub-Saharan Africa,Metal ores,machinery,1986,3.86996960049879
Sub-Saharan Africa,Metal ores,machinery,1987,4.675278718134274
Sub-Saharan Africa,Metal ores,machinery,1988,4.178200469938407
Sub-Saharan Africa,Metal ores,machinery,1989,4.264789918260537
Sub-Saharan Africa,Metal ores,machinery,1990,4.384315128876793
Sub-Saharan Africa,Metal ores,machinery,1991,5.227702205809454
Sub-Saharan Africa,Metal ores,machinery,1992,4.5145060854983035
Sub-Saharan Africa,Metal ores,machinery,1993,4.034761030242556
Sub-Saharan Africa,Metal ores,machinery,1994,4.253930987327976
Sub-Saharan Africa,Metal ores,machinery,1995,4.329263644435516
Sub-Saharan Africa,Metal ores,machinery,1996,3.8648095098322006
Sub-Saharan Africa,Metal ores,machinery,1997,4.415244891169946
Sub-Saharan Africa,Metal ores,machinery,1998,4.390020086952531
Sub-Saharan Africa,Metal ores,machinery,1999,3.9486105867971673
Sub-Saharan Africa,Metal ores,machinery,2000,3.962092457562826
Sub-Saharan Africa,Metal ores,machinery,2001,4.8778077292957605
Sub-Saharan Africa,Metal ores,machinery,2002,5.027532560828376
Sub-Saharan Africa,Metal ores,machinery,2003,5.407282181105014
Sub-Saharan Africa,Metal ores,machinery,2004,5.532790060590464
Sub-Saharan Africa,Metal ores,machinery,2005,6.198949092920166
Sub-Saharan Africa,Metal ores,machinery,2006,7.69280958219073
Sub-Saharan Africa,Metal ores,machinery,2007,7.7598416628490625
Sub-Saharan Africa,Metal ores,machinery,2008,7.82465314934688
Sub-Saharan Africa,Metal ores,machinery,2009,9.161703769886449
Sub-Saharan Africa,Metal ores,machinery,2010,11.257387024393344
Sub-Saharan Africa,Metal ores,machinery,2011,13.614048599337288
Sub-Saharan Africa,Metal ores,machinery,2012,12.690637185867617
Sub-Saharan Africa,Metal ores,machinery,2013,14.17856173581233
Sub-Saharan Africa,Metal ores,machinery,2014,14.15910215257502
Sub-Saharan Africa,Metal ores,machinery,2015,13.510881646714093
Sub-Saharan Africa,Metal ores,machinery,2016,10.67130844567679
Sub-Saharan Africa,Metal ores,short_lived,1900,0.04264282219293387
Sub-Saharan Africa,Metal ores,short_lived,1901,0.043855470045307196
Sub-Saharan Africa,Metal ores,short_lived,1902,0.04494311492213082
Sub-Saharan Africa,Metal ores,short_lived,1903,0.04716806313558261
Sub-Saharan Africa,Metal ores,short_lived,1904,0.04844139674424394
Sub-Saharan Africa,Metal ores,short_lived,1905,0.05183482754681127
Sub-Saharan Africa,Metal ores,short_lived,1906,0.054680018874640704
Sub-Saharan Africa,Metal ores,short_lived,1907,0.05594554359483021
Sub-Saharan Africa,Metal ores,short_lived,1908,0.05450755956236374
Sub-Saharan Africa,Metal ores,short_lived,1909,0.05672655631467592
Sub-Saharan Africa,Metal ores,short_lived,1910,0.06051532723758023
Sub-Saharan Africa,Metal ores,short_lived,1911,0.06319070141938876
Sub-Saharan Africa,Metal ores,short_lived,1912,0.06775841839452314
Sub-Saharan Africa,Metal ores,short_lived,1913,0.073781722036276
Sub-Saharan Africa,Metal ores,short_lived,1914,0.0664498494118759
Sub-Saharan Africa,Metal ores,short_lived,1915,0.05875102767145591
Sub-Saharan Africa,Metal ores,short_lived,1916,0.06634861739169358
Sub-Saharan Africa,Metal ores,short_lived,1917,0.06529654142566972
Sub-Saharan Africa,Metal ores,short_lived,1918,0.06074934014840951
Sub-Saharan Africa,Metal ores,short_lived,1919,0.06626684341104208
Sub-Saharan Africa,Metal ores,short_lived,1920,0.07155123906331869
Sub-Saharan Africa,Metal ores,short_lived,1921,0.06599502522982945
Sub-Saharan Africa,Metal ores,short_lived,1922,0.07672805778895674
Sub-Saharan Africa,Metal ores,short_lived,1923,0.08063267204747968
Sub-Saharan Africa,Metal ores,short_lived,1924,0.08933683216629737
Sub-Saharan Africa,Metal ores,short_lived,1925,0.09461289063974039
Sub-Saharan Africa,Metal ores,short_lived,1926,0.09921751751760617
Sub-Saharan Africa,Metal ores,short_lived,1927,0.10642694492602492
Sub-Saharan Africa,Metal ores,short_lived,1928,0.1120784738694357
Sub-Saharan Africa,Metal ores,short_lived,1929,0.12493060224009807
Sub-Saharan Africa,Metal ores,short_lived,1930,0.11995306998552828
Sub-Saharan Africa,Metal ores,short_lived,1931,0.11273791976999577
Sub-Saharan Africa,Metal ores,short_lived,1932,0.10598389561065458
Sub-Saharan Africa,Metal ores,short_lived,1933,0.10407672452228738
Sub-Saharan Africa,Metal ores,short_lived,1934,0.1118963096171989
Sub-Saharan Africa,Metal ores,short_lived,1935,0.11636234702668109
Sub-Saharan Africa,Metal ores,short_lived,1936,0.12998619410669965
Sub-Saharan Africa,Metal ores,short_lived,1937,0.1683675326695148
Sub-Saharan Africa,Metal ores,short_lived,1938,0.15518482658149454
Sub-Saharan Africa,Metal ores,short_lived,1939,0.15380917875091946
Sub-Saharan Africa,Metal ores,short_lived,1940,0.16872097033258715
Sub-Saharan Africa,Metal ores,short_lived,1941,0.1765725488343607
Sub-Saharan Africa,Metal ores,short_lived,1942,0.18367710523511088
Sub-Saharan Africa,Metal ores,short_lived,1943,0.18725970721371393
Sub-Saharan Africa,Metal ores,short_lived,1944,0.19355193887955524
Sub-Saharan Africa,Metal ores,short_lived,1945,0.1943716901865336
Sub-Saharan Africa,Metal ores,short_lived,1946,0.1866589175495129
Sub-Saharan Africa,Metal ores,short_lived,1947,0.1974845707726914
Sub-Saharan Africa,Metal ores,short_lived,1948,0.2130608447748411
Sub-Saharan Africa,Metal ores,short_lived,1949,0.22351148925587289
Sub-Saharan Africa,Metal ores,short_lived,1950,0.2418672316929909
Sub-Saharan Africa,Metal ores,short_lived,1951,0.27099599708600447
Sub-Saharan Africa,Metal ores,short_lived,1952,0.3051116713495306
Sub-Saharan Africa,Metal ores,short_lived,1953,0.3261650384843704
Sub-Saharan Africa,Metal ores,short_lived,1954,0.3515360889232514
Sub-Saharan Africa,Metal ores,short_lived,1955,0.3782754749303756
Sub-Saharan Africa,Metal ores,short_lived,1956,0.39448433255262677
Sub-Saharan Africa,Metal ores,short_lived,1957,0.4366421485359496
Sub-Saharan Africa,Metal ores,short_lived,1958,0.44547945867998134
Sub-Saharan Africa,Metal ores,short_lived,1959,0.4678686692820756
Sub-Saharan Africa,Metal ores,short_lived,1960,0.5222766161934747
Sub-Saharan Africa,Metal ores,short_lived,1961,0.5725123121246679
Sub-Saharan Africa,Metal ores,short_lived,1962,0.593065174392472
Sub-Saharan Africa,Metal ores,short_lived,1963,0.749275088671175
Sub-Saharan Africa,Metal ores,short_lived,1964,0.9681918592268597
Sub-Saharan Africa,Metal ores,short_lived,1965,0.9444542308263552
Sub-Saharan Africa,Metal ores,short_lived,1966,0.8649855918029212
Sub-Saharan Africa,Metal ores,short_lived,1967,0.9256576743875634
Sub-Saharan Africa,Metal ores,short_lived,1968,1.012405449551102
Sub-Saharan Africa,Metal ores,short_lived,1969,1.0693339891450622
Sub-Saharan Africa,Metal ores,short_lived,1970,1.1965877167609489
Sub-Saharan Africa,Metal ores,short_lived,1971,1.3156008994524384
Sub-Saharan Africa,Metal ores,short_lived,1972,1.2738013178125978
Sub-Saharan Africa,Metal ores,short_lived,1973,1.4521594786008365
Sub-Saharan Africa,Metal ores,short_lived,1974,1.540191397162775
Sub-Saharan Africa,Metal ores,short_lived,1975,1.6496854406813493
Sub-Saharan Africa,Metal ores,short_lived,1976,1.7889150342372924
Sub-Saharan Africa,Metal ores,short_lived,1977,1.5191841842351512
Sub-Saharan Africa,Metal ores,short_lived,1978,1.4723561343852702
Sub-Saharan Africa,Metal ores,short_lived,1979,1.4367375104260809
Sub-Saharan Africa,Metal ores,short_lived,1980,1.694493242748407
Sub-Saharan Africa,Metal ores,short_lived,1981,1.9142890415871405
Sub-Saharan Africa,Metal ores,short_lived,1982,1.3700931806830332
Sub-Saharan Africa,Metal ores,short_lived,1983,1.30540976317778
Sub-Saharan Africa,Metal ores,short_lived,1984,1.2758989967275434
Sub-Saharan Africa,Metal ores,short_lived,1985,1.5570843253476516
Sub-Saharan Africa,Metal ores,short_lived,1986,1.2724710430641357
Sub-Saharan Africa,Metal ores,short_lived,1987,1.5299005536411308
Sub-Saharan Africa,Metal ores,short_lived,1988,1.3787232187746683
Sub-Saharan Africa,Metal ores,short_lived,1989,1.4110337705714737
Sub-Saharan Africa,Metal ores,short_lived,1990,1.3919777882254065
Sub-Saharan Africa,Metal ores,short_lived,1991,1.6793717469091385
Sub-Saharan Africa,Metal ores,short_lived,1992,1.4710466444784962
Sub-Saharan Africa,Metal ores,short_lived,1993,1.5541938217759412
Sub-Saharan Africa,Metal ores,short_lived,1994,1.4686095224680866
Sub-Saharan Africa,Metal ores,short_lived,1995,1.4141185572455237
Sub-Saharan Africa,Metal ores,short_lived,1996,1.322464291332644
Sub-Saharan Africa,Metal ores,short_lived,1997,1.449653197923235
Sub-Saharan Africa,Metal ores,short_lived,1998,1.4474897096965582
Sub-Saharan Africa,Metal ores,short_lived,1999,1.2805500658239197
Sub-Saharan Africa,Metal ores,short_lived,2000,1.2970915295108103
Sub-Saharan Africa,Metal ores,short_lived,2001,1.5541271571522215
Sub-Saharan Africa,Metal ores,short_lived,2002,1.6334897834280404
Sub-Saharan Africa,Metal ores,short_lived,2003,1.7527818847025183
Sub-Saharan Africa,Metal ores,short_lived,2004,1.840259992582124
Sub-Saharan Africa,Metal ores,short_lived,2005,2.0109693312038632
Sub-Saharan Africa,Metal ores,short_lived,2006,2.5061700885969596
Sub-Saharan Africa,Metal ores,short_lived,2007,2.554982811599476
Sub-Saharan Africa,Metal ores,short_lived,2008,2.6069438434529895
Sub-Saharan Africa,Metal ores,short_lived,2009,3.2130547507066507
Sub-Saharan Africa,Metal ores,short_lived,2010,4.888408858422182
Sub-Saharan Africa,Metal ores,short_lived,2011,5.957270463442264
Sub-Saharan Africa,Metal ores,short_lived,2012,5.462965774592358
Sub-Saharan Africa,Metal ores,short_lived,2013,6.24853442142654
Sub-Saharan Africa,Metal ores,short_lived,2014,6.198247789810404
Sub-Saharan Africa,Metal ores,short_lived,2015,5.967997715417008
Sub-Saharan Africa,Metal ores,short_lived,2016,3.875866221164903
Sub-Saharan Africa,Non-metallic minerals,buildings,1900,7.419265943437478
Sub-Saharan Africa,Non-metallic minerals,buildings,1901,7.533808736709525
Sub-Saharan Africa,Non-metallic minerals,buildings,1902,7.697014099299974
Sub-Saharan Africa,Non-metallic minerals,buildings,1903,7.893635071332867
Sub-Saharan Africa,Non-metallic minerals,buildings,1904,7.994491350352225
Sub-Saharan Africa,Non-metallic minerals,buildings,1905,8.16070571730936
Sub-Saharan Africa,Non-metallic minerals,buildings,1906,8.320164749254769
Sub-Saharan Africa,Non-metallic minerals,buildings,1907,8.412726261373846
Sub-Saharan Africa,Non-metallic minerals,buildings,1908,8.374675908242754
Sub-Saharan Africa,Non-metallic minerals,buildings,1909,8.513008823992314
Sub-Saharan Africa,Non-metallic minerals,buildings,1910,8.575370602498307
Sub-Saharan Africa,Non-metallic minerals,buildings,1911,8.708855760077697
Sub-Saharan Africa,Non-metallic minerals,buildings,1912,8.886960748670175
Sub-Saharan Africa,Non-metallic minerals,buildings,1913,9.040016019629569
Sub-Saharan Africa,Non-metallic minerals,buildings,1914,9.15778683250724
Sub-Saharan Africa,Non-metallic minerals,buildings,1915,9.278186028358753
Sub-Saharan Africa,Non-metallic minerals,buildings,1916,9.405921303270706
Sub-Saharan Africa,Non-metallic minerals,buildings,1917,9.524031297126633
Sub-Saharan Africa,Non-metallic minerals,buildings,1918,9.642397066222856
Sub-Saharan Africa,Non-metallic minerals,buildings,1919,9.775984567496904
Sub-Saharan Africa,Non-metallic minerals,buildings,1920,9.931166816528776
Sub-Saharan Africa,Non-metallic minerals,buildings,1921,9.763304126277975
Sub-Saharan Africa,Non-metallic minerals,buildings,1922,10.098247431203585
Sub-Saharan Africa,Non-metallic minerals,buildings,1923,10.399462472561995
Sub-Saharan Africa,Non-metallic minerals,buildings,1924,10.872645147237057
Sub-Saharan Africa,Non-metallic minerals,buildings,1925,11.198785175914297
Sub-Saharan Africa,Non-metallic minerals,buildings,1926,11.720957414594466
Sub-Saharan Africa,Non-metallic minerals,buildings,1927,12.52759992015807
Sub-Saharan Africa,Non-metallic minerals,buildings,1928,13.197798475765081
Sub-Saharan Africa,Non-metallic minerals,buildings,1929,13.927837988633186
Sub-Saharan Africa,Non-metallic minerals,buildings,1930,13.987830268870772
Sub-Saharan Africa,Non-metallic minerals,buildings,1931,13.223453080307829
Sub-Saharan Africa,Non-metallic minerals,buildings,1932,12.358309058283838
Sub-Saharan Africa,Non-metallic minerals,buildings,1933,12.543038848642949
Sub-Saharan Africa,Non-metallic minerals,buildings,1934,13.222569717947193
Sub-Saharan Africa,Non-metallic minerals,buildings,1935,14.676241267208514
Sub-Saharan Africa,Non-metallic minerals,buildings,1936,15.690996050649966
Sub-Saharan Africa,Non-metallic minerals,buildings,1937,16.85510773728627
Sub-Saharan Africa,Non-metallic minerals,buildings,1938,16.717199581091396
Sub-Saharan Africa,Non-metallic minerals,buildings,1939,17.074641482703896
Sub-Saharan Africa,Non-metallic minerals,buildings,1940,17.415139924649818
Sub-Saharan Africa,Non-metallic minerals,buildings,1941,17.614273804161606
Sub-Saharan Africa,Non-metallic minerals,buildings,1942,17.81655403628335
Sub-Saharan Africa,Non-metallic minerals,buildings,1943,18.01511959720307
Sub-Saharan Africa,Non-metallic minerals,buildings,1944,18.21773428025902
Sub-Saharan Africa,Non-metallic minerals,buildings,1945,18.417662707521327
Sub-Saharan Africa,Non-metallic minerals,buildings,1946,18.63076466984249
Sub-Saharan Africa,Non-metallic minerals,buildings,1947,18.972720341668875
Sub-Saharan Africa,Non-metallic minerals,buildings,1948,21.612212242305002
Sub-Saharan Africa,Non-metallic minerals,buildings,1949,23.405869952846277
Sub-Saharan Africa,Non-metallic minerals,buildings,1950,25.869089722630164
Sub-Saharan Africa,Non-metallic minerals,buildings,1951,29.32372800751474
Sub-Saharan Africa,Non-metallic minerals,buildings,1952,30.15815185901399
Sub-Saharan Africa,Non-metallic minerals,buildings,1953,31.346990318014832
Sub-Saharan Africa,Non-metallic minerals,buildings,1954,33.92574594829747
Sub-Saharan Africa,Non-metallic minerals,buildings,1955,36.620936818281706
Sub-Saharan Africa,Non-metallic minerals,buildings,1956,38.07271332824349
Sub-Saharan Africa,Non-metallic minerals,buildings,1957,39.05876824196193
Sub-Saharan Africa,Non-metallic minerals,buildings,1958,39.95015063503968
Sub-Saharan Africa,Non-metallic minerals,buildings,1959,39.99662543844114
Sub-Saharan Africa,Non-metallic minerals,buildings,1960,40.42942856987451
Sub-Saharan Africa,Non-metallic minerals,buildings,1961,40.02767090875601
Sub-Saharan Africa,Non-metallic minerals,buildings,1962,41.7279002238945
Sub-Saharan Africa,Non-metallic minerals,buildings,1963,43.867932054008115
Sub-Saharan Africa,Non-metallic minerals,buildings,1964,48.39404172479025
Sub-Saharan Africa,Non-metallic minerals,buildings,1965,52.756715265530794
Sub-Saharan Africa,Non-metallic minerals,buildings,1966,55.07306287791664
Sub-Saharan Africa,Non-metallic minerals,buildings,1967,55.462540881509746
Sub-Saharan Africa,Non-metallic minerals,buildings,1968,59.45501277849152
Sub-Saharan Africa,Non-metallic minerals,buildings,1969,64.57437262239183
Sub-Saharan Africa,Non-metallic minerals,buildings,1970,73.30604143705634
Sub-Saharan Africa,Non-metallic minerals,buildings,1971,81.45507368509239
Sub-Saharan Africa,Non-metallic minerals,buildings,1972,84.98279134178858
Sub-Saharan Africa,Non-metallic minerals,buildings,1973,90.28637290639305
Sub-Saharan Africa,Non-metallic minerals,buildings,1974,95.19518691933943
Sub-Saharan Africa,Non-metallic minerals,buildings,1975,98.115128547285
Sub-Saharan Africa,Non-metallic minerals,buildings,1976,97.38822425152881
Sub-Saharan Africa,Non-metallic minerals,buildings,1977,107.88488958989191
Sub-Saharan Africa,Non-metallic minerals,buildings,1978,107.67100365606173
Sub-Saharan Africa,Non-metallic minerals,buildings,1979,109.48686220359959
Sub-Saharan Africa,Non-metallic minerals,buildings,1980,116.37353849187787
Sub-Saharan Africa,Non-metallic minerals,buildings,1981,125.38235468819842
Sub-Saharan Africa,Non-metallic minerals,buildings,1982,123.53397282798757
Sub-Saharan Africa,Non-metallic minerals,buildings,1983,116.23260011199898
Sub-Saharan Africa,Non-metallic minerals,buildings,1984,107.33253113205463
Sub-Saharan Africa,Non-metallic minerals,buildings,1985,106.91258107523188
Sub-Saharan Africa,Non-metallic minerals,buildings,1986,110.89795864414639
Sub-Saharan Africa,Non-metallic minerals,buildings,1987,118.87006364414462
Sub-Saharan Africa,Non-metallic minerals,buildings,1988,125.09713694497084
Sub-Saharan Africa,Non-metallic minerals,buildings,1989,123.76207997213847
Sub-Saharan Africa,Non-metallic minerals,buildings,1990,123.948523412419
Sub-Saharan Africa,Non-metallic minerals,buildings,1991,210.7956242608368
Sub-Saharan Africa,Non-metallic minerals,buildings,1992,210.32072617682294
Sub-Saharan Africa,Non-metallic minerals,buildings,1993,212.5872866073648
Sub-Saharan Africa,Non-metallic minerals,buildings,1994,214.31083903809133
Sub-Saharan Africa,Non-metallic minerals,buildings,1995,232.84824053124143
Sub-Saharan Africa,Non-metallic minerals,buildings,1996,250.18487957010666
Sub-Saharan Africa,Non-metallic minerals,buildings,1997,256.74100681293794
Sub-Saharan Africa,Non-metallic minerals,buildings,1998,267.8686226234305
Sub-Saharan Africa,Non-metallic minerals,buildings,1999,271.7979020544039
Sub-Saharan Africa,Non-metallic minerals,buildings,2000,281.66168634359383
Sub-Saharan Africa,Non-metallic minerals,buildings,2001,291.38094011766213
Sub-Saharan Africa,Non-metallic minerals,buildings,2002,302.2109059324579
Sub-Saharan Africa,Non-metallic minerals,buildings,2003,321.3114926768442
Sub-Saharan Africa,Non-metallic minerals,buildings,2004,355.9931659832238
Sub-Saharan Africa,Non-metallic minerals,buildings,2005,381.29960717754227
Sub-Saharan Africa,Non-metallic minerals,buildings,2006,396.18328720345966
Sub-Saharan Africa,Non-metallic minerals,buildings,2007,426.7797010905216
Sub-Saharan Africa,Non-metallic minerals,buildings,2008,462.1415887789719
Sub-Saharan Africa,Non-metallic minerals,buildings,2009,471.77850284408714
Sub-Saharan Africa,Non-metallic minerals,buildings,2010,488.4422494072996
Sub-Saharan Africa,Non-metallic minerals,buildings,2011,521.2538859354057
Sub-Saharan Africa,Non-metallic minerals,buildings,2012,569.5763306815262
Sub-Saharan Africa,Non-metallic minerals,buildings,2013,626.3152032760662
Sub-Saharan Africa,Non-metallic minerals,buildings,2014,689.5510261306339
Sub-Saharan Africa,Non-metallic minerals,buildings,2015,740.6174422240106
Sub-Saharan Africa,Non-metallic minerals,buildings,2016,785.2938914575534
Sub-Saharan Africa,Non-metallic minerals,civil_infrastructure,1900,1.952853470715749
Sub-Saharan Africa,Non-metallic minerals,civil_infrastructure,1901,2.086751942137918
Sub-Saharan Africa,Non-metallic minerals,civil_infrastructure,1902,2.417078878678557
Sub-Saharan Africa,Non-metallic minerals,civil_infrastructure,1903,3.0622870850944857
Sub-Saharan Africa,Non-metallic minerals,civil_infrastructure,1904,3.113509244767317
Sub-Saharan Africa,Non-metallic minerals,civil_infrastructure,1905,3.353062058090549
Sub-Saharan Africa,Non-metallic minerals,civil_infrastructure,1906,3.6352463849465386
Sub-Saharan Africa,Non-metallic minerals,civil_infrastructure,1907,3.6397529294513786
Sub-Saharan Africa,Non-metallic minerals,civil_infrastructure,1908,3.0522955548497657
Sub-Saharan Africa,Non-metallic minerals,civil_infrastructure,1909,3.2190854856640994
Sub-Saharan Africa,Non-metallic minerals,civil_infrastructure,1910,2.733751244559615
Sub-Saharan Africa,Non-metallic minerals,civil_infrastructure,1911,2.793527138933667
Sub-Saharan Africa,Non-metallic minerals,civil_infrastructure,1912,2.875417765499014
Sub-Saharan Africa,Non-metallic minerals,civil_infrastructure,1913,2.9418867164089284
Sub-Saharan Africa,Non-metallic minerals,civil_infrastructure,1914,3.0514732299442273
Sub-Saharan Africa,Non-metallic minerals,civil_infrastructure,1915,3.161052917956796
Sub-Saharan Africa,Non-metallic minerals,civil_infrastructure,1916,3.27050239828824
Sub-Saharan Africa,Non-metallic minerals,civil_infrastructure,1917,3.3800525070737755
Sub-Saharan Africa,Non-metallic minerals,civil_infrastructure,1918,3.4896942083734537
Sub-Saharan Africa,Non-metallic minerals,civil_infrastructure,1919,3.631616654724374
Sub-Saharan Africa,Non-metallic minerals,civil_infrastructure,1920,3.795394054391881
Sub-Saharan Africa,Non-metallic minerals,civil_infrastructure,1921,3.7423571340623756
Sub-Saharan Africa,Non-metallic minerals,civil_infrastructure,1922,3.999610982788968
Sub-Saharan Africa,Non-metallic minerals,civil_infrastructure,1923,4.222931615377287
Sub-Saharan Africa,Non-metallic minerals,civil_infrastructure,1924,4.529566125888222
Sub-Saharan Africa,Non-metallic minerals,civil_infrastructure,1925,4.865461917031096
Sub-Saharan Africa,Non-metallic minerals,civil_infrastructure,1926,5.231627574591409
Sub-Saharan Africa,Non-metallic minerals,civil_infrastructure,1927,5.771603786789201
Sub-Saharan Africa,Non-metallic minerals,civil_infrastructure,1928,6.422943065043472
Sub-Saharan Africa,Non-metallic minerals,civil_infrastructure,1929,6.792275300866876
Sub-Saharan Africa,Non-metallic minerals,civil_infrastructure,1930,6.619199542037605
Sub-Saharan Africa,Non-metallic minerals,civil_infrastructure,1931,5.920761369979763
Sub-Saharan Africa,Non-metallic minerals,civil_infrastructure,1932,5.268534260068422
Sub-Saharan Africa,Non-metallic minerals,civil_infrastructure,1933,5.774504413110775
Sub-Saharan Africa,Non-metallic minerals,civil_infrastructure,1934,6.652632279238357
Sub-Saharan Africa,Non-metallic minerals,civil_infrastructure,1935,8.097361733223483
Sub-Saharan Africa,Non-metallic minerals,civil_infrastructure,1936,9.246371670684583
Sub-Saharan Africa,Non-metallic minerals,civil_infrastructure,1937,10.383564676962719
Sub-Saharan Africa,Non-metallic minerals,civil_infrastructure,1938,10.094704311264737
Sub-Saharan Africa,Non-metallic minerals,civil_infrastructure,1939,10.628290648109157
Sub-Saharan Africa,Non-metallic minerals,civil_infrastructure,1940,11.156079016460888
Sub-Saharan Africa,Non-metallic minerals,civil_infrastructure,1941,11.591044759145147
Sub-Saharan Africa,Non-metallic minerals,civil_infrastructure,1942,11.9328466838789
Sub-Saharan Africa,Non-metallic minerals,civil_infrastructure,1943,12.221648024162565
Sub-Saharan Africa,Non-metallic minerals,civil_infrastructure,1944,12.595411073414937
Sub-Saharan Africa,Non-metallic minerals,civil_infrastructure,1945,12.910514716149674
Sub-Saharan Africa,Non-metallic minerals,civil_infrastructure,1946,13.28834706250446
Sub-Saharan Africa,Non-metallic minerals,civil_infrastructure,1947,13.530384332996404
Sub-Saharan Africa,Non-metallic minerals,civil_infrastructure,1948,15.755669309879584
Sub-Saharan Africa,Non-metallic minerals,civil_infrastructure,1949,16.935927784015792
Sub-Saharan Africa,Non-metallic minerals,civil_infrastructure,1950,20.06547811388925
Sub-Saharan Africa,Non-metallic minerals,civil_infrastructure,1951,22.696320583832062
Sub-Saharan Africa,Non-metallic minerals,civil_infrastructure,1952,22.568551723121825
Sub-Saharan Africa,Non-metallic minerals,civil_infrastructure,1953,24.21919427050461
Sub-Saharan Africa,Non-metallic minerals,civil_infrastructure,1954,26.614912153485818
Sub-Saharan Africa,Non-metallic minerals,civil_infrastructure,1955,28.783262763141092
Sub-Saharan Africa,Non-metallic minerals,civil_infrastructure,1956,30.49563555049299
Sub-Saharan Africa,Non-metallic minerals,civil_infrastructure,1957,31.75290883828605
Sub-Saharan Africa,Non-metallic minerals,civil_infrastructure,1958,32.4823802426521
Sub-Saharan Africa,Non-metallic minerals,civil_infrastructure,1959,32.70796395272753
Sub-Saharan Africa,Non-metallic minerals,civil_infrastructure,1960,31.717017479854828
Sub-Saharan Africa,Non-metallic minerals,civil_infrastructure,1961,32.524298586222336
Sub-Saharan Africa,Non-metallic minerals,civil_infrastructure,1962,34.60017096156616
Sub-Saharan Africa,Non-metallic minerals,civil_infrastructure,1963,37.17028626462831
Sub-Saharan Africa,Non-metallic minerals,civil_infrastructure,1964,41.86196256744368
Sub-Saharan Africa,Non-metallic minerals,civil_infrastructure,1965,48.33935475012488
Sub-Saharan Africa,Non-metallic minerals,civil_infrastructure,1966,52.29665178653623
Sub-Saharan Africa,Non-metallic minerals,civil_infrastructure,1967,53.18055160472249
Sub-Saharan Africa,Non-metallic minerals,civil_infrastructure,1968,58.9989534979039
Sub-Saharan Africa,Non-metallic minerals,civil_infrastructure,1969,66.76345663951099
Sub-Saharan Africa,Non-metallic minerals,civil_infrastructure,1970,81.27451055279585
Sub-Saharan Africa,Non-metallic minerals,civil_infrastructure,1971,83.28627884745393
Sub-Saharan Africa,Non-metallic minerals,civil_infrastructure,1972,88.78128689999413
Sub-Saharan Africa,Non-metallic minerals,civil_infrastructure,1973,92.22296713437012
Sub-Saharan Africa,Non-metallic minerals,civil_infrastructure,1974,93.84724747206853
Sub-Saharan Africa,Non-metallic minerals,civil_infrastructure,1975,93.62761239142743
Sub-Saharan Africa,Non-metallic minerals,civil_infrastructure,1976,92.5204180553191
Sub-Saharan Africa,Non-metallic minerals,civil_infrastructure,1977,103.3322521785867
Sub-Saharan Africa,Non-metallic minerals,civil_infrastructure,1978,99.23069777802951
Sub-Saharan Africa,Non-metallic minerals,civil_infrastructure,1979,107.44666126283994
Sub-Saharan Africa,Non-metallic minerals,civil_infrastructure,1980,110.3713067239296
Sub-Saharan Africa,Non-metallic minerals,civil_infrastructure,1981,116.87561738651824
Sub-Saharan Africa,Non-metallic minerals,civil_infrastructure,1982,113.40582129722125
Sub-Saharan Africa,Non-metallic minerals,civil_infrastructure,1983,105.38485492537514
Sub-Saharan Africa,Non-metallic minerals,civil_infrastructure,1984,106.24946040798682
Sub-Saharan Africa,Non-metallic minerals,civil_infrastructure,1985,98.7224350181091
Sub-Saharan Africa,Non-metallic minerals,civil_infrastructure,1986,104.29468943665806
Sub-Saharan Africa,Non-metallic minerals,civil_infrastructure,1987,110.2548395728814
Sub-Saharan Africa,Non-metallic minerals,civil_infrastructure,1988,111.62649986466333
Sub-Saharan Africa,Non-metallic minerals,civil_infrastructure,1989,112.58089391470318
Sub-Saharan Africa,Non-metallic minerals,civil_infrastructure,1990,106.63282916908106
Sub-Saharan Africa,Non-metallic minerals,civil_infrastructure,1991,109.45750460846635
Sub-Saharan Africa,Non-metallic minerals,civil_infrastructure,1992,103.41730683540078
Sub-Saharan Africa,Non-metallic minerals,civil_infrastructure,1993,109.45378891699357
Sub-Saharan Africa,Non-metallic minerals,civil_infrastructure,1994,103.88339567162437
Sub-Saharan Africa,Non-metallic minerals,civil_infrastructure,1995,116.95280127050822
Sub-Saharan Africa,Non-metallic minerals,civil_infrastructure,1996,129.79896907349965
Sub-Saharan Africa,Non-metallic minerals,civil_infrastructure,1997,131.96688323904763
Sub-Saharan Africa,Non-metallic minerals,civil_infrastructure,1998,154.29279157591492
Sub-Saharan Africa,Non-metallic minerals,civil_infrastructure,1999,144.5670677589023
Sub-Saharan Africa,Non-metallic minerals,civil_infrastructure,2000,150.04112639963424
Sub-Saharan Africa,Non-metallic minerals,civil_infrastructure,2001,155.84464550488465
Sub-Saharan Africa,Non-metallic minerals,civil_infrastructure,2002,158.74342738016864
Sub-Saharan Africa,Non-metallic minerals,civil_infrastructure,2003,165.15761528245267
Sub-Saharan Africa,Non-metallic minerals,civil_infrastructure,2004,187.39785052581163
Sub-Saharan Africa,Non-metallic minerals,civil_infrastructure,2005,218.0850084477949
Sub-Saharan Africa,Non-metallic minerals,civil_infrastructure,2006,223.2064074977563
Sub-Saharan Africa,Non-metallic minerals,civil_infrastructure,2007,230.4012751956898
Sub-Saharan Africa,Non-metallic minerals,civil_infrastructure,2008,265.4403469349571
Sub-Saharan Africa,Non-metallic minerals,civil_infrastructure,2009,281.85357284567954
Sub-Saharan Africa,Non-metallic minerals,civil_infrastructure,2010,313.97092892157275
Sub-Saharan Africa,Non-metallic minerals,civil_infrastructure,2011,343.2941863435508
Sub-Saharan Africa,Non-metallic minerals,civil_infrastructure,2012,372.5629631566132
Sub-Saharan Africa,Non-metallic minerals,civil_infrastructure,2013,397.1468178124304
Sub-Saharan Africa,Non-metallic minerals,civil_infrastructure,2014,447.9950588301182
Sub-Saharan Africa,Non-metallic minerals,civil_infrastructure,2015,467.07192496528046
Sub-Saharan Africa,Non-metallic minerals,civil_infrastructure,2016,501.8860738353982
Sub-Saharan Africa,Non-metallic minerals,machinery,1900,0.0014578216502432232
Sub-Saharan Africa,Non-metallic minerals,machinery,1901,0.001497896431799976
Sub-Saharan Africa,Non-metallic minerals,machinery,1902,0.0015510218933281865
Sub-Saharan Africa,Non-metallic minerals,machinery,1903,0.001599846014414068
Sub-Saharan Africa,Non-metallic minerals,machinery,1904,0.0016437562170895329
Sub-Saharan Africa,Non-metallic minerals,machinery,1905,0.0017086010936720444
Sub-Saharan Africa,Non-metallic minerals,machinery,1906,0.0017679276999215097
Sub-Saharan Africa,Non-metallic minerals,machinery,1907,0.0018134721865405495
Sub-Saharan Africa,Non-metallic minerals,machinery,1908,0.0018360859468091173
Sub-Saharan Africa,Non-metallic minerals,machinery,1909,0.0018911808824156769
Sub-Saharan Africa,Non-metallic minerals,machinery,1910,0.0019624957576337993
Sub-Saharan Africa,Non-metallic minerals,machinery,1911,0.002022514554658923
Sub-Saharan Africa,Non-metallic minerals,machinery,1912,0.002101769200817418
Sub-Saharan Africa,Non-metallic minerals,machinery,1913,0.002168312226899219
Sub-Saharan Africa,Non-metallic minerals,machinery,1914,0.002118030443204283
Sub-Saharan Africa,Non-metallic minerals,machinery,1915,0.0020592493714984726
Sub-Saharan Africa,Non-metallic minerals,machinery,1916,0.0021645321860222755
Sub-Saharan Africa,Non-metallic minerals,machinery,1917,0.0021843999179229677
Sub-Saharan Africa,Non-metallic minerals,machinery,1918,0.0021731713656442243
Sub-Saharan Africa,Non-metallic minerals,machinery,1919,0.0022631200498245494
Sub-Saharan Africa,Non-metallic minerals,machinery,1920,0.0023520344795186503
Sub-Saharan Africa,Non-metallic minerals,machinery,1921,0.0023287325007230334
Sub-Saharan Africa,Non-metallic minerals,machinery,1922,0.002481360920178531
Sub-Saharan Africa,Non-metallic minerals,machinery,1923,0.0025910109695468906
Sub-Saharan Africa,Non-metallic minerals,machinery,1924,0.0027207431082598857
Sub-Saharan Africa,Non-metallic minerals,machinery,1925,0.0028480046642730744
Sub-Saharan Africa,Non-metallic minerals,machinery,1926,0.0029443115543573727
Sub-Saharan Africa,Non-metallic minerals,machinery,1927,0.0030661687810623196
Sub-Saharan Africa,Non-metallic minerals,machinery,1928,0.003179867643014592
Sub-Saharan Africa,Non-metallic minerals,machinery,1929,0.003297411326363234
Sub-Saharan Africa,Non-metallic minerals,machinery,1930,0.003305708367264385
Sub-Saharan Africa,Non-metallic minerals,machinery,1931,0.0032836542417930613
Sub-Saharan Africa,Non-metallic minerals,machinery,1932,0.0032703920216656268
Sub-Saharan Africa,Non-metallic minerals,machinery,1933,0.0033412146587930157
Sub-Saharan Africa,Non-metallic minerals,machinery,1934,0.0034623524635763185
Sub-Saharan Africa,Non-metallic minerals,machinery,1935,0.003577743768633559
Sub-Saharan Africa,Non-metallic minerals,machinery,1936,0.0036942855133702246
Sub-Saharan Africa,Non-metallic minerals,machinery,1937,0.003857361407094665
Sub-Saharan Africa,Non-metallic minerals,machinery,1938,0.0038834449543361372
Sub-Saharan Africa,Non-metallic minerals,machinery,1939,0.003989330827445425
Sub-Saharan Africa,Non-metallic minerals,machinery,1940,0.004092103845862978
Sub-Saharan Africa,Non-metallic minerals,machinery,1941,0.004218228779299195
Sub-Saharan Africa,Non-metallic minerals,machinery,1942,0.004346733975310032
Sub-Saharan Africa,Non-metallic minerals,machinery,1943,0.0044766675606656816
Sub-Saharan Africa,Non-metallic minerals,machinery,1944,0.004608388908187311
Sub-Saharan Africa,Non-metallic minerals,machinery,1945,0.004741166855207932
Sub-Saharan Africa,Non-metallic minerals,machinery,1946,0.00487171544644404
Sub-Saharan Africa,Non-metallic minerals,machinery,1947,0.005054926262505518
Sub-Saharan Africa,Non-metallic minerals,machinery,1948,0.005189232149894465
Sub-Saharan Africa,Non-metallic minerals,machinery,1949,0.005322169705606535
Sub-Saharan Africa,Non-metallic minerals,machinery,1950,0.005457668476354821
Sub-Saharan Africa,Non-metallic minerals,machinery,1951,0.005771417823271093
Sub-Saharan Africa,Non-metallic minerals,machinery,1952,0.006043656039554722
Sub-Saharan Africa,Non-metallic minerals,machinery,1953,0.006371897983705564
Sub-Saharan Africa,Non-metallic minerals,machinery,1954,0.006711064821385771
Sub-Saharan Africa,Non-metallic minerals,machinery,1955,0.0071070823861471765
Sub-Saharan Africa,Non-metallic minerals,machinery,1956,0.007463587653117084
Sub-Saharan Africa,Non-metallic minerals,machinery,1957,0.007878046344261543
Sub-Saharan Africa,Non-metallic minerals,machinery,1958,0.008107502067101011
Sub-Saharan Africa,Non-metallic minerals,machinery,1959,0.008592452933388088
Sub-Saharan Africa,Non-metallic minerals,machinery,1960,0.009139427162529976
Sub-Saharan Africa,Non-metallic minerals,machinery,1961,0.00954518069090521
Sub-Saharan Africa,Non-metallic minerals,machinery,1962,0.010020920050696753
Sub-Saharan Africa,Non-metallic minerals,machinery,1963,0.010884446501180835
Sub-Saharan Africa,Non-metallic minerals,machinery,1964,0.011398771587919337
Sub-Saharan Africa,Non-metallic minerals,machinery,1965,0.011711181342766488
Sub-Saharan Africa,Non-metallic minerals,machinery,1966,0.012499405233416144
Sub-Saharan Africa,Non-metallic minerals,machinery,1967,0.012958675327334065
Sub-Saharan Africa,Non-metallic minerals,machinery,1968,0.013436837630124423
Sub-Saharan Africa,Non-metallic minerals,machinery,1969,0.014819517838448275
Sub-Saharan Africa,Non-metallic minerals,machinery,1970,0.015559327816801643
Sub-Saharan Africa,Non-metallic minerals,machinery,1971,0.01584863496045646
Sub-Saharan Africa,Non-metallic minerals,machinery,1972,0.016029619066127553
Sub-Saharan Africa,Non-metallic minerals,machinery,1973,0.016675290341927617
Sub-Saharan Africa,Non-metallic minerals,machinery,1974,0.01660559786444658
Sub-Saharan Africa,Non-metallic minerals,machinery,1975,0.01674849034495597
Sub-Saharan Africa,Non-metallic minerals,machinery,1976,0.01667468658999534
Sub-Saharan Africa,Non-metallic minerals,machinery,1977,0.016597079828201175
Sub-Saharan Africa,Non-metallic minerals,machinery,1978,0.017352441011445934
Sub-Saharan Africa,Non-metallic minerals,machinery,1979,0.016879913197664256
Sub-Saharan Africa,Non-metallic minerals,machinery,1980,0.01693706734757418
Sub-Saharan Africa,Non-metallic minerals,machinery,1981,0.019116922320813967
Sub-Saharan Africa,Non-metallic minerals,machinery,1982,0.018905269590614997
Sub-Saharan Africa,Non-metallic minerals,machinery,1983,0.019142027505244703
Sub-Saharan Africa,Non-metallic minerals,machinery,1984,0.02000885923298305
Sub-Saharan Africa,Non-metallic minerals,machinery,1985,0.020116172672429048
Sub-Saharan Africa,Non-metallic minerals,machinery,1986,0.020101497971267354
Sub-Saharan Africa,Non-metallic minerals,machinery,1987,0.020734588080164294
Sub-Saharan Africa,Non-metallic minerals,machinery,1988,0.02150103827436555
Sub-Saharan Africa,Non-metallic minerals,machinery,1989,0.02228010442392688
Sub-Saharan Africa,Non-metallic minerals,machinery,1990,0.011914468503137245
Sub-Saharan Africa,Non-metallic minerals,machinery,1991,0.011957280348561847
Sub-Saharan Africa,Non-metallic minerals,machinery,1992,0.015000653003698794
Sub-Saharan Africa,Non-metallic minerals,machinery,1993,0.06514003756030297
Sub-Saharan Africa,Non-metallic minerals,machinery,1994,0.013064679310063583
Sub-Saharan Africa,Non-metallic minerals,machinery,1995,0.08427469157515814
Sub-Saharan Africa,Non-metallic minerals,machinery,1996,0.098515761727153775
Sub-Saharan Africa,Non-metallic minerals,machinery,1997,0.097843194599276
Sub-Saharan Africa,Non-metallic minerals,machinery,1998,0.005505363337879457
Sub-Saharan Africa,Non-metallic minerals,machinery,1999,0.0079260453860096
Sub-Saharan Africa,Non-metallic minerals,machinery,2000,0.012740483257323023
Sub-Saharan Africa,Non-metallic minerals,machinery,2001,0.015579412299432722
Sub-Saharan Africa,Non-metallic minerals,machinery,2002,0.01571724692700051
Sub-Saharan Africa,Non-metallic minerals,machinery,2003,0.020692983742310468
Sub-Saharan Africa,Non-metallic minerals,machinery,2004,0.013894567076865394
Sub-Saharan Africa,Non-metallic minerals,machinery,2005,0.05641898224826591
Sub-Saharan Africa,Non-metallic minerals,machinery,2006,0.011297138752176764
Sub-Saharan Africa,Non-metallic minerals,machinery,2007,0.021406626925216873
Sub-Saharan Africa,Non-metallic minerals,machinery,2008,0.018937082568764658
Sub-Saharan Africa,Non-metallic minerals,machinery,2009,0.017214474265950255
Sub-Saharan Africa,Non-metallic minerals,machinery,2010,0.037071148985738225
Sub-Saharan Africa,Non-metallic minerals,machinery,2011,0.03232699673302314
Sub-Saharan Africa,Non-metallic minerals,machinery,2012,0.03467670824000748
Sub-Saharan Africa,Non-metallic minerals,machinery,2013,0.0320393051812952
Sub-Saharan Africa,Non-metallic minerals,machinery,2014,0.02881744846796095
Sub-Saharan Africa,Non-metallic minerals,machinery,2015,0.05142411086984462
Sub-Saharan Africa,Non-metallic minerals,machinery,2016,0.057264744079431946
Sub-Saharan Africa,Non-metallic minerals,short_lived,1900,0.09177883368552792
Sub-Saharan Africa,Non-metallic minerals,short_lived,1901,0.09328054172915802
Sub-Saharan Africa,Non-metallic minerals,short_lived,1902,0.09492779633394939
Sub-Saharan Africa,Non-metallic minerals,short_lived,1903,0.09653105965857589
Sub-Saharan Africa,Non-metallic minerals,short_lived,1904,0.09809552691543354
Sub-Saharan Africa,Non-metallic minerals,short_lived,1905,0.09988226671323175
Sub-Saharan Africa,Non-metallic minerals,short_lived,1906,0.10161788121134195
Sub-Saharan Africa,Non-metallic minerals,short_lived,1907,0.10321973998969447
Sub-Saharan Africa,Non-metallic minerals,short_lived,1908,0.10459326095418174
Sub-Saharan Africa,Non-metallic minerals,short_lived,1909,0.10630792709137454
Sub-Saharan Africa,Non-metallic minerals,short_lived,1910,0.10818847317703949
Sub-Saharan Africa,Non-metallic minerals,short_lived,1911,0.11011401944593363
Sub-Saharan Africa,Non-metallic minerals,short_lived,1912,0.11221278074310768
Sub-Saharan Africa,Non-metallic minerals,short_lived,1913,0.11419408491821076
Sub-Saharan Africa,Non-metallic minerals,short_lived,1914,0.11480633009887106
Sub-Saharan Africa,Non-metallic minerals,short_lived,1915,0.11528431412100454
Sub-Saharan Africa,Non-metallic minerals,short_lived,1916,0.1174490323598079
Sub-Saharan Africa,Non-metallic minerals,short_lived,1917,0.11873187465690915
Sub-Saharan Africa,Non-metallic minerals,short_lived,1918,0.1196726045921816
Sub-Saharan Africa,Non-metallic minerals,short_lived,1919,0.12158813197433362
Sub-Saharan Africa,Non-metallic minerals,short_lived,1920,0.12363945644428194
Sub-Saharan Africa,Non-metallic minerals,short_lived,1921,0.12598614114998538
Sub-Saharan Africa,Non-metallic minerals,short_lived,1922,0.13022312815518694
Sub-Saharan Africa,Non-metallic minerals,short_lived,1923,0.13406836848039216
Sub-Saharan Africa,Non-metallic minerals,short_lived,1924,0.13815404169566167
Sub-Saharan Africa,Non-metallic minerals,short_lived,1925,0.1422356010918967
Sub-Saharan Africa,Non-metallic minerals,short_lived,1926,0.14603008569843806
Sub-Saharan Africa,Non-metallic minerals,short_lived,1927,0.15009887220961474
Sub-Saharan Africa,Non-metallic minerals,short_lived,1928,0.1541046031533284
Sub-Saharan Africa,Non-metallic minerals,short_lived,1929,0.15816214141431884
Sub-Saharan Africa,Non-metallic minerals,short_lived,1930,0.1611259214664823
Sub-Saharan Africa,Non-metallic minerals,short_lived,1931,0.16397032674898754
Sub-Saharan Africa,Non-metallic minerals,short_lived,1932,0.16691888484628287
Sub-Saharan Africa,Non-metallic minerals,short_lived,1933,0.17075678591175095
Sub-Saharan Africa,Non-metallic minerals,short_lived,1934,0.1750720581765547
Sub-Saharan Africa,Non-metallic minerals,short_lived,1935,0.17937687368856525
Sub-Saharan Africa,Non-metallic minerals,short_lived,1936,0.18370092427739895
Sub-Saharan Africa,Non-metallic minerals,short_lived,1937,0.18855540525812464
Sub-Saharan Africa,Non-metallic minerals,short_lived,1938,0.19201395588203143
Sub-Saharan Africa,Non-metallic minerals,short_lived,1939,0.19632151524928476
Sub-Saharan Africa,Non-metallic minerals,short_lived,1940,0.2011464750885318
Sub-Saharan Africa,Non-metallic minerals,short_lived,1941,0.20590623126804417
Sub-Saharan Africa,Non-metallic minerals,short_lived,1942,0.21073212385331347
Sub-Saharan Africa,Non-metallic minerals,short_lived,1943,0.2155837325106425
Sub-Saharan Africa,Non-metallic minerals,short_lived,1944,0.22049584265555203
Sub-Saharan Africa,Non-metallic minerals,short_lived,1945,0.22531913712413706
Sub-Saharan Africa,Non-metallic minerals,short_lived,1946,0.23003984600436264
Sub-Saharan Africa,Non-metallic minerals,short_lived,1947,0.23163936653970094
Sub-Saharan Africa,Non-metallic minerals,short_lived,1948,0.2368490140159898
Sub-Saharan Africa,Non-metallic minerals,short_lived,1949,0.24211788367170428
Sub-Saharan Africa,Non-metallic minerals,short_lived,1950,0.2474662342409229
Sub-Saharan Africa,Non-metallic minerals,short_lived,1951,0.25730834051676493
Sub-Saharan Africa,Non-metallic minerals,short_lived,1952,0.26706101688460804
Sub-Saharan Africa,Non-metallic minerals,short_lived,1953,0.2776678296120931
Sub-Saharan Africa,Non-metallic minerals,short_lived,1954,0.2889752133702919
Sub-Saharan Africa,Non-metallic minerals,short_lived,1955,0.3009390802250432
Sub-Saharan Africa,Non-metallic minerals,short_lived,1956,0.3127910563388348
Sub-Saharan Africa,Non-metallic minerals,short_lived,1957,0.32579337104614764
Sub-Saharan Africa,Non-metallic minerals,short_lived,1958,0.33722696688690657
Sub-Saharan Africa,Non-metallic minerals,short_lived,1959,0.3511454853481731
Sub-Saharan Africa,Non-metallic minerals,short_lived,1960,0.36465697923962226
Sub-Saharan Africa,Non-metallic minerals,short_lived,1961,0.37734044514162146
Sub-Saharan Africa,Non-metallic minerals,short_lived,1962,0.39274985980594035
Sub-Saharan Africa,Non-metallic minerals,short_lived,1963,0.4146636531109859
Sub-Saharan Africa,Non-metallic minerals,short_lived,1964,0.4361884413196336
Sub-Saharan Africa,Non-metallic minerals,short_lived,1965,0.4482272343351709
Sub-Saharan Africa,Non-metallic minerals,short_lived,1966,0.46061510865095134
Sub-Saharan Africa,Non-metallic minerals,short_lived,1967,0.47795464357775613
Sub-Saharan Africa,Non-metallic minerals,short_lived,1968,0.49935275502361154
Sub-Saharan Africa,Non-metallic minerals,short_lived,1969,0.5266413669813976
Sub-Saharan Africa,Non-metallic minerals,short_lived,1970,0.5543884169050408
Sub-Saharan Africa,Non-metallic minerals,short_lived,1971,0.6218731220371022
Sub-Saharan Africa,Non-metallic minerals,short_lived,1972,0.62312971820998
Sub-Saharan Africa,Non-metallic minerals,short_lived,1973,0.8015922408165556
Sub-Saharan Africa,Non-metallic minerals,short_lived,1974,0.5596469417462894
Sub-Saharan Africa,Non-metallic minerals,short_lived,1975,0.4525810881686249
Sub-Saharan Africa,Non-metallic minerals,short_lived,1976,0.3312913261598604
Sub-Saharan Africa,Non-metallic minerals,short_lived,1977,0.2927007644543222
Sub-Saharan Africa,Non-metallic minerals,short_lived,1978,0.41888691077363094
Sub-Saharan Africa,Non-metallic minerals,short_lived,1979,0.3910498149693153
Sub-Saharan Africa,Non-metallic minerals,short_lived,1980,0.5075803113846661
Sub-Saharan Africa,Non-metallic minerals,short_lived,1981,0.9595861068651854
Sub-Saharan Africa,Non-metallic minerals,short_lived,1982,1.002127132151803
Sub-Saharan Africa,Non-metallic minerals,short_lived,1983,1.1421149148609593
Sub-Saharan Africa,Non-metallic minerals,short_lived,1984,0.9104396325875926
Sub-Saharan Africa,Non-metallic minerals,short_lived,1985,0.9648709520689596
Sub-Saharan Africa,Non-metallic minerals,short_lived,1986,1.0977441128477208
Sub-Saharan Africa,Non-metallic minerals,short_lived,1987,1.0413331973107254
Sub-Saharan Africa,Non-metallic minerals,short_lived,1988,1.0502250418495727
Sub-Saharan Africa,Non-metallic minerals,short_lived,1989,1.1296257817450277
Sub-Saharan Africa,Non-metallic minerals,short_lived,1990,1.225491480428307
Sub-Saharan Africa,Non-metallic minerals,short_lived,1991,1.2707616803303954
Sub-Saharan Africa,Non-metallic minerals,short_lived,1992,1.2101209405174351
Sub-Saharan Africa,Non-metallic minerals,short_lived,1993,1.3061237921726538
Sub-Saharan Africa,Non-metallic minerals,short_lived,1994,1.3757282956219512
Sub-Saharan Africa,Non-metallic minerals,short_lived,1995,1.517688016748655
Sub-Saharan Africa,Non-metallic minerals,short_lived,1996,1.4902058824982802
Sub-Saharan Africa,Non-metallic minerals,short_lived,1997,1.5073706553158377
Sub-Saharan Africa,Non-metallic minerals,short_lived,1998,1.5017375578219285
Sub-Saharan Africa,Non-metallic minerals,short_lived,1999,1.406716521105446
Sub-Saharan Africa,Non-metallic minerals,short_lived,2000,1.3679944102740231
Sub-Saharan Africa,Non-metallic minerals,short_lived,2001,1.3806193325918221
Sub-Saharan Africa,Non-metallic minerals,short_lived,2002,1.4541909274873612
Sub-Saharan Africa,Non-metallic minerals,short_lived,2003,1.4845637634326472
Sub-Saharan Africa,Non-metallic minerals,short_lived,2004,1.510466120882648
Sub-Saharan Africa,Non-metallic minerals,short_lived,2005,1.5183452044776422
Sub-Saharan Africa,Non-metallic minerals,short_lived,2006,1.5294210176253507
Sub-Saharan Africa,Non-metallic minerals,short_lived,2007,1.6382112875504795
Sub-Saharan Africa,Non-metallic minerals,short_lived,2008,1.6242171711550528
Sub-Saharan Africa,Non-metallic minerals,short_lived,2009,1.990687903243919
Sub-Saharan Africa,Non-metallic minerals,short_lived,2010,2.0175920254031494
Sub-Saharan Africa,Non-metallic minerals,short_lived,2011,2.0667295578610982
Sub-Saharan Africa,Non-metallic minerals,short_lived,2012,2.1415667432115977
Sub-Saharan Africa,Non-metallic minerals,short_lived,2013,2.1746722062145105
Sub-Saharan Africa,Non-metallic minerals,short_lived,2014,2.3009303694284493
Sub-Saharan Africa,Non-metallic minerals,short_lived,2015,2.4641690694283773
Sub-Saharan Africa,Non-metallic minerals,short_lived,2016,2.411073249535033
