Region,material,end_use,year,value_Mt
East Asia,Metal ores,buildings,1900,0.003707229625352347
East Asia,Metal ores,buildings,1901,0.0038386193601363324
East Asia,Metal ores,buildings,1902,0.003976288574133909
East Asia,Metal ores,buildings,1903,0.00412125940169795
East Asia,Metal ores,buildings,1904,0.004274780126297753
East Asia,Metal ores,buildings,1905,0.004438235967022917
East Asia,Metal ores,buildings,1906,0.004613081060922092
East Asia,Metal ores,buildings,1907,0.004800811260224896
East Asia,Metal ores,buildings,1908,0.005002969682243712
East Asia,Metal ores,buildings,1909,0.005221161093437924
East Asia,Metal ores,buildings,1910,0.005457058337498276
East Asia,Metal ores,buildings,1911,0.005712404528934772
East Asia,Metal ores,buildings,1912,0.005989031636430497
East Asia,Metal ores,buildings,1913,0.006288922037534956
East Asia,Metal ores,buildings,1914,0.006614335603017603
East Asia,Metal ores,buildings,1915,0.006968016407365077
East Asia,Metal ores,buildings,1916,0.007353487055811648
East Asia,Metal ores,buildings,1917,0.007775433333783573
East Asia,Metal ores,buildings,1918,0.008240169946843639
East Asia,Metal ores,buildings,1919,0.008756159339939576
East Asia,Metal ores,buildings,1920,0.00933454041346644
East Asia,Metal ores,buildings,1921,0.00998963940164296
East Asia,Metal ores,buildings,1922,0.0107395280354359
East Asia,Metal ores,buildings,1923,0.01160688626731999
East Asia,Metal ores,buildings,1924,0.012620618048717936
East Asia,Metal ores,buildings,1925,0.013818616402535754
East Asia,Metal ores,buildings,1926,0.015251622020933695
East Asia,Metal ores,buildings,1927,0.016987444985125378
East Asia,Metal ores,buildings,1928,0.019114282314095222
East Asia,Metal ores,buildings,1929,0.021741698193099922
East Asia,Metal ores,buildings,1930,0.024998125261434422
East Asia,Metal ores,buildings,1931,0.029024479635301595
East Asia,Metal ores,buildings,1932,0.03396443820918097
East Asia,Metal ores,buildings,1933,0.03995273898686338
East Asia,Metal ores,buildings,1934,0.04710330749337063
East Asia,Metal ores,buildings,1935,0.05549910332176212
East Asia,Metal ores,buildings,1936,0.06518539158308699
East Asia,Metal ores,buildings,1937,0.07616764452752173
East Asia,Metal ores,buildings,1938,0.08841444668388604
East Asia,Metal ores,buildings,1939,0.1018647892226355
East Asia,Metal ores,buildings,1940,0.11643836068004455
East Asia,Metal ores,buildings,1941,0.13204721729267221
East Asia,Metal ores,buildings,1942,0.1486076355603371
East Asia,Metal ores,buildings,1943,0.1660516738873538
East Asia,Metal ores,buildings,1944,0.18433841113869368
East Asia,Metal ores,buildings,1945,0.20346467569627277
East Asia,Metal ores,buildings,1946,0.22347457834129938
East Asia,Metal ores,buildings,1947,0.2444668086828764
East Asia,Metal ores,buildings,1948,0.26659861900347787
East Asia,Metal ores,buildings,1949,0.29008548695352554
East Asia,Metal ores,buildings,1950,0.3151955353343969
East Asia,Metal ores,buildings,1951,0.3422380584115066
East Asia,Metal ores,buildings,1952,0.3715457648488195
East Asia,Metal ores,buildings,1953,0.40344982600776846
East Asia,Metal ores,buildings,1954,0.43824534682315597
East Asia,Metal ores,buildings,1955,0.4761445268693183
East Asia,Metal ores,buildings,1956,0.5172187960164973
East Asia,Metal ores,buildings,1957,0.5613397400381233
East Asia,Metal ores,buildings,1958,0.6081368048411188
East Asia,Metal ores,buildings,1959,0.656991476375892
East Asia,Metal ores,buildings,1960,0.7070805123127473
East Asia,Metal ores,buildings,1961,0.7574674879200108
East Asia,Metal ores,buildings,1962,0.8072279364963815
East Asia,Metal ores,buildings,1963,0.8555841095184656
East Asia,Metal ores,buildings,1964,0.9020239121668833
East Asia,Metal ores,buildings,1965,0.9463849748519986
East Asia,Metal ores,buildings,1966,0.988896977975663
East Asia,Metal ores,buildings,1967,1.0301903338827363
East Asia,Metal ores,buildings,1968,1.0712932123670076
East Asia,Metal ores,buildings,1969,1.1136436236344502
East Asia,Metal ores,buildings,1970,1.1591281509884857
East Asia,Metal ores,buildings,1971,1.2101245608600164
East Asia,Metal ores,buildings,1972,1.2694950660785989
East Asia,Metal ores,buildings,1973,1.340480157115643
East Asia,Metal ores,buildings,1974,1.4264840209743024
East Asia,Metal ores,buildings,1975,1.5307926526496671
East Asia,Metal ores,buildings,1976,1.656290486080001
East Asia,Metal ores,buildings,1977,1.805236152754831
East Asia,Metal ores,buildings,1978,1.9791470573809264
East Asia,Metal ores,buildings,1979,2.178837664682681
East Asia,Metal ores,buildings,1980,2.4046370400592623
East Asia,Metal ores,buildings,1981,2.656760909910484
East Asia,Metal ores,buildings,1982,2.9357532608150745
East Asia,Metal ores,buildings,1983,3.242875237198074
East Asia,Metal ores,buildings,1984,3.580315887421042
East Asia,Metal ores,buildings,1985,3.9511286925892666
East Asia,Metal ores,buildings,1986,4.358862870096272
East Asia,Metal ores,buildings,1987,4.806954243050066
East Asia,Metal ores,buildings,1988,5.298033539738023
East Asia,Metal ores,buildings,1989,5.833346709422047
East Asia,Metal ores,buildings,1990,6.412430740871195
East Asia,Metal ores,buildings,1991,7.033077989016768
East Asia,Metal ores,buildings,1992,7.691525508320544
East Asia,Metal ores,buildings,1993,8.382779775781977
East Asia,Metal ores,buildings,1994,9.101024474845314
East Asia,Metal ores,buildings,1995,9.840102249450227
East Asia,Metal ores,buildings,1996,10.594060515231003
East Asia,Metal ores,buildings,1997,11.357710784973357
East Asia,Metal ores,buildings,1998,12.127115770247261
East Asia,Metal ores,buildings,1999,12.899921947259267
East Asia,Metal ores,buildings,2000,13.675491169281432
East Asia,Metal ores,buildings,2001,14.454828460497067
East Asia,Metal ores,buildings,2002,15.240338267394389
East Asia,Metal ores,buildings,2003,16.035454204468273
East Asia,Metal ores,buildings,2004,16.844159391065393
East Asia,Metal ores,buildings,2005,17.670364621959976
East Asia,Metal ores,buildings,2006,18.51711004034722
East Asia,Metal ores,buildings,2007,19.38564325911695
East Asia,Metal ores,buildings,2008,20.27455032305777
East Asia,Metal ores,buildings,2009,21.17918137943927
East Asia,Metal ores,buildings,2010,22.091573768069082
East Asia,Metal ores,buildings,2011,23.000957234693676
East Asia,Metal ores,buildings,2012,23.89478892212277
East Asia,Metal ores,buildings,2013,24.760156902582914
East Asia,Metal ores,buildings,2014,25.585328700876495
East Asia,Metal ores,buildings,2015,26.361205998073544
East Asia,Metal ores,buildings,2016,27.08247335972395
East Asia,Metal ores,civil_infrastructure,1900,1.3142621163983958e-4
East Asia,Metal ores,civil_infrastructure,1901,1.443873384541548e-4
East Asia,Metal ores,civil_infrastructure,1902,1.5817663345530698e-4
East Asia,Metal ores,civil_infrastructure,1903,1.7280992382816087e-4
East Asia,Metal ores,civil_infrastructure,1904,1.8830133512777924e-4
East Asia,Metal ores,civil_infrastructure,1905,2.046633148937572e-4
East Asia,Metal ores,civil_infrastructure,1906,2.219066725189566e-4
East Asia,Metal ores,civil_infrastructure,1907,2.400406345134025e-4
East Asia,Metal ores,civil_infrastructure,1908,2.5907291439408573e-4
East Asia,Metal ores,civil_infrastructure,1909,2.7900979656834686e-4
East Asia,Metal ores,civil_infrastructure,1910,2.998562337475067e-4
East Asia,Metal ores,civil_infrastructure,1911,3.2161595761453387e-4
East Asia,Metal ores,civil_infrastructure,1912,3.4429160265832644e-4
East Asia,Metal ores,civil_infrastructure,1913,3.678848432623958e-4
East Asia,Metal ores,civil_infrastructure,1914,3.923965442843787e-4
East Asia,Metal ores,civil_infrastructure,1915,4.1782692547315237e-4
East Asia,Metal ores,civil_infrastructure,1916,4.441757401387767e-4
East Asia,Metal ores,civil_infrastructure,1917,4.714424685149622e-4
East Asia,Metal ores,civil_infrastructure,1918,4.996265262478129e-4
East Asia,Metal ores,civil_infrastructure,1919,5.287274884252683e-4
East Asia,Metal ores,civil_infrastructure,1920,5.587453295774719e-4
East Asia,Metal ores,civil_infrastructure,1921,5.896806801894975e-4
East Asia,Metal ores,civil_infrastructure,1922,6.215351005907132e-4
East Asia,Metal ores,civil_infrastructure,1923,6.543113737617259e-4
East Asia,Metal ores,civil_infrastructure,1924,6.88013819845401e-4
East Asia,Metal ores,civil_infrastructure,1925,7.226486371929016e-4
East Asia,Metal ores,civil_infrastructure,1926,7.582242779043615e-4
East Asia,Metal ores,civil_infrastructure,1927,7.94751870270407e-4
East Asia,Metal ores,civil_infrastructure,1928,8.32245706487506e-4
East Asia,Metal ores,civil_infrastructure,1929,8.707238215668264e-4
East Asia,Metal ores,civil_infrastructure,1930,9.102086983815764e-4
East Asia,Metal ores,civil_infrastructure,1931,9.507281439858741e-4
East Asia,Metal ores,civil_infrastructure,1932,9.923163931551677e-4
East Asia,Metal ores,civil_infrastructure,1933,0.0010350155057985183
East Asia,Metal ores,civil_infrastructure,1934,0.0010788771345834175
East Asia,Metal ores,civil_infrastructure,1935,0.0011239647468198365
East Asia,Metal ores,civil_infrastructure,1936,0.001170356389421286
East Asia,Metal ores,civil_infrastructure,1937,0.0012181480867597507
East Asia,Metal ores,civil_infrastructure,1938,0.001267457957850034
East Asia,Metal ores,civil_infrastructure,1939,0.0013184311311896792
East Asia,Metal ores,civil_infrastructure,1940,0.001371245522737948
East Asia,Metal ores,civil_infrastructure,1941,0.001426118525240905
East Asia,Metal ores,civil_infrastructure,1942,0.0014833146360045807
East Asia,Metal ores,civil_infrastructure,1943,0.0015431540261046566
East Asia,Metal ores,civil_infrastructure,1944,0.001606022027899764
East Asia,Metal ores,civil_infrastructure,1945,0.0016723794906375274
East Asia,Metal ores,civil_infrastructure,1946,0.001742773926981896
East Asia,Metal ores,civil_infrastructure,1947,0.0018178513474510986
East Asia,Metal ores,civil_infrastructure,1948,0.0018983686559691179
East Asia,Metal ores,civil_infrastructure,1949,0.001985206458763704
East Asia,Metal ores,civil_infrastructure,1950,0.0020793821214329542
East Asia,Metal ores,civil_infrastructure,1951,0.0021820628956727922
East Asia,Metal ores,civil_infrastructure,1952,0.0022945789284434985
East Asia,Metal ores,civil_infrastructure,1953,0.002418435962611176
East Asia,Metal ores,civil_infrastructure,1954,0.0025553275396810304
East Asia,Metal ores,civil_infrastructure,1955,0.002707146522319112
East Asia,Metal ores,civil_infrastructure,1956,0.00287599576713925
East Asia,Metal ores,civil_infrastructure,1957,0.0030641977966813635
East Asia,Metal ores,civil_infrastructure,1958,0.003274303343713023
East Asia,Metal ores,civil_infrastructure,1959,0.003509098670740822
East Asia,Metal ores,civil_infrastructure,1960,0.0037716116029357406
East Asia,Metal ores,civil_infrastructure,1961,0.004065116253174837
East Asia,Metal ores,civil_infrastructure,1962,0.004393136463422708
East Asia,Metal ores,civil_infrastructure,1963,0.004759448036483484
East Asia,Metal ores,civil_infrastructure,1964,0.005168079885492812
East Asia,Metal ores,civil_infrastructure,1965,0.005623314283767336
East Asia,Metal ores,civil_infrastructure,1966,0.006129686452750814
East Asia,Metal ores,civil_infrastructure,1967,0.006691983777651499
East Asia,Metal ores,civil_infrastructure,1968,0.007315244985040637
East Asia,Metal ores,civil_infrastructure,1969,0.008004759649367981
East Asia,Metal ores,civil_infrastructure,1970,0.008766068410837607
East Asia,Metal ores,civil_infrastructure,1971,0.00960496427996969
East Asia,Metal ores,civil_infrastructure,1972,0.010527495370044077
East Asia,Metal ores,civil_infrastructure,1973,0.011539969334438722
East Asia,Metal ores,civil_infrastructure,1974,0.012648959691107084
East Asia,Metal ores,civil_infrastructure,1975,0.01386131409388479
East Asia,Metal ores,civil_infrastructure,1976,0.015184164465826204
East Asia,Metal ores,civil_infrastructure,1977,0.016624938754027357
East Asia,Metal ores,civil_infrastructure,1978,0.01819137391082774
East Asia,Metal ores,civil_infrastructure,1979,0.01989152957012452
East Asia,Metal ores,civil_infrastructure,1980,0.02173380178678708
East Asia,Metal ores,civil_infrastructure,1981,0.023726936161264277
East Asia,Metal ores,civil_infrastructure,1982,0.02588003969733991
East Asia,Metal ores,civil_infrastructure,1983,0.028202590854677828
East Asia,Metal ores,civil_infrastructure,1984,0.030704447469644198
East Asia,Metal ores,civil_infrastructure,1985,0.03339585253313797
East Asia,Metal ores,civil_infrastructure,1986,0.03628743823034283
East Asia,Metal ores,civil_infrastructure,1987,0.03939022915185723
East Asia,Metal ores,civil_infrastructure,1988,0.04271564615897634
East Asia,Metal ores,civil_infrastructure,1989,0.04627551299785224
East Asia,Metal ores,civil_infrastructure,1990,0.05008206837284572
East Asia,Metal ores,civil_infrastructure,1991,0.054147986771245944
East Asia,Metal ores,civil_infrastructure,1992,0.05848641184205045
East Asia,Metal ores,civil_infrastructure,1993,0.06311100654195465
East Asia,Metal ores,civil_infrastructure,1994,0.06803602454939375
East Asia,Metal ores,civil_infrastructure,1995,0.07327640760388549
East Asia,Metal ores,civil_infrastructure,1996,0.07884791345276451
East Asia,Metal ores,civil_infrastructure,1997,0.08476727899030938
East Asia,Metal ores,civil_infrastructure,1998,0.09105242296548596
East Asia,Metal ores,civil_infrastructure,1999,0.09772269232645302
East Asia,Metal ores,civil_infrastructure,2000,0.10479915586228836
East Asia,Metal ores,civil_infrastructure,2001,0.11230494829220625
East Asia,Metal ores,civil_infrastructure,2002,0.12026566732038085
East Asia,Metal ores,civil_infrastructure,2003,0.12870982539652315
East Asia,Metal ores,civil_infrastructure,2004,0.13766935697130167
East Asia,Metal ores,civil_infrastructure,2005,0.14718018088525625
East Asia,Metal ores,civil_infrastructure,2006,0.15728281616669343
East Asia,Metal ores,civil_infrastructure,2007,0.16802304793985298
East Asia,Metal ores,civil_infrastructure,2008,0.17945263838446424
East Asia,Metal ores,civil_infrastructure,2009,0.1916300757887545
East Asia,Metal ores,civil_infrastructure,2010,0.20462135277701315
East Asia,Metal ores,civil_infrastructure,2011,0.21850076285853776
East Asia,Metal ores,civil_infrastructure,2012,0.2333517026542391
East Asia,Metal ores,civil_infrastructure,2013,0.2492674656198452
East Asia,Metal ores,civil_infrastructure,2014,0.2663520119244638
East Asia,Metal ores,civil_infrastructure,2015,0.28472069846689296
East Asia,Metal ores,civil_infrastructure,2016,0.3045009529165084
East Asia,Metal ores,machinery,1900,0.021883051686815275
East Asia,Metal ores,machinery,1901,0.022704141208770554
East Asia,Metal ores,machinery,1902,0.02357730700514115
East Asia,Metal ores,machinery,1903,0.024517848973395404
East Asia,Metal ores,machinery,1904,0.02555113217456652
East Asia,Metal ores,machinery,1905,0.026706881834288026
East Asia,Metal ores,machinery,1906,0.028033561795404466
East Asia,Metal ores,machinery,1907,0.029727433300238776
East Asia,Metal ores,machinery,1908,0.03238837039388588
East Asia,Metal ores,machinery,1909,0.03702992473954537
East Asia,Metal ores,machinery,1910,0.04459994860775525
East Asia,Metal ores,machinery,1911,0.05542351390241767
East Asia,Metal ores,machinery,1912,0.06904801782874255
East Asia,Metal ores,machinery,1913,0.08451396848546075
East Asia,Metal ores,machinery,1914,0.1007847456611695
East Asia,Metal ores,machinery,1915,0.11706921807027419
East Asia,Metal ores,machinery,1916,0.132929781523634
East Asia,Metal ores,machinery,1917,0.1482547161967277
East Asia,Metal ores,machinery,1918,0.1632031488481084
East Asia,Metal ores,machinery,1919,0.1781390091614609
East Asia,Metal ores,machinery,1920,0.19355165461128374
East Asia,Metal ores,machinery,1921,0.20995749352712034
East Asia,Metal ores,machinery,1922,0.22778931104727704
East Asia,Metal ores,machinery,1923,0.24733530764990236
East Asia,Metal ores,machinery,1924,0.2687121693908556
East Asia,Metal ores,machinery,1925,0.2917765843470516
East Asia,Metal ores,machinery,1926,0.31602827015463414
East Asia,Metal ores,machinery,1927,0.34071379677251107
East Asia,Metal ores,machinery,1928,0.3651654230458044
East Asia,Metal ores,machinery,1929,0.38913617284111696
East Asia,Metal ores,machinery,1930,0.4128999236488636
East Asia,Metal ores,machinery,1931,0.4372912148482727
East Asia,Metal ores,machinery,1932,0.46379405969845755
East Asia,Metal ores,machinery,1933,0.49394719380035995
East Asia,Metal ores,machinery,1934,0.5280088645322204
East Asia,Metal ores,machinery,1935,0.5643532254920867
East Asia,Metal ores,machinery,1936,0.6007018001295773
East Asia,Metal ores,machinery,1937,0.6360274019968127
East Asia,Metal ores,machinery,1938,0.6710676953307675
East Asia,Metal ores,machinery,1939,0.7072892957823874
East Asia,Metal ores,machinery,1940,0.7458051119410969
East Asia,Metal ores,machinery,1941,0.7872727011257638
East Asia,Metal ores,machinery,1942,0.8324684046283245
East Asia,Metal ores,machinery,1943,0.8827460132556045
East Asia,Metal ores,machinery,1944,0.9399860617762535
East Asia,Metal ores,machinery,1945,1.0061059181350247
East Asia,Metal ores,machinery,1946,1.0823896871350087
East Asia,Metal ores,machinery,1947,1.168945856039295
East Asia,Metal ores,machinery,1948,1.2646216068536327
East Asia,Metal ores,machinery,1949,1.3673685723674138
East Asia,Metal ores,machinery,1950,1.4745931016068927
East Asia,Metal ores,machinery,1951,1.5831489944875536
East Asia,Metal ores,machinery,1952,1.6887475987127178
East Asia,Metal ores,machinery,1953,1.7852027116022597
East Asia,Metal ores,machinery,1954,1.8654939330810856
East Asia,Metal ores,machinery,1955,1.9251635430340583
East Asia,Metal ores,machinery,1956,1.9652923881020103
East Asia,Metal ores,machinery,1957,1.9930857431232127
East Asia,Metal ores,machinery,1958,2.0201720741724096
East Asia,Metal ores,machinery,1959,2.059156980185515
East Asia,Metal ores,machinery,1960,2.119862863616868
East Asia,Metal ores,machinery,1961,2.207132145332482
East Asia,Metal ores,machinery,1962,2.3209004633383596
East Asia,Metal ores,machinery,1963,2.4581263867308385
East Asia,Metal ores,machinery,1964,2.6156799857080957
East Asia,Metal ores,machinery,1965,2.7933124767348314
East Asia,Metal ores,machinery,1966,2.9967600592611854
East Asia,Metal ores,machinery,1967,3.2400085307204756
East Asia,Metal ores,machinery,1968,3.5417994894607903
East Asia,Metal ores,machinery,1969,3.9141384186515937
East Asia,Metal ores,machinery,1970,4.352802650316158
East Asia,Metal ores,machinery,1971,4.841022498207403
East Asia,Metal ores,machinery,1972,5.362396906493326
East Asia,Metal ores,machinery,1973,5.910156018414876
East Asia,Metal ores,machinery,1974,6.486348067992383
East Asia,Metal ores,machinery,1975,7.09543383559775
East Asia,Metal ores,machinery,1976,7.750434544594753
East Asia,Metal ores,machinery,1977,8.49754252240257
East Asia,Metal ores,machinery,1978,9.420329738434972
East Asia,Metal ores,machinery,1979,10.59455184392774
East Asia,Metal ores,machinery,1980,12.035983849066225
East Asia,Metal ores,machinery,1981,13.692274545621393
East Asia,Metal ores,machinery,1982,15.465996678347981
East Asia,Metal ores,machinery,1983,17.240812129195582
East Asia,Metal ores,machinery,1984,18.910598794161736
East Asia,Metal ores,machinery,1985,20.410740009453338
East Asia,Metal ores,machinery,1986,21.737131088935477
East Asia,Metal ores,machinery,1987,22.93931829686388
East Asia,Metal ores,machinery,1988,24.088373450533123
East Asia,Metal ores,machinery,1989,25.2392738040103
East Asia,Metal ores,machinery,1990,26.414010645648162
East Asia,Metal ores,machinery,1991,27.611676085925698
East Asia,Metal ores,machinery,1992,28.82895588964975
East Asia,Metal ores,machinery,1993,30.071721955670746
East Asia,Metal ores,machinery,1994,31.347789200799877
East Asia,Metal ores,machinery,1995,32.65365783476345
East Asia,Metal ores,machinery,1996,33.979716125851375
East Asia,Metal ores,machinery,1997,35.32981012342192
East Asia,Metal ores,machinery,1998,36.72772307448161
East Asia,Metal ores,machinery,1999,38.20108803808101
East Asia,Metal ores,machinery,2000,39.76219816085889
East Asia,Metal ores,machinery,2001,41.407190310199
East Asia,Metal ores,machinery,2002,43.120914273267275
East Asia,Metal ores,machinery,2003,44.875755860804205
East Asia,Metal ores,machinery,2004,46.64399678419951
East Asia,Metal ores,machinery,2005,48.411647121656486
East Asia,Metal ores,machinery,2006,50.16424556302017
East Asia,Metal ores,machinery,2007,51.87236780772952
East Asia,Metal ores,machinery,2008,53.514748491541766
East Asia,Metal ores,machinery,2009,55.120515219756854
East Asia,Metal ores,machinery,2010,56.789620895129026
East Asia,Metal ores,machinery,2011,58.67092414445667
East Asia,Metal ores,machinery,2012,60.90753094966875
East Asia,Metal ores,machinery,2013,63.58972631240918
East Asia,Metal ores,machinery,2014,66.7440294708968
East Asia,Metal ores,machinery,2015,70.35112077646622
East Asia,Metal ores,machinery,2016,74.37491618933697
East Asia,Metal ores,short_lived,1900,0.01266261873157871
East Asia,Metal ores,short_lived,1901,0.035736988293968215
East Asia,Metal ores,short_lived,1902,0.03691595821115227
East Asia,Metal ores,short_lived,1903,0.04031499978475417
East Asia,Metal ores,short_lived,1904,0.04438420989285103
East Asia,Metal ores,short_lived,1905,0.04679727342413808
East Asia,Metal ores,short_lived,1906,0.048258736048262946
East Asia,Metal ores,short_lived,1907,0.05179257542861595
East Asia,Metal ores,short_lived,1908,0.05586425114155148
East Asia,Metal ores,short_lived,1909,0.060110737201420475
East Asia,Metal ores,short_lived,1910,0.06799814888711622
East Asia,Metal ores,short_lived,1911,0.07711307459568946
East Asia,Metal ores,short_lived,1912,0.0847117792374203
East Asia,Metal ores,short_lived,1913,0.09480111818019642
East Asia,Metal ores,short_lived,1914,0.10244432482423203
East Asia,Metal ores,short_lived,1915,0.10622932262508727
East Asia,Metal ores,short_lived,1916,0.1097010605421626
East Asia,Metal ores,short_lived,1917,0.11313690905794845
East Asia,Metal ores,short_lived,1918,0.11311232122725222
East Asia,Metal ores,short_lived,1919,0.11487069150040348
East Asia,Metal ores,short_lived,1920,0.12098100799660227
East Asia,Metal ores,short_lived,1921,0.12612320697584203
East Asia,Metal ores,short_lived,1922,0.1287221580118589
East Asia,Metal ores,short_lived,1923,0.13816783511790437
East Asia,Metal ores,short_lived,1924,0.14531143926783424
East Asia,Metal ores,short_lived,1925,0.1559625552852246
East Asia,Metal ores,short_lived,1926,0.16687291477312258
East Asia,Metal ores,short_lived,1927,0.17783370471945917
East Asia,Metal ores,short_lived,1928,0.18594076713324617
East Asia,Metal ores,short_lived,1929,0.19623313827888011
East Asia,Metal ores,short_lived,1930,0.20312305741150685
East Asia,Metal ores,short_lived,1931,0.2107633053749928
East Asia,Metal ores,short_lived,1932,0.21103809808572724
East Asia,Metal ores,short_lived,1933,0.2193497019961165
East Asia,Metal ores,short_lived,1934,0.2352192172232695
East Asia,Metal ores,short_lived,1935,0.25611164996128205
East Asia,Metal ores,short_lived,1936,0.28047183896913247
East Asia,Metal ores,short_lived,1937,0.30958024531396783
East Asia,Metal ores,short_lived,1938,0.3366410315563393
East Asia,Metal ores,short_lived,1939,0.35827507406045656
East Asia,Metal ores,short_lived,1940,0.3786108107479556
East Asia,Metal ores,short_lived,1941,0.39321552474454446
East Asia,Metal ores,short_lived,1942,0.40581575935116115
East Asia,Metal ores,short_lived,1943,0.4178689272244785
East Asia,Metal ores,short_lived,1944,0.4434694235129256
East Asia,Metal ores,short_lived,1945,0.4551977999548546
East Asia,Metal ores,short_lived,1946,0.4318863503901044
East Asia,Metal ores,short_lived,1947,0.45284457796270283
East Asia,Metal ores,short_lived,1948,0.49305956493684105
East Asia,Metal ores,short_lived,1949,0.5183421151454363
East Asia,Metal ores,short_lived,1950,0.5732183770733635
East Asia,Metal ores,short_lived,1951,0.6304929737137445
East Asia,Metal ores,short_lived,1952,0.6861217403881771
East Asia,Metal ores,short_lived,1953,0.7210464248328027
East Asia,Metal ores,short_lived,1954,0.7541211460810552
East Asia,Metal ores,short_lived,1955,0.7642087098982908
East Asia,Metal ores,short_lived,1956,0.7919708276635303
East Asia,Metal ores,short_lived,1957,0.8386058437536961
East Asia,Metal ores,short_lived,1958,0.8965747430962919
East Asia,Metal ores,short_lived,1959,1.0237056822628074
East Asia,Metal ores,short_lived,1960,1.2423185094964726
East Asia,Metal ores,short_lived,1961,1.4654969783097098
East Asia,Metal ores,short_lived,1962,1.4787700826511867
East Asia,Metal ores,short_lived,1963,1.532115732113194
East Asia,Metal ores,short_lived,1964,1.6166318408402685
East Asia,Metal ores,short_lived,1965,1.7901111963850693
East Asia,Metal ores,short_lived,1966,1.9150170194234513
East Asia,Metal ores,short_lived,1967,2.2481199575987136
East Asia,Metal ores,short_lived,1968,2.2527839052895495
East Asia,Metal ores,short_lived,1969,2.7566040178530153
East Asia,Metal ores,short_lived,1970,4.17884192821895
East Asia,Metal ores,short_lived,1971,4.894188909976585
East Asia,Metal ores,short_lived,1972,4.600641121454934
East Asia,Metal ores,short_lived,1973,4.633669780111095
East Asia,Metal ores,short_lived,1974,5.100694924863103
East Asia,Metal ores,short_lived,1975,4.6379271288267825
East Asia,Metal ores,short_lived,1976,4.66816957971697
East Asia,Metal ores,short_lived,1977,4.846914554761373
East Asia,Metal ores,short_lived,1978,5.277424119105807
East Asia,Metal ores,short_lived,1979,5.984089111202308
East Asia,Metal ores,short_lived,1980,6.657802346949113
East Asia,Metal ores,short_lived,1981,7.114715863329893
East Asia,Metal ores,short_lived,1982,7.325408271459368
East Asia,Metal ores,short_lived,1983,7.701515565421552
East Asia,Metal ores,short_lived,1984,7.998043493688707
East Asia,Metal ores,short_lived,1985,8.15414157597689
East Asia,Metal ores,short_lived,1986,8.531170874632519
East Asia,Metal ores,short_lived,1987,8.690883462632767
East Asia,Metal ores,short_lived,1988,9.039143214278564
East Asia,Metal ores,short_lived,1989,9.519026061087832
East Asia,Metal ores,short_lived,1990,9.972163820140512
East Asia,Metal ores,short_lived,1991,10.733824195870925
East Asia,Metal ores,short_lived,1992,10.997480417148054
East Asia,Metal ores,short_lived,1993,10.615524843687913
East Asia,Metal ores,short_lived,1994,11.640720757360613
East Asia,Metal ores,short_lived,1995,11.806739868893441
East Asia,Metal ores,short_lived,1996,13.088608132974267
East Asia,Metal ores,short_lived,1997,13.678877559368974
East Asia,Metal ores,short_lived,1998,14.203610050657131
East Asia,Metal ores,short_lived,1999,13.78577378991888
East Asia,Metal ores,short_lived,2000,14.838331179672132
East Asia,Metal ores,short_lived,2001,15.38459969517607
East Asia,Metal ores,short_lived,2002,16.643450924667366
East Asia,Metal ores,short_lived,2003,18.337942119153595
East Asia,Metal ores,short_lived,2004,19.769503111927232
East Asia,Metal ores,short_lived,2005,19.790656141816658
East Asia,Metal ores,short_lived,2006,21.206328786874273
East Asia,Metal ores,short_lived,2007,22.056949415385752
East Asia,Metal ores,short_lived,2008,23.74570037540479
East Asia,Metal ores,short_lived,2009,25.350868470257023
East Asia,Metal ores,short_lived,2010,25.60729975158098
East Asia,Metal ores,short_lived,2011,27.472118957818253
East Asia,Metal ores,short_lived,2012,28.96757114010948
East Asia,Metal ores,short_lived,2013,35.65789985559564
East Asia,Metal ores,short_lived,2014,37.399555159145336
East Asia,Metal ores,short_lived,2015,38.87563931867737
East Asia,Metal ores,short_lived,2016,38.99989765017047
East Asia,Non-metallic minerals,buildings,1900,147.0124333533477
East Asia,Non-metallic minerals,buildings,1901,148.2535190669196
East Asia,Non-metallic minerals,buildings,1902,149.4706658863064
East Asia,Non-metallic minerals,buildings,1903,150.66468485905068
East Asia,Non-metallic minerals,buildings,1904,151.8363625460644
East Asia,Non-metallic minerals,buildings,1905,152.98651597235386
East Asia,Non-metallic minerals,buildings,1906,154.11603998198416
East Asia,Non-metallic minerals,buildings,1907,155.22594223716013
East Asia,Non-metallic minerals,buildings,1908,156.3173649855786
East Asia,Non-metallic minerals,buildings,1909,157.39159323019808
East Asia,Non-metallic minerals,buildings,1910,158.4500458080035
East Asia,Non-metallic minerals,buildings,1911,159.49424695141124
East Asia,Non-metallic minerals,buildings,1912,160.5257823707679
East Asia,Non-metallic minerals,buildings,1913,161.54624983644487
East Asia,Non-metallic minerals,buildings,1914,162.5572154214359
East Asia,Non-metallic minerals,buildings,1915,163.56018326394275
East Asia,Non-metallic minerals,buildings,1916,164.55658166115998
East Asia,Non-metallic minerals,buildings,1917,165.5477641842147
East Asia,Non-metallic minerals,buildings,1918,166.53502199417224
East Asia,Non-metallic minerals,buildings,1919,167.5196019881276
East Asia,Non-metallic minerals,buildings,1920,168.50272626658796
East Asia,Non-metallic minerals,buildings,1921,169.4856129332345
East Asia,Non-metallic minerals,buildings,1922,170.46950289796808
East Asia,Non-metallic minerals,buildings,1923,171.4556984889179
East Asia,Non-metallic minerals,buildings,1924,172.44561734966487
East Asia,Non-metallic minerals,buildings,1925,173.4408593755351
East Asia,Non-metallic minerals,buildings,1926,174.44327678514125
East Asia,Non-metallic minerals,buildings,1927,175.45503255184758
East Asia,Non-metallic minerals,buildings,1928,176.4786319879385
East Asia,Non-metallic minerals,buildings,1929,177.51691533020326
East Asia,Non-metallic minerals,buildings,1930,178.57300647054458
East Asia,Non-metallic minerals,buildings,1931,179.65022293633345
East Asia,Non-metallic minerals,buildings,1932,180.75196000432265
East Asia,Non-metallic minerals,buildings,1933,181.88156309120774
East Asia,Non-metallic minerals,buildings,1934,183.04219719060575
East Asia,Non-metallic minerals,buildings,1935,184.23671660363547
East Asia,Non-metallic minerals,buildings,1936,185.46753926217053
East Asia,Non-metallic minerals,buildings,1937,186.73653594765196
East Asia,Non-metallic minerals,buildings,1938,188.04494691070528
East Asia,Non-metallic minerals,buildings,1939,189.39333029171445
East Asia,Non-metallic minerals,buildings,1940,190.781532894021
East Asia,Non-metallic minerals,buildings,1941,192.20866821227793
East Asia,Non-metallic minerals,buildings,1942,193.673098623994
East Asia,Non-metallic minerals,buildings,1943,195.17244140099913
East Asia,Non-metallic minerals,buildings,1944,196.70363351752638
East Asia,Non-metallic minerals,buildings,1945,198.26308273893198
East Asia,Non-metallic minerals,buildings,1946,199.8469002089396
East Asia,Non-metallic minerals,buildings,1947,201.4511692843487
East Asia,Non-metallic minerals,buildings,1948,203.07217938619152
East Asia,Non-metallic minerals,buildings,1949,204.70655193398886
East Asia,Non-metallic minerals,buildings,1950,206.35120728138807
East Asia,Non-metallic minerals,buildings,1951,208.0031628521663
East Asia,Non-metallic minerals,buildings,1952,209.65920182233282
East Asia,Non-metallic minerals,buildings,1953,211.31549243941078
East Asia,Non-metallic minerals,buildings,1954,212.96725466585573
East Asia,Non-metallic minerals,buildings,1955,214.6085535309133
East Asia,Non-metallic minerals,buildings,1956,216.23226448749108
East Asia,Non-metallic minerals,buildings,1957,217.83023617182738
East Asia,Non-metallic minerals,buildings,1958,219.39367182984765
East Asia,Non-metallic minerals,buildings,1959,220.91373752152518
East Asia,Non-metallic minerals,buildings,1960,222.3823869775501
East Asia,Non-metallic minerals,buildings,1961,223.79338619125133
East Asia,Non-metallic minerals,buildings,1962,225.1435029627023
East Asia,Non-metallic minerals,buildings,1963,226.43377103875474
East Asia,Non-metallic minerals,buildings,1964,227.6706579614088
East Asia,Non-metallic minerals,buildings,1965,228.8669070841395
East Asia,Non-metallic minerals,buildings,1966,230.0418429011206
East Asia,Non-metallic minerals,buildings,1967,231.22105167749595
East Asia,Non-metallic minerals,buildings,1968,232.43553821389804
East Asia,Non-metallic minerals,buildings,1969,233.72059805365586
East Asia,Non-metallic minerals,buildings,1970,235.11461013103806
East Asia,Non-metallic minerals,buildings,1971,236.65777798174483
East Asia,Non-metallic minerals,buildings,1972,238.39072855860965
East Asia,Non-metallic minerals,buildings,1973,240.35296258355643
East Asia,Non-metallic minerals,buildings,1974,242.58136263000705
East Asia,Non-metallic minerals,buildings,1975,245.10910578582303
East Asia,Non-metallic minerals,buildings,1976,247.9652854145587
East Asia,Non-metallic minerals,buildings,1977,251.1753771967333
East Asia,Non-metallic minerals,buildings,1978,254.76252288295427
East Asia,Non-metallic minerals,buildings,1979,258.74951930266144
East Asia,Non-metallic minerals,buildings,1980,263.1613229957946
East Asia,Non-metallic minerals,buildings,1981,268.02775321257127
East Asia,Non-metallic minerals,buildings,1982,273.3859796809543
East Asia,Non-metallic minerals,buildings,1983,279.2823027227232
East Asia,Non-metallic minerals,buildings,1984,285.77257746376466
East Asia,Non-metallic minerals,buildings,1985,292.9206852840687
East Asia,Non-metallic minerals,buildings,1986,300.795026541891
East Asia,Non-metallic minerals,buildings,1987,309.4638702711608
East Asia,Non-metallic minerals,buildings,1988,318.99103736167547
East Asia,Non-metallic minerals,buildings,1989,329.4334028472899
East Asia,Non-metallic minerals,buildings,1990,340.8410407257627
East Asia,Non-metallic minerals,buildings,1991,353.2599052602555
East Asia,Non-metallic minerals,buildings,1992,366.73626062875906
East Asia,Non-metallic minerals,buildings,1993,381.3219832489647
East Asia,Non-metallic minerals,buildings,1994,397.0804143331761
East Asia,Non-metallic minerals,buildings,1995,414.0931896432732
East Asia,Non-metallic minerals,buildings,1996,432.46867489355986
East Asia,Non-metallic minerals,buildings,1997,452.3520205384274
East Asia,Non-metallic minerals,buildings,1998,473.9355927877947
East Asia,Non-metallic minerals,buildings,1999,497.4664507063032
East Asia,Non-metallic minerals,buildings,2000,523.2458847091326
East Asia,Non-metallic minerals,buildings,2001,551.6179980340082
East Asia,Non-metallic minerals,buildings,2002,582.9502859294583
East Asia,Non-metallic minerals,buildings,2003,617.6147242264451
East Asia,Non-metallic minerals,buildings,2004,655.9782266705554
East Asia,Non-metallic minerals,buildings,2005,698.4057691318064
East Asia,Non-metallic minerals,buildings,2006,745.2714312902968
East Asia,Non-metallic minerals,buildings,2007,796.9664697423794
East Asia,Non-metallic minerals,buildings,2008,853.8922730290781
East Asia,Non-metallic minerals,buildings,2009,916.4303127384545
East Asia,Non-metallic minerals,buildings,2010,984.8903999303619
East Asia,Non-metallic minerals,buildings,2011,1059.4502300450383
East Asia,Non-metallic minerals,buildings,2012,1140.1075885317405
East Asia,Non-metallic minerals,buildings,2013,1226.6669240978003
East Asia,Non-metallic minerals,buildings,2014,1318.7726644325992
East Asia,Non-metallic minerals,buildings,2015,1415.985267251146
East Asia,Non-metallic minerals,buildings,2016,1517.8818761540415
East Asia,Non-metallic minerals,civil_infrastructure,1900,0.17779264069810544
East Asia,Non-metallic minerals,civil_infrastructure,1901,0.19561728322112082
East Asia,Non-metallic minerals,civil_infrastructure,1902,0.21391056827539873
East Asia,Non-metallic minerals,civil_infrastructure,1903,0.23264219850699774
East Asia,Non-metallic minerals,civil_infrastructure,1904,0.2517888430856954
East Asia,Non-metallic minerals,civil_infrastructure,1905,0.27133255939090806
East Asia,Non-metallic minerals,civil_infrastructure,1906,0.2912594593272647
East Asia,Non-metallic minerals,civil_infrastructure,1907,0.3115592738838828
East Asia,Non-metallic minerals,civil_infrastructure,1908,0.33222911675815403
East Asia,Non-metallic minerals,civil_infrastructure,1909,0.35328915006058464
East Asia,Non-metallic minerals,civil_infrastructure,1910,0.3748144219115552
East Asia,Non-metallic minerals,civil_infrastructure,1911,0.39696644152469046
East Asia,Non-metallic minerals,civil_infrastructure,1912,0.41998862370250173
East Asia,Non-metallic minerals,civil_infrastructure,1913,0.4441447581254478
East Asia,Non-metallic minerals,civil_infrastructure,1914,0.46962265181666124
East Asia,Non-metallic minerals,civil_infrastructure,1915,0.4964575570283537
East Asia,Non-metallic minerals,civil_infrastructure,1916,0.5245267269059016
East Asia,Non-metallic minerals,civil_infrastructure,1917,0.553623493139713
East Asia,Non-metallic minerals,civil_infrastructure,1918,0.583562935994304
East Asia,Non-metallic minerals,civil_infrastructure,1919,0.6142491417831916
East Asia,Non-metallic minerals,civil_infrastructure,1920,0.6456643166258438
East Asia,Non-metallic minerals,civil_infrastructure,1921,0.67779431959351355
East Asia,Non-metallic minerals,civil_infrastructure,1922,0.7105509041963651
East Asia,Non-metallic minerals,civil_infrastructure,1923,0.7437668436155946
East Asia,Non-metallic minerals,civil_infrastructure,1924,0.777299487589718
East Asia,Non-metallic minerals,civil_infrastructure,1925,0.8111859987649153
East Asia,Non-metallic minerals,civil_infrastructure,1926,0.845720230729177
East Asia,Non-metallic minerals,civil_infrastructure,1927,0.8813438392381655
East Asia,Non-metallic minerals,civil_infrastructure,1928,0.9183669559936436
East Asia,Non-metallic minerals,civil_infrastructure,1929,0.9566691220435202
East Asia,Non-metallic minerals,civil_infrastructure,1930,0.9955646598349361
East Asia,Non-metallic minerals,civil_infrastructure,1931,1.0339186329258858
East Asia,Non-metallic minerals,civil_infrastructure,1932,1.0704531333512686
East Asia,Non-metallic minerals,civil_infrastructure,1933,1.1040982558567305
East Asia,Non-metallic minerals,civil_infrastructure,1934,1.1342567441146756
East Asia,Non-metallic minerals,civil_infrastructure,1935,1.160921398612343
East Asia,Non-metallic minerals,civil_infrastructure,1936,1.1846515649416398
East Asia,Non-metallic minerals,civil_infrastructure,1937,1.2064586503059511
East Asia,Non-metallic minerals,civil_infrastructure,1938,1.2276697119752997
East Asia,Non-metallic minerals,civil_infrastructure,1939,1.2498247096551969
East Asia,Non-metallic minerals,civil_infrastructure,1940,1.2746103930102926
East Asia,Non-metallic minerals,civil_infrastructure,1941,1.303772094474204
East Asia,Non-metallic minerals,civil_infrastructure,1942,1.3389459563389852
East Asia,Non-metallic minerals,civil_infrastructure,1943,1.3814448132535588
East Asia,Non-metallic minerals,civil_infrastructure,1944,1.4321182259616725
East Asia,Non-metallic minerals,civil_infrastructure,1945,1.4913789726008033
East Asia,Non-metallic minerals,civil_infrastructure,1946,1.559363429813388
East Asia,Non-metallic minerals,civil_infrastructure,1947,1.6360962188172234
East Asia,Non-metallic minerals,civil_infrastructure,1948,1.7215427287514449
East Asia,Non-metallic minerals,civil_infrastructure,1949,1.8155283366693904
East Asia,Non-metallic minerals,civil_infrastructure,1950,1.9175926516757897
East Asia,Non-metallic minerals,civil_infrastructure,1951,2.0268663012980523
East Asia,Non-metallic minerals,civil_infrastructure,1952,2.142019102663232
East Asia,Non-metallic minerals,civil_infrastructure,1953,2.2612843151882847
East Asia,Non-metallic minerals,civil_infrastructure,1954,2.382526147565946
East Asia,Non-metallic minerals,civil_infrastructure,1955,2.5033179348266934
East Asia,Non-metallic minerals,civil_infrastructure,1956,2.621079864031936
East Asia,Non-metallic minerals,civil_infrastructure,1957,2.733396788924647
East Asia,Non-metallic minerals,civil_infrastructure,1958,2.8385851768794517
East Asia,Non-metallic minerals,civil_infrastructure,1959,2.9364344187560762
East Asia,Non-metallic minerals,civil_infrastructure,1960,3.028886267637677
East Asia,Non-metallic minerals,civil_infrastructure,1961,3.1203321903416996
East Asia,Non-metallic minerals,civil_infrastructure,1962,3.2173428804540714
East Asia,Non-metallic minerals,civil_infrastructure,1963,3.32794633729296
East Asia,Non-metallic minerals,civil_infrastructure,1964,3.460778826687561
East Asia,Non-metallic minerals,civil_infrastructure,1965,3.6244336112744615
East Asia,Non-metallic minerals,civil_infrastructure,1966,3.827215475354257
East Asia,Non-metallic minerals,civil_infrastructure,1967,4.077360036009955
East Asia,Non-metallic minerals,civil_infrastructure,1968,4.383679005976432
East Asia,Non-metallic minerals,civil_infrastructure,1969,4.756564880831496
East Asia,Non-metallic minerals,civil_infrastructure,1970,5.209225280402129
East Asia,Non-metallic minerals,civil_infrastructure,1971,5.758897856204086
East Asia,Non-metallic minerals,civil_infrastructure,1972,6.427721888177561
East Asia,Non-metallic minerals,civil_infrastructure,1973,7.242991357743533
East Asia,Non-metallic minerals,civil_infrastructure,1974,8.236662422742707
East Asia,Non-metallic minerals,civil_infrastructure,1975,9.444259917113115
East Asia,Non-metallic minerals,civil_infrastructure,1976,10.903712540563925
East Asia,Non-metallic minerals,civil_infrastructure,1977,12.654755856444492
East Asia,Non-metallic minerals,civil_infrastructure,1978,14.739349572904487
East Asia,Non-metallic minerals,civil_infrastructure,1979,17.203657493872967
East Asia,Non-metallic minerals,civil_infrastructure,1980,20.101829206649256
East Asia,Non-metallic minerals,civil_infrastructure,1981,23.499626431626528
East Asia,Non-metallic minerals,civil_infrastructure,1982,27.473080250727513
East Asia,Non-metallic minerals,civil_infrastructure,1983,32.09694622500828
East Asia,Non-metallic minerals,civil_infrastructure,1984,37.42188551192028
East Asia,Non-metallic minerals,civil_infrastructure,1985,43.44774122302035
East Asia,Non-metallic minerals,civil_infrastructure,1986,50.1075307109219
East Asia,Non-metallic minerals,civil_infrastructure,1987,57.27439470456091
East Asia,Non-metallic minerals,civil_infrastructure,1988,64.79011966038505
East Asia,Non-metallic minerals,civil_infrastructure,1989,72.49931710982781
East Asia,Non-metallic minerals,civil_infrastructure,1990,80.27081421878063
East Asia,Non-metallic minerals,civil_infrastructure,1991,87.9990844022575
East Asia,Non-metallic minerals,civil_infrastructure,1992,95.59297819469691
East Asia,Non-metallic minerals,civil_infrastructure,1993,102.96473694502458
East Asia,Non-metallic minerals,civil_infrastructure,1994,110.02757149936161
East Asia,Non-metallic minerals,civil_infrastructure,1995,116.70263977703061
East Asia,Non-metallic minerals,civil_infrastructure,1996,122.93222055695162
East Asia,Non-metallic minerals,civil_infrastructure,1997,128.6946899187867
East Asia,Non-metallic minerals,civil_infrastructure,1998,134.01625565246033
East Asia,Non-metallic minerals,civil_infrastructure,1999,138.9746611350263
East Asia,Non-metallic minerals,civil_infrastructure,2000,143.69240546231774
East Asia,Non-metallic minerals,civil_infrastructure,2001,148.32057158986066
East Asia,Non-metallic minerals,civil_infrastructure,2002,153.01711689204626
East Asia,Non-metallic minerals,civil_infrastructure,2003,157.92483998943356
East Asia,Non-metallic minerals,civil_infrastructure,2004,163.15482949804752
East Asia,Non-metallic minerals,civil_infrastructure,2005,168.78054087845712
East Asia,Non-metallic minerals,civil_infrastructure,2006,174.843743123442
East Asia,Non-metallic minerals,civil_infrastructure,2007,181.36667989823695
East Asia,Non-metallic minerals,civil_infrastructure,2008,188.36058893498472
East Asia,Non-metallic minerals,civil_infrastructure,2009,195.82480293483582
East Asia,Non-metallic minerals,civil_infrastructure,2010,203.73938172195042
East Asia,Non-metallic minerals,civil_infrastructure,2011,212.05891298424717
East Asia,Non-metallic minerals,civil_infrastructure,2012,220.7146078884632
East Asia,Non-metallic minerals,civil_infrastructure,2013,229.62921287297678
East Asia,Non-metallic minerals,civil_infrastructure,2014,238.74236062578296
East Asia,Non-metallic minerals,civil_infrastructure,2015,248.03415538089163
East Asia,Non-metallic minerals,civil_infrastructure,2016,257.53223399302993
East Asia,Non-metallic minerals,machinery,1900,0.06194612306507904
East Asia,Non-metallic minerals,machinery,1901,0.06216324320420826
East Asia,Non-metallic minerals,machinery,1902,0.06239630265983123
East Asia,Non-metallic minerals,machinery,1903,0.06264704306415096
East Asia,Non-metallic minerals,machinery,1904,0.06291626932590709
East Asia,Non-metallic minerals,machinery,1905,0.06320354028593611
East Asia,Non-metallic minerals,machinery,1906,0.06350732375096203
East Asia,Non-metallic minerals,machinery,1907,0.06382559522720821
East Asia,Non-metallic minerals,machinery,1908,0.06415738755310615
East Asia,Non-metallic minerals,machinery,1909,0.06450645653603587
East Asia,Non-metallic minerals,machinery,1910,0.06488636896317848
East Asia,Non-metallic minerals,machinery,1911,0.06532258656090739
East Asia,Non-metallic minerals,machinery,1912,0.06584778357437143
East Asia,Non-metallic minerals,machinery,1913,0.06649231301294725
East Asia,Non-metallic minerals,machinery,1914,0.06727553724205178
East Asia,Non-metallic minerals,machinery,1915,0.06820219675699069
East Asia,Non-metallic minerals,machinery,1916,0.06926408417039868
East Asia,Non-metallic minerals,machinery,1917,0.0704447848416406
East Asia,Non-metallic minerals,machinery,1918,0.07172513952376587
East Asia,Non-metallic minerals,machinery,1919,0.07308824858399238
East Asia,Non-metallic minerals,machinery,1920,0.07452340650370454
East Asia,Non-metallic minerals,machinery,1921,0.07602786116678276
East Asia,Non-metallic minerals,machinery,1922,0.07760552150225715
East Asia,Non-metallic minerals,machinery,1923,0.07926335481609571
East Asia,Non-metallic minerals,machinery,1924,0.08100751133477767
East Asia,Non-metallic minerals,machinery,1925,0.0828408976733715
East Asia,Non-metallic minerals,machinery,1926,0.08476256975376223
East Asia,Non-metallic minerals,machinery,1927,0.08676834506605459
East Asia,Non-metallic minerals,machinery,1928,0.088851942672773
East Asia,Non-metallic minerals,machinery,1929,0.09100587961453101
East Asia,Non-metallic minerals,machinery,1930,0.09322137046787944
East Asia,Non-metallic minerals,machinery,1931,0.0954875941112597
East Asia,Non-metallic minerals,machinery,1932,0.09779162524769852
East Asia,Non-metallic minerals,machinery,1933,0.10011963574751072
East Asia,Non-metallic minerals,machinery,1934,0.1024587809282396
East Asia,Non-metallic minerals,machinery,1935,0.10479887682939325
East Asia,Non-metallic minerals,machinery,1936,0.10713337890747013
East Asia,Non-metallic minerals,machinery,1937,0.10945961695458774
East Asia,Non-metallic minerals,machinery,1938,0.11177858482497563
East Asia,Non-metallic minerals,machinery,1939,0.1140948610980401
East Asia,Non-metallic minerals,machinery,1940,0.1164168553559242
East Asia,Non-metallic minerals,machinery,1941,0.11875648074757669
East Asia,Non-metallic minerals,machinery,1942,0.12112708415856249
East Asia,Non-metallic minerals,machinery,1943,0.12353988257920079
East Asia,Non-metallic minerals,machinery,1944,0.12600079219329424
East Asia,Non-metallic minerals,machinery,1945,0.12850940574626032
East Asia,Non-metallic minerals,machinery,1946,0.13106021333602458
East Asia,Non-metallic minerals,machinery,1947,0.13364473836199256
East Asia,Non-metallic minerals,machinery,1948,0.13625326075319627
East Asia,Non-metallic minerals,machinery,1949,0.13887667284251554
East Asia,Non-metallic minerals,machinery,1950,0.14151001125119494
East Asia,Non-metallic minerals,machinery,1951,0.14415629442827912
East Asia,Non-metallic minerals,machinery,1952,0.14682689509065358
East Asia,Non-metallic minerals,machinery,1953,0.14953728616184697
East Asia,Non-metallic minerals,machinery,1954,0.1523024858389221
East Asia,Non-metallic minerals,machinery,1955,0.1551392881129868
East Asia,Non-metallic minerals,machinery,1956,0.15807276892239724
East Asia,Non-metallic minerals,machinery,1957,0.16113301895138987
East Asia,Non-metallic minerals,machinery,1958,0.16434264506548477
East Asia,Non-metallic minerals,machinery,1959,0.16772036674947
East Asia,Non-metallic minerals,machinery,1960,0.17131392156656428
East Asia,Non-metallic minerals,machinery,1961,0.17523397181912875
East Asia,Non-metallic minerals,machinery,1962,0.17965114411787764
East Asia,Non-metallic minerals,machinery,1963,0.18475355855639092
East Asia,Non-metallic minerals,machinery,1964,0.19069452113801705
East Asia,Non-metallic minerals,machinery,1965,0.1975607110306868
East Asia,Non-metallic minerals,machinery,1966,0.20537023393026224
East Asia,Non-metallic minerals,machinery,1967,0.21408676630187148
East Asia,Non-metallic minerals,machinery,1968,0.2236269929677414
East Asia,Non-metallic minerals,machinery,1969,0.23385450370098043
East Asia,Non-metallic minerals,machinery,1970,0.2445849276217738
East Asia,Non-metallic minerals,machinery,1971,0.25563241151984273
East Asia,Non-metallic minerals,machinery,1972,0.26688373468916987
East Asia,Non-metallic minerals,machinery,1973,0.2783471248814779
East Asia,Non-metallic minerals,machinery,1974,0.290143670608412
East Asia,Non-metallic minerals,machinery,1975,0.30245767492526626
East Asia,Non-metallic minerals,machinery,1976,0.31548093410509026
East Asia,Non-metallic minerals,machinery,1977,0.3293726939325192
East Asia,Non-metallic minerals,machinery,1978,0.34423617448869226
East Asia,Non-metallic minerals,machinery,1979,0.3600972250344451
East Asia,Non-metallic minerals,machinery,1980,0.37687922514539507
East Asia,Non-metallic minerals,machinery,1981,0.3943962773347209
East Asia,Non-metallic minerals,machinery,1982,0.4123809283007297
East Asia,Non-metallic minerals,machinery,1983,0.4305282192430744
East Asia,Non-metallic minerals,machinery,1984,0.4485406033076461
East Asia,Non-metallic minerals,machinery,1985,0.46617067413816937
East Asia,Non-metallic minerals,machinery,1986,0.4832500699672508
East Asia,Non-metallic minerals,machinery,1987,0.4997136011708962
East Asia,Non-metallic minerals,machinery,1988,0.5156558821024514
East Asia,Non-metallic minerals,machinery,1989,0.531443784069267
East Asia,Non-metallic minerals,machinery,1990,0.5478161466046019
East Asia,Non-metallic minerals,machinery,1991,0.5657832309551415
East Asia,Non-metallic minerals,machinery,1992,0.5862390241798427
East Asia,Non-metallic minerals,machinery,1993,0.6095118561184328
East Asia,Non-metallic minerals,machinery,1994,0.6351877373636011
East Asia,Non-metallic minerals,machinery,1995,0.6623135131747173
East Asia,Non-metallic minerals,machinery,1996,0.6898590264256135
East Asia,Non-metallic minerals,machinery,1997,0.7174372380413075
East Asia,Non-metallic minerals,machinery,1998,0.7463346387599691
East Asia,Non-metallic minerals,machinery,1999,0.7795813725594287
East Asia,Non-metallic minerals,machinery,2000,0.8192396947069714
East Asia,Non-metallic minerals,machinery,2001,0.8627747072546574
East Asia,Non-metallic minerals,machinery,2002,0.9032085374259824
East Asia,Non-metallic minerals,machinery,2003,0.9338275553923646
East Asia,Non-metallic minerals,machinery,2004,0.9526204607752052
East Asia,Non-metallic minerals,machinery,2005,0.9622564042972528
East Asia,Non-metallic minerals,machinery,2006,0.9669321676209467
East Asia,Non-metallic minerals,machinery,2007,0.9700619222005122
East Asia,Non-metallic minerals,machinery,2008,0.9742455893697278
East Asia,Non-metallic minerals,machinery,2009,0.9824512983651941
East Asia,Non-metallic minerals,machinery,2010,0.9998696613856999
East Asia,Non-metallic minerals,machinery,2011,1.0372529224514386
East Asia,Non-metallic minerals,machinery,2012,1.1142433431055607
East Asia,Non-metallic minerals,machinery,2013,1.2560637001867196
East Asia,Non-metallic minerals,machinery,2014,1.4781814672139042
East Asia,Non-metallic minerals,machinery,2015,1.7660768915813858
East Asia,Non-metallic minerals,machinery,2016,2.069850352268476
East Asia,Non-metallic minerals,short_lived,1900,0.4640315267558321
East Asia,Non-metallic minerals,short_lived,1901,0.45188863665072276
East Asia,Non-metallic minerals,short_lived,1902,0.4670921286365114
East Asia,Non-metallic minerals,short_lived,1903,0.48229771683984024
East Asia,Non-metallic minerals,short_lived,1904,0.49782441121120685
East Asia,Non-metallic minerals,short_lived,1905,0.5132993447876963
East Asia,Non-metallic minerals,short_lived,1906,0.5290051621824412
East Asia,Non-metallic minerals,short_lived,1907,0.5448666885413116
East Asia,Non-metallic minerals,short_lived,1908,0.5607760626184387
East Asia,Non-metallic minerals,short_lived,1909,0.5767088564750759
East Asia,Non-metallic minerals,short_lived,1910,0.5929423249196732
East Asia,Non-metallic minerals,short_lived,1911,0.6097237920618654
East Asia,Non-metallic minerals,short_lived,1912,0.6246035030764594
East Asia,Non-metallic minerals,short_lived,1913,0.6408739436752529
East Asia,Non-metallic minerals,short_lived,1914,0.6569974550287396
East Asia,Non-metallic minerals,short_lived,1915,0.6694649133201293
East Asia,Non-metallic minerals,short_lived,1916,0.6809900144340516
East Asia,Non-metallic minerals,short_lived,1917,0.6928908403857663
East Asia,Non-metallic minerals,short_lived,1918,0.7041137385906475
East Asia,Non-metallic minerals,short_lived,1919,0.71480266252824
East Asia,Non-metallic minerals,short_lived,1920,0.7242026356429271
East Asia,Non-metallic minerals,short_lived,1921,0.7369007574737002
East Asia,Non-metallic minerals,short_lived,1922,0.7597250921250025
East Asia,Non-metallic minerals,short_lived,1923,0.7809253098296556
East Asia,Non-metallic minerals,short_lived,1924,0.8022513638738881
East Asia,Non-metallic minerals,short_lived,1925,0.8239582473753296
East Asia,Non-metallic minerals,short_lived,1926,0.8453797409286145
East Asia,Non-metallic minerals,short_lived,1927,0.8665615199291093
East Asia,Non-metallic minerals,short_lived,1928,0.8880801210409316
East Asia,Non-metallic minerals,short_lived,1929,0.9095669121542045
East Asia,Non-metallic minerals,short_lived,1930,0.9310039506554417
East Asia,Non-metallic minerals,short_lived,1931,0.9524597436905332
East Asia,Non-metallic minerals,short_lived,1932,0.9677929639037713
East Asia,Non-metallic minerals,short_lived,1933,0.9825633916882582
East Asia,Non-metallic minerals,short_lived,1934,0.9975195809998244
East Asia,Non-metallic minerals,short_lived,1935,1.0148222572958918
East Asia,Non-metallic minerals,short_lived,1936,1.0316389787142857
East Asia,Non-metallic minerals,short_lived,1937,1.0487402706473412
East Asia,Non-metallic minerals,short_lived,1938,1.0657659163437372
East Asia,Non-metallic minerals,short_lived,1939,1.0833408070354982
East Asia,Non-metallic minerals,short_lived,1940,1.1015336689921715
East Asia,Non-metallic minerals,short_lived,1941,1.0921759453551398
East Asia,Non-metallic minerals,short_lived,1942,1.1175942997692028
East Asia,Non-metallic minerals,short_lived,1943,1.145032469591656
East Asia,Non-metallic minerals,short_lived,1944,1.172172871030804
East Asia,Non-metallic minerals,short_lived,1945,1.1992049481547453
East Asia,Non-metallic minerals,short_lived,1946,1.2259636321080065
East Asia,Non-metallic minerals,short_lived,1947,1.2397551991598394
East Asia,Non-metallic minerals,short_lived,1948,1.4426648244142584
East Asia,Non-metallic minerals,short_lived,1949,1.475571639201338
East Asia,Non-metallic minerals,short_lived,1950,1.5055901765198723
East Asia,Non-metallic minerals,short_lived,1951,1.538853378390818
East Asia,Non-metallic minerals,short_lived,1952,1.5989805707646165
East Asia,Non-metallic minerals,short_lived,1953,1.6622889632945248
East Asia,Non-metallic minerals,short_lived,1954,1.7284886697793045
East Asia,Non-metallic minerals,short_lived,1955,1.7982600832189632
East Asia,Non-metallic minerals,short_lived,1956,1.870503733741509
East Asia,Non-metallic minerals,short_lived,1957,1.9449504583211477
East Asia,Non-metallic minerals,short_lived,1958,2.024006201519545
East Asia,Non-metallic minerals,short_lived,1959,2.10514282772192
East Asia,Non-metallic minerals,short_lived,1960,2.1873931644514664
East Asia,Non-metallic minerals,short_lived,1961,2.263465896890374
East Asia,Non-metallic minerals,short_lived,1962,2.3430773103499836
East Asia,Non-metallic minerals,short_lived,1963,2.4344339122050838
East Asia,Non-metallic minerals,short_lived,1964,2.535759409318936
East Asia,Non-metallic minerals,short_lived,1965,2.6380618953801402
East Asia,Non-metallic minerals,short_lived,1966,2.7455210281284392
East Asia,Non-metallic minerals,short_lived,1967,2.8535375299394867
East Asia,Non-metallic minerals,short_lived,1968,2.9709505700712304
East Asia,Non-metallic minerals,short_lived,1969,3.0956977840332263
East Asia,Non-metallic minerals,short_lived,1970,3.2227353185998675
East Asia,Non-metallic minerals,short_lived,1971,3.347917790276162
East Asia,Non-metallic minerals,short_lived,1972,3.532099428242426
East Asia,Non-metallic minerals,short_lived,1973,3.669663390081274
East Asia,Non-metallic minerals,short_lived,1974,3.9021867118572895
East Asia,Non-metallic minerals,short_lived,1975,4.091462616898809
East Asia,Non-metallic minerals,short_lived,1976,4.06560136582612
East Asia,Non-metallic minerals,short_lived,1977,4.303271427389329
East Asia,Non-metallic minerals,short_lived,1978,4.339921095062265
East Asia,Non-metallic minerals,short_lived,1979,4.465644118888902
East Asia,Non-metallic minerals,short_lived,1980,4.64065972188048
East Asia,Non-metallic minerals,short_lived,1981,4.919475379860644
East Asia,Non-metallic minerals,short_lived,1982,4.790136389939025
East Asia,Non-metallic minerals,short_lived,1983,4.930852822500572
East Asia,Non-metallic minerals,short_lived,1984,5.025928862703862
East Asia,Non-metallic minerals,short_lived,1985,5.220549953701395
East Asia,Non-metallic minerals,short_lived,1986,5.26210455311908
East Asia,Non-metallic minerals,short_lived,1987,4.990084467601004
East Asia,Non-metallic minerals,short_lived,1988,5.094630152864843
East Asia,Non-metallic minerals,short_lived,1989,5.159707586672385
East Asia,Non-metallic minerals,short_lived,1990,5.305848842598011
East Asia,Non-metallic minerals,short_lived,1991,5.406938239757982
East Asia,Non-metallic minerals,short_lived,1992,5.516171763049231
East Asia,Non-metallic minerals,short_lived,1993,5.576241676399565
East Asia,Non-metallic minerals,short_lived,1994,5.970433988700776
East Asia,Non-metallic minerals,short_lived,1995,6.097080061267317
East Asia,Non-metallic minerals,short_lived,1996,8.044004026523666
East Asia,Non-metallic minerals,short_lived,1997,7.609693461111447
East Asia,Non-metallic minerals,short_lived,1998,7.531530951861031
East Asia,Non-metallic minerals,short_lived,1999,7.225432277913743
East Asia,Non-metallic minerals,short_lived,2000,6.872262555105372
East Asia,Non-metallic minerals,short_lived,2001,6.988604439295081
East Asia,Non-metallic minerals,short_lived,2002,7.472040376819921
East Asia,Non-metallic minerals,short_lived,2003,8.032653396577336
East Asia,Non-metallic minerals,short_lived,2004,8.487193401091984
East Asia,Non-metallic minerals,short_lived,2005,9.282725875869833
East Asia,Non-metallic minerals,short_lived,2006,9.885757452182162
East Asia,Non-metallic minerals,short_lived,2007,10.378502431126813
East Asia,Non-metallic minerals,short_lived,2008,10.766733192443354
East Asia,Non-metallic minerals,short_lived,2009,11.382096086889183
East Asia,Non-metallic minerals,short_lived,2010,12.212647413954066
East Asia,Non-metallic minerals,short_lived,2011,12.924356940715155
East Asia,Non-metallic minerals,short_lived,2012,14.030071588176895
East Asia,Non-metallic minerals,short_lived,2013,14.77464663013811
East Asia,Non-metallic minerals,short_lived,2014,15.855619699054774
East Asia,Non-metallic minerals,short_lived,2015,17.237847719555297
East Asia,Non-metallic minerals,short_lived,2016,17.557108408565497
Europe & Russia,Metal ores,buildings,1900,0.5463205375190158
Europe & Russia,Metal ores,buildings,1901,0.5735937390339882
Europe & Russia,Metal ores,buildings,1902,0.6018288842260039
Europe & Russia,Metal ores,buildings,1903,0.6310347365436981
Europe & Russia,Metal ores,buildings,1904,0.661219637024028
Europe & Russia,Metal ores,buildings,1905,0.6923911786863456
Europe & Russia,Metal ores,buildings,1906,0.7245556770369301
Europe & Russia,Metal ores,buildings,1907,0.7577175257142509
Europe & Russia,Metal ores,buildings,1908,0.7918785542110421
Europe & Russia,Metal ores,buildings,1909,0.8270375290144033
Europe & Russia,Metal ores,buildings,1910,0.863189956409802
Europe & Russia,Metal ores,buildings,1911,0.9003283459467978
Europe & Russia,Metal ores,buildings,1912,0.9384430696524392
Europe & Russia,Metal ores,buildings,1913,0.977523899178871
Europe & Russia,Metal ores,buildings,1914,1.0175622239989617
Europe & Russia,Metal ores,buildings,1915,1.0585538601135627
Europe & Russia,Metal ores,buildings,1916,1.1005022692672333
Europe & Russia,Metal ores,buildings,1917,1.1434219435792734
Europe & Russia,Metal ores,buildings,1918,1.1873416834674742
Europe & Russia,Metal ores,buildings,1919,1.2323075088975641
Europe & Russia,Metal ores,buildings,1920,1.2783849847461606
Europe & Russia,Metal ores,buildings,1921,1.3256607971561543
Europe & Russia,Metal ores,buildings,1922,1.3742434837079598
Europe & Russia,Metal ores,buildings,1923,1.42426330012499
Europe & Russia,Metal ores,buildings,1924,1.4758713024330248
Europe & Russia,Metal ores,buildings,1925,1.5292378183252728
Europe & Russia,Metal ores,buildings,1926,1.5845505301548686
Europe & Russia,Metal ores,buildings,1927,1.6420123441621055
Europe & Russia,Metal ores,buildings,1928,1.7018390610382899
Europe & Russia,Metal ores,buildings,1929,1.7642566348620357
Europe & Russia,Metal ores,buildings,1930,1.8294975947870704
Europe & Russia,Metal ores,buildings,1931,1.8977960900671464
Europe & Russia,Metal ores,buildings,1932,1.969381056154953
Europe & Russia,Metal ores,buildings,1933,2.0444672025987747
Europe & Russia,Metal ores,buildings,1934,2.1232438771255557
Europe & Russia,Metal ores,buildings,1935,2.205862322516997
Europe & Russia,Metal ores,buildings,1936,2.2924223411201092
Europe & Russia,Metal ores,buildings,1937,2.3829598154068807
Europe & Russia,Metal ores,buildings,1938,2.477436792928902
Europe & Russia,Metal ores,buildings,1939,2.5757358454989947
Europe & Russia,Metal ores,buildings,1940,2.6776601191233116
Europe & Russia,Metal ores,buildings,1941,2.782939916716614
Europe & Russia,Metal ores,buildings,1942,2.8912458522790105
Europe & Russia,Metal ores,buildings,1943,3.002207673926415
Europe & Russia,Metal ores,buildings,1944,3.1154369204696537
Europe & Russia,Metal ores,buildings,1945,3.2305508595507013
Europe & Russia,Metal ores,buildings,1946,3.3471948792225636
Europe & Russia,Metal ores,buildings,1947,3.4650608179101305
Europe & Russia,Metal ores,buildings,1948,3.5838995998523613
Europe & Russia,Metal ores,buildings,1949,3.7035277761099157
Europe & Russia,Metal ores,buildings,1950,3.8238288004452605
Europe & Russia,Metal ores,buildings,1951,3.944750731989178
Europe & Russia,Metal ores,buildings,1952,4.0663023153247
Europe & Russia,Metal ores,buildings,1953,4.188549014236566
Europe & Russia,Metal ores,buildings,1954,4.311609748184831
Europe & Russia,Metal ores,buildings,1955,4.435654112444931
Europe & Russia,Metal ores,buildings,1956,4.56089907339106
Europe & Russia,Metal ores,buildings,1957,4.6876037365439736
Europe & Russia,Metal ores,buildings,1958,4.816060858329167
Europe & Russia,Metal ores,buildings,1959,4.946584269174406
Europe & Russia,Metal ores,buildings,1960,5.079492190766259
Europe & Russia,Metal ores,buildings,1961,5.215087425080203
Europe & Russia,Metal ores,buildings,1962,5.353636389966234
Europe & Russia,Metal ores,buildings,1963,5.4953497617168
Europe & Russia,Metal ores,buildings,1964,5.640367846417867
Europe & Russia,Metal ores,buildings,1965,5.78875359510008
Europe & Russia,Metal ores,buildings,1966,5.940495390654995
Europe & Russia,Metal ores,buildings,1967,6.095520505830649
Europe & Russia,Metal ores,buildings,1968,6.253718708695079
Europe & Russia,Metal ores,buildings,1969,6.414974149175713
Europe & Russia,Metal ores,buildings,1970,6.57920262507504
Europe & Russia,Metal ores,buildings,1971,6.746390742572768
Europe & Russia,Metal ores,buildings,1972,6.916633407876072
Europe & Russia,Metal ores,buildings,1973,7.09016647448417
Europe & Russia,Metal ores,buildings,1974,7.26739210313396
Europe & Russia,Metal ores,buildings,1975,7.448895302034588
Europe & Russia,Metal ores,buildings,1976,7.635451045376382
Europe & Russia,Metal ores,buildings,1977,7.828022208057003
Europe & Russia,Metal ores,buildings,1978,8.02774924871741
Europe & Russia,Metal ores,buildings,1979,8.235933103619798
Europe & Russia,Metal ores,buildings,1980,8.454013112763185
Europe & Russia,Metal ores,buildings,1981,8.683541966183626
Europe & Russia,Metal ores,buildings,1982,8.926159597538419
Europe & Russia,Metal ores,buildings,1983,9.183567644602155
Europe & Russia,Metal ores,buildings,1984,9.45750558326012
Europe & Russia,Metal ores,buildings,1985,9.74972903544857
Europe & Russia,Metal ores,buildings,1986,10.061990186181857
Europe & Russia,Metal ores,buildings,1987,10.396019804273205
Europe & Russia,Metal ores,buildings,1988,10.753510055890356
Europe & Russia,Metal ores,buildings,1989,11.136097108165401
Europe & Russia,Metal ores,buildings,1990,11.545342445790636
Europe & Russia,Metal ores,buildings,1991,11.98271190705627
Europe & Russia,Metal ores,buildings,1992,12.449551715692525
Europe & Russia,Metal ores,buildings,1993,12.9470612074438
Europe & Russia,Metal ores,buildings,1994,13.47626243941599
Europe & Russia,Metal ores,buildings,1995,14.037967352974398
Europe & Russia,Metal ores,buildings,1996,14.632743627825926
Europe & Russia,Metal ores,buildings,1997,15.260880850094749
Europe & Russia,Metal ores,buildings,1998,15.922359129485457
Europe & Russia,Metal ores,buildings,1999,16.616822768938555
Europe & Russia,Metal ores,buildings,2000,17.34356186107192
Europe & Russia,Metal ores,buildings,2001,18.101504560802198
Europe & Russia,Metal ores,buildings,2002,18.88922207607007
Europe & Russia,Metal ores,buildings,2003,19.704947031234905
Europe & Russia,Metal ores,buildings,2004,20.546603878016796
Europe & Russia,Metal ores,buildings,2005,21.411847787833324
Europe & Russia,Metal ores,buildings,2006,22.298106482503872
Europe & Russia,Metal ores,buildings,2007,23.20261831533774
Europe & Russia,Metal ores,buildings,2008,24.122460042003745
Europe & Russia,Metal ores,buildings,2009,25.054559312054845
Europe & Russia,Metal ores,buildings,2010,25.995689837116068
Europe & Russia,Metal ores,buildings,2011,26.942450972020946
Europe & Russia,Metal ores,buildings,2012,27.891237313690343
Europe & Russia,Metal ores,buildings,2013,28.838206995678444
Europe & Russia,Metal ores,buildings,2014,29.779258882517734
Europe & Russia,Metal ores,buildings,2015,30.710028462490325
Europe & Russia,Metal ores,buildings,2016,31.625910001802612
Europe & Russia,Metal ores,civil_infrastructure,1900,0.018164846011411544
Europe & Russia,Metal ores,civil_infrastructure,1901,0.02015843920754155
Europe & Russia,Metal ores,civil_infrastructure,1902,0.022313666798999
Europe & Russia,Metal ores,civil_infrastructure,1903,0.02463888511455149
Europe & Russia,Metal ores,civil_infrastructure,1904,0.027142660018471064
Europe & Russia,Metal ores,civil_infrastructure,1905,0.02983377569564086
Europe & Russia,Metal ores,civil_infrastructure,1906,0.032721244128771365
Europe & Russia,Metal ores,civil_infrastructure,1907,0.03581431503844902
Europe & Russia,Metal ores,civil_infrastructure,1908,0.03912248603896267
Europe & Russia,Metal ores,civil_infrastructure,1909,0.04265551274960186
Europe & Russia,Metal ores,civil_infrastructure,1910,0.046423418593256424
Europe & Russia,Metal ores,civil_infrastructure,1911,0.05043650401188889
Europe & Russia,Metal ores,civil_infrastructure,1912,0.05470535483222875
Europe & Russia,Metal ores,civil_infrastructure,1913,0.05924084952416166
Europe & Russia,Metal ores,civil_infrastructure,1914,0.06405416510812317
Europe & Russia,Metal ores,civil_infrastructure,1915,0.06915678148477945
Europe & Russia,Metal ores,civil_infrastructure,1916,0.07456048397925746
Europe & Russia,Metal ores,civil_infrastructure,1917,0.08027736391137233
Europe & Russia,Metal ores,civil_infrastructure,1918,0.08631981702203835
Europe & Russia,Metal ores,civil_infrastructure,1919,0.09270053960385573
Europe & Russia,Metal ores,civil_infrastructure,1920,0.09943252220128809
Europe & Russia,Metal ores,civil_infrastructure,1921,0.1065290407647484
Europe & Russia,Metal ores,civil_infrastructure,1922,0.11400364516575297
Europe & Russia,Metal ores,civil_infrastructure,1923,0.1218701450107125
Europe & Russia,Metal ores,civil_infrastructure,1924,0.13014259273289178
Europe & Russia,Metal ores,civil_infrastructure,1925,0.13883526399936233
Europe & Russia,Metal ores,civil_infrastructure,1926,0.14796263554612354
Europe & Russia,Metal ores,civil_infrastructure,1927,0.15753936065171836
Europe & Russia,Metal ores,civil_infrastructure,1928,0.16758024257893417
Europe & Russia,Metal ores,civil_infrastructure,1929,0.17810020645335375
Europe & Russia,Metal ores,civil_infrastructure,1930,0.18911427020423183
Europe & Russia,Metal ores,civil_infrastructure,1931,0.20063751536066843
Europe & Russia,Metal ores,civil_infrastructure,1932,0.21268505866825838
Europe & Russia,Metal ores,civil_infrastructure,1933,0.22527202565841525
Europe & Russia,Metal ores,civil_infrastructure,1934,0.23841352745603409
Europe & Russia,Metal ores,civil_infrastructure,1935,0.25212464224024767
Europe & Russia,Metal ores,civil_infrastructure,1936,0.26642040286938323
Europe & Russia,Metal ores,civil_infrastructure,1937,0.28131579223482356
Europe & Russia,Metal ores,civil_infrastructure,1938,0.29682574791196925
Europe & Russia,Metal ores,civil_infrastructure,1939,0.3129651776212125
Europe & Russia,Metal ores,civil_infrastructure,1940,0.3297489868910596
Europe & Russia,Metal ores,civil_infrastructure,1941,0.3471921201213898
Europe & Russia,Metal ores,civil_infrastructure,1942,0.36530961597113837
Europe & Russia,Metal ores,civil_infrastructure,1943,0.38411667763536633
Europe & Russia,Metal ores,civil_infrastructure,1944,0.4036287581288138
Europe & Russia,Metal ores,civil_infrastructure,1945,0.42386166015676896
Europe & Russia,Metal ores,civil_infrastructure,1946,0.4448316495359947
Europe & Russia,Metal ores,civil_infrastructure,1947,0.46655558044229434
Europe & Russia,Metal ores,civil_infrastructure,1948,0.4890510300299308
Europe & Russia,Metal ores,civil_infrastructure,1949,0.5123364392241462
Europe & Russia,Metal ores,civil_infrastructure,1950,0.5364312557723878
Europe & Russia,Metal ores,civil_infrastructure,1951,0.5613560750007589
Europe & Russia,Metal ores,civil_infrastructure,1952,0.5871327732105631
Europe & Russia,Metal ores,civil_infrastructure,1953,0.6137846283145874
Europe & Russia,Metal ores,civil_infrastructure,1954,0.6413364221966295
Europe & Russia,Metal ores,civil_infrastructure,1955,0.6698145194103039
Europe & Russia,Metal ores,civil_infrastructure,1956,0.6992469172289992
Europe & Russia,Metal ores,civil_infrastructure,1957,0.7296632627130626
Europe & Russia,Metal ores,civil_infrastructure,1958,0.7610948333509362
Europe & Russia,Metal ores,civil_infrastructure,1959,0.7935744789192456
Europe & Russia,Metal ores,civil_infrastructure,1960,0.8271365234419447
Europe & Russia,Metal ores,civil_infrastructure,1961,0.861816627452551
Europe & Russia,Metal ores,civil_infrastructure,1962,0.897651612115509
Europe & Russia,Metal ores,civil_infrastructure,1963,0.934679248084219
Europe & Russia,Metal ores,civil_infrastructure,1964,0.9729380132093621
Europe & Russia,Metal ores,civil_infrastructure,1965,1.0124668243149935
Europe & Russia,Metal ores,civil_infrastructure,1966,1.0533047491887682
Europe & Russia,Metal ores,civil_infrastructure,1967,1.0954907056537329
Europe & Russia,Metal ores,civil_infrastructure,1968,1.1390631550719486
Europe & Russia,Metal ores,civil_infrastructure,1969,1.184059797854366
Europe & Russia,Metal ores,civil_infrastructure,1970,1.2305172785010219
Europe & Russia,Metal ores,civil_infrastructure,1971,1.2784709073656126
Europe & Russia,Metal ores,civil_infrastructure,1972,1.327954405735159
Europe & Russia,Metal ores,civil_infrastructure,1973,1.378999679959976
Europe & Russia,Metal ores,civil_infrastructure,1974,1.4316366292983376
Europe & Russia,Metal ores,civil_infrastructure,1975,1.4858929909098881
Europe & Russia,Metal ores,civil_infrastructure,1976,1.5417942241122038
Europe & Russia,Metal ores,civil_infrastructure,1977,1.5993634346897223
Europe & Russia,Metal ores,civil_infrastructure,1978,1.6586213388038564
Europe & Russia,Metal ores,civil_infrastructure,1979,1.719586264987567
Europe & Russia,Metal ores,civil_infrastructure,1980,1.7822741918975
Europe & Russia,Metal ores,civil_infrastructure,1981,1.846698819009253
Europe & Russia,Metal ores,civil_infrastructure,1982,1.9128716673148958
Europe & Russia,Metal ores,civil_infrastructure,1983,1.9808022073351295
Europe & Russia,Metal ores,civil_infrastructure,1984,2.050498012371278
Europe & Russia,Metal ores,civil_infrastructure,1985,2.121964935853583
Europe & Russia,Metal ores,civil_infrastructure,1986,2.1952073128188814
Europe & Russia,Metal ores,civil_infrastructure,1987,2.270228186883121
Europe & Russia,Metal ores,civil_infrastructure,1988,2.3470295654594464
Europe & Russia,Metal ores,civil_infrastructure,1989,2.425612707301171
Europe & Russia,Metal ores,civil_infrastructure,1990,2.5059784476195333
Europe & Russia,Metal ores,civil_infrastructure,1991,2.5881275669438764
Europe & Russia,Metal ores,civil_infrastructure,1992,2.672061210483836
Europe & Russia,Metal ores,civil_infrastructure,1993,2.757781364963827
Europe & Russia,Metal ores,civil_infrastructure,1994,2.8452913997029694
Europe & Russia,Metal ores,civil_infrastructure,1995,2.9345966780992088
Europe & Russia,Metal ores,civil_infrastructure,1996,3.02570524466287
Europe & Russia,Metal ores,civil_infrastructure,1997,3.1186285913626053
Europe & Russia,Metal ores,civil_infrastructure,1998,3.213382505343816
Europe & Russia,Metal ores,civil_infrastructure,1999,3.3099879981062457
Europe & Russia,Metal ores,civil_infrastructure,2000,3.4084723140436455
Europe & Russia,Metal ores,civil_infrastructure,2001,3.5088700139056477
Europe & Russia,Metal ores,civil_infrastructure,2002,3.61122412629444
Europe & Russia,Metal ores,civil_infrastructure,2003,3.715587357801499
Europe & Russia,Metal ores,civil_infrastructure,2004,3.822023349864123
Europe & Russia,Metal ores,civil_infrastructure,2005,3.9306079679148995
Europe & Russia,Metal ores,civil_infrastructure,2006,4.041430605948926
Europe & Russia,Metal ores,civil_infrastructure,2007,4.154595487279311
Europe & Russia,Metal ores,civil_infrastructure,2008,4.270222940040404
Europe & Russia,Metal ores,civil_infrastructure,2009,4.388450623981813
Europe & Russia,Metal ores,civil_infrastructure,2010,4.509434683341088
Europe & Russia,Metal ores,civil_infrastructure,2011,4.633350799163771
Europe & Russia,Metal ores,civil_infrastructure,2012,4.76039511344029
Europe & Russia,Metal ores,civil_infrastructure,2013,4.890784996935588
Europe & Russia,Metal ores,civil_infrastructure,2014,5.024759632681782
Europe & Russia,Metal ores,civil_infrastructure,2015,5.162580387855482
Europe & Russia,Metal ores,civil_infrastructure,2016,5.304530948218076
Europe & Russia,Metal ores,machinery,1900,4.843679146897366
Europe & Russia,Metal ores,machinery,1901,4.957143768362557
Europe & Russia,Metal ores,machinery,1902,5.070143657750533
Europe & Russia,Metal ores,machinery,1903,5.183719727564002
Europe & Russia,Metal ores,machinery,1904,5.302615627237966
Europe & Russia,Metal ores,machinery,1905,5.434327523952378
Europe & Russia,Metal ores,machinery,1906,5.586422572647749
Europe & Russia,Metal ores,machinery,1907,5.764307647257839
Europe & Russia,Metal ores,machinery,1908,5.970817112076624
Europe & Russia,Metal ores,machinery,1909,6.205975562047591
Europe & Russia,Metal ores,machinery,1910,6.466452392009852
Europe & Russia,Metal ores,machinery,1911,6.746945067286353
Europe & Russia,Metal ores,machinery,1912,7.043287779414808
Europe & Russia,Metal ores,machinery,1913,7.354729291209063
Europe & Russia,Metal ores,machinery,1914,7.684171320751866
Europe & Russia,Metal ores,machinery,1915,8.036161640233415
Europe & Russia,Metal ores,machinery,1916,8.413018605051105
Europe & Russia,Metal ores,machinery,1917,8.812464953120603
Europe & Russia,Metal ores,machinery,1918,9.230548267903746
Europe & Russia,Metal ores,machinery,1919,9.667789664755581
Europe & Russia,Metal ores,machinery,1920,10.133029121483563
Europe & Russia,Metal ores,machinery,1921,10.640363987641598
Europe & Russia,Metal ores,machinery,1922,11.195815743347957
Europe & Russia,Metal ores,machinery,1923,11.781624559478297
Europe & Russia,Metal ores,machinery,1924,12.356544621709803
Europe & Russia,Metal ores,machinery,1925,12.874885697480298
Europe & Russia,Metal ores,machinery,1926,13.305039382464901
Europe & Russia,Metal ores,machinery,1927,13.632208911290078
Europe & Russia,Metal ores,machinery,1928,13.851510902745218
Europe & Russia,Metal ores,machinery,1929,13.965310889921886
Europe & Russia,Metal ores,machinery,1930,13.988132902553064
Europe & Russia,Metal ores,machinery,1931,13.951553398538902
Europe & Russia,Metal ores,machinery,1932,13.901455453205553
Europe & Russia,Metal ores,machinery,1933,13.887443482874525
Europe & Russia,Metal ores,machinery,1934,13.949852781030305
Europe & Russia,Metal ores,machinery,1935,14.112603510033882
Europe & Russia,Metal ores,machinery,1936,14.383775987396744
Europe & Russia,Metal ores,machinery,1937,14.756245080424813
Europe & Russia,Metal ores,machinery,1938,15.202116123279955
Europe & Russia,Metal ores,machinery,1939,15.665819386176608
Europe & Russia,Metal ores,machinery,1940,16.07051820083044
Europe & Russia,Metal ores,machinery,1941,16.346930240592457
Europe & Russia,Metal ores,machinery,1942,16.47226600388548
Europe & Russia,Metal ores,machinery,1943,16.491678451239302
Europe & Russia,Metal ores,machinery,1944,16.50531145823204
Europe & Russia,Metal ores,machinery,1945,16.62816446898447
Europe & Russia,Metal ores,machinery,1946,16.94449002956298
Europe & Russia,Metal ores,machinery,1947,17.478711604907705
Europe & Russia,Metal ores,machinery,1948,18.191803603663278
Europe & Russia,Metal ores,machinery,1949,18.998311281632137
Europe & Russia,Metal ores,machinery,1950,19.796435741938637
Europe & Russia,Metal ores,machinery,1951,20.50173005817774
Europe & Russia,Metal ores,machinery,1952,21.06890463004399
Europe & Russia,Metal ores,machinery,1953,21.490131071667943
Europe & Russia,Metal ores,machinery,1954,21.777225882510624
Europe & Russia,Metal ores,machinery,1955,21.949908073138698
Europe & Russia,Metal ores,machinery,1956,22.04368811745079
Europe & Russia,Metal ores,machinery,1957,22.124758863750223
Europe & Russia,Metal ores,machinery,1958,22.28782237766414
Europe & Russia,Metal ores,machinery,1959,22.63077614014346
Europe & Russia,Metal ores,machinery,1960,23.222596764348328
Europe & Russia,Metal ores,machinery,1961,24.083672892347092
Europe & Russia,Metal ores,machinery,1962,25.187976189604914
Europe & Russia,Metal ores,machinery,1963,26.48494899769772
Europe & Russia,Metal ores,machinery,1964,27.926377669373277
Europe & Russia,Metal ores,machinery,1965,29.48014670604429
Europe & Russia,Metal ores,machinery,1966,31.127256504105873
Europe & Russia,Metal ores,machinery,1967,32.856499404592675
Europe & Russia,Metal ores,machinery,1968,34.66864961778435
Europe & Russia,Metal ores,machinery,1969,36.58057818422631
Europe & Russia,Metal ores,machinery,1970,38.615542197997584
Europe & Russia,Metal ores,machinery,1971,40.78848864278789
Europe & Russia,Metal ores,machinery,1972,43.10521524920645
Europe & Russia,Metal ores,machinery,1973,45.5726760094312
Europe & Russia,Metal ores,machinery,1974,48.20331062761611
Europe & Russia,Metal ores,machinery,1975,51.01155620245883
Europe & Russia,Metal ores,machinery,1976,54.01031773274576
Europe & Russia,Metal ores,machinery,1977,57.20819181088924
Europe & Russia,Metal ores,machinery,1978,60.60339920199368
Europe & Russia,Metal ores,machinery,1979,64.17410805469407
Europe & Russia,Metal ores,machinery,1980,67.8779522856004
Europe & Russia,Metal ores,machinery,1981,71.66985873365783
Europe & Russia,Metal ores,machinery,1982,75.51868238381043
Europe & Russia,Metal ores,machinery,1983,79.39908962735346
Europe & Russia,Metal ores,machinery,1984,83.27180046357178
Europe & Russia,Metal ores,machinery,1985,87.07932849121038
Europe & Russia,Metal ores,machinery,1986,90.76131454252433
Europe & Russia,Metal ores,machinery,1987,94.27694499634575
Europe & Russia,Metal ores,machinery,1988,97.61378179753733
Europe & Russia,Metal ores,machinery,1989,100.77062314968842
Europe & Russia,Metal ores,machinery,1990,103.73299606745348
Europe & Russia,Metal ores,machinery,1991,106.47242814494147
Europe & Russia,Metal ores,machinery,1992,108.97311105505361
Europe & Russia,Metal ores,machinery,1993,111.25778739099677
Europe & Russia,Metal ores,machinery,1994,113.38788450136147
Europe & Russia,Metal ores,machinery,1995,115.44173928225784
Europe & Russia,Metal ores,machinery,1996,117.49111876574398
Europe & Russia,Metal ores,machinery,1997,119.5826285402654
Europe & Russia,Metal ores,machinery,1998,121.71268497212
Europe & Russia,Metal ores,machinery,1999,123.79683202522841
Europe & Russia,Metal ores,machinery,2000,125.66223766559258
Europe & Russia,Metal ores,machinery,2001,127.0857644015438
Europe & Russia,Metal ores,machinery,2002,127.86974902838534
Europe & Russia,Metal ores,machinery,2003,127.9228710911274
Europe & Russia,Metal ores,machinery,2004,127.29682750209238
Europe & Russia,Metal ores,machinery,2005,126.15804791310578
Europe & Russia,Metal ores,machinery,2006,124.72235408241909
Europe & Russia,Metal ores,machinery,2007,123.19047053667839
Europe & Russia,Metal ores,machinery,2008,121.70706190873095
Europe & Russia,Metal ores,machinery,2009,120.3440980802493
Europe & Russia,Metal ores,machinery,2010,119.09905884240395
Europe & Russia,Metal ores,machinery,2011,117.91336280896152
Europe & Russia,Metal ores,machinery,2012,116.71593809772381
Europe & Russia,Metal ores,machinery,2013,115.47038446622663
Europe & Russia,Metal ores,machinery,2014,114.20023768659158
Europe & Russia,Metal ores,machinery,2015,112.97768073179914
Europe & Russia,Metal ores,machinery,2016,111.86246079511751
Europe & Russia,Metal ores,short_lived,1900,1.8025968632780296
Europe & Russia,Metal ores,short_lived,1901,1.9762963231988873
Europe & Russia,Metal ores,short_lived,1902,1.9194727098121875
Europe & Russia,Metal ores,short_lived,1903,2.0375336843008425
Europe & Russia,Metal ores,short_lived,1904,2.167207612955223
Europe & Russia,Metal ores,short_lived,1905,2.2326210033759986
Europe & Russia,Metal ores,short_lived,1906,2.337309723717018
Europe & Russia,Metal ores,short_lived,1907,2.4907496888745326
Europe & Russia,Metal ores,short_lived,1908,2.6103709403766087
Europe & Russia,Metal ores,short_lived,1909,2.590919925954407
Europe & Russia,Metal ores,short_lived,1910,2.7634809211815594
Europe & Russia,Metal ores,short_lived,1911,2.9894263061305955
Europe & Russia,Metal ores,short_lived,1912,3.1637844368504644
Europe & Russia,Metal ores,short_lived,1913,3.4321592382212622
Europe & Russia,Metal ores,short_lived,1914,3.8074936831069732
Europe & Russia,Metal ores,short_lived,1915,3.429484845331609
Europe & Russia,Metal ores,short_lived,1916,3.3405776156044777
Europe & Russia,Metal ores,short_lived,1917,3.4857698769856795
Europe & Russia,Metal ores,short_lived,1918,3.410304761051089
Europe & Russia,Metal ores,short_lived,1919,3.326235532234383
Europe & Russia,Metal ores,short_lived,1920,3.004260147860135
Europe & Russia,Metal ores,short_lived,1921,3.1144443374146777
Europe & Russia,Metal ores,short_lived,1922,3.0199490193360883
Europe & Russia,Metal ores,short_lived,1923,3.352985181188244
Europe & Russia,Metal ores,short_lived,1924,3.3195999768077282
Europe & Russia,Metal ores,short_lived,1925,3.612545149502731
Europe & Russia,Metal ores,short_lived,1926,3.7556871717342886
Europe & Russia,Metal ores,short_lived,1927,3.7328282586021193
Europe & Russia,Metal ores,short_lived,1928,4.166204051349546
Europe & Russia,Metal ores,short_lived,1929,4.124274019024141
Europe & Russia,Metal ores,short_lived,1930,4.278296775461619
Europe & Russia,Metal ores,short_lived,1931,3.926988934389598
Europe & Russia,Metal ores,short_lived,1932,3.5839732922575096
Europe & Russia,Metal ores,short_lived,1933,3.436033663761364
Europe & Russia,Metal ores,short_lived,1934,3.7364539629828406
Europe & Russia,Metal ores,short_lived,1935,4.316222449247046
Europe & Russia,Metal ores,short_lived,1936,4.871205760122047
Europe & Russia,Metal ores,short_lived,1937,5.528153114826858
Europe & Russia,Metal ores,short_lived,1938,5.997969361012505
Europe & Russia,Metal ores,short_lived,1939,6.017065603800426
Europe & Russia,Metal ores,short_lived,1940,6.283589730005449
Europe & Russia,Metal ores,short_lived,1941,5.858242870650112
Europe & Russia,Metal ores,short_lived,1942,5.5363745124796875
Europe & Russia,Metal ores,short_lived,1943,5.188801575297185
Europe & Russia,Metal ores,short_lived,1944,5.523100154649009
Europe & Russia,Metal ores,short_lived,1945,5.431192047944319
Europe & Russia,Metal ores,short_lived,1946,5.485940785881484
Europe & Russia,Metal ores,short_lived,1947,5.276690650535275
Europe & Russia,Metal ores,short_lived,1948,5.634870941835587
Europe & Russia,Metal ores,short_lived,1949,6.402009115720907
Europe & Russia,Metal ores,short_lived,1950,7.036529680058146
Europe & Russia,Metal ores,short_lived,1951,7.581412028727499
Europe & Russia,Metal ores,short_lived,1952,8.200567311477323
Europe & Russia,Metal ores,short_lived,1953,8.693185512049856
Europe & Russia,Metal ores,short_lived,1954,8.960949886205531
Europe & Russia,Metal ores,short_lived,1955,9.35585009017621
Europe & Russia,Metal ores,short_lived,1956,10.01475631252359
Europe & Russia,Metal ores,short_lived,1957,10.540505773399673
Europe & Russia,Metal ores,short_lived,1958,11.046122595130823
Europe & Russia,Metal ores,short_lived,1959,11.515812729431882
Europe & Russia,Metal ores,short_lived,1960,12.407266210422023
Europe & Russia,Metal ores,short_lived,1961,13.632842776247903
Europe & Russia,Metal ores,short_lived,1962,14.388342469962252
Europe & Russia,Metal ores,short_lived,1963,15.094645206336779
Europe & Russia,Metal ores,short_lived,1964,16.020283699206853
Europe & Russia,Metal ores,short_lived,1965,17.294419580920916
Europe & Russia,Metal ores,short_lived,1966,18.259698257860716
Europe & Russia,Metal ores,short_lived,1967,19.063713261437623
Europe & Russia,Metal ores,short_lived,1968,21.20639054328562
Europe & Russia,Metal ores,short_lived,1969,22.00126546017942
Europe & Russia,Metal ores,short_lived,1970,23.2340359765956
Europe & Russia,Metal ores,short_lived,1971,24.288213430949753
Europe & Russia,Metal ores,short_lived,1972,24.566726603107995
Europe & Russia,Metal ores,short_lived,1973,25.88959637012853
Europe & Russia,Metal ores,short_lived,1974,27.28858402408782
Europe & Russia,Metal ores,short_lived,1975,28.486687720077242
Europe & Russia,Metal ores,short_lived,1976,28.537279174825358
Europe & Russia,Metal ores,short_lived,1977,30.15845290254532
Europe & Russia,Metal ores,short_lived,1978,30.32707035024396
Europe & Russia,Metal ores,short_lived,1979,31.33045203485817
Europe & Russia,Metal ores,short_lived,1980,32.29314350309029
Europe & Russia,Metal ores,short_lived,1981,32.612296728625644
Europe & Russia,Metal ores,short_lived,1982,32.57805569063558
Europe & Russia,Metal ores,short_lived,1983,32.656802085679246
Europe & Russia,Metal ores,short_lived,1984,33.2410442926004
Europe & Russia,Metal ores,short_lived,1985,33.95647849140674
Europe & Russia,Metal ores,short_lived,1986,34.31873488722377
Europe & Russia,Metal ores,short_lived,1987,35.04752699927175
Europe & Russia,Metal ores,short_lived,1988,35.325289363359865
Europe & Russia,Metal ores,short_lived,1989,36.200640965321355
Europe & Russia,Metal ores,short_lived,1990,36.178996635558875
Europe & Russia,Metal ores,short_lived,1991,36.342382311994584
Europe & Russia,Metal ores,short_lived,1992,30.371554417338356
Europe & Russia,Metal ores,short_lived,1993,31.52741507799946
Europe & Russia,Metal ores,short_lived,1994,29.896587928076308
Europe & Russia,Metal ores,short_lived,1995,27.97295037911747
Europe & Russia,Metal ores,short_lived,1996,27.272448120048058
Europe & Russia,Metal ores,short_lived,1997,26.369430241471573
Europe & Russia,Metal ores,short_lived,1998,26.90441519557682
Europe & Russia,Metal ores,short_lived,1999,26.787498484744713
Europe & Russia,Metal ores,short_lived,2000,27.058354600618966
Europe & Russia,Metal ores,short_lived,2001,27.530432093657275
Europe & Russia,Metal ores,short_lived,2002,27.216338337885162
Europe & Russia,Metal ores,short_lived,2003,26.62166708248352
Europe & Russia,Metal ores,short_lived,2004,26.83240369026194
Europe & Russia,Metal ores,short_lived,2005,27.295447984223518
Europe & Russia,Metal ores,short_lived,2006,27.19547255092292
Europe & Russia,Metal ores,short_lived,2007,28.77229818464501
Europe & Russia,Metal ores,short_lived,2008,30.435564641863166
Europe & Russia,Metal ores,short_lived,2009,29.379463345334056
Europe & Russia,Metal ores,short_lived,2010,24.800636744617798
Europe & Russia,Metal ores,short_lived,2011,26.892393523868463
Europe & Russia,Metal ores,short_lived,2012,28.11328273090262
Europe & Russia,Metal ores,short_lived,2013,27.216263117373938
Europe & Russia,Metal ores,short_lived,2014,27.47891695854373
Europe & Russia,Metal ores,short_lived,2015,28.21038127218947
Europe & Russia,Metal ores,short_lived,2016,28.0482972549711
Europe & Russia,Non-metallic minerals,buildings,1900,77.15379690323654
Europe & Russia,Non-metallic minerals,buildings,1901,78.90661963617617
Europe & Russia,Non-metallic minerals,buildings,1902,80.6766755531153
Europe & Russia,Non-metallic minerals,buildings,1903,82.46471021434103
Europe & Russia,Non-metallic minerals,buildings,1904,84.27139832086907
Europe & Russia,Non-metallic minerals,buildings,1905,86.09734415317196
Europe & Russia,Non-metallic minerals,buildings,1906,87.94308209969353
Europe & Russia,Non-metallic minerals,buildings,1907,89.80907749405837
Europe & Russia,Non-metallic minerals,buildings,1908,91.69572788474647
Europe & Russia,Non-metallic minerals,buildings,1909,93.60336484812184
Europe & Russia,Non-metallic minerals,buildings,1910,95.53225682846902
Europe & Russia,Non-metallic minerals,buildings,1911,97.48261397544549
Europe & Russia,Non-metallic minerals,buildings,1912,99.45459575791963
Europe & Russia,Non-metallic minerals,buildings,1913,101.44832098197674
Europe & Russia,Non-metallic minerals,buildings,1914,103.4638784081094
Europe & Russia,Non-metallic minerals,buildings,1915,105.50133542648035
Europe & Russia,Non-metallic minerals,buildings,1916,107.56074266453913
Europe & Russia,Non-metallic minerals,buildings,1917,109.64213367928895
Europe & Russia,Non-metallic minerals,buildings,1918,111.7455203506051
Europe & Russia,Non-metallic minerals,buildings,1919,113.87088567507256
Europe & Russia,Non-metallic minerals,buildings,1920,116.01817613676393
Europe & Russia,Non-metallic minerals,buildings,1921,118.18729572997596
Europe & Russia,Non-metallic minerals,buildings,1922,120.37810314732023
Europe & Russia,Non-metallic minerals,buildings,1923,122.59041277920976
Europe & Russia,Non-metallic minerals,buildings,1924,124.82399920476372
Europe & Russia,Non-metallic minerals,buildings,1925,127.07860403587873
Europe & Russia,Non-metallic minerals,buildings,1926,129.3539434606689
Europe & Russia,Non-metallic minerals,buildings,1927,131.6497144981791
Europe & Russia,Non-metallic minerals,buildings,1928,133.96559757967904
Europe & Russia,Non-metallic minerals,buildings,1929,136.30125262701927
Europe & Russia,Non-metallic minerals,buildings,1930,138.65630551110021
Europe & Russia,Non-metallic minerals,buildings,1931,141.03032180722946
Europe & Russia,Non-metallic minerals,buildings,1932,143.42276541390282
Europe & Russia,Non-metallic minerals,buildings,1933,145.83294136726875
Europe & Russia,Non-metallic minerals,buildings,1934,148.25992534653588
Europe & Russia,Non-metallic minerals,buildings,1935,150.70248657122454
Europe & Russia,Non-metallic minerals,buildings,1936,153.15901510864106
Europe & Russia,Non-metallic minerals,buildings,1937,155.62746794667018
Europe & Russia,Non-metallic minerals,buildings,1938,158.1053496371544
Europe & Russia,Non-metallic minerals,buildings,1939,160.58974223659192
Europe & Russia,Non-metallic minerals,buildings,1940,163.07739527924625
Europe & Russia,Non-metallic minerals,buildings,1941,165.5648796828942
Europe & Russia,Non-metallic minerals,buildings,1942,168.0488006153755
Europe & Russia,Non-metallic minerals,buildings,1943,170.52605493636875
Europe & Russia,Non-metallic minerals,buildings,1944,172.9941106383045
Europe & Russia,Non-metallic minerals,buildings,1945,175.45128038096635
Europe & Russia,Non-metallic minerals,buildings,1946,177.89696003565788
Europe & Russia,Non-metallic minerals,buildings,1947,180.331806725007
Europe & Russia,Non-metallic minerals,buildings,1948,182.75783865101852
Europe & Russia,Non-metallic minerals,buildings,1949,185.17844948726076
Europe & Russia,Non-metallic minerals,buildings,1950,187.59834126584698
Europe & Russia,Non-metallic minerals,buildings,1951,190.02338951053142
Europe & Russia,Non-metallic minerals,buildings,1952,192.46046080961557
Europe & Russia,Non-metallic minerals,buildings,1953,194.9172042402628
Europe & Russia,Non-metallic minerals,buildings,1954,197.40183352899254
Europe & Russia,Non-metallic minerals,buildings,1955,199.92290850297616
Europe & Russia,Non-metallic minerals,buildings,1956,202.4891158411573
Europe & Russia,Non-metallic minerals,buildings,1957,205.10904310936863
Europe & Russia,Non-metallic minerals,buildings,1958,207.7909377009034
Europe & Russia,Non-metallic minerals,buildings,1959,210.54244459487697
Europe & Russia,Non-metallic minerals,buildings,1960,213.3703244948203
Europe & Russia,Non-metallic minerals,buildings,1961,216.28016533333022
Europe & Russia,Non-metallic minerals,buildings,1962,219.27611168768073
Europe & Russia,Non-metallic minerals,buildings,1963,222.36064522208574
Europe & Russia,Non-metallic minerals,buildings,1964,225.53445334692748
Europe & Russia,Non-metallic minerals,buildings,1965,228.79642207968072
Europe & Russia,Non-metallic minerals,buildings,1966,232.14378195274443
Europe & Russia,Non-metallic minerals,buildings,1967,235.57242271042506
Europe & Russia,Non-metallic minerals,buildings,1968,239.07737476528266
Europe & Russia,Non-metallic minerals,buildings,1969,242.65343578335637
Europe & Russia,Non-metallic minerals,buildings,1970,246.29590312211982
Europe & Russia,Non-metallic minerals,buildings,1971,250.0013606382595
Europe & Russia,Non-metallic minerals,buildings,1972,253.76846374763952
Europe & Russia,Non-metallic minerals,buildings,1973,257.598669950213
Europe & Russia,Non-metallic minerals,buildings,1974,261.4968720208675
Europe & Russia,Non-metallic minerals,buildings,1975,265.4719049106799
Europe & Russia,Non-metallic minerals,buildings,1976,269.5369115569821
Europe & Russia,Non-metallic minerals,buildings,1977,273.70956451688903
Europe & Russia,Non-metallic minerals,buildings,1978,278.01214859752935
Europe & Russia,Non-metallic minerals,buildings,1979,282.4715143505828
Europe & Russia,Non-metallic minerals,buildings,1980,287.1189137325235
Europe & Russia,Non-metallic minerals,buildings,1981,291.98972841970505
Europe & Russia,Non-metallic minerals,buildings,1982,297.12309831369384
Europe & Russia,Non-metallic minerals,buildings,1983,302.5614535506822
Europe & Russia,Non-metallic minerals,buildings,1984,308.34995501992483
Europe & Russia,Non-metallic minerals,buildings,1985,314.5358602275837
Europe & Russia,Non-metallic minerals,buildings,1986,321.16784297642107
Europe & Russia,Non-metallic minerals,buildings,1987,328.29529671825867
Europe & Russia,Non-metallic minerals,buildings,1988,335.96764409539026
Europe & Russia,Non-metallic minerals,buildings,1989,344.2336588852849
Europe & Russia,Non-metallic minerals,buildings,1990,353.1407801359409
Europe & Russia,Non-metallic minerals,buildings,1991,362.73437755920065
Europe & Russia,Non-metallic minerals,buildings,1992,373.05693396073656
Europe & Russia,Non-metallic minerals,buildings,1993,384.14714145086316
Europe & Russia,Non-metallic minerals,buildings,1994,396.03893852058087
Europe & Russia,Non-metallic minerals,buildings,1995,408.7605302652519
Europe & Russia,Non-metallic minerals,buildings,1996,422.3334399088106
Europe & Russia,Non-metallic minerals,buildings,1997,436.77164168815773
Europe & Russia,Non-metallic minerals,buildings,1998,452.0808179103264
Europe & Russia,Non-metallic minerals,buildings,1999,468.2577665009757
Europe & Russia,Non-metallic minerals,buildings,2000,485.28997456421916
Europe & Russia,Non-metallic minerals,buildings,2001,503.1553833004801
Europe & Russia,Non-metallic minerals,buildings,2002,521.8223909456173
Europe & Russia,Non-metallic minerals,buildings,2003,541.2501442194309
Europe & Russia,Non-metallic minerals,buildings,2004,561.3891440715867
Europe & Russia,Non-metallic minerals,buildings,2005,582.1821587524678
Europe & Russia,Non-metallic minerals,buildings,2006,603.565406550055
Europe & Russia,Non-metallic minerals,buildings,2007,625.4699234465071
Europe & Russia,Non-metallic minerals,buildings,2008,647.8229660047848
Europe & Russia,Non-metallic minerals,buildings,2009,670.5492561490825
Europe & Russia,Non-metallic minerals,buildings,2010,693.5718957996667
Europe & Russia,Non-metallic minerals,buildings,2011,716.8128713552738
Europe & Russia,Non-metallic minerals,buildings,2012,740.193193670343
Europe & Russia,Non-metallic minerals,buildings,2013,763.6328282705219
Europe & Russia,Non-metallic minerals,buildings,2014,787.0506263170702
Europe & Russia,Non-metallic minerals,buildings,2015,810.3644575241842
Europe & Russia,Non-metallic minerals,buildings,2016,833.4916868207641
Europe & Russia,Non-metallic minerals,civil_infrastructure,1900,4.589076560510321
Europe & Russia,Non-metallic minerals,civil_infrastructure,1901,5.055755188551668
Europe & Russia,Non-metallic minerals,civil_infrastructure,1902,5.531075986155143
Europe & Russia,Non-metallic minerals,civil_infrastructure,1903,6.0138926132271
Europe & Russia,Non-metallic minerals,civil_infrastructure,1904,6.503307681502778
Europe & Russia,Non-metallic minerals,civil_infrastructure,1905,6.99862783811891
Europe & Russia,Non-metallic minerals,civil_infrastructure,1906,7.499324187978178
Europe & Russia,Non-metallic minerals,civil_infrastructure,1907,8.005008791168157
Europe & Russia,Non-metallic minerals,civil_infrastructure,1908,8.515474457514827
Europe & Russia,Non-metallic minerals,civil_infrastructure,1909,9.030887849937386
Europe & Russia,Non-metallic minerals,civil_infrastructure,1910,9.552131409425815
Europe & Russia,Non-metallic minerals,civil_infrastructure,1911,10.081001237518251
Europe & Russia,Non-metallic minerals,civil_infrastructure,1912,10.61979885750811
Europe & Russia,Non-metallic minerals,civil_infrastructure,1913,11.170129234992592
Europe & Russia,Non-metallic minerals,civil_infrastructure,1914,11.731264929541986
Europe & Russia,Non-metallic minerals,civil_infrastructure,1915,12.29886727749483
Europe & Russia,Non-metallic minerals,civil_infrastructure,1916,12.864894448111729
Europe & Russia,Non-metallic minerals,civil_infrastructure,1917,13.419026736950416
Europe & Russia,Non-metallic minerals,civil_infrastructure,1918,13.951150154540391
Europe & Russia,Non-metallic minerals,civil_infrastructure,1919,14.453915518970573
Europe & Russia,Non-metallic minerals,civil_infrastructure,1920,14.924412272333887
Europe & Russia,Non-metallic minerals,civil_infrastructure,1921,15.364430453337869
Europe & Russia,Non-metallic minerals,civil_infrastructure,1922,15.779348690081656
Europe & Russia,Non-metallic minerals,civil_infrastructure,1923,16.176136169035132
Europe & Russia,Non-metallic minerals,civil_infrastructure,1924,16.561190756204198
Europe & Russia,Non-metallic minerals,civil_infrastructure,1925,16.93868019442805
Europe & Russia,Non-metallic minerals,civil_infrastructure,1926,17.309580951306508
Europe & Russia,Non-metallic minerals,civil_infrastructure,1927,17.671031674616067
Europe & Russia,Non-metallic minerals,civil_infrastructure,1928,18.01574954195087
Europe & Russia,Non-metallic minerals,civil_infrastructure,1929,18.332099229894894
Europe & Russia,Non-metallic minerals,civil_infrastructure,1930,18.60578322327446
Europe & Russia,Non-metallic minerals,civil_infrastructure,1931,18.8233980556438
Europe & Russia,Non-metallic minerals,civil_infrastructure,1932,18.976927456297652
Europe & Russia,Non-metallic minerals,civil_infrastructure,1933,19.067554693112925
Europe & Russia,Non-metallic minerals,civil_infrastructure,1934,19.107376400051887
Europe & Russia,Non-metallic minerals,civil_infrastructure,1935,19.118499598598728
Europe & Russia,Non-metallic minerals,civil_infrastructure,1936,19.130052713344178
Europe & Russia,Non-metallic minerals,civil_infrastructure,1937,19.174280695132932
Europe & Russia,Non-metallic minerals,civil_infrastructure,1938,19.28293250013234
Europe & Russia,Non-metallic minerals,civil_infrastructure,1939,19.48475058827315
Europe & Russia,Non-metallic minerals,civil_infrastructure,1940,19.804145795734303
Europe & Russia,Non-metallic minerals,civil_infrastructure,1941,20.26031243735988
Europe & Russia,Non-metallic minerals,civil_infrastructure,1942,20.865906574576922
Europe & Russia,Non-metallic minerals,civil_infrastructure,1943,21.625423763521976
Europe & Russia,Non-metallic minerals,civil_infrastructure,1944,22.53452588324042
Europe & Russia,Non-metallic minerals,civil_infrastructure,1945,23.5814171295195
Europe & Russia,Non-metallic minerals,civil_infrastructure,1946,24.750091718332197
Europe & Russia,Non-metallic minerals,civil_infrastructure,1947,26.024126327122573
Europe & Russia,Non-metallic minerals,civil_infrastructure,1948,27.389553763984832
Europe & Russia,Non-metallic minerals,civil_infrastructure,1949,28.836260715663336
Europe & Russia,Non-metallic minerals,civil_infrastructure,1950,30.358808387083023
Europe & Russia,Non-metallic minerals,civil_infrastructure,1951,31.958469973368526
Europe & Russia,Non-metallic minerals,civil_infrastructure,1952,33.64690706345769
Europe & Russia,Non-metallic minerals,civil_infrastructure,1953,35.4480641679197
Europe & Russia,Non-metallic minerals,civil_infrastructure,1954,37.39227221900689
Europe & Russia,Non-metallic minerals,civil_infrastructure,1955,39.50038344830444
Europe & Russia,Non-metallic minerals,civil_infrastructure,1956,41.76494823032127
Europe & Russia,Non-metallic minerals,civil_infrastructure,1957,44.1410646419051
Europe & Russia,Non-metallic minerals,civil_infrastructure,1958,46.5550368348311
Europe & Russia,Non-metallic minerals,civil_infrastructure,1959,48.92812764671416
Europe & Russia,Non-metallic minerals,civil_infrastructure,1960,51.204527685806696
Europe & Russia,Non-metallic minerals,civil_infrastructure,1961,53.37205382560577
Europe & Russia,Non-metallic minerals,civil_infrastructure,1962,55.46942142925592
Europe & Russia,Non-metallic minerals,civil_infrastructure,1963,57.58108712752345
Europe & Russia,Non-metallic minerals,civil_infrastructure,1964,59.825802176444675
Europe & Russia,Non-metallic minerals,civil_infrastructure,1965,62.34548822305453
Europe & Russia,Non-metallic minerals,civil_infrastructure,1966,65.29719547432286
Europe & Russia,Non-metallic minerals,civil_infrastructure,1967,68.84668631868854
Europe & Russia,Non-metallic minerals,civil_infrastructure,1968,73.16158744968195
Europe & Russia,Non-metallic minerals,civil_infrastructure,1969,78.40456944637823
Europe & Russia,Non-metallic minerals,civil_infrastructure,1970,84.72868169860091
Europe & Russia,Non-metallic minerals,civil_infrastructure,1971,92.27600734673203
Europe & Russia,Non-metallic minerals,civil_infrastructure,1972,101.1792151722732
Europe & Russia,Non-metallic minerals,civil_infrastructure,1973,111.56441501366268
Europe & Russia,Non-metallic minerals,civil_infrastructure,1974,123.55172399332046
Europe & Russia,Non-metallic minerals,civil_infrastructure,1975,137.24940530770604
Europe & Russia,Non-metallic minerals,civil_infrastructure,1976,152.742339934145
Europe & Russia,Non-metallic minerals,civil_infrastructure,1977,170.08190800407291
Europe & Russia,Non-metallic minerals,civil_infrastructure,1978,189.28444749217238
Europe & Russia,Non-metallic minerals,civil_infrastructure,1979,210.34015254821597
Europe & Russia,Non-metallic minerals,civil_infrastructure,1980,233.22868978086709
Europe & Russia,Non-metallic minerals,civil_infrastructure,1981,257.9329847344027
Europe & Russia,Non-metallic minerals,civil_infrastructure,1982,284.4390861188095
Europe & Russia,Non-metallic minerals,civil_infrastructure,1983,312.71179653489884
Europe & Russia,Non-metallic minerals,civil_infrastructure,1984,342.64738768614137
Europe & Russia,Non-metallic minerals,civil_infrastructure,1985,374.0223987857366
Europe & Russia,Non-metallic minerals,civil_infrastructure,1986,406.46909428100923
Europe & Russia,Non-metallic minerals,civil_infrastructure,1987,439.5040015565106
Europe & Russia,Non-metallic minerals,civil_infrastructure,1988,472.611934850491
Europe & Russia,Non-metallic minerals,civil_infrastructure,1989,505.34976087980596
Europe & Russia,Non-metallic minerals,civil_infrastructure,1990,537.4066422027807
Europe & Russia,Non-metallic minerals,civil_infrastructure,1991,568.5737147016806
Europe & Russia,Non-metallic minerals,civil_infrastructure,1992,598.6380854373555
Europe & Russia,Non-metallic minerals,civil_infrastructure,1993,627.2741639021486
Europe & Russia,Non-metallic minerals,civil_infrastructure,1994,654.0082143494492
Europe & Russia,Non-metallic minerals,civil_infrastructure,1995,678.284764273491
Europe & Russia,Non-metallic minerals,civil_infrastructure,1996,699.6101431872295
Europe & Russia,Non-metallic minerals,civil_infrastructure,1997,717.7176507008918
Europe & Russia,Non-metallic minerals,civil_infrastructure,1998,732.6917291071917
Europe & Russia,Non-metallic minerals,civil_infrastructure,1999,744.9997293287736
Europe & Russia,Non-metallic minerals,civil_infrastructure,2000,755.406400207179
Europe & Russia,Non-metallic minerals,civil_infrastructure,2001,764.7839357534377
Europe & Russia,Non-metallic minerals,civil_infrastructure,2002,773.8750752715572
Europe & Russia,Non-metallic minerals,civil_infrastructure,2003,783.100943285377
Europe & Russia,Non-metallic minerals,civil_infrastructure,2004,792.4944811463005
Europe & Russia,Non-metallic minerals,civil_infrastructure,2005,801.7775436074305
Europe & Russia,Non-metallic minerals,civil_infrastructure,2006,810.5312239222768
Europe & Russia,Non-metallic minerals,civil_infrastructure,2007,818.3827701029456
Europe & Russia,Non-metallic minerals,civil_infrastructure,2008,825.1472208506541
Europe & Russia,Non-metallic minerals,civil_infrastructure,2009,830.8893390556638
Europe & Russia,Non-metallic minerals,civil_infrastructure,2010,835.8986382129831
Europe & Russia,Non-metallic minerals,civil_infrastructure,2011,840.5976128058038
Europe & Russia,Non-metallic minerals,civil_infrastructure,2012,845.4252747897436
Europe & Russia,Non-metallic minerals,civil_infrastructure,2013,850.744267196992
Europe & Russia,Non-metallic minerals,civil_infrastructure,2014,856.8039210802302
Europe & Russia,Non-metallic minerals,civil_infrastructure,2015,863.7590581895917
Europe & Russia,Non-metallic minerals,civil_infrastructure,2016,871.7142357968569
Europe & Russia,Non-metallic minerals,machinery,1900,0.042915896215871406
Europe & Russia,Non-metallic minerals,machinery,1901,0.04331531995186291
Europe & Russia,Non-metallic minerals,machinery,1902,0.04371859347492628
Europe & Russia,Non-metallic minerals,machinery,1903,0.04412715917489304
Europe & Russia,Non-metallic minerals,machinery,1904,0.04454201318695704
Europe & Russia,Non-metallic minerals,machinery,1905,0.04496349883321592
Europe & Russia,Non-metallic minerals,machinery,1906,0.045390983256126866
Europe & Russia,Non-metallic minerals,machinery,1907,0.04582002737979541
Europe & Russia,Non-metallic minerals,machinery,1908,0.0462342279309826
Europe & Russia,Non-metallic minerals,machinery,1909,0.046600642483760446
Europe & Russia,Non-metallic minerals,machinery,1910,0.04688582894846569
Europe & Russia,Non-metallic minerals,machinery,1911,0.047086924760517554
Europe & Russia,Non-metallic minerals,machinery,1912,0.04724900764908249
Europe & Russia,Non-metallic minerals,machinery,1913,0.04745269100170449
Europe & Russia,Non-metallic minerals,machinery,1914,0.04778369446701239
Europe & Russia,Non-metallic minerals,machinery,1915,0.048306068862176185
Europe & Russia,Non-metallic minerals,machinery,1916,0.04905115769068678
Europe & Russia,Non-metallic minerals,machinery,1917,0.050021090182986706
Europe & Russia,Non-metallic minerals,machinery,1918,0.051199168644069946
Europe & Russia,Non-metallic minerals,machinery,1919,0.05256035810658191
Europe & Russia,Non-metallic minerals,machinery,1920,0.054078641697076525
Europe & Russia,Non-metallic minerals,machinery,1921,0.05573046084452174
Europe & Russia,Non-metallic minerals,machinery,1922,0.05749426771166679
Europe & Russia,Non-metallic minerals,machinery,1923,0.05934711382552238
Europe & Russia,Non-metallic minerals,machinery,1924,0.06126086216485314
Europe & Russia,Non-metallic minerals,machinery,1925,0.06320124578974805
Europe & Russia,Non-metallic minerals,machinery,1926,0.06513108893753243
Europe & Russia,Non-metallic minerals,machinery,1927,0.06701573226277799
Europe & Russia,Non-metallic minerals,machinery,1928,0.06882800394168424
Europe & Russia,Non-metallic minerals,machinery,1929,0.07055222387822767
Europe & Russia,Non-metallic minerals,machinery,1930,0.07218717308291973
Europe & Russia,Non-metallic minerals,machinery,1931,0.07374699660153067
Europe & Russia,Non-metallic minerals,machinery,1932,0.07525978851893829
Europe & Russia,Non-metallic minerals,machinery,1933,0.07676452717161877
Europe & Russia,Non-metallic minerals,machinery,1934,0.07830631473988083
Europe & Russia,Non-metallic minerals,machinery,1935,0.07992945455916048
Europe & Russia,Non-metallic minerals,machinery,1936,0.08166927117033197
Europe & Russia,Non-metallic minerals,machinery,1937,0.08354543310834366
Europe & Russia,Non-metallic minerals,machinery,1938,0.08555969413235404
Europe & Russia,Non-metallic minerals,machinery,1939,0.08769865211479205
Europe & Russia,Non-metallic minerals,machinery,1940,0.08993896017610581
Europe & Russia,Non-metallic minerals,machinery,1941,0.09225175351582104
Europe & Russia,Non-metallic minerals,machinery,1942,0.0946057732091134
Europe & Russia,Non-metallic minerals,machinery,1943,0.09697110096444954
Europe & Russia,Non-metallic minerals,machinery,1944,0.09932461561412458
Europe & Russia,Non-metallic minerals,machinery,1945,0.10165605695272227
Europe & Russia,Non-metallic minerals,machinery,1946,0.1039723876191156
Europe & Russia,Non-metallic minerals,machinery,1947,0.10629736533777694
Europe & Russia,Non-metallic minerals,machinery,1948,0.10866257839084034
Europe & Russia,Non-metallic minerals,machinery,1949,0.11108875834741043
Europe & Russia,Non-metallic minerals,machinery,1950,0.11356481750720235
Europe & Russia,Non-metallic minerals,machinery,1951,0.11603941969310136
Europe & Russia,Non-metallic minerals,machinery,1952,0.1184331071798343
Europe & Russia,Non-metallic minerals,machinery,1953,0.12066277103118832
Europe & Russia,Non-metallic minerals,machinery,1954,0.12266417011415841
Europe & Russia,Non-metallic minerals,machinery,1955,0.12440908128029728
Europe & Russia,Non-metallic minerals,machinery,1956,0.12592024332304164
Europe & Russia,Non-metallic minerals,machinery,1957,0.1272769698316349
Europe & Russia,Non-metallic minerals,machinery,1958,0.12860316187930107
Europe & Russia,Non-metallic minerals,machinery,1959,0.13004800280752174
Europe & Russia,Non-metallic minerals,machinery,1960,0.13177516940049153
Europe & Russia,Non-metallic minerals,machinery,1961,0.1339558771015137
Europe & Russia,Non-metallic minerals,machinery,1962,0.13675035827270862
Europe & Russia,Non-metallic minerals,machinery,1963,0.14027855686171872
Europe & Russia,Non-metallic minerals,machinery,1964,0.14459697422898077
Europe & Russia,Non-metallic minerals,machinery,1965,0.14969501416039768
Europe & Russia,Non-metallic minerals,machinery,1966,0.15551027405502293
Europe & Russia,Non-metallic minerals,machinery,1967,0.16195269329294515
Europe & Russia,Non-metallic minerals,machinery,1968,0.16892670935274837
Europe & Russia,Non-metallic minerals,machinery,1969,0.17634619300761756
Europe & Russia,Non-metallic minerals,machinery,1970,0.1841421790766606
Europe & Russia,Non-metallic minerals,machinery,1971,0.19226397291630956
Europe & Russia,Non-metallic minerals,machinery,1972,0.2006740289017581
Europe & Russia,Non-metallic minerals,machinery,1973,0.209340130307101
Europe & Russia,Non-metallic minerals,machinery,1974,0.21823166185248813
Europe & Russia,Non-metallic minerals,machinery,1975,0.2273233932540696
Europe & Russia,Non-metallic minerals,machinery,1976,0.23660180397426417
Europe & Russia,Non-metallic minerals,machinery,1977,0.24606754865432737
Europe & Russia,Non-metallic minerals,machinery,1978,0.2557300721893603
Europe & Russia,Non-metallic minerals,machinery,1979,0.265590302629217
Europe & Russia,Non-metallic minerals,machinery,1980,0.27561991568032135
Europe & Russia,Non-metallic minerals,machinery,1981,0.2857563063728446
Europe & Russia,Non-metallic minerals,machinery,1982,0.29589845053009367
Europe & Russia,Non-metallic minerals,machinery,1983,0.3058777713123967
Europe & Russia,Non-metallic minerals,machinery,1984,0.31545887800200195
Europe & Russia,Non-metallic minerals,machinery,1985,0.32440984153115787
Europe & Russia,Non-metallic minerals,machinery,1986,0.3325663671166389
Europe & Russia,Non-metallic minerals,machinery,1987,0.3398711230711411
Europe & Russia,Non-metallic minerals,machinery,1988,0.34644251518521557
Europe & Russia,Non-metallic minerals,machinery,1989,0.35258538355199037
Europe & Russia,Non-metallic minerals,machinery,1990,0.35861251730460625
Europe & Russia,Non-metallic minerals,machinery,1991,0.3646020353391778
Europe & Russia,Non-metallic minerals,machinery,1992,0.3703528114059276
Europe & Russia,Non-metallic minerals,machinery,1993,0.3755729038499731
Europe & Russia,Non-metallic minerals,machinery,1994,0.38010343884942493
Europe & Russia,Non-metallic minerals,machinery,1995,0.3840238966721701
Europe & Russia,Non-metallic minerals,machinery,1996,0.38764401678559696
Europe & Russia,Non-metallic minerals,machinery,1997,0.3914442634250148
Europe & Russia,Non-metallic minerals,machinery,1998,0.39598289653956953
Europe & Russia,Non-metallic minerals,machinery,1999,0.4016816250673257
Europe & Russia,Non-metallic minerals,machinery,2000,0.40850016390371185
Europe & Russia,Non-metallic minerals,machinery,2001,0.4158558069720097
Europe & Russia,Non-metallic minerals,machinery,2002,0.4230724357451212
Europe & Russia,Non-metallic minerals,machinery,2003,0.43016279273265695
Europe & Russia,Non-metallic minerals,machinery,2004,0.4383823909481444
Europe & Russia,Non-metallic minerals,machinery,2005,0.4500584633731245
Europe & Russia,Non-metallic minerals,machinery,2006,0.46772791635572253
Europe & Russia,Non-metallic minerals,machinery,2007,0.49309142228677755
Europe & Russia,Non-metallic minerals,machinery,2008,0.5263926096531395
Europe & Russia,Non-metallic minerals,machinery,2009,0.5665638176486582
Europe & Russia,Non-metallic minerals,machinery,2010,0.611952244033387
Europe & Russia,Non-metallic minerals,machinery,2011,0.6610032777644754
Europe & Russia,Non-metallic minerals,machinery,2012,0.7124131852372011
Europe & Russia,Non-metallic minerals,machinery,2013,0.7648302553708373
Europe & Russia,Non-metallic minerals,machinery,2014,0.8165342462069285
Europe & Russia,Non-metallic minerals,machinery,2015,0.865476883100169
Europe & Russia,Non-metallic minerals,machinery,2016,0.9096340349333226
Europe & Russia,Non-metallic minerals,short_lived,1900,1.338741276889911
Europe & Russia,Non-metallic minerals,short_lived,1901,1.3256719328125393
Europe & Russia,Non-metallic minerals,short_lived,1902,1.3823947087635988
Europe & Russia,Non-metallic minerals,short_lived,1903,1.4390605307723017
Europe & Russia,Non-metallic minerals,short_lived,1904,1.4970827606136974
Europe & Russia,Non-metallic minerals,short_lived,1905,1.5561444062240537
Europe & Russia,Non-metallic minerals,short_lived,1906,1.6142799860784602
Europe & Russia,Non-metallic minerals,short_lived,1907,1.6740515190163539
Europe & Russia,Non-metallic minerals,short_lived,1908,1.7350684971262602
Europe & Russia,Non-metallic minerals,short_lived,1909,1.798254006034591
Europe & Russia,Non-metallic minerals,short_lived,1910,1.8599550188826355
Europe & Russia,Non-metallic minerals,short_lived,1911,1.9205764744452736
Europe & Russia,Non-metallic minerals,short_lived,1912,1.9867049453935273
Europe & Russia,Non-metallic minerals,short_lived,1913,2.0518758238998
Europe & Russia,Non-metallic minerals,short_lived,1914,2.1165127545933538
Europe & Russia,Non-metallic minerals,short_lived,1915,2.1864492538863796
Europe & Russia,Non-metallic minerals,short_lived,1916,2.2465295201075266
Europe & Russia,Non-metallic minerals,short_lived,1917,2.2937285206794376
Europe & Russia,Non-metallic minerals,short_lived,1918,2.342965800109403
Europe & Russia,Non-metallic minerals,short_lived,1919,2.387404094387405
Europe & Russia,Non-metallic minerals,short_lived,1920,2.403829153790228
Europe & Russia,Non-metallic minerals,short_lived,1921,2.459833935904743
Europe & Russia,Non-metallic minerals,short_lived,1922,2.533455869710598
Europe & Russia,Non-metallic minerals,short_lived,1923,2.6001634417930815
Europe & Russia,Non-metallic minerals,short_lived,1924,2.674210458008581
Europe & Russia,Non-metallic minerals,short_lived,1925,2.746645288852404
Europe & Russia,Non-metallic minerals,short_lived,1926,2.8194221046854557
Europe & Russia,Non-metallic minerals,short_lived,1927,2.89644291596702
Europe & Russia,Non-metallic minerals,short_lived,1928,2.9697999039181
Europe & Russia,Non-metallic minerals,short_lived,1929,3.0449766762296435
Europe & Russia,Non-metallic minerals,short_lived,1930,3.1196230498621347
Europe & Russia,Non-metallic minerals,short_lived,1931,3.2057134063532975
Europe & Russia,Non-metallic minerals,short_lived,1932,3.29921012572787
Europe & Russia,Non-metallic minerals,short_lived,1933,3.3906249863852893
Europe & Russia,Non-metallic minerals,short_lived,1934,3.4771971449015244
Europe & Russia,Non-metallic minerals,short_lived,1935,3.559878479519644
Europe & Russia,Non-metallic minerals,short_lived,1936,3.646159897931493
Europe & Russia,Non-metallic minerals,short_lived,1937,3.7297532739771695
Europe & Russia,Non-metallic minerals,short_lived,1938,3.8138270924494515
Europe & Russia,Non-metallic minerals,short_lived,1939,3.9070412080903463
Europe & Russia,Non-metallic minerals,short_lived,1940,3.99660105337771
Europe & Russia,Non-metallic minerals,short_lived,1941,4.074617816320728
Europe & Russia,Non-metallic minerals,short_lived,1942,4.147620647620292
Europe & Russia,Non-metallic minerals,short_lived,1943,4.233917110566578
Europe & Russia,Non-metallic minerals,short_lived,1944,4.311437769330995
Europe & Russia,Non-metallic minerals,short_lived,1945,4.394489126332502
Europe & Russia,Non-metallic minerals,short_lived,1946,4.448254276243272
Europe & Russia,Non-metallic minerals,short_lived,1947,4.413219265127639
Europe & Russia,Non-metallic minerals,short_lived,1948,4.432337011842707
Europe & Russia,Non-metallic minerals,short_lived,1949,4.5547524774138255
Europe & Russia,Non-metallic minerals,short_lived,1950,4.671665807967097
Europe & Russia,Non-metallic minerals,short_lived,1951,4.796891822505038
Europe & Russia,Non-metallic minerals,short_lived,1952,4.984247365693389
Europe & Russia,Non-metallic minerals,short_lived,1953,5.185613539503049
Europe & Russia,Non-metallic minerals,short_lived,1954,5.392016954815057
Europe & Russia,Non-metallic minerals,short_lived,1955,5.61070737567577
Europe & Russia,Non-metallic minerals,short_lived,1956,5.834377956741434
Europe & Russia,Non-metallic minerals,short_lived,1957,6.071715057059211
Europe & Russia,Non-metallic minerals,short_lived,1958,6.32211870003276
Europe & Russia,Non-metallic minerals,short_lived,1959,6.596515240543243
Europe & Russia,Non-metallic minerals,short_lived,1960,6.856218273969115
Europe & Russia,Non-metallic minerals,short_lived,1961,7.0944480745721155
Europe & Russia,Non-metallic minerals,short_lived,1962,7.356897038766233
Europe & Russia,Non-metallic minerals,short_lived,1963,7.653897187386334
Europe & Russia,Non-metallic minerals,short_lived,1964,8.007410562450865
Europe & Russia,Non-metallic minerals,short_lived,1965,8.340855060805874
Europe & Russia,Non-metallic minerals,short_lived,1966,8.710857671417772
Europe & Russia,Non-metallic minerals,short_lived,1967,9.088269974265218
Europe & Russia,Non-metallic minerals,short_lived,1968,9.486716039340827
Europe & Russia,Non-metallic minerals,short_lived,1969,9.852539978993425
Europe & Russia,Non-metallic minerals,short_lived,1970,10.297225881286284
Europe & Russia,Non-metallic minerals,short_lived,1971,10.75866586647778
Europe & Russia,Non-metallic minerals,short_lived,1972,11.854467341458818
Europe & Russia,Non-metallic minerals,short_lived,1973,12.672587227624803
Europe & Russia,Non-metallic minerals,short_lived,1974,13.941741314802677
Europe & Russia,Non-metallic minerals,short_lived,1975,14.848354577360398
Europe & Russia,Non-metallic minerals,short_lived,1976,13.821305872527047
Europe & Russia,Non-metallic minerals,short_lived,1977,15.070807210204773
Europe & Russia,Non-metallic minerals,short_lived,1978,14.57069998083003
Europe & Russia,Non-metallic minerals,short_lived,1979,14.74086376968867
Europe & Russia,Non-metallic minerals,short_lived,1980,15.608028360158288
Europe & Russia,Non-metallic minerals,short_lived,1981,16.926853083226494
Europe & Russia,Non-metallic minerals,short_lived,1982,15.611174173399762
Europe & Russia,Non-metallic minerals,short_lived,1983,15.958054082164299
Europe & Russia,Non-metallic minerals,short_lived,1984,16.605879798031882
Europe & Russia,Non-metallic minerals,short_lived,1985,17.477051894573016
Europe & Russia,Non-metallic minerals,short_lived,1986,16.85081741884781
Europe & Russia,Non-metallic minerals,short_lived,1987,13.931755067874592
Europe & Russia,Non-metallic minerals,short_lived,1988,13.996406131992128
Europe & Russia,Non-metallic minerals,short_lived,1989,14.09615774179283
Europe & Russia,Non-metallic minerals,short_lived,1990,14.31270163306625
Europe & Russia,Non-metallic minerals,short_lived,1991,14.856122065225996
Europe & Russia,Non-metallic minerals,short_lived,1992,14.994449629850727
Europe & Russia,Non-metallic minerals,short_lived,1993,14.561421672428127
Europe & Russia,Non-metallic minerals,short_lived,1994,16.773708489376165
Europe & Russia,Non-metallic minerals,short_lived,1995,17.35753977468296
Europe & Russia,Non-metallic minerals,short_lived,1996,18.308083894217205
Europe & Russia,Non-metallic minerals,short_lived,1997,18.83705206332382
Europe & Russia,Non-metallic minerals,short_lived,1998,17.699031681382728
Europe & Russia,Non-metallic minerals,short_lived,1999,19.004399091995147
Europe & Russia,Non-metallic minerals,short_lived,2000,19.35063184663701
Europe & Russia,Non-metallic minerals,short_lived,2001,20.52479316575301
Europe & Russia,Non-metallic minerals,short_lived,2002,21.21985635759078
Europe & Russia,Non-metallic minerals,short_lived,2003,21.6425204471947
Europe & Russia,Non-metallic minerals,short_lived,2004,22.498872058574488
Europe & Russia,Non-metallic minerals,short_lived,2005,24.049325500111067
Europe & Russia,Non-metallic minerals,short_lived,2006,25.247894628546188
Europe & Russia,Non-metallic minerals,short_lived,2007,26.889675554502173
Europe & Russia,Non-metallic minerals,short_lived,2008,29.422663701717447
Europe & Russia,Non-metallic minerals,short_lived,2009,30.75019648483685
Europe & Russia,Non-metallic minerals,short_lived,2010,28.756641375236
Europe & Russia,Non-metallic minerals,short_lived,2011,29.841253999652658
Europe & Russia,Non-metallic minerals,short_lived,2012,31.567246485837554
Europe & Russia,Non-metallic minerals,short_lived,2013,31.477355993602686
Europe & Russia,Non-metallic minerals,short_lived,2014,31.960792256687732
Europe & Russia,Non-metallic minerals,short_lived,2015,33.12054486236191
Europe & Russia,Non-metallic minerals,short_lived,2016,34.19161722092961
Latin America,Metal ores,buildings,1900,0.0033006780242452087
Latin America,Metal ores,buildings,1901,0.003377949397766643
Latin America,Metal ores,buildings,1902,0.003456741110793666
Latin America,Metal ores,buildings,1903,0.003537229054272218
Latin America,Metal ores,buildings,1904,0.003619589298275295
Latin America,Metal ores,buildings,1905,0.00370399707837516
Latin America,Metal ores,buildings,1906,0.0037906259772087837
Latin America,Metal ores,buildings,1907,0.003879647369443308
Latin America,Metal ores,buildings,1908,0.0039712302125050995
Latin America,Metal ores,buildings,1909,0.004065541404837301
Latin America,Metal ores,buildings,1910,0.004162747664213076
Latin America,Metal ores,buildings,1911,0.004263022266561315
Latin America,Metal ores,buildings,1912,0.004366565294461587
Latin America,Metal ores,buildings,1913,0.004473654294497321
Latin America,Metal ores,buildings,1914,0.004584750773261078
Latin America,Metal ores,buildings,1915,0.004700691774777262
Latin America,Metal ores,buildings,1916,0.00482299007371007
Latin America,Metal ores,buildings,1917,0.00495424972722333
Latin America,Metal ores,buildings,1918,0.005098678896143876
Latin America,Metal ores,buildings,1919,0.005262655479227492
Latin America,Metal ores,buildings,1920,0.005455280495030839
Latin America,Metal ores,buildings,1921,0.005688844777517424
Latin America,Metal ores,buildings,1922,0.005979138631519978
Latin America,Metal ores,buildings,1923,0.006345550391480552
Latin America,Metal ores,buildings,1924,0.0068109244459796416
Latin America,Metal ores,buildings,1925,0.007401176863081646
Latin America,Metal ores,buildings,1926,0.00814469176649839
Latin America,Metal ores,buildings,1927,0.009071539861282823
Latin America,Metal ores,buildings,1928,0.010212570319767945
Latin America,Metal ores,buildings,1929,0.01159842975908352
Latin America,Metal ores,buildings,1930,0.01325856021097074
Latin America,Metal ores,buildings,1931,0.01522022481507177
Latin America,Metal ores,buildings,1932,0.01750760712809888
Latin America,Metal ores,buildings,1933,0.020141027360420723
Latin America,Metal ores,buildings,1934,0.02313631537692973
Latin America,Metal ores,buildings,1935,0.026504374793522804
Latin America,Metal ores,buildings,1936,0.0302509645423459
Latin America,Metal ores,buildings,1937,0.03437671413142643
Latin America,Metal ores,buildings,1938,0.03887737698867769
Latin America,Metal ores,buildings,1939,0.04374431317459746
Latin America,Metal ores,buildings,1940,0.0489651787246515
Latin America,Metal ores,buildings,1941,0.05452478434333114
Latin America,Metal ores,buildings,1942,0.060406071595227304
Latin America,Metal ores,buildings,1943,0.0665911408685247
Latin America,Metal ores,buildings,1944,0.0730622538318694
Latin America,Metal ores,buildings,1945,0.07980272689294864
Latin America,Metal ores,buildings,1946,0.08679763533353756
Latin America,Metal ores,buildings,1947,0.09403426369471007
Latin America,Metal ores,buildings,1948,0.10150226710399003
Latin America,Metal ores,buildings,1949,0.109193546849442
Latin America,Metal ores,buildings,1950,0.11710188410650171
Latin America,Metal ores,buildings,1951,0.1252224092473299
Latin America,Metal ores,buildings,1952,0.1335510031005382
Latin America,Metal ores,buildings,1953,0.1420837274874223
Latin America,Metal ores,buildings,1954,0.15081636689256123
Latin America,Metal ores,buildings,1955,0.1597441366181356
Latin America,Metal ores,buildings,1956,0.16886158219690064
Latin America,Metal ores,buildings,1957,0.178162666574534
Latin America,Metal ores,buildings,1958,0.18764102002433694
Latin America,Metal ores,buildings,1959,0.19729031489237195
Latin America,Metal ores,buildings,1960,0.2071047228057433
Latin America,Metal ores,buildings,1961,0.21707941402505135
Latin America,Metal ores,buildings,1962,0.22721106466690838
Latin America,Metal ores,buildings,1963,0.2374983454109539
Latin America,Metal ores,buildings,1964,0.2479423737982956
Latin America,Metal ores,buildings,1965,0.2585471209167393
Latin America,Metal ores,buildings,1966,0.269319772161534
Latin America,Metal ores,buildings,1967,0.2802710508621158
Latin America,Metal ores,buildings,1968,0.29141552244475216
Latin America,Metal ores,buildings,1969,0.3027719042426505
Latin America,Metal ores,buildings,1970,0.31436341039852783
Latin America,Metal ores,buildings,1971,0.3262181616196218
Latin America,Metal ores,buildings,1972,0.3383696865067484
Latin America,Metal ores,buildings,1973,0.350857536053057
Latin America,Metal ores,buildings,1974,0.3637280256963891
Latin America,Metal ores,buildings,1975,0.37703510839689147
Latin America,Metal ores,buildings,1976,0.39084136610254594
Latin America,Metal ores,buildings,1977,0.4052190861498839
Latin America,Metal ores,buildings,1978,0.42025136664399343
Latin America,Metal ores,buildings,1979,0.43603317601262226
Latin America,Metal ores,buildings,1980,0.4526722837041129
Latin America,Metal ores,buildings,1981,0.4702899875658139
Latin America,Metal ores,buildings,1982,0.48902159029715137
Latin America,Metal ores,buildings,1983,0.509016617665488
Latin America,Metal ores,buildings,1984,0.5304388170211294
Latin America,Metal ores,buildings,1985,0.5534660200634641
Latin America,Metal ores,buildings,1986,0.5782899937356076
Latin America,Metal ores,buildings,1987,0.6051164264111668
Latin America,Metal ores,buildings,1988,0.6341651846134748
Latin America,Metal ores,buildings,1989,0.6656709150324184
Latin America,Metal ores,buildings,1990,0.6998839661010673
Latin America,Metal ores,buildings,1991,0.7370714944901517
Latin America,Metal ores,buildings,1992,0.7775185371726028
Latin America,Metal ores,buildings,1993,0.8215287727480743
Latin America,Metal ores,buildings,1994,0.8694246353393241
Latin America,Metal ores,buildings,1995,0.9215463517890078
Latin America,Metal ores,buildings,1996,0.9782493734890823
Latin America,Metal ores,buildings,1997,1.0398996562199885
Latin America,Metal ores,buildings,1998,1.1068663982916562
Latin America,Metal ores,buildings,1999,1.1795121987671722
Latin America,Metal ores,buildings,2000,1.2581810589981537
Latin America,Metal ores,buildings,2001,1.3431850765226145
Latin America,Metal ores,buildings,2002,1.4347909451226557
Latin America,Metal ores,buildings,2003,1.533207431885406
Latin America,Metal ores,buildings,2004,1.6385748840159062
Latin America,Metal ores,buildings,2005,1.7509575884093107
Latin America,Metal ores,buildings,2006,1.8703395069147435
Latin America,Metal ores,buildings,2007,1.9966235469272553
Latin America,Metal ores,buildings,2008,2.1296341109129897
Latin America,Metal ores,buildings,2009,2.269122257377606
Latin America,Metal ores,buildings,2010,2.414772502849406
Latin America,Metal ores,buildings,2011,2.566210197926555
Latin America,Metal ores,buildings,2012,2.7230085574643357
Latin America,Metal ores,buildings,2013,2.8846947703097388
Latin America,Metal ores,buildings,2014,3.0507550511081485
Latin America,Metal ores,buildings,2015,3.220638904028317
Latin America,Metal ores,buildings,2016,3.3937631553065137
Latin America,Metal ores,civil_infrastructure,1900,9.52733756454562e-5
Latin America,Metal ores,civil_infrastructure,1901,1.0459932292628988e-4
Latin America,Metal ores,civil_infrastructure,1902,1.1451160436872361e-4
Latin America,Metal ores,civil_infrastructure,1903,1.2501976561763093e-4
Latin America,Metal ores,civil_infrastructure,1904,1.3613190097424806e-4
Latin America,Metal ores,civil_infrastructure,1905,1.4785466057198115e-4
Latin America,Metal ores,civil_infrastructure,1906,1.601932719377378e-4
Latin America,Metal ores,civil_infrastructure,1907,1.7315157540416808e-4
Latin America,Metal ores,civil_infrastructure,1908,1.8673207271869465e-4
Latin America,Metal ores,civil_infrastructure,1909,2.0093598808942702e-4
Latin America,Metal ores,civil_infrastructure,1910,2.157633408164143e-4
Latin America,Metal ores,civil_infrastructure,1911,2.3121302857780605e-4
Latin America,Metal ores,civil_infrastructure,1912,2.4728292037467505e-4
Latin America,Metal ores,civil_infrastructure,1913,2.639699580849782e-4
Latin America,Metal ores,civil_infrastructure,1914,2.812702655363074e-4
Latin America,Metal ores,civil_infrastructure,1915,2.991792639787619e-4
Latin America,Metal ores,civil_infrastructure,1916,3.176917928243316e-4
Latin America,Metal ores,civil_infrastructure,1917,3.368022345186213e-4
Latin America,Metal ores,civil_infrastructure,1918,3.5650464243124514e-4
Latin America,Metal ores,civil_infrastructure,1919,3.767928707060322e-4
Latin America,Metal ores,civil_infrastructure,1920,3.9766070513205337e-4
Latin America,Metal ores,civil_infrastructure,1921,4.19101994346044e-4
Latin America,Metal ores,civil_infrastructure,1922,4.41110781162754e-4
Latin America,Metal ores,civil_infrastructure,1923,4.636814347280803e-4
Latin America,Metal ores,civil_infrastructure,1924,4.868087857525963e-4
Latin America,Metal ores,civil_infrastructure,1925,5.104882696258117e-4
Latin America,Metal ores,civil_infrastructure,1926,5.34716086117435e-4
Latin America,Metal ores,civil_infrastructure,1927,5.594893900074795e-4
Latin America,Metal ores,civil_infrastructure,1928,5.848065346774017e-4
Latin America,Metal ores,civil_infrastructure,1929,6.106674006129184e-4
Latin America,Metal ores,civil_infrastructure,1930,6.370738528698906e-4
Latin America,Metal ores,civil_infrastructure,1931,6.640303855149301e-4
Latin America,Metal ores,civil_infrastructure,1932,6.915450262165291e-4
Latin America,Metal ores,civil_infrastructure,1933,7.196305895720426e-4
Latin America,Metal ores,civil_infrastructure,1934,7.483063821543453e-4
Latin America,Metal ores,civil_infrastructure,1935,7.776004742383358e-4
Latin America,Metal ores,civil_infrastructure,1936,8.075526611974038e-4
Latin America,Metal ores,civil_infrastructure,1937,8.382182402012787e-4
Latin America,Metal ores,civil_infrastructure,1938,8.696727238523482e-4
Latin America,Metal ores,civil_infrastructure,1939,9.0201760079726e-4
Latin America,Metal ores,civil_infrastructure,1940,9.353872336335144e-4
Latin America,Metal ores,civil_infrastructure,1941,9.69956956542178e-4
Latin America,Metal ores,civil_infrastructure,1942,0.0010059523994745258
Latin America,Metal ores,civil_infrastructure,1943,0.0010436600234089584
Latin America,Metal ores,civil_infrastructure,1944,0.0010834388036403493
Latin America,Metal ores,civil_infrastructure,1945,0.0011257329471671775
Latin America,Metal ores,civil_infrastructure,1946,0.0011710854782457846
Latin America,Metal ores,civil_infrastructure,1947,0.0012201524755265484
Latin America,Metal ores,civil_infrastructure,1948,0.0012737176974350322
Latin America,Metal ores,civil_infrastructure,1949,0.0013327072921017133
Latin America,Metal ores,civil_infrastructure,1950,0.001398204256483106
Latin America,Metal ores,civil_infrastructure,1951,0.0014714622883299764
Latin America,Metal ores,civil_infrastructure,1952,0.0015539186658148879
Latin America,Metal ores,civil_infrastructure,1953,0.0016472057938665282
Latin America,Metal ores,civil_infrastructure,1954,0.0017531610737664659
Latin America,Metal ores,civil_infrastructure,1955,0.0018738347828598748
Latin America,Metal ores,civil_infrastructure,1956,0.002011495693106633
Latin America,Metal ores,civil_infrastructure,1957,0.0021686342087565685
Latin America,Metal ores,civil_infrastructure,1958,0.002347962862289937
Latin America,Metal ores,civil_infrastructure,1959,0.0025524140711386846
Latin America,Metal ores,civil_infrastructure,1960,0.0027851351226715233
Latin America,Metal ores,civil_infrastructure,1961,0.00304948041863903
Latin America,Metal ores,civil_infrastructure,1962,0.003349001070157436
Latin America,Metal ores,civil_infrastructure,1963,0.003687431988215066
Latin America,Metal ores,civil_infrastructure,1964,0.004068676661116268
Latin America,Metal ores,civil_infrastructure,1965,0.004496789848253382
Latin America,Metal ores,civil_infrastructure,1966,0.004975958448922046
Latin America,Metal ores,civil_infrastructure,1967,0.005510480825775518
Latin America,Metal ores,civil_infrastructure,1968,0.006104744875761911
Latin America,Metal ores,civil_infrastructure,1969,0.006763205148043718
Latin America,Metal ores,civil_infrastructure,1970,0.007490359309721519
Latin America,Metal ores,civil_infrastructure,1971,0.008290724257492176
Latin America,Metal ores,civil_infrastructure,1972,0.00916881216788222
Latin America,Metal ores,civil_infrastructure,1973,0.01012910677153994
Latin America,Metal ores,civil_infrastructure,1974,0.011176040129102298
Latin America,Metal ores,civil_infrastructure,1975,0.01231397017814594
Latin America,Metal ores,civil_infrastructure,1976,0.013547159313102238
Latin America,Metal ores,civil_infrastructure,1977,0.01487975425322296
Latin America,Metal ores,civil_infrastructure,1978,0.016315767447887354
Latin America,Metal ores,civil_infrastructure,1979,0.017859060263942534
Latin America,Metal ores,civil_infrastructure,1980,0.019513328196526188
Latin America,Metal ores,civil_infrastructure,1981,0.021282088343016724
Latin America,Metal ores,civil_infrastructure,1982,0.023168669379551608
Latin America,Metal ores,civil_infrastructure,1983,0.025176204281055863
Latin America,Metal ores,civil_infrastructure,1984,0.027307626028971813
Latin America,Metal ores,civil_infrastructure,1985,0.029565666555929338
Latin America,Metal ores,civil_infrastructure,1986,0.0319528591833029
Latin America,Metal ores,civil_infrastructure,1987,0.03447154481564017
Latin America,Metal ores,civil_infrastructure,1988,0.03712388216486204
Latin America,Metal ores,civil_infrastructure,1989,0.03991186228609228
Latin America,Metal ores,civil_infrastructure,1990,0.042837327715049896
Latin America,Metal ores,civil_infrastructure,1991,0.04590199650279255
Latin America,Metal ores,civil_infrastructure,1992,0.049107491446108556
Latin America,Metal ores,civil_infrastructure,1993,0.052455374809624006
Latin America,Metal ores,civil_infrastructure,1994,0.055947188827774226
Latin America,Metal ores,civil_infrastructure,1995,0.05958450226052818
Latin America,Metal ores,civil_infrastructure,1996,0.06336896325609481
Latin America,Metal ores,civil_infrastructure,1997,0.06730235874715718
Latin America,Metal ores,civil_infrastructure,1998,0.07138668057552984
Latin America,Metal ores,civil_infrastructure,1999,0.07562419850482444
Latin America,Metal ores,civil_infrastructure,2000,0.08001754024315563
Latin America,Metal ores,civil_infrastructure,2001,0.08456977855906679
Latin America,Metal ores,civil_infrastructure,2002,0.08928452553435243
Latin America,Metal ores,civil_infrastructure,2003,0.09416603395627801
Latin America,Metal ores,civil_infrastructure,2004,0.09921930580695183
Latin America,Metal ores,civil_infrastructure,2005,0.10445020775531402
Latin America,Metal ores,civil_infrastructure,2006,0.10986559349223536
Latin America,Metal ores,civil_infrastructure,2007,0.11547343266486307
Latin America,Metal ores,civil_infrastructure,2008,0.12128294605572877
Latin America,Metal ores,civil_infrastructure,2009,0.12730474650808737
Latin America,Metal ores,civil_infrastructure,2010,0.13355098491659265
Latin America,Metal ores,civil_infrastructure,2011,0.1400355003783144
Latin America,Metal ores,civil_infrastructure,2012,0.14677397333412565
Latin America,Metal ores,civil_infrastructure,2013,0.15378408022920736
Latin America,Metal ores,civil_infrastructure,2014,0.16108564789341048
Latin America,Metal ores,civil_infrastructure,2015,0.16870080550254432
Latin America,Metal ores,civil_infrastructure,2016,0.17665413165070296
Latin America,Metal ores,machinery,1900,0.04301574806881869
Latin America,Metal ores,machinery,1901,0.04416122461767335
Latin America,Metal ores,machinery,1902,0.045327530985197935
Latin America,Metal ores,machinery,1903,0.046519885135593735
Latin America,Metal ores,machinery,1904,0.04775126836130734
Latin America,Metal ores,machinery,1905,0.04904374875391771
Latin America,Metal ores,machinery,1906,0.05044587553299348
Latin America,Metal ores,machinery,1907,0.05217248194054038
Latin America,Metal ores,machinery,1908,0.05489845645216856
Latin America,Metal ores,machinery,1909,0.059790208556000146
Latin America,Metal ores,machinery,1910,0.06798260470256273
Latin America,Metal ores,machinery,1911,0.07994291925987522
Latin America,Metal ores,machinery,1912,0.09525972740495141
Latin America,Metal ores,machinery,1913,0.11291758507519661
Latin America,Metal ores,machinery,1914,0.13176774133486183
Latin America,Metal ores,machinery,1915,0.15087738696769554
Latin America,Metal ores,machinery,1916,0.16965036425998095
Latin America,Metal ores,machinery,1917,0.18782405020653306
Latin America,Metal ores,machinery,1918,0.20542794388768534
Latin America,Metal ores,machinery,1919,0.2226929447577892
Latin America,Metal ores,machinery,1920,0.23993693149288262
Latin America,Metal ores,machinery,1921,0.25743919725264247
Latin America,Metal ores,machinery,1922,0.27526516951936914
Latin America,Metal ores,machinery,1923,0.2931719173147036
Latin America,Metal ores,machinery,1924,0.3107884800576167
Latin America,Metal ores,machinery,1925,0.3278925771407282
Latin America,Metal ores,machinery,1926,0.34446779225308527
Latin America,Metal ores,machinery,1927,0.3605837344679759
Latin America,Metal ores,machinery,1928,0.37629333710540097
Latin America,Metal ores,machinery,1929,0.3915644029615351
Latin America,Metal ores,machinery,1930,0.40632459830115797
Latin America,Metal ores,machinery,1931,0.4206470326397907
Latin America,Metal ores,machinery,1932,0.4348744049127014
Latin America,Metal ores,machinery,1933,0.4495955319909665
Latin America,Metal ores,machinery,1934,0.46547598464459866
Latin America,Metal ores,machinery,1935,0.4829967502200641
Latin America,Metal ores,machinery,1936,0.5022851884938996
Latin America,Metal ores,machinery,1937,0.5230940651027121
Latin America,Metal ores,machinery,1938,0.5447849454737491
Latin America,Metal ores,machinery,1939,0.5663031180033863
Latin America,Metal ores,machinery,1940,0.5863238907943591
Latin America,Metal ores,machinery,1941,0.603648234364528
Latin America,Metal ores,machinery,1942,0.6176806447780533
Latin America,Metal ores,machinery,1943,0.6287282115425311
Latin America,Metal ores,machinery,1944,0.6379883297993822
Latin America,Metal ores,machinery,1945,0.6471993354366546
Latin America,Metal ores,machinery,1946,0.6580260517888674
Latin America,Metal ores,machinery,1947,0.6714757933037498
Latin America,Metal ores,machinery,1948,0.6876920746735993
Latin America,Metal ores,machinery,1949,0.7062136241680833
Latin America,Metal ores,machinery,1950,0.7264274167295807
Latin America,Metal ores,machinery,1951,0.7478065660784003
Latin America,Metal ores,machinery,1952,0.7698478306844505
Latin America,Metal ores,machinery,1953,0.7920644416563595
Latin America,Metal ores,machinery,1954,0.8142066022004056
Latin America,Metal ores,machinery,1955,0.836462044960835
Latin America,Metal ores,machinery,1956,0.8594157247716164
Latin America,Metal ores,machinery,1957,0.8837921607510594
Latin America,Metal ores,machinery,1958,0.9101594340545515
Latin America,Metal ores,machinery,1959,0.938812223916933
Latin America,Metal ores,machinery,1960,0.969856233833087
Latin America,Metal ores,machinery,1961,1.003352131948772
Latin America,Metal ores,machinery,1962,1.0394912880437337
Latin America,Metal ores,machinery,1963,1.0787751085822141
Latin America,Metal ores,machinery,1964,1.1221495512050246
Latin America,Metal ores,machinery,1965,1.170940642137953
Latin America,Metal ores,machinery,1966,1.22639065905971
Latin America,Metal ores,machinery,1967,1.2892935504565879
Latin America,Metal ores,machinery,1968,1.36026678509818
Latin America,Metal ores,machinery,1969,1.4401056138712476
Latin America,Metal ores,machinery,1970,1.529579737880113
Latin America,Metal ores,machinery,1971,1.6289465781093326
Latin America,Metal ores,machinery,1972,1.7378440140806568
Latin America,Metal ores,machinery,1973,1.855716678185958
Latin America,Metal ores,machinery,1974,1.982264655364569
Latin America,Metal ores,machinery,1975,2.1175653498242273
Latin America,Metal ores,machinery,1976,2.2623381296163103
Latin America,Metal ores,machinery,1977,2.4182390015329958
Latin America,Metal ores,machinery,1978,2.5873549456989475
Latin America,Metal ores,machinery,1979,2.7713091017075477
Latin America,Metal ores,machinery,1980,2.971086019473658
Latin America,Metal ores,machinery,1981,3.188219415281949
Latin America,Metal ores,machinery,1982,3.4261414952094245
Latin America,Metal ores,machinery,1983,3.688640251371526
Latin America,Metal ores,machinery,1984,3.976276273884775
Latin America,Metal ores,machinery,1985,4.285714340483506
Latin America,Metal ores,machinery,1986,4.612739771113431
Latin America,Metal ores,machinery,1987,4.9556612017535935
Latin America,Metal ores,machinery,1988,5.3159298262093655
Latin America,Metal ores,machinery,1989,5.693464893633465
Latin America,Metal ores,machinery,1990,6.078821920859675
Latin America,Metal ores,machinery,1991,6.450861028597389
Latin America,Metal ores,machinery,1992,6.786862964286499
Latin America,Metal ores,machinery,1993,7.078173127490277
Latin America,Metal ores,machinery,1994,7.335545542353618
Latin America,Metal ores,machinery,1995,7.5790732287442575
Latin America,Metal ores,machinery,1996,7.823276855225908
Latin America,Metal ores,machinery,1997,8.070409516060167
Latin America,Metal ores,machinery,1998,8.314613915646865
Latin America,Metal ores,machinery,1999,8.55056219713834
Latin America,Metal ores,machinery,2000,8.779025065614814
Latin America,Metal ores,machinery,2001,9.00607391274653
Latin America,Metal ores,machinery,2002,9.23923148761974
Latin America,Metal ores,machinery,2003,9.487395464479349
Latin America,Metal ores,machinery,2004,9.767754406545409
Latin America,Metal ores,machinery,2005,10.107355456324516
Latin America,Metal ores,machinery,2006,10.528556974110746
Latin America,Metal ores,machinery,2007,11.030706547587839
Latin America,Metal ores,machinery,2008,11.585524410832647
Latin America,Metal ores,machinery,2009,12.149930760543944
Latin America,Metal ores,machinery,2010,12.684723038312947
Latin America,Metal ores,machinery,2011,13.16523651773
Latin America,Metal ores,machinery,2012,13.583840276806693
Latin America,Metal ores,machinery,2013,13.950981196243
Latin America,Metal ores,machinery,2014,14.293875604754449
Latin America,Metal ores,machinery,2015,14.648312852824533
Latin America,Metal ores,machinery,2016,15.043310649864777
Latin America,Metal ores,short_lived,1900,0.02304515457521504
Latin America,Metal ores,short_lived,1901,0.052339005040833095
Latin America,Metal ores,short_lived,1902,0.05574213601004123
Latin America,Metal ores,short_lived,1903,0.05940003514502826
Latin America,Metal ores,short_lived,1904,0.06389002200862984
Latin America,Metal ores,short_lived,1905,0.06606927408325168
Latin America,Metal ores,short_lived,1906,0.07051740367931285
Latin America,Metal ores,short_lived,1907,0.0750856916376525
Latin America,Metal ores,short_lived,1908,0.07980770919749759
Latin America,Metal ores,short_lived,1909,0.08451390349644422
Latin America,Metal ores,short_lived,1910,0.0948452452633811
Latin America,Metal ores,short_lived,1911,0.10437289050034887
Latin America,Metal ores,short_lived,1912,0.11143190974983087
Latin America,Metal ores,short_lived,1913,0.12153387264413752
Latin America,Metal ores,short_lived,1914,0.12971103393779213
Latin America,Metal ores,short_lived,1915,0.12913501995823679
Latin America,Metal ores,short_lived,1916,0.1266488704943529
Latin America,Metal ores,short_lived,1917,0.13923783958820687
Latin America,Metal ores,short_lived,1918,0.1445487760179918
Latin America,Metal ores,short_lived,1919,0.149773539822823
Latin America,Metal ores,short_lived,1920,0.1540851414409134
Latin America,Metal ores,short_lived,1921,0.1658730870484353
Latin America,Metal ores,short_lived,1922,0.15646342891879955
Latin America,Metal ores,short_lived,1923,0.16764261906654152
Latin America,Metal ores,short_lived,1924,0.17232848372897158
Latin America,Metal ores,short_lived,1925,0.17562512019297696
Latin America,Metal ores,short_lived,1926,0.18814589475606758
Latin America,Metal ores,short_lived,1927,0.1936921310480235
Latin America,Metal ores,short_lived,1928,0.19989693688127072
Latin America,Metal ores,short_lived,1929,0.21381293613852645
Latin America,Metal ores,short_lived,1930,0.2262003188066459
Latin America,Metal ores,short_lived,1931,0.22512149197503792
Latin America,Metal ores,short_lived,1932,0.22386660346365925
Latin America,Metal ores,short_lived,1933,0.22321112625920655
Latin America,Metal ores,short_lived,1934,0.2253560920494496
Latin America,Metal ores,short_lived,1935,0.229885814155332
Latin America,Metal ores,short_lived,1936,0.23470211506831995
Latin America,Metal ores,short_lived,1937,0.24469810012214754
Latin America,Metal ores,short_lived,1938,0.28389681102660397
Latin America,Metal ores,short_lived,1939,0.2813923690222913
Latin America,Metal ores,short_lived,1940,0.28623430593672317
Latin America,Metal ores,short_lived,1941,0.29054341427628977
Latin America,Metal ores,short_lived,1942,0.31012100880075194
Latin America,Metal ores,short_lived,1943,0.3207984688384352
Latin America,Metal ores,short_lived,1944,0.32926340506562723
Latin America,Metal ores,short_lived,1945,0.33102778732732985
Latin America,Metal ores,short_lived,1946,0.3363237050483146
Latin America,Metal ores,short_lived,1947,0.3301791491321092
Latin America,Metal ores,short_lived,1948,0.35502559418470575
Latin America,Metal ores,short_lived,1949,0.36845211703445707
Latin America,Metal ores,short_lived,1950,0.37327071703684567
Latin America,Metal ores,short_lived,1951,0.3774143780196366
Latin America,Metal ores,short_lived,1952,0.39874657104074646
Latin America,Metal ores,short_lived,1953,0.4118844840967353
Latin America,Metal ores,short_lived,1954,0.4287813135030812
Latin America,Metal ores,short_lived,1955,0.4571338683314947
Latin America,Metal ores,short_lived,1956,0.48047687162265396
Latin America,Metal ores,short_lived,1957,0.5168678848426881
Latin America,Metal ores,short_lived,1958,0.5570740566193261
Latin America,Metal ores,short_lived,1959,0.5739155210003047
Latin America,Metal ores,short_lived,1960,0.623699128851508
Latin America,Metal ores,short_lived,1961,0.6884233225790184
Latin America,Metal ores,short_lived,1962,0.7317526815875672
Latin America,Metal ores,short_lived,1963,0.7781951211008238
Latin America,Metal ores,short_lived,1964,0.8142801605720531
Latin America,Metal ores,short_lived,1965,0.8874789628377674
Latin America,Metal ores,short_lived,1966,0.9255500527738828
Latin America,Metal ores,short_lived,1967,0.9980889317845003
Latin America,Metal ores,short_lived,1968,1.037041652885011
Latin America,Metal ores,short_lived,1969,1.1632765352390595
Latin America,Metal ores,short_lived,1970,1.284387486455798
Latin America,Metal ores,short_lived,1971,1.3486206647272299
Latin America,Metal ores,short_lived,1972,1.4826296793773885
Latin America,Metal ores,short_lived,1973,1.5769805514591637
Latin America,Metal ores,short_lived,1974,1.743411741324012
Latin America,Metal ores,short_lived,1975,2.0315201275621475
Latin America,Metal ores,short_lived,1976,2.0695711159166006
Latin America,Metal ores,short_lived,1977,2.0840643848392424
Latin America,Metal ores,short_lived,1978,2.3190603236341927
Latin America,Metal ores,short_lived,1979,2.424276891444071
Latin America,Metal ores,short_lived,1980,2.652854148587431
Latin America,Metal ores,short_lived,1981,2.91897665815972
Latin America,Metal ores,short_lived,1982,2.9173464131876248
Latin America,Metal ores,short_lived,1983,2.7654793449401063
Latin America,Metal ores,short_lived,1984,2.6170660660740834
Latin America,Metal ores,short_lived,1985,2.9428006440509367
Latin America,Metal ores,short_lived,1986,3.2543866643984036
Latin America,Metal ores,short_lived,1987,3.412993070430061
Latin America,Metal ores,short_lived,1988,3.5428939704187417
Latin America,Metal ores,short_lived,1989,3.496106961904445
Latin America,Metal ores,short_lived,1990,3.62441176416884
Latin America,Metal ores,short_lived,1991,3.570528220237648
Latin America,Metal ores,short_lived,1992,3.636983492805182
Latin America,Metal ores,short_lived,1993,3.904214890991092
Latin America,Metal ores,short_lived,1994,3.8903457337357517
Latin America,Metal ores,short_lived,1995,4.174142345537975
Latin America,Metal ores,short_lived,1996,3.9470185585931215
Latin America,Metal ores,short_lived,1997,4.956378260919604
Latin America,Metal ores,short_lived,1998,4.944492577801701
Latin America,Metal ores,short_lived,1999,5.093786138439075
Latin America,Metal ores,short_lived,2000,5.165678513092527
Latin America,Metal ores,short_lived,2001,5.12134545527589
Latin America,Metal ores,short_lived,2002,5.3925777786734725
Latin America,Metal ores,short_lived,2003,5.519744300749037
Latin America,Metal ores,short_lived,2004,5.4524454602456975
Latin America,Metal ores,short_lived,2005,5.66249265370163
Latin America,Metal ores,short_lived,2006,6.071008537434913
Latin America,Metal ores,short_lived,2007,6.453328309926222
Latin America,Metal ores,short_lived,2008,6.9202892919395245
Latin America,Metal ores,short_lived,2009,7.3713643804329525
Latin America,Metal ores,short_lived,2010,6.592727707860523
Latin America,Metal ores,short_lived,2011,7.4694938432207385
Latin America,Metal ores,short_lived,2012,7.911166908245046
Latin America,Metal ores,short_lived,2013,8.111558854975433
Latin America,Metal ores,short_lived,2014,8.430283794163161
Latin America,Metal ores,short_lived,2015,8.380640068332841
Latin America,Metal ores,short_lived,2016,8.179814964955494
Latin America,Non-metallic minerals,buildings,1900,1.1068295772743557
Latin America,Non-metallic minerals,buildings,1901,1.1339108677558505
Latin America,Non-metallic minerals,buildings,1902,1.1612181470669003
Latin America,Non-metallic minerals,buildings,1903,1.1887664730684366
Latin America,Non-metallic minerals,buildings,1904,1.2165712656703558
Latin America,Non-metallic minerals,buildings,1905,1.2446481386959802
Latin America,Non-metallic minerals,buildings,1906,1.2730126949953842
Latin America,Non-metallic minerals,buildings,1907,1.3016802957752007
Latin America,Non-metallic minerals,buildings,1908,1.3306658473373731
Latin America,Non-metallic minerals,buildings,1909,1.3599836805778998
Latin America,Non-metallic minerals,buildings,1910,1.3896475886094948
Latin America,Non-metallic minerals,buildings,1911,1.4196710426528936
Latin America,Non-metallic minerals,buildings,1912,1.4500676127319743
Latin America,Non-metallic minerals,buildings,1913,1.480851747977878
Latin America,Non-metallic minerals,buildings,1914,1.5120402774801638
Latin America,Non-metallic minerals,buildings,1915,1.5436551367619784
Latin America,Non-metallic minerals,buildings,1916,1.5757277743018265
Latin America,Non-metallic minerals,buildings,1917,1.6083054116619204
Latin America,Non-metallic minerals,buildings,1918,1.641458895438432
Latin America,Non-metallic minerals,buildings,1919,1.6752914218873833
Latin America,Non-metallic minerals,buildings,1920,1.7099470613346763
Latin America,Non-metallic minerals,buildings,1921,1.7456178434268574
Latin America,Non-metallic minerals,buildings,1922,1.7825482181488996
Latin America,Non-metallic minerals,buildings,1923,1.821035972222942
Latin America,Non-metallic minerals,buildings,1924,1.8614291219518888
Latin America,Non-metallic minerals,buildings,1925,1.9041188465572936
Latin America,Non-metallic minerals,buildings,1926,1.949529037972233
Latin America,Non-metallic minerals,buildings,1927,1.9981033928336023
Latin America,Non-metallic minerals,buildings,1928,2.050291107997016
Latin America,Non-metallic minerals,buildings,1929,2.1065321852005456
Latin America,Non-metallic minerals,buildings,1930,2.1672431587887573
Latin America,Non-metallic minerals,buildings,1931,2.232803803885172
Latin America,Non-metallic minerals,buildings,1932,2.303545134120431
Latin America,Non-metallic minerals,buildings,1933,2.379738819056924
Latin America,Non-metallic minerals,buildings,1934,2.461588089276001
Latin America,Non-metallic minerals,buildings,1935,2.549220275629995
Latin America,Non-metallic minerals,buildings,1936,2.642681328039486
Latin America,Non-metallic minerals,buildings,1937,2.741932904455222
Latin America,Non-metallic minerals,buildings,1938,2.8468528062681755
Latin America,Non-metallic minerals,buildings,1939,2.957239574414117
Latin America,Non-metallic minerals,buildings,1940,3.072821919602557
Latin America,Non-metallic minerals,buildings,1941,3.1932733490961156
Latin America,Non-metallic minerals,buildings,1942,3.3182318647498548
Latin America,Non-metallic minerals,buildings,1943,3.447323912795718
Latin America,Non-metallic minerals,buildings,1944,3.580190893302487
Latin America,Non-metallic minerals,buildings,1945,3.7165156653350984
Latin America,Non-metallic minerals,buildings,1946,3.8560459244661303
Latin America,Non-metallic minerals,buildings,1947,3.9986113889643162
Latin America,Non-metallic minerals,buildings,1948,4.144132550266507
Latin America,Non-metallic minerals,buildings,1949,4.292620202049186
Latin America,Non-metallic minerals,buildings,1950,4.444166700046796
Latin America,Non-metallic minerals,buildings,1951,4.598931449315741
Latin America,Non-metallic minerals,buildings,1952,4.7571240583184204
Latin America,Non-metallic minerals,buildings,1953,4.918988738057439
Latin America,Non-metallic minerals,buildings,1954,5.084792912274558
Latin America,Non-metallic minerals,buildings,1955,5.2548219030432355
Latin America,Non-metallic minerals,buildings,1956,5.429380299333273
Latin America,Non-metallic minerals,buildings,1957,5.608799455337453
Latin America,Non-metallic minerals,buildings,1958,5.793449670968309
Latin America,Non-metallic minerals,buildings,1959,5.983755159762861
Latin America,Non-metallic minerals,buildings,1960,6.180209973647888
Latin America,Non-metallic minerals,buildings,1961,6.3833933846014546
Latin America,Non-metallic minerals,buildings,1962,6.593983492567112
Latin America,Non-metallic minerals,buildings,1963,6.812768023152791
Latin America,Non-metallic minerals,buildings,1964,7.040651646043062
Latin America,Non-metallic minerals,buildings,1965,7.278659809283424
Latin America,Non-metallic minerals,buildings,1966,7.527939858988916
Latin America,Non-metallic minerals,buildings,1967,7.789760773479792
Latin America,Non-metallic minerals,buildings,1968,8.06551297267864
Latin America,Non-metallic minerals,buildings,1969,8.356709337072358
Latin America,Non-metallic minerals,buildings,1970,8.664987885333316
Latin America,Non-metallic minerals,buildings,1971,8.992115714472346
Latin America,Non-metallic minerals,buildings,1972,9.339993055633578
Latin America,Non-metallic minerals,buildings,1973,9.71065583646756
Latin America,Non-metallic minerals,buildings,1974,10.106275019879295
Latin America,Non-metallic minerals,buildings,1975,10.529151210748262
Latin America,Non-metallic minerals,buildings,1976,10.981703649291239
Latin America,Non-metallic minerals,buildings,1977,11.466453791262298
Latin America,Non-metallic minerals,buildings,1978,11.98600502284641
Latin America,Non-metallic minerals,buildings,1979,12.543021152621805
Latin America,Non-metallic minerals,buildings,1980,13.140206740984103
Latin America,Non-metallic minerals,buildings,1981,13.780292252620216
Latin America,Non-metallic minerals,buildings,1982,14.466026789457224
Latin America,Non-metallic minerals,buildings,1983,15.200180724344015
Latin America,Non-metallic minerals,buildings,1984,15.985560067671198
Latin America,Non-metallic minerals,buildings,1985,16.825034203127395
Latin America,Non-metallic minerals,buildings,1986,17.721578393101197
Latin America,Non-metallic minerals,buildings,1987,18.67833189309642
Latin America,Non-metallic minerals,buildings,1988,19.698671801940044
Latin America,Non-metallic minerals,buildings,1989,20.786301210795948
Latin America,Non-metallic minerals,buildings,1990,21.945346809966395
Latin America,Non-metallic minerals,buildings,1991,23.18045728281298
Latin America,Non-metallic minerals,buildings,1992,24.49689285243172
Latin America,Non-metallic minerals,buildings,1993,25.900599130755122
Latin America,Non-metallic minerals,buildings,1994,27.398261682992942
Latin America,Non-metallic minerals,buildings,1995,28.997337463530425
Latin America,Non-metallic minerals,buildings,1996,30.70605465713763
Latin America,Non-metallic minerals,buildings,1997,32.53336616611995
Latin America,Non-metallic minerals,buildings,1998,34.48883845540674
Latin America,Non-metallic minerals,buildings,1999,36.58246142696814
Latin America,Non-metallic minerals,buildings,2000,38.824379155746776
Latin America,Non-metallic minerals,buildings,2001,41.22456107946912
Latin America,Non-metallic minerals,buildings,2002,43.792447344407904
Latin America,Non-metallic minerals,buildings,2003,46.53660520252976
Latin America,Non-metallic minerals,buildings,2004,49.4644298173298
Latin America,Non-metallic minerals,buildings,2005,52.58191348239172
Latin America,Non-metallic minerals,buildings,2006,55.89349036001471
Latin America,Non-metallic minerals,buildings,2007,59.40194918780164
Latin America,Non-metallic minerals,buildings,2008,63.10840769470142
Latin America,Non-metallic minerals,buildings,2009,67.01235690582878
Latin America,Non-metallic minerals,buildings,2010,71.11179403845762
Latin America,Non-metallic minerals,buildings,2011,75.40345837640604
Latin America,Non-metallic minerals,buildings,2012,79.88316934239505
Latin America,Non-metallic minerals,buildings,2013,84.54624786047691
Latin America,Non-metallic minerals,buildings,2014,89.387984448651
Latin America,Non-metallic minerals,buildings,2015,94.40410424124065
Latin America,Non-metallic minerals,buildings,2016,99.5911758170709
Latin America,Non-metallic minerals,civil_infrastructure,1900,0.2455964654751146
Latin America,Non-metallic minerals,civil_infrastructure,1901,0.2711086240142753
Latin America,Non-metallic minerals,civil_infrastructure,1902,0.296984093900773
Latin America,Non-metallic minerals,civil_infrastructure,1903,0.3231464002368841
Latin America,Non-metallic minerals,civil_infrastructure,1904,0.34953456683329165
Latin America,Non-metallic minerals,civil_infrastructure,1905,0.37610055191649194
Latin America,Non-metallic minerals,civil_infrastructure,1906,0.4028070310170921
Latin America,Non-metallic minerals,civil_infrastructure,1907,0.42962708237150204
Latin America,Non-metallic minerals,civil_infrastructure,1908,0.45655280852234625
Latin America,Non-metallic minerals,civil_infrastructure,1909,0.4836255055281273
Latin America,Non-metallic minerals,civil_infrastructure,1910,0.510986314470938
Latin America,Non-metallic minerals,civil_infrastructure,1911,0.5389127983280736
Latin America,Non-metallic minerals,civil_infrastructure,1912,0.5677973499739668
Latin America,Non-metallic minerals,civil_infrastructure,1913,0.5980619583012713
Latin America,Non-metallic minerals,civil_infrastructure,1914,0.630049685165529
Latin America,Non-metallic minerals,civil_infrastructure,1915,0.6639435418570716
Latin America,Non-metallic minerals,civil_infrastructure,1916,0.6997434800187328
Latin America,Non-metallic minerals,civil_infrastructure,1917,0.7373050739130735
Latin America,Non-metallic minerals,civil_infrastructure,1918,0.7764211417643258
Latin America,Non-metallic minerals,civil_infrastructure,1919,0.8169150734919213
Latin America,Non-metallic minerals,civil_infrastructure,1920,0.8587157122166841
Latin America,Non-metallic minerals,civil_infrastructure,1921,0.9018954333746166
Latin America,Non-metallic minerals,civil_infrastructure,1922,0.946662291661494
Latin America,Non-metallic minerals,civil_infrastructure,1923,0.9932980195718353
Latin America,Non-metallic minerals,civil_infrastructure,1924,1.0420485372522637
Latin America,Non-metallic minerals,civil_infrastructure,1925,1.0930113647293234
Latin America,Non-metallic minerals,civil_infrastructure,1926,1.146087007323128
Latin America,Non-metallic minerals,civil_infrastructure,1927,1.2010437434334553
Latin America,Non-metallic minerals,civil_infrastructure,1928,1.2577162756153015
Latin America,Non-metallic minerals,civil_infrastructure,1929,1.3163315999508118
Latin America,Non-metallic minerals,civil_infrastructure,1930,1.3778735427169668
Latin America,Non-metallic minerals,civil_infrastructure,1931,1.4442649063748711
Latin America,Non-metallic minerals,civil_infrastructure,1932,1.5181265780108293
Latin America,Non-metallic minerals,civil_infrastructure,1933,1.6020769742395937
Latin America,Non-metallic minerals,civil_infrastructure,1934,1.6978173138864057
Latin America,Non-metallic minerals,civil_infrastructure,1935,1.8053779833678596
Latin America,Non-metallic minerals,civil_infrastructure,1936,1.9228206544216688
Latin America,Non-metallic minerals,civil_infrastructure,1937,2.046498360579804
Latin America,Non-metallic minerals,civil_infrastructure,1938,2.1717749496493313
Latin America,Non-metallic minerals,civil_infrastructure,1939,2.2939507839148807
Latin America,Non-metallic minerals,civil_infrastructure,1940,2.4090790907641315
Latin America,Non-metallic minerals,civil_infrastructure,1941,2.514436444727908
Latin America,Non-metallic minerals,civil_infrastructure,1942,2.608616760628475
Latin America,Non-metallic minerals,civil_infrastructure,1943,2.691418366557428
Latin America,Non-metallic minerals,civil_infrastructure,1944,2.7637297389189923
Latin America,Non-metallic minerals,civil_infrastructure,1945,2.8274796912175426
Latin America,Non-metallic minerals,civil_infrastructure,1946,2.8855573315512193
Latin America,Non-metallic minerals,civil_infrastructure,1947,2.94157346545848
Latin America,Non-metallic minerals,civil_infrastructure,1948,2.9994334707092722
Latin America,Non-metallic minerals,civil_infrastructure,1949,3.062818997619862
Latin America,Non-metallic minerals,civil_infrastructure,1950,3.1347275954610723
Latin America,Non-metallic minerals,civil_infrastructure,1951,3.21717545274487
Latin America,Non-metallic minerals,civil_infrastructure,1952,3.3111058206769313
Latin America,Non-metallic minerals,civil_infrastructure,1953,3.4165177965524207
Latin America,Non-metallic minerals,civil_infrastructure,1954,3.5327832777801196
Latin America,Non-metallic minerals,civil_infrastructure,1955,3.6590577401183504
Latin America,Non-metallic minerals,civil_infrastructure,1956,3.794702913139943
Latin America,Non-metallic minerals,civil_infrastructure,1957,3.9396945880668692
Latin America,Non-metallic minerals,civil_infrastructure,1958,4.09501001277829
Latin America,Non-metallic minerals,civil_infrastructure,1959,4.2630247569986075
Latin America,Non-metallic minerals,civil_infrastructure,1960,4.4479662598271315
Latin America,Non-metallic minerals,civil_infrastructure,1961,4.656276372173296
Latin America,Non-metallic minerals,civil_infrastructure,1962,4.896424372105716
Latin America,Non-metallic minerals,civil_infrastructure,1963,5.177814768437583
Latin America,Non-metallic minerals,civil_infrastructure,1964,5.50921312402367
Latin America,Non-metallic minerals,civil_infrastructure,1965,5.898087877792715
Latin America,Non-metallic minerals,civil_infrastructure,1966,6.352552743602083
Latin America,Non-metallic minerals,civil_infrastructure,1967,6.8862466914542075
Latin America,Non-metallic minerals,civil_infrastructure,1968,7.523567364664216
Latin America,Non-metallic minerals,civil_infrastructure,1969,8.300822020796684
Latin America,Non-metallic minerals,civil_infrastructure,1970,9.260778550510983
Latin America,Non-metallic minerals,civil_infrastructure,1971,10.442212654481883
Latin America,Non-metallic minerals,civil_infrastructure,1972,11.868621821046029
Latin America,Non-metallic minerals,civil_infrastructure,1973,13.540398987884867
Latin America,Non-metallic minerals,civil_infrastructure,1974,15.433682669696834
Latin America,Non-metallic minerals,civil_infrastructure,1975,17.507175399197006
Latin America,Non-metallic minerals,civil_infrastructure,1976,19.715385986134
Latin America,Non-metallic minerals,civil_infrastructure,1977,22.0240876075246
Latin America,Non-metallic minerals,civil_infrastructure,1978,24.422599430163537
Latin America,Non-metallic minerals,civil_infrastructure,1979,26.928139112900155
Latin America,Non-metallic minerals,civil_infrastructure,1980,29.580019142863357
Latin America,Non-metallic minerals,civil_infrastructure,1981,32.42517612434408
Latin America,Non-metallic minerals,civil_infrastructure,1982,35.499031134406145
Latin America,Non-metallic minerals,civil_infrastructure,1983,38.80605007455852
Latin America,Non-metallic minerals,civil_infrastructure,1984,42.3052685901972
Latin America,Non-metallic minerals,civil_infrastructure,1985,45.90812818290401
Latin America,Non-metallic minerals,civil_infrastructure,1986,49.494542734717136
Latin America,Non-metallic minerals,civil_infrastructure,1987,52.94541964630867
Latin America,Non-metallic minerals,civil_infrastructure,1988,56.180219836040266
Latin America,Non-metallic minerals,civil_infrastructure,1989,59.18323184192798
Latin America,Non-metallic minerals,civil_infrastructure,1990,62.00604601952279
Latin America,Non-metallic minerals,civil_infrastructure,1991,64.74476289086289
Latin America,Non-metallic minerals,civil_infrastructure,1992,67.50202384934329
Latin America,Non-metallic minerals,civil_infrastructure,1993,70.35009310080153
Latin America,Non-metallic minerals,civil_infrastructure,1994,73.30998679301874
Latin America,Non-metallic minerals,civil_infrastructure,1995,76.35350394534558
Latin America,Non-metallic minerals,civil_infrastructure,1996,79.42367195267346
Latin America,Non-metallic minerals,civil_infrastructure,1997,82.46085056121908
Latin America,Non-metallic minerals,civil_infrastructure,1998,85.42098118311343
Latin America,Non-metallic minerals,civil_infrastructure,1999,88.27894710460895
Latin America,Non-metallic minerals,civil_infrastructure,2000,91.01899210698645
Latin America,Non-metallic minerals,civil_infrastructure,2001,93.62014680676475
Latin America,Non-metallic minerals,civil_infrastructure,2002,96.04565804544781
Latin America,Non-metallic minerals,civil_infrastructure,2003,98.24257029534105
Latin America,Non-metallic minerals,civil_infrastructure,2004,100.1522915399413
Latin America,Non-metallic minerals,civil_infrastructure,2005,101.72766591641745
Latin America,Non-metallic minerals,civil_infrastructure,2006,102.95019900412063
Latin America,Non-metallic minerals,civil_infrastructure,2007,103.8426355132102
Latin America,Non-metallic minerals,civil_infrastructure,2008,104.47351055031977
Latin America,Non-metallic minerals,civil_infrastructure,2009,104.95064695224819
Latin America,Non-metallic minerals,civil_infrastructure,2010,105.40258935374685
Latin America,Non-metallic minerals,civil_infrastructure,2011,105.95139236689087
Latin America,Non-metallic minerals,civil_infrastructure,2012,106.68475437105089
Latin America,Non-metallic minerals,civil_infrastructure,2013,107.63813621346054
Latin America,Non-metallic minerals,civil_infrastructure,2014,108.79556055102606
Latin America,Non-metallic minerals,civil_infrastructure,2015,110.10960992402927
Latin America,Non-metallic minerals,civil_infrastructure,2016,111.53163409194225
Latin America,Non-metallic minerals,machinery,1900,0.00816902669135612
Latin America,Non-metallic minerals,machinery,1901,0.008323846276900353
Latin America,Non-metallic minerals,machinery,1902,0.008484998763883434
Latin America,Non-metallic minerals,machinery,1903,0.008653917386420499
Latin America,Non-metallic minerals,machinery,1904,0.008831634488711793
Latin America,Non-metallic minerals,machinery,1905,0.009018605742265094
Latin America,Non-metallic minerals,machinery,1906,0.009214793602522448
Latin America,Non-metallic minerals,machinery,1907,0.009420209209847645
Latin America,Non-metallic minerals,machinery,1908,0.009636313262695172
Latin America,Non-metallic minerals,machinery,1909,0.009867673002357778
Latin America,Non-metallic minerals,machinery,1910,0.010121889691696603
Latin America,Non-metallic minerals,machinery,1911,0.01040705021254564
Latin America,Non-metallic minerals,machinery,1912,0.010728548417097666
Latin America,Non-metallic minerals,machinery,1913,0.01108752753981555
Latin America,Non-metallic minerals,machinery,1914,0.011481459702365736
Latin America,Non-metallic minerals,machinery,1915,0.011905790050219203
Latin America,Non-metallic minerals,machinery,1916,0.012355402238729121
Latin America,Non-metallic minerals,machinery,1917,0.012825524740517825
Latin America,Non-metallic minerals,machinery,1918,0.013312381854561068
Latin America,Non-metallic minerals,machinery,1919,0.013813726580044964
Latin America,Non-metallic minerals,machinery,1920,0.014328991961071869
Latin America,Non-metallic minerals,machinery,1921,0.014858810566798107
Latin America,Non-metallic minerals,machinery,1922,0.015403894522854514
Latin America,Non-metallic minerals,machinery,1923,0.0159637785651068
Latin America,Non-metallic minerals,machinery,1924,0.016536544381644147
Latin America,Non-metallic minerals,machinery,1925,0.017119975135766165
Latin America,Non-metallic minerals,machinery,1926,0.01771295896728319
Latin America,Non-metallic minerals,machinery,1927,0.01831601108673097
Latin America,Non-metallic minerals,machinery,1928,0.018931112521373576
Latin America,Non-metallic minerals,machinery,1929,0.019561250371576057
Latin America,Non-metallic minerals,machinery,1930,0.020209850992599157
Latin America,Non-metallic minerals,machinery,1931,0.02088057147437782
Latin America,Non-metallic minerals,machinery,1932,0.021577412080498917
Latin America,Non-metallic minerals,machinery,1933,0.0223044356442873
Latin America,Non-metallic minerals,machinery,1934,0.023064797093837863
Latin America,Non-metallic minerals,machinery,1935,0.02385968890821582
Latin America,Non-metallic minerals,machinery,1936,0.024688029561579262
Latin America,Non-metallic minerals,machinery,1937,0.02554696662586305
Latin America,Non-metallic minerals,machinery,1938,0.026432365554880228
Latin America,Non-metallic minerals,machinery,1939,0.02733865662956066
Latin America,Non-metallic minerals,machinery,1940,0.028258698450238533
Latin America,Non-metallic minerals,machinery,1941,0.02918494489517596
Latin America,Non-metallic minerals,machinery,1942,0.03011205878083791
Latin America,Non-metallic minerals,machinery,1943,0.03103939319211185
Latin America,Non-metallic minerals,machinery,1944,0.03197152830531409
Latin America,Non-metallic minerals,machinery,1945,0.03291651426256925
Latin America,Non-metallic minerals,machinery,1946,0.03388286416850627
Latin America,Non-metallic minerals,machinery,1947,0.03487684935886607
Latin America,Non-metallic minerals,machinery,1948,0.03590153129322323
Latin America,Non-metallic minerals,machinery,1949,0.03695799703571085
Latin America,Non-metallic minerals,machinery,1950,0.038047816327238415
Latin America,Non-metallic minerals,machinery,1951,0.03917483852959669
Latin America,Non-metallic minerals,machinery,1952,0.04034504032978662
Latin America,Non-metallic minerals,machinery,1953,0.041564851539150446
Latin America,Non-metallic minerals,machinery,1954,0.04283970811779854
Latin America,Non-metallic minerals,machinery,1955,0.04417446463357212
Latin America,Non-metallic minerals,machinery,1956,0.045575007932000686
Latin America,Non-metallic minerals,machinery,1957,0.04704903606743819
Latin America,Non-metallic minerals,machinery,1958,0.04860951083883322
Latin America,Non-metallic minerals,machinery,1959,0.05029062321243619
Latin America,Non-metallic minerals,machinery,1960,0.05217467429300302
Latin America,Non-metallic minerals,machinery,1961,0.05440587553766843
Latin America,Non-metallic minerals,machinery,1962,0.05716979734604479
Latin America,Non-metallic minerals,machinery,1963,0.06064693688352539
Latin America,Non-metallic minerals,machinery,1964,0.0649687074472271
Latin America,Non-metallic minerals,machinery,1965,0.0701968058131673
Latin America,Non-metallic minerals,machinery,1966,0.0763280363274749
Latin America,Non-metallic minerals,machinery,1967,0.08331488901413805
Latin America,Non-metallic minerals,machinery,1968,0.09109062819828907
Latin America,Non-metallic minerals,machinery,1969,0.09959001566340799
Latin America,Non-metallic minerals,machinery,1970,0.10876069391880165
Latin America,Non-metallic minerals,machinery,1971,0.1185655104814219
Latin America,Non-metallic minerals,machinery,1972,0.12897933083748034
Latin America,Non-metallic minerals,machinery,1973,0.13998481441574973
Latin America,Non-metallic minerals,machinery,1974,0.15157078690465428
Latin America,Non-metallic minerals,machinery,1975,0.1637318660129202
Latin America,Non-metallic minerals,machinery,1976,0.17646634461207908
Latin America,Non-metallic minerals,machinery,1977,0.18977545337019586
Latin America,Non-metallic minerals,machinery,1978,0.20366397806335354
Latin America,Non-metallic minerals,machinery,1979,0.21812864949997898
Latin America,Non-metallic minerals,machinery,1980,0.23313117943578032
Latin America,Non-metallic minerals,machinery,1981,0.2485842745999495
Latin America,Non-metallic minerals,machinery,1982,0.26436877748499366
Latin America,Non-metallic minerals,machinery,1983,0.28036028115446576
Latin America,Non-metallic minerals,machinery,1984,0.2964491593076153
Latin America,Non-metallic minerals,machinery,1985,0.31256120960133277
Latin America,Non-metallic minerals,machinery,1986,0.3286774156396546
Latin America,Non-metallic minerals,machinery,1987,0.3448418836108535
Latin America,Non-metallic minerals,machinery,1988,0.361143316375422
Latin America,Non-metallic minerals,machinery,1989,0.37765987128464074
Latin America,Non-metallic minerals,machinery,1990,0.39439464997176976
Latin America,Non-metallic minerals,machinery,1991,0.41125345617861647
Latin America,Non-metallic minerals,machinery,1992,0.4280822823350633
Latin America,Non-metallic minerals,machinery,1993,0.44474009734782216
Latin America,Non-metallic minerals,machinery,1994,0.46117268633013425
Latin America,Non-metallic minerals,machinery,1995,0.47745298392946983
Latin America,Non-metallic minerals,machinery,1996,0.4937808635853259
Latin America,Non-metallic minerals,machinery,1997,0.5105547679846654
Latin America,Non-metallic minerals,machinery,1998,0.5286713480522881
Latin America,Non-metallic minerals,machinery,1999,0.5496384898031933
Latin America,Non-metallic minerals,machinery,2000,0.5745024312588085
Latin America,Non-metallic minerals,machinery,2001,0.6019840595091289
Latin America,Non-metallic minerals,machinery,2002,0.6278962314792352
Latin America,Non-metallic minerals,machinery,2003,0.6464331462275523
Latin America,Non-metallic minerals,machinery,2004,0.6520898435851824
Latin America,Non-metallic minerals,machinery,2005,0.6414277898536702
Latin America,Non-metallic minerals,machinery,2006,0.6142564481738131
Latin America,Non-metallic minerals,machinery,2007,0.573683918456678
Latin America,Non-metallic minerals,machinery,2008,0.525063869979528
Latin America,Non-metallic minerals,machinery,2009,0.47444769288823874
Latin America,Non-metallic minerals,machinery,2010,0.4271432198687969
Latin America,Non-metallic minerals,machinery,2011,0.38673888687322183
Latin America,Non-metallic minerals,machinery,2012,0.3548043751537012
Latin America,Non-metallic minerals,machinery,2013,0.3312370072496935
Latin America,Non-metallic minerals,machinery,2014,0.314905333515577
Latin America,Non-metallic minerals,machinery,2015,0.3042509930183926
Latin America,Non-metallic minerals,machinery,2016,0.2977065157151461
Latin America,Non-metallic minerals,short_lived,1900,0.24087598801375676
Latin America,Non-metallic minerals,short_lived,1901,0.24840956227482827
Latin America,Non-metallic minerals,short_lived,1902,0.26078003635606106
Latin America,Non-metallic minerals,short_lived,1903,0.27354195676130716
Latin America,Non-metallic minerals,short_lived,1904,0.28652729747000777
Latin America,Non-metallic minerals,short_lived,1905,0.29951606742914577
Latin America,Non-metallic minerals,short_lived,1906,0.31299795860429314
Latin America,Non-metallic minerals,short_lived,1907,0.326727791758229
Latin America,Non-metallic minerals,short_lived,1908,0.34044730510354
Latin America,Non-metallic minerals,short_lived,1909,0.35408085782253035
Latin America,Non-metallic minerals,short_lived,1910,0.3683775786836555
Latin America,Non-metallic minerals,short_lived,1911,0.383008650137028
Latin America,Non-metallic minerals,short_lived,1912,0.3984185169942783
Latin America,Non-metallic minerals,short_lived,1913,0.4142314787425875
Latin America,Non-metallic minerals,short_lived,1914,0.4297953353515831
Latin America,Non-metallic minerals,short_lived,1915,0.44401489414809
Latin America,Non-metallic minerals,short_lived,1916,0.4565612927035772
Latin America,Non-metallic minerals,short_lived,1917,0.47108936584856836
Latin America,Non-metallic minerals,short_lived,1918,0.48410212521717216
Latin America,Non-metallic minerals,short_lived,1919,0.4957865897786113
Latin America,Non-metallic minerals,short_lived,1920,0.5057424391278029
Latin America,Non-metallic minerals,short_lived,1921,0.5220065105491694
Latin America,Non-metallic minerals,short_lived,1922,0.5375583968000764
Latin America,Non-metallic minerals,short_lived,1923,0.5565113221324435
Latin America,Non-metallic minerals,short_lived,1924,0.5758221671369436
Latin America,Non-metallic minerals,short_lived,1925,0.5954993933361468
Latin America,Non-metallic minerals,short_lived,1926,0.6152323263355549
Latin America,Non-metallic minerals,short_lived,1927,0.6350723032964238
Latin America,Non-metallic minerals,short_lived,1928,0.6550474434562655
Latin America,Non-metallic minerals,short_lived,1929,0.6754098084092763
Latin America,Non-metallic minerals,short_lived,1930,0.6955856930695612
Latin America,Non-metallic minerals,short_lived,1931,0.715346720107412
Latin America,Non-metallic minerals,short_lived,1932,0.735825813042124
Latin America,Non-metallic minerals,short_lived,1933,0.7563049372911819
Latin America,Non-metallic minerals,short_lived,1934,0.778232380784856
Latin America,Non-metallic minerals,short_lived,1935,0.8007357460696738
Latin America,Non-metallic minerals,short_lived,1936,0.8240318035988026
Latin America,Non-metallic minerals,short_lived,1937,0.8469610912436641
Latin America,Non-metallic minerals,short_lived,1938,0.871332663265959
Latin America,Non-metallic minerals,short_lived,1939,0.8940583890518313
Latin America,Non-metallic minerals,short_lived,1940,0.9187272410599445
Latin America,Non-metallic minerals,short_lived,1941,0.9426643120980057
Latin America,Non-metallic minerals,short_lived,1942,0.9660182058940218
Latin America,Non-metallic minerals,short_lived,1943,0.9918917250105177
Latin America,Non-metallic minerals,short_lived,1944,1.01657139241162
Latin America,Non-metallic minerals,short_lived,1945,1.0425250595261277
Latin America,Non-metallic minerals,short_lived,1946,1.0643984536544664
Latin America,Non-metallic minerals,short_lived,1947,1.0734304761943214
Latin America,Non-metallic minerals,short_lived,1948,1.0854765437563716
Latin America,Non-metallic minerals,short_lived,1949,1.1198395947209425
Latin America,Non-metallic minerals,short_lived,1950,1.1540659698727909
Latin America,Non-metallic minerals,short_lived,1951,1.1981013134540914
Latin America,Non-metallic minerals,short_lived,1952,1.2459270911168576
Latin America,Non-metallic minerals,short_lived,1953,1.2954364569391272
Latin America,Non-metallic minerals,short_lived,1954,1.3474061085374955
Latin America,Non-metallic minerals,short_lived,1955,1.4020867107064001
Latin America,Non-metallic minerals,short_lived,1956,1.4591657482665297
Latin America,Non-metallic minerals,short_lived,1957,1.5177168489924424
Latin America,Non-metallic minerals,short_lived,1958,1.5804417507645692
Latin America,Non-metallic minerals,short_lived,1959,1.642987416944279
Latin America,Non-metallic minerals,short_lived,1960,1.7088704985415828
Latin America,Non-metallic minerals,short_lived,1961,1.7708972785850372
Latin America,Non-metallic minerals,short_lived,1962,1.8346033031025222
Latin America,Non-metallic minerals,short_lived,1963,1.9078441245843787
Latin America,Non-metallic minerals,short_lived,1964,1.987847311665907
Latin America,Non-metallic minerals,short_lived,1965,2.0758558604666972
Latin America,Non-metallic minerals,short_lived,1966,2.1605958427671585
Latin America,Non-metallic minerals,short_lived,1967,2.2506346218325826
Latin America,Non-metallic minerals,short_lived,1968,2.3358440328474668
Latin America,Non-metallic minerals,short_lived,1969,2.4250430101986957
Latin America,Non-metallic minerals,short_lived,1970,2.523850085732532
Latin America,Non-metallic minerals,short_lived,1971,2.629203858359174
Latin America,Non-metallic minerals,short_lived,1972,2.8944502871348443
Latin America,Non-metallic minerals,short_lived,1973,3.0697583347308557
Latin America,Non-metallic minerals,short_lived,1974,3.330274395551448
Latin America,Non-metallic minerals,short_lived,1975,3.592118048989505
Latin America,Non-metallic minerals,short_lived,1976,3.533781963917103
Latin America,Non-metallic minerals,short_lived,1977,3.80030986712671
Latin America,Non-metallic minerals,short_lived,1978,3.8408160825471556
Latin America,Non-metallic minerals,short_lived,1979,4.11410203741192
Latin America,Non-metallic minerals,short_lived,1980,4.352021293317331
Latin America,Non-metallic minerals,short_lived,1981,4.745989969653733
Latin America,Non-metallic minerals,short_lived,1982,4.65172948470471
Latin America,Non-metallic minerals,short_lived,1983,4.393421154580765
Latin America,Non-metallic minerals,short_lived,1984,4.443733720553286
Latin America,Non-metallic minerals,short_lived,1985,4.659898605657923
Latin America,Non-metallic minerals,short_lived,1986,4.772168202196599
Latin America,Non-metallic minerals,short_lived,1987,4.2899027395218665
Latin America,Non-metallic minerals,short_lived,1988,4.293869378034351
Latin America,Non-metallic minerals,short_lived,1989,4.109532663341073
Latin America,Non-metallic minerals,short_lived,1990,4.3491495561553295
Latin America,Non-metallic minerals,short_lived,1991,4.172024637822171
Latin America,Non-metallic minerals,short_lived,1992,4.393298412798286
Latin America,Non-metallic minerals,short_lived,1993,4.3019889522594985
Latin America,Non-metallic minerals,short_lived,1994,4.680215504890916
Latin America,Non-metallic minerals,short_lived,1995,4.975331119551688
Latin America,Non-metallic minerals,short_lived,1996,5.320503101787776
Latin America,Non-metallic minerals,short_lived,1997,5.890683998316228
Latin America,Non-metallic minerals,short_lived,1998,6.0839061784712305
Latin America,Non-metallic minerals,short_lived,1999,6.140202471208167
Latin America,Non-metallic minerals,short_lived,2000,5.972476169688042
Latin America,Non-metallic minerals,short_lived,2001,5.9115015463865035
Latin America,Non-metallic minerals,short_lived,2002,6.155211583213996
Latin America,Non-metallic minerals,short_lived,2003,6.688410399894307
Latin America,Non-metallic minerals,short_lived,2004,6.498955520059453
Latin America,Non-metallic minerals,short_lived,2005,7.253145123372191
Latin America,Non-metallic minerals,short_lived,2006,7.092908387516397
Latin America,Non-metallic minerals,short_lived,2007,7.17968186742417
Latin America,Non-metallic minerals,short_lived,2008,7.422088417035925
Latin America,Non-metallic minerals,short_lived,2009,7.293748078743786
Latin America,Non-metallic minerals,short_lived,2010,6.926422720532967
Latin America,Non-metallic minerals,short_lived,2011,7.285903986610125
Latin America,Non-metallic minerals,short_lived,2012,7.44666866156463
Latin America,Non-metallic minerals,short_lived,2013,7.592579055819179
Latin America,Non-metallic minerals,short_lived,2014,7.651081497771305
Latin America,Non-metallic minerals,short_lived,2015,7.97424509200447
Latin America,Non-metallic minerals,short_lived,2016,8.224217362580292
Middle East & North Africa,Metal ores,buildings,1900,0
Middle East & North Africa,Metal ores,buildings,1901,0
Middle East & North Africa,Metal ores,buildings,1902,0
Middle East & North Africa,Metal ores,buildings,1903,0
Middle East & North Africa,Metal ores,buildings,1904,0
Middle East & North Africa,Metal ores,buildings,1905,2.232697482003417e-16
Middle East & North Africa,Metal ores,buildings,1906,2.6382192610201098e-14
Middle East & North Africa,Metal ores,buildings,1907,1.0937006462483607e-12
Middle East & North Africa,Metal ores,buildings,1908,2.216003437204203e-11
Middle East & North Africa,Metal ores,buildings,1909,2.6643137048223573e-10
Middle East & North Africa,Metal ores,buildings,1910,2.159290612338277e-9
Middle East & North Africa,Metal ores,buildings,1911,1.2878901297159563e-8
Middle East & North Africa,Metal ores,buildings,1912,6.0192939111796e-8
Middle East & North Africa,Metal ores,buildings,1913,2.3088344803799308e-7
Middle East & North Africa,Metal ores,buildings,1914,7.526481300486107e-7
Middle East & North Africa,Metal ores,buildings,1915,2.1421587875792622e-6
Middle East & North Africa,Metal ores,buildings,1916,5.437191577319244e-6
Middle East & North Africa,Metal ores,buildings,1917,1.2517269881536092e-5
Middle East & North Africa,Metal ores,buildings,1918,2.649756287202203e-5
Middle East & North Africa,Metal ores,buildings,1919,5.2160052682562016e-5
Middle East & North Africa,Metal ores,buildings,1920,9.63699989504672e-5
Middle East & North Africa,Metal ores,buildings,1921,1.684188273789822e-4
Middle East & North Africa,Metal ores,buildings,1922,2.8023852800333917e-4
Middle East & North Africa,Metal ores,buildings,1923,4.464465623017327e-4
Middle East & North Africa,Metal ores,buildings,1924,6.842010540766366e-4
Middle East & North Africa,Metal ores,buildings,1925,0.0010128691988979476
Middle East & North Africa,Metal ores,buildings,1926,0.0014535325511478478
Middle East & North Africa,Metal ores,buildings,1927,0.002028367293001703
Middle East & North Africa,Metal ores,buildings,1928,0.00275994410279384
Middle East & North Africa,Metal ores,buildings,1929,0.0036704917419175267
Middle East & North Africa,Metal ores,buildings,1930,0.004781163705307499
Middle East & North Africa,Metal ores,buildings,1931,0.0061113413446383935
Middle East & North Africa,Metal ores,buildings,1932,0.00767800194532808
Middle East & North Africa,Metal ores,buildings,1933,0.00949517694010216
Middle East & North Africa,Metal ores,buildings,1934,0.011573523129187139
Middle East & North Africa,Metal ores,buildings,1935,0.013920027331584407
Middle East & North Africa,Metal ores,buildings,1936,0.016537861390848386
Middle East & North Africa,Metal ores,buildings,1937,0.019426399385912254
Middle East & North Africa,Metal ores,buildings,1938,0.02258140204363768
Middle East & North Africa,Metal ores,buildings,1939,0.025995364729216045
Middle East & North Africa,Metal ores,buildings,1940,0.02965801526462417
Middle East & North Africa,Metal ores,buildings,1941,0.03355693668287264
Middle East & North Africa,Metal ores,buildings,1942,0.0376782784801326
Middle East & North Africa,Metal ores,buildings,1943,0.042007508779554455
Middle East & North Africa,Metal ores,buildings,1944,0.046530150463795786
Middle East & North Africa,Metal ores,buildings,1945,0.051232439151624176
Middle East & North Africa,Metal ores,buildings,1946,0.05610184294971948
Middle East & North Africa,Metal ores,buildings,1947,0.061127395659835694
Middle East & North Africa,Metal ores,buildings,1948,0.06629981675326153
Middle East & North Africa,Metal ores,buildings,1949,0.07161141988175077
Middle East & North Africa,Metal ores,buildings,1950,0.07705584114362814
Middle East & North Africa,Metal ores,buildings,1951,0.0826276420636045
Middle East & North Africa,Metal ores,buildings,1952,0.08832185515171961
Middle East & North Africa,Metal ores,buildings,1953,0.09413354015004156
Middle East & North Africa,Metal ores,buildings,1954,0.10005740831371314
Middle East & North Africa,Metal ores,buildings,1955,0.10608755430312014
Middle East & North Africa,Metal ores,buildings,1956,0.11221731514084675
Middle East & North Africa,Metal ores,buildings,1957,0.11843925712497842
Middle East & North Africa,Metal ores,buildings,1958,0.12474527705500058
Middle East & North Africa,Metal ores,buildings,1959,0.13112679458902013
Middle East & North Africa,Metal ores,buildings,1960,0.13757500785451252
Middle East & North Africa,Metal ores,buildings,1961,0.1440811838131766
Middle East & North Africa,Metal ores,buildings,1962,0.15063695742606986
Middle East & North Africa,Metal ores,buildings,1963,0.15723461857821716
Middle East & North Africa,Metal ores,buildings,1964,0.16386737229214432
Middle East & North Africa,Metal ores,buildings,1965,0.17052956526485305
Middle East & North Africa,Metal ores,buildings,1966,0.17721687949218048
Middle East & North Africa,Metal ores,buildings,1967,0.18392650103942687
Middle East & North Africa,Metal ores,buildings,1968,0.19065727806844415
Middle East & North Africa,Metal ores,buildings,1969,0.1974098857847386
Middle East & North Africa,Metal ores,buildings,1970,0.20418701552403645
Middle East & North Africa,Metal ores,buildings,1971,0.2109935999533741
Middle East & North Africa,Metal ores,buildings,1972,0.21783707717097273
Middle East & North Africa,Metal ores,buildings,1973,0.22472768580901137
Middle East & North Africa,Metal ores,buildings,1974,0.23167877404093173
Middle East & North Africa,Metal ores,buildings,1975,0.23870710006341822
Middle East & North Africa,Metal ores,buildings,1976,0.24583310165295455
Middle East & North Africa,Metal ores,buildings,1977,0.2530811185133811
Middle East & North Africa,Metal ores,buildings,1978,0.2604795634527891
Middle East & North Africa,Metal ores,buildings,1979,0.26806105632108407
Middle East & North Africa,Metal ores,buildings,1980,0.27586255558972844
Middle East & North Africa,Metal ores,buildings,1981,0.28392554040850326
Middle East & North Africa,Metal ores,buildings,1982,0.29229630214063945
Middle East & North Africa,Metal ores,buildings,1983,0.3010263929904259
Middle East & North Africa,Metal ores,buildings,1984,0.31017325582501765
Middle East & North Africa,Metal ores,buildings,1985,0.31980104345415894
Middle East & North Africa,Metal ores,buildings,1986,0.3299816529916673
Middle East & North Africa,Metal ores,buildings,1987,0.3407960634376269
Middle East & North Africa,Metal ores,buildings,1988,0.35233615294285214
Middle East & North Africa,Metal ores,buildings,1989,0.364707235245966
Middle East & North Africa,Metal ores,buildings,1990,0.3780315322177733
Middle East & North Africa,Metal ores,buildings,1991,0.39245265671355584
Middle East & North Africa,Metal ores,buildings,1992,0.4081409345410526
Middle East & North Africa,Metal ores,buildings,1993,0.4252991152665093
Middle East & North Africa,Metal ores,buildings,1994,0.44416779680731705
Middle East & North Africa,Metal ores,buildings,1995,0.4650297785024022
Middle East & North Africa,Metal ores,buildings,1996,0.4882125648275055
Middle East & North Africa,Metal ores,buildings,1997,0.5140883231566176
Middle East & North Africa,Metal ores,buildings,1998,0.5430707035663989
Middle East & North Africa,Metal ores,buildings,1999,0.5756080423663695
Middle East & North Africa,Metal ores,buildings,2000,0.6121726310851425
Middle East & North Africa,Metal ores,buildings,2001,0.6532460046628342
Middle East & North Africa,Metal ores,buildings,2002,0.699300631291166
Middle East & North Africa,Metal ores,buildings,2003,0.7507789491957344
Middle East & North Africa,Metal ores,buildings,2004,0.8080712874314642
Middle East & North Africa,Metal ores,buildings,2005,0.8714946672502085
Middle East & North Africa,Metal ores,buildings,2006,0.9412746503261988
Middle East & North Africa,Metal ores,buildings,2007,1.0175321935480168
Middle East & North Africa,Metal ores,buildings,2008,1.1002769138104491
Middle East & North Africa,Metal ores,buildings,2009,1.1894073921778892
Middle East & North Africa,Metal ores,buildings,2010,1.2847183349382678
Middle East & North Africa,Metal ores,buildings,2011,1.3859137148661587
Middle East & North Africa,Metal ores,buildings,2012,1.4926245278277654
Middle East & North Africa,Metal ores,buildings,2013,1.6044295441413445
Middle East & North Africa,Metal ores,buildings,2014,1.7208774049074236
Middle East & North Africa,Metal ores,buildings,2015,1.8415085920582603
Middle East & North Africa,Metal ores,buildings,2016,1.9658761536439855
Middle East & North Africa,Metal ores,civil_infrastructure,1900,0
Middle East & North Africa,Metal ores,civil_infrastructure,1901,0
Middle East & North Africa,Metal ores,civil_infrastructure,1902,0
Middle East & North Africa,Metal ores,civil_infrastructure,1903,0
Middle East & North Africa,Metal ores,civil_infrastructure,1904,0
Middle East & North Africa,Metal ores,civil_infrastructure,1905,0
Middle East & North Africa,Metal ores,civil_infrastructure,1906,0
Middle East & North Africa,Metal ores,civil_infrastructure,1907,0
Middle East & North Africa,Metal ores,civil_infrastructure,1908,0
Middle East & North Africa,Metal ores,civil_infrastructure,1909,0
Middle East & North Africa,Metal ores,civil_infrastructure,1910,0
Middle East & North Africa,Metal ores,civil_infrastructure,1911,0
Middle East & North Africa,Metal ores,civil_infrastructure,1912,0
Middle East & North Africa,Metal ores,civil_infrastructure,1913,0
Middle East & North Africa,Metal ores,civil_infrastructure,1914,4.806687857409115e-17
Middle East & North Africa,Metal ores,civil_infrastructure,1915,3.6613780666943554e-16
Middle East & North Africa,Metal ores,civil_infrastructure,1916,2.4792058595463816e-15
Middle East & North Africa,Metal ores,civil_infrastructure,1917,1.3942071648058494e-14
Middle East & North Africa,Metal ores,civil_infrastructure,1918,6.805244210326439e-14
Middle East & North Africa,Metal ores,civil_infrastructure,1919,2.92397910285961e-13
Middle East & North Africa,Metal ores,civil_infrastructure,1920,1.1231778629010041e-12
Middle East & North Africa,Metal ores,civil_infrastructure,1921,3.9069029724903445e-12
Middle East & North Africa,Metal ores,civil_infrastructure,1922,1.2439953143708461e-11
Middle East & North Africa,Metal ores,civil_infrastructure,1923,3.659430464249068e-11
Middle East & North Africa,Metal ores,civil_infrastructure,1924,1.0024546629355886e-10
Middle East & North Africa,Metal ores,civil_infrastructure,1925,2.5748881837362547e-10
Middle East & North Africa,Metal ores,civil_infrastructure,1926,6.238682783235961e-10
Middle East & North Africa,Metal ores,civil_infrastructure,1927,1.4333199419397765e-9
Middle East & North Africa,Metal ores,civil_infrastructure,1928,3.136969620157299e-9
Middle East & North Africa,Metal ores,civil_infrastructure,1929,6.566939272615199e-9
Middle East & North Africa,Metal ores,civil_infrastructure,1930,1.3196867933951522e-8
Middle East & North Africa,Metal ores,civil_infrastructure,1931,2.5540689399777032e-8
Middle East & North Africa,Metal ores,civil_infrastructure,1932,4.774184726299224e-8
Middle East & North Africa,Metal ores,civil_infrastructure,1933,8.641586394266717e-8
Middle East & North Africa,Metal ores,civil_infrastructure,1934,1.5181910724428415e-7
Middle East & North Africa,Metal ores,civil_infrastructure,1935,2.594246992841484e-7
Middle East & North Africa,Metal ores,civil_infrastructure,1936,4.3199170279866856e-7
Middle East & North Africa,Metal ores,civil_infrastructure,1937,7.022150027072264e-7
Middle East & North Africa,Metal ores,civil_infrastructure,1938,1.1160397937324286e-6
Middle East & North Africa,Metal ores,civil_infrastructure,1939,1.736715666456201e-6
Middle East & North Africa,Metal ores,civil_infrastructure,1940,2.649650627712112e-6
Middle East & North Africa,Metal ores,civil_infrastructure,1941,3.968105011149852e-6
Middle East & North Africa,Metal ores,civil_infrastructure,1942,5.839739521861667e-6
Middle East & North Africa,Metal ores,civil_infrastructure,1943,8.454001364561295e-6
Middle East & North Africa,Metal ores,civil_infrastructure,1944,1.2050298610916782e-5
Middle East & North Africa,Metal ores,civil_infrastructure,1945,1.6926877037243154e-5
Middle East & North Africa,Metal ores,civil_infrastructure,1946,2.3450277207927302e-5
Middle East & North Africa,Metal ores,civil_infrastructure,1947,3.20652143228144e-5
Middle East & North Africa,Metal ores,civil_infrastructure,1948,4.330469107901474e-5
Middle East & North Africa,Metal ores,civil_infrastructure,1949,5.780012626325811e-5
Middle East & North Africa,Metal ores,civil_infrastructure,1950,7.629126059388616e-5
Middle East & North Africa,Metal ores,civil_infrastructure,1951,9.963558781595419e-5
Middle East & North Africa,Metal ores,civil_infrastructure,1952,1.2881705423941419e-4
Middle East & North Africa,Metal ores,civil_infrastructure,1953,1.649537743859604e-4
Middle East & North Africa,Metal ores,civil_infrastructure,1954,2.093045242721684e-4
Middle East & North Africa,Metal ores,civil_infrastructure,1955,2.632737967061023e-4
Middle East & North Africa,Metal ores,civil_infrastructure,1956,3.2841523387213133e-4
Middle East & North Africa,Metal ores,civil_infrastructure,1957,4.064332900399208e-4
Middle East & North Africa,Metal ores,civil_infrastructure,1958,4.991830196879694e-4
Middle East & North Africa,Metal ores,civil_infrastructure,1959,6.086679316486477e-4
Middle East & North Africa,Metal ores,civil_infrastructure,1960,7.370358959353179e-4
Middle East & North Africa,Metal ores,civil_infrastructure,1961,8.865731346251362e-4
Middle East & North Africa,Metal ores,civil_infrastructure,1962,0.0010596963696670153
Middle East & North Africa,Metal ores,civil_infrastructure,1963,0.00125894323723017
Middle East & North Africa,Metal ores,civil_infrastructure,1964,0.0014869611090787748
Middle East & North Africa,Metal ores,civil_infrastructure,1965,0.001746494485803066
Middle East & North Africa,Metal ores,civil_infrastructure,1966,0.002040371144372119
Middle East & North Africa,Metal ores,civil_infrastructure,1967,0.0023714872336376047
Middle East & North Africa,Metal ores,civil_infrastructure,1968,0.002742791516709358
Middle East & North Africa,Metal ores,civil_infrastructure,1969,0.0031572689593878964
Middle East & North Africa,Metal ores,civil_infrastructure,1970,0.0036179238601000436
Middle East & North Africa,Metal ores,civil_infrastructure,1971,0.004127762710087075
Middle East & North Africa,Metal ores,civil_infrastructure,1972,0.004689776963994757
Middle East & North Africa,Metal ores,civil_infrastructure,1973,0.005306925891413704
Middle East & North Africa,Metal ores,civil_infrastructure,1974,0.005982119670120907
Middle East & North Africa,Metal ores,civil_infrastructure,1975,0.006718202872364014
Middle East & North Africa,Metal ores,civil_infrastructure,1976,0.007517938486948586
Middle East & North Africa,Metal ores,civil_infrastructure,1977,0.008383992612419374
Middle East & North Africa,Metal ores,civil_infrastructure,1978,0.009318919950385147
Middle East & North Africa,Metal ores,civil_infrastructure,1979,0.010325150223122982
Middle East & North Africa,Metal ores,civil_infrastructure,1980,0.011404975635926155
Middle East & North Africa,Metal ores,civil_infrastructure,1981,0.01256053950225206
Middle East & North Africa,Metal ores,civil_infrastructure,1982,0.013793826148398972
Middle East & North Africa,Metal ores,civil_infrastructure,1983,0.015106652214146511
Middle East & North Africa,Metal ores,civil_infrastructure,1984,0.016500659466330475
Middle East & North Africa,Metal ores,civil_infrastructure,1985,0.017977309243485676
Middle East & North Africa,Metal ores,civil_infrastructure,1986,0.019537878651279574
Middle East & North Africa,Metal ores,civil_infrastructure,1987,0.021183458630179588
Middle East & North Africa,Metal ores,civil_infrastructure,1988,0.022914954018401316
Middle East & North Africa,Metal ores,civil_infrastructure,1989,0.024733085734519652
Middle East & North Africa,Metal ores,civil_infrastructure,1990,0.026638395205043765
Middle East & North Africa,Metal ores,civil_infrastructure,1991,0.028631251162875623
Middle East & North Africa,Metal ores,civil_infrastructure,1992,0.030711858943148877
Middle East & North Africa,Metal ores,civil_infrastructure,1993,0.03288027240395583
Middle East & North Africa,Metal ores,civil_infrastructure,1994,0.035136408601791735
Middle East & North Africa,Metal ores,civil_infrastructure,1995,0.037480065356285966
Middle East & North Africa,Metal ores,civil_infrastructure,1996,0.03991094184776707
Middle East & North Africa,Metal ores,civil_infrastructure,1997,0.04242866240670359
Middle East & North Africa,Metal ores,civil_infrastructure,1998,0.045032803679319305
Middle East & North Africa,Metal ores,civil_infrastructure,1999,0.04772292539253874
Middle East & North Africa,Metal ores,civil_infrastructure,2000,0.050498604998257465
Middle East & North Africa,Metal ores,civil_infrastructure,2001,0.05335947655610004
Middle East & North Africa,Metal ores,civil_infrastructure,2002,0.05630527431893653
Middle East & North Africa,Metal ores,civil_infrastructure,2003,0.05933588161793483
Middle East & North Africa,Metal ores,civil_infrastructure,2004,0.06245138580272391
Middle East & North Africa,Metal ores,civil_infrastructure,2005,0.06565214017204432
Middle East & North Africa,Metal ores,civil_infrastructure,2006,0.06893883402054765
Middle East & North Africa,Metal ores,civil_infrastructure,2007,0.07231257211337502
Middle East & North Africa,Metal ores,civil_infrastructure,2008,0.07577496506064067
Middle East & North Africa,Metal ores,civil_infrastructure,2009,0.0793282321744442
Middle East & North Africa,Metal ores,civil_infrastructure,2010,0.08297531842337155
Middle East & North Africa,Metal ores,civil_infrastructure,2011,0.0867200270255267
Middle East & North Africa,Metal ores,civil_infrastructure,2012,0.09056716901432464
Middle East & North Africa,Metal ores,civil_infrastructure,2013,0.09452273075140677
Middle East & North Africa,Metal ores,civil_infrastructure,2014,0.09859405983616354
Middle East & North Africa,Metal ores,civil_infrastructure,2015,0.10279006917259707
Middle East & North Africa,Metal ores,civil_infrastructure,2016,0.10712145811614252
Middle East & North Africa,Metal ores,machinery,1900,0
Middle East & North Africa,Metal ores,machinery,1901,0
Middle East & North Africa,Metal ores,machinery,1902,0
Middle East & North Africa,Metal ores,machinery,1903,1.2179957023381855e-12
Middle East & North Africa,Metal ores,machinery,1904,3.896136926699355e-9
Middle East & North Africa,Metal ores,machinery,1905,6.013073975087629e-7
Middle East & North Africa,Metal ores,machinery,1906,1.6974039879641622e-5
Middle East & North Africa,Metal ores,machinery,1907,1.703103559510743e-4
Middle East & North Africa,Metal ores,machinery,1908,8.78087056489627e-4
Middle East & North Africa,Metal ores,machinery,1909,0.0028969830533675063
Middle East & North Africa,Metal ores,machinery,1910,0.0070128239531330626
Middle East & North Africa,Metal ores,machinery,1911,0.013610058934013954
Middle East & North Africa,Metal ores,machinery,1912,0.022480867501419387
Middle East & North Africa,Metal ores,machinery,1913,0.03297141305509339
Middle East & North Africa,Metal ores,machinery,1914,0.04430105798518423
Middle East & North Africa,Metal ores,machinery,1915,0.0558301277214888
Middle East & North Africa,Metal ores,machinery,1916,0.06716785702487402
Middle East & North Africa,Metal ores,machinery,1917,0.07816179896903441
Middle East & North Africa,Metal ores,machinery,1918,0.08885293816419416
Middle East & North Africa,Metal ores,machinery,1919,0.0994263252806114
Middle East & North Africa,Metal ores,machinery,1920,0.11014631646650966
Middle East & North Africa,Metal ores,machinery,1921,0.12125330950463165
Middle East & North Africa,Metal ores,machinery,1922,0.13281280593450484
Middle East & North Africa,Metal ores,machinery,1923,0.1446097516197597
Middle East & North Africa,Metal ores,machinery,1924,0.15622779064470177
Middle East & North Africa,Metal ores,machinery,1925,0.1672620259506526
Middle East & North Africa,Metal ores,machinery,1926,0.17747743220846401
Middle East & North Africa,Metal ores,machinery,1927,0.18685773126616345
Middle East & North Africa,Metal ores,machinery,1928,0.19558773753463427
Middle East & North Africa,Metal ores,machinery,1929,0.2039751672570597
Middle East & North Africa,Metal ores,machinery,1930,0.21234185495294003
Middle East & North Africa,Metal ores,machinery,1931,0.22095292290496132
Middle East & North Africa,Metal ores,machinery,1932,0.2300027859805665
Middle East & North Africa,Metal ores,machinery,1933,0.23963609725685453
Middle East & North Africa,Metal ores,machinery,1934,0.24996709999366387
Middle East & North Africa,Metal ores,machinery,1935,0.26105817806998505
Middle East & North Africa,Metal ores,machinery,1936,0.2728910870604271
Middle East & North Africa,Metal ores,machinery,1937,0.285373391502363
Middle East & North Africa,Metal ores,machinery,1938,0.2982846212925838
Middle East & North Africa,Metal ores,machinery,1939,0.3111458911181074
Middle East & North Africa,Metal ores,machinery,1940,0.32321734204755836
Middle East & North Africa,Metal ores,machinery,1941,0.33374592329127123
Middle East & North Africa,Metal ores,machinery,1942,0.34232191820856717
Middle East & North Africa,Metal ores,machinery,1943,0.34910935409895605
Middle East & North Africa,Metal ores,machinery,1944,0.3548390719523928
Middle East & North Africa,Metal ores,machinery,1945,0.36049327139104526
Middle East & North Africa,Metal ores,machinery,1946,0.3667071125145788
Middle East & North Africa,Metal ores,machinery,1947,0.3734381795902275
Middle East & North Africa,Metal ores,machinery,1948,0.3802767199436422
Middle East & North Africa,Metal ores,machinery,1949,0.38691332503653586
Middle East & North Africa,Metal ores,machinery,1950,0.3932884572741224
Middle East & North Africa,Metal ores,machinery,1951,0.39949395357276246
Middle East & North Africa,Metal ores,machinery,1952,0.40565044007375195
Middle East & North Africa,Metal ores,machinery,1953,0.41185066169877355
Middle East & North Africa,Metal ores,machinery,1954,0.4181567123462092
Middle East & North Africa,Metal ores,machinery,1955,0.42461743494326487
Middle East & North Africa,Metal ores,machinery,1956,0.43128352498421313
Middle East & North Africa,Metal ores,machinery,1957,0.4382135284382938
Middle East & North Africa,Metal ores,machinery,1958,0.4454885333820096
Middle East & North Africa,Metal ores,machinery,1959,0.45325609564572394
Middle East & North Africa,Metal ores,machinery,1960,0.4617457641660377
Middle East & North Africa,Metal ores,machinery,1961,0.47119566157668674
Middle East & North Africa,Metal ores,machinery,1962,0.48180030889210396
Middle East & North Africa,Metal ores,machinery,1963,0.4937969795651357
Middle East & North Africa,Metal ores,machinery,1964,0.5075675873387498
Middle East & North Africa,Metal ores,machinery,1965,0.5235681585026329
Middle East & North Africa,Metal ores,machinery,1966,0.5420965072346631
Middle East & North Africa,Metal ores,machinery,1967,0.5631441067035999
Middle East & North Africa,Metal ores,machinery,1968,0.5865278067785306
Middle East & North Africa,Metal ores,machinery,1969,0.6121119074572667
Middle East & North Africa,Metal ores,machinery,1970,0.6398648733506588
Middle East & North Africa,Metal ores,machinery,1971,0.6698291533861365
Middle East & North Africa,Metal ores,machinery,1972,0.7022101942638662
Middle East & North Africa,Metal ores,machinery,1973,0.7375430140469426
Middle East & North Africa,Metal ores,machinery,1974,0.7767607943383152
Middle East & North Africa,Metal ores,machinery,1975,0.8212539469338113
Middle East & North Africa,Metal ores,machinery,1976,0.8728447282982507
Middle East & North Africa,Metal ores,machinery,1977,0.9332078516851475
Middle East & North Africa,Metal ores,machinery,1978,1.0028477453139701
Middle East & North Africa,Metal ores,machinery,1979,1.0806987205109078
Middle East & North Africa,Metal ores,machinery,1980,1.165250341728473
Middle East & North Africa,Metal ores,machinery,1981,1.2570712205087466
Middle East & North Africa,Metal ores,machinery,1982,1.361450008209715
Middle East & North Africa,Metal ores,machinery,1983,1.4888845536780484
Middle East & North Africa,Metal ores,machinery,1984,1.6519537767529073
Middle East & North Africa,Metal ores,machinery,1985,1.859948650823184
Middle East & North Africa,Metal ores,machinery,1986,2.114412902566952
Middle East & North Africa,Metal ores,machinery,1987,2.408178699898988
Middle East & North Africa,Metal ores,machinery,1988,2.7288264918251315
Middle East & North Africa,Metal ores,machinery,1989,3.0650387497630223
Middle East & North Africa,Metal ores,machinery,1990,3.411514184593406
Middle East & North Africa,Metal ores,machinery,1991,3.768028085254335
Middle East & North Africa,Metal ores,machinery,1992,4.1332140709468375
Middle East & North Africa,Metal ores,machinery,1993,4.498879787569906
Middle East & North Africa,Metal ores,machinery,1994,4.849230804957033
Middle East & North Africa,Metal ores,machinery,1995,5.165255874792899
Middle East & North Africa,Metal ores,machinery,1996,5.4323935363156775
Middle East & North Africa,Metal ores,machinery,1997,5.647656151632591
Middle East & North Africa,Metal ores,machinery,1998,5.822165125671141
Middle East & North Africa,Metal ores,machinery,1999,5.977415131495149
Middle East & North Africa,Metal ores,machinery,2000,6.136919155627507
Middle East & North Africa,Metal ores,machinery,2001,6.317529963742791
Middle East & North Africa,Metal ores,machinery,2002,6.524548162526982
Middle East & North Africa,Metal ores,machinery,2003,6.752944147989205
Middle East & North Africa,Metal ores,machinery,2004,6.994116435367809
Middle East & North Africa,Metal ores,machinery,2005,7.242962880138535
Middle East & North Africa,Metal ores,machinery,2006,7.49968912664014
Middle East & North Africa,Metal ores,machinery,2007,7.765853212350242
Middle East & North Africa,Metal ores,machinery,2008,8.039672666525059
Middle East & North Africa,Metal ores,machinery,2009,8.316845537970197
Middle East & North Africa,Metal ores,machinery,2010,8.596580804275009
Middle East & North Africa,Metal ores,machinery,2011,8.886373396735143
Middle East & North Africa,Metal ores,machinery,2012,9.201735448316297
Middle East & North Africa,Metal ores,machinery,2013,9.562504789545578
Middle East & North Africa,Metal ores,machinery,2014,9.988958783119424
Middle East & North Africa,Metal ores,machinery,2015,10.50024370411287
Middle East & North Africa,Metal ores,machinery,2016,11.113341235947239
Middle East & North Africa,Metal ores,short_lived,1900,0
Middle East & North Africa,Metal ores,short_lived,1901,0.02105400083971923
Middle East & North Africa,Metal ores,short_lived,1902,0.022089434344011123
Middle East & North Africa,Metal ores,short_lived,1903,0.02614942010010832
Middle East & North Africa,Metal ores,short_lived,1904,0.029821974737289127
Middle East & North Africa,Metal ores,short_lived,1905,0.03125274706042952
Middle East & North Africa,Metal ores,short_lived,1906,0.0334884597310212
Middle East & North Africa,Metal ores,short_lived,1907,0.03582447640936979
Middle East & North Africa,Metal ores,short_lived,1908,0.03870136297142929
Middle East & North Africa,Metal ores,short_lived,1909,0.04190769795049713
Middle East & North Africa,Metal ores,short_lived,1910,0.047592449173985495
Middle East & North Africa,Metal ores,short_lived,1911,0.0540531253351788
Middle East & North Africa,Metal ores,short_lived,1912,0.05965001727547244
Middle East & North Africa,Metal ores,short_lived,1913,0.06597390080191934
Middle East & North Africa,Metal ores,short_lived,1914,0.07126832947794058
Middle East & North Africa,Metal ores,short_lived,1915,0.07035054521617012
Middle East & North Africa,Metal ores,short_lived,1916,0.06851908933498353
Middle East & North Africa,Metal ores,short_lived,1917,0.07389428655722392
Middle East & North Africa,Metal ores,short_lived,1918,0.07407363499753043
Middle East & North Africa,Metal ores,short_lived,1919,0.07344634910624254
Middle East & North Africa,Metal ores,short_lived,1920,0.0784332600612757
Middle East & North Africa,Metal ores,short_lived,1921,0.08277552613751922
Middle East & North Africa,Metal ores,short_lived,1922,0.08027413137740329
Middle East & North Africa,Metal ores,short_lived,1923,0.08624636037937056
Middle East & North Africa,Metal ores,short_lived,1924,0.08894306260772072
Middle East & North Africa,Metal ores,short_lived,1925,0.0924962986153838
Middle East & North Africa,Metal ores,short_lived,1926,0.09644514558094582
Middle East & North Africa,Metal ores,short_lived,1927,0.0990713997870179
Middle East & North Africa,Metal ores,short_lived,1928,0.10300761399465386
Middle East & North Africa,Metal ores,short_lived,1929,0.10646388415640352
Middle East & North Africa,Metal ores,short_lived,1930,0.11083860667046543
Middle East & North Africa,Metal ores,short_lived,1931,0.10953358893491875
Middle East & North Africa,Metal ores,short_lived,1932,0.10718689205950072
Middle East & North Africa,Metal ores,short_lived,1933,0.10506664366129254
Middle East & North Africa,Metal ores,short_lived,1934,0.10666546266851011
Middle East & North Africa,Metal ores,short_lived,1935,0.11091666186518911
Middle East & North Africa,Metal ores,short_lived,1936,0.11564945374529342
Middle East & North Africa,Metal ores,short_lived,1937,0.12151940250557244
Middle East & North Africa,Metal ores,short_lived,1938,0.13054807328251017
Middle East & North Africa,Metal ores,short_lived,1939,0.12907450025869638
Middle East & North Africa,Metal ores,short_lived,1940,0.1322967557691841
Middle East & North Africa,Metal ores,short_lived,1941,0.13372458082289687
Middle East & North Africa,Metal ores,short_lived,1942,0.1340071858813116
Middle East & North Africa,Metal ores,short_lived,1943,0.13527937279817906
Middle East & North Africa,Metal ores,short_lived,1944,0.13737084740965586
Middle East & North Africa,Metal ores,short_lived,1945,0.13998789707647621
Middle East & North Africa,Metal ores,short_lived,1946,0.1430365794230325
Middle East & North Africa,Metal ores,short_lived,1947,0.14581831818780525
Middle East & North Africa,Metal ores,short_lived,1948,0.14872424701165418
Middle East & North Africa,Metal ores,short_lived,1949,0.15148714998313706
Middle East & North Africa,Metal ores,short_lived,1950,0.15402679901247698
Middle East & North Africa,Metal ores,short_lived,1951,0.15677915963821523
Middle East & North Africa,Metal ores,short_lived,1952,0.16377534647634154
Middle East & North Africa,Metal ores,short_lived,1953,0.16714908575338133
Middle East & North Africa,Metal ores,short_lived,1954,0.1717706758191323
Middle East & North Africa,Metal ores,short_lived,1955,0.1795758580197494
Middle East & North Africa,Metal ores,short_lived,1956,0.19152765530806168
Middle East & North Africa,Metal ores,short_lived,1957,0.19897058167402618
Middle East & North Africa,Metal ores,short_lived,1958,0.2127628796956462
Middle East & North Africa,Metal ores,short_lived,1959,0.2167058046842098
Middle East & North Africa,Metal ores,short_lived,1960,0.22926192191956207
Middle East & North Africa,Metal ores,short_lived,1961,0.2480227027561284
Middle East & North Africa,Metal ores,short_lived,1962,0.25909157756979195
Middle East & North Africa,Metal ores,short_lived,1963,0.2735869294992231
Middle East & North Africa,Metal ores,short_lived,1964,0.2857832068611482
Middle East & North Africa,Metal ores,short_lived,1965,0.31069034219040925
Middle East & North Africa,Metal ores,short_lived,1966,0.34911550074131165
Middle East & North Africa,Metal ores,short_lived,1967,0.3652258061026241
Middle East & North Africa,Metal ores,short_lived,1968,0.41846112739629343
Middle East & North Africa,Metal ores,short_lived,1969,0.4866103027918533
Middle East & North Africa,Metal ores,short_lived,1970,0.5213283177236967
Middle East & North Africa,Metal ores,short_lived,1971,0.5291017859129893
Middle East & North Africa,Metal ores,short_lived,1972,0.5708570627955182
Middle East & North Africa,Metal ores,short_lived,1973,0.6114619672861906
Middle East & North Africa,Metal ores,short_lived,1974,0.7365608976182365
Middle East & North Africa,Metal ores,short_lived,1975,0.9698085793599822
Middle East & North Africa,Metal ores,short_lived,1976,1.170907336973861
Middle East & North Africa,Metal ores,short_lived,1977,1.3396208833051055
Middle East & North Africa,Metal ores,short_lived,1978,1.4756550118080143
Middle East & North Africa,Metal ores,short_lived,1979,1.5298959512750188
Middle East & North Africa,Metal ores,short_lived,1980,1.5577821303787507
Middle East & North Africa,Metal ores,short_lived,1981,1.6393511214014311
Middle East & North Africa,Metal ores,short_lived,1982,1.862551030924859
Middle East & North Africa,Metal ores,short_lived,1983,2.1286484643208645
Middle East & North Africa,Metal ores,short_lived,1984,2.222274736263083
Middle East & North Africa,Metal ores,short_lived,1985,2.1360645017085473
Middle East & North Africa,Metal ores,short_lived,1986,2.203443342903928
Middle East & North Africa,Metal ores,short_lived,1987,2.0239954684698844
Middle East & North Africa,Metal ores,short_lived,1988,1.9880725369125072
Middle East & North Africa,Metal ores,short_lived,1989,2.0803810537746803
Middle East & North Africa,Metal ores,short_lived,1990,2.1665433743693225
Middle East & North Africa,Metal ores,short_lived,1991,2.2902655559125553
Middle East & North Africa,Metal ores,short_lived,1992,2.423010290356947
Middle East & North Africa,Metal ores,short_lived,1993,2.785506520541695
Middle East & North Africa,Metal ores,short_lived,1994,2.82963056776362
Middle East & North Africa,Metal ores,short_lived,1995,2.7236160381694647
Middle East & North Africa,Metal ores,short_lived,1996,2.590784605660716
Middle East & North Africa,Metal ores,short_lived,1997,2.7611973220098287
Middle East & North Africa,Metal ores,short_lived,1998,2.883582472833942
Middle East & North Africa,Metal ores,short_lived,1999,3.062047792321159
Middle East & North Africa,Metal ores,short_lived,2000,3.0516022254080646
Middle East & North Africa,Metal ores,short_lived,2001,3.0472343952209027
Middle East & North Africa,Metal ores,short_lived,2002,3.119552014683004
Middle East & North Africa,Metal ores,short_lived,2003,3.3865649052865545
Middle East & North Africa,Metal ores,short_lived,2004,3.7133935661031265
Middle East & North Africa,Metal ores,short_lived,2005,3.8887921408350468
Middle East & North Africa,Metal ores,short_lived,2006,4.115395440989122
Middle East & North Africa,Metal ores,short_lived,2007,4.2244791520287075
Middle East & North Africa,Metal ores,short_lived,2008,4.989530248285544
Middle East & North Africa,Metal ores,short_lived,2009,5.606276883635123
Middle East & North Africa,Metal ores,short_lived,2010,5.592690215549841
Middle East & North Africa,Metal ores,short_lived,2011,6.152861482607278
Middle East & North Africa,Metal ores,short_lived,2012,6.7052707100167215
Middle East & North Africa,Metal ores,short_lived,2013,6.9622021661765885
Middle East & North Africa,Metal ores,short_lived,2014,7.118442632475756
Middle East & North Africa,Metal ores,short_lived,2015,7.671553222024843
Middle East & North Africa,Metal ores,short_lived,2016,8.635246629671716
Middle East & North Africa,Non-metallic minerals,buildings,1900,6.4019885320366265
Middle East & North Africa,Non-metallic minerals,buildings,1901,6.516417346603936
Middle East & North Africa,Non-metallic minerals,buildings,1902,6.629845146173446
Middle East & North Africa,Non-metallic minerals,buildings,1903,6.742328858517027
Middle East & North Africa,Non-metallic minerals,buildings,1904,6.853925877855541
Middle East & North Africa,Non-metallic minerals,buildings,1905,6.96469372164353
Middle East & North Africa,Non-metallic minerals,buildings,1906,7.0746896992875
Middle East & North Africa,Non-metallic minerals,buildings,1907,7.1839706955312765
Middle East & North Africa,Non-metallic minerals,buildings,1908,7.292593449812911
Middle East & North Africa,Non-metallic minerals,buildings,1909,7.400615931222929
Middle East & North Africa,Non-metallic minerals,buildings,1910,7.508099948050073
Middle East & North Africa,Non-metallic minerals,buildings,1911,7.615114000951369
Middle East & North Africa,Non-metallic minerals,buildings,1912,7.721734613913793
Middle East & North Africa,Non-metallic minerals,buildings,1913,7.828044811528913
Middle East & North Africa,Non-metallic minerals,buildings,1914,7.934129781996616
Middle East & North Africa,Non-metallic minerals,buildings,1915,8.040071098140025
Middle East & North Africa,Non-metallic minerals,buildings,1916,8.145941419389594
Middle East & North Africa,Non-metallic minerals,buildings,1917,8.251801270657882
Middle East & North Africa,Non-metallic minerals,buildings,1918,8.357698657653245
Middle East & North Africa,Non-metallic minerals,buildings,1919,8.463671389724148
Middle East & North Africa,Non-metallic minerals,buildings,1920,8.569751343280117
Middle East & North Africa,Non-metallic minerals,buildings,1921,8.675969608667593
Middle East & North Africa,Non-metallic minerals,buildings,1922,8.782361473402544
Middle East & North Africa,Non-metallic minerals,buildings,1923,8.888970403344151
Middle East & North Africa,Non-metallic minerals,buildings,1924,8.9958505040827
Middle East & North Africa,Non-metallic minerals,buildings,1925,9.103067307457847
Middle East & North Africa,Non-metallic minerals,buildings,1926,9.210697051769454
Middle East & North Africa,Non-metallic minerals,buildings,1927,9.318824836386028
Middle East & North Africa,Non-metallic minerals,buildings,1928,9.427542106728596
Middle East & North Africa,Non-metallic minerals,buildings,1929,9.536943883853116
Middle East & North Africa,Non-metallic minerals,buildings,1930,9.64712604237177
Middle East & North Africa,Non-metallic minerals,buildings,1931,9.758182824273153
Middle East & North Africa,Non-metallic minerals,buildings,1932,9.870204696633865
Middle East & North Africa,Non-metallic minerals,buildings,1933,9.983276616083621
Middle East & North Africa,Non-metallic minerals,buildings,1934,10.097476729088267
Middle East & North Africa,Non-metallic minerals,buildings,1935,10.212875508710992
Middle East & North Africa,Non-metallic minerals,buildings,1936,10.329535325110523
Middle East & North Africa,Non-metallic minerals,buildings,1937,10.447510487170439
Middle East & North Africa,Non-metallic minerals,buildings,1938,10.566847865201831
Middle East & North Africa,Non-metallic minerals,buildings,1939,10.68758827232321
Middle East & North Africa,Non-metallic minerals,buildings,1940,10.809768812167116
Middle East & North Africa,Non-metallic minerals,buildings,1941,10.933426384723791
Middle East & North Africa,Non-metallic minerals,buildings,1942,11.058602485020554
Middle East & North Africa,Non-metallic minerals,buildings,1943,11.185349326791986
Middle East & North Africa,Non-metallic minerals,buildings,1944,11.313737165379642
Middle East & North Africa,Non-metallic minerals,buildings,1945,11.443862490211455
Middle East & North Africa,Non-metallic minerals,buildings,1946,11.575856542500178
Middle East & North Africa,Non-metallic minerals,buildings,1947,11.709893428407213
Middle East & North Africa,Non-metallic minerals,buildings,1948,11.846196969185531
Middle East & North Africa,Non-metallic minerals,buildings,1949,11.985045371130475
Middle East & North Africa,Non-metallic minerals,buildings,1950,12.126772830296845
Middle East & North Africa,Non-metallic minerals,buildings,1951,12.271767353900874
Middle East & North Africa,Non-metallic minerals,buildings,1952,12.420464408571616
Middle East & North Africa,Non-metallic minerals,buildings,1953,12.573336449898509
Middle East & North Africa,Non-metallic minerals,buildings,1954,12.730878848943654
Middle East & North Africa,Non-metallic minerals,buildings,1955,12.893593122028264
Middle East & North Africa,Non-metallic minerals,buildings,1956,13.061968629084006
Middle East & North Africa,Non-metallic minerals,buildings,1957,13.236463982715376
Middle East & North Africa,Non-metallic minerals,buildings,1958,13.417489319736974
Middle East & North Africa,Non-metallic minerals,buildings,1959,13.605390453263349
Middle East & North Africa,Non-metallic minerals,buildings,1960,13.800435877944896
Middle East & North Africa,Non-metallic minerals,buildings,1961,14.002807645605056
Middle East & North Africa,Non-metallic minerals,buildings,1962,14.212597160847364
Middle East & North Africa,Non-metallic minerals,buildings,1963,14.429806883282563
Middle East & North Africa,Non-metallic minerals,buildings,1964,14.654358735031161
Middle East & North Africa,Non-metallic minerals,buildings,1965,14.886109674560272
Middle East & North Africa,Non-metallic minerals,buildings,1966,15.12487438755836
Middle East & North Africa,Non-metallic minerals,buildings,1967,15.370454395420188
Middle East & North Africa,Non-metallic minerals,buildings,1968,15.622672203883864
Middle East & North Africa,Non-metallic minerals,buildings,1969,15.881408547665785
Middle East & North Africa,Non-metallic minerals,buildings,1970,16.14664044987884
Middle East & North Africa,Non-metallic minerals,buildings,1971,16.418477797954758
Middle East & North Africa,Non-metallic minerals,buildings,1972,16.69719646239873
Middle East & North Africa,Non-metallic minerals,buildings,1973,16.983266551956508
Middle East & North Africa,Non-metallic minerals,buildings,1974,17.277375025365256
Middle East & North Africa,Non-metallic minerals,buildings,1975,17.580442399182015
Middle East & North Africa,Non-metallic minerals,buildings,1976,17.893633641009277
Middle East & North Africa,Non-metallic minerals,buildings,1977,18.21836354844801
Middle East & North Africa,Non-metallic minerals,buildings,1978,18.55629704330602
Middle East & North Africa,Non-metallic minerals,buildings,1979,18.909344986485465
Middle East & North Africa,Non-metallic minerals,buildings,1980,19.279656543002368
Middle East & North Africa,Non-metallic minerals,buildings,1981,19.669609793040276
Middle East & North Africa,Non-metallic minerals,buildings,1982,20.081802834454642
Middle East & North Africa,Non-metallic minerals,buildings,1983,20.519047698628764
Middle East & North Africa,Non-metallic minerals,buildings,1984,20.984369016403893
Middle East & North Africa,Non-metallic minerals,buildings,1985,21.481008853017823
Middle East & North Africa,Non-metallic minerals,buildings,1986,22.012438831310014
Middle East & North Africa,Non-metallic minerals,buildings,1987,22.582380780940536
Middle East & North Africa,Non-metallic minerals,buildings,1988,23.194837883047793
Middle East & North Africa,Non-metallic minerals,buildings,1989,23.854139623694945
Middle East & North Africa,Non-metallic minerals,buildings,1990,24.565005050884235
Middle East & North Africa,Non-metallic minerals,buildings,1991,25.332628668807857
Middle East & North Africa,Non-metallic minerals,buildings,1992,26.162791394735027
Middle East & North Africa,Non-metallic minerals,buildings,1993,27.061995983620726
Middle East & North Africa,Non-metallic minerals,buildings,1994,28.037623327824047
Middle East & North Africa,Non-metallic minerals,buildings,1995,29.098104067507524
Middle East & North Africa,Non-metallic minerals,buildings,1996,30.253098738805065
Middle East & North Africa,Non-metallic minerals,buildings,1997,31.513677250136066
Middle East & North Africa,Non-metallic minerals,buildings,1998,32.89248253218143
Middle East & North Africa,Non-metallic minerals,buildings,1999,34.40385402965754
Middle East & North Africa,Non-metallic minerals,buildings,2000,36.06387853829211
Middle East & North Africa,Non-metallic minerals,buildings,2001,37.890333245032075
Middle East & North Africa,Non-metallic minerals,buildings,2002,39.902489860340175
Middle East & North Africa,Non-metallic minerals,buildings,2003,42.120759791519006
Middle East & North Africa,Non-metallic minerals,buildings,2004,44.566179632315894
Middle East & North Africa,Non-metallic minerals,buildings,2005,47.2597622941368
Middle East & North Africa,Non-metallic minerals,buildings,2006,50.22176576140083
Middle East & North Africa,Non-metallic minerals,buildings,2007,53.47095133510944
Middle East & North Africa,Non-metallic minerals,buildings,2008,57.023912017557585
Middle East & North Africa,Non-metallic minerals,buildings,2009,60.894548722336324
Middle East & North Africa,Non-metallic minerals,buildings,2010,65.09375698969808
Middle East & North Africa,Non-metallic minerals,buildings,2011,69.62935971496371
Middle East & North Africa,Non-metallic minerals,buildings,2012,74.50628581244167
Middle East & North Africa,Non-metallic minerals,buildings,2013,79.72695919156259
Middle East & North Africa,Non-metallic minerals,buildings,2014,85.29183653887623
Middle East & North Africa,Non-metallic minerals,buildings,2015,91.20002249249038
Middle East & North Africa,Non-metallic minerals,buildings,2016,97.44989634669813
Middle East & North Africa,Non-metallic minerals,civil_infrastructure,1900,0.06409682498932703
Middle East & North Africa,Non-metallic minerals,civil_infrastructure,1901,0.07220998249092718
Middle East & North Africa,Non-metallic minerals,civil_infrastructure,1902,0.0809124400794793
Middle East & North Africa,Non-metallic minerals,civil_infrastructure,1903,0.09023609134384698
Middle East & North Africa,Non-metallic minerals,civil_infrastructure,1904,0.10021029568754647
Middle East & North Africa,Non-metallic minerals,civil_infrastructure,1905,0.11086020849145588
Middle East & North Africa,Non-metallic minerals,civil_infrastructure,1906,0.12220552073838042
Middle East & North Africa,Non-metallic minerals,civil_infrastructure,1907,0.13425963050703507
Middle East & North Africa,Non-metallic minerals,civil_infrastructure,1908,0.14702927931699836
Middle East & North Africa,Non-metallic minerals,civil_infrastructure,1909,0.16051475282583608
Middle East & North Africa,Non-metallic minerals,civil_infrastructure,1910,0.17471042778256501
Middle East & North Africa,Non-metallic minerals,civil_infrastructure,1911,0.18960415074335432
Middle East & North Africa,Non-metallic minerals,civil_infrastructure,1912,0.20517294658450502
Middle East & North Africa,Non-metallic minerals,civil_infrastructure,1913,0.2213740346250805
Middle East & North Africa,Non-metallic minerals,civil_infrastructure,1914,0.23813346561262067
Middle East & North Africa,Non-metallic minerals,civil_infrastructure,1915,0.25533831295212867
Middle East & North Africa,Non-metallic minerals,civil_infrastructure,1916,0.2728404019021577
Middle East & North Africa,Non-metallic minerals,civil_infrastructure,1917,0.29047618576806344
Middle East & North Africa,Non-metallic minerals,civil_infrastructure,1918,0.3080985335961057
Middle East & North Africa,Non-metallic minerals,civil_infrastructure,1919,0.3256085242634684
Middle East & North Africa,Non-metallic minerals,civil_infrastructure,1920,0.34297490330746977
Middle East & North Africa,Non-metallic minerals,civil_infrastructure,1921,0.36023577814830776
Middle East & North Africa,Non-metallic minerals,civil_infrastructure,1922,0.3774867472651912
Middle East & North Africa,Non-metallic minerals,civil_infrastructure,1923,0.39486567206020057
Middle East & North Africa,Non-metallic minerals,civil_infrastructure,1924,0.41254299347660395
Middle East & North Africa,Non-metallic minerals,civil_infrastructure,1925,0.43071940327023794
Middle East & North Africa,Non-metallic minerals,civil_infrastructure,1926,0.44962418699581475
Middle East & North Africa,Non-metallic minerals,civil_infrastructure,1927,0.4695036284671286
Middle East & North Africa,Non-metallic minerals,civil_infrastructure,1928,0.49059629698457946
Middle East & North Africa,Non-metallic minerals,civil_infrastructure,1929,0.5131076821095066
Middle East & North Africa,Non-metallic minerals,civil_infrastructure,1930,0.537204708354302
Middle East & North Africa,Non-metallic minerals,civil_infrastructure,1931,0.5630413342759996
Middle East & North Africa,Non-metallic minerals,civil_infrastructure,1932,0.5908065245184752
Middle East & North Africa,Non-metallic minerals,civil_infrastructure,1933,0.6207690363326221
Middle East & North Africa,Non-metallic minerals,civil_infrastructure,1934,0.6532899877902725
Middle East & North Africa,Non-metallic minerals,civil_infrastructure,1935,0.6887885174111688
Middle East & North Africa,Non-metallic minerals,civil_infrastructure,1936,0.7276715956272739
Middle East & North Africa,Non-metallic minerals,civil_infrastructure,1937,0.7702572730664439
Middle East & North Africa,Non-metallic minerals,civil_infrastructure,1938,0.8167186581665389
Middle East & North Africa,Non-metallic minerals,civil_infrastructure,1939,0.8670625001109904
Middle East & North Africa,Non-metallic minerals,civil_infrastructure,1940,0.9211437347728367
Middle East & North Africa,Non-metallic minerals,civil_infrastructure,1941,0.9787077474153446
Middle East & North Africa,Non-metallic minerals,civil_infrastructure,1942,1.0394475612412573
Middle East & North Africa,Non-metallic minerals,civil_infrastructure,1943,1.1030657311674368
Middle East & North Africa,Non-metallic minerals,civil_infrastructure,1944,1.1693351010338222
Middle East & North Africa,Non-metallic minerals,civil_infrastructure,1945,1.238153734204257
Middle East & North Africa,Non-metallic minerals,civil_infrastructure,1946,1.3095857353742326
Middle East & North Africa,Non-metallic minerals,civil_infrastructure,1947,1.3838655877968915
Middle East & North Africa,Non-metallic minerals,civil_infrastructure,1948,1.461325972584492
Middle East & North Africa,Non-metallic minerals,civil_infrastructure,1949,1.5422216331727552
Middle East & North Africa,Non-metallic minerals,civil_infrastructure,1950,1.6264888511169833
Middle East & North Africa,Non-metallic minerals,civil_infrastructure,1951,1.7135687873389311
Middle East & North Africa,Non-metallic minerals,civil_infrastructure,1952,1.802447328145746
Middle East & North Africa,Non-metallic minerals,civil_infrastructure,1953,1.891971347529788
Middle East & North Africa,Non-metallic minerals,civil_infrastructure,1954,1.9813405995524627
Middle East & North Africa,Non-metallic minerals,civil_infrastructure,1955,2.0705580456545984
Middle East & North Africa,Non-metallic minerals,civil_infrastructure,1956,2.1606402315656874
Middle East & North Africa,Non-metallic minerals,civil_infrastructure,1957,2.2535437748768
Middle East & North Africa,Non-metallic minerals,civil_infrastructure,1958,2.351959500897274
Middle East & North Africa,Non-metallic minerals,civil_infrastructure,1959,2.4591883716893754
Middle East & North Africa,Non-metallic minerals,civil_infrastructure,1960,2.579081884733535
Middle East & North Africa,Non-metallic minerals,civil_infrastructure,1961,2.7157293613485427
Middle East & North Africa,Non-metallic minerals,civil_infrastructure,1962,2.8727235377238567
Middle East & North Africa,Non-metallic minerals,civil_infrastructure,1963,3.05240572670889
Middle East & North Africa,Non-metallic minerals,civil_infrastructure,1964,3.255865515252227
Middle East & North Africa,Non-metallic minerals,civil_infrastructure,1965,3.484206187362055
Middle East & North Africa,Non-metallic minerals,civil_infrastructure,1966,3.7407370562459836
Middle East & North Africa,Non-metallic minerals,civil_infrastructure,1967,4.032941528448495
Middle East & North Africa,Non-metallic minerals,civil_infrastructure,1968,4.3730561437669335
Middle East & North Africa,Non-metallic minerals,civil_infrastructure,1969,4.77681634009929
Middle East & North Africa,Non-metallic minerals,civil_infrastructure,1970,5.260641745295854
Middle East & North Africa,Non-metallic minerals,civil_infrastructure,1971,5.837869953839835
Middle East & North Africa,Non-metallic minerals,civil_infrastructure,1972,6.514912934905945
Middle East & North Africa,Non-metallic minerals,civil_infrastructure,1973,7.288627063178328
Middle East & North Africa,Non-metallic minerals,civil_infrastructure,1974,8.146154137430175
Middle East & North Africa,Non-metallic minerals,civil_infrastructure,1975,9.067480431221457
Middle East & North Africa,Non-metallic minerals,civil_infrastructure,1976,10.029594258323133
Middle East & North Africa,Non-metallic minerals,civil_infrastructure,1977,11.010490113649197
Middle East & North Africa,Non-metallic minerals,civil_infrastructure,1978,11.991790061000057
Middle East & North Africa,Non-metallic minerals,civil_infrastructure,1979,12.959840349147438
Middle East & North Africa,Non-metallic minerals,civil_infrastructure,1980,13.905899984950622
Middle East & North Africa,Non-metallic minerals,civil_infrastructure,1981,14.82625741782762
Middle East & North Africa,Non-metallic minerals,civil_infrastructure,1982,15.723095216731544
Middle East & North Africa,Non-metallic minerals,civil_infrastructure,1983,16.606581265657066
Middle East & North Africa,Non-metallic minerals,civil_infrastructure,1984,17.497637576914514
Middle East & North Africa,Non-metallic minerals,civil_infrastructure,1985,18.429528954350566
Middle East & North Africa,Non-metallic minerals,civil_infrastructure,1986,19.44604395735315
Middle East & North Africa,Non-metallic minerals,civil_infrastructure,1987,20.595425663469793
Middle East & North Africa,Non-metallic minerals,civil_infrastructure,1988,21.921812577133622
Middle East & North Africa,Non-metallic minerals,civil_infrastructure,1989,23.458034042171583
Middle East & North Africa,Non-metallic minerals,civil_infrastructure,1990,25.22324738550769
Middle East & North Africa,Non-metallic minerals,civil_infrastructure,1991,27.22599018019883
Middle East & North Africa,Non-metallic minerals,civil_infrastructure,1992,29.46990161156949
Middle East & North Africa,Non-metallic minerals,civil_infrastructure,1993,31.957468511834097
Middle East & North Africa,Non-metallic minerals,civil_infrastructure,1994,34.68766333511997
Middle East & North Africa,Non-metallic minerals,civil_infrastructure,1995,37.64707781138824
Middle East & North Africa,Non-metallic minerals,civil_infrastructure,1996,40.79953799095313
Middle East & North Africa,Non-metallic minerals,civil_infrastructure,1997,44.08181807150167
Middle East & North Africa,Non-metallic minerals,civil_infrastructure,1998,47.40985883890898
Middle East & North Africa,Non-metallic minerals,civil_infrastructure,1999,50.693336733980594
Middle East & North Africa,Non-metallic minerals,civil_infrastructure,2000,53.8527684160413
Middle East & North Africa,Non-metallic minerals,civil_infrastructure,2001,56.83512200872035
Middle East & North Africa,Non-metallic minerals,civil_infrastructure,2002,59.62663157598956
Middle East & North Africa,Non-metallic minerals,civil_infrastructure,2003,62.2598815440822
Middle East & North Africa,Non-metallic minerals,civil_infrastructure,2004,64.80887582534017
Middle East & North Africa,Non-metallic minerals,civil_infrastructure,2005,67.36883698339619
Middle East & North Africa,Non-metallic minerals,civil_infrastructure,2006,70.02726031817035
Middle East & North Africa,Non-metallic minerals,civil_infrastructure,2007,72.83935057708929
Middle East & North Africa,Non-metallic minerals,civil_infrastructure,2008,75.81784339103649
Middle East & North Africa,Non-metallic minerals,civil_infrastructure,2009,78.9387588046363
Middle East & North Africa,Non-metallic minerals,civil_infrastructure,2010,82.15796981885667
Middle East & North Africa,Non-metallic minerals,civil_infrastructure,2011,85.4305117393946
Middle East & North Africa,Non-metallic minerals,civil_infrastructure,2012,88.72524072832628
Middle East & North Africa,Non-metallic minerals,civil_infrastructure,2013,92.03249062463931
Middle East & North Africa,Non-metallic minerals,civil_infrastructure,2014,95.36859572355189
Middle East & North Africa,Non-metallic minerals,civil_infrastructure,2015,98.7816449788847
Middle East & North Africa,Non-metallic minerals,civil_infrastructure,2016,102.3561947883091
Middle East & North Africa,Non-metallic minerals,machinery,1900,0.0011944500078442633
Middle East & North Africa,Non-metallic minerals,machinery,1901,0.0012035232085121892
Middle East & North Africa,Non-metallic minerals,machinery,1902,0.0012125446224862835
Middle East & North Africa,Non-metallic minerals,machinery,1903,0.001221438834864054
Middle East & North Africa,Non-metallic minerals,machinery,1904,0.0012301584299508402
Middle East & North Africa,Non-metallic minerals,machinery,1905,0.0012386946494049329
Middle East & North Africa,Non-metallic minerals,machinery,1906,0.0012471924245225695
Middle East & North Africa,Non-metallic minerals,machinery,1907,0.0012569270831276694
Middle East & North Africa,Non-metallic minerals,machinery,1908,0.00127325920282064
Middle East & North Africa,Non-metallic minerals,machinery,1909,0.0013083411098987504
Middle East & North Africa,Non-metallic minerals,machinery,1910,0.001378122582387492
Middle East & North Africa,Non-metallic minerals,machinery,1911,0.001493667238050351
Middle East & North Africa,Non-metallic minerals,machinery,1912,0.0016541169286880713
Middle East & North Africa,Non-metallic minerals,machinery,1913,0.0018469204760346513
Middle East & North Africa,Non-metallic minerals,machinery,1914,0.0020539102091571616
Middle East & North Africa,Non-metallic minerals,machinery,1915,0.0022581774128509918
Middle East & North Africa,Non-metallic minerals,machinery,1916,0.00244814599965258
Middle East & North Africa,Non-metallic minerals,machinery,1917,0.002618381841020441
Middle East & North Africa,Non-metallic minerals,machinery,1918,0.0027685178939571967
Middle East & North Africa,Non-metallic minerals,machinery,1919,0.0029016371955668044
Middle East & North Africa,Non-metallic minerals,machinery,1920,0.0030226859153079672
Middle East & North Africa,Non-metallic minerals,machinery,1921,0.003136987306995936
Middle East & North Africa,Non-metallic minerals,machinery,1922,0.0032487625473556327
Middle East & North Africa,Non-metallic minerals,machinery,1923,0.0033598837406462303
Middle East & North Africa,Non-metallic minerals,machinery,1924,0.0034696854597065997
Middle East & North Africa,Non-metallic minerals,machinery,1925,0.0035761859514474937
Middle East & North Africa,Non-metallic minerals,machinery,1926,0.003677699277648273
Middle East & North Africa,Non-metallic minerals,machinery,1927,0.003773724176992314
Middle East & North Africa,Non-metallic minerals,machinery,1928,0.003865026183307017
Middle East & North Africa,Non-metallic minerals,machinery,1929,0.003953191242387968
Middle East & North Africa,Non-metallic minerals,machinery,1930,0.0040399928503400025
Middle East & North Africa,Non-metallic minerals,machinery,1931,0.004127148420553935
Middle East & North Africa,Non-metallic minerals,machinery,1932,0.004216579935416294
Middle East & North Africa,Non-metallic minerals,machinery,1933,0.004310621915032013
Middle East & North Africa,Non-metallic minerals,machinery,1934,0.004411714580596451
Middle East & North Africa,Non-metallic minerals,machinery,1935,0.0045217248135633985
Middle East & North Africa,Non-metallic minerals,machinery,1936,0.004641392996927008
Middle East & North Africa,Non-metallic minerals,machinery,1937,0.00477014650629416
Middle East & North Africa,Non-metallic minerals,machinery,1938,0.004906012373433807
Middle East & North Africa,Non-metallic minerals,machinery,1939,0.005045357721315007
Middle East & North Africa,Non-metallic minerals,machinery,1940,0.005182850687745241
Middle East & North Africa,Non-metallic minerals,machinery,1941,0.00531242227498176
Middle East & North Africa,Non-metallic minerals,machinery,1942,0.005429305114589097
Middle East & North Africa,Non-metallic minerals,machinery,1943,0.005532041346066222
Middle East & North Africa,Non-metallic minerals,machinery,1944,0.005623119653874327
Middle East & North Africa,Non-metallic minerals,machinery,1945,0.00570791920925541
Middle East & North Africa,Non-metallic minerals,machinery,1946,0.005792646429516997
Middle East & North Africa,Non-metallic minerals,machinery,1947,0.0058822539615626165
Middle East & North Africa,Non-metallic minerals,machinery,1948,0.005979205941184597
Middle East & North Africa,Non-metallic minerals,machinery,1949,0.006083436669739082
Middle East & North Africa,Non-metallic minerals,machinery,1950,0.006193221200621285
Middle East & North Africa,Non-metallic minerals,machinery,1951,0.006306339082881301
Middle East & North Africa,Non-metallic minerals,machinery,1952,0.006420960365600856
Middle East & North Africa,Non-metallic minerals,machinery,1953,0.006536048264253503
Middle East & North Africa,Non-metallic minerals,machinery,1954,0.00665165448075402
Middle East & North Africa,Non-metallic minerals,machinery,1955,0.006769787916156846
Middle East & North Africa,Non-metallic minerals,machinery,1956,0.006895264355006665
Middle East & North Africa,Non-metallic minerals,machinery,1957,0.0070345775041718815
Middle East & North Africa,Non-metallic minerals,machinery,1958,0.007192894509158421
Middle East & North Africa,Non-metallic minerals,machinery,1959,0.007372303618899997
Middle East & North Africa,Non-metallic minerals,machinery,1960,0.007573343406876953
Middle East & North Africa,Non-metallic minerals,machinery,1961,0.00779801891490611
Middle East & North Africa,Non-metallic minerals,machinery,1962,0.008051279103175268
Middle East & North Africa,Non-metallic minerals,machinery,1963,0.00834007753616099
Middle East & North Africa,Non-metallic minerals,machinery,1964,0.008671240228341318
Middle East & North Africa,Non-metallic minerals,machinery,1965,0.009049544783646895
Middle East & North Africa,Non-metallic minerals,machinery,1966,0.009476636054033231
Middle East & North Africa,Non-metallic minerals,machinery,1967,0.009951141217038618
Middle East & North Africa,Non-metallic minerals,machinery,1968,0.010470235845098333
Middle East & North Africa,Non-metallic minerals,machinery,1969,0.011031760976597828
Middle East & North Africa,Non-metallic minerals,machinery,1970,0.011635573321284462
Middle East & North Africa,Non-metallic minerals,machinery,1971,0.012283713885280913
Middle East & North Africa,Non-metallic minerals,machinery,1972,0.012977854776117249
Middle East & North Africa,Non-metallic minerals,machinery,1973,0.013713923978409788
Middle East & North Africa,Non-metallic minerals,machinery,1974,0.014479621065485273
Middle East & North Africa,Non-metallic minerals,machinery,1975,0.015258569892091447
Middle East & North Africa,Non-metallic minerals,machinery,1976,0.01603859069264261
Middle East & North Africa,Non-metallic minerals,machinery,1977,0.016820401476403343
Middle East & North Africa,Non-metallic minerals,machinery,1978,0.017621994145338927
Middle East & North Africa,Non-metallic minerals,machinery,1979,0.018475353839836905
Middle East & North Africa,Non-metallic minerals,machinery,1980,0.019419096656673407
Middle East & North Africa,Non-metallic minerals,machinery,1981,0.020492903971101196
Middle East & North Africa,Non-metallic minerals,machinery,1982,0.021735223847958122
Middle East & North Africa,Non-metallic minerals,machinery,1983,0.023181094680905654
Middle East & North Africa,Non-metallic minerals,machinery,1984,0.024853292318624418
Middle East & North Africa,Non-metallic minerals,machinery,1985,0.02674779322312537
Middle East & North Africa,Non-metallic minerals,machinery,1986,0.028830518554671527
Middle East & North Africa,Non-metallic minerals,machinery,1987,0.031056320314302038
Middle East & North Africa,Non-metallic minerals,machinery,1988,0.03339827276114619
Middle East & North Africa,Non-metallic minerals,machinery,1989,0.035870466686355046
Middle East & North Africa,Non-metallic minerals,machinery,1990,0.038528911949656915
Middle East & North Africa,Non-metallic minerals,machinery,1991,0.04143226592556256
Middle East & North Africa,Non-metallic minerals,machinery,1992,0.04458099445327576
Middle East & North Africa,Non-metallic minerals,machinery,1993,0.04788976872925153
Middle East & North Africa,Non-metallic minerals,machinery,1994,0.05121501284759719
Middle East & North Africa,Non-metallic minerals,machinery,1995,0.05441131639289143
Middle East & North Africa,Non-metallic minerals,machinery,1996,0.0573849097660165
Middle East & North Africa,Non-metallic minerals,machinery,1997,0.06014525259258396
Middle East & North Africa,Non-metallic minerals,machinery,1998,0.06288028892638259
Middle East & North Africa,Non-metallic minerals,machinery,1999,0.065968722363973
Middle East & North Africa,Non-metallic minerals,machinery,2000,0.06970993919771673
Middle East & North Africa,Non-metallic minerals,machinery,2001,0.07386853453959169
Middle East & North Africa,Non-metallic minerals,machinery,2002,0.07756663864276804
Middle East & North Africa,Non-metallic minerals,machinery,2003,0.07971735111019959
Middle East & North Africa,Non-metallic minerals,machinery,2004,0.07957149732254681
Middle East & North Africa,Non-metallic minerals,machinery,2005,0.07699412100715326
Middle East & North Africa,Non-metallic minerals,machinery,2006,0.07245414081866086
Middle East & North Africa,Non-metallic minerals,machinery,2007,0.0668396810174436
Middle East & North Africa,Non-metallic minerals,machinery,2008,0.06118843063597435
Middle East & North Africa,Non-metallic minerals,machinery,2009,0.056412780926343234
Middle East & North Africa,Non-metallic minerals,machinery,2010,0.05309474631088699
Middle East & North Africa,Non-metallic minerals,machinery,2011,0.05142613344574295
Middle East & North Africa,Non-metallic minerals,machinery,2012,0.051301088368652485
Middle East & North Africa,Non-metallic minerals,machinery,2013,0.052432062694177474
Middle East & North Africa,Non-metallic minerals,machinery,2014,0.05440279701893922
Middle East & North Africa,Non-metallic minerals,machinery,2015,0.056722214160320396
Middle East & North Africa,Non-metallic minerals,machinery,2016,0.05894167517038791
Middle East & North Africa,Non-metallic minerals,short_lived,1900,0.241658689427486
Middle East & North Africa,Non-metallic minerals,short_lived,1901,0.24454928426333963
Middle East & North Africa,Non-metallic minerals,short_lived,1902,0.2493812081368282
Middle East & North Africa,Non-metallic minerals,short_lived,1903,0.25433051523815986
Middle East & North Africa,Non-metallic minerals,short_lived,1904,0.2592784386378963
Middle East & North Africa,Non-metallic minerals,short_lived,1905,0.2642099455916978
Middle East & North Africa,Non-metallic minerals,short_lived,1906,0.26931853230666747
Middle East & North Africa,Non-metallic minerals,short_lived,1907,0.27441099889323983
Middle East & North Africa,Non-metallic minerals,short_lived,1908,0.27943405068070065
Middle East & North Africa,Non-metallic minerals,short_lived,1909,0.2843205289836523
Middle East & North Africa,Non-metallic minerals,short_lived,1910,0.28946682164131393
Middle East & North Africa,Non-metallic minerals,short_lived,1911,0.29478108673201076
Middle East & North Africa,Non-metallic minerals,short_lived,1912,0.29994581850567015
Middle East & North Africa,Non-metallic minerals,short_lived,1913,0.30533550507943413
Middle East & North Africa,Non-metallic minerals,short_lived,1914,0.31066535255173516
Middle East & North Africa,Non-metallic minerals,short_lived,1915,0.31815808606267487
Middle East & North Africa,Non-metallic minerals,short_lived,1916,0.32551854717388323
Middle East & North Africa,Non-metallic minerals,short_lived,1917,0.33407629509668235
Middle East & North Africa,Non-metallic minerals,short_lived,1918,0.34207235298075545
Middle East & North Africa,Non-metallic minerals,short_lived,1919,0.3498523807512448
Middle East & North Africa,Non-metallic minerals,short_lived,1920,0.35820884485897686
Middle East & North Africa,Non-metallic minerals,short_lived,1921,0.36705035255376867
Middle East & North Africa,Non-metallic minerals,short_lived,1922,0.3755322424122341
Middle East & North Africa,Non-metallic minerals,short_lived,1923,0.38516656927065873
Middle East & North Africa,Non-metallic minerals,short_lived,1924,0.39464345537044393
Middle East & North Africa,Non-metallic minerals,short_lived,1925,0.4043986080467832
Middle East & North Africa,Non-metallic minerals,short_lived,1926,0.41416590203240117
Middle East & North Africa,Non-metallic minerals,short_lived,1927,0.4237721897909644
Middle East & North Africa,Non-metallic minerals,short_lived,1928,0.43364074119800816
Middle East & North Africa,Non-metallic minerals,short_lived,1929,0.443503633899217
Middle East & North Africa,Non-metallic minerals,short_lived,1930,0.4534281715654099
Middle East & North Africa,Non-metallic minerals,short_lived,1931,0.462687084025846
Middle East & North Africa,Non-metallic minerals,short_lived,1932,0.4713767775136943
Middle East & North Africa,Non-metallic minerals,short_lived,1933,0.48010773431739057
Middle East & North Africa,Non-metallic minerals,short_lived,1934,0.4894762559565765
Middle East & North Africa,Non-metallic minerals,short_lived,1935,0.4994060129213603
Middle East & North Africa,Non-metallic minerals,short_lived,1936,0.5093454458826425
Middle East & North Africa,Non-metallic minerals,short_lived,1937,0.5193703751477702
Middle East & North Africa,Non-metallic minerals,short_lived,1938,0.529796634004897
Middle East & North Africa,Non-metallic minerals,short_lived,1939,0.5394208436760916
Middle East & North Africa,Non-metallic minerals,short_lived,1940,0.5497044147680826
Middle East & North Africa,Non-metallic minerals,short_lived,1941,0.5582416234084864
Middle East & North Africa,Non-metallic minerals,short_lived,1942,0.5690319809247729
Middle East & North Africa,Non-metallic minerals,short_lived,1943,0.5800957061307971
Middle East & North Africa,Non-metallic minerals,short_lived,1944,0.5912237009060607
Middle East & North Africa,Non-metallic minerals,short_lived,1945,0.6024154363410187
Middle East & North Africa,Non-metallic minerals,short_lived,1946,0.6135939272570388
Middle East & North Africa,Non-metallic minerals,short_lived,1947,0.6238120514828525
Middle East & North Africa,Non-metallic minerals,short_lived,1948,0.6475688377366301
Middle East & North Africa,Non-metallic minerals,short_lived,1949,0.6598222763007022
Middle East & North Africa,Non-metallic minerals,short_lived,1950,0.6719595462915665
Middle East & North Africa,Non-metallic minerals,short_lived,1951,0.6844577630146065
Middle East & North Africa,Non-metallic minerals,short_lived,1952,0.7161989712407429
Middle East & North Africa,Non-metallic minerals,short_lived,1953,0.7479931127455859
Middle East & North Africa,Non-metallic minerals,short_lived,1954,0.7806765904260959
Middle East & North Africa,Non-metallic minerals,short_lived,1955,0.8129851463826787
Middle East & North Africa,Non-metallic minerals,short_lived,1956,0.8473097865163075
Middle East & North Africa,Non-metallic minerals,short_lived,1957,0.882440624700329
Middle East & North Africa,Non-metallic minerals,short_lived,1958,0.9198641538582366
Middle East & North Africa,Non-metallic minerals,short_lived,1959,0.9570021098030298
Middle East & North Africa,Non-metallic minerals,short_lived,1960,0.9955422145307613
Middle East & North Africa,Non-metallic minerals,short_lived,1961,1.0317070452857164
Middle East & North Africa,Non-metallic minerals,short_lived,1962,1.0688931962404244
Middle East & North Africa,Non-metallic minerals,short_lived,1963,1.108718622148249
Middle East & North Africa,Non-metallic minerals,short_lived,1964,1.1597867533266366
Middle East & North Africa,Non-metallic minerals,short_lived,1965,1.2078347276511057
Middle East & North Africa,Non-metallic minerals,short_lived,1966,1.2638482711523336
Middle East & North Africa,Non-metallic minerals,short_lived,1967,1.3181639799839313
Middle East & North Africa,Non-metallic minerals,short_lived,1968,1.3740265483541783
Middle East & North Africa,Non-metallic minerals,short_lived,1969,1.4358959689541624
Middle East & North Africa,Non-metallic minerals,short_lived,1970,1.4995245470035838
Middle East & North Africa,Non-metallic minerals,short_lived,1971,1.5578115998292192
Middle East & North Africa,Non-metallic minerals,short_lived,1972,1.6236215085522883
Middle East & North Africa,Non-metallic minerals,short_lived,1973,1.692241014410604
Middle East & North Africa,Non-metallic minerals,short_lived,1974,1.7822849148657054
Middle East & North Africa,Non-metallic minerals,short_lived,1975,1.8610758284013842
Middle East & North Africa,Non-metallic minerals,short_lived,1976,1.9272546065358016
Middle East & North Africa,Non-metallic minerals,short_lived,1977,2.0170080013915848
Middle East & North Africa,Non-metallic minerals,short_lived,1978,2.0951948312987687
Middle East & North Africa,Non-metallic minerals,short_lived,1979,2.1609888469140657
Middle East & North Africa,Non-metallic minerals,short_lived,1980,2.2346398460950585
Middle East & North Africa,Non-metallic minerals,short_lived,1981,2.347616554321151
Middle East & North Africa,Non-metallic minerals,short_lived,1982,2.353552649378314
Middle East & North Africa,Non-metallic minerals,short_lived,1983,2.436934302758175
Middle East & North Africa,Non-metallic minerals,short_lived,1984,2.477243680140774
Middle East & North Africa,Non-metallic minerals,short_lived,1985,2.5733613652859733
Middle East & North Africa,Non-metallic minerals,short_lived,1986,2.5925311479847846
Middle East & North Africa,Non-metallic minerals,short_lived,1987,2.547871821677117
Middle East & North Africa,Non-metallic minerals,short_lived,1988,2.5952733856662245
Middle East & North Africa,Non-metallic minerals,short_lived,1989,2.6236837917898117
Middle East & North Africa,Non-metallic minerals,short_lived,1990,2.6554997451839917
Middle East & North Africa,Non-metallic minerals,short_lived,1991,2.7557326360365733
Middle East & North Africa,Non-metallic minerals,short_lived,1992,2.8055391647015453
Middle East & North Africa,Non-metallic minerals,short_lived,1993,2.822988831906268
Middle East & North Africa,Non-metallic minerals,short_lived,1994,2.940545826057822
Middle East & North Africa,Non-metallic minerals,short_lived,1995,2.938722213414703
Middle East & North Africa,Non-metallic minerals,short_lived,1996,3.016365099209072
Middle East & North Africa,Non-metallic minerals,short_lived,1997,3.055711530568527
Middle East & North Africa,Non-metallic minerals,short_lived,1998,3.0373025983388793
Middle East & North Africa,Non-metallic minerals,short_lived,1999,3.0641698858951756
Middle East & North Africa,Non-metallic minerals,short_lived,2000,3.0562253871052376
Middle East & North Africa,Non-metallic minerals,short_lived,2001,3.1354793180992435
Middle East & North Africa,Non-metallic minerals,short_lived,2002,3.2006496183355493
Middle East & North Africa,Non-metallic minerals,short_lived,2003,3.2317307758133413
Middle East & North Africa,Non-metallic minerals,short_lived,2004,3.3839841301614353
Middle East & North Africa,Non-metallic minerals,short_lived,2005,3.441893221309012
Middle East & North Africa,Non-metallic minerals,short_lived,2006,3.5193587594074125
Middle East & North Africa,Non-metallic minerals,short_lived,2007,3.6597365060139113
Middle East & North Africa,Non-metallic minerals,short_lived,2008,3.6981020816019665
Middle East & North Africa,Non-metallic minerals,short_lived,2009,3.7658774610007923
Middle East & North Africa,Non-metallic minerals,short_lived,2010,3.9360814005477422
Middle East & North Africa,Non-metallic minerals,short_lived,2011,3.97707002800478
Middle East & North Africa,Non-metallic minerals,short_lived,2012,4.061867718207601
Middle East & North Africa,Non-metallic minerals,short_lived,2013,4.0906371537846935
Middle East & North Africa,Non-metallic minerals,short_lived,2014,4.138981942205099
Middle East & North Africa,Non-metallic minerals,short_lived,2015,4.298863633778851
Middle East & North Africa,Non-metallic minerals,short_lived,2016,4.43443879325097
North America,Metal ores,buildings,1900,0.08171990576694652
North America,Metal ores,buildings,1901,0.08679802110488918
North America,Metal ores,buildings,1902,0.09221719397335239
North America,Metal ores,buildings,1903,0.0980056328332229
North America,Metal ores,buildings,1904,0.10419457201763806
North America,Metal ores,buildings,1905,0.11081877024155945
North America,Metal ores,buildings,1906,0.11791695669804518
North America,Metal ores,buildings,1907,0.12553214082497058
North America,Metal ores,buildings,1908,0.13371168620966153
North America,Metal ores,buildings,1909,0.14250706691675466
North America,Metal ores,buildings,1910,0.15197328155917486
North America,Metal ores,buildings,1911,0.16216798888285006
North America,Metal ores,buildings,1912,0.1731505297910351
North America,Metal ores,buildings,1913,0.18498108946774589
North America,Metal ores,buildings,1914,0.1977203023310837
North America,Metal ores,buildings,1915,0.21142958903233472
North America,Metal ores,buildings,1916,0.22617243095130724
North America,Metal ores,buildings,1917,0.24201664976159915
North America,Metal ores,buildings,1918,0.2590376010549192
North America,Metal ores,buildings,1919,0.2773220423686485
North America,Metal ores,buildings,1920,0.29697231288383064
North America,Metal ores,buildings,1921,0.31811037368169626
North America,Metal ores,buildings,1922,0.34088122034991986
North America,Metal ores,buildings,1923,0.36545521582823864
North America,Metal ores,buildings,1924,0.39202900951241243
North America,Metal ores,buildings,1925,0.4208248887121248
North America,Metal ores,buildings,1926,0.4520886077594638
North America,Metal ores,buildings,1927,0.4860859201808841
North America,Metal ores,buildings,1928,0.5230981869723287
North America,Metal ores,buildings,1929,0.5634175476403188
North America,Metal ores,buildings,1930,0.6073421982784907
North America,Metal ores,buildings,1931,0.6551722700368603
North America,Metal ores,buildings,1932,0.7072065930909773
North America,Metal ores,buildings,1933,0.7637402776821549
North America,Metal ores,buildings,1934,0.8250626506883884
North America,Metal ores,buildings,1935,0.8914548216021232
North America,Metal ores,buildings,1936,0.963186158561874
North America,Metal ores,buildings,1937,1.040509266195461
North America,Metal ores,buildings,1938,1.123653573513935
North America,Metal ores,buildings,1939,1.2128181802606874
North America,Metal ores,buildings,1940,1.3081649892675953
North America,Metal ores,buildings,1941,1.4098132414892526
North America,Metal ores,buildings,1942,1.5178363166140123
North America,Metal ores,buildings,1943,1.632261095995857
North America,Metal ores,buildings,1944,1.7530694362170032
North America,Metal ores,buildings,1945,1.8802006027303924
North America,Metal ores,buildings,1946,2.013553141649049
North America,Metal ores,buildings,1947,2.152984831842489
North America,Metal ores,buildings,1948,2.2983100780911205
North America,Metal ores,buildings,1949,2.4492951655198936
North America,Metal ores,buildings,1950,2.6056528289193985
North America,Metal ores,buildings,1951,2.7670382502022313
North America,Metal ores,buildings,1952,2.9330487123922406
North America,Metal ores,buildings,1953,3.1032287529198905
North America,Metal ores,buildings,1954,3.277081941870974
North America,Metal ores,buildings,1955,3.4540895314804216
North America,Metal ores,buildings,1956,3.6337352838209807
North America,Metal ores,buildings,1957,3.8155348401837097
North America,Metal ores,buildings,1958,3.999067126953706
North America,Metal ores,buildings,1959,4.184004647284798
North America,Metal ores,buildings,1960,4.3701392754283725
North America,Metal ores,buildings,1961,4.55740049335899
North America,Metal ores,buildings,1962,4.7458638962959006
North America,Metal ores,buildings,1963,4.935749091623418
North America,Metal ores,buildings,1964,5.127407548180572
North America,Metal ores,buildings,1965,5.321302208705589
North America,Metal ores,buildings,1966,5.5179815142363715
North America,Metal ores,buildings,1967,5.718050801488408
North America,Metal ores,buildings,1968,5.922143858221671
North America,Metal ores,buildings,1969,6.130896871917349
North America,Metal ores,buildings,1970,6.344926218057946
North America,Metal ores,buildings,1971,6.5648106497313385
North America,Metal ores,buildings,1972,6.791077637817102
North America,Metal ores,buildings,1973,7.024193046995957
North America,Metal ores,buildings,1974,7.264553148786482
North America,Metal ores,buildings,1975,7.512478202758469
North America,Metal ores,buildings,1976,7.768207396957284
North America,Metal ores,buildings,1977,8.03189563954558
North America,Metal ores,buildings,1978,8.30361328508837
North America,Metal ores,buildings,1979,8.583350123222187
North America,Metal ores,buildings,1980,8.871024718350998
North America,Metal ores,buildings,1981,9.166499487292516
North America,Metal ores,buildings,1982,9.46960090824888
North America,Metal ores,buildings,1983,9.78014323327021
North America,Metal ores,buildings,1984,10.097953305893324
North America,Metal ores,buildings,1985,10.42289376810445
North America,Metal ores,buildings,1986,10.754882124097726
North America,Metal ores,buildings,1987,11.093903695048407
North America,Metal ores,buildings,1988,11.440017251187104
North America,Metal ores,buildings,1989,11.793352884781491
North America,Metal ores,buildings,1990,12.154102418344067
North America,Metal ores,buildings,1991,12.52250329427644
North America,Metal ores,buildings,1992,12.898817399605656
North America,Metal ores,buildings,1993,13.283306537493011
North America,Metal ores,buildings,1994,13.676206199250583
North America,Metal ores,buildings,1995,14.077698980251945
North America,Metal ores,buildings,1996,14.487888621061858
North America,Metal ores,buildings,1997,14.906775469358458
North America,Metal ores,buildings,1998,15.334234258651179
North America,Metal ores,buildings,1999,15.769995412373937
North America,Metal ores,buildings,2000,16.213631395639602
North America,Metal ores,buildings,2001,16.66454970986068
North America,Metal ores,buildings,2002,17.121993793843664
North America,Metal ores,buildings,2003,17.585052360855354
North America,Metal ores,buildings,2004,18.052676764200296
North America,Metal ores,buildings,2005,18.52370517166619
North America,Metal ores,buildings,2006,18.996891937701406
North America,Metal ores,buildings,2007,19.47094069681307
North America,Metal ores,buildings,2008,19.944540219847884
North America,Metal ores,buildings,2009,20.41640266168243
North America,Metal ores,buildings,2010,20.8853041508721
North America,Metal ores,buildings,2011,21.35012751372742
North America,Metal ores,buildings,2012,21.80990624912923
North America,Metal ores,buildings,2013,22.263867805396
North America,Metal ores,buildings,2014,22.711473022641854
North America,Metal ores,buildings,2015,23.152447661151754
North America,Metal ores,buildings,2016,23.586801631862958
North America,Metal ores,civil_infrastructure,1900,0.0014149263628196013
North America,Metal ores,civil_infrastructure,1901,0.0015917463496156509
North America,Metal ores,civil_infrastructure,1902,0.0017855824614042598
North America,Metal ores,civil_infrastructure,1903,0.0019975302915757422
North America,Metal ores,civil_infrastructure,1904,0.002228711510570511
North America,Metal ores,civil_infrastructure,1905,0.0024802727770527034
North America,Metal ores,civil_infrastructure,1906,0.0027533851535420087
North America,Metal ores,civil_infrastructure,1907,0.0030492441559654914
North America,Metal ores,civil_infrastructure,1908,0.003369070561407088
North America,Metal ores,civil_infrastructure,1909,0.003714112090117121
North America,Metal ores,civil_infrastructure,1910,0.004085646067208186
North America,Metal ores,civil_infrastructure,1911,0.004484983157784662
North America,Metal ores,civil_infrastructure,1912,0.004913472257498446
North America,Metal ores,civil_infrastructure,1913,0.005372506609784149
North America,Metal ores,civil_infrastructure,1914,0.005863531212178352
North America,Metal ores,civil_infrastructure,1915,0.00638805156763214
North America,Metal ores,civil_infrastructure,1916,0.006947643832642955
North America,Metal ores,civil_infrastructure,1917,0.007543966412057148
North America,Metal ores,civil_infrastructure,1918,0.00817877304951607
North America,Metal ores,civil_infrastructure,1919,0.008853927461566203
North America,Metal ores,civil_infrastructure,1920,0.00957141956089658
North America,Metal ores,civil_infrastructure,1921,0.01033338330883332
North America,Metal ores,civil_infrastructure,1922,0.011142116228094757
North America,Metal ores,civil_infrastructure,1923,0.012000100594057041
North America,Metal ores,civil_infrastructure,1924,0.0129100263076369
North America,Metal ores,civil_infrastructure,1925,0.01387481543752181
North America,Metal ores,civil_infrastructure,1926,0.014897648407832116
North America,Metal ores,civil_infrastructure,1927,0.015981991803626056
North America,Metal ores,civil_infrastructure,1928,0.0171316277758095
North America,Metal ores,civil_infrastructure,1929,0.018350685053537274
North America,Metal ores,civil_infrastructure,1930,0.01964367161903058
North America,Metal ores,civil_infrastructure,1931,0.02101550916835335
North America,Metal ores,civil_infrastructure,1932,0.022471569571027698
North America,Metal ores,civil_infrastructure,1933,0.024017713646674876
North America,Metal ores,civil_infrastructure,1934,0.02566033269243325
North America,Metal ores,civil_infrastructure,1935,0.027406393310093924
North America,Metal ores,civil_infrastructure,1936,0.029263486187806737
North America,Metal ores,civil_infrastructure,1937,0.03123987957416089
North America,Metal ores,civil_infrastructure,1938,0.03334457823467585
North America,Metal ores,civil_infrastructure,1939,0.03558738869029565
North America,Metal ores,civil_infrastructure,1940,0.0379789915010293
North America,Metal ores,civil_infrastructure,1941,0.04053102126921758
North America,Metal ores,civil_infrastructure,1942,0.04325615489869508
North America,Metal ores,civil_infrastructure,1943,0.046168208458005046
North America,Metal ores,civil_infrastructure,1944,0.049282242763500274
North America,Metal ores,civil_infrastructure,1945,0.052614677525956964
North America,Metal ores,civil_infrastructure,1946,0.05618341359752128
North America,Metal ores,civil_infrastructure,1947,0.060007962519818714
North America,Metal ores,civil_infrastructure,1948,0.06410958221545
North America,Metal ores,civil_infrastructure,1949,0.06851141729043314
North America,Metal ores,civil_infrastructure,1950,0.07323864203299837
North America,Metal ores,civil_infrastructure,1951,0.07831860381646912
North America,Metal ores,civil_infrastructure,1952,0.08378096425207189
North America,Metal ores,civil_infrastructure,1953,0.08965783510615158
North America,Metal ores,civil_infrastructure,1954,0.09598390570843371
North America,Metal ores,civil_infrastructure,1955,0.10279655834548404
North America,Metal ores,civil_infrastructure,1956,0.11013596796376252
North America,Metal ores,civil_infrastructure,1957,0.11804518240627555
North America,Metal ores,civil_infrastructure,1958,0.12657017937410392
North America,Metal ores,civil_infrastructure,1959,0.13575989634170707
North America,Metal ores,civil_infrastructure,1960,0.14566622975985463
North America,Metal ores,civil_infrastructure,1961,0.1563440000561836
North America,Metal ores,civil_infrastructure,1962,0.16785087919720212
North America,Metal ores,civil_infrastructure,1963,0.18024727791879938
North America,Metal ores,civil_infrastructure,1964,0.19359619018465113
North America,Metal ores,civil_infrastructure,1965,0.20796299301145257
North America,Metal ores,civil_infrastructure,1966,0.22341520053113803
North America,Metal ores,civil_infrastructure,1967,0.2400221720572902
North America,Metal ores,civil_infrastructure,1968,0.25785477499403203
North America,Metal ores,civil_infrastructure,1969,0.27698500466439846
North America,Metal ores,civil_infrastructure,1970,0.2974855645166098
North America,Metal ores,civil_infrastructure,1971,0.31942941164777555
North America,Metal ores,civil_infrastructure,1972,0.3428892741052727
North America,Metal ores,civil_infrastructure,1973,0.36793714790856874
North America,Metal ores,civil_infrastructure,1974,0.3946437830959845
North America,Metal ores,civil_infrastructure,1975,0.42307816925404057
North America,Metal ores,civil_infrastructure,1976,0.4533070318487831
North America,Metal ores,civil_infrastructure,1977,0.4853943511840013
North America,Metal ores,civil_infrastructure,1978,0.5194009159068964
North America,Metal ores,civil_infrastructure,1979,0.5553839226417338
North America,Metal ores,civil_infrastructure,1980,0.5933966325550241
North America,Metal ores,civil_infrastructure,1981,0.6334880944589721
North America,Metal ores,civil_infrastructure,1982,0.6757029424880433
North America,Metal ores,civil_infrastructure,1983,0.7200812744949018
North America,Metal ores,civil_infrastructure,1984,0.7666586151779119
North America,Metal ores,civil_infrastructure,1985,0.8154659656563815
North America,Metal ores,civil_infrastructure,1986,0.8665299388362002
North America,Metal ores,civil_infrastructure,1987,0.9198729775457916
North America,Metal ores,civil_infrastructure,1988,0.975513650160117
North America,Metal ores,civil_infrastructure,1989,1.0334670163491106
North America,Metal ores,civil_infrastructure,1990,1.0937450537682312
North America,Metal ores,civil_infrastructure,1991,1.156357135020704
North America,Metal ores,civil_infrastructure,1992,1.2213105431184084
North America,Metal ores,civil_infrastructure,1993,1.2886110129973212
North America,Metal ores,civil_infrastructure,1994,1.3582632864196045
North America,Metal ores,civil_infrastructure,1995,1.430271667822116
North America,Metal ores,civil_infrastructure,1996,1.50464056932666
North America,Metal ores,civil_infrastructure,1997,1.5813750341609532
North America,Metal ores,civil_infrastructure,1998,1.6604812290909672
North America,Metal ores,civil_infrastructure,1999,1.7419668980446414
North America,Metal ores,civil_infrastructure,2000,1.8258417708256658
North America,Metal ores,civil_infrastructure,2001,1.9121179225683342
North America,Metal ores,civil_infrastructure,2002,2.000810081277868
North America,Metal ores,civil_infrastructure,2003,2.0919358823373626
North America,Metal ores,civil_infrastructure,2004,2.185516070171159
North America,Metal ores,civil_infrastructure,2005,2.281574648270041
North America,Metal ores,civil_infrastructure,2006,2.3801389794667607
North America,Metal ores,civil_infrastructure,2007,2.4812398386860632
North America,Metal ores,civil_infrastructure,2008,2.584911420383619
North America,Metal ores,civil_infrastructure,2009,2.6911913025630962
North America,Metal ores,civil_infrastructure,2010,2.8001203686723546
North America,Metal ores,civil_infrastructure,2011,2.9117426878908974
North America,Metal ores,civil_infrastructure,2012,3.0261053534223437
North America,Metal ores,civil_infrastructure,2013,3.1432582774837012
North America,Metal ores,civil_infrastructure,2014,3.2632539408364236
North America,Metal ores,civil_infrastructure,2015,3.386147094022569
North America,Metal ores,civil_infrastructure,2016,3.5119944070335856
North America,Metal ores,machinery,1900,1.3381693438085465
North America,Metal ores,machinery,1901,1.448407594540478
North America,Metal ores,machinery,1902,1.5579221374289922
North America,Metal ores,machinery,1903,1.6600931650130195
North America,Metal ores,machinery,1904,1.7526188410231391
North America,Metal ores,machinery,1905,1.8386464009932426
North America,Metal ores,machinery,1906,1.9257433302607538
North America,Metal ores,machinery,1907,2.024278456401312
North America,Metal ores,machinery,1908,2.1459332579753427
North America,Metal ores,machinery,1909,2.3023195336898694
North America,Metal ores,machinery,1910,2.502718329876923
North America,Metal ores,machinery,1911,2.7503097143479422
North America,Metal ores,machinery,1912,3.0399905043885695
North America,Metal ores,machinery,1913,3.3627029059893316
North America,Metal ores,machinery,1914,3.7132574825241647
North America,Metal ores,machinery,1915,4.090724819146013
North America,Metal ores,machinery,1916,4.489625616212075
North America,Metal ores,machinery,1917,4.896456580072192
North America,Metal ores,machinery,1918,5.2984862447916905
North America,Metal ores,machinery,1919,5.692966846634301
North America,Metal ores,machinery,1920,6.088240433796259
North America,Metal ores,machinery,1921,6.497280063183261
North America,Metal ores,machinery,1922,6.927473894110256
North America,Metal ores,machinery,1923,7.378290488760677
North America,Metal ores,machinery,1924,7.852628253498718
North America,Metal ores,machinery,1925,8.366027927559932
North America,Metal ores,machinery,1926,8.93677227021426
North America,Metal ores,machinery,1927,9.563679054349159
North America,Metal ores,machinery,1928,10.213153704889859
North America,Metal ores,machinery,1929,10.825854487486444
North America,Metal ores,machinery,1930,11.343533416930901
North America,Metal ores,machinery,1931,11.743735099203969
North America,Metal ores,machinery,1932,12.052693871010696
North America,Metal ores,machinery,1933,12.326900146025418
North America,Metal ores,machinery,1934,12.623426092273718
North America,Metal ores,machinery,1935,12.978442586411601
North America,Metal ores,machinery,1936,13.402006827653898
North America,Metal ores,machinery,1937,13.883621744119461
North America,Metal ores,machinery,1938,14.391710185954008
North America,Metal ores,machinery,1939,14.86449691850091
North America,Metal ores,machinery,1940,15.21410609286844
North America,Metal ores,machinery,1941,15.360093113201978
North America,Metal ores,machinery,1942,15.275162211043664
North America,Metal ores,machinery,1943,15.00918314473179
North America,Metal ores,machinery,1944,14.675554437412773
North America,Metal ores,machinery,1945,14.404715132403286
North America,Metal ores,machinery,1946,14.286819186344852
North America,Metal ores,machinery,1947,14.345641812575481
North America,Metal ores,machinery,1948,14.564467341844662
North America,Metal ores,machinery,1949,14.930653866795854
North America,Metal ores,machinery,1950,15.453200718106688
North America,Metal ores,machinery,1951,16.144293103696807
North America,Metal ores,machinery,1952,16.98926592127494
North America,Metal ores,machinery,1953,17.92997257840582
North America,Metal ores,machinery,1954,18.873891970916297
North America,Metal ores,machinery,1955,19.730298091553188
North America,Metal ores,machinery,1956,20.45106682911384
North America,Metal ores,machinery,1957,21.044698233691395
North America,Metal ores,machinery,1958,21.562922385685816
North America,Metal ores,machinery,1959,22.077176091296202
North America,Metal ores,machinery,1960,22.652626867567015
North America,Metal ores,machinery,1961,23.327052600507493
North America,Metal ores,machinery,1962,24.102839056247237
North America,Metal ores,machinery,1963,24.95822336377244
North America,Metal ores,machinery,1964,25.868897795122866
North America,Metal ores,machinery,1965,26.813225383242976
North America,Metal ores,machinery,1966,27.755127589171305
North America,Metal ores,machinery,1967,28.636214379679583
North America,Metal ores,machinery,1968,29.399388428641192
North America,Metal ores,machinery,1969,30.021161999228845
North America,Metal ores,machinery,1970,30.52295053671015
North America,Metal ores,machinery,1971,30.962619415432332
North America,Metal ores,machinery,1972,31.421481201997256
North America,Metal ores,machinery,1973,31.98824608989054
North America,Metal ores,machinery,1974,32.733262358918
North America,Metal ores,machinery,1975,33.680549327987116
North America,Metal ores,machinery,1976,34.800233810646894
North America,Metal ores,machinery,1977,36.027234196033056
North America,Metal ores,machinery,1978,37.28474567791608
North America,Metal ores,machinery,1979,38.50054815709699
North America,Metal ores,machinery,1980,39.62553446630945
North America,Metal ores,machinery,1981,40.651532190451064
North America,Metal ores,machinery,1982,41.60381251338601
North America,Metal ores,machinery,1983,42.50378037751619
North America,Metal ores,machinery,1984,43.3431194374133
North America,Metal ores,machinery,1985,44.10107538988527
North America,Metal ores,machinery,1986,44.77928545722515
North America,Metal ores,machinery,1987,45.40805406862227
North America,Metal ores,machinery,1988,46.0137311090905
North America,Metal ores,machinery,1989,46.581979220956654
North America,Metal ores,machinery,1990,47.0489808948356
North America,Metal ores,machinery,1991,47.332496935966944
North America,Metal ores,machinery,1992,47.390685320864975
North America,Metal ores,machinery,1993,47.25777575892456
North America,Metal ores,machinery,1994,47.022468857554756
North America,Metal ores,machinery,1995,46.77863790338964
North America,Metal ores,machinery,1996,46.59259816523484
North America,Metal ores,machinery,1997,46.49200740986952
North America,Metal ores,machinery,1998,46.46272593638124
North America,Metal ores,machinery,1999,46.45536162318292
North America,Metal ores,machinery,2000,46.41107056100846
North America,Metal ores,machinery,2001,46.29853925940369
North America,Metal ores,machinery,2002,46.14313498796696
North America,Metal ores,machinery,2003,46.028441527090735
North America,Metal ores,machinery,2004,46.04961916871493
North America,Metal ores,machinery,2005,46.253069854525165
North America,Metal ores,machinery,2006,46.626352273446315
North America,Metal ores,machinery,2007,47.13374546008287
North America,Metal ores,machinery,2008,47.739930710935035
North America,Metal ores,machinery,2009,48.39685560758345
North America,Metal ores,machinery,2010,49.03123614660643
North America,Metal ores,machinery,2011,49.569690543118575
North America,Metal ores,machinery,2012,49.983560469460436
North America,Metal ores,machinery,2013,50.30858488460175
North America,Metal ores,machinery,2014,50.62150677956318
North America,Metal ores,machinery,2015,50.987255957693826
North America,Metal ores,machinery,2016,51.39919924485205
North America,Metal ores,short_lived,1900,0.6365939876787994
North America,Metal ores,short_lived,1901,0.691112959955742
North America,Metal ores,short_lived,1902,0.7545039134683178
North America,Metal ores,short_lived,1903,0.7951649873757166
North America,Metal ores,short_lived,1904,0.8063086470129488
North America,Metal ores,short_lived,1905,0.8139541361531566
North America,Metal ores,short_lived,1906,0.9361545665887484
North America,Metal ores,short_lived,1907,1.0185360105252947
North America,Metal ores,short_lived,1908,1.071035094880392
North America,Metal ores,short_lived,1909,1.00129371078031
North America,Metal ores,short_lived,1910,1.222165997767371
North America,Metal ores,short_lived,1911,1.3311515502001945
North America,Metal ores,short_lived,1912,1.383836001773483
North America,Metal ores,short_lived,1913,1.5799815378153603
North America,Metal ores,short_lived,1914,1.697522842207682
North America,Metal ores,short_lived,1915,1.6907277691625533
North America,Metal ores,short_lived,1916,1.9052602814018558
North America,Metal ores,short_lived,1917,2.1442859477350305
North America,Metal ores,short_lived,1918,2.261853542831338
North America,Metal ores,short_lived,1919,2.349765719504033
North America,Metal ores,short_lived,1920,2.286113105466562
North America,Metal ores,short_lived,1921,2.4731166486584866
North America,Metal ores,short_lived,1922,2.234903353171489
North America,Metal ores,short_lived,1923,2.5083567339582613
North America,Metal ores,short_lived,1924,2.7638382196210434
North America,Metal ores,short_lived,1925,2.8097635432122865
North America,Metal ores,short_lived,1926,3.0711995199816666
North America,Metal ores,short_lived,1927,3.2587165606959974
North America,Metal ores,short_lived,1928,3.3190920425229233
North America,Metal ores,short_lived,1929,3.4412496031512827
North America,Metal ores,short_lived,1930,3.5023266112234426
North America,Metal ores,short_lived,1931,3.288779752306591
North America,Metal ores,short_lived,1932,3.1067125188691285
North America,Metal ores,short_lived,1933,2.978781583878375
North America,Metal ores,short_lived,1934,3.1414254004421163
North America,Metal ores,short_lived,1935,3.2635451649682183
North America,Metal ores,short_lived,1936,3.4633829211538445
North America,Metal ores,short_lived,1937,3.742986221817279
North America,Metal ores,short_lived,1938,3.875821706981221
North America,Metal ores,short_lived,1939,3.5995776104831565
North America,Metal ores,short_lived,1940,3.7446484628829344
North America,Metal ores,short_lived,1941,3.7703457900626884
North America,Metal ores,short_lived,1942,3.8119840495790323
North America,Metal ores,short_lived,1943,3.768519553098859
North America,Metal ores,short_lived,1944,3.7781094578362224
North America,Metal ores,short_lived,1945,3.7978419119245936
North America,Metal ores,short_lived,1946,3.6995226693365444
North America,Metal ores,short_lived,1947,3.569284867615102
North America,Metal ores,short_lived,1948,3.8601986686542715
North America,Metal ores,short_lived,1949,4.075290117121347
North America,Metal ores,short_lived,1950,4.219967903763807
North America,Metal ores,short_lived,1951,4.736662981559328
North America,Metal ores,short_lived,1952,5.139691647555393
North America,Metal ores,short_lived,1953,5.281777122250297
North America,Metal ores,short_lived,1954,5.701405885281977
North America,Metal ores,short_lived,1955,5.580978304395418
North America,Metal ores,short_lived,1956,6.029675246836579
North America,Metal ores,short_lived,1957,6.13401927300168
North America,Metal ores,short_lived,1958,6.221551299341372
North America,Metal ores,short_lived,1959,6.043913663378462
North America,Metal ores,short_lived,1960,6.316882721729661
North America,Metal ores,short_lived,1961,6.543069523571888
North America,Metal ores,short_lived,1962,6.699994847551291
North America,Metal ores,short_lived,1963,6.914588666425848
North America,Metal ores,short_lived,1964,7.243384674626898
North America,Metal ores,short_lived,1965,7.661151786135262
North America,Metal ores,short_lived,1966,7.958538818909639
North America,Metal ores,short_lived,1967,8.136934251653802
North America,Metal ores,short_lived,1968,8.141874921949602
North America,Metal ores,short_lived,1969,8.353623384106221
North America,Metal ores,short_lived,1970,8.539578214998174
North America,Metal ores,short_lived,1971,8.612004388170027
North America,Metal ores,short_lived,1972,8.789745652465191
North America,Metal ores,short_lived,1973,9.252268833807557
North America,Metal ores,short_lived,1974,9.707408304891594
North America,Metal ores,short_lived,1975,10.164752961041748
North America,Metal ores,short_lived,1976,10.160420209259593
North America,Metal ores,short_lived,1977,10.605621499800188
North America,Metal ores,short_lived,1978,10.963983547180229
North America,Metal ores,short_lived,1979,11.468854847294704
North America,Metal ores,short_lived,1980,11.715824593422695
North America,Metal ores,short_lived,1981,11.65093884551882
North America,Metal ores,short_lived,1982,12.127837478914143
North America,Metal ores,short_lived,1983,11.705241517468474
North America,Metal ores,short_lived,1984,11.9191885698509
North America,Metal ores,short_lived,1985,12.331492881319503
North America,Metal ores,short_lived,1986,12.29135379410899
North America,Metal ores,short_lived,1987,12.3164522851729
North America,Metal ores,short_lived,1988,12.460631594468119
North America,Metal ores,short_lived,1989,12.637854090513647
North America,Metal ores,short_lived,1990,12.420486615187018
North America,Metal ores,short_lived,1991,12.281705387678295
North America,Metal ores,short_lived,1992,11.922833214202436
North America,Metal ores,short_lived,1993,11.974415425046343
North America,Metal ores,short_lived,1994,11.918346792036557
North America,Metal ores,short_lived,1995,11.933904970990243
North America,Metal ores,short_lived,1996,12.631513205098406
North America,Metal ores,short_lived,1997,12.253987311853837
North America,Metal ores,short_lived,1998,12.702330156030964
North America,Metal ores,short_lived,1999,13.328085427447784
North America,Metal ores,short_lived,2000,13.002855635530404
North America,Metal ores,short_lived,2001,13.330604451483898
North America,Metal ores,short_lived,2002,12.925422481002162
North America,Metal ores,short_lived,2003,13.218852108780093
North America,Metal ores,short_lived,2004,13.232453645638877
North America,Metal ores,short_lived,2005,13.488150942909645
North America,Metal ores,short_lived,2006,13.527526754656453
North America,Metal ores,short_lived,2007,13.645326859326795
North America,Metal ores,short_lived,2008,13.256068146964834
North America,Metal ores,short_lived,2009,13.075523455423381
North America,Metal ores,short_lived,2010,12.519104219540688
North America,Metal ores,short_lived,2011,12.838434822184707
North America,Metal ores,short_lived,2012,13.279337193266706
North America,Metal ores,short_lived,2013,13.374396484970825
North America,Metal ores,short_lived,2014,13.698252919561593
North America,Metal ores,short_lived,2015,14.189571891551628
North America,Metal ores,short_lived,2016,13.908417801529733
North America,Non-metallic minerals,buildings,1900,6.183052718323131
North America,Non-metallic minerals,buildings,1901,6.536702388084552
North America,Non-metallic minerals,buildings,1902,6.9060938660545865
North America,Non-metallic minerals,buildings,1903,7.2914071397911435
North America,Non-metallic minerals,buildings,1904,7.692802971339559
North America,Non-metallic minerals,buildings,1905,8.110424502740994
North America,Non-metallic minerals,buildings,1906,8.544398583129455
North America,Non-metallic minerals,buildings,1907,8.994836813118566
North America,Non-metallic minerals,buildings,1908,9.461836370093042
North America,Non-metallic minerals,buildings,1909,9.9454807462585
North America,Non-metallic minerals,buildings,1910,10.445840504121882
North America,Non-metallic minerals,buildings,1911,10.962974005497394
North America,Non-metallic minerals,buildings,1912,11.496927933851383
North America,Non-metallic minerals,buildings,1913,12.047737472908075
North America,Non-metallic minerals,buildings,1914,12.615426260060115
North America,Non-metallic minerals,buildings,1915,13.200006579222661
North America,Non-metallic minerals,buildings,1916,13.801480528330396
North America,Non-metallic minerals,buildings,1917,14.419842997404718
North America,Non-metallic minerals,buildings,1918,15.055087211719053
North America,Non-metallic minerals,buildings,1919,15.707213324115537
North America,Non-metallic minerals,buildings,1920,16.3762400557244
North America,Non-metallic minerals,buildings,1921,17.062218716379217
North America,Non-metallic minerals,buildings,1922,17.7652482180872
North America,Non-metallic minerals,buildings,1923,18.48548912966832
North America,Non-metallic minerals,buildings,1924,19.223174622153714
North America,Non-metallic minerals,buildings,1925,19.978616425886905
North America,Non-metallic minerals,buildings,1926,20.75220453850082
North America,Non-metallic minerals,buildings,1927,21.54440013724478
North America,Non-metallic minerals,buildings,1928,22.355721775942342
North America,Non-metallic minerals,buildings,1929,23.186725399280345
North America,Non-metallic minerals,buildings,1930,24.037978954098968
North America,Non-metallic minerals,buildings,1931,24.910032482879934
North America,Non-metallic minerals,buildings,1932,25.803384721728833
North America,Non-metallic minerals,buildings,1933,26.71844761437668
North America,Non-metallic minerals,buildings,1934,27.655510982543497
North America,Non-metallic minerals,buildings,1935,28.614710905624836
North America,Non-metallic minerals,buildings,1936,29.59600691142379
North America,Non-metallic minerals,buildings,1937,30.59917425813094
North America,Non-metallic minerals,buildings,1938,31.623817610561012
North America,Non-metallic minerals,buildings,1939,32.6694107030192
North America,Non-metallic minerals,buildings,1940,33.73536309215231
North America,Non-metallic minerals,buildings,1941,34.82111033887118
North America,Non-metallic minerals,buildings,1942,35.926218696907576
North America,Non-metallic minerals,buildings,1943,37.05049041574115
North America,Non-metallic minerals,buildings,1944,38.194051900707755
North America,Non-metallic minerals,buildings,1945,39.357405233556364
North America,Non-metallic minerals,buildings,1946,40.54142512558804
North America,Non-metallic minerals,buildings,1947,41.74728913170586
North America,Non-metallic minerals,buildings,1948,42.976338795851454
North America,Non-metallic minerals,buildings,1949,44.22988178137359
North America,Non-metallic minerals,buildings,1950,45.50895715888879
North America,Non-metallic minerals,buildings,1951,46.81409472758251
North America,Non-metallic minerals,buildings,1952,48.14510222120947
North America,Non-metallic minerals,buildings,1953,49.50091083778128
North America,Non-metallic minerals,buildings,1954,50.8795008198629
North America,Non-metallic minerals,buildings,1955,52.277917080817616
North America,Non-metallic minerals,buildings,1956,53.69237270243621
North America,Non-metallic minerals,buildings,1957,55.118427661789994
North America,Non-metallic minerals,buildings,1958,56.55122284981335
North America,Non-metallic minerals,buildings,1959,57.985746114273795
North America,Non-metallic minerals,buildings,1960,59.417107570951146
North America,Non-metallic minerals,buildings,1961,60.840804616857625
North America,Non-metallic minerals,buildings,1962,62.25296139469937
North America,Non-metallic minerals,buildings,1963,63.65053184590045
North America,Non-metallic minerals,buildings,1964,65.03145957403906
North America,Non-metallic minerals,buildings,1965,66.39479141472681
North America,Non-metallic minerals,buildings,1966,67.74074475043753
North America,Non-metallic minerals,buildings,1967,69.07073112241414
North America,Non-metallic minerals,buildings,1968,70.3873405539979
North America,Non-metallic minerals,buildings,1969,71.69429212413236
North America,Non-metallic minerals,buildings,1970,72.99635654976127
North America,Non-metallic minerals,buildings,1971,74.29925588516919
North America,Non-metallic minerals,buildings,1972,75.60954437553708
North America,Non-metallic minerals,buildings,1973,76.93447367090587
North America,Non-metallic minerals,buildings,1974,78.28184542971329
North America,Non-metallic minerals,buildings,1975,79.65985483086618
North America,Non-metallic minerals,buildings,1976,81.07692942372954
North America,Non-metallic minerals,buildings,1977,82.54156864035501
North America,Non-metallic minerals,buildings,1978,84.06218973040092
North America,Non-metallic minerals,buildings,1979,85.64698579585462
North America,Non-metallic minerals,buildings,1980,87.3038010369794
North America,Non-metallic minerals,buildings,1981,89.04002681477459
North America,Non-metallic minerals,buildings,1982,90.86251952172961
North America,Non-metallic minerals,buildings,1983,92.77753877646273
North America,Non-metallic minerals,buildings,1984,94.790703621325
North America,Non-metallic minerals,buildings,1985,96.90696508826252
North America,Non-metallic minerals,buildings,1986,99.13059426535143
North America,Non-metallic minerals,buildings,1987,101.46518455199626
North America,Non-metallic minerals,buildings,1988,103.91366492625592
North America,Non-metallic minerals,buildings,1989,106.478319085403
North America,Non-metallic minerals,buildings,1990,109.16080519631701
North America,Non-metallic minerals,buildings,1991,111.96217314892662
North America,Non-metallic minerals,buildings,1992,114.88287887603961
North America,Non-metallic minerals,buildings,1993,117.92279596322673
North America,Non-metallic minerals,buildings,1994,121.08122243770751
North America,Non-metallic minerals,buildings,1995,124.3568771862178
North America,Non-metallic minerals,buildings,1996,127.74787950289188
North America,Non-metallic minerals,buildings,1997,131.25170916764034
North America,Non-metallic minerals,buildings,1998,134.8651525888802
North America,Non-metallic minerals,buildings,1999,138.58425002701875
North America,Non-metallic minerals,buildings,2000,142.40426579065175
North America,Non-metallic minerals,buildings,2001,146.3197036828196
North America,Non-metallic minerals,buildings,2002,150.32438257521912
North America,Non-metallic minerals,buildings,2003,154.41157454258163
North America,Non-metallic minerals,buildings,2004,158.5741943895226
North America,Non-metallic minerals,buildings,2005,162.80501771821318
North America,Non-metallic minerals,buildings,2006,167.09689866741334
North America,Non-metallic minerals,buildings,2007,171.44296103796242
North America,Non-metallic minerals,buildings,2008,175.8367478121111
North America,Non-metallic minerals,buildings,2009,180.27233047085133
North America,Non-metallic minerals,buildings,2010,184.74439353490888
North America,Non-metallic minerals,buildings,2011,189.24831778769482
North America,Non-metallic minerals,buildings,2012,193.7802908119219
North America,Non-metallic minerals,buildings,2013,198.33747377941313
North America,Non-metallic minerals,buildings,2014,202.91824247987682
North America,Non-metallic minerals,buildings,2015,207.52249928908648
North America,Non-metallic minerals,buildings,2016,212.15202373674336
North America,Non-metallic minerals,civil_infrastructure,1900,1.773576139057327
North America,Non-metallic minerals,civil_infrastructure,1901,1.9498819461387915
North America,Non-metallic minerals,civil_infrastructure,1902,2.1286887936301473
North America,Non-metallic minerals,civil_infrastructure,1903,2.309502816866007
North America,Non-metallic minerals,civil_infrastructure,1904,2.491936088708094
North America,Non-metallic minerals,civil_infrastructure,1905,2.6756902243749807
North America,Non-metallic minerals,civil_infrastructure,1906,2.860543877384769
North America,Non-metallic minerals,civil_infrastructure,1907,3.046373688281762
North America,Non-metallic minerals,civil_infrastructure,1908,3.233348641559988
North America,Non-metallic minerals,civil_infrastructure,1909,3.4225730847744735
North America,Non-metallic minerals,civil_infrastructure,1910,3.61728569513159
North America,Non-metallic minerals,civil_infrastructure,1911,3.8241730535393117
North America,Non-metallic minerals,civil_infrastructure,1912,4.05398287681305
North America,Non-metallic minerals,civil_infrastructure,1913,4.3208832052565125
North America,Non-metallic minerals,civil_infrastructure,1914,4.640648425144507
North America,Non-metallic minerals,civil_infrastructure,1915,5.0282451398067405
North America,Non-metallic minerals,civil_infrastructure,1916,5.495616237895314
North America,Non-metallic minerals,civil_infrastructure,1917,6.050368450281008
North America,Non-metallic minerals,civil_infrastructure,1918,6.695552640498762
North America,Non-metallic minerals,civil_infrastructure,1919,7.430195762025432
North America,Non-metallic minerals,civil_infrastructure,1920,8.250151156823978
North America,Non-metallic minerals,civil_infrastructure,1921,9.149008420840984
North America,Non-metallic minerals,civil_infrastructure,1922,10.11895245430447
North America,Non-metallic minerals,civil_infrastructure,1923,11.151512412878937
North America,Non-metallic minerals,civil_infrastructure,1924,12.23813702785606
North America,Non-metallic minerals,civil_infrastructure,1925,13.37066077210502
North America,Non-metallic minerals,civil_infrastructure,1926,14.541958039978676
North America,Non-metallic minerals,civil_infrastructure,1927,15.747058964193377
North America,Non-metallic minerals,civil_infrastructure,1928,16.98474324528803
North America,Non-metallic minerals,civil_infrastructure,1929,18.259474184440432
North America,Non-metallic minerals,civil_infrastructure,1930,19.583484140457383
North America,Non-metallic minerals,civil_infrastructure,1931,20.978952501890888
North America,Non-metallic minerals,civil_infrastructure,1932,22.480144713842467
North America,Non-metallic minerals,civil_infrastructure,1933,24.134038641445905
North America,Non-metallic minerals,civil_infrastructure,1934,25.996602533302525
North America,Non-metallic minerals,civil_infrastructure,1935,28.123574679842463
North America,Non-metallic minerals,civil_infrastructure,1936,30.558817938726683
North America,Non-metallic minerals,civil_infrastructure,1937,33.32553830892878
North America,Non-metallic minerals,civil_infrastructure,1938,36.423149687670275
North America,Non-metallic minerals,civil_infrastructure,1939,39.82763640677668
North America,Non-metallic minerals,civil_infrastructure,1940,43.49090858927995
North America,Non-metallic minerals,civil_infrastructure,1941,47.33792831274658
North America,Non-metallic minerals,civil_infrastructure,1942,51.26642500346488
North America,Non-metallic minerals,civil_infrastructure,1943,55.15597045559618
North America,Non-metallic minerals,civil_infrastructure,1944,58.88829013447853
North America,Non-metallic minerals,civil_infrastructure,1945,62.37359022245827
North America,Non-metallic minerals,civil_infrastructure,1946,65.57371836890715
North America,Non-metallic minerals,civil_infrastructure,1947,68.51304429678301
North America,Non-metallic minerals,civil_infrastructure,1948,71.27185142022581
North America,Non-metallic minerals,civil_infrastructure,1949,73.96448463261983
North America,Non-metallic minerals,civil_infrastructure,1950,76.71123148730912
North America,Non-metallic minerals,civil_infrastructure,1951,79.61404476276243
North America,Non-metallic minerals,civil_infrastructure,1952,82.74276071826284
North America,Non-metallic minerals,civil_infrastructure,1953,86.1340200132745
North America,Non-metallic minerals,civil_infrastructure,1954,89.80024912210308
North America,Non-metallic minerals,civil_infrastructure,1955,93.74189795058257
North America,Non-metallic minerals,civil_infrastructure,1956,97.9563996739956
North America,Non-metallic minerals,civil_infrastructure,1957,102.44165413174393
North America,Non-metallic minerals,civil_infrastructure,1958,107.19508650896196
North America,Non-metallic minerals,civil_infrastructure,1959,112.21098595680095
North America,Non-metallic minerals,civil_infrastructure,1960,117.48135558541281
North America,Non-metallic minerals,civil_infrastructure,1961,123.00474371685114
North America,Non-metallic minerals,civil_infrastructure,1962,128.79994474123922
North America,Non-metallic minerals,civil_infrastructure,1963,134.9150103742002
North America,Non-metallic minerals,civil_infrastructure,1964,141.42553541606938
North America,Non-metallic minerals,civil_infrastructure,1965,148.42427366390126
North America,Non-metallic minerals,civil_infrastructure,1966,156.0058818739667
North America,Non-metallic minerals,civil_infrastructure,1967,164.24810632332174
North America,Non-metallic minerals,civil_infrastructure,1968,173.19234437488072
North America,Non-metallic minerals,civil_infrastructure,1969,182.82950040530315
North America,Non-metallic minerals,civil_infrastructure,1970,193.09590816508833
North America,Non-metallic minerals,civil_infrastructure,1971,203.88158967400494
North America,Non-metallic minerals,civil_infrastructure,1972,215.05137973817187
North America,Non-metallic minerals,civil_infrastructure,1973,226.47647739817785
North America,Non-metallic minerals,civil_infrastructure,1974,238.0695720864255
North America,Non-metallic minerals,civil_infrastructure,1975,249.81229029680892
North America,Non-metallic minerals,civil_infrastructure,1976,261.76245074569607
North America,Non-metallic minerals,civil_infrastructure,1977,274.0354042226635
North America,Non-metallic minerals,civil_infrastructure,1978,286.76768006057495
North America,Non-metallic minerals,civil_infrastructure,1979,300.082349596001
North America,Non-metallic minerals,civil_infrastructure,1980,314.0734499587032
North America,Non-metallic minerals,civil_infrastructure,1981,328.8113817056478
North America,Non-metallic minerals,civil_infrastructure,1982,344.3549938665583
North America,Non-metallic minerals,civil_infrastructure,1983,360.74961419534344
North America,Non-metallic minerals,civil_infrastructure,1984,377.9951265428082
North America,Non-metallic minerals,civil_infrastructure,1985,395.9887988308308
North America,Non-metallic minerals,civil_infrastructure,1986,414.4796560061503
North America,Non-metallic minerals,civil_infrastructure,1987,433.08203955320073
North America,Non-metallic minerals,civil_infrastructure,1988,451.35761127074784
North America,Non-metallic minerals,civil_infrastructure,1989,468.914600546641
North America,Non-metallic minerals,civil_infrastructure,1990,485.4548204236883
North America,Non-metallic minerals,civil_infrastructure,1991,500.748884948438
North America,Non-metallic minerals,civil_infrastructure,1992,514.5901769961416
North America,Non-metallic minerals,civil_infrastructure,1993,526.7975864037218
North America,Non-metallic minerals,civil_infrastructure,1994,537.2890752505866
North America,Non-metallic minerals,civil_infrastructure,1995,546.1828214531829
North America,Non-metallic minerals,civil_infrastructure,1996,553.8578206351458
North America,Non-metallic minerals,civil_infrastructure,1997,560.9314348078254
North America,Non-metallic minerals,civil_infrastructure,1998,568.1567905903377
North America,Non-metallic minerals,civil_infrastructure,1999,576.2780523627227
North America,Non-metallic minerals,civil_infrastructure,2000,585.8930539380806
North America,Non-metallic minerals,civil_infrastructure,2001,597.362198070968
North America,Non-metallic minerals,civil_infrastructure,2002,610.7830851436462
North America,Non-metallic minerals,civil_infrastructure,2003,626.0303029131773
North America,Non-metallic minerals,civil_infrastructure,2004,642.8390499893837
North America,Non-metallic minerals,civil_infrastructure,2005,660.8971929772007
North America,Non-metallic minerals,civil_infrastructure,2006,679.9153954026295
North America,Non-metallic minerals,civil_infrastructure,2007,699.6652542665438
North America,Non-metallic minerals,civil_infrastructure,2008,719.9915829013137
North America,Non-metallic minerals,civil_infrastructure,2009,740.8061121423045
North America,Non-metallic minerals,civil_infrastructure,2010,762.0634078341865
North America,Non-metallic minerals,civil_infrastructure,2011,783.7213238667606
North America,Non-metallic minerals,civil_infrastructure,2012,805.7018153690386
North America,Non-metallic minerals,civil_infrastructure,2013,827.8775428592362
North America,Non-metallic minerals,civil_infrastructure,2014,850.0974079045311
North America,Non-metallic minerals,civil_infrastructure,2015,872.2331066442399
North America,Non-metallic minerals,civil_infrastructure,2016,894.2047526481508
North America,Non-metallic minerals,machinery,1900,0.005185688700090271
North America,Non-metallic minerals,machinery,1901,0.005293737901558891
North America,Non-metallic minerals,machinery,1902,0.0054028053241779
North America,Non-metallic minerals,machinery,1903,0.005512892716641995
North America,Non-metallic minerals,machinery,1904,0.005623995774719151
North America,Non-metallic minerals,machinery,1905,0.005736102054496808
North America,Non-metallic minerals,machinery,1906,0.0058493221265309625
North America,Non-metallic minerals,machinery,1907,0.00596494939985656
North America,Non-metallic minerals,machinery,1908,0.006088647823761419
North America,Non-metallic minerals,machinery,1909,0.006233488451990165
North America,Non-metallic minerals,machinery,1910,0.006417117285151115
North America,Non-metallic minerals,machinery,1911,0.0066528617886668475
North America,Non-metallic minerals,machinery,1912,0.006942180755217316
North America,Non-metallic minerals,machinery,1913,0.0072744300899548085
North America,Non-metallic minerals,machinery,1914,0.007632797785555656
North America,Non-metallic minerals,machinery,1915,0.008001054281611249
North America,Non-metallic minerals,machinery,1916,0.008367124505266102
North America,Non-metallic minerals,machinery,1917,0.00872353279632309
North America,Non-metallic minerals,machinery,1918,0.009067076465650291
North America,Non-metallic minerals,machinery,1919,0.009398874531511796
North America,Non-metallic minerals,machinery,1920,0.00972396871466943
North America,Non-metallic minerals,machinery,1921,0.010049360740583034
North America,Non-metallic minerals,machinery,1922,0.010379955501227701
North America,Non-metallic minerals,machinery,1923,0.010713902331069136
North America,Non-metallic minerals,machinery,1924,0.011041817098046915
North America,Non-metallic minerals,machinery,1925,0.011352052384510635
North America,Non-metallic minerals,machinery,1926,0.011637382188320973
North America,Non-metallic minerals,machinery,1927,0.011897999474884258
North America,Non-metallic minerals,machinery,1928,0.012140856413176965
North America,Non-metallic minerals,machinery,1929,0.012376837150769754
North America,Non-metallic minerals,machinery,1930,0.012617131033962479
North America,Non-metallic minerals,machinery,1931,0.012871434407533197
North America,Non-metallic minerals,machinery,1932,0.013148686922086815
North America,Non-metallic minerals,machinery,1933,0.013457814875526403
North America,Non-metallic minerals,machinery,1934,0.013806375458326418
North America,Non-metallic minerals,machinery,1935,0.014197944962765075
North America,Non-metallic minerals,machinery,1936,0.01463062459364685
North America,Non-metallic minerals,machinery,1937,0.015097389336620335
North America,Non-metallic minerals,machinery,1938,0.015586415169502845
North America,Non-metallic minerals,machinery,1939,0.016079908426824666
North America,Non-metallic minerals,machinery,1940,0.016553666702795088
North America,Non-metallic minerals,machinery,1941,0.016981452161338645
North America,Non-metallic minerals,machinery,1942,0.017344442424994014
North America,Non-metallic minerals,machinery,1943,0.017640141796528484
North America,Non-metallic minerals,machinery,1944,0.01788431519384126
North America,Non-metallic minerals,machinery,1945,0.01810475547465506
North America,Non-metallic minerals,machinery,1946,0.018330623872945127
North America,Non-metallic minerals,machinery,1947,0.01858265292297124
North America,Non-metallic minerals,machinery,1948,0.018868932350984444
North America,Non-metallic minerals,machinery,1949,0.019187419227320965
North America,Non-metallic minerals,machinery,1950,0.019531799808829048
North America,Non-metallic minerals,machinery,1951,0.019896357197436747
North America,Non-metallic minerals,machinery,1952,0.020277891968777717
North America,Non-metallic minerals,machinery,1953,0.020675263104140397
North America,Non-metallic minerals,machinery,1954,0.02108818392757863
North America,Non-metallic minerals,machinery,1955,0.021516730452276804
North America,Non-metallic minerals,machinery,1956,0.02196174196947094
North America,Non-metallic minerals,machinery,1957,0.022425056081499077
North America,Non-metallic minerals,machinery,1958,0.022909554226864002
North America,Non-metallic minerals,machinery,1959,0.023421098909552896
North America,Non-metallic minerals,machinery,1960,0.023972793170295017
North America,Non-metallic minerals,machinery,1961,0.02458762324472828
North America,Non-metallic minerals,machinery,1962,0.025295888797351007
North America,Non-metallic minerals,machinery,1963,0.0261286719026455
North America,Non-metallic minerals,machinery,1964,0.027111071518523995
North America,Non-metallic minerals,machinery,1965,0.02825733637629889
North America,Non-metallic minerals,machinery,1966,0.029568136894511633
North America,Non-metallic minerals,machinery,1967,0.031031570849350813
North America,Non-metallic minerals,machinery,1968,0.03263032567896484
North America,Non-metallic minerals,machinery,1969,0.03435108805221893
North America,Non-metallic minerals,machinery,1970,0.036187167737860675
North America,Non-metallic minerals,machinery,1971,0.038131751308227095
North America,Non-metallic minerals,machinery,1972,0.040171068828574207
North America,Non-metallic minerals,machinery,1973,0.04228725603727233
North America,Non-metallic minerals,machinery,1974,0.044465596223880875
North America,Non-metallic minerals,machinery,1975,0.04669296081271277
North America,Non-metallic minerals,machinery,1976,0.048947264641903895
North America,Non-metallic minerals,machinery,1977,0.05119423923695371
North America,Non-metallic minerals,machinery,1978,0.05340168652189941
North America,Non-metallic minerals,machinery,1979,0.055558893042286596
North America,Non-metallic minerals,machinery,1980,0.05767750137399186
North America,Non-metallic minerals,machinery,1981,0.05976153122563431
North America,Non-metallic minerals,machinery,1982,0.061775277067056475
North America,Non-metallic minerals,machinery,1983,0.0636558853513125
North America,Non-metallic minerals,machinery,1984,0.06536457312372543
North America,Non-metallic minerals,machinery,1985,0.06692301498377201
North America,Non-metallic minerals,machinery,1986,0.06840770793028127
North America,Non-metallic minerals,machinery,1987,0.06992398858239447
North America,Non-metallic minerals,machinery,1988,0.07157960827831507
North America,Non-metallic minerals,machinery,1989,0.07345248352425471
North America,Non-metallic minerals,machinery,1990,0.07555512911813823
North America,Non-metallic minerals,machinery,1991,0.07782396493994423
North America,Non-metallic minerals,machinery,1992,0.08015476982754584
North America,Non-metallic minerals,machinery,1993,0.08245831560753578
North America,Non-metallic minerals,machinery,1994,0.08468745004170544
North America,Non-metallic minerals,machinery,1995,0.08682982555939454
North America,Non-metallic minerals,machinery,1996,0.088894628534669215
North America,Non-metallic minerals,machinery,1997,0.09089010919479032
North America,Non-metallic minerals,machinery,1998,0.09279091842139084
North America,Non-metallic minerals,machinery,1999,0.094536444219291485
North America,Non-metallic minerals,machinery,2000,0.09606478941943636
North America,Non-metallic minerals,machinery,2001,0.09736810602871285
North America,Non-metallic minerals,machinery,2002,0.09879886483993594
North America,Non-metallic minerals,machinery,2003,0.10201245641874283
North America,Non-metallic minerals,machinery,2004,0.11084538700407179
North America,Non-metallic minerals,machinery,2005,0.13042692841615175
North America,Non-metallic minerals,machinery,2006,0.1644618773615091
North America,Non-metallic minerals,machinery,2007,0.21286325326901204
North America,Non-metallic minerals,machinery,2008,0.27162663222166433
North America,Non-metallic minerals,machinery,2009,0.33470305050731486
North America,Non-metallic minerals,machinery,2010,0.3962489645713697
North America,Non-metallic minerals,machinery,2011,0.4519944336560738
North America,Non-metallic minerals,machinery,2012,0.49957531289833507
North America,Non-metallic minerals,machinery,2013,0.5382287986218643
North America,Non-metallic minerals,machinery,2014,0.5682010899433377
North America,Non-metallic minerals,machinery,2015,0.5901984738935813
North America,Non-metallic minerals,machinery,2016,0.6051235721555779
North America,Non-metallic minerals,short_lived,1900,0.5218814403766084
North America,Non-metallic minerals,short_lived,1901,0.5412494474092359
North America,Non-metallic minerals,short_lived,1902,0.580867619603962
North America,Non-metallic minerals,short_lived,1903,0.623089101702458
North America,Non-metallic minerals,short_lived,1904,0.6659050222156548
North America,Non-metallic minerals,short_lived,1905,0.7104038812609772
North America,Non-metallic minerals,short_lived,1906,0.7579553165875672
North America,Non-metallic minerals,short_lived,1907,0.8058631172353722
North America,Non-metallic minerals,short_lived,1908,0.8557332493541467
North America,Non-metallic minerals,short_lived,1909,0.9065758577021483
North America,Non-metallic minerals,short_lived,1910,0.9605951818782903
North America,Non-metallic minerals,short_lived,1911,1.0181115392602667
North America,Non-metallic minerals,short_lived,1912,1.0739597794570337
North America,Non-metallic minerals,short_lived,1913,1.1316908251622935
North America,Non-metallic minerals,short_lived,1914,1.1955024718536744
North America,Non-metallic minerals,short_lived,1915,1.255628310388361
North America,Non-metallic minerals,short_lived,1916,1.3086267787782577
North America,Non-metallic minerals,short_lived,1917,1.3675841685808752
North America,Non-metallic minerals,short_lived,1918,1.4248741921194066
North America,Non-metallic minerals,short_lived,1919,1.4793129640832945
North America,Non-metallic minerals,short_lived,1920,1.5322255429373466
North America,Non-metallic minerals,short_lived,1921,1.6004513536413942
North America,Non-metallic minerals,short_lived,1922,1.668115670309578
North America,Non-metallic minerals,short_lived,1923,1.7363532538894433
North America,Non-metallic minerals,short_lived,1924,1.8092282400008368
North America,Non-metallic minerals,short_lived,1925,1.8887302504636998
North America,Non-metallic minerals,short_lived,1926,1.9635878897915489
North America,Non-metallic minerals,short_lived,1927,2.0364033143344717
North America,Non-metallic minerals,short_lived,1928,2.112784722039892
North America,Non-metallic minerals,short_lived,1929,2.1873197751915336
North America,Non-metallic minerals,short_lived,1930,2.259518920663326
North America,Non-metallic minerals,short_lived,1931,2.3304362154773353
North America,Non-metallic minerals,short_lived,1932,2.395732366893763
North America,Non-metallic minerals,short_lived,1933,2.4586160926345033
North America,Non-metallic minerals,short_lived,1934,2.5243954505556827
North America,Non-metallic minerals,short_lived,1935,2.5924526972855837
North America,Non-metallic minerals,short_lived,1936,2.6626636259872827
North America,Non-metallic minerals,short_lived,1937,2.73224777018568
North America,Non-metallic minerals,short_lived,1938,2.803972794567067
North America,Non-metallic minerals,short_lived,1939,2.8752354309490555
North America,Non-metallic minerals,short_lived,1940,2.951907395102391
North America,Non-metallic minerals,short_lived,1941,3.0380772239415106
North America,Non-metallic minerals,short_lived,1942,3.1174807188021316
North America,Non-metallic minerals,short_lived,1943,3.2025579839720675
North America,Non-metallic minerals,short_lived,1944,3.296812292476539
North America,Non-metallic minerals,short_lived,1945,3.389146232016424
North America,Non-metallic minerals,short_lived,1946,3.4779057062341656
North America,Non-metallic minerals,short_lived,1947,3.566789282201894
North America,Non-metallic minerals,short_lived,1948,3.6302324595775275
North America,Non-metallic minerals,short_lived,1949,3.7530834929643566
North America,Non-metallic minerals,short_lived,1950,3.8813800055923604
North America,Non-metallic minerals,short_lived,1951,4.019981800306545
North America,Non-metallic minerals,short_lived,1952,4.183944257958767
North America,Non-metallic minerals,short_lived,1953,4.352200955890142
North America,Non-metallic minerals,short_lived,1954,4.528575362256034
North America,Non-metallic minerals,short_lived,1955,4.71408507574347
North America,Non-metallic minerals,short_lived,1956,4.907104259952984
North America,Non-metallic minerals,short_lived,1957,5.104445906269099
North America,Non-metallic minerals,short_lived,1958,5.3143932499582744
North America,Non-metallic minerals,short_lived,1959,5.52433777514254
North America,Non-metallic minerals,short_lived,1960,5.743640492031278
North America,Non-metallic minerals,short_lived,1961,5.948156939791948
North America,Non-metallic minerals,short_lived,1962,6.158509982395669
North America,Non-metallic minerals,short_lived,1963,6.400274768584813
North America,Non-metallic minerals,short_lived,1964,6.653588968218554
North America,Non-metallic minerals,short_lived,1965,6.93545912219818
North America,Non-metallic minerals,short_lived,1966,7.212362800589876
North America,Non-metallic minerals,short_lived,1967,7.524607406678744
North America,Non-metallic minerals,short_lived,1968,7.824973579041447
North America,Non-metallic minerals,short_lived,1969,8.174871882918334
North America,Non-metallic minerals,short_lived,1970,8.450592490397971
North America,Non-metallic minerals,short_lived,1971,8.765790486370259
North America,Non-metallic minerals,short_lived,1972,8.819446763310891
North America,Non-metallic minerals,short_lived,1973,9.435727720923841
North America,Non-metallic minerals,short_lived,1974,9.983575748512836
North America,Non-metallic minerals,short_lived,1975,9.774837301339502
North America,Non-metallic minerals,short_lived,1976,10.161980999765618
North America,Non-metallic minerals,short_lived,1977,10.631805480655434
North America,Non-metallic minerals,short_lived,1978,10.48041746526619
North America,Non-metallic minerals,short_lived,1979,11.367498416698252
North America,Non-metallic minerals,short_lived,1980,10.975385359452359
North America,Non-metallic minerals,short_lived,1981,11.018561729715566
North America,Non-metallic minerals,short_lived,1982,10.651104358458287
North America,Non-metallic minerals,short_lived,1983,10.215627921907059
North America,Non-metallic minerals,short_lived,1984,9.849577818660574
North America,Non-metallic minerals,short_lived,1985,9.657486159659596
North America,Non-metallic minerals,short_lived,1986,9.099941253232616
North America,Non-metallic minerals,short_lived,1987,8.763814402564496
North America,Non-metallic minerals,short_lived,1988,8.118782879662906
North America,Non-metallic minerals,short_lived,1989,8.56456924744478
North America,Non-metallic minerals,short_lived,1990,8.630941346401785
North America,Non-metallic minerals,short_lived,1991,8.506534809748711
North America,Non-metallic minerals,short_lived,1992,8.313738778401254
North America,Non-metallic minerals,short_lived,1993,8.656330079259497
North America,Non-metallic minerals,short_lived,1994,9.185314934742442
North America,Non-metallic minerals,short_lived,1995,8.984462566340415
North America,Non-metallic minerals,short_lived,1996,8.804870359932458
North America,Non-metallic minerals,short_lived,1997,8.276733901163103
North America,Non-metallic minerals,short_lived,1998,8.400971990821773
North America,Non-metallic minerals,short_lived,1999,8.426746908138218
North America,Non-metallic minerals,short_lived,2000,8.473047848477444
North America,Non-metallic minerals,short_lived,2001,8.314953599288424
North America,Non-metallic minerals,short_lived,2002,8.203363084755537
North America,Non-metallic minerals,short_lived,2003,8.541399888040486
North America,Non-metallic minerals,short_lived,2004,8.344512096317649
North America,Non-metallic minerals,short_lived,2005,8.490825659346347
North America,Non-metallic minerals,short_lived,2006,8.58057555838591
North America,Non-metallic minerals,short_lived,2007,8.546920840225697
North America,Non-metallic minerals,short_lived,2008,8.71792355958149
North America,Non-metallic minerals,short_lived,2009,8.439012871704099
North America,Non-metallic minerals,short_lived,2010,8.589437543722024
North America,Non-metallic minerals,short_lived,2011,8.476699589450817
North America,Non-metallic minerals,short_lived,2012,8.66408415481339
North America,Non-metallic minerals,short_lived,2013,8.76065391870873
North America,Non-metallic minerals,short_lived,2014,8.915109290437336
North America,Non-metallic minerals,short_lived,2015,9.175800859616668
North America,Non-metallic minerals,short_lived,2016,9.65272095385032
Oceania,Metal ores,buildings,1900,1.5199430900715422e-4
Oceania,Metal ores,buildings,1901,1.6310334304476214e-4
Oceania,Metal ores,buildings,1902,1.7478820302718363e-4
Oceania,Metal ores,buildings,1903,1.870737893895105e-4
Oceania,Metal ores,buildings,1904,1.9998755704224327e-4
Oceania,Metal ores,buildings,1905,2.135600200433331e-4
Oceania,Metal ores,buildings,1906,2.2782538740025518e-4
Oceania,Metal ores,buildings,1907,2.4282219535869354e-4
Oceania,Metal ores,buildings,1908,2.5859374395298087e-4
Oceania,Metal ores,buildings,1909,2.751881708872029e-4
Oceania,Metal ores,buildings,1910,2.9265824076563963e-4
Oceania,Metal ores,buildings,1911,3.110616689275588e-4
Oceania,Metal ores,buildings,1912,3.304643407792923e-4
Oceania,Metal ores,buildings,1913,3.5095107887797756e-4
Oceania,Metal ores,buildings,1914,3.7265088353427296e-4
Oceania,Metal ores,buildings,1915,3.9578447226784873e-4
Oceania,Metal ores,buildings,1916,4.2074022336633125e-4
Oceania,Metal ores,buildings,1917,4.481799540432147e-4
Oceania,Metal ores,buildings,1918,4.791692339055947e-4
Oceania,Metal ores,buildings,1919,5.153199419802927e-4
Oceania,Metal ores,buildings,1920,5.589274741963864e-4
Oceania,Metal ores,buildings,1921,6.130828314981769e-4
Oceania,Metal ores,buildings,1922,6.81741318692067e-4
Oceania,Metal ores,buildings,1923,7.697344043980416e-4
Oceania,Metal ores,buildings,1924,8.827183499431388e-4
Oceania,Metal ores,buildings,1925,0.0010270609780185088
Oceania,Metal ores,buildings,1926,0.0012096748012057972
Oceania,Metal ores,buildings,1927,0.0014378094140918675
Oceania,Metal ores,buildings,1928,0.0017188181036896137
Oceania,Metal ores,buildings,1929,0.0020599134947342054
Oceania,Metal ores,buildings,1930,0.0024679257824442003
Oceania,Metal ores,buildings,1931,0.0029490758407768247
Oceania,Metal ores,buildings,1932,0.0035087748759617004
Oceania,Metal ores,buildings,1933,0.004151462211311443
Oceania,Metal ores,buildings,1934,0.004880492481394111
Oceania,Metal ores,buildings,1935,0.005698082049761021
Oceania,Metal ores,buildings,1936,0.006605321304062409
Oceania,Metal ores,buildings,1937,0.0076022547475906085
Oceania,Metal ores,buildings,1938,0.008688025121362518
Oceania,Metal ores,buildings,1939,0.009861071920653297
Oceania,Metal ores,buildings,1940,0.011119369239604705
Oceania,Metal ores,buildings,1941,0.012460683261722751
Oceania,Metal ores,buildings,1942,0.01388282611895056
Oceania,Metal ores,buildings,1943,0.01538388064249605
Oceania,Metal ores,buildings,1944,0.01696237072093983
Oceania,Metal ores,buildings,1945,0.01861735626127985
Oceania,Metal ores,buildings,1946,0.02034844177446455
Oceania,Metal ores,buildings,1947,0.022155703652822777
Oceania,Metal ores,buildings,1948,0.024039561074963675
Oceania,Metal ores,buildings,1949,0.026000634490222975
Oceania,Metal ores,buildings,1950,0.02803964794072781
Oceania,Metal ores,buildings,1951,0.03015743222936908
Oceania,Metal ores,buildings,1952,0.03235507348558313
Oceania,Metal ores,buildings,1953,0.03463422839344721
Oceania,Metal ores,buildings,1954,0.03699759834394012
Oceania,Metal ores,buildings,1955,0.039449525371877354
Oceania,Metal ores,buildings,1956,0.041996646627115046
Oceania,Metal ores,buildings,1957,0.04464852349160163
Oceania,Metal ores,buildings,1958,0.04741814846230753
Oceania,Metal ores,buildings,1959,0.050322230830317935
Oceania,Metal ores,buildings,1960,0.053381174658132594
Oceania,Metal ores,buildings,1961,0.056618691520859035
Oceania,Metal ores,buildings,1962,0.060061034193269
Oceania,Metal ores,buildings,1963,0.06373589019935925
Oceania,Metal ores,buildings,1964,0.0676710274841441
Oceania,Metal ores,buildings,1965,0.07189282922221234
Oceania,Metal ores,buildings,1966,0.07642488255832021
Oceania,Metal ores,buildings,1967,0.08128679081100311
Oceania,Metal ores,buildings,1968,0.08649335838888292
Oceania,Metal ores,buildings,1969,0.09205425574527183
Oceania,Metal ores,buildings,1970,0.09797421614860165
Oceania,Metal ores,buildings,1971,0.10425375682621693
Oceania,Metal ores,buildings,1972,0.11089036292655514
Oceania,Metal ores,buildings,1973,0.11788002960679457
Oceania,Metal ores,buildings,1974,0.12521902863186982
Oceania,Metal ores,buildings,1975,0.1329057533213701
Oceania,Metal ores,buildings,1976,0.1409425013160368
Oceania,Metal ores,buildings,1977,0.1493370782842592
Oceania,Metal ores,buildings,1978,0.15810414261268876
Oceania,Metal ores,buildings,1979,0.16726625197422862
Oceania,Metal ores,buildings,1980,0.17685460699529634
Oceania,Metal ores,buildings,1981,0.18690950778987342
Oceania,Metal ores,buildings,1982,0.19748054369219642
Oceania,Metal ores,buildings,1983,0.20862652728259196
Oceania,Metal ores,buildings,1984,0.2204151662768058
Oceania,Metal ores,buildings,1985,0.23292244911110055
Oceania,Metal ores,buildings,1986,0.2462317100451858
Oceania,Metal ores,buildings,1987,0.26043234054759545
Oceania,Metal ores,buildings,1988,0.27561812238499894
Oceania,Metal ores,buildings,1989,0.2918851690705648
Oceania,Metal ores,buildings,1990,0.30932947629275065
Oceania,Metal ores,buildings,1991,0.32804410605208784
Oceania,Metal ores,buildings,1992,0.34811607134980554
Oceania,Metal ores,buildings,1993,0.36962304647715505
Oceania,Metal ores,buildings,1994,0.3926300865873098
Oceania,Metal ores,buildings,1995,0.41718657736486875
Oceania,Metal ores,buildings,1996,0.44332363648194256
Oceania,Metal ores,buildings,1997,0.4710521535622519
Oceania,Metal ores,buildings,1998,0.5003615972757967
Oceania,Metal ores,buildings,1999,0.531219653146082
Oceania,Metal ores,buildings,2000,0.5635726959133056
Oceania,Metal ores,buildings,2001,0.5973470504245875
Oceania,Metal ores,buildings,2002,0.6324509520181437
Oceania,Metal ores,buildings,2003,0.6687770761563104
Oceania,Metal ores,buildings,2004,0.7062054694577327
Oceania,Metal ores,buildings,2005,0.7446066931002717
Oceania,Metal ores,buildings,2006,0.7838450011990643
Oceania,Metal ores,buildings,2007,0.8237814266492937
Oceania,Metal ores,buildings,2008,0.8642767208080222
Oceania,Metal ores,buildings,2009,0.9051941624467571
Oceania,Metal ores,buildings,2010,0.9464022865981118
Oceania,Metal ores,buildings,2011,0.9877775690138331
Oceania,Metal ores,buildings,2012,1.0292070399077538
Oceania,Metal ores,buildings,2013,1.0705907140773432
Oceania,Metal ores,buildings,2014,1.1118436502878708
Oceania,Metal ores,buildings,2015,1.1528974297234154
Oceania,Metal ores,buildings,2016,1.1937008948630508
Oceania,Metal ores,civil_infrastructure,1900,6.8599735553078e-7
Oceania,Metal ores,civil_infrastructure,1901,7.697874711835201e-7
Oceania,Metal ores,civil_infrastructure,1902,8.622413542847199e-7
Oceania,Metal ores,civil_infrastructure,1903,9.6415856689378e-7
Oceania,Metal ores,civil_infrastructure,1904,1.07640843146812e-6
Oceania,Metal ores,civil_infrastructure,1905,1.19993430036135e-6
Oceania,Metal ores,civil_infrastructure,1906,1.3357576096653599e-6
Oceania,Metal ores,civil_infrastructure,1907,1.48498166426781e-6
Oceania,Metal ores,civil_infrastructure,1908,1.64879511001597e-6
Oceania,Metal ores,civil_infrastructure,1909,1.8284750594412502e-6
Oceania,Metal ores,civil_infrastructure,1910,2.02538984928285e-6
Oceania,Metal ores,civil_infrastructure,1911,2.2410014205653097e-6
Oceania,Metal ores,civil_infrastructure,1912,2.47686732492039e-6
Oceania,Metal ores,civil_infrastructure,1913,2.73464237390862e-6
Oceania,Metal ores,civil_infrastructure,1914,3.016079961031362e-6
Oceania,Metal ores,civil_infrastructure,1915,3.323033098794535e-6
Oceania,Metal ores,civil_infrastructure,1916,3.6574552256298124e-6
Oceania,Metal ores,civil_infrastructure,1917,4.0214008493099405e-6
Oceania,Metal ores,civil_infrastructure,1918,4.417026106099142e-6
Oceania,Metal ores,civil_infrastructure,1919,4.846589329500547e-6
Oceania,Metal ores,civil_infrastructure,1920,5.312451744739326e-6
Oceania,Metal ores,civil_infrastructure,1921,5.817078446457289e-6
Oceania,Metal ores,civil_infrastructure,1922,6.363039896569504e-6
Oceania,Metal ores,civil_infrastructure,1923,6.95301433023287e-6
Oceania,Metal ores,civil_infrastructure,1924,7.589791727556749e-6
Oceania,Metal ores,civil_infrastructure,1925,8.276280456693788e-6
Oceania,Metal ores,civil_infrastructure,1926,9.015518391925532e-6
Oceania,Metal ores,civil_infrastructure,1927,9.81069132965335e-6
Oceania,Metal ores,civil_infrastructure,1928,1.066516292318825e-5
Oceania,Metal ores,civil_infrastructure,1929,1.1582522168100647e-5
Oceania,Metal ores,civil_infrastructure,1930,1.2566656681759004e-5
Oceania,Metal ores,civil_infrastructure,1931,1.3621862569245792e-5
Oceania,Metal ores,civil_infrastructure,1932,1.4753004428763062e-5
Oceania,Metal ores,civil_infrastructure,1933,1.596574183583121e-5
Oceania,Metal ores,civil_infrastructure,1934,1.7266841225462933e-5
Oceania,Metal ores,civil_infrastructure,1935,1.8664594191781962e-5
Oceania,Metal ores,civil_infrastructure,1936,2.01693645727743e-5
Oceania,Metal ores,civil_infrastructure,1937,2.1794287010113513e-5
Oceania,Metal ores,civil_infrastructure,1938,2.3556138754627853e-5
Oceania,Metal ores,civil_infrastructure,1939,2.5476404156526444e-5
Oceania,Metal ores,civil_infrastructure,1940,2.758254745655593e-5
Oceania,Metal ores,civil_infrastructure,1941,2.9909504199149728e-5
Oceania,Metal ores,civil_infrastructure,1942,3.250139491666736e-5
Oceania,Metal ores,civil_infrastructure,1943,3.5413456920885217e-05
Oceania,Metal ores,civil_infrastructure,1944,3.871418136361373e-5
Oceania,Metal ores,civil_infrastructure,1945,4.248763359612203e-5
Oceania,Metal ores,civil_infrastructure,1946,4.683592569415319e-5
Oceania,Metal ores,civil_infrastructure,1947,5.188180130458991e-5
Oceania,Metal ores,civil_infrastructure,1948,5.777128519077651e-5
Oceania,Metal ores,civil_infrastructure,1949,6.46763434558089e-5
Oceania,Metal ores,civil_infrastructure,1950,7.279749580836572e-5
Oceania,Metal ores,civil_infrastructure,1951,8.236631870388791e-5
Oceania,Metal ores,civil_infrastructure,1952,9.364777794525168e-5
Oceania,Metal ores,civil_infrastructure,1953,1.0694233140892967e-4
Oceania,Metal ores,civil_infrastructure,1954,1.2258774690419389e-4
Oceania,Metal ores,civil_infrastructure,1955,1.4096058654359782e-4
Oceania,Metal ores,civil_infrastructure,1956,1.6247731707138682e-4
Oceania,Metal ores,civil_infrastructure,1957,1.875950149436698e-4
Oceania,Metal ores,civil_infrastructure,1958,2.1681164511779138e-4
Oceania,Metal ores,civil_infrastructure,1959,2.506659030514272e-4
Oceania,Metal ores,civil_infrastructure,1960,2.897366199500049e-4
Oceania,Metal ores,civil_infrastructure,1961,3.3464174156044233e-4
Oceania,Metal ores,civil_infrastructure,1962,3.86036900620552e-4
Oceania,Metal ores,civil_infrastructure,1963,4.446136124317086e-4
Oceania,Metal ores,civil_infrastructure,1964,5.110971319621566e-4
Oceania,Metal ores,civil_infrastructure,1965,5.862440195567463e-4
Oceania,Metal ores,civil_infrastructure,1966,6.708394708260615e-4
Oceania,Metal ores,civil_infrastructure,1967,7.656944746660902e-4
Oceania,Metal ores,civil_infrastructure,1968,8.716428715152298e-4
Oceania,Metal ores,civil_infrastructure,1969,9.895383916397123e-4
Oceania,Metal ores,civil_infrastructure,1970,0.001120251759964243
Oceania,Metal ores,civil_infrastructure,1971,0.0012646679591188665
Oceania,Metal ores,civil_infrastructure,1972,0.001423683745173322
Oceania,Metal ores,civil_infrastructure,1973,0.0015982055101941494
Oceania,Metal ores,civil_infrastructure,1974,0.0017891475815866326
Oceania,Metal ores,civil_infrastructure,1975,0.0019974310396183043
Oceania,Metal ores,civil_infrastructure,1976,0.002223983121415697
Oceania,Metal ores,civil_infrastructure,1977,0.002469737262234676
Oceania,Metal ores,civil_infrastructure,1978,0.002735633803567665
Oceania,Metal ores,civil_infrastructure,1979,0.0030226213737804997
Oceania,Metal ores,civil_infrastructure,1980,0.003331658921842717
Oceania,Metal ores,civil_infrastructure,1981,0.003663718360132413
Oceania,Metal ores,civil_infrastructure,1982,0.004019787750031317
Oceania,Metal ores,civil_infrastructure,1983,0.004400874945932731
Oceania,Metal ores,civil_infrastructure,1984,0.004808011600948828
Oceania,Metal ores,civil_infrastructure,1985,0.005242257432312368
Oceania,Metal ores,civil_infrastructure,1986,0.005704704646990608
Oceania,Metal ores,civil_infrastructure,1987,0.006196482438716545
Oceania,Metal ores,civil_infrastructure,1988,0.006718761486169176
Oceania,Metal ores,civil_infrastructure,1989,0.007272758407685961
Oceania,Metal ores,civil_infrastructure,1990,0.00785974015939338
Oceania,Metal ores,civil_infrastructure,1991,0.00848102839936962
Oceania,Metal ores,civil_infrastructure,1992,0.009138003878515016
Oceania,Metal ores,civil_infrastructure,1993,0.009832110957041715
Oceania,Metal ores,civil_infrastructure,1994,0.010564862381676835
Oceania,Metal ores,civil_infrastructure,1995,0.011337844490626279
Oceania,Metal ores,civil_infrastructure,1996,0.012152723038730506
Oceania,Metal ores,civil_infrastructure,1997,0.01301124985224203
Oceania,Metal ores,civil_infrastructure,1998,0.01391527052919764
Oceania,Metal ores,civil_infrastructure,1999,0.014866733396150838
Oceania,Metal ores,civil_infrastructure,2000,0.015867699913663075
Oceania,Metal ores,civil_infrastructure,2001,0.016920356690885822
Oceania,Metal ores,civil_infrastructure,2002,0.01802702922335323
Oceania,Metal ores,civil_infrastructure,2003,0.01919019740825279
Oceania,Metal ores,civil_infrastructure,2004,0.02041251281882715
Oceania,Metal ores,civil_infrastructure,2005,0.021696817635978177
Oceania,Metal ores,civil_infrastructure,2006,0.023046165042991205
Oceania,Metal ores,civil_infrastructure,2007,0.024463840791780208
Oceania,Metal ores,civil_infrastructure,2008,0.02595338554992772
Oceania,Metal ores,civil_infrastructure,2009,0.027518617541311487
Oceania,Metal ores,civil_infrastructure,2010,0.02916365490396331
Oceania,Metal ores,civil_infrastructure,2011,0.030892937111395295
Oceania,Metal ores,civil_infrastructure,2012,0.03271124474267468
Oceania,Metal ores,civil_infrastructure,2013,0.03462371684573949
Oceania,Metal ores,civil_infrastructure,2014,0.03663586512124357
Oceania,Metal ores,civil_infrastructure,2015,0.03875358416281433
Oceania,Metal ores,civil_infrastructure,2016,0.04098315702538237
Oceania,Metal ores,machinery,1900,0.03330444122578233
Oceania,Metal ores,machinery,1901,0.03554161621063131
Oceania,Metal ores,machinery,1902,0.037336142971201046
Oceania,Metal ores,machinery,1903,0.038654935995359435
Oceania,Metal ores,machinery,1904,0.039614974788026724
Oceania,Metal ores,machinery,1905,0.04039294889328407
Oceania,Metal ores,machinery,1906,0.04115777528955057
Oceania,Metal ores,machinery,1907,0.04195125051066174
Oceania,Metal ores,machinery,1908,0.042580263382184624
Oceania,Metal ores,machinery,1909,0.0428479037814445
Oceania,Metal ores,machinery,1910,0.04294653546176789
Oceania,Metal ores,machinery,1911,0.04345432908619931
Oceania,Metal ores,machinery,1912,0.04493385192755868
Oceania,Metal ores,machinery,1913,0.047584797102851954
Oceania,Metal ores,machinery,1914,0.05123594308628032
Oceania,Metal ores,machinery,1915,0.055571912949387736
Oceania,Metal ores,machinery,1916,0.06033651493494237
Oceania,Metal ores,machinery,1917,0.06539422372272902
Oceania,Metal ores,machinery,1918,0.07068113433548898
Oceania,Metal ores,machinery,1919,0.07613334051802995
Oceania,Metal ores,machinery,1920,0.08166958758225538
Oceania,Metal ores,machinery,1921,0.08719816403471953
Oceania,Metal ores,machinery,1922,0.09265344137765047
Oceania,Metal ores,machinery,1923,0.09816368523461902
Oceania,Metal ores,machinery,1924,0.10409931278371833
Oceania,Metal ores,machinery,1925,0.1108694898181592
Oceania,Metal ores,machinery,1926,0.11852325137030702
Oceania,Metal ores,machinery,1927,0.1261938304410306
Oceania,Metal ores,machinery,1928,0.13236153242292809
Oceania,Metal ores,machinery,1929,0.13617184719754244
Oceania,Metal ores,machinery,1930,0.13840876266456262
Oceania,Metal ores,machinery,1931,0.141072507600866
Oceania,Metal ores,machinery,1932,0.14601026280009932
Oceania,Metal ores,machinery,1933,0.15393829577532614
Oceania,Metal ores,machinery,1934,0.16437268798355434
Oceania,Metal ores,machinery,1935,0.17602939043357305
Oceania,Metal ores,machinery,1936,0.187449941389171
Oceania,Metal ores,machinery,1937,0.1977469443597497
Oceania,Metal ores,machinery,1938,0.2069354172377029
Oceania,Metal ores,machinery,1939,0.2155582831371926
Oceania,Metal ores,machinery,1940,0.22409560746723353
Oceania,Metal ores,machinery,1941,0.23272768334025318
Oceania,Metal ores,machinery,1942,0.24152734857503955
Oceania,Metal ores,machinery,1943,0.25074760056103745
Oceania,Metal ores,machinery,1944,0.2609449156713966
Oceania,Metal ores,machinery,1945,0.2730351873531197
Oceania,Metal ores,machinery,1946,0.28812840874753076
Oceania,Metal ores,machinery,1947,0.30697765081281
Oceania,Metal ores,machinery,1948,0.3295166109241866
Oceania,Metal ores,machinery,1949,0.35504010599117036
Oceania,Metal ores,machinery,1950,0.38260667484593014
Oceania,Metal ores,machinery,1951,0.410848183820239
Oceania,Metal ores,machinery,1952,0.4378029925217681
Oceania,Metal ores,machinery,1953,0.4615591700869996
Oceania,Metal ores,machinery,1954,0.4810238204397038
Oceania,Metal ores,machinery,1955,0.4961604837950505
Oceania,Metal ores,machinery,1956,0.5077232922144505
Oceania,Metal ores,machinery,1957,0.5167910477992702
Oceania,Metal ores,machinery,1958,0.5245015492796827
Oceania,Metal ores,machinery,1959,0.5319656910198355
Oceania,Metal ores,machinery,1960,0.5403360370743264
Oceania,Metal ores,machinery,1961,0.5510691873630748
Oceania,Metal ores,machinery,1962,0.565864224820069
Oceania,Metal ores,machinery,1963,0.5858669963593975
Oceania,Metal ores,machinery,1964,0.6110210650724053
Oceania,Metal ores,machinery,1965,0.6404972998095333
Oceania,Metal ores,machinery,1966,0.673555409785597
Oceania,Metal ores,machinery,1967,0.7098224685576762
Oceania,Metal ores,machinery,1968,0.7491960098605651
Oceania,Metal ores,machinery,1969,0.7918525627495495
Oceania,Metal ores,machinery,1970,0.8381050798704942
Oceania,Metal ores,machinery,1971,0.8881143791071597
Oceania,Metal ores,machinery,1972,0.9421904497934339
Oceania,Metal ores,machinery,1973,1.001444778832876
Oceania,Metal ores,machinery,1974,1.0675776611907408
Oceania,Metal ores,machinery,1975,1.1419801320038967
Oceania,Metal ores,machinery,1976,1.2250536572129331
Oceania,Metal ores,machinery,1977,1.3158868112544269
Oceania,Metal ores,machinery,1978,1.412405621815747
Oceania,Metal ores,machinery,1979,1.5120668682958658
Oceania,Metal ores,machinery,1980,1.6125445439083381
Oceania,Metal ores,machinery,1981,1.712285533093292
Oceania,Metal ores,machinery,1982,1.8107318732380133
Oceania,Metal ores,machinery,1983,1.90747211405353
Oceania,Metal ores,machinery,1984,2.001293148421933
Oceania,Metal ores,machinery,1985,2.08997003817661
Oceania,Metal ores,machinery,1986,2.1702204231161333
Oceania,Metal ores,machinery,1987,2.2392769491017086
Oceania,Metal ores,machinery,1988,2.297568553299902
Oceania,Metal ores,machinery,1989,2.3485982275436172
Oceania,Metal ores,machinery,1990,2.3958349011811175
Oceania,Metal ores,machinery,1991,2.4404615238571457
Oceania,Metal ores,machinery,1992,2.482153300379512
Oceania,Metal ores,machinery,1993,2.521080495082388
Oceania,Metal ores,machinery,1994,2.5584209656453343
Oceania,Metal ores,machinery,1995,2.5953117638603813
Oceania,Metal ores,machinery,1996,2.632177921151973
Oceania,Metal ores,machinery,1997,2.668962163481123
Oceania,Metal ores,machinery,1998,2.7047103803447183
Oceania,Metal ores,machinery,1999,2.7367853777770947
Oceania,Metal ores,machinery,2000,2.761714987269378
Oceania,Metal ores,machinery,2001,2.7777132953288937
Oceania,Metal ores,machinery,2002,2.7860584196798124
Oceania,Metal ores,machinery,2003,2.7894462417036068
Oceania,Metal ores,machinery,2004,2.7905420602559308
Oceania,Metal ores,machinery,2005,2.79287493349651
Oceania,Metal ores,machinery,2006,2.8011272390388497
Oceania,Metal ores,machinery,2007,2.8190023179239927
Oceania,Metal ores,machinery,2008,2.846760395724925
Oceania,Metal ores,machinery,2009,2.88121008502729
Oceania,Metal ores,machinery,2010,2.9185501136808902
Oceania,Metal ores,machinery,2011,2.95777285254954
Oceania,Metal ores,machinery,2012,3.0017298611342556
Oceania,Metal ores,machinery,2013,3.0552501609836096
Oceania,Metal ores,machinery,2014,3.1222095882725145
Oceania,Metal ores,machinery,2015,3.203585149024707
Oceania,Metal ores,machinery,2016,3.2970667429044913
Oceania,Metal ores,short_lived,1900,0.0036729646981077256
Oceania,Metal ores,short_lived,1901,0.012502839625576703
Oceania,Metal ores,short_lived,1902,0.012875352764248681
Oceania,Metal ores,short_lived,1903,0.013636146618482864
Oceania,Metal ores,short_lived,1904,0.01434141365406015
Oceania,Metal ores,short_lived,1905,0.014812854881485068
Oceania,Metal ores,short_lived,1906,0.015669343662752997
Oceania,Metal ores,short_lived,1907,0.016734383344827134
Oceania,Metal ores,short_lived,1908,0.018098675538025567
Oceania,Metal ores,short_lived,1909,0.019729632038109613
Oceania,Metal ores,short_lived,1910,0.02257940438439539
Oceania,Metal ores,short_lived,1911,0.025789661365808073
Oceania,Metal ores,short_lived,1912,0.028456788129168634
Oceania,Metal ores,short_lived,1913,0.03129408077991269
Oceania,Metal ores,short_lived,1914,0.03365565809949437
Oceania,Metal ores,short_lived,1915,0.032838432285571484
Oceania,Metal ores,short_lived,1916,0.03267380817446814
Oceania,Metal ores,short_lived,1917,0.035361822767151746
Oceania,Metal ores,short_lived,1918,0.036327685566343415
Oceania,Metal ores,short_lived,1919,0.038261480122845304
Oceania,Metal ores,short_lived,1920,0.0396473336791473
Oceania,Metal ores,short_lived,1921,0.04322705912518787
Oceania,Metal ores,short_lived,1922,0.04367905249900338
Oceania,Metal ores,short_lived,1923,0.04679545032853501
Oceania,Metal ores,short_lived,1924,0.046441514775949044
Oceania,Metal ores,short_lived,1925,0.05114083171872363
Oceania,Metal ores,short_lived,1926,0.053704480399148026
Oceania,Metal ores,short_lived,1927,0.053733733152625376
Oceania,Metal ores,short_lived,1928,0.056249041876803185
Oceania,Metal ores,short_lived,1929,0.05712496667735388
Oceania,Metal ores,short_lived,1930,0.05998476231104013
Oceania,Metal ores,short_lived,1931,0.05619561212328533
Oceania,Metal ores,short_lived,1932,0.055735217267472076
Oceania,Metal ores,short_lived,1933,0.055867683376119276
Oceania,Metal ores,short_lived,1934,0.0630268981041905
Oceania,Metal ores,short_lived,1935,0.07061969207917672
Oceania,Metal ores,short_lived,1936,0.08052651752704834
Oceania,Metal ores,short_lived,1937,0.08673148288618392
Oceania,Metal ores,short_lived,1938,0.09908636980268655
Oceania,Metal ores,short_lived,1939,0.10174784114168219
Oceania,Metal ores,short_lived,1940,0.10299255893574401
Oceania,Metal ores,short_lived,1941,0.10739920393012517
Oceania,Metal ores,short_lived,1942,0.12258754369139084
Oceania,Metal ores,short_lived,1943,0.12696855897123524
Oceania,Metal ores,short_lived,1944,0.13015584623643556
Oceania,Metal ores,short_lived,1945,0.13210734492433057
Oceania,Metal ores,short_lived,1946,0.13218599064076594
Oceania,Metal ores,short_lived,1947,0.13337749592742323
Oceania,Metal ores,short_lived,1948,0.1433740180829126
Oceania,Metal ores,short_lived,1949,0.1511663968835288
Oceania,Metal ores,short_lived,1950,0.1590665486932422
Oceania,Metal ores,short_lived,1951,0.16984597563512385
Oceania,Metal ores,short_lived,1952,0.1823024408448202
Oceania,Metal ores,short_lived,1953,0.19354261422221575
Oceania,Metal ores,short_lived,1954,0.21026685870383494
Oceania,Metal ores,short_lived,1955,0.2163141900844279
Oceania,Metal ores,short_lived,1956,0.21638823649018585
Oceania,Metal ores,short_lived,1957,0.22161347260611428
Oceania,Metal ores,short_lived,1958,0.2429168019548142
Oceania,Metal ores,short_lived,1959,0.2470508681207688
Oceania,Metal ores,short_lived,1960,0.25974151156910674
Oceania,Metal ores,short_lived,1961,0.28052336342654566
Oceania,Metal ores,short_lived,1962,0.29199277553460523
Oceania,Metal ores,short_lived,1963,0.3140938029097489
Oceania,Metal ores,short_lived,1964,0.3281472786657471
Oceania,Metal ores,short_lived,1965,0.385721584318104
Oceania,Metal ores,short_lived,1966,0.43006482774326904
Oceania,Metal ores,short_lived,1967,0.4325213228634931
Oceania,Metal ores,short_lived,1968,0.47572376236044966
Oceania,Metal ores,short_lived,1969,0.5164153603926525
Oceania,Metal ores,short_lived,1970,0.5465563968217766
Oceania,Metal ores,short_lived,1971,0.5907559235659245
Oceania,Metal ores,short_lived,1972,0.6218836607874699
Oceania,Metal ores,short_lived,1973,0.6060918989381727
Oceania,Metal ores,short_lived,1974,0.6933359944234232
Oceania,Metal ores,short_lived,1975,0.7582524124797871
Oceania,Metal ores,short_lived,1976,0.719433489119122
Oceania,Metal ores,short_lived,1977,0.7468275681622024
Oceania,Metal ores,short_lived,1978,0.7503175002413607
Oceania,Metal ores,short_lived,1979,0.7730629790453716
Oceania,Metal ores,short_lived,1980,0.83263275106369
Oceania,Metal ores,short_lived,1981,0.8502642585099366
Oceania,Metal ores,short_lived,1982,0.8733938313956713
Oceania,Metal ores,short_lived,1983,0.8401825873194567
Oceania,Metal ores,short_lived,1984,0.7994512466915675
Oceania,Metal ores,short_lived,1985,0.8865444292539709
Oceania,Metal ores,short_lived,1986,0.8715536305919971
Oceania,Metal ores,short_lived,1987,0.8642090669417655
Oceania,Metal ores,short_lived,1988,0.8638698303735467
Oceania,Metal ores,short_lived,1989,0.9039660899148042
Oceania,Metal ores,short_lived,1990,0.946091038971307
Oceania,Metal ores,short_lived,1991,0.8652295081016284
Oceania,Metal ores,short_lived,1992,0.838547807143662
Oceania,Metal ores,short_lived,1993,0.8770471774772676
Oceania,Metal ores,short_lived,1994,0.9566738719771615
Oceania,Metal ores,short_lived,1995,0.9930857514575916
Oceania,Metal ores,short_lived,1996,0.97960360166356
Oceania,Metal ores,short_lived,1997,1.0254828232525992
Oceania,Metal ores,short_lived,1998,1.1103081672772392
Oceania,Metal ores,short_lived,1999,1.1881676830120937
Oceania,Metal ores,short_lived,2000,1.1869365375317331
Oceania,Metal ores,short_lived,2001,1.153386050838399
Oceania,Metal ores,short_lived,2002,1.1610635410168293
Oceania,Metal ores,short_lived,2003,1.2055195101470195
Oceania,Metal ores,short_lived,2004,1.3013346428775288
Oceania,Metal ores,short_lived,2005,1.3457349828954905
Oceania,Metal ores,short_lived,2006,1.3738781464627967
Oceania,Metal ores,short_lived,2007,1.3662518767484204
Oceania,Metal ores,short_lived,2008,1.3930153080428822
Oceania,Metal ores,short_lived,2009,1.4043826543504692
Oceania,Metal ores,short_lived,2010,1.2528710928198774
Oceania,Metal ores,short_lived,2011,1.487883369819543
Oceania,Metal ores,short_lived,2012,1.545730846355116
Oceania,Metal ores,short_lived,2013,1.6023088145779902
Oceania,Metal ores,short_lived,2014,1.5536647546448181
Oceania,Metal ores,short_lived,2015,1.5891366255669588
Oceania,Metal ores,short_lived,2016,1.6115429578449747
Oceania,Non-metallic minerals,buildings,1900,0.2983882965950597
Oceania,Non-metallic minerals,buildings,1901,0.3124577223495905
Oceania,Non-metallic minerals,buildings,1902,0.32700906127656865
Oceania,Non-metallic minerals,buildings,1903,0.34203912153718025
Oceania,Non-metallic minerals,buildings,1904,0.3575457400072922
Oceania,Non-metallic minerals,buildings,1905,0.37352800962675237
Oceania,Non-metallic minerals,buildings,1906,0.3899864169084369
Oceania,Non-metallic minerals,buildings,1907,0.40692289675697946
Oceania,Non-metallic minerals,buildings,1908,0.4243408387664165
Oceania,Non-metallic minerals,buildings,1909,0.4422451024831554
Oceania,Non-metallic minerals,buildings,1910,0.46064206634199834
Oceania,Non-metallic minerals,buildings,1911,0.47953964541647215
Oceania,Non-metallic minerals,buildings,1912,0.49894715206088686
Oceania,Non-metallic minerals,buildings,1913,0.5188749143007281
Oceania,Non-metallic minerals,buildings,1914,0.5393336877505502
Oceania,Non-metallic minerals,buildings,1915,0.5603340111321985
Oceania,Non-metallic minerals,buildings,1916,0.5818856937812483
Oceania,Non-metallic minerals,buildings,1917,0.6039975815092129
Oceania,Non-metallic minerals,buildings,1918,0.6266776680814551
Oceania,Non-metallic minerals,buildings,1919,0.6499335438338091
Oceania,Non-metallic minerals,buildings,1920,0.6737731129657106
Oceania,Non-metallic minerals,buildings,1921,0.6982054635392806
Oceania,Non-metallic minerals,buildings,1922,0.7232417365206253
Oceania,Non-metallic minerals,buildings,1923,0.7488958248484328
Oceania,Non-metallic minerals,buildings,1924,0.7751847743527068
Oceania,Non-metallic minerals,buildings,1925,0.8021288649015802
Oceania,Non-metallic minerals,buildings,1926,0.8297514627711533
Oceania,Non-metallic minerals,buildings,1927,0.8580787825391609
Oceania,Non-metallic minerals,buildings,1928,0.8871396702221003
Oceania,Non-metallic minerals,buildings,1929,0.9169654510788063
Oceania,Non-metallic minerals,buildings,1930,0.9475898121511795
Oceania,Non-metallic minerals,buildings,1931,0.9790486512140787
Oceania,Non-metallic minerals,buildings,1932,1.0113798353464865
Oceania,Non-metallic minerals,buildings,1933,1.0446228466226937
Oceania,Non-metallic minerals,buildings,1934,1.0788183183808404
Oceania,Non-metallic minerals,buildings,1935,1.1140074836174143
Oceania,Non-metallic minerals,buildings,1936,1.1502315878953178
Oceania,Non-metallic minerals,buildings,1937,1.1875313664295835
Oceania,Non-metallic minerals,buildings,1938,1.225946720595332
Oceania,Non-metallic minerals,buildings,1939,1.2655167226070156
Oceania,Non-metallic minerals,buildings,1940,1.3062800342943874
Oceania,Non-metallic minerals,buildings,1941,1.3482757763048743
Oceania,Non-metallic minerals,buildings,1942,1.3915448269255832
Oceania,Non-metallic minerals,buildings,1943,1.4361314184372718
Oceania,Non-metallic minerals,buildings,1944,1.4820847047228307
Oceania,Non-metallic minerals,buildings,1945,1.5294597572838833
Oceania,Non-metallic minerals,buildings,1946,1.5783173391452647
Oceania,Non-metallic minerals,buildings,1947,1.6287219225631255
Oceania,Non-metallic minerals,buildings,1948,1.680737785598683
Oceania,Non-metallic minerals,buildings,1949,1.7344235538670736
Oceania,Non-metallic minerals,buildings,1950,1.7898260628309344
Oceania,Non-metallic minerals,buildings,1951,1.846974716272843
Oceania,Non-metallic minerals,buildings,1952,1.9058775089924238
Oceania,Non-metallic minerals,buildings,1953,1.9665195819625345
Oceania,Non-metallic minerals,buildings,1954,2.028864687545172
Oceania,Non-metallic minerals,buildings,1955,2.092859398382363
Oceania,Non-metallic minerals,buildings,1956,2.158439422346467
Oceania,Non-metallic minerals,buildings,1957,2.225537072343286
Oceania,Non-metallic minerals,buildings,1958,2.294088825430433
Oceania,Non-metallic minerals,buildings,1959,2.3640419980775045
Oceania,Non-metallic minerals,buildings,1960,2.435359829035912
Oceania,Non-metallic minerals,buildings,1961,2.508024619140735
Oceania,Non-metallic minerals,buildings,1962,2.5820389440720963
Oceania,Non-metallic minerals,buildings,1963,2.6574252793533417
Oceania,Non-metallic minerals,buildings,1964,2.734224625427537
Oceania,Non-metallic minerals,buildings,1965,2.812494862413549
Oceania,Non-metallic minerals,buildings,1966,2.892309575075269
Oceania,Non-metallic minerals,buildings,1967,2.973757982786922
Oceania,Non-metallic minerals,buildings,1968,3.056946432358089
Oceania,Non-metallic minerals,buildings,1969,3.14200167248539
Oceania,Non-metallic minerals,buildings,1970,3.229075795746036
Oceania,Non-metallic minerals,buildings,1971,3.318352336357963
Oceania,Non-metallic minerals,buildings,1972,3.4100526874197756
Oceania,Non-metallic minerals,buildings,1973,3.5044418964471276
Oceania,Non-metallic minerals,buildings,1974,3.6018330294488083
Oceania,Non-metallic minerals,buildings,1975,3.7025895781497042
Oceania,Non-metallic minerals,buildings,1976,3.8071257538998684
Oceania,Non-metallic minerals,buildings,1977,3.9159048851458773
Oceania,Non-metallic minerals,buildings,1978,4.029436362629873
Oceania,Non-metallic minerals,buildings,1979,4.148271543747911
Oceania,Non-metallic minerals,buildings,1980,4.27299881146302
Oceania,Non-metallic minerals,buildings,1981,4.404237854232517
Oceania,Non-metallic minerals,buildings,1982,4.542633343581736
Oceania,Non-metallic minerals,buildings,1983,4.6888482415615345
Oceania,Non-metallic minerals,buildings,1984,4.843556740002642
Oceania,Non-metallic minerals,buildings,1985,5.007436714078154
Oceania,Non-metallic minerals,buildings,1986,5.181161921679914
Oceania,Non-metallic minerals,buildings,1987,5.365394743140293
Oceania,Non-metallic minerals,buildings,1988,5.560780487097761
Oceania,Non-metallic minerals,buildings,1989,5.767943796518991
Oceania,Non-metallic minerals,buildings,1990,5.987486633526399
Oceania,Non-metallic minerals,buildings,1991,6.219986351614682
Oceania,Non-metallic minerals,buildings,1992,6.46599206861932
Oceania,Non-metallic minerals,buildings,1993,6.726018001036652
Oceania,Non-metallic minerals,buildings,1994,7.000533160742345
Oceania,Non-metallic minerals,buildings,1995,7.289947509059973
Oceania,Non-metallic minerals,buildings,1996,7.594595364389341
Oceania,Non-metallic minerals,buildings,1997,7.9147174405763705
Oceania,Non-metallic minerals,buildings,1998,8.250442965474567
Oceania,Non-metallic minerals,buildings,1999,8.601773078342278
Oceania,Non-metallic minerals,buildings,2000,8.968567033679594
Oceania,Non-metallic minerals,buildings,2001,9.350533930454198
Oceania,Non-metallic minerals,buildings,2002,9.747233457772934
Oceania,Non-metallic minerals,buildings,2003,10.158087977494674
Oceania,Non-metallic minerals,buildings,2004,10.5824054228766
Oceania,Non-metallic minerals,buildings,2005,11.019409934781002
Oceania,Non-metallic minerals,buildings,2006,11.468276412414706
Oceania,Non-metallic minerals,buildings,2007,11.928165790048087
Oceania,Non-metallic minerals,buildings,2008,12.398258089568758
Oceania,Non-metallic minerals,buildings,2009,12.877779369716768
Oceania,Non-metallic minerals,buildings,2010,13.366018572890042
Oceania,Non-metallic minerals,buildings,2011,13.862333291917649
Oceania,Non-metallic minerals,buildings,2012,14.366148170724971
Oceania,Non-metallic minerals,buildings,2013,14.87695183483449
Oceania,Non-metallic minerals,buildings,2014,15.394296324229051
Oceania,Non-metallic minerals,buildings,2015,15.917799626271549
Oceania,Non-metallic minerals,buildings,2016,16.447150180768265
Oceania,Non-metallic minerals,civil_infrastructure,1900,0.06420952300378621
Oceania,Non-metallic minerals,civil_infrastructure,1901,0.07075302225429538
Oceania,Non-metallic minerals,civil_infrastructure,1902,0.0773877486641102
Oceania,Non-metallic minerals,civil_infrastructure,1903,0.08409448592557628
Oceania,Non-metallic minerals,civil_infrastructure,1904,0.09085799965832866
Oceania,Non-metallic minerals,civil_infrastructure,1905,0.09766640000738341
Oceania,Non-metallic minerals,civil_infrastructure,1906,0.10451070224823433
Oceania,Non-metallic minerals,civil_infrastructure,1907,0.11138627922339148
Oceania,Non-metallic minerals,civil_infrastructure,1908,0.11830401044451952
Oceania,Non-metallic minerals,civil_infrastructure,1909,0.12532487848338594
Oceania,Non-metallic minerals,civil_infrastructure,1910,0.13261718817505688
Oceania,Non-metallic minerals,civil_infrastructure,1911,0.1405009541581574
Oceania,Non-metallic minerals,civil_infrastructure,1912,0.14943198658998502
Oceania,Non-metallic minerals,civil_infrastructure,1913,0.15991325586215901
Oceania,Non-metallic minerals,civil_infrastructure,1914,0.17237036155911398
Oceania,Non-metallic minerals,civil_infrastructure,1915,0.18704734389494385
Oceania,Non-metallic minerals,civil_infrastructure,1916,0.20396045401784488
Oceania,Non-metallic minerals,civil_infrastructure,1917,0.22291381106759095
Oceania,Non-metallic minerals,civil_infrastructure,1918,0.2435582340858999
Oceania,Non-metallic minerals,civil_infrastructure,1919,0.2654702054861629
Oceania,Non-metallic minerals,civil_infrastructure,1920,0.28823141691863396
Oceania,Non-metallic minerals,civil_infrastructure,1921,0.3114923382242852
Oceania,Non-metallic minerals,civil_infrastructure,1922,0.33500586622792466
Oceania,Non-metallic minerals,civil_infrastructure,1923,0.3586201754326512
Oceania,Non-metallic minerals,civil_infrastructure,1924,0.38222890694847855
Oceania,Non-metallic minerals,civil_infrastructure,1925,0.4056978877997966
Oceania,Non-metallic minerals,civil_infrastructure,1926,0.4288062302397112
Oceania,Non-metallic minerals,civil_infrastructure,1927,0.45123446900776376
Oceania,Non-metallic minerals,civil_infrastructure,1928,0.472608892935908
Oceania,Non-metallic minerals,civil_infrastructure,1929,0.49258799094319855
Oceania,Non-metallic minerals,civil_infrastructure,1930,0.5109603440901306
Oceania,Non-metallic minerals,civil_infrastructure,1931,0.5277194732127323
Oceania,Non-metallic minerals,civil_infrastructure,1932,0.5430955946649993
Oceania,Non-metallic minerals,civil_infrastructure,1933,0.5575449331859198
Oceania,Non-metallic minerals,civil_infrastructure,1934,0.571706652874346
Oceania,Non-metallic minerals,civil_infrastructure,1935,0.5863340603967163
Oceania,Non-metallic minerals,civil_infrastructure,1936,0.602203225200267
Oceania,Non-metallic minerals,civil_infrastructure,1937,0.6200064224570997
Oceania,Non-metallic minerals,civil_infrastructure,1938,0.6402422215003706
Oceania,Non-metallic minerals,civil_infrastructure,1939,0.6631105562718955
Oceania,Non-metallic minerals,civil_infrastructure,1940,0.6884220012231934
Oceania,Non-metallic minerals,civil_infrastructure,1941,0.7155511985126608
Oceania,Non-metallic minerals,civil_infrastructure,1942,0.7434852744544177
Oceania,Non-metallic minerals,civil_infrastructure,1943,0.7709990427198515
Oceania,Non-metallic minerals,civil_infrastructure,1944,0.7969268545799392
Oceania,Non-metallic minerals,civil_infrastructure,1945,0.8204422743516584
Oceania,Non-metallic minerals,civil_infrastructure,1946,0.8412461157400648
Oceania,Non-metallic minerals,civil_infrastructure,1947,0.859602500724228
Oceania,Non-metallic minerals,civil_infrastructure,1948,0.8762246954455625
Oceania,Non-metallic minerals,civil_infrastructure,1949,0.8920717777194891
Oceania,Non-metallic minerals,civil_infrastructure,1950,0.9081488106429635
Oceania,Non-metallic minerals,civil_infrastructure,1951,0.925383929373666
Oceania,Non-metallic minerals,civil_infrastructure,1952,0.9445898170027888
Oceania,Non-metallic minerals,civil_infrastructure,1953,0.9664507652860425
Oceania,Non-metallic minerals,civil_infrastructure,1954,0.9914665485193804
Oceania,Non-metallic minerals,civil_infrastructure,1955,1.0198419745981329
Oceania,Non-metallic minerals,civil_infrastructure,1956,1.0513859598406738
Oceania,Non-metallic minerals,civil_infrastructure,1957,1.0855101579941095
Oceania,Non-metallic minerals,civil_infrastructure,1958,1.121373848937485
Oceania,Non-metallic minerals,civil_infrastructure,1959,1.1581535851351934
Oceania,Non-metallic minerals,civil_infrastructure,1960,1.1953813420627515
Oceania,Non-metallic minerals,civil_infrastructure,1961,1.2332919032948575
Oceania,Non-metallic minerals,civil_infrastructure,1962,1.2731147221586583
Oceania,Non-metallic minerals,civil_infrastructure,1963,1.3172480188599605
Oceania,Non-metallic minerals,civil_infrastructure,1964,1.3692836709994278
Oceania,Non-metallic minerals,civil_infrastructure,1965,1.4338754417258988
Oceania,Non-metallic minerals,civil_infrastructure,1966,1.5164247791228889
Oceania,Non-metallic minerals,civil_infrastructure,1967,1.6225574756498446
Oceania,Non-metallic minerals,civil_infrastructure,1968,1.7574410131687055
Oceania,Non-metallic minerals,civil_infrastructure,1969,1.9250656884811381
Oceania,Non-metallic minerals,civil_infrastructure,1970,2.127618668087552
Oceania,Non-metallic minerals,civil_infrastructure,1971,2.3650864538472183
Oceania,Non-metallic minerals,civil_infrastructure,1972,2.635247302387714
Oceania,Non-metallic minerals,civil_infrastructure,1973,2.9341769388107948
Oceania,Non-metallic minerals,civil_infrastructure,1974,3.257219354144547
Oceania,Non-metallic minerals,civil_infrastructure,1975,3.600092098389637
Oceania,Non-metallic minerals,civil_infrastructure,1976,3.959632248570741
Oceania,Non-metallic minerals,civil_infrastructure,1977,4.333934735782578
Oceania,Non-metallic minerals,civil_infrastructure,1978,4.72208232442803
Oceania,Non-metallic minerals,civil_infrastructure,1979,5.123728534591386
Oceania,Non-metallic minerals,civil_infrastructure,1980,5.538451289610897
Oceania,Non-metallic minerals,civil_infrastructure,1981,5.9647421493316655
Oceania,Non-metallic minerals,civil_infrastructure,1982,6.398982119446309
Oceania,Non-metallic minerals,civil_infrastructure,1983,6.835084937267803
Oceania,Non-metallic minerals,civil_infrastructure,1984,7.2651590776776045
Oceania,Non-metallic minerals,civil_infrastructure,1985,7.680981952117392
Oceania,Non-metallic minerals,civil_infrastructure,1986,8.075817839487007
Oceania,Non-metallic minerals,civil_infrastructure,1987,8.446015091821305
Oceania,Non-metallic minerals,civil_infrastructure,1988,8.791749066724245
Oceania,Non-metallic minerals,civil_infrastructure,1989,9.116513950585826
Oceania,Non-metallic minerals,civil_infrastructure,1990,9.425552418772632
Oceania,Non-metallic minerals,civil_infrastructure,1991,9.72395013609833
Oceania,Non-metallic minerals,civil_infrastructure,1992,10.015263392423313
Oceania,Non-metallic minerals,civil_infrastructure,1993,10.301229443578478
Oceania,Non-metallic minerals,civil_infrastructure,1994,10.582531875558114
Oceania,Non-metallic minerals,civil_infrastructure,1995,10.860073781217933
Oceania,Non-metallic minerals,civil_infrastructure,1996,11.135999862597071
Oceania,Non-metallic minerals,civil_infrastructure,1997,11.41395321963989
Oceania,Non-metallic minerals,civil_infrastructure,1998,11.69863463990156
Oceania,Non-metallic minerals,civil_infrastructure,1999,11.995129178771533
Oceania,Non-metallic minerals,civil_infrastructure,2000,12.308296625058093
Oceania,Non-metallic minerals,civil_infrastructure,2001,12.64220143980603
Oceania,Non-metallic minerals,civil_infrastructure,2002,12.999654861288906
Oceania,Non-metallic minerals,civil_infrastructure,2003,13.382169552732432
Oceania,Non-metallic minerals,civil_infrastructure,2004,13.79037659756378
Oceania,Non-metallic minerals,civil_infrastructure,2005,14.224472699623279
Oceania,Non-metallic minerals,civil_infrastructure,2006,14.684279248949924
Oceania,Non-metallic minerals,civil_infrastructure,2007,15.169001310526037
Oceania,Non-metallic minerals,civil_infrastructure,2008,15.677094527782247
Oceania,Non-metallic minerals,civil_infrastructure,2009,16.206421295079476
Oceania,Non-metallic minerals,civil_infrastructure,2010,16.75447560673881
Oceania,Non-metallic minerals,civil_infrastructure,2011,17.3184791366471
Oceania,Non-metallic minerals,civil_infrastructure,2012,17.895647177198494
Oceania,Non-metallic minerals,civil_infrastructure,2013,18.484225383503574
Oceania,Non-metallic minerals,civil_infrastructure,2014,19.08539076863663
Oceania,Non-metallic minerals,civil_infrastructure,2015,19.705028324709915
Oceania,Non-metallic minerals,civil_infrastructure,2016,20.353818650419523
Oceania,Non-metallic minerals,machinery,1900,3.7103505586987543e-4
Oceania,Non-metallic minerals,machinery,1901,3.830812158625345e-4
Oceania,Non-metallic minerals,machinery,1902,3.9512754176711473e-4
Oceania,Non-metallic minerals,machinery,1903,4.070677509441948e-4
Oceania,Non-metallic minerals,machinery,1904,4.1880629873923054e-4
Oceania,Non-metallic minerals,machinery,1905,4.3027939722053125e-4
Oceania,Non-metallic minerals,machinery,1906,4.4148021406786647e-4
Oceania,Non-metallic minerals,machinery,1907,4.525866028320581e-4
Oceania,Non-metallic minerals,machinery,1908,4.643568896768476e-4
Oceania,Non-metallic minerals,machinery,1909,4.7850773068088757e-4
Oceania,Non-metallic minerals,machinery,1910,4.973321888560335e-4
Oceania,Non-metallic minerals,machinery,1911,5.225357921040705e-4
Oceania,Non-metallic minerals,machinery,1912,5.542600763574517e-4
Oceania,Non-metallic minerals,machinery,1913,5.910692949301048e-4
Oceania,Non-metallic minerals,machinery,1914,6.307410955641202e-4
Oceania,Non-metallic minerals,machinery,1915,6.711553646005559e-4
Oceania,Non-metallic minerals,machinery,1916,7.107589333060728e-4
Oceania,Non-metallic minerals,machinery,1917,7.486162364353854e-4
Oceania,Non-metallic minerals,machinery,1918,7.84358287133845e-4
Oceania,Non-metallic minerals,machinery,1919,8.181835023193365e-4
Oceania,Non-metallic minerals,machinery,1920,8.508028338176205e-4
Oceania,Non-metallic minerals,machinery,1921,8.831776037996678e-4
Oceania,Non-metallic minerals,machinery,1922,9.159775100622788e-4
Oceania,Non-metallic minerals,machinery,1923,9.48963309261106e-4
Oceania,Non-metallic minerals,machinery,1924,9.808919764601267e-4
Oceania,Non-metallic minerals,machinery,1925,0.001010223280874068
Oceania,Non-metallic minerals,machinery,1926,0.0010360067552054938
Oceania,Non-metallic minerals,machinery,1927,0.0010582743608484283
Oceania,Non-metallic minerals,machinery,1928,0.0010779419627224205
Oceania,Non-metallic minerals,machinery,1929,0.0010964153504080826
Oceania,Non-metallic minerals,machinery,1930,0.0011150938269880021
Oceania,Non-metallic minerals,machinery,1931,0.0011351369839754995
Oceania,Non-metallic minerals,machinery,1932,0.0011575890480230297
Oceania,Non-metallic minerals,machinery,1933,0.0011835121052996376
Oceania,Non-metallic minerals,machinery,1934,0.0012138368376107052
Oceania,Non-metallic minerals,machinery,1935,0.0012490337819325388
Oceania,Non-metallic minerals,machinery,1936,0.0012889138066993896
Oceania,Non-metallic minerals,machinery,1937,0.0013326574689774156
Oceania,Non-metallic minerals,machinery,1938,0.0013788379092109521
Oceania,Non-metallic minerals,machinery,1939,0.0014252518300874348
Oceania,Non-metallic minerals,machinery,1940,0.0014688545666638728
Oceania,Non-metallic minerals,machinery,1941,0.0015063305279721594
Oceania,Non-metallic minerals,machinery,1942,0.0015353258940771317
Oceania,Non-metallic minerals,machinery,1943,0.0015556047819994397
Oceania,Non-metallic minerals,machinery,1944,0.0015692914569322553
Oceania,Non-metallic minerals,machinery,1945,0.0015800505032489863
Oceania,Non-metallic minerals,machinery,1946,0.0015916950751436478
Oceania,Non-metallic minerals,machinery,1947,0.0016069097820393544
Oceania,Non-metallic minerals,machinery,1948,0.0016267020516753448
Oceania,Non-metallic minerals,machinery,1949,0.0016507296723599866
Oceania,Non-metallic minerals,machinery,1950,0.001678062346973235
Oceania,Non-metallic minerals,machinery,1951,0.0017078149851831594
Oceania,Non-metallic minerals,machinery,1952,0.0017394102165934967
Oceania,Non-metallic minerals,machinery,1953,0.0017725494102571726
Oceania,Non-metallic minerals,machinery,1954,0.0018070874596641138
Oceania,Non-metallic minerals,machinery,1955,0.0018429672518558958
Oceania,Non-metallic minerals,machinery,1956,0.0018802365775771768
Oceania,Non-metallic minerals,machinery,1957,0.0019190577989306645
Oceania,Non-metallic minerals,machinery,1958,0.0019597159507375355
Oceania,Non-metallic minerals,machinery,1959,0.0020028179774003213
Oceania,Non-metallic minerals,machinery,1960,0.002049703847767925
Oceania,Non-metallic minerals,machinery,1961,0.002102681868902423
Oceania,Non-metallic minerals,machinery,1962,0.0021647687266502023
Oceania,Non-metallic minerals,machinery,1963,0.0022390771310241493
Oceania,Non-metallic minerals,machinery,1964,0.0023281797752591157
Oceania,Non-metallic minerals,machinery,1965,0.002433596313393392
Oceania,Non-metallic minerals,machinery,1966,0.002555414056704557
Oceania,Non-metallic minerals,machinery,1967,0.0026923096667063606
Oceania,Non-metallic minerals,machinery,1968,0.0028423553123564254
Oceania,Non-metallic minerals,machinery,1969,0.0030041283770024
Oceania,Non-metallic minerals,machinery,1970,0.0031769035944163968
Oceania,Non-metallic minerals,machinery,1971,0.0033594596734684468
Oceania,Non-metallic minerals,machinery,1972,0.003548707679701804
Oceania,Non-metallic minerals,machinery,1973,0.003739844327721852
Oceania,Non-metallic minerals,machinery,1974,0.0039279576501946205
Oceania,Non-metallic minerals,machinery,1975,0.004109740607466951
Oceania,Non-metallic minerals,machinery,1976,0.004284828954647767
Oceania,Non-metallic minerals,machinery,1977,0.0044566371743022795
Oceania,Non-metallic minerals,machinery,1978,0.004631771715620817
Oceania,Non-metallic minerals,machinery,1979,0.004817467907544122
Oceania,Non-metallic minerals,machinery,1980,0.005018442672274645
Oceania,Non-metallic minerals,machinery,1981,0.0052364550243076315
Oceania,Non-metallic minerals,machinery,1982,0.00547313689203394
Oceania,Non-metallic minerals,machinery,1983,0.00573011838717523
Oceania,Non-metallic minerals,machinery,1984,0.006003909738472417
Oceania,Non-metallic minerals,machinery,1985,0.006282744575406023
Oceania,Non-metallic minerals,machinery,1986,0.006550185380504484
Oceania,Non-metallic minerals,machinery,1987,0.0067928893053677206
Oceania,Non-metallic minerals,machinery,1988,0.007007041381533848
Oceania,Non-metallic minerals,machinery,1989,0.007198480761662301
Oceania,Non-metallic minerals,machinery,1990,0.007377313732350906
Oceania,Non-metallic minerals,machinery,1991,0.007552479432109735
Oceania,Non-metallic minerals,machinery,1992,0.007730269929615551
Oceania,Non-metallic minerals,machinery,1993,0.0079158200807835
Oceania,Non-metallic minerals,machinery,1994,0.00811306283442907
Oceania,Non-metallic minerals,machinery,1995,0.008323141913750914
Oceania,Non-metallic minerals,machinery,1996,0.00854599565140279
Oceania,Non-metallic minerals,machinery,1997,0.00878403508949094
Oceania,Non-metallic minerals,machinery,1998,0.00904268366953125
Oceania,Non-metallic minerals,machinery,1999,0.009328096471401738
Oceania,Non-metallic minerals,machinery,2000,0.009638711947382791
Oceania,Non-metallic minerals,machinery,2001,0.009947714192053096
Oceania,Non-metallic minerals,machinery,2002,0.010196510823008816
Oceania,Non-metallic minerals,machinery,2003,0.010316395554714997
Oceania,Non-metallic minerals,machinery,2004,0.0102632577277851
Oceania,Non-metallic minerals,machinery,2005,0.010038710911233933
Oceania,Non-metallic minerals,machinery,2006,0.00968709309055098
Oceania,Non-metallic minerals,machinery,2007,0.009279034463911597
Oceania,Non-metallic minerals,machinery,2008,0.008892806451123498
Oceania,Non-metallic minerals,machinery,2009,0.008593031757965146
Oceania,Non-metallic minerals,machinery,2010,0.008413021332219165
Oceania,Non-metallic minerals,machinery,2011,0.008353888852004655
Oceania,Non-metallic minerals,machinery,2012,0.008397967220320983
Oceania,Non-metallic minerals,machinery,2013,0.008521456267534342
Oceania,Non-metallic minerals,machinery,2014,0.008698634999552693
Oceania,Non-metallic minerals,machinery,2015,0.008900403591255402
Oceania,Non-metallic minerals,machinery,2016,0.009094008802081494
Oceania,Non-metallic minerals,short_lived,1900,0.070620094390124
Oceania,Non-metallic minerals,short_lived,1901,0.07262554878574615
Oceania,Non-metallic minerals,short_lived,1902,0.07797304313204577
Oceania,Non-metallic minerals,short_lived,1903,0.08365502176822476
Oceania,Non-metallic minerals,short_lived,1904,0.0894247375019378
Oceania,Non-metallic minerals,short_lived,1905,0.09543042288999243
Oceania,Non-metallic minerals,short_lived,1906,0.10181762350875971
Oceania,Non-metallic minerals,short_lived,1907,0.1082621443990204
Oceania,Non-metallic minerals,short_lived,1908,0.11499416550264542
Oceania,Non-metallic minerals,short_lived,1909,0.12189387512160865
Oceania,Non-metallic minerals,short_lived,1910,0.12917418113716256
Oceania,Non-metallic minerals,short_lived,1911,0.13690335744259066
Oceania,Non-metallic minerals,short_lived,1912,0.14442447494943872
Oceania,Non-metallic minerals,short_lived,1913,0.15217177471738208
Oceania,Non-metallic minerals,short_lived,1914,0.1607621387753912
Oceania,Non-metallic minerals,short_lived,1915,0.16903149436242168
Oceania,Non-metallic minerals,short_lived,1916,0.1763498388487256
Oceania,Non-metallic minerals,short_lived,1917,0.1842220600846967
Oceania,Non-metallic minerals,short_lived,1918,0.19200003963508872
Oceania,Non-metallic minerals,short_lived,1919,0.1994406960627522
Oceania,Non-metallic minerals,short_lived,1920,0.20651842474802307
Oceania,Non-metallic minerals,short_lived,1921,0.2156722974787388
Oceania,Non-metallic minerals,short_lived,1922,0.2249744034273527
Oceania,Non-metallic minerals,short_lived,1923,0.23408332369851467
Oceania,Non-metallic minerals,short_lived,1924,0.2438863795505693
Oceania,Non-metallic minerals,short_lived,1925,0.254555415166312
Oceania,Non-metallic minerals,short_lived,1926,0.2646002087465534
Oceania,Non-metallic minerals,short_lived,1927,0.2744177743791362
Oceania,Non-metallic minerals,short_lived,1928,0.2846805644609421
Oceania,Non-metallic minerals,short_lived,1929,0.294708043618443
Oceania,Non-metallic minerals,short_lived,1930,0.3044156221743362
Oceania,Non-metallic minerals,short_lived,1931,0.3141209257983087
Oceania,Non-metallic minerals,short_lived,1932,0.32311331106541513
Oceania,Non-metallic minerals,short_lived,1933,0.33176853698455977
Oceania,Non-metallic minerals,short_lived,1934,0.3406879838077017
Oceania,Non-metallic minerals,short_lived,1935,0.3498394635443894
Oceania,Non-metallic minerals,short_lived,1936,0.35929263507557757
Oceania,Non-metallic minerals,short_lived,1937,0.3686598831242549
Oceania,Non-metallic minerals,short_lived,1938,0.3782448705310603
Oceania,Non-metallic minerals,short_lived,1939,0.38797911657021067
Oceania,Non-metallic minerals,short_lived,1940,0.3983246420484002
Oceania,Non-metallic minerals,short_lived,1941,0.4099553939404786
Oceania,Non-metallic minerals,short_lived,1942,0.4206703017546555
Oceania,Non-metallic minerals,short_lived,1943,0.4321531717982351
Oceania,Non-metallic minerals,short_lived,1944,0.4448781828299588
Oceania,Non-metallic minerals,short_lived,1945,0.45734326602694114
Oceania,Non-metallic minerals,short_lived,1946,0.4693245343692388
Oceania,Non-metallic minerals,short_lived,1947,0.4813226002643799
Oceania,Non-metallic minerals,short_lived,1948,0.4898772301100209
Oceania,Non-metallic minerals,short_lived,1949,0.5064728956443102
Oceania,Non-metallic minerals,short_lived,1950,0.5238056235110934
Oceania,Non-metallic minerals,short_lived,1951,0.5425332029446617
Oceania,Non-metallic minerals,short_lived,1952,0.5645755186080064
Oceania,Non-metallic minerals,short_lived,1953,0.5872739519517166
Oceania,Non-metallic minerals,short_lived,1954,0.6109961439139858
Oceania,Non-metallic minerals,short_lived,1955,0.6359546190846623
Oceania,Non-metallic minerals,short_lived,1956,0.6618543152795586
Oceania,Non-metallic minerals,short_lived,1957,0.6884140681243358
Oceania,Non-metallic minerals,short_lived,1958,0.716605043718905
Oceania,Non-metallic minerals,short_lived,1959,0.7450962573912968
Oceania,Non-metallic minerals,short_lived,1960,0.7744789327412801
Oceania,Non-metallic minerals,short_lived,1961,0.8017839848076156
Oceania,Non-metallic minerals,short_lived,1962,0.8301044506720531
Oceania,Non-metallic minerals,short_lived,1963,0.8626020137338786
Oceania,Non-metallic minerals,short_lived,1964,0.8991848360957054
Oceania,Non-metallic minerals,short_lived,1965,0.9367100130501378
Oceania,Non-metallic minerals,short_lived,1966,0.973016013564369
Oceania,Non-metallic minerals,short_lived,1967,1.0120608158210307
Oceania,Non-metallic minerals,short_lived,1968,1.0522394272079878
Oceania,Non-metallic minerals,short_lived,1969,1.095160761865854
Oceania,Non-metallic minerals,short_lived,1970,1.1402633484412592
Oceania,Non-metallic minerals,short_lived,1971,1.186792819437533
Oceania,Non-metallic minerals,short_lived,1972,1.1948337775050666
Oceania,Non-metallic minerals,short_lived,1973,1.2725657653810067
Oceania,Non-metallic minerals,short_lived,1974,1.3606802642932758
Oceania,Non-metallic minerals,short_lived,1975,1.33804442966517
Oceania,Non-metallic minerals,short_lived,1976,1.3837499500531953
Oceania,Non-metallic minerals,short_lived,1977,1.4502960212816398
Oceania,Non-metallic minerals,short_lived,1978,1.4290979275756406
Oceania,Non-metallic minerals,short_lived,1979,1.542886963898572
Oceania,Non-metallic minerals,short_lived,1980,1.4984171308930603
Oceania,Non-metallic minerals,short_lived,1981,1.5128812947914658
Oceania,Non-metallic minerals,short_lived,1982,1.4630766038785863
Oceania,Non-metallic minerals,short_lived,1983,1.400114637913545
Oceania,Non-metallic minerals,short_lived,1984,1.3405596756205138
Oceania,Non-metallic minerals,short_lived,1985,1.310423655904568
Oceania,Non-metallic minerals,short_lived,1986,1.230150038024937
Oceania,Non-metallic minerals,short_lived,1987,1.1842046791352285
Oceania,Non-metallic minerals,short_lived,1988,1.104232462148736
Oceania,Non-metallic minerals,short_lived,1989,1.1661085364371855
Oceania,Non-metallic minerals,short_lived,1990,1.1764939297206773
Oceania,Non-metallic minerals,short_lived,1991,1.174149607049815
Oceania,Non-metallic minerals,short_lived,1992,1.1320007515312136
Oceania,Non-metallic minerals,short_lived,1993,1.1775963664277833
Oceania,Non-metallic minerals,short_lived,1994,1.2511212869666166
Oceania,Non-metallic minerals,short_lived,1995,1.223503137366487
Oceania,Non-metallic minerals,short_lived,1996,1.2038676947600981
Oceania,Non-metallic minerals,short_lived,1997,1.130333919767573
Oceania,Non-metallic minerals,short_lived,1998,1.1669600405021814
Oceania,Non-metallic minerals,short_lived,1999,1.18090243630594
Oceania,Non-metallic minerals,short_lived,2000,1.197403185472358
Oceania,Non-metallic minerals,short_lived,2001,1.2625055870665873
Oceania,Non-metallic minerals,short_lived,2002,1.2981343606158224
Oceania,Non-metallic minerals,short_lived,2003,1.3269751000927492
Oceania,Non-metallic minerals,short_lived,2004,1.254377259238435
Oceania,Non-metallic minerals,short_lived,2005,1.3146519779906904
Oceania,Non-metallic minerals,short_lived,2006,1.3390558211020545
Oceania,Non-metallic minerals,short_lived,2007,1.3529632169032921
Oceania,Non-metallic minerals,short_lived,2008,1.3950105554908967
Oceania,Non-metallic minerals,short_lived,2009,1.4173608904612323
Oceania,Non-metallic minerals,short_lived,2010,1.3685005695400065
Oceania,Non-metallic minerals,short_lived,2011,1.3953493357819566
Oceania,Non-metallic minerals,short_lived,2012,1.3598315764443922
Oceania,Non-metallic minerals,short_lived,2013,1.334621467349562
Oceania,Non-metallic minerals,short_lived,2014,1.3740801575702615
Oceania,Non-metallic minerals,short_lived,2015,1.416801604612411
Oceania,Non-metallic minerals,short_lived,2016,1.5122529335901385
South Asia,Metal ores,buildings,1900,0.0013892572253414732
South Asia,Metal ores,buildings,1901,0.0014287982783066997
South Asia,Metal ores,buildings,1902,0.0014691023004358842
South Asia,Metal ores,buildings,1903,0.0015102180224412659
South Asia,Metal ores,buildings,1904,0.0015521981420542144
South Asia,Metal ores,buildings,1905,0.001595099280568601
South Asia,Metal ores,buildings,1906,0.0016389816719726109
South Asia,Metal ores,buildings,1907,0.0016839085901249062
South Asia,Metal ores,buildings,1908,0.0017299455353368333
South Asia,Metal ores,buildings,1909,0.0017771592790860099
South Asia,Metal ores,buildings,1910,0.001825617156504529
South Asia,Metal ores,buildings,1911,0.0018753878273064704
South Asia,Metal ores,buildings,1912,0.0019265464723976632
South Asia,Metal ores,buildings,1913,0.001979190031420381
South Asia,Metal ores,buildings,1914,0.0020334707487718383
South Asia,Metal ores,buildings,1915,0.0020896573916865
South Asia,Metal ores,buildings,1916,0.0021482315255014024
South Asia,Metal ores,buildings,1917,0.002210020712649671
South Asia,Metal ores,buildings,1918,0.002276362442739524
South Asia,Metal ores,buildings,1919,0.002349284098572878
South Asia,Metal ores,buildings,1920,0.0024316776681193473
South Asia,Metal ores,buildings,1921,0.0025274450269436584
South Asia,Metal ores,buildings,1922,0.0026415912521075813
South Asia,Metal ores,buildings,1923,0.002780249350882038
South Asia,Metal ores,buildings,1924,0.0029506288587062566
South Asia,Metal ores,buildings,1925,0.003160891143026641
South Asia,Metal ores,buildings,1926,0.0034199636963729973
South Asia,Metal ores,buildings,1927,0.003737312098752352
South Asia,Metal ores,buildings,1928,0.00412269041821529
South Asia,Metal ores,buildings,1929,0.004585888713192778
South Asia,Metal ores,buildings,1930,0.005136491428384007
South Asia,Metal ores,buildings,1931,0.005783654946068531
South Asia,Metal ores,buildings,1932,0.006535908289237297
South Asia,Metal ores,buildings,1933,0.007400979077625968
South Asia,Metal ores,buildings,1934,0.008385647512723126
South Asia,Metal ores,buildings,1935,0.009495633996501024
South Asia,Metal ores,buildings,1936,0.010735530111262138
South Asia,Metal ores,buildings,1937,0.012108786697771217
South Asia,Metal ores,buildings,1938,0.013617774759109736
South Asia,Metal ores,buildings,1939,0.015263933052014697
South Asia,Metal ores,buildings,1940,0.017048009535428257
South Asia,Metal ores,buildings,1941,0.018970392592339753
South Asia,Metal ores,buildings,1942,0.02103151337965452
South Asia,Metal ores,buildings,1943,0.023232284716542956
South Asia,Metal ores,buildings,1944,0.025574527334542286
South Asia,Metal ores,buildings,1945,0.028061324896433683
South Asia,Metal ores,buildings,1946,0.030697249229745396
South Asia,Metal ores,buildings,1947,0.033488409646897116
South Asia,Metal ores,buildings,1948,0.03644230454906002
South Asia,Metal ores,buildings,1949,0.039567485065534584
South Asia,Metal ores,buildings,1950,0.042873071757950354
South Asia,Metal ores,buildings,1951,0.04636818886959531
South Asia,Metal ores,buildings,1952,0.05006139123563879
South Asia,Metal ores,buildings,1953,0.05396015542357616
South Asia,Metal ores,buildings,1954,0.05807049068379188
South Asia,Metal ores,buildings,1955,0.06239670058731951
South Asia,Metal ores,buildings,1956,0.06694129768932089
South Asia,Metal ores,buildings,1957,0.07170504668553745
South Asia,Metal ores,buildings,1958,0.07668709173608242
South Asia,Metal ores,buildings,1959,0.08188511503318574
South Asia,Metal ores,buildings,1960,0.0872954778303074
South Asia,Metal ores,buildings,1961,0.09291331042586277
South Asia,Metal ores,buildings,1962,0.09873253977959844
South Asia,Metal ores,buildings,1963,0.10474586698728551
South Asia,Metal ores,buildings,1964,0.11094472633444746
South Asia,Metal ores,buildings,1965,0.11731926899724646
South Asia,Metal ores,buildings,1966,0.12385841566570414
South Asia,Metal ores,buildings,1967,0.13055001380652187
South Asia,Metal ores,buildings,1968,0.13738111943678225
South Asia,Metal ores,buildings,1969,0.14433840419285493
South Asia,Metal ores,buildings,1970,0.151408671292513
South Asia,Metal ores,buildings,1971,0.15857945424570982
South Asia,Metal ores,buildings,1972,0.1658396741189775
South Asia,Metal ores,buildings,1973,0.1731803450889747
South Asia,Metal ores,buildings,1974,0.1805953382896629
South Asia,Metal ores,buildings,1975,0.18808222978635275
South Asia,Metal ores,buildings,1976,0.19564325803540367
South Asia,Metal ores,buildings,1977,0.20328639200633386
South Asia,Metal ores,buildings,1978,0.21102646452809665
South Asia,Metal ores,buildings,1979,0.2188862671419272
South Asia,Metal ores,buildings,1980,0.22689745003135636
South Asia,Metal ores,buildings,1981,0.2351010415283002
South Asia,Metal ores,buildings,1982,0.24354740930413293
South Asia,Metal ores,buildings,1983,0.25229553360872187
South Asia,Metal ores,buildings,1984,0.2614115452659851
South Asia,Metal ores,buildings,1985,0.27096658173328886
South Asia,Metal ores,buildings,1986,0.28103411223361296
South Asia,Metal ores,buildings,1987,0.2916869575236145
South Asia,Metal ores,buildings,1988,0.3029942682697985
South Asia,Metal ores,buildings,1989,0.31501872595592206
South Asia,Metal ores,buildings,1990,0.3278141988379622
South Asia,Metal ores,buildings,1991,0.34142403440100105
South Asia,Metal ores,buildings,1992,0.35588011012400833
South Asia,Metal ores,buildings,1993,0.371202703244587
South Asia,Metal ores,buildings,1994,0.38740118007525903
South Asia,Metal ores,buildings,1995,0.40447544602441643
South Asia,Metal ores,buildings,1996,0.42241803996112304
South Asia,Metal ores,buildings,1997,0.44121670644894434
South Asia,Metal ores,buildings,1998,0.46085724511317483
South Asia,Metal ores,buildings,1999,0.4813264241770413
South Asia,Metal ores,buildings,2000,0.5026147546369024
South Asia,Metal ores,buildings,2001,0.524718946194815
South Asia,Metal ores,buildings,2002,0.5476438981472944
South Asia,Metal ores,buildings,2003,0.5714041140627395
South Asia,Metal ores,buildings,2004,0.5960244693805846
South Asia,Metal ores,buildings,2005,0.6215403065123787
South Asia,Metal ores,buildings,2006,0.6479968738654245
South Asia,Metal ores,buildings,2007,0.675448144841945
South Asia,Metal ores,buildings,2008,0.7039550361558922
South Asia,Metal ores,buildings,2009,0.7335830005676616
South Asia,Metal ores,buildings,2010,0.7643989317092863
South Asia,Metal ores,buildings,2011,0.7964673292267864
South Asia,Metal ores,buildings,2012,0.8298457539394423
South Asia,Metal ores,buildings,2013,0.8645797462169086
South Asia,Metal ores,buildings,2014,0.9006975496667526
South Asia,Metal ores,buildings,2015,0.9382051291039186
South Asia,Metal ores,buildings,2016,0.977082058047104
South Asia,Metal ores,civil_infrastructure,1900,8.701841072477963e-5
South Asia,Metal ores,civil_infrastructure,1901,9.561165449695045e-5
South Asia,Metal ores,civil_infrastructure,1902,1.0475773733930945e-4
South Asia,Metal ores,civil_infrastructure,1903,1.1446750718120945e-4
South Asia,Metal ores,civil_infrastructure,1904,1.247505909037564e-4
South Asia,Metal ores,civil_infrastructure,1905,1.3561539022248349e-4
South Asia,Metal ores,civil_infrastructure,1906,1.4706908909111217e-4
South Asia,Metal ores,civil_infrastructure,1907,1.5911767222243206e-4
South Asia,Metal ores,civil_infrastructure,1908,1.717659542305327e-4
South Asia,Metal ores,civil_infrastructure,1909,1.8501761881928015e-4
South Asia,Metal ores,civil_infrastructure,1910,1.988752673769626e-4
South Asia,Metal ores,civil_infrastructure,1911,2.133404762859924e-4
South Asia,Metal ores,civil_infrastructure,1912,2.2841386222006765e-4
South Asia,Metal ores,civil_infrastructure,1913,2.4409515467880397e-4
South Asia,Metal ores,civil_infrastructure,1914,2.603832750002506e-4
South Asia,Metal ores,civil_infrastructure,1915,2.772764210934676e-4
South Asia,Metal ores,civil_infrastructure,1916,2.947721571443158e-4
South Asia,Metal ores,civil_infrastructure,1917,3.128675075660245e-4
South Asia,Metal ores,civil_infrastructure,1918,3.315590544904862e-4
South Asia,Metal ores,civil_infrastructure,1919,3.508430381301517e-4
South Asia,Metal ores,civil_infrastructure,1920,3.7071545939299487e-4
South Asia,Metal ores,civil_infrastructure,1921,3.9117218422485506e-4
South Asia,Metal ores,civil_infrastructure,1922,4.122090493284654e-4
South Asia,Metal ores,civil_infrastructure,1923,4.338219692284255e-4
South Asia,Metal ores,civil_infrastructure,1924,4.560070452155684e-4
South Asia,Metal ores,civil_infrastructure,1925,4.787606776337536e-4
South Asia,Metal ores,civil_infrastructure,1926,5.020796844099684e-4
South Asia,Metal ores,civil_infrastructure,1927,5.259614308207116e-4
South Asia,Metal ores,civil_infrastructure,1928,5.504039783553801e-4
South Asia,Metal ores,civil_infrastructure,1929,5.754062642465596e-4
South Asia,Metal ores,civil_infrastructure,1930,6.009683277772642e-4
South Asia,Metal ores,civil_infrastructure,1931,6.270916047257681e-4
South Asia,Metal ores,civil_infrastructure,1932,6.537793170219121e-4
South Asia,Metal ores,civil_infrastructure,1933,6.81036990526972e-4
South Asia,Metal ores,civil_infrastructure,1934,7.088731393496726e-4
South Asia,Metal ores,civil_infrastructure,1935,7.373001597665379e-4
South Asia,Metal ores,civil_infrastructure,1936,7.663354801197128e-4
South Asia,Metal ores,civil_infrastructure,1937,7.960030145020097e-4
South Asia,Metal ores,civil_infrastructure,1938,8.263349672303754e-4
South Asia,Metal ores,civil_infrastructure,1939,8.573740317406582e-4
South Asia,Metal ores,civil_infrastructure,1940,8.891760214885861e-4
South Asia,Metal ores,civil_infrastructure,1941,9.218129617035039e-4
South Asia,Metal ores,civil_infrastructure,1942,9.5537665961226e-4
South Asia,Metal ores,civil_infrastructure,1943,9.89982757341719e-4
South Asia,Metal ores,civil_infrastructure,1944,0.0010257752565992222
South Asia,Metal ores,civil_infrastructure,1945,0.0010629314880152
South Asia,Metal ores,civil_infrastructure,1946,0.0011016674814151438
South Asia,Metal ores,civil_infrastructure,1947,0.0011422436770719766
South Asia,Metal ores,civil_infrastructure,1948,0.0011849709030284004
South Asia,Metal ores,civil_infrastructure,1949,0.0012302165307545973
South Asia,Metal ores,civil_infrastructure,1950,0.0012784107115982625
South Asia,Metal ores,civil_infrastructure,1951,0.0013300525904540227
South Asia,Metal ores,civil_infrastructure,1952,0.0013857163914356258
South Asia,Metal ores,civil_infrastructure,1953,0.0014460572734763285
South Asia,Metal ores,civil_infrastructure,1954,0.0015118168617199396
South Asia,Metal ores,civil_infrastructure,1955,0.001583828372996715
South Asia,Metal ores,civil_infrastructure,1956,0.0016630212698772553
South Asia,Metal ores,civil_infrastructure,1957,0.0017504253966716958
South Asia,Metal ores,civil_infrastructure,1958,0.0018471745709039576
South Asia,Metal ores,civil_infrastructure,1959,0.0019545096237212705
South Asia,Metal ores,civil_infrastructure,1960,0.0020737809007853806
South Asia,Metal ores,civil_infrastructure,1961,0.0022064502500553796
South Asia,Metal ores,civil_infrastructure,1962,0.00235409253338127
South Asia,Metal ores,civil_infrastructure,1963,0.002518396704260494
South Asia,Metal ores,civil_infrastructure,1964,0.0027011664942551143
South Asia,Metal ores,civil_infrastructure,1965,0.002904320745640426
South Asia,Metal ores,civil_infrastructure,1966,0.0031298934185307664
South Asia,Metal ores,civil_infrastructure,1967,0.0033800332879420506
South Asia,Metal ores,civil_infrastructure,1968,0.003657003331168472
South Asia,Metal ores,civil_infrastructure,1969,0.003963179789631274
South Asia,Metal ores,civil_infrastructure,1970,0.0043010508731576
South Asia,Metal ores,civil_infrastructure,1971,0.004673215059371312
South Asia,Metal ores,civil_infrastructure,1972,0.005082378927393817
South Asia,Metal ores,civil_infrastructure,1973,0.005531354453889417
South Asia,Metal ores,civil_infrastructure,1974,0.006023055691154253
South Asia,Metal ores,civil_infrastructure,1975,0.006560494741799468
South Asia,Metal ores,civil_infrastructure,1976,0.007146776942954344
South Asia,Metal ores,civil_infrastructure,1977,0.007785095175161189
South Asia,Metal ores,civil_infrastructure,1978,0.008478723217564177
South Asia,Metal ores,civil_infrastructure,1979,0.009231008082076763
South Asia,Metal ores,civil_infrastructure,1980,0.01004536127515486
South Asia,Metal ores,civil_infrastructure,1981,0.010925248957105496
South Asia,Metal ores,civil_infrastructure,1982,0.011874180995606819
South Asia,Metal ores,civil_infrastructure,1983,0.012895698942641882
South Asia,Metal ores,civil_infrastructure,1984,0.013993363002338496
South Asia,Metal ores,civil_infrastructure,1985,0.015170738101263844
South Asia,Metal ores,civil_infrastructure,1986,0.016431379222340062
South Asia,Metal ores,civil_infrastructure,1987,0.017778816218220504
South Asia,Metal ores,civil_infrastructure,1988,0.01921653837875746
South Asia,Metal ores,civil_infrastructure,1989,0.020747979088621884
South Asia,Metal ores,civil_infrastructure,1990,0.02237650097307445
South Asia,Metal ores,civil_infrastructure,1991,0.024105381989028066
South Asia,Metal ores,civil_infrastructure,1992,0.02593780297134644
South Asia,Metal ores,civil_infrastructure,1993,0.027876837185981062
South Asia,Metal ores,civil_infrastructure,1994,0.029925442467214226
South Asia,Metal ores,civil_infrastructure,1995,0.032086456521229344
South Asia,Metal ores,civil_infrastructure,1996,0.03436259595783101
South Asia,Metal ores,civil_infrastructure,1997,0.036756459563653004
South Asia,Metal ores,civil_infrastructure,1998,0.03927053625158728
South Asia,Metal ores,civil_infrastructure,1999,0.04190721801326029
South Asia,Metal ores,civil_infrastructure,2000,0.04466881806639486
South Asia,Metal ores,civil_infrastructure,2001,0.04755759423195072
South Asia,Metal ores,civil_infrastructure,2002,0.05057577740349373
South Asia,Metal ores,civil_infrastructure,2003,0.05372560479182111
South Asia,Metal ores,civil_infrastructure,2004,0.057009357450915045
South Asia,Metal ores,civil_infrastructure,2005,0.06042940142625472
South Asia,Metal ores,civil_infrastructure,2006,0.06398823172335613
South Asia,Metal ores,civil_infrastructure,2007,0.06768851818116732
South Asia,Metal ores,civil_infrastructure,2008,0.07153315225869436
South Asia,Metal ores,civil_infrastructure,2009,0.07552529370899665
South Asia,Metal ores,civil_infrastructure,2010,0.07966841612444549
South Asia,Metal ores,civil_infrastructure,2011,0.0839663503912784
South Asia,Metal ores,civil_infrastructure,2012,0.08842332518722094
South Asia,Metal ores,civil_infrastructure,2013,0.09304400378817894
South Asia,Metal ores,civil_infrastructure,2014,0.09783351661261479
South Asia,Metal ores,civil_infrastructure,2015,0.10279748911673683
South Asia,Metal ores,civil_infrastructure,2016,0.10794206485209874
South Asia,Metal ores,machinery,1900,0.001191256273678647
South Asia,Metal ores,machinery,1901,0.0012257242308832425
South Asia,Metal ores,machinery,1902,0.0012590387732773429
South Asia,Metal ores,machinery,1903,0.0012914694681275232
South Asia,Metal ores,machinery,1904,0.0013244324022986876
South Asia,Metal ores,machinery,1905,0.0013603891536600372
South Asia,Metal ores,machinery,1906,0.001411167590706149
South Asia,Metal ores,machinery,1907,0.0015613306814029977
South Asia,Metal ores,machinery,1908,0.0021242361269398734
South Asia,Metal ores,machinery,1909,0.0037290435132364234
South Asia,Metal ores,machinery,1910,0.007113753940449234
South Asia,Metal ores,machinery,1911,0.012725345679193199
South Asia,Metal ores,machinery,1912,0.020464966876352714
South Asia,Metal ores,machinery,1913,0.029759754738206346
South Asia,Metal ores,machinery,1914,0.03985245467860609
South Asia,Metal ores,machinery,1915,0.05008041944834995
South Asia,Metal ores,machinery,1916,0.06001164249696443
South Asia,Metal ores,machinery,1917,0.06946319459183173
South Asia,Metal ores,machinery,1918,0.07847782821825587
South Asia,Metal ores,machinery,1919,0.0872927167091312
South Asia,Metal ores,machinery,1920,0.09631304357853623
South Asia,Metal ores,machinery,1921,0.1060591849549673
South Asia,Metal ores,machinery,1922,0.1170008776193611
South Asia,Metal ores,machinery,1923,0.12930865291704172
South Asia,Metal ores,machinery,1924,0.14272784374352862
South Asia,Metal ores,machinery,1925,0.15669073510225873
South Asia,Metal ores,machinery,1926,0.17056594121422586
South Asia,Metal ores,machinery,1927,0.18390626644859642
South Asia,Metal ores,machinery,1928,0.19659456393421396
South Asia,Metal ores,machinery,1929,0.20881414274404198
South Asia,Metal ores,machinery,1930,0.2209207616962815
South Asia,Metal ores,machinery,1931,0.23343832476751625
South Asia,Metal ores,machinery,1932,0.24721124803441613
South Asia,Metal ores,machinery,1933,0.2633887294423295
South Asia,Metal ores,machinery,1934,0.28302591397550564
South Asia,Metal ores,machinery,1935,0.30660660779513377
South Asia,Metal ores,machinery,1936,0.33389954440623154
South Asia,Metal ores,machinery,1937,0.36415860465559996
South Asia,Metal ores,machinery,1938,0.39632397821407833
South Asia,Metal ores,machinery,1939,0.4289638013655247
South Asia,Metal ores,machinery,1940,0.46020494972447806
South Asia,Metal ores,machinery,1941,0.4881549313209566
South Asia,Metal ores,machinery,1942,0.5118321334249216
South Asia,Metal ores,machinery,1943,0.5319043230772542
South Asia,Metal ores,machinery,1944,0.5505278033246415
South Asia,Metal ores,machinery,1945,0.5703436974676624
South Asia,Metal ores,machinery,1946,0.5933246280947762
South Asia,Metal ores,machinery,1947,0.6201948382835789
South Asia,Metal ores,machinery,1948,0.6506628203981503
South Asia,Metal ores,machinery,1949,0.6839965425885174
South Asia,Metal ores,machinery,1950,0.7192717471092895
South Asia,Metal ores,machinery,1951,0.7552002414641994
South Asia,Metal ores,machinery,1952,0.7899951570560783
South Asia,Metal ores,machinery,1953,0.821656731613906
South Asia,Metal ores,machinery,1954,0.8486309776233438
South Asia,Metal ores,machinery,1955,0.8704253287421408
South Asia,Metal ores,machinery,1956,0.8877548563327026
South Asia,Metal ores,machinery,1957,0.9021805426933596
South Asia,Metal ores,machinery,1958,0.9155761871546699
South Asia,Metal ores,machinery,1959,0.9297278648262932
South Asia,Metal ores,machinery,1960,0.9460762227169702
South Asia,Metal ores,machinery,1961,0.9654964615074618
South Asia,Metal ores,machinery,1962,0.9881963562566499
South Asia,Metal ores,machinery,1963,1.0138601340619706
South Asia,Metal ores,machinery,1964,1.0419290542886712
South Asia,Metal ores,machinery,1965,1.0718365296859895
South Asia,Metal ores,machinery,1966,1.1032875253984158
South Asia,Metal ores,machinery,1967,1.1369827688629475
South Asia,Metal ores,machinery,1968,1.1757042352929523
South Asia,Metal ores,machinery,1969,1.2246374486709137
South Asia,Metal ores,machinery,1970,1.2899851379165888
South Asia,Metal ores,machinery,1971,1.376404451378902
South Asia,Metal ores,machinery,1972,1.4848282520397893
South Asia,Metal ores,machinery,1973,1.611819725683524
South Asia,Metal ores,machinery,1974,1.7504083873221854
South Asia,Metal ores,machinery,1975,1.891733544852904
South Asia,Metal ores,machinery,1976,2.027032424329556
South Asia,Metal ores,machinery,1977,2.149694046480622
South Asia,Metal ores,machinery,1978,2.25687669768892
South Asia,Metal ores,machinery,1979,2.350101356553507
South Asia,Metal ores,machinery,1980,2.434542287948398
South Asia,Metal ores,machinery,1981,2.5171505843201682
South Asia,Metal ores,machinery,1982,2.6042758913292823
South Asia,Metal ores,machinery,1983,2.6998802012833365
South Asia,Metal ores,machinery,1984,2.805002697611161
South Asia,Metal ores,machinery,1985,2.9183976936003915
South Asia,Metal ores,machinery,1986,3.0381049287553155
South Asia,Metal ores,machinery,1987,3.16322841094057
South Asia,Metal ores,machinery,1988,3.2946204904305816
South Asia,Metal ores,machinery,1989,3.434126013991256
South Asia,Metal ores,machinery,1990,3.5832754086688072
South Asia,Metal ores,machinery,1991,3.7420881454895607
South Asia,Metal ores,machinery,1992,3.908579430363285
South Asia,Metal ores,machinery,1993,4.079853147613631
South Asia,Metal ores,machinery,1994,4.254600310748286
South Asia,Metal ores,machinery,1995,4.434744745464482
South Asia,Metal ores,machinery,1996,4.624166528610907
South Asia,Metal ores,machinery,1997,4.825461866354013
South Asia,Metal ores,machinery,1998,5.037479052371447
South Asia,Metal ores,machinery,1999,5.255483064694281
South Asia,Metal ores,machinery,2000,5.473910290960288
South Asia,Metal ores,machinery,2001,5.690352399893924
South Asia,Metal ores,machinery,2002,5.908224365233488
South Asia,Metal ores,machinery,2003,6.137048706517107
South Asia,Metal ores,machinery,2004,6.3911154971437005
South Asia,Metal ores,machinery,2005,6.684995626093344
South Asia,Metal ores,machinery,2006,7.025542488052227
South Asia,Metal ores,machinery,2007,7.405610861395835
South Asia,Metal ores,machinery,2008,7.805059960676844
South Asia,Metal ores,machinery,2009,8.198801536827865
South Asia,Metal ores,machinery,2010,8.566845554602963
South Asia,Metal ores,machinery,2011,8.901585921922992
South Asia,Metal ores,machinery,2012,9.21183536071908
South Asia,Metal ores,machinery,2013,9.525967572838157
South Asia,Metal ores,machinery,2014,9.891274058231666
South Asia,Metal ores,machinery,2015,10.362330441882618
South Asia,Metal ores,machinery,2016,10.981590959281952
South Asia,Metal ores,short_lived,1900,0.005241119806241995
South Asia,Metal ores,short_lived,1901,0.018642734919827517
South Asia,Metal ores,short_lived,1902,0.019260079959213403
South Asia,Metal ores,short_lived,1903,0.02418209285362339
South Asia,Metal ores,short_lived,1904,0.028505934274780605
South Asia,Metal ores,short_lived,1905,0.030012136673552143
South Asia,Metal ores,short_lived,1906,0.03195939559925976
South Asia,Metal ores,short_lived,1907,0.03400598028712191
South Asia,Metal ores,short_lived,1908,0.036819593251525194
South Asia,Metal ores,short_lived,1909,0.04037604157467522
South Asia,Metal ores,short_lived,1910,0.0467278731788029
South Asia,Metal ores,short_lived,1911,0.05295518387177715
South Asia,Metal ores,short_lived,1912,0.059484677196585956
South Asia,Metal ores,short_lived,1913,0.07006190984305222
South Asia,Metal ores,short_lived,1914,0.07858311326107899
South Asia,Metal ores,short_lived,1915,0.08306139582643006
South Asia,Metal ores,short_lived,1916,0.08728502817176732
South Asia,Metal ores,short_lived,1917,0.09277560956877391
South Asia,Metal ores,short_lived,1918,0.09461022959559688
South Asia,Metal ores,short_lived,1919,0.09681538112122949
South Asia,Metal ores,short_lived,1920,0.10393611160170699
South Asia,Metal ores,short_lived,1921,0.10863589012416679
South Asia,Metal ores,short_lived,1922,0.11272364611254183
South Asia,Metal ores,short_lived,1923,0.11878184923563326
South Asia,Metal ores,short_lived,1924,0.1328660156686054
South Asia,Metal ores,short_lived,1925,0.14711266172636023
South Asia,Metal ores,short_lived,1926,0.15497668725675995
South Asia,Metal ores,short_lived,1927,0.16502051135334755
South Asia,Metal ores,short_lived,1928,0.18212254798786137
South Asia,Metal ores,short_lived,1929,0.18379964175863964
South Asia,Metal ores,short_lived,1930,0.20431733491361062
South Asia,Metal ores,short_lived,1931,0.20057100072316933
South Asia,Metal ores,short_lived,1932,0.203075160062262
South Asia,Metal ores,short_lived,1933,0.20217355741756582
South Asia,Metal ores,short_lived,1934,0.21160386044374604
South Asia,Metal ores,short_lived,1935,0.22687174931175996
South Asia,Metal ores,short_lived,1936,0.24239033907246418
South Asia,Metal ores,short_lived,1937,0.2609399832549151
South Asia,Metal ores,short_lived,1938,0.28074455440681695
South Asia,Metal ores,short_lived,1939,0.28554497152499114
South Asia,Metal ores,short_lived,1940,0.2988301357054113
South Asia,Metal ores,short_lived,1941,0.3081368876337649
South Asia,Metal ores,short_lived,1942,0.30858537301143246
South Asia,Metal ores,short_lived,1943,0.3054425151628123
South Asia,Metal ores,short_lived,1944,0.30521891316177
South Asia,Metal ores,short_lived,1945,0.29523773103059475
South Asia,Metal ores,short_lived,1946,0.29422327172038903
South Asia,Metal ores,short_lived,1947,0.29405074493997774
South Asia,Metal ores,short_lived,1948,0.29848459478359807
South Asia,Metal ores,short_lived,1949,0.3000449914060545
South Asia,Metal ores,short_lived,1950,0.31071787570805937
South Asia,Metal ores,short_lived,1951,0.31621951335485515
South Asia,Metal ores,short_lived,1952,0.32784432324193863
South Asia,Metal ores,short_lived,1953,0.3327040613836086
South Asia,Metal ores,short_lived,1954,0.33596294246116715
South Asia,Metal ores,short_lived,1955,0.34855730716974803
South Asia,Metal ores,short_lived,1956,0.35220340924139226
South Asia,Metal ores,short_lived,1957,0.3619012432355547
South Asia,Metal ores,short_lived,1958,0.371683182613906
South Asia,Metal ores,short_lived,1959,0.38386452555802253
South Asia,Metal ores,short_lived,1960,0.4343634655758859
South Asia,Metal ores,short_lived,1961,0.49587510824378067
South Asia,Metal ores,short_lived,1962,0.5528703495306663
South Asia,Metal ores,short_lived,1963,0.6254314936056763
South Asia,Metal ores,short_lived,1964,0.6782044581627058
South Asia,Metal ores,short_lived,1965,0.7129408872721468
South Asia,Metal ores,short_lived,1966,0.7490890962750715
South Asia,Metal ores,short_lived,1967,0.7511429634137758
South Asia,Metal ores,short_lived,1968,0.7572119061663408
South Asia,Metal ores,short_lived,1969,0.7721230179395707
South Asia,Metal ores,short_lived,1970,0.7789980966806922
South Asia,Metal ores,short_lived,1971,0.7956162794480479
South Asia,Metal ores,short_lived,1972,0.845471797337467
South Asia,Metal ores,short_lived,1973,0.8889489211588683
South Asia,Metal ores,short_lived,1974,0.9172234712206332
South Asia,Metal ores,short_lived,1975,0.9471848701502352
South Asia,Metal ores,short_lived,1976,0.9738098202137567
South Asia,Metal ores,short_lived,1977,0.9879393725530718
South Asia,Metal ores,short_lived,1978,1.0137524815977432
South Asia,Metal ores,short_lived,1979,1.0549868882497542
South Asia,Metal ores,short_lived,1980,1.1068310033095368
South Asia,Metal ores,short_lived,1981,1.131350400048694
South Asia,Metal ores,short_lived,1982,1.2593086449975113
South Asia,Metal ores,short_lived,1983,1.261050631563168
South Asia,Metal ores,short_lived,1984,1.3047005636652056
South Asia,Metal ores,short_lived,1985,1.3498631083460684
South Asia,Metal ores,short_lived,1986,1.4286867370348717
South Asia,Metal ores,short_lived,1987,1.5255105263624318
South Asia,Metal ores,short_lived,1988,1.5741576793347007
South Asia,Metal ores,short_lived,1989,1.6678146318644211
South Asia,Metal ores,short_lived,1990,1.72650671048049
South Asia,Metal ores,short_lived,1991,2.0592979866124543
South Asia,Metal ores,short_lived,1992,1.1863634237469065
South Asia,Metal ores,short_lived,1993,2.2765994928566196
South Asia,Metal ores,short_lived,1994,1.6726146871155803
South Asia,Metal ores,short_lived,1995,1.8197063317151771
South Asia,Metal ores,short_lived,1996,2.2424013182571256
South Asia,Metal ores,short_lived,1997,2.610019013450586
South Asia,Metal ores,short_lived,1998,2.757689080452779
South Asia,Metal ores,short_lived,1999,2.862984196543265
South Asia,Metal ores,short_lived,2000,2.9948023467542915
South Asia,Metal ores,short_lived,2001,2.973748611858983
South Asia,Metal ores,short_lived,2002,2.9641072141813707
South Asia,Metal ores,short_lived,2003,2.951923436242107
South Asia,Metal ores,short_lived,2004,3.0614388974928115
South Asia,Metal ores,short_lived,2005,3.1819912563914414
South Asia,Metal ores,short_lived,2006,3.7479468988118847
South Asia,Metal ores,short_lived,2007,4.084644617493788
South Asia,Metal ores,short_lived,2008,4.423340446773266
South Asia,Metal ores,short_lived,2009,4.756381793678347
South Asia,Metal ores,short_lived,2010,4.899738848558977
South Asia,Metal ores,short_lived,2011,5.388167483816089
South Asia,Metal ores,short_lived,2012,5.788711879846054
South Asia,Metal ores,short_lived,2013,5.80913905821815
South Asia,Metal ores,short_lived,2014,5.863909453424468
South Asia,Metal ores,short_lived,2015,6.362440443312714
South Asia,Metal ores,short_lived,2016,7.208907329122426
South Asia,Non-metallic minerals,buildings,1900,61.75189019523641
South Asia,Non-metallic minerals,buildings,1901,62.80558980837251
South Asia,Non-metallic minerals,buildings,1902,63.84567599117167
South Asia,Non-metallic minerals,buildings,1903,64.872421589383407
South Asia,Non-metallic minerals,buildings,1904,65.88612805709434
South Asia,Non-metallic minerals,buildings,1905,66.8871338494634
South Asia,Non-metallic minerals,buildings,1906,67.87582133699159
South Asia,Non-metallic minerals,buildings,1907,68.85262132132729
South Asia,Non-metallic minerals,buildings,1908,69.81801438112576
South Asia,Non-metallic minerals,buildings,1909,70.77252856571131
South Asia,Non-metallic minerals,buildings,1910,71.71673334760096
South Asia,Non-metallic minerals,buildings,1911,72.6512301380517
South Asia,Non-metallic minerals,buildings,1912,73.57663996387745
South Asia,Non-metallic minerals,buildings,1913,74.49358909154884
South Asia,Non-metallic minerals,buildings,1914,75.40269352871603
South Asia,Non-metallic minerals,buildings,1915,76.3045434739872
South Asia,Non-metallic minerals,buildings,1916,77.19968889380038
South Asia,Non-metallic minerals,buildings,1917,78.0886274117464
South Asia,Non-metallic minerals,buildings,1918,78.97179554743293
South Asia,Non-metallic minerals,buildings,1919,79.84956403318319
South Asia,Non-metallic minerals,buildings,1920,80.72223751244798
South Asia,Non-metallic minerals,buildings,1921,81.59005846444529
South Asia,Non-metallic minerals,buildings,1922,82.45321479081659
South Asia,Non-metallic minerals,buildings,1923,83.31185019715554
South Asia,Non-metallic minerals,buildings,1924,84.1660763169498
South Asia,Non-metallic minerals,buildings,1925,85.01598544239556
South Asia,Non-metallic minerals,buildings,1926,85.86166272676937
South Asia,Non-metallic minerals,buildings,1927,86.70319680013931
South Asia,Non-metallic minerals,buildings,1928,87.5406879030313
South Asia,Non-metallic minerals,buildings,1929,88.37425290217564
South Asia,Non-metallic minerals,buildings,1930,89.20402689402911
South Asia,Non-metallic minerals,buildings,1931,90.03016146519235
South Asia,Non-metallic minerals,buildings,1932,90.8528199860324
South Asia,Non-metallic minerals,buildings,1933,91.67217053382929
South Asia,Non-metallic minerals,buildings,1934,92.4883772135773
South Asia,Non-metallic minerals,buildings,1935,93.30159082331342
South Asia,Non-metallic minerals,buildings,1936,94.1119400011137
South Asia,Non-metallic minerals,buildings,1937,94.91952413413915
South Asia,Non-metallic minerals,buildings,1938,95.72440932360342
South Asia,Non-metallic minerals,buildings,1939,96.52662852712639
South Asia,Non-metallic minerals,buildings,1940,97.32618663608555
South Asia,Non-metallic minerals,buildings,1941,98.12307072461869
South Asia,Non-metallic minerals,buildings,1942,98.91726508929494
South Asia,Non-metallic minerals,buildings,1943,99.7087700696272
South Asia,Non-metallic minerals,buildings,1944,100.4976231008581
South Asia,Non-metallic minerals,buildings,1945,101.28392009324806
South Asia,Non-metallic minerals,buildings,1946,102.0678351141155
South Asia,Non-metallic minerals,buildings,1947,102.8496364859731
South Asia,Non-metallic minerals,buildings,1948,103.62969778526758
South Asia,Non-metallic minerals,buildings,1949,104.40850278229225
South Asia,Non-metallic minerals,buildings,1950,105.18664402634035
South Asia,Non-metallic minerals,buildings,1951,105.96481543830825
South Asia,Non-metallic minerals,buildings,1952,106.7437998017376
South Asia,Non-metallic minerals,buildings,1953,107.52445234152411
South Asia,Non-metallic minerals,buildings,1954,108.30768151331739
South Asia,Non-metallic minerals,buildings,1955,109.09442757056493
South Asia,Non-metallic minerals,buildings,1956,109.88563890270969
South Asia,Non-metallic minerals,buildings,1957,110.68224664569122
South Asia,Non-metallic minerals,buildings,1958,111.48513972735826
South Asia,Non-metallic minerals,buildings,1959,112.2951437448586
South Asia,Non-metallic minerals,buildings,1960,113.11300651789388
South Asia,Non-metallic minerals,buildings,1961,113.9393911351062
South Asia,Non-metallic minerals,buildings,1962,114.77487519870427
South Asia,Non-metallic minerals,buildings,1963,115.6199539564761
South Asia,Non-metallic minerals,buildings,1964,116.4750454129405
South Asia,Non-metallic minerals,buildings,1965,117.34049687177512
South Asia,Non-metallic minerals,buildings,1966,118.2165938704263
South Asia,Non-metallic minerals,buildings,1967,119.10357342367367
South Asia,Non-metallic minerals,buildings,1968,120.0016435804892
South Asia,Non-metallic minerals,buildings,1969,120.91101062000808
South Asia,Non-metallic minerals,buildings,1970,121.8319141056206
South Asia,Non-metallic minerals,buildings,1971,122.76466881700347
South Asia,Non-metallic minerals,buildings,1972,123.70971152835091
South Asia,Non-metallic minerals,buildings,1973,124.66764986872428
South Asia,Non-metallic minerals,buildings,1974,125.63931018560149
South Asia,Non-metallic minerals,buildings,1975,126.62578143350783
South Asia,Non-metallic minerals,buildings,1976,127.62845254815936
South Asia,Non-metallic minerals,buildings,1977,128.64904141453331
South Asia,Non-metallic minerals,buildings,1978,129.68961421578078
South Asia,Non-metallic minerals,buildings,1979,130.75259447814972
South Asia,Non-metallic minerals,buildings,1980,131.84076147977578
South Asia,Non-metallic minerals,buildings,1981,132.9572380990026
South Asia,Non-metallic minerals,buildings,1982,134.10546889045744
South Asia,Non-metallic minerals,buildings,1983,135.2891901184397
South Asia,Non-metallic minerals,buildings,1984,136.51239425611695
South Asia,Non-metallic minerals,buildings,1985,137.7792916800587
South Asia,Non-metallic minerals,buildings,1986,139.09427184739874
South Asia,Non-metallic minerals,buildings,1987,140.46186542523648
South Asia,Non-metallic minerals,buildings,1988,141.88670811896745
South Asia,Non-metallic minerals,buildings,1989,143.37350658509428
South Asia,Non-metallic minerals,buildings,1990,144.92700679209673
South Asia,Non-metallic minerals,buildings,1991,146.5519654052785
South Asia,Non-metallic minerals,buildings,1992,148.25312507944045
South Asia,Non-metallic minerals,buildings,1993,150.0351947153519
South Asia,Non-metallic minerals,buildings,1994,151.90283559878196
South Asia,Non-metallic minerals,buildings,1995,153.86065402669618
South Asia,Non-metallic minerals,buildings,1996,155.91320093189094
South Asia,Non-metallic minerals,buildings,1997,158.06497945152427
South Asia,Non-metallic minerals,buildings,1998,160.32046227689844
South Asia,Non-metallic minerals,buildings,1999,162.68412147331912
South Asia,Non-metallic minerals,buildings,2000,165.16047357982674
South Asia,Non-metallic minerals,buildings,2001,167.7541419080053
South Asia,Non-metallic minerals,buildings,2002,170.4699364384335
South Asia,Non-metallic minerals,buildings,2003,173.31295005796795
South Asia,Non-metallic minerals,buildings,2004,176.288668306286
South Asia,Non-metallic minerals,buildings,2005,179.4030884935208
South Asia,Non-metallic minerals,buildings,2006,182.66284316795986
South Asia,Non-metallic minerals,buildings,2007,186.07532221897293
South Asia,Non-metallic minerals,buildings,2008,189.64878733973342
South Asia,Non-metallic minerals,buildings,2009,193.3924728281526
South Asia,Non-metallic minerals,buildings,2010,197.31666848748728
South Asia,Non-metallic minerals,buildings,2011,201.4327840765436
South Asia,Non-metallic minerals,buildings,2012,205.75339961383403
South Asia,Non-metallic minerals,buildings,2013,210.29230857436616
South Asia,Non-metallic minerals,buildings,2014,215.0645581090099
South Asia,Non-metallic minerals,buildings,2015,220.086482533387
South Asia,Non-metallic minerals,buildings,2016,225.37571756060677
South Asia,Non-metallic minerals,civil_infrastructure,1900,0.00986655113866889
South Asia,Non-metallic minerals,civil_infrastructure,1901,0.011385171700740214
South Asia,Non-metallic minerals,civil_infrastructure,1902,0.01312663132123406
South Asia,Non-metallic minerals,civil_infrastructure,1903,0.015109209151025782
South Asia,Non-metallic minerals,civil_infrastructure,1904,0.01734888962213477
South Asia,Non-metallic minerals,civil_infrastructure,1905,0.019858948480598628
South Asia,Non-metallic minerals,civil_infrastructure,1906,0.022649673873819724
South Asia,Non-metallic minerals,civil_infrastructure,1907,0.02572822437634841
South Asia,Non-metallic minerals,civil_infrastructure,1908,0.0290986225760151
South Asia,Non-metallic minerals,civil_infrastructure,1909,0.032761886089460936
South Asia,Non-metallic minerals,civil_infrastructure,1910,0.03671629793234586
South Asia,Non-metallic minerals,civil_infrastructure,1911,0.04095780257981211
South Asia,Non-metallic minerals,civil_infrastructure,1912,0.04548048476267254
South Asia,Non-metallic minerals,civil_infrastructure,1913,0.050277063592749326
South Asia,Non-metallic minerals,civil_infrastructure,1914,0.05533933462294723
South Asia,Non-metallic minerals,civil_infrastructure,1915,0.060658523822177846
South Asia,Non-metallic minerals,civil_infrastructure,1916,0.06622557286780485
South Asia,Non-metallic minerals,civil_infrastructure,1917,0.07203143804251226
South Asia,Non-metallic minerals,civil_infrastructure,1918,0.0780675329646269
South Asia,Non-metallic minerals,civil_infrastructure,1919,0.08432645381331548
South Asia,Non-metallic minerals,civil_infrastructure,1920,0.09080307833562808
South Asia,Non-metallic minerals,civil_infrastructure,1921,0.09749603251479848
South Asia,Non-metallic minerals,civil_infrastructure,1922,0.1044094014390417
South Asia,Non-metallic minerals,civil_infrastructure,1923,0.11155446250423505
South Asia,Non-metallic minerals,civil_infrastructure,1924,0.1189511674524269
South Asia,Non-metallic minerals,civil_infrastructure,1925,0.126629103849799
South Asia,Non-metallic minerals,civil_infrastructure,1926,0.13462772056913042
South Asia,Non-metallic minerals,civil_infrastructure,1927,0.14299569107756896
South Asia,Non-metallic minerals,civil_infrastructure,1928,0.15178939367337893
South Asia,Non-metallic minerals,civil_infrastructure,1929,0.16107058970600852
South Asia,Non-metallic minerals,civil_infrastructure,1930,0.17090346417329055
South Asia,Non-metallic minerals,civil_infrastructure,1931,0.1813512509256299
South Asia,Non-metallic minerals,civil_infrastructure,1932,0.1924726979138506
South Asia,Non-metallic minerals,civil_infrastructure,1933,0.20431864100625297
South Asia,Non-metallic minerals,civil_infrastructure,1934,0.21692895044988203
South Asia,Non-metallic minerals,civil_infrastructure,1935,0.23033008978198788
South Asia,Non-metallic minerals,civil_infrastructure,1936,0.24453347753875881
South Asia,Non-metallic minerals,civil_infrastructure,1937,0.2595347600591179
South Asia,Non-metallic minerals,civil_infrastructure,1938,0.2753139828512211
South Asia,Non-metallic minerals,civil_infrastructure,1939,0.29183649548833174
South Asia,Non-metallic minerals,civil_infrastructure,1940,0.3090542670929834
South Asia,Non-metallic minerals,civil_infrastructure,1941,0.3269071640833442
South Asia,Non-metallic minerals,civil_infrastructure,1942,0.34532369542088953
South Asia,Non-metallic minerals,civil_infrastructure,1943,0.3642208153461291
South Asia,Non-metallic minerals,civil_infrastructure,1944,0.38350262142308206
South Asia,Non-metallic minerals,civil_infrastructure,1945,0.40305817117387027
South Asia,Non-metallic minerals,civil_infrastructure,1946,0.42275906896639076
South Asia,Non-metallic minerals,civil_infrastructure,1947,0.44245780187056427
South Asia,Non-metallic minerals,civil_infrastructure,1948,0.46198788330844087
South Asia,Non-metallic minerals,civil_infrastructure,1949,0.4811666257486916
South Asia,Non-metallic minerals,civil_infrastructure,1950,0.49980086658422734
South Asia,Non-metallic minerals,civil_infrastructure,1951,0.5176953742802988
South Asia,Non-metallic minerals,civil_infrastructure,1952,0.53466314009822
South Asia,Non-metallic minerals,civil_infrastructure,1953,0.5505364326988169
South Asia,Non-metallic minerals,civil_infrastructure,1954,0.5651773973383016
South Asia,Non-metallic minerals,civil_infrastructure,1955,0.5784870903958884
South Asia,Non-metallic minerals,civil_infrastructure,1956,0.5904120909608052
South Asia,Non-metallic minerals,civil_infrastructure,1957,0.6009481671682975
South Asia,Non-metallic minerals,civil_infrastructure,1958,0.610140855819839
South Asia,Non-metallic minerals,civil_infrastructure,1959,0.6180831897601671
South Asia,Non-metallic minerals,civil_infrastructure,1960,0.6249111158636861
South Asia,Non-metallic minerals,civil_infrastructure,1961,0.6307973241614991
South Asia,Non-metallic minerals,civil_infrastructure,1962,0.6359442209237232
South Asia,Non-metallic minerals,civil_infrastructure,1963,0.6405766690793276
South Asia,Non-metallic minerals,civil_infrastructure,1964,0.6449349952272998
South Asia,Non-metallic minerals,civil_infrastructure,1965,0.6492687144499896
South Asia,Non-metallic minerals,civil_infrastructure,1966,0.6538314708124705
South Asia,Non-metallic minerals,civil_infrastructure,1967,0.6588778309247114
South Asia,Non-metallic minerals,civil_infrastructure,1968,0.6646628962310229
South Asia,Non-metallic minerals,civil_infrastructure,1969,0.6714463215137395
South Asia,Non-metallic minerals,civil_infrastructure,1970,0.6795030500478968
South Asia,Non-metallic minerals,civil_infrastructure,1971,0.6891433670045848
South Asia,Non-metallic minerals,civil_infrastructure,1972,0.7007442364875099
South Asia,Non-metallic minerals,civil_infrastructure,1973,0.7147921964505789
South Asia,Non-metallic minerals,civil_infrastructure,1974,0.7319355225320432
South Asia,Non-metallic minerals,civil_infrastructure,1975,0.7530402672007999
South Asia,Non-metallic minerals,civil_infrastructure,1976,0.7792417663547374
South Asia,Non-metallic minerals,civil_infrastructure,1977,0.8119814012376272
South Asia,Non-metallic minerals,civil_infrastructure,1978,0.8530189478366857
South Asia,Non-metallic minerals,civil_infrastructure,1979,0.9044139912341843
South Asia,Non-metallic minerals,civil_infrastructure,1980,0.9684747300268763
South Asia,Non-metallic minerals,civil_infrastructure,1981,1.0476776601615245
South Asia,Non-metallic minerals,civil_infrastructure,1982,1.144566083892858
South Asia,Non-metallic minerals,civil_infrastructure,1983,1.2616388232958171
South Asia,Non-metallic minerals,civil_infrastructure,1984,1.401242890853057
South Asia,Non-metallic minerals,civil_infrastructure,1985,1.5654845394816594
South Asia,Non-metallic minerals,civil_infrastructure,1986,1.7561706019153984
South Asia,Non-metallic minerals,civil_infrastructure,1987,1.9747851654759292
South Asia,Non-metallic minerals,civil_infrastructure,1988,2.222496328800113
South Asia,Non-metallic minerals,civil_infrastructure,1989,2.5001777686586384
South Asia,Non-metallic minerals,civil_infrastructure,1990,2.808425091639013
South Asia,Non-metallic minerals,civil_infrastructure,1991,3.1475507024983953
South Asia,Non-metallic minerals,civil_infrastructure,1992,3.5175524076533358
South Asia,Non-metallic minerals,civil_infrastructure,1993,3.9180653554841225
South Asia,Non-metallic minerals,civil_infrastructure,1994,4.348317811479173
South Asia,Non-metallic minerals,civil_infrastructure,1995,4.8071141391827945
South Asia,Non-metallic minerals,civil_infrastructure,1996,5.292862238165366
South Asia,Non-metallic minerals,civil_infrastructure,1997,5.803649833388593
South Asia,Non-metallic minerals,civil_infrastructure,1998,6.337359045359951
South Asia,Non-metallic minerals,civil_infrastructure,1999,6.891797529301872
South Asia,Non-metallic minerals,civil_infrastructure,2000,7.464822008568818
South Asia,Non-metallic minerals,civil_infrastructure,2001,8.05443715712947
South Asia,Non-metallic minerals,civil_infrastructure,2002,8.65886582699484
South Asia,Non-metallic minerals,civil_infrastructure,2003,9.27659946288135
South Asia,Non-metallic minerals,civil_infrastructure,2004,9.906444733725172
South Asia,Non-metallic minerals,civil_infrastructure,2005,10.547581304970967
South Asia,Non-metallic minerals,civil_infrastructure,2006,11.19963725722391
South Asia,Non-metallic minerals,civil_infrastructure,2007,11.862777009823311
South Asia,Non-metallic minerals,civil_infrastructure,2008,12.537786938038716
South Asia,Non-metallic minerals,civil_infrastructure,2009,13.226139687001332
South Asia,Non-metallic minerals,civil_infrastructure,2010,13.930020079001068
South Asia,Non-metallic minerals,civil_infrastructure,2011,14.652302241761184
South Asia,Non-metallic minerals,civil_infrastructure,2012,15.396477341288497
South Asia,Non-metallic minerals,civil_infrastructure,2013,16.166541934847913
South Asia,Non-metallic minerals,civil_infrastructure,2014,16.966865913116212
South Asia,Non-metallic minerals,civil_infrastructure,2015,17.802063768394273
South Asia,Non-metallic minerals,civil_infrastructure,2016,18.676892036149624
South Asia,Non-metallic minerals,machinery,1900,2.6962755641672603e-5
South Asia,Non-metallic minerals,machinery,1901,2.713332952011967e-5
South Asia,Non-metallic minerals,machinery,1902,2.729781116138398e-5
South Asia,Non-metallic minerals,machinery,1903,2.7451608935972245e-5
South Asia,Non-metallic minerals,machinery,1904,2.7591909314074013e-5
South Asia,Non-metallic minerals,machinery,1905,2.771808140988949e-5
South Asia,Non-metallic minerals,machinery,1906,2.783142603908594e-5
South Asia,Non-metallic minerals,machinery,1907,2.7935026163335905e-5
South Asia,Non-metallic minerals,machinery,1908,2.803503966583501e-5
South Asia,Non-metallic minerals,machinery,1909,2.814342943987726e-5
South Asia,Non-metallic minerals,machinery,1910,2.827923502143102e-5
South Asia,Non-metallic minerals,machinery,1911,2.8465624916198283e-5
South Asia,Non-metallic minerals,machinery,1912,2.8723766974433738e-5
South Asia,Non-metallic minerals,machinery,1913,2.9067256698995103e-5
South Asia,Non-metallic minerals,machinery,1914,2.949988905427786e-5
South Asia,Non-metallic minerals,machinery,1915,3.0016841015188513e-5
South Asia,Non-metallic minerals,machinery,1916,3.0607646832894084e-5
South Asia,Non-metallic minerals,machinery,1917,3.1259489645244144e-5
South Asia,Non-metallic minerals,machinery,1918,3.196004902087126e-5
South Asia,Non-metallic minerals,machinery,1919,3.269927430564365e-5
South Asia,Non-metallic minerals,machinery,1920,3.3469667216386715e-5
South Asia,Non-metallic minerals,machinery,1921,3.426544535872679e-5
South Asia,Non-metallic minerals,machinery,1922,3.5081211665587156e-5
South Asia,Non-metallic minerals,machinery,1923,3.5910745070749604e-5
South Asia,Non-metallic minerals,machinery,1924,3.674707664859603e-5
South Asia,Non-metallic minerals,machinery,1925,3.758433021529402e-5
South Asia,Non-metallic minerals,machinery,1926,3.841977807872571e-5
South Asia,Non-metallic minerals,machinery,1927,3.925450621836175e-5
South Asia,Non-metallic minerals,machinery,1928,4.009306348144482e-5
South Asia,Non-metallic minerals,machinery,1929,4.094351159157604e-5
South Asia,Non-metallic minerals,machinery,1930,4.181837978200061e-5
South Asia,Non-metallic minerals,machinery,1931,4.273505337393278e-5
South Asia,Non-metallic minerals,machinery,1932,4.371348037933906e-5
South Asia,Non-metallic minerals,machinery,1933,4.4771230375618385e-5
South Asia,Non-metallic minerals,machinery,1934,4.591846371224294e-5
South Asia,Non-metallic minerals,machinery,1935,4.7155542593605895e-5
South Asia,Non-metallic minerals,machinery,1936,4.847417365063777e-5
South Asia,Non-metallic minerals,machinery,1937,4.986084416401787e-5
South Asia,Non-metallic minerals,machinery,1938,5.130019495405513e-5
South Asia,Non-metallic minerals,machinery,1939,5.277656713875972e-5
South Asia,Non-metallic minerals,machinery,1940,5.4274178209854204e-5
South Asia,Non-metallic minerals,machinery,1941,5.5778219471175046e-5
South Asia,Non-metallic minerals,machinery,1942,5.727817514082661e-5
South Asia,Non-metallic minerals,machinery,1943,5.8771649292384896e-5
South Asia,Non-metallic minerals,machinery,1944,6.02655960886601e-5
South Asia,Non-metallic minerals,machinery,1945,6.177369029250175e-5
South Asia,Non-metallic minerals,machinery,1946,6.331115391703181e-5
South Asia,Non-metallic minerals,machinery,1947,6.488908320509378e-5
South Asia,Non-metallic minerals,machinery,1948,6.650986822678556e-5
South Asia,Non-metallic minerals,machinery,1949,6.816670084284452e-5
South Asia,Non-metallic minerals,machinery,1950,6.985030319020297e-5
South Asia,Non-metallic minerals,machinery,1951,7.155922781159868e-5
South Asia,Non-metallic minerals,machinery,1952,7.330489113684153e-5
South Asia,Non-metallic minerals,machinery,1953,7.510751143592692e-5
South Asia,Non-metallic minerals,machinery,1954,7.698742080937744e-5
South Asia,Non-metallic minerals,machinery,1955,7.895878613745902e-5
South Asia,Non-metallic minerals,machinery,1956,8.102805030713056e-5
South Asia,Non-metallic minerals,machinery,1957,8.31938409600461e-5
South Asia,Non-metallic minerals,machinery,1958,8.544803691282296e-5
South Asia,Non-metallic minerals,machinery,1959,8.778478234194075e-5
South Asia,Non-metallic minerals,machinery,1960,9.021945077151594e-5
South Asia,Non-metallic minerals,machinery,1961,9.280426884497679e-5
South Asia,Non-metallic minerals,machinery,1962,9.562515210006749e-5
South Asia,Non-metallic minerals,machinery,1963,9.878067350944143e-5
South Asia,Non-metallic minerals,machinery,1964,1.023578537829002e-4
South Asia,Non-metallic minerals,machinery,1965,1.0641757188089466e-4
South Asia,Non-metallic minerals,machinery,1966,1.1099223171742244e-4
South Asia,Non-metallic minerals,machinery,1967,1.160915224599202e-4
South Asia,Non-metallic minerals,machinery,1968,1.2171131750326223e-4
South Asia,Non-metallic minerals,machinery,1969,1.2784204346103067e-4
South Asia,Non-metallic minerals,machinery,1970,1.3447481546171675e-4
South Asia,Non-metallic minerals,machinery,1971,1.4160621523778445e-4
South Asia,Non-metallic minerals,machinery,1972,1.4924195726827552e-4
South Asia,Non-metallic minerals,machinery,1973,1.5739622501417203e-4
South Asia,Non-metallic minerals,machinery,1974,1.660835194048362e-4
South Asia,Non-metallic minerals,machinery,1975,1.753056575153756e-4
South Asia,Non-metallic minerals,machinery,1976,1.8504452947948395e-4
South Asia,Non-metallic minerals,machinery,1977,1.952705919331161e-4
South Asia,Non-metallic minerals,machinery,1978,2.059628665882351e-4
South Asia,Non-metallic minerals,machinery,1979,2.1712760496509254e-4
South Asia,Non-metallic minerals,machinery,1980,2.2881450119042587e-4
South Asia,Non-metallic minerals,machinery,1981,2.4113272477802695e-4
South Asia,Non-metallic minerals,machinery,1982,2.5424576890268854e-4
South Asia,Non-metallic minerals,machinery,1983,2.683224263777727e-4
South Asia,Non-metallic minerals,machinery,1984,2.834702098678228e-4
South Asia,Non-metallic minerals,machinery,1985,2.9971025310661614e-4
South Asia,Non-metallic minerals,machinery,1986,3.1700751650795713e-4
South Asia,Non-metallic minerals,machinery,1987,3.3531274860427996e-4
South Asia,Non-metallic minerals,machinery,1988,3.545865268927896e-4
South Asia,Non-metallic minerals,machinery,1989,3.748077926816543e-4
South Asia,Non-metallic minerals,machinery,1990,3.959661033499681e-4
South Asia,Non-metallic minerals,machinery,1991,4.1804748692876234e-4
South Asia,Non-metallic minerals,machinery,1992,4.4104483128966436e-4
South Asia,Non-metallic minerals,machinery,1993,4.649951619064344e-4
South Asia,Non-metallic minerals,machinery,1994,4.900024835347861e-4
South Asia,Non-metallic minerals,machinery,1995,5.162098862048467e-4
South Asia,Non-metallic minerals,machinery,1996,5.437414652419559e-4
South Asia,Non-metallic minerals,machinery,1997,5.727593295515372e-4
South Asia,Non-metallic minerals,machinery,1998,6.038852687126796e-4
South Asia,Non-metallic minerals,machinery,1999,6.3864988217336e-4
South Asia,Non-metallic minerals,machinery,2000,6.785292650850835e-4
South Asia,Non-metallic minerals,machinery,2001,7.239920177923996e-4
South Asia,Non-metallic minerals,machinery,2002,7.860557146073977e-4
South Asia,Non-metallic minerals,machinery,2003,9.297393926197165e-4
South Asia,Non-metallic minerals,machinery,2004,0.0013273850877173754
South Asia,Non-metallic minerals,machinery,2005,0.002230817289089324
South Asia,Non-metallic minerals,machinery,2006,0.003826384781425502
South Asia,Non-metallic minerals,machinery,2007,0.006115173751634387
South Asia,Non-metallic minerals,machinery,2008,0.008956926295146708
South Asia,Non-metallic minerals,machinery,2009,0.012180726862491874
South Asia,Non-metallic minerals,machinery,2010,0.015615508954308733
South Asia,Non-metallic minerals,machinery,2011,0.01907776278584443
South Asia,Non-metallic minerals,machinery,2012,0.02238958673952166
South Asia,Non-metallic minerals,machinery,2013,0.025402230063454084
South Asia,Non-metallic minerals,machinery,2014,0.028007508686970422
South Asia,Non-metallic minerals,machinery,2015,0.030157164503779952
South Asia,Non-metallic minerals,machinery,2016,0.031881787524047585
South Asia,Non-metallic minerals,short_lived,1900,0.12356849254925652
South Asia,Non-metallic minerals,short_lived,1901,0.12425981196957397
South Asia,Non-metallic minerals,short_lived,1902,0.12679760149043437
South Asia,Non-metallic minerals,short_lived,1903,0.12939257659204126
South Asia,Non-metallic minerals,short_lived,1904,0.13197553707085438
South Asia,Non-metallic minerals,short_lived,1905,0.13458405040156926
South Asia,Non-metallic minerals,short_lived,1906,0.13723912812408193
South Asia,Non-metallic minerals,short_lived,1907,0.1398991361291554
South Asia,Non-metallic minerals,short_lived,1908,0.14255482526572202
South Asia,Non-metallic minerals,short_lived,1909,0.14519175902009582
South Asia,Non-metallic minerals,short_lived,1910,0.1478921719921592
South Asia,Non-metallic minerals,short_lived,1911,0.1505971845929688
South Asia,Non-metallic minerals,short_lived,1912,0.15279653348206043
South Asia,Non-metallic minerals,short_lived,1913,0.1548881817743968
South Asia,Non-metallic minerals,short_lived,1914,0.15696009802071206
South Asia,Non-metallic minerals,short_lived,1915,0.15849503668848217
South Asia,Non-metallic minerals,short_lived,1916,0.15990806200919733
South Asia,Non-metallic minerals,short_lived,1917,0.16155552859716876
South Asia,Non-metallic minerals,short_lived,1918,0.16306419489836263
South Asia,Non-metallic minerals,short_lived,1919,0.1645123853876072
South Asia,Non-metallic minerals,short_lived,1920,0.16598780544046568
South Asia,Non-metallic minerals,short_lived,1921,0.16764452223067655
South Asia,Non-metallic minerals,short_lived,1922,0.170836081042467
South Asia,Non-metallic minerals,short_lived,1923,0.174553131736235
South Asia,Non-metallic minerals,short_lived,1924,0.17828220474810672
South Asia,Non-metallic minerals,short_lived,1925,0.18205243223319417
South Asia,Non-metallic minerals,short_lived,1926,0.185832218661633
South Asia,Non-metallic minerals,short_lived,1927,0.18959648426697628
South Asia,Non-metallic minerals,short_lived,1928,0.19340944402059101
South Asia,Non-metallic minerals,short_lived,1929,0.19725637617247954
South Asia,Non-metallic minerals,short_lived,1930,0.2011547201712186
South Asia,Non-metallic minerals,short_lived,1931,0.20490391635948094
South Asia,Non-metallic minerals,short_lived,1932,0.20842312067393212
South Asia,Non-metallic minerals,short_lived,1933,0.21199534250086813
South Asia,Non-metallic minerals,short_lived,1934,0.21572320826484287
South Asia,Non-metallic minerals,short_lived,1935,0.2198108232749234
South Asia,Non-metallic minerals,short_lived,1936,0.2238878100996348
South Asia,Non-metallic minerals,short_lived,1937,0.22807467654338665
South Asia,Non-metallic minerals,short_lived,1938,0.23233871928286096
South Asia,Non-metallic minerals,short_lived,1939,0.23656026543217157
South Asia,Non-metallic minerals,short_lived,1940,0.24098392859019002
South Asia,Non-metallic minerals,short_lived,1941,0.2425883454421298
South Asia,Non-metallic minerals,short_lived,1942,0.24777718856403688
South Asia,Non-metallic minerals,short_lived,1943,0.2530173615433081
South Asia,Non-metallic minerals,short_lived,1944,0.2582950348569335
South Asia,Non-metallic minerals,short_lived,1945,0.2635893433073031
South Asia,Non-metallic minerals,short_lived,1946,0.2691034871238865
South Asia,Non-metallic minerals,short_lived,1947,0.27380089393707735
South Asia,Non-metallic minerals,short_lived,1948,0.26493414818883065
South Asia,Non-metallic minerals,short_lived,1949,0.2701541402530223
South Asia,Non-metallic minerals,short_lived,1950,0.27566567969336325
South Asia,Non-metallic minerals,short_lived,1951,0.28097263239290493
South Asia,Non-metallic minerals,short_lived,1952,0.2920447294798471
South Asia,Non-metallic minerals,short_lived,1953,0.3036361613222267
South Asia,Non-metallic minerals,short_lived,1954,0.31575992789842583
South Asia,Non-metallic minerals,short_lived,1955,0.3285063755599768
South Asia,Non-metallic minerals,short_lived,1956,0.34170651413233966
South Asia,Non-metallic minerals,short_lived,1957,0.3552439499986473
South Asia,Non-metallic minerals,short_lived,1958,0.3696186748114868
South Asia,Non-metallic minerals,short_lived,1959,0.38423309610247774
South Asia,Non-metallic minerals,short_lived,1960,0.3991541465443014
South Asia,Non-metallic minerals,short_lived,1961,0.4129355387692867
South Asia,Non-metallic minerals,short_lived,1962,0.4272655185703839
South Asia,Non-metallic minerals,short_lived,1963,0.4437711440739285
South Asia,Non-metallic minerals,short_lived,1964,0.4615876194503675
South Asia,Non-metallic minerals,short_lived,1965,0.4806968169533012
South Asia,Non-metallic minerals,short_lived,1966,0.49942432951752536
South Asia,Non-metallic minerals,short_lived,1967,0.5198793567001404
South Asia,Non-metallic minerals,short_lived,1968,0.5399229852886893
South Asia,Non-metallic minerals,short_lived,1969,0.561041970274724
South Asia,Non-metallic minerals,short_lived,1970,0.5834204546542456
South Asia,Non-metallic minerals,short_lived,1971,0.6064250014454243
South Asia,Non-metallic minerals,short_lived,1972,0.6177462640038115
South Asia,Non-metallic minerals,short_lived,1973,0.6282151725487863
South Asia,Non-metallic minerals,short_lived,1974,0.6447340686163151
South Asia,Non-metallic minerals,short_lived,1975,0.673662814062665
South Asia,Non-metallic minerals,short_lived,1976,0.6843102850802807
South Asia,Non-metallic minerals,short_lived,1977,0.7336434852219521
South Asia,Non-metallic minerals,short_lived,1978,0.7711746296183525
South Asia,Non-metallic minerals,short_lived,1979,0.867896065369297
South Asia,Non-metallic minerals,short_lived,1980,0.9238857235095346
South Asia,Non-metallic minerals,short_lived,1981,0.9688146483820538
South Asia,Non-metallic minerals,short_lived,1982,0.9923708373733524
South Asia,Non-metallic minerals,short_lived,1983,1.072412423314677
South Asia,Non-metallic minerals,short_lived,1984,1.152011402930589
South Asia,Non-metallic minerals,short_lived,1985,0.9745719239127273
South Asia,Non-metallic minerals,short_lived,1986,1.0870492359746575
South Asia,Non-metallic minerals,short_lived,1987,1.1668290825087295
South Asia,Non-metallic minerals,short_lived,1988,1.2817853020269556
South Asia,Non-metallic minerals,short_lived,1989,1.3817227172015714
South Asia,Non-metallic minerals,short_lived,1990,1.4887900078484018
South Asia,Non-metallic minerals,short_lived,1991,1.5817086268288847
South Asia,Non-metallic minerals,short_lived,1992,1.7066293703356927
South Asia,Non-metallic minerals,short_lived,1993,1.8069654819649166
South Asia,Non-metallic minerals,short_lived,1994,1.953517978910725
South Asia,Non-metallic minerals,short_lived,1995,2.0557890979930358
South Asia,Non-metallic minerals,short_lived,1996,2.1733162583894465
South Asia,Non-metallic minerals,short_lived,1997,2.226262347759986
South Asia,Non-metallic minerals,short_lived,1998,2.3832106470680627
South Asia,Non-metallic minerals,short_lived,1999,2.5021139481091654
South Asia,Non-metallic minerals,short_lived,2000,2.6423921768268883
South Asia,Non-metallic minerals,short_lived,2001,2.7570782476791824
South Asia,Non-metallic minerals,short_lived,2002,2.845081519196819
South Asia,Non-metallic minerals,short_lived,2003,2.97339191851166
South Asia,Non-metallic minerals,short_lived,2004,3.095868103157106
South Asia,Non-metallic minerals,short_lived,2005,3.212006634471835
South Asia,Non-metallic minerals,short_lived,2006,3.3009066062993084
South Asia,Non-metallic minerals,short_lived,2007,3.3035898977087768
South Asia,Non-metallic minerals,short_lived,2008,3.33521101841001
South Asia,Non-metallic minerals,short_lived,2009,3.3627296955072814
South Asia,Non-metallic minerals,short_lived,2010,3.5200025429458566
South Asia,Non-metallic minerals,short_lived,2011,3.6199546022923283
South Asia,Non-metallic minerals,short_lived,2012,3.6631455990079336
South Asia,Non-metallic minerals,short_lived,2013,3.7515579326490394
South Asia,Non-metallic minerals,short_lived,2014,3.8597806821410336
South Asia,Non-metallic minerals,short_lived,2015,4.010185227247933
South Asia,Non-metallic minerals,short_lived,2016,4.025171302744494
Sub-Saharan Africa,Metal ores,buildings,1900,6.5210558545376705e-6
Sub-Saharan Africa,Metal ores,buildings,1901,6.67964093624469e-6
Sub-Saharan Africa,Metal ores,buildings,1902,6.84507087593341e-6
Sub-Saharan Africa,Metal ores,buildings,1903,7.0181840136789896e-6
Sub-Saharan Africa,Metal ores,buildings,1904,7.1997008498051005e-6
Sub-Saharan Africa,Metal ores,buildings,1905,7.390198365825091e-6
Sub-Saharan Africa,Metal ores,buildings,1906,7.590097268373184e-6
Sub-Saharan Africa,Metal ores,buildings,1907,7.799663418054883e-6
Sub-Saharan Africa,Metal ores,buildings,1908,8.019031429689359e-6
Sub-Saharan Africa,Metal ores,buildings,1909,8.248328080182345e-6
Sub-Saharan Africa,Metal ores,buildings,1910,8.488325012737046e-6
Sub-Saharan Africa,Metal ores,buildings,1911,8.743184096279243e-6
Sub-Saharan Africa,Metal ores,buildings,1912,9.029354514466617e-6
Sub-Saharan Africa,Metal ores,buildings,1913,9.39851169355999e-6
Sub-Saharan Africa,Metal ores,buildings,1914,9.986301739764582e-6
Sub-Saharan Africa,Metal ores,buildings,1915,1.110021420681169e-5
Sub-Saharan Africa,Metal ores,buildings,1916,1.3356948293950733e-5
Sub-Saharan Africa,Metal ores,buildings,1917,1.7871532201020255e-5
Sub-Saharan Africa,Metal ores,buildings,1918,2.6488736056114026e-5
Sub-Saharan Africa,Metal ores,buildings,1919,4.203510384307864e-5
Sub-Saharan Africa,Metal ores,buildings,1920,6.85606451006596e-5
Sub-Saharan Africa,Metal ores,buildings,1921,1.1153540445371096e-4
Sub-Saharan Africa,Metal ores,buildings,1922,1.779687592703913e-4
Sub-Saharan Africa,Metal ores,buildings,1923,2.76427781701614e-4
Sub-Saharan Africa,Metal ores,buildings,1924,4.169434585911863e-4
Sub-Saharan Africa,Metal ores,buildings,1925,6.10807310455349e-4
Sub-Saharan Africa,Metal ores,buildings,1926,8.702731324666955e-4
Sub-Saharan Africa,Metal ores,buildings,1927,0.0012081869444849735
Sub-Saharan Africa,Metal ores,buildings,1928,0.0016375718493371427
Sub-Saharan Africa,Metal ores,buildings,1929,0.0021711939552056707
Sub-Saharan Africa,Metal ores,buildings,1930,0.0028211324803439635
Sub-Saharan Africa,Metal ores,buildings,1931,0.00359837349117871
Sub-Saharan Africa,Metal ores,buildings,1932,0.004512443711855347
Sub-Saharan Africa,Metal ores,buildings,1933,0.00557109883551811
Sub-Saharan Africa,Metal ores,buildings,1934,0.006780079360556202
Sub-Saharan Africa,Metal ores,buildings,1935,0.00814294548902119
Sub-Saharan Africa,Metal ores,buildings,1936,0.009661000512044946
Sub-Saharan Africa,Metal ores,buildings,1937,0.011333309081709748
Sub-Saharan Africa,Metal ores,buildings,1938,0.01315681274079618
Sub-Saharan Africa,Metal ores,buildings,1939,0.015126540094677269
Sub-Saharan Africa,Metal ores,buildings,1940,0.017235903234413937
Sub-Saharan Africa,Metal ores,buildings,1941,0.019477065728561723
Sub-Saharan Africa,Metal ores,buildings,1942,0.021841361008522922
Sub-Saharan Africa,Metal ores,buildings,1943,0.024319733705607423
Sub-Saharan Africa,Metal ores,buildings,1944,0.02690317129075316
Sub-Saharan Africa,Metal ores,buildings,1945,0.0295830907476321
Sub-Saharan Africa,Metal ores,buildings,1946,0.032351647008867175
Sub-Saharan Africa,Metal ores,buildings,1947,0.035201938147659866
Sub-Saharan Africa,Metal ores,buildings,1948,0.03812809687172673
Sub-Saharan Africa,Metal ores,buildings,1949,0.04112527634065332
Sub-Saharan Africa,Metal ores,buildings,1950,0.04418955627413058
Sub-Saharan Africa,Metal ores,buildings,1951,0.04731780772281152
Sub-Saharan Africa,Metal ores,buildings,1952,0.050507558163484415
Sub-Saharan Africa,Metal ores,buildings,1953,0.05375689209708058
Sub-Saharan Africa,Metal ores,buildings,1954,0.05706440854036918
Sub-Saharan Africa,Metal ores,buildings,1955,0.06042924022238369
Sub-Saharan Africa,Metal ores,buildings,1956,0.0638511246581084
Sub-Saharan Africa,Metal ores,buildings,1957,0.06733050784017741
Sub-Saharan Africa,Metal ores,buildings,1958,0.07086865807934804
Sub-Saharan Africa,Metal ores,buildings,1959,0.07446776963965308
Sub-Saharan Africa,Metal ores,buildings,1960,0.07813104144708116
Sub-Saharan Africa,Metal ores,buildings,1961,0.08186272355814223
Sub-Saharan Africa,Metal ores,buildings,1962,0.08566813211470108
Sub-Saharan Africa,Metal ores,buildings,1963,0.08955364163386617
Sub-Saharan Africa,Metal ores,buildings,1964,0.09352667122356918
Sub-Saharan Africa,Metal ores,buildings,1965,0.0975956876473849
Sub-Saharan Africa,Metal ores,buildings,1966,0.10177025131157194
Sub-Saharan Africa,Metal ores,buildings,1967,0.10606112932096641
Sub-Saharan Africa,Metal ores,buildings,1968,0.11048049180907724
Sub-Saharan Africa,Metal ores,buildings,1969,0.11504219457724767
Sub-Saharan Africa,Metal ores,buildings,1970,0.11976213524067034
Sub-Saharan Africa,Metal ores,buildings,1971,0.12465865537922159
Sub-Saharan Africa,Metal ores,buildings,1972,0.12975295177469678
Sub-Saharan Africa,Metal ores,buildings,1973,0.13506945901740172
Sub-Saharan Africa,Metal ores,buildings,1974,0.14063617510249662
Sub-Saharan Africa,Metal ores,buildings,1975,0.14648492042561992
Sub-Saharan Africa,Metal ores,buildings,1976,0.15265154567738498
Sub-Saharan Africa,Metal ores,buildings,1977,0.15917612908909912
Sub-Saharan Africa,Metal ores,buildings,1978,0.16610321871297473
Sub-Saharan Africa,Metal ores,buildings,1979,0.17348217189385623
Sub-Saharan Africa,Metal ores,buildings,1980,0.1813676195853735
Sub-Saharan Africa,Metal ores,buildings,1981,0.18982004588848458
Sub-Saharan Africa,Metal ores,buildings,1982,0.19890643845534425
Sub-Saharan Africa,Metal ores,buildings,1983,0.2087009468245671
Sub-Saharan Africa,Metal ores,buildings,1984,0.21928548767369
Sub-Saharan Africa,Metal ores,buildings,1985,0.230750252763165
Sub-Saharan Africa,Metal ores,buildings,1986,0.24319409653631885
Sub-Saharan Africa,Metal ores,buildings,1987,0.25672479543673665
Sub-Saharan Africa,Metal ores,buildings,1988,0.27145917036780093
Sub-Saharan Africa,Metal ores,buildings,1989,0.28752303905480203
Sub-Saharan Africa,Metal ores,buildings,1990,0.3050509152050187
Sub-Saharan Africa,Metal ores,buildings,1991,0.32418531084325836
Sub-Saharan Africa,Metal ores,buildings,1992,0.3450754568409172
Sub-Saharan Africa,Metal ores,buildings,1993,0.36787526282487415
Sub-Saharan Africa,Metal ores,buildings,1994,0.39274039728407273
Sub-Saharan Africa,Metal ores,buildings,1995,0.4198244617230828
Sub-Saharan Africa,Metal ores,buildings,1996,0.4492743314096589
Sub-Saharan Africa,Metal ores,buildings,1997,0.4812248247860548
Sub-Saharan Africa,Metal ores,buildings,1998,0.5157929451639949
Sub-Saharan Africa,Metal ores,buildings,1999,0.5530720163377962
Sub-Saharan Africa,Metal ores,buildings,2000,0.5931261037278528
Sub-Saharan Africa,Metal ores,buildings,2001,0.6359851615128816
Sub-Saharan Africa,Metal ores,buildings,2002,0.6816413603583006
Sub-Saharan Africa,Metal ores,buildings,2003,0.7300470183101799
Sub-Saharan Africa,Metal ores,buildings,2004,0.7811144651136898
Sub-Saharan Africa,Metal ores,buildings,2005,0.834718002349424
Sub-Saharan Africa,Metal ores,buildings,2006,0.8906978763305895
Sub-Saharan Africa,Metal ores,buildings,2007,0.9488658855438704
Sub-Saharan Africa,Metal ores,buildings,2008,1.0090119611393191
Sub-Saharan Africa,Metal ores,buildings,2009,1.0709108677657857
Sub-Saharan Africa,Metal ores,buildings,2010,1.1343281418480713
Sub-Saharan Africa,Metal ores,buildings,2011,1.1990245422797772
Sub-Saharan Africa,Metal ores,buildings,2012,1.2647586057069298
Sub-Saharan Africa,Metal ores,buildings,2013,1.33128730042755
Sub-Saharan Africa,Metal ores,buildings,2014,1.3983651650293483
Sub-Saharan Africa,Metal ores,buildings,2015,1.465742615918384
Sub-Saharan Africa,Metal ores,buildings,2016,1.5331642608058393
Sub-Saharan Africa,Metal ores,civil_infrastructure,1900,2.5487489834664e-7
Sub-Saharan Africa,Metal ores,civil_infrastructure,1901,2.7929144846559e-7
Sub-Saharan Africa,Metal ores,civil_infrastructure,1902,3.0515720541739e-7
Sub-Saharan Africa,Metal ores,civil_infrastructure,1903,3.3248442869786996e-7
Sub-Saharan Africa,Metal ores,civil_infrastructure,1904,3.612810217375e-7
Sub-Saharan Africa,Metal ores,civil_infrastructure,1905,3.9155059312451e-7
Sub-Saharan Africa,Metal ores,civil_infrastructure,1906,4.2329255659567e-7
Sub-Saharan Africa,Metal ores,civil_infrastructure,1907,4.5650226929626e-7
Sub-Saharan Africa,Metal ores,civil_infrastructure,1908,4.911712079807699e-7
Sub-Saharan Africa,Metal ores,civil_infrastructure,1909,5.2728718295145e-7
Sub-Saharan Africa,Metal ores,civil_infrastructure,1910,5.6483458956893e-7
Sub-Saharan Africa,Metal ores,civil_infrastructure,1911,6.0379469707477e-7
Sub-Saharan Africa,Metal ores,civil_infrastructure,1912,6.4414597421392e-7
Sub-Saharan Africa,Metal ores,civil_infrastructure,1913,6.8586445071827e-7
Sub-Saharan Africa,Metal ores,civil_infrastructure,1914,7.289241131480368e-7
Sub-Saharan Africa,Metal ores,civil_infrastructure,1915,7.732973328456852e-7
Sub-Saharan Africa,Metal ores,civil_infrastructure,1916,8.189553234239026e-7
Sub-Saharan Africa,Metal ores,civil_infrastructure,1917,8.658686257977361e-7
Sub-Saharan Africa,Metal ores,civil_infrastructure,1918,9.140076232983819e-7
Sub-Saharan Africa,Metal ores,civil_infrastructure,1919,9.633431053411062e-7
Sub-Saharan Africa,Metal ores,civil_infrastructure,1920,1.013846940508391e-6
Sub-Saharan Africa,Metal ores,civil_infrastructure,1921,1.0654930210935321e-6
Sub-Saharan Africa,Metal ores,civil_infrastructure,1922,1.1182588565647565e-6
Sub-Saharan Africa,Metal ores,civil_infrastructure,1923,1.1721286097834221e-6
Sub-Saharan Africa,Metal ores,civil_infrastructure,1924,1.2270991149383857e-6
Sub-Saharan Africa,Metal ores,civil_infrastructure,1925,1.2831916466963373e-6
Sub-Saharan Africa,Metal ores,civil_infrastructure,1926,1.3404741161671141e-6
Sub-Saharan Africa,Metal ores,civil_infrastructure,1927,1.3991011286831913e-6
Sub-Saharan Africa,Metal ores,civil_infrastructure,1928,1.4593831100736026e-6
Sub-Saharan Africa,Metal ores,civil_infrastructure,1929,1.5219005624857216e-6
Sub-Saharan Africa,Metal ores,civil_infrastructure,1930,1.5876854212462829e-6
Sub-Saharan Africa,Metal ores,civil_infrastructure,1931,1.6584982646802396e-6
Sub-Saharan Africa,Metal ores,civil_infrastructure,1932,1.7372374487671158e-6
Sub-Saharan Africa,Metal ores,civil_infrastructure,1933,1.8285235970698742e-6
Sub-Saharan Africa,Metal ores,civil_infrastructure,1934,1.9395096527645134e-6
Sub-Saharan Africa,Metal ores,civil_infrastructure,1935,2.0809721799763135e-6
Sub-Saharan Africa,Metal ores,civil_infrastructure,1936,2.268743050658282e-6
Sub-Saharan Africa,Metal ores,civil_infrastructure,1937,2.525541370443873e-6
Sub-Saharan Africa,Metal ores,civil_infrastructure,1938,2.8832628975904573e-6
Sub-Saharan Africa,Metal ores,civil_infrastructure,1939,3.38577785684801e-6
Sub-Saharan Africa,Metal ores,civil_infrastructure,1940,4.092277745396193e-6
Sub-Saharan Africa,Metal ores,civil_infrastructure,1941,5.081197479526619e-6
Sub-Saharan Africa,Metal ores,civil_infrastructure,1942,6.454721334463728e-6
Sub-Saharan Africa,Metal ores,civil_infrastructure,1943,8.343860102700113e-6
Sub-Saharan Africa,Metal ores,civil_infrastructure,1944,1.0914063502971328e-5
Sub-Saharan Africa,Metal ores,civil_infrastructure,1945,1.4371307063171248e-5
Sub-Saharan Africa,Metal ores,civil_infrastructure,1946,1.896856757818752e-5
Sub-Saharan Africa,Metal ores,civil_infrastructure,1947,2.5012577006646975e-5
Sub-Saharan Africa,Metal ores,civil_infrastructure,1948,3.287072254507006e-5
Sub-Saharan Africa,Metal ores,civil_infrastructure,1949,4.297794180411217e-5
Sub-Saharan Africa,Metal ores,civil_infrastructure,1950,5.5843447594158664e-5
Sub-Saharan Africa,Metal ores,civil_infrastructure,1951,7.205710773690946e-5
Sub-Saharan Africa,Metal ores,civil_infrastructure,1952,9.229530222856234e-5
Sub-Saharan Africa,Metal ores,civil_infrastructure,1953,1.1732608340046513e-4
Sub-Saharan Africa,Metal ores,civil_infrastructure,1954,1.4801347450780128e-4
Sub-Saharan Africa,Metal ores,civil_infrastructure,1955,1.8532075815759467e-4
Sub-Saharan Africa,Metal ores,civil_infrastructure,1956,2.3031262753806767e-4
Sub-Saharan Africa,Metal ores,civil_infrastructure,1957,2.8415609960656706e-4
Sub-Saharan Africa,Metal ores,civil_infrastructure,1958,3.481201190713779e-4
Sub-Saharan Africa,Metal ores,civil_infrastructure,1959,4.235738138366313e-4
Sub-Saharan Africa,Metal ores,civil_infrastructure,1960,5.11983395201818e-4
Sub-Saharan Africa,Metal ores,civil_infrastructure,1961,6.149077281893592e-4
Sub-Saharan Africa,Metal ores,civil_infrastructure,1962,7.339926277360742e-4
Sub-Saharan Africa,Metal ores,civil_infrastructure,1963,8.709639641547593e-4
Sub-Saharan Africa,Metal ores,civil_infrastructure,1964,0.0010276196855417456
Sub-Saharan Africa,Metal ores,civil_infrastructure,1965,0.001205820885218546
Sub-Saharan Africa,Metal ores,civil_infrastructure,1966,0.001407482058668114
Sub-Saharan Africa,Metal ores,civil_infrastructure,1967,0.0016345607067655965
Sub-Saharan Africa,Metal ores,civil_infrastructure,1968,0.0018890464506074616
Sub-Saharan Africa,Metal ores,civil_infrastructure,1969,0.0021729498281956054
Sub-Saharan Africa,Metal ores,civil_infrastructure,1970,0.002488290945006096
Sub-Saharan Africa,Metal ores,civil_infrastructure,1971,0.0028370881494374015
Sub-Saharan Africa,Metal ores,civil_infrastructure,1972,0.003221346900683397
Sub-Saharan Africa,Metal ores,civil_infrastructure,1973,0.0036430489910839357
Sub-Saharan Africa,Metal ores,civil_infrastructure,1974,0.004104142277830114
Sub-Saharan Africa,Metal ores,civil_infrastructure,1975,0.004606531070446089
Sub-Saharan Africa,Metal ores,civil_infrastructure,1976,0.00515206731108494
Sub-Saharan Africa,Metal ores,civil_infrastructure,1977,0.005742542674828441
Sub-Saharan Africa,Metal ores,civil_infrastructure,1978,0.006379681707279525
Sub-Saharan Africa,Metal ores,civil_infrastructure,1979,0.007065136107237965
Sub-Saharan Africa,Metal ores,civil_infrastructure,1980,0.007800480253602133
Sub-Saharan Africa,Metal ores,civil_infrastructure,1981,0.00858720806818753
Sub-Saharan Africa,Metal ores,civil_infrastructure,1982,0.009426731300190276
Sub-Saharan Africa,Metal ores,civil_infrastructure,1983,0.010320379313761384
Sub-Saharan Africa,Metal ores,civil_infrastructure,1984,0.011269400457564534
Sub-Saharan Africa,Metal ores,civil_infrastructure,1985,0.012274965094350498
Sub-Saharan Africa,Metal ores,civil_infrastructure,1986,0.01333817036922586
Sub-Saharan Africa,Metal ores,civil_infrastructure,1987,0.0144600467974306
Sub-Saharan Africa,Metal ores,civil_infrastructure,1988,0.015641566755784143
Sub-Saharan Africa,Metal ores,civil_infrastructure,1989,0.0168836549664897
Sub-Saharan Africa,Metal ores,civil_infrastructure,1990,0.01818720106755295
Sub-Saharan Africa,Metal ores,civil_infrastructure,1991,0.019553074370560475
Sub-Saharan Africa,Metal ores,civil_infrastructure,1992,0.02098214091391025
Sub-Saharan Africa,Metal ores,civil_infrastructure,1993,0.022475282927470575
Sub-Saharan Africa,Metal ores,civil_infrastructure,1994,0.02403342083288249
Sub-Saharan Africa,Metal ores,civil_infrastructure,1995,0.02565753791177079
Sub-Saharan Africa,Metal ores,civil_infrastructure,1996,0.0273487077814682
Sub-Saharan Africa,Metal ores,civil_infrastructure,1997,0.02910812482375917
Sub-Saharan Africa,Metal ores,civil_infrastructure,1998,0.03093713771551888
Sub-Saharan Africa,Metal ores,civil_infrastructure,1999,0.032837286209948406
Sub-Saharan Africa,Metal ores,civil_infrastructure,2000,0.03481034131151705
Sub-Saharan Africa,Metal ores,civil_infrastructure,2001,0.0368583489749179
Sub-Saharan Africa,Metal ores,civil_infrastructure,2002,0.038983677435631366
Sub-Saharan Africa,Metal ores,civil_infrastructure,2003,0.04118906824427433
Sub-Saharan Africa,Metal ores,civil_infrastructure,2004,0.04347769102536243
Sub-Saharan Africa,Metal ores,civil_infrastructure,2005,0.04585320191026247
Sub-Saharan Africa,Metal ores,civil_infrastructure,2006,0.048319805500782825
Sub-Saharan Africa,Metal ores,civil_infrastructure,2007,0.05088232010164967
Sub-Saharan Africa,Metal ores,civil_infrastructure,2008,0.053546245816031464
Sub-Saharan Africa,Metal ores,civil_infrastructure,2009,0.056317834928526565
Sub-Saharan Africa,Metal ores,civil_infrastructure,2010,0.05920416380708505
Sub-Saharan Africa,Metal ores,civil_infrastructure,2011,0.062213205344117076
Sub-Saharan Africa,Metal ores,civil_infrastructure,2012,0.06535390073401395
Sub-Saharan Africa,Metal ores,civil_infrastructure,2013,0.06863622915909252
Sub-Saharan Africa,Metal ores,civil_infrastructure,2014,0.07207127373909489
Sub-Saharan Africa,Metal ores,civil_infrastructure,2015,0.07567128190328738
Sub-Saharan Africa,Metal ores,civil_infrastructure,2016,0.079449718181884
Sub-Saharan Africa,Metal ores,machinery,1900,0.0019862102419078717
Sub-Saharan Africa,Metal ores,machinery,1901,0.0020613184436275153
Sub-Saharan Africa,Metal ores,machinery,1902,0.0021337131917360344
Sub-Saharan Africa,Metal ores,machinery,1903,0.0022030397563092777
Sub-Saharan Africa,Metal ores,machinery,1904,0.002270656956841212
Sub-Saharan Africa,Metal ores,machinery,1905,0.002339053552611583
Sub-Saharan Africa,Metal ores,machinery,1906,0.0024210722881902284
Sub-Saharan Africa,Metal ores,machinery,1907,0.002604664305874238
Sub-Saharan Africa,Metal ores,machinery,1908,0.003186510172223211
Sub-Saharan Africa,Metal ores,machinery,1909,0.0046963999651293865
Sub-Saharan Africa,Metal ores,machinery,1910,0.007671789934986427
Sub-Saharan Africa,Metal ores,machinery,1911,0.012359366462265192
Sub-Saharan Africa,Metal ores,machinery,1912,0.018594586021267328
Sub-Saharan Africa,Metal ores,machinery,1913,0.025912955887546416
Sub-Saharan Africa,Metal ores,machinery,1914,0.033772645399713364
Sub-Saharan Africa,Metal ores,machinery,1915,0.04173537428404713
Sub-Saharan Africa,Metal ores,machinery,1916,0.049535653174392034
Sub-Saharan Africa,Metal ores,machinery,1917,0.05707204394816758
Sub-Saharan Africa,Metal ores,machinery,1918,0.06437849717992992
Sub-Saharan Africa,Metal ores,machinery,1919,0.07159178383855164
Sub-Saharan Africa,Metal ores,machinery,1920,0.07890588940589013
Sub-Saharan Africa,Metal ores,machinery,1921,0.08649834931614454
Sub-Saharan Africa,Metal ores,machinery,1922,0.09442256673724861
Sub-Saharan Africa,Metal ores,machinery,1923,0.1025327256975742
Sub-Saharan Africa,Metal ores,machinery,1924,0.11053885069516006
Sub-Saharan Africa,Metal ores,machinery,1925,0.11815442860678749
Sub-Saharan Africa,Metal ores,machinery,1926,0.12520717531877354
Sub-Saharan Africa,Metal ores,machinery,1927,0.13167503905187972
Sub-Saharan Africa,Metal ores,machinery,1928,0.1376688333011378
Sub-Saharan Africa,Metal ores,machinery,1929,0.1433664012020156
Sub-Saharan Africa,Metal ores,machinery,1930,0.14894503556377733
Sub-Saharan Africa,Metal ores,machinery,1931,0.1545602422615873
Sub-Saharan Africa,Metal ores,machinery,1932,0.16035192984673538
Sub-Saharan Africa,Metal ores,machinery,1933,0.16644012176933284
Sub-Saharan Africa,Metal ores,machinery,1934,0.17290578615692695
Sub-Saharan Africa,Metal ores,machinery,1935,0.17978108768183101
Sub-Saharan Africa,Metal ores,machinery,1936,0.18705853384466714
Sub-Saharan Africa,Metal ores,machinery,1937,0.1946914678923776
Sub-Saharan Africa,Metal ores,machinery,1938,0.20254523471863714
Sub-Saharan Africa,Metal ores,machinery,1939,0.2103261123600333
Sub-Saharan Africa,Metal ores,machinery,1940,0.21759292256668855
Sub-Saharan Africa,Metal ores,machinery,1941,0.22391669432751274
Sub-Saharan Africa,Metal ores,machinery,1942,0.22912474530917112
Sub-Saharan Africa,Metal ores,machinery,1943,0.23347548373096477
Sub-Saharan Africa,Metal ores,machinery,1944,0.23765851132882196
Sub-Saharan Africa,Metal ores,machinery,1945,0.24259603545083325
Sub-Saharan Africa,Metal ores,machinery,1946,0.24908072026675615
Sub-Saharan Africa,Metal ores,machinery,1947,0.25745654091927567
Sub-Saharan Africa,Metal ores,machinery,1948,0.26757855480838555
Sub-Saharan Africa,Metal ores,machinery,1949,0.27901028706344116
Sub-Saharan Africa,Metal ores,machinery,1950,0.2912557916566013
Sub-Saharan Africa,Metal ores,machinery,1951,0.30392255877935687
Sub-Saharan Africa,Metal ores,machinery,1952,0.316799792942623
Sub-Saharan Africa,Metal ores,machinery,1953,0.3298447865035986
Sub-Saharan Africa,Metal ores,machinery,1954,0.3431115355319467
Sub-Saharan Africa,Metal ores,machinery,1955,0.35670758671128827
Sub-Saharan Africa,Metal ores,machinery,1956,0.37081671146204503
Sub-Saharan Africa,Metal ores,machinery,1957,0.3857298656573001
Sub-Saharan Africa,Metal ores,machinery,1958,0.4018358380173182
Sub-Saharan Africa,Metal ores,machinery,1959,0.41960239537551425
Sub-Saharan Africa,Metal ores,machinery,1960,0.4395664227541512
Sub-Saharan Africa,Metal ores,machinery,1961,0.46228163476390355
Sub-Saharan Africa,Metal ores,machinery,1962,0.48820635485259906
Sub-Saharan Africa,Metal ores,machinery,1963,0.5175761970139297
Sub-Saharan Africa,Metal ores,machinery,1964,0.5503389775067629
Sub-Saharan Africa,Metal ores,machinery,1965,0.5862059088511383
Sub-Saharan Africa,Metal ores,machinery,1966,0.6247579071238634
Sub-Saharan Africa,Metal ores,machinery,1967,0.6655972784575385
Sub-Saharan Africa,Metal ores,machinery,1968,0.708600677320198
Sub-Saharan Africa,Metal ores,machinery,1969,0.7541390066173199
Sub-Saharan Africa,Metal ores,machinery,1970,0.8031980602232724
Sub-Saharan Africa,Metal ores,machinery,1971,0.8575971163399794
Sub-Saharan Africa,Metal ores,machinery,1972,0.9199386310373543
Sub-Saharan Africa,Metal ores,machinery,1973,0.992513446581604
Sub-Saharan Africa,Metal ores,machinery,1974,1.075766877541899
Sub-Saharan Africa,Metal ores,machinery,1975,1.1679297401779831
Sub-Saharan Africa,Metal ores,machinery,1976,1.2662629478755854
Sub-Saharan Africa,Metal ores,machinery,1977,1.3688840270985627
Sub-Saharan Africa,Metal ores,machinery,1978,1.4759234580506866
Sub-Saharan Africa,Metal ores,machinery,1979,1.5893055670948595
Sub-Saharan Africa,Metal ores,machinery,1980,1.7113590012635775
Sub-Saharan Africa,Metal ores,machinery,1981,1.84364172597634
Sub-Saharan Africa,Metal ores,machinery,1982,1.986868779292209
Sub-Saharan Africa,Metal ores,machinery,1983,2.1413205848449914
Sub-Saharan Africa,Metal ores,machinery,1984,2.306600569895426
Sub-Saharan Africa,Metal ores,machinery,1985,2.4801095727173146
Sub-Saharan Africa,Metal ores,machinery,1986,2.655912500879068
Sub-Saharan Africa,Metal ores,machinery,1987,2.8265311087285765
Sub-Saharan Africa,Metal ores,machinery,1988,2.9870526423953456
Sub-Saharan Africa,Metal ores,machinery,1989,3.1374218880798828
Sub-Saharan Africa,Metal ores,machinery,1990,3.2796963108317607
Sub-Saharan Africa,Metal ores,machinery,1991,3.4134048857609414
Sub-Saharan Africa,Metal ores,machinery,1992,3.5349505678752937
Sub-Saharan Africa,Metal ores,machinery,1993,3.6412615758270346
Sub-Saharan Africa,Metal ores,machinery,1994,3.7327202422058714
Sub-Saharan Africa,Metal ores,machinery,1995,3.812869713756838
Sub-Saharan Africa,Metal ores,machinery,1996,3.8861832369823843
Sub-Saharan Africa,Metal ores,machinery,1997,3.9558264167753587
Sub-Saharan Africa,Metal ores,machinery,1998,4.023143372660157
Sub-Saharan Africa,Metal ores,machinery,1999,4.088812781579996
Sub-Saharan Africa,Metal ores,machinery,2000,4.153192019739878
Sub-Saharan Africa,Metal ores,machinery,2001,4.2148932939105235
Sub-Saharan Africa,Metal ores,machinery,2002,4.2699948900844875
Sub-Saharan Africa,Metal ores,machinery,2003,4.313663051712441
Sub-Saharan Africa,Metal ores,machinery,2004,4.343081858235308
Sub-Saharan Africa,Metal ores,machinery,2005,4.359302117262686
Sub-Saharan Africa,Metal ores,machinery,2006,4.366393789986435
Sub-Saharan Africa,Metal ores,machinery,2007,4.368554851250184
Sub-Saharan Africa,Metal ores,machinery,2008,4.368237306892504
Sub-Saharan Africa,Metal ores,machinery,2009,4.367396383458493
Sub-Saharan Africa,Metal ores,machinery,2010,4.369856465345658
Sub-Saharan Africa,Metal ores,machinery,2011,4.381713987878519
Sub-Saharan Africa,Metal ores,machinery,2012,4.409545779322393
Sub-Saharan Africa,Metal ores,machinery,2013,4.458582171301691
Sub-Saharan Africa,Metal ores,machinery,2014,4.532652645752785
Sub-Saharan Africa,Metal ores,machinery,2015,4.634811940343954
Sub-Saharan Africa,Metal ores,machinery,2016,4.767087262178172
Sub-Saharan Africa,Metal ores,short_lived,1900,9.016565646707092e-4
Sub-Saharan Africa,Metal ores,short_lived,1901,0.013681918995378394
Sub-Saharan Africa,Metal ores,short_lived,1902,0.014194669446869982
Sub-Saharan Africa,Metal ores,short_lived,1903,0.017580430257921005
Sub-Saharan Africa,Metal ores,short_lived,1904,0.020836660805294772
Sub-Saharan Africa,Metal ores,short_lived,1905,0.021815648865389545
Sub-Saharan Africa,Metal ores,short_lived,1906,0.023251393842315466
Sub-Saharan Africa,Metal ores,short_lived,1907,0.024858553418605156
Sub-Saharan Africa,Metal ores,short_lived,1908,0.027065634235233418
Sub-Saharan Africa,Metal ores,short_lived,1909,0.029759242586261402
Sub-Saharan Africa,Metal ores,short_lived,1910,0.03415515689015866
Sub-Saharan Africa,Metal ores,short_lived,1911,0.03892402463166367
Sub-Saharan Africa,Metal ores,short_lived,1912,0.043108386592011994
Sub-Saharan Africa,Metal ores,short_lived,1913,0.04773770080862482
Sub-Saharan Africa,Metal ores,short_lived,1914,0.0516576207640248
Sub-Saharan Africa,Metal ores,short_lived,1915,0.0517474797002193
Sub-Saharan Africa,Metal ores,short_lived,1916,0.051282970343035646
Sub-Saharan Africa,Metal ores,short_lived,1917,0.05467294699806128
Sub-Saharan Africa,Metal ores,short_lived,1918,0.054592355556742085
Sub-Saharan Africa,Metal ores,short_lived,1919,0.054421421199196816
Sub-Saharan Africa,Metal ores,short_lived,1920,0.05781990538804112
Sub-Saharan Africa,Metal ores,short_lived,1921,0.06054940812931833
Sub-Saharan Africa,Metal ores,short_lived,1922,0.0592234448962783
Sub-Saharan Africa,Metal ores,short_lived,1923,0.06334681747487965
Sub-Saharan Africa,Metal ores,short_lived,1924,0.06489719629691401
Sub-Saharan Africa,Metal ores,short_lived,1925,0.06761590700612874
Sub-Saharan Africa,Metal ores,short_lived,1926,0.07057368998199103
Sub-Saharan Africa,Metal ores,short_lived,1927,0.07281212836544809
Sub-Saharan Africa,Metal ores,short_lived,1928,0.07608054337631205
Sub-Saharan Africa,Metal ores,short_lived,1929,0.0789611807317361
Sub-Saharan Africa,Metal ores,short_lived,1930,0.08236067139269362
Sub-Saharan Africa,Metal ores,short_lived,1931,0.08246673045869948
Sub-Saharan Africa,Metal ores,short_lived,1932,0.08206931672267193
Sub-Saharan Africa,Metal ores,short_lived,1933,0.08161297229030158
Sub-Saharan Africa,Metal ores,short_lived,1934,0.08297581523153981
Sub-Saharan Africa,Metal ores,short_lived,1935,0.089046672857717
Sub-Saharan Africa,Metal ores,short_lived,1936,0.09443590188088831
Sub-Saharan Africa,Metal ores,short_lived,1937,0.10434560529799267
Sub-Saharan Africa,Metal ores,short_lived,1938,0.1146725539761587
Sub-Saharan Africa,Metal ores,short_lived,1939,0.11657887442262839
Sub-Saharan Africa,Metal ores,short_lived,1940,0.12068106385273655
Sub-Saharan Africa,Metal ores,short_lived,1941,0.12328449888055644
Sub-Saharan Africa,Metal ores,short_lived,1942,0.1250211091412466
Sub-Saharan Africa,Metal ores,short_lived,1943,0.12843383129839395
Sub-Saharan Africa,Metal ores,short_lived,1944,0.13535980238592066
Sub-Saharan Africa,Metal ores,short_lived,1945,0.14056487692605132
Sub-Saharan Africa,Metal ores,short_lived,1946,0.14765011928243135
Sub-Saharan Africa,Metal ores,short_lived,1947,0.1515576802883311
Sub-Saharan Africa,Metal ores,short_lived,1948,0.15943914184907182
Sub-Saharan Africa,Metal ores,short_lived,1949,0.16851905310759585
Sub-Saharan Africa,Metal ores,short_lived,1950,0.17745453555785812
Sub-Saharan Africa,Metal ores,short_lived,1951,0.18940698802594785
Sub-Saharan Africa,Metal ores,short_lived,1952,0.20605509627669433
Sub-Saharan Africa,Metal ores,short_lived,1953,0.22551715740844586
Sub-Saharan Africa,Metal ores,short_lived,1954,0.23772064565111234
Sub-Saharan Africa,Metal ores,short_lived,1955,0.25152153557105666
Sub-Saharan Africa,Metal ores,short_lived,1956,0.2660161781547846
Sub-Saharan Africa,Metal ores,short_lived,1957,0.27661986089390517
Sub-Saharan Africa,Metal ores,short_lived,1958,0.296245097747266
Sub-Saharan Africa,Metal ores,short_lived,1959,0.3070520138840098
Sub-Saharan Africa,Metal ores,short_lived,1960,0.3254134686555521
Sub-Saharan Africa,Metal ores,short_lived,1961,0.35330218341489994
Sub-Saharan Africa,Metal ores,short_lived,1962,0.3836311614924676
Sub-Saharan Africa,Metal ores,short_lived,1963,0.4069620313713118
Sub-Saharan Africa,Metal ores,short_lived,1964,0.4540826290150333
Sub-Saharan Africa,Metal ores,short_lived,1965,0.5262900188898716
Sub-Saharan Africa,Metal ores,short_lived,1966,0.5695952177749707
Sub-Saharan Africa,Metal ores,short_lived,1967,0.5640653217628432
Sub-Saharan Africa,Metal ores,short_lived,1968,0.6098274497960592
Sub-Saharan Africa,Metal ores,short_lived,1969,0.6546592688863174
Sub-Saharan Africa,Metal ores,short_lived,1970,0.6929580840989127
Sub-Saharan Africa,Metal ores,short_lived,1971,0.769999584785958
Sub-Saharan Africa,Metal ores,short_lived,1972,0.8441620115692231
Sub-Saharan Africa,Metal ores,short_lived,1973,0.8775502139216658
Sub-Saharan Africa,Metal ores,short_lived,1974,0.9858302872643405
Sub-Saharan Africa,Metal ores,short_lived,1975,1.0638835206747372
Sub-Saharan Africa,Metal ores,short_lived,1976,1.1696888872886628
Sub-Saharan Africa,Metal ores,short_lived,1977,1.2380425030664015
Sub-Saharan Africa,Metal ores,short_lived,1978,1.2035197244605649
Sub-Saharan Africa,Metal ores,short_lived,1979,1.2469531586416571
Sub-Saharan Africa,Metal ores,short_lived,1980,1.2630788422333494
Sub-Saharan Africa,Metal ores,short_lived,1981,1.3994853852483506
Sub-Saharan Africa,Metal ores,short_lived,1982,1.5601293246140073
Sub-Saharan Africa,Metal ores,short_lived,1983,1.3816148228982297
Sub-Saharan Africa,Metal ores,short_lived,1984,1.4137831665764575
Sub-Saharan Africa,Metal ores,short_lived,1985,1.4131344167880286
Sub-Saharan Africa,Metal ores,short_lived,1986,1.5231997508639237
Sub-Saharan Africa,Metal ores,short_lived,1987,1.4316973878311994
Sub-Saharan Africa,Metal ores,short_lived,1988,1.5522667635848713
Sub-Saharan Africa,Metal ores,short_lived,1989,1.4879343783780272
Sub-Saharan Africa,Metal ores,short_lived,1990,1.521407054581595
Sub-Saharan Africa,Metal ores,short_lived,1991,1.3945812042009205
Sub-Saharan Africa,Metal ores,short_lived,1992,1.460840120620476
Sub-Saharan Africa,Metal ores,short_lived,1993,1.4446240003277935
Sub-Saharan Africa,Metal ores,short_lived,1994,1.5380221503330842
Sub-Saharan Africa,Metal ores,short_lived,1995,1.45087008882548
Sub-Saharan Africa,Metal ores,short_lived,1996,1.4950813407683001
Sub-Saharan Africa,Metal ores,short_lived,1997,1.4644762693614972
Sub-Saharan Africa,Metal ores,short_lived,1998,1.5292099497580975
Sub-Saharan Africa,Metal ores,short_lived,1999,1.559558910601866
Sub-Saharan Africa,Metal ores,short_lived,2000,1.5576362988113415
Sub-Saharan Africa,Metal ores,short_lived,2001,1.5712368712132856
Sub-Saharan Africa,Metal ores,short_lived,2002,1.6933769878672285
Sub-Saharan Africa,Metal ores,short_lived,2003,1.715396100237963
Sub-Saharan Africa,Metal ores,short_lived,2004,1.7997484842895812
Sub-Saharan Africa,Metal ores,short_lived,2005,1.762371149666544
Sub-Saharan Africa,Metal ores,short_lived,2006,1.7923225885856946
Sub-Saharan Africa,Metal ores,short_lived,2007,1.9807515506137863
Sub-Saharan Africa,Metal ores,short_lived,2008,1.9702075793273883
Sub-Saharan Africa,Metal ores,short_lived,2009,2.0390905357374933
Sub-Saharan Africa,Metal ores,short_lived,2010,2.4729599552855426
Sub-Saharan Africa,Metal ores,short_lived,2011,3.5695905647684336
Sub-Saharan Africa,Metal ores,short_lived,2012,4.019611102103282
Sub-Saharan Africa,Metal ores,short_lived,2013,3.8516242661710605
Sub-Saharan Africa,Metal ores,short_lived,2014,4.527668103021384
Sub-Saharan Africa,Metal ores,short_lived,2015,4.557966688512773
Sub-Saharan Africa,Metal ores,short_lived,2016,4.627367653347223
Sub-Saharan Africa,Non-metallic minerals,buildings,1900,3.140870035257841
Sub-Saharan Africa,Non-metallic minerals,buildings,1901,3.200895186608921
Sub-Saharan Africa,Non-metallic minerals,buildings,1902,3.2604467293945407
Sub-Saharan Africa,Non-metallic minerals,buildings,1903,3.319551288384696
Sub-Saharan Africa,Non-metallic minerals,buildings,1904,3.3782364883731186
Sub-Saharan Africa,Non-metallic minerals,buildings,1905,3.436530600845011
Sub-Saharan Africa,Non-metallic minerals,buildings,1906,3.4944621840836216
Sub-Saharan Africa,Non-metallic minerals,buildings,1907,3.5520597209611386
Sub-Saharan Africa,Non-metallic minerals,buildings,1908,3.6093512772000618
Sub-Saharan Africa,Non-metallic minerals,buildings,1909,3.66636422167275
Sub-Saharan Africa,Non-metallic minerals,buildings,1910,3.7231250273142944
Sub-Saharan Africa,Non-metallic minerals,buildings,1911,3.779659106817719
Sub-Saharan Africa,Non-metallic minerals,buildings,1912,3.835990602461308
Sub-Saharan Africa,Non-metallic minerals,buildings,1913,3.892142104225256
Sub-Saharan Africa,Non-metallic minerals,buildings,1914,3.9481343925146843
Sub-Saharan Africa,Non-metallic minerals,buildings,1915,4.003986410410516
Sub-Saharan Africa,Non-metallic minerals,buildings,1916,4.0597156964650605
Sub-Saharan Africa,Non-metallic minerals,buildings,1917,4.115339439782148
Sub-Saharan Africa,Non-metallic minerals,buildings,1918,4.170876189806264
Sub-Saharan Africa,Non-metallic minerals,buildings,1919,4.22634811028488
Sub-Saharan Africa,Non-metallic minerals,buildings,1920,4.2817835426222866
Sub-Saharan Africa,Non-metallic minerals,buildings,1921,4.337219556225903
Sub-Saharan Africa,Non-metallic minerals,buildings,1922,4.392704122464546
Sub-Saharan Africa,Non-metallic minerals,buildings,1923,4.448297565577451
Sub-Saharan Africa,Non-metallic minerals,buildings,1924,4.504073034578088
Sub-Saharan Africa,Non-metallic minerals,buildings,1925,4.560115899375126
Sub-Saharan Africa,Non-metallic minerals,buildings,1926,4.6165221498197
Sub-Saharan Africa,Non-metallic minerals,buildings,1927,4.673396007333036
Sub-Saharan Africa,Non-metallic minerals,buildings,1928,4.730847024163718
Sub-Saharan Africa,Non-metallic minerals,buildings,1929,4.788986954327814
Sub-Saharan Africa,Non-metallic minerals,buildings,1930,4.847926650709483
Sub-Saharan Africa,Non-metallic minerals,buildings,1931,4.907773197473284
Sub-Saharan Africa,Non-metallic minerals,buildings,1932,4.968627437571351
Sub-Saharan Africa,Non-metallic minerals,buildings,1933,5.030581996444201
Sub-Saharan Africa,Non-metallic minerals,buildings,1934,5.09371983510827
Sub-Saharan Africa,Non-metallic minerals,buildings,1935,5.1581133084935695
Sub-Saharan Africa,Non-metallic minerals,buildings,1936,5.2238236843328645
Sub-Saharan Africa,Non-metallic minerals,buildings,1937,5.290901102277294
Sub-Saharan Africa,Non-metallic minerals,buildings,1938,5.35938500383658
Sub-Saharan Africa,Non-metallic minerals,buildings,1939,5.429305114863706
Sub-Saharan Africa,Non-metallic minerals,buildings,1940,5.500683103001244
Sub-Saharan Africa,Non-metallic minerals,buildings,1941,5.5735350606209595
Sub-Saharan Africa,Non-metallic minerals,buildings,1942,5.647874953412877
Sub-Saharan Africa,Non-metallic minerals,buildings,1943,5.723719070620214
Sub-Saharan Africa,Non-metallic minerals,buildings,1944,5.801091279683568
Sub-Saharan Africa,Non-metallic minerals,buildings,1945,5.880028570755727
Sub-Saharan Africa,Non-metallic minerals,buildings,1946,5.960586101327898
Sub-Saharan Africa,Non-metallic minerals,buildings,1947,6.042840864129087
Sub-Saharan Africa,Non-metallic minerals,buildings,1948,6.12689329248762
Sub-Saharan Africa,Non-metallic minerals,buildings,1949,6.212866560292437
Sub-Saharan Africa,Non-metallic minerals,buildings,1950,6.300903880945996
Sub-Saharan Africa,Non-metallic minerals,buildings,1951,6.3911645624358036
Sub-Saharan Africa,Non-metallic minerals,buildings,1952,6.483819782000802
Sub-Saharan Africa,Non-metallic minerals,buildings,1953,6.579048958863885
Sub-Saharan Africa,Non-metallic minerals,buildings,1954,6.677037287638707
Sub-Saharan Africa,Non-metallic minerals,buildings,1955,6.777974570748967
Sub-Saharan Africa,Non-metallic minerals,buildings,1956,6.882055084313955
Sub-Saharan Africa,Non-metallic minerals,buildings,1957,6.9894779246582175
Sub-Saharan Africa,Non-metallic minerals,buildings,1958,7.100447170388106
Sub-Saharan Africa,Non-metallic minerals,buildings,1959,7.215171287446394
Sub-Saharan Africa,Non-metallic minerals,buildings,1960,7.3338614931477055
Sub-Saharan Africa,Non-metallic minerals,buildings,1961,7.45672922065632
Sub-Saharan Africa,Non-metallic minerals,buildings,1962,7.583983296205351
Sub-Saharan Africa,Non-metallic minerals,buildings,1963,7.715827858642748
Sub-Saharan Africa,Non-metallic minerals,buildings,1964,7.85246230996765
Sub-Saharan Africa,Non-metallic minerals,buildings,1965,7.994084585738007
Sub-Saharan Africa,Non-metallic minerals,buildings,1966,8.140898722798143
Sub-Saharan Africa,Non-metallic minerals,buildings,1967,8.293127120879216
Sub-Saharan Africa,Non-metallic minerals,buildings,1968,8.451027169219266
Sub-Saharan Africa,Non-metallic minerals,buildings,1969,8.614911166466037
Sub-Saharan Africa,Non-metallic minerals,buildings,1970,8.785167793277013
Sub-Saharan Africa,Non-metallic minerals,buildings,1971,8.962282898502174
Sub-Saharan Africa,Non-metallic minerals,buildings,1972,9.14685710608377
Sub-Saharan Africa,Non-metallic minerals,buildings,1973,9.339617718911994
Sub-Saharan Africa,Non-metallic minerals,buildings,1974,9.541422586362218
Sub-Saharan Africa,Non-metallic minerals,buildings,1975,9.75325421960285
Sub-Saharan Africa,Non-metallic minerals,buildings,1976,9.976203715689312
Sub-Saharan Africa,Non-metallic minerals,buildings,1977,10.211445832542024
Sub-Saharan Africa,Non-metallic minerals,buildings,1978,10.460208237169066
Sub-Saharan Africa,Non-metallic minerals,buildings,1979,10.723738889315271
Sub-Saharan Africa,Non-metallic minerals,buildings,1980,11.003275510285937
Sub-Saharan Africa,Non-metallic minerals,buildings,1981,11.300020464103397
Sub-Saharan Africa,Non-metallic minerals,buildings,1982,11.615123711240384
Sub-Saharan Africa,Non-metallic minerals,buildings,1983,11.949675997101378
Sub-Saharan Africa,Non-metallic minerals,buildings,1984,12.304713863327937
Sub-Saharan Africa,Non-metallic minerals,buildings,1985,12.681237210820932
Sub-Saharan Africa,Non-metallic minerals,buildings,1986,13.080239058957185
Sub-Saharan Africa,Non-metallic minerals,buildings,1987,13.502745902443115
Sub-Saharan Africa,Non-metallic minerals,buildings,1988,13.949865675531523
Sub-Saharan Africa,Non-metallic minerals,buildings,1989,14.422839008827207
Sub-Saharan Africa,Non-metallic minerals,buildings,1990,14.923088482903843
Sub-Saharan Africa,Non-metallic minerals,buildings,1991,15.452260054982455
Sub-Saharan Africa,Non-metallic minerals,buildings,1992,16.01225102155271
Sub-Saharan Africa,Non-metallic minerals,buildings,1993,16.60522013659002
Sub-Saharan Africa,Non-metallic minerals,buildings,1994,17.233577651369178
Sub-Saharan Africa,Non-metallic minerals,buildings,1995,17.899955278712994
Sub-Saharan Africa,Non-metallic minerals,buildings,1996,18.60715761617652
Sub-Saharan Africa,Non-metallic minerals,buildings,1997,19.358097120119687
Sub-Saharan Africa,Non-metallic minerals,buildings,1998,20.15571459734428
Sub-Saharan Africa,Non-metallic minerals,buildings,1999,21.002887038313776
Sub-Saharan Africa,Non-metallic minerals,buildings,2000,21.90232521692179
Sub-Saharan Africa,Non-metallic minerals,buildings,2001,22.856465239265734
Sub-Saharan Africa,Non-metallic minerals,buildings,2002,23.86736117165134
Sub-Saharan Africa,Non-metallic minerals,buildings,2003,24.936589755339888
Sub-Saharan Africa,Non-metallic minerals,buildings,2004,26.065182032766337
Sub-Saharan Africa,Non-metallic minerals,buildings,2005,27.25359906544958
Sub-Saharan Africa,Non-metallic minerals,buildings,2006,28.501768562713455
Sub-Saharan Africa,Non-metallic minerals,buildings,2007,29.809194636787712
Sub-Saharan Africa,Non-metallic minerals,buildings,2008,31.17514293050443
Sub-Saharan Africa,Non-metallic minerals,buildings,2009,32.59888975090987
Sub-Saharan Africa,Non-metallic minerals,buildings,2010,34.08001127969266
Sub-Saharan Africa,Non-metallic minerals,buildings,2011,35.618681691746716
Sub-Saharan Africa,Non-metallic minerals,buildings,2012,37.215948221716424
Sub-Saharan Africa,Non-metallic minerals,buildings,2013,38.87395565803977
Sub-Saharan Africa,Non-metallic minerals,buildings,2014,40.59610093590345
Sub-Saharan Africa,Non-metallic minerals,buildings,2015,42.387108284552895
Sub-Saharan Africa,Non-metallic minerals,buildings,2016,44.253023938984285
Sub-Saharan Africa,Non-metallic minerals,civil_infrastructure,1900,0.08000946727180605
Sub-Saharan Africa,Non-metallic minerals,civil_infrastructure,1901,0.08825389231935148
Sub-Saharan Africa,Non-metallic minerals,civil_infrastructure,1902,0.09664361946861265
Sub-Saharan Africa,Non-metallic minerals,civil_infrastructure,1903,0.10515612432234739
Sub-Saharan Africa,Non-metallic minerals,civil_infrastructure,1904,0.11377338633079999
Sub-Saharan Africa,Non-metallic minerals,civil_infrastructure,1905,0.12248112317085183
Sub-Saharan Africa,Non-metallic minerals,civil_infrastructure,1906,0.13126809297154188
Sub-Saharan Africa,Non-metallic minerals,civil_infrastructure,1907,0.14012550219106018
Sub-Saharan Africa,Non-metallic minerals,civil_infrastructure,1908,0.14904674003598717
Sub-Saharan Africa,Non-metallic minerals,civil_infrastructure,1909,0.1580288152645989
Sub-Saharan Africa,Non-metallic minerals,civil_infrastructure,1910,0.16708042208321766
Sub-Saharan Africa,Non-metallic minerals,civil_infrastructure,1911,0.17624635888964954
Sub-Saharan Africa,Non-metallic minerals,civil_infrastructure,1912,0.1856546395654052
Sub-Saharan Africa,Non-metallic minerals,civil_infrastructure,1913,0.19557148818748982
Sub-Saharan Africa,Non-metallic minerals,civil_infrastructure,1914,0.206425787248894
Sub-Saharan Africa,Non-metallic minerals,civil_infrastructure,1915,0.21876810042367947
Sub-Saharan Africa,Non-metallic minerals,civil_infrastructure,1916,0.23315830778312496
Sub-Saharan Africa,Non-metallic minerals,civil_infrastructure,1917,0.2500043034825377
Sub-Saharan Africa,Non-metallic minerals,civil_infrastructure,1918,0.26939479001685124
Sub-Saharan Africa,Non-metallic minerals,civil_infrastructure,1919,0.2909822974837444
Sub-Saharan Africa,Non-metallic minerals,civil_infrastructure,1920,0.3139673262589552
Sub-Saharan Africa,Non-metallic minerals,civil_infrastructure,1921,0.33720603689761086
Sub-Saharan Africa,Non-metallic minerals,civil_infrastructure,1922,0.35942024996314387
Sub-Saharan Africa,Non-metallic minerals,civil_infrastructure,1923,0.37944814856226217
Sub-Saharan Africa,Non-metallic minerals,civil_infrastructure,1924,0.39645917262282826
Sub-Saharan Africa,Non-metallic minerals,civil_infrastructure,1925,0.41007534027786463
Sub-Saharan Africa,Non-metallic minerals,civil_infrastructure,1926,0.4203805474397533
Sub-Saharan Africa,Non-metallic minerals,civil_infrastructure,1927,0.4278375653630244
Sub-Saharan Africa,Non-metallic minerals,civil_infrastructure,1928,0.43315443081917704
Sub-Saharan Africa,Non-metallic minerals,civil_infrastructure,1929,0.4371441145154223
Sub-Saharan Africa,Non-metallic minerals,civil_infrastructure,1930,0.4406088166819765
Sub-Saharan Africa,Non-metallic minerals,civil_infrastructure,1931,0.4442623224326097
Sub-Saharan Africa,Non-metallic minerals,civil_infrastructure,1932,0.44868943924344734
Sub-Saharan Africa,Non-metallic minerals,civil_infrastructure,1933,0.4543352867556048
Sub-Saharan Africa,Non-metallic minerals,civil_infrastructure,1934,0.4615175870276226
Sub-Saharan Africa,Non-metallic minerals,civil_infrastructure,1935,0.4704554144411306
Sub-Saharan Africa,Non-metallic minerals,civil_infrastructure,1936,0.481304738987802
Sub-Saharan Africa,Non-metallic minerals,civil_infrastructure,1937,0.4941882945614968
Sub-Saharan Africa,Non-metallic minerals,civil_infrastructure,1938,0.5092057345342558
Sub-Saharan Africa,Non-metallic minerals,civil_infrastructure,1939,0.5264102915681056
Sub-Saharan Africa,Non-metallic minerals,civil_infrastructure,1940,0.545750514919831
Sub-Saharan Africa,Non-metallic minerals,civil_infrastructure,1941,0.5670052454245302
Sub-Saharan Africa,Non-metallic minerals,civil_infrastructure,1942,0.5897679874032506
Sub-Saharan Africa,Non-metallic minerals,civil_infrastructure,1943,0.6135306682209095
Sub-Saharan Africa,Non-metallic minerals,civil_infrastructure,1944,0.6378652948556415
Sub-Saharan Africa,Non-metallic minerals,civil_infrastructure,1945,0.6626361846450944
Sub-Saharan Africa,Non-metallic minerals,civil_infrastructure,1946,0.6881411819224601
Sub-Saharan Africa,Non-metallic minerals,civil_infrastructure,1947,0.7151013724555162
Sub-Saharan Africa,Non-metallic minerals,civil_infrastructure,1948,0.744490328675689
Sub-Saharan Africa,Non-metallic minerals,civil_infrastructure,1949,0.7772777216919303
Sub-Saharan Africa,Non-metallic minerals,civil_infrastructure,1950,0.8141982182764685
Sub-Saharan Africa,Non-metallic minerals,civil_infrastructure,1951,0.8556207992306212
Sub-Saharan Africa,Non-metallic minerals,civil_infrastructure,1952,0.9015263682551017
Sub-Saharan Africa,Non-metallic minerals,civil_infrastructure,1953,0.951558513302749
Sub-Saharan Africa,Non-metallic minerals,civil_infrastructure,1954,1.0051089945176066
Sub-Saharan Africa,Non-metallic minerals,civil_infrastructure,1955,1.0614144182550334
Sub-Saharan Africa,Non-metallic minerals,civil_infrastructure,1956,1.1196531941835406
Sub-Saharan Africa,Non-metallic minerals,civil_infrastructure,1957,1.1790396566796149
Sub-Saharan Africa,Non-metallic minerals,civil_infrastructure,1958,1.238916427658081
Sub-Saharan Africa,Non-metallic minerals,civil_infrastructure,1959,1.2988432320045586
Sub-Saharan Africa,Non-metallic minerals,civil_infrastructure,1960,1.3586642432172737
Sub-Saharan Africa,Non-metallic minerals,civil_infrastructure,1961,1.418518302195647
Sub-Saharan Africa,Non-metallic minerals,civil_infrastructure,1962,1.4787781373523814
Sub-Saharan Africa,Non-metallic minerals,civil_infrastructure,1963,1.5399619791833652
Sub-Saharan Africa,Non-metallic minerals,civil_infrastructure,1964,1.602679628838522
Sub-Saharan Africa,Non-metallic minerals,civil_infrastructure,1965,1.6676287309073352
Sub-Saharan Africa,Non-metallic minerals,civil_infrastructure,1966,1.7356023198668233
Sub-Saharan Africa,Non-metallic minerals,civil_infrastructure,1967,1.8074487003767143
Sub-Saharan Africa,Non-metallic minerals,civil_infrastructure,1968,1.8839362612557182
Sub-Saharan Africa,Non-metallic minerals,civil_infrastructure,1969,1.9655206117427946
Sub-Saharan Africa,Non-metallic minerals,civil_infrastructure,1970,2.05210369245388
Sub-Saharan Africa,Non-metallic minerals,civil_infrastructure,1971,2.142958478211248
Sub-Saharan Africa,Non-metallic minerals,civil_infrastructure,1972,2.23695031849828
Sub-Saharan Africa,Non-metallic minerals,civil_infrastructure,1973,2.3330091950425502
Sub-Saharan Africa,Non-metallic minerals,civil_infrastructure,1974,2.430643856937525
Sub-Saharan Africa,Non-metallic minerals,civil_infrastructure,1975,2.5302701756273973
Sub-Saharan Africa,Non-metallic minerals,civil_infrastructure,1976,2.633241817040375
Sub-Saharan Africa,Non-metallic minerals,civil_infrastructure,1977,2.7416164872504027
Sub-Saharan Africa,Non-metallic minerals,civil_infrastructure,1978,2.8577685440116944
Sub-Saharan Africa,Non-metallic minerals,civil_infrastructure,1979,2.9839248463938857
Sub-Saharan Africa,Non-metallic minerals,civil_infrastructure,1980,3.121607277294189
Sub-Saharan Africa,Non-metallic minerals,civil_infrastructure,1981,3.27098258822884
Sub-Saharan Africa,Non-metallic minerals,civil_infrastructure,1982,3.430314459288989
Sub-Saharan Africa,Non-metallic minerals,civil_infrastructure,1983,3.5958730790558913
Sub-Saharan Africa,Non-metallic minerals,civil_infrastructure,1984,3.7625431638909577
Sub-Saharan Africa,Non-metallic minerals,civil_infrastructure,1985,3.925012691865546
Sub-Saharan Africa,Non-metallic minerals,civil_infrastructure,1986,4.079105780756247
Sub-Saharan Africa,Non-metallic minerals,civil_infrastructure,1987,4.222781217106992
Sub-Saharan Africa,Non-metallic minerals,civil_infrastructure,1988,4.356537781189953
Sub-Saharan Africa,Non-metallic minerals,civil_infrastructure,1989,4.483256530667154
Sub-Saharan Africa,Non-metallic minerals,civil_infrastructure,1990,4.607661514699559
Sub-Saharan Africa,Non-metallic minerals,civil_infrastructure,1991,4.735533970054254
Sub-Saharan Africa,Non-metallic minerals,civil_infrastructure,1992,4.872719134723665
Sub-Saharan Africa,Non-metallic minerals,civil_infrastructure,1993,5.024001617454846
Sub-Saharan Africa,Non-metallic minerals,civil_infrastructure,1994,5.192086080241586
Sub-Saharan Africa,Non-metallic minerals,civil_infrastructure,1995,5.377018879129377
Sub-Saharan Africa,Non-metallic minerals,civil_infrastructure,1996,5.576293892023992
Sub-Saharan Africa,Non-metallic minerals,civil_infrastructure,1997,5.78565981613854
Sub-Saharan Africa,Non-metallic minerals,civil_infrastructure,1998,6.00037906483653
Sub-Saharan Africa,Non-metallic minerals,civil_infrastructure,1999,6.216452892914588
Sub-Saharan Africa,Non-metallic minerals,civil_infrastructure,2000,6.431308971544446
Sub-Saharan Africa,Non-metallic minerals,civil_infrastructure,2001,6.643797993020475
Sub-Saharan Africa,Non-metallic minerals,civil_infrastructure,2002,6.853840936686698
Sub-Saharan Africa,Non-metallic minerals,civil_infrastructure,2003,7.062206657885197
Sub-Saharan Africa,Non-metallic minerals,civil_infrastructure,2004,7.270553987851702
Sub-Saharan Africa,Non-metallic minerals,civil_infrastructure,2005,7.481496855544465
Sub-Saharan Africa,Non-metallic minerals,civil_infrastructure,2006,7.698414041360569
Sub-Saharan Africa,Non-metallic minerals,civil_infrastructure,2007,7.924925709066042
Sub-Saharan Africa,Non-metallic minerals,civil_infrastructure,2008,8.164194389314595
Sub-Saharan Africa,Non-metallic minerals,civil_infrastructure,2009,8.418403561482354
Sub-Saharan Africa,Non-metallic minerals,civil_infrastructure,2010,8.68876253917461
Sub-Saharan Africa,Non-metallic minerals,civil_infrastructure,2011,8.976053368542095
Sub-Saharan Africa,Non-metallic minerals,civil_infrastructure,2012,9.28132211454789
Sub-Saharan Africa,Non-metallic minerals,civil_infrastructure,2013,9.60622789266121
Sub-Saharan Africa,Non-metallic minerals,civil_infrastructure,2014,9.952878149777364
Sub-Saharan Africa,Non-metallic minerals,civil_infrastructure,2015,10.32339200262582
Sub-Saharan Africa,Non-metallic minerals,civil_infrastructure,2016,10.719619664562131
Sub-Saharan Africa,Non-metallic minerals,machinery,1900,8.814192377346977e-4
Sub-Saharan Africa,Non-metallic minerals,machinery,1901,8.930445837915989e-4
Sub-Saharan Africa,Non-metallic minerals,machinery,1902,9.047271680057394e-4
Sub-Saharan Africa,Non-metallic minerals,machinery,1903,9.1642537298511e-4
Sub-Saharan Africa,Non-metallic minerals,machinery,1904,9.281032001062606e-4
Sub-Saharan Africa,Non-metallic minerals,machinery,1905,9.397346193093052e-4
Sub-Saharan Africa,Non-metallic minerals,machinery,1906,9.513257853701291e-4
Sub-Saharan Africa,Non-metallic minerals,machinery,1907,9.630948179214205e-4
Sub-Saharan Africa,Non-metallic minerals,machinery,1908,9.76017884127967e-4
Sub-Saharan Africa,Non-metallic minerals,machinery,1909,9.923412912868526e-4
Sub-Saharan Africa,Non-metallic minerals,machinery,1910,0.0010150620531082773
Sub-Saharan Africa,Non-metallic minerals,machinery,1911,0.0010463576794526384
Sub-Saharan Africa,Non-metallic minerals,machinery,1912,0.001086279170340717
Sub-Saharan Africa,Non-metallic minerals,machinery,1913,0.0011327444298288396
Sub-Saharan Africa,Non-metallic minerals,machinery,1914,0.0011826093957741845
Sub-Saharan Africa,Non-metallic minerals,machinery,1915,0.0012328916378870174
Sub-Saharan Africa,Non-metallic minerals,machinery,1916,0.0012814666412090284
Sub-Saharan Africa,Non-metallic minerals,machinery,1917,0.0013271982559645487
Sub-Saharan Africa,Non-metallic minerals,machinery,1918,0.0013698364170648526
Sub-Saharan Africa,Non-metallic minerals,machinery,1919,0.001409899616129562
Sub-Saharan Africa,Non-metallic minerals,machinery,1920,0.0014485065295879375
Sub-Saharan Africa,Non-metallic minerals,machinery,1921,0.0014870442870970654
Sub-Saharan Africa,Non-metallic minerals,machinery,1922,0.0015266122435805233
Sub-Saharan Africa,Non-metallic minerals,machinery,1923,0.0015674270099338733
Sub-Saharan Africa,Non-metallic minerals,machinery,1924,0.0016087129097706768
Sub-Saharan Africa,Non-metallic minerals,machinery,1925,0.0016493104519822743
Sub-Saharan Africa,Non-metallic minerals,machinery,1926,0.0016884544422648634
Sub-Saharan Africa,Non-metallic minerals,machinery,1927,0.0017261337257716486
Sub-Saharan Africa,Non-metallic minerals,machinery,1928,0.00176303539115073
Sub-Saharan Africa,Non-metallic minerals,machinery,1929,0.0018002578996088904
Sub-Saharan Africa,Non-metallic minerals,machinery,1930,0.0018389658812480907
Sub-Saharan Africa,Non-metallic minerals,machinery,1931,0.0018802486974683929
Sub-Saharan Africa,Non-metallic minerals,machinery,1932,0.001925195959809847
Sub-Saharan Africa,Non-metallic minerals,machinery,1933,0.0019749014985470294
Sub-Saharan Africa,Non-metallic minerals,machinery,1934,0.0020302302219925624
Sub-Saharan Africa,Non-metallic minerals,machinery,1935,0.0020915028133682806
Sub-Saharan Africa,Non-metallic minerals,machinery,1936,0.0021583634930800355
Sub-Saharan Africa,Non-metallic minerals,machinery,1937,0.0022298797726460614
Sub-Saharan Africa,Non-metallic minerals,machinery,1938,0.0023046384871224213
Sub-Saharan Africa,Non-metallic minerals,machinery,1939,0.0023806602946713482
Sub-Saharan Africa,Non-metallic minerals,machinery,1940,0.0024553774951829293
Sub-Saharan Africa,Non-metallic minerals,machinery,1941,0.002526123373684545
Sub-Saharan Africa,Non-metallic minerals,machinery,1942,0.002591153129901034
Sub-Saharan Africa,Non-metallic minerals,machinery,1943,0.002650574489317851
Sub-Saharan Africa,Non-metallic minerals,machinery,1944,0.0027064937249080996
Sub-Saharan Africa,Non-metallic minerals,machinery,1945,0.0027622690125631987
Sub-Saharan Africa,Non-metallic minerals,machinery,1946,0.002821293955082883
Sub-Saharan Africa,Non-metallic minerals,machinery,1947,0.0028858917733086374
Sub-Saharan Africa,Non-metallic minerals,machinery,1948,0.002956843699768985
Sub-Saharan Africa,Non-metallic minerals,machinery,1949,0.0030336918825073327
Sub-Saharan Africa,Non-metallic minerals,machinery,1950,0.0031154449511473746
Sub-Saharan Africa,Non-metallic minerals,machinery,1951,0.0032011744041465333
Sub-Saharan Africa,Non-metallic minerals,machinery,1952,0.0032902575190418906
Sub-Saharan Africa,Non-metallic minerals,machinery,1953,0.003382339422099633
Sub-Saharan Africa,Non-metallic minerals,machinery,1954,0.003477214793236698
Sub-Saharan Africa,Non-metallic minerals,machinery,1955,0.003574781135254835
Sub-Saharan Africa,Non-metallic minerals,machinery,1956,0.0036750565621102554
Sub-Saharan Africa,Non-metallic minerals,machinery,1957,0.0037781424628544947
Sub-Saharan Africa,Non-metallic minerals,machinery,1958,0.0038841603321701904
Sub-Saharan Africa,Non-metallic minerals,machinery,1959,0.0039934168539621714
Sub-Saharan Africa,Non-metallic minerals,machinery,1960,0.004106855474297749
Sub-Saharan Africa,Non-metallic minerals,machinery,1961,0.004226394273392205
Sub-Saharan Africa,Non-metallic minerals,machinery,1962,0.004354775242439468
Sub-Saharan Africa,Non-metallic minerals,machinery,1963,0.0044950111494206375
Sub-Saharan Africa,Non-metallic minerals,machinery,1964,0.004649750109410748
Sub-Saharan Africa,Non-metallic minerals,machinery,1965,0.004820744112024416
Sub-Saharan Africa,Non-metallic minerals,machinery,1966,0.005008473006637745
Sub-Saharan Africa,Non-metallic minerals,machinery,1967,0.005212164647498361
Sub-Saharan Africa,Non-metallic minerals,machinery,1968,0.005430523003206594
Sub-Saharan Africa,Non-metallic minerals,machinery,1969,0.005662780994870721
Sub-Saharan Africa,Non-metallic minerals,machinery,1970,0.005909414040939844
Sub-Saharan Africa,Non-metallic minerals,machinery,1971,0.006172692192852374
Sub-Saharan Africa,Non-metallic minerals,machinery,1972,0.006456836423599704
Sub-Saharan Africa,Non-metallic minerals,machinery,1973,0.006766353604369627
Sub-Saharan Africa,Non-metallic minerals,machinery,1974,0.007103262563435663
Sub-Saharan Africa,Non-metallic minerals,machinery,1975,0.00746610318280552
Sub-Saharan Africa,Non-metallic minerals,machinery,1976,0.007851358745891256
Sub-Saharan Africa,Non-metallic minerals,machinery,1977,0.008255886169188317
Sub-Saharan Africa,Non-metallic minerals,machinery,1978,0.008678619416063276
Sub-Saharan Africa,Non-metallic minerals,machinery,1979,0.009119599544340695
Sub-Saharan Africa,Non-metallic minerals,machinery,1980,0.009576602880140787
Sub-Saharan Africa,Non-metallic minerals,machinery,1981,0.010042526164297646
Sub-Saharan Africa,Non-metallic minerals,machinery,1982,0.01050568224173901
Sub-Saharan Africa,Non-metallic minerals,machinery,1983,0.01095207153877007
Sub-Saharan Africa,Non-metallic minerals,machinery,1984,0.011368009929096307
Sub-Saharan Africa,Non-metallic minerals,machinery,1985,0.011742380898763845
Sub-Saharan Africa,Non-metallic minerals,machinery,1986,0.012068747347067891
Sub-Saharan Africa,Non-metallic minerals,machinery,1987,0.012347321239800342
Sub-Saharan Africa,Non-metallic minerals,machinery,1988,0.012586335751374118
Sub-Saharan Africa,Non-metallic minerals,machinery,1989,0.012803495103025652
Sub-Saharan Africa,Non-metallic minerals,machinery,1990,0.01302585163732129
Sub-Saharan Africa,Non-metallic minerals,machinery,1991,0.013283720721839112
Sub-Saharan Africa,Non-metallic minerals,machinery,1992,0.013600304196790902
Sub-Saharan Africa,Non-metallic minerals,machinery,1993,0.013983934056037945
Sub-Saharan Africa,Non-metallic minerals,machinery,1994,0.014426693953739238
Sub-Saharan Africa,Non-metallic minerals,machinery,1995,0.014910087058040141
Sub-Saharan Africa,Non-metallic minerals,machinery,1996,0.015414495040810829
Sub-Saharan Africa,Non-metallic minerals,machinery,1997,0.015920546831651887
Sub-Saharan Africa,Non-metallic minerals,machinery,1998,0.016390995149261796
Sub-Saharan Africa,Non-metallic minerals,machinery,1999,0.016754386036792263
Sub-Saharan Africa,Non-metallic minerals,machinery,2000,0.016950702023192665
Sub-Saharan Africa,Non-metallic minerals,machinery,2001,0.017050216767217057
Sub-Saharan Africa,Non-metallic minerals,machinery,2002,0.01731040000447744
Sub-Saharan Africa,Non-metallic minerals,machinery,2003,0.018078605881256763
Sub-Saharan Africa,Non-metallic minerals,machinery,2004,0.01967112944100832
Sub-Saharan Africa,Non-metallic minerals,machinery,2005,0.02228004646028007
Sub-Saharan Africa,Non-metallic minerals,machinery,2006,0.025787843940107632
Sub-Saharan Africa,Non-metallic minerals,machinery,2007,0.02958623517329104
Sub-Saharan Africa,Non-metallic minerals,machinery,2008,0.03271117143024543
Sub-Saharan Africa,Non-metallic minerals,machinery,2009,0.03430719186738468
Sub-Saharan Africa,Non-metallic minerals,machinery,2010,0.0340482070110696
Sub-Saharan Africa,Non-metallic minerals,machinery,2011,0.03221719696068395
Sub-Saharan Africa,Non-metallic minerals,machinery,2012,0.029491471395984733
Sub-Saharan Africa,Non-metallic minerals,machinery,2013,0.026658850535619307
Sub-Saharan Africa,Non-metallic minerals,machinery,2014,0.02439071783490654
Sub-Saharan Africa,Non-metallic minerals,machinery,2015,0.02307543105824719
Sub-Saharan Africa,Non-metallic minerals,machinery,2016,0.022756476378554224
Sub-Saharan Africa,Non-metallic minerals,short_lived,1900,0.08748291907915218
Sub-Saharan Africa,Non-metallic minerals,short_lived,1901,0.09176689360803635
Sub-Saharan Africa,Non-metallic minerals,short_lived,1902,0.09327636598989919
Sub-Saharan Africa,Non-metallic minerals,short_lived,1903,0.0949232159263206
Sub-Saharan Africa,Non-metallic minerals,short_lived,1904,0.09652660157175054
Sub-Saharan Africa,Non-metallic minerals,short_lived,1905,0.09809117670629308
Sub-Saharan Africa,Non-metallic minerals,short_lived,1906,0.09987729844966328
Sub-Saharan Africa,Non-metallic minerals,short_lived,1907,0.10161305510443147
Sub-Saharan Africa,Non-metallic minerals,short_lived,1908,0.1032152858070781
Sub-Saharan Africa,Non-metallic minerals,short_lived,1909,0.10458944169373317
Sub-Saharan Africa,Non-metallic minerals,short_lived,1910,0.1063031592399178
Sub-Saharan Africa,Non-metallic minerals,short_lived,1911,0.10818324407182614
Sub-Saharan Africa,Non-metallic minerals,short_lived,1912,0.11010866520997128
Sub-Saharan Africa,Non-metallic minerals,short_lived,1913,0.11220694486168288
Sub-Saharan Africa,Non-metallic minerals,short_lived,1914,0.11418857563761434
Sub-Saharan Africa,Non-metallic minerals,short_lived,1915,0.11480462764989369
Sub-Saharan Africa,Non-metallic minerals,short_lived,1916,0.11528298502110447
Sub-Saharan Africa,Non-metallic minerals,short_lived,1917,0.11744301309858785
Sub-Saharan Africa,Non-metallic minerals,short_lived,1918,0.11872830753091898
Sub-Saharan Africa,Non-metallic minerals,short_lived,1919,0.1196699887628834
Sub-Saharan Africa,Non-metallic minerals,short_lived,1920,0.12158280561086601
Sub-Saharan Africa,Non-metallic minerals,short_lived,1921,0.12363375246669372
Sub-Saharan Africa,Non-metallic minerals,short_lived,1922,0.12597961588645556
Sub-Saharan Africa,Non-metallic minerals,short_lived,1923,0.13021134667898115
Sub-Saharan Africa,Non-metallic minerals,short_lived,1924,0.13405767627424725
Sub-Saharan Africa,Non-metallic minerals,short_lived,1925,0.13814268094327917
Sub-Saharan Africa,Non-metallic minerals,short_lived,1926,0.14222425177494283
Sub-Saharan Africa,Non-metallic minerals,short_lived,1927,0.14601953462683254
Sub-Saharan Africa,Non-metallic minerals,short_lived,1928,0.1500875584134486
Sub-Saharan Africa,Non-metallic minerals,short_lived,1929,0.154093464686572
Sub-Saharan Africa,Non-metallic minerals,short_lived,1930,0.15815085889213637
Sub-Saharan Africa,Non-metallic minerals,short_lived,1931,0.16111768026715168
Sub-Saharan Africa,Non-metallic minerals,short_lived,1932,0.1639624175013332
Sub-Saharan Africa,Non-metallic minerals,short_lived,1933,0.1669106859912045
Sub-Saharan Africa,Non-metallic minerals,short_lived,1934,0.17074611413220028
Sub-Saharan Africa,Non-metallic minerals,short_lived,1935,0.17506005899706215
Sub-Saharan Africa,Non-metallic minerals,short_lived,1936,0.17936490357829676
Sub-Saharan Africa,Non-metallic minerals,short_lived,1937,0.18368890068188565
Sub-Saharan Africa,Non-metallic minerals,short_lived,1938,0.18854190673810656
Sub-Saharan Africa,Non-metallic minerals,short_lived,1939,0.1920043389031098
Sub-Saharan Africa,Non-metallic minerals,short_lived,1940,0.19630953752198213
Sub-Saharan Africa,Non-metallic minerals,short_lived,1941,0.20113305865576947
Sub-Saharan Africa,Non-metallic minerals,short_lived,1942,0.20589299613414555
Sub-Saharan Africa,Non-metallic minerals,short_lived,1943,0.21071870482030083
Sub-Saharan Africa,Non-metallic minerals,short_lived,1944,0.2155702419700895
Sub-Saharan Africa,Non-metallic minerals,short_lived,1945,0.22048218388310434
Sub-Saharan Africa,Non-metallic minerals,short_lived,1946,0.22530572531325713
Sub-Saharan Africa,Non-metallic minerals,short_lived,1947,0.2300267194461061
Sub-Saharan Africa,Non-metallic minerals,short_lived,1948,0.23163491881501408
Sub-Saharan Africa,Non-metallic minerals,short_lived,1949,0.23683452795367357
Sub-Saharan Africa,Non-metallic minerals,short_lived,1950,0.24210323288213254
Sub-Saharan Africa,Non-metallic minerals,short_lived,1951,0.24745136244443244
Sub-Saharan Africa,Non-metallic minerals,short_lived,1952,0.25728097330172073
Sub-Saharan Africa,Non-metallic minerals,short_lived,1953,0.2670338982739824
Sub-Saharan Africa,Non-metallic minerals,short_lived,1954,0.27763833597596044
Sub-Saharan Africa,Non-metallic minerals,short_lived,1955,0.28894377170129626
Sub-Saharan Africa,Non-metallic minerals,short_lived,1956,0.3009058131171363
Sub-Saharan Africa,Non-metallic minerals,short_lived,1957,0.31275810034668156
Sub-Saharan Africa,Non-metallic minerals,short_lived,1958,0.32575721640359623
Sub-Saharan Africa,Non-metallic minerals,short_lived,1959,0.33719517423516626
Sub-Saharan Africa,Non-metallic minerals,short_lived,1960,0.3511067830992405
Sub-Saharan Africa,Non-metallic minerals,short_lived,1961,0.3646194087339939
Sub-Saharan Africa,Non-metallic minerals,short_lived,1962,0.37730517707138633
Sub-Saharan Africa,Non-metallic minerals,short_lived,1963,0.39270701192604285
Sub-Saharan Africa,Non-metallic minerals,short_lived,1964,0.4146027189996326
Sub-Saharan Africa,Non-metallic minerals,short_lived,1965,0.4361285887872962
Sub-Saharan Africa,Non-metallic minerals,short_lived,1966,0.4481937587362185
Sub-Saharan Africa,Non-metallic minerals,short_lived,1967,0.46058066252958124
Sub-Saharan Africa,Non-metallic minerals,short_lived,1968,0.47790642877532113
Sub-Saharan Africa,Non-metallic minerals,short_lived,1969,0.49929325479810766
Sub-Saharan Africa,Non-metallic minerals,short_lived,1970,0.526565487465359
Sub-Saharan Africa,Non-metallic minerals,short_lived,1971,0.554311262561715
Sub-Saharan Africa,Non-metallic minerals,short_lived,1972,0.6216854724531642
Sub-Saharan Africa,Non-metallic minerals,short_lived,1973,0.6231262231053402
Sub-Saharan Africa,Non-metallic minerals,short_lived,1974,0.8010960047199667
Sub-Saharan Africa,Non-metallic minerals,short_lived,1975,0.5603196965462541
Sub-Saharan Africa,Non-metallic minerals,short_lived,1976,0.4528788009458949
Sub-Saharan Africa,Non-metallic minerals,short_lived,1977,0.3316285882107376
Sub-Saharan Africa,Non-metallic minerals,short_lived,1978,0.29280807184043284
Sub-Saharan Africa,Non-metallic minerals,short_lived,1979,0.4185360358878638
Sub-Saharan Africa,Non-metallic minerals,short_lived,1980,0.3911272174423911
Sub-Saharan Africa,Non-metallic minerals,short_lived,1981,0.5072562850135082
Sub-Saharan Africa,Non-metallic minerals,short_lived,1982,0.9583292497654203
Sub-Saharan Africa,Non-metallic minerals,short_lived,1983,1.0020088351802499
Sub-Saharan Africa,Non-metallic minerals,short_lived,1984,1.141725661707058
Sub-Saharan Africa,Non-metallic minerals,short_lived,1985,0.9110838309603072
Sub-Saharan Africa,Non-metallic minerals,short_lived,1986,0.9647196027713312
Sub-Saharan Africa,Non-metallic minerals,short_lived,1987,1.0973746425643218
Sub-Saharan Africa,Non-metallic minerals,short_lived,1988,1.0414900525591244
Sub-Saharan Africa,Non-metallic minerals,short_lived,1989,1.050200317856039
Sub-Saharan Africa,Non-metallic minerals,short_lived,1990,1.1294049984988581
Sub-Saharan Africa,Non-metallic minerals,short_lived,1991,1.2252249133883362
Sub-Saharan Africa,Non-metallic minerals,short_lived,1992,1.2706357997963091
Sub-Saharan Africa,Non-metallic minerals,short_lived,1993,1.2102895585770121
Sub-Saharan Africa,Non-metallic minerals,short_lived,1994,1.305856845818868
Sub-Saharan Africa,Non-metallic minerals,short_lived,1995,1.3755347506867945
Sub-Saharan Africa,Non-metallic minerals,short_lived,1996,1.517293279990335
Sub-Saharan Africa,Non-metallic minerals,short_lived,1997,1.490282297727277
Sub-Saharan Africa,Non-metallic minerals,short_lived,1998,1.5073229270453994
Sub-Saharan Africa,Non-metallic minerals,short_lived,1999,1.5017532210614235
Sub-Saharan Africa,Non-metallic minerals,short_lived,2000,1.406980738380138
Sub-Saharan Africa,Non-metallic minerals,short_lived,2001,1.3681020830622455
Sub-Saharan Africa,Non-metallic minerals,short_lived,2002,1.3805842280759006
Sub-Saharan Africa,Non-metallic minerals,short_lived,2003,1.4539863528110817
Sub-Saharan Africa,Non-metallic minerals,short_lived,2004,1.4844793071022462
Sub-Saharan Africa,Non-metallic minerals,short_lived,2005,1.5103940958788598
Sub-Saharan Africa,Non-metallic minerals,short_lived,2006,1.5183232953767283
Sub-Saharan Africa,Non-metallic minerals,short_lived,2007,1.5293902199057756
Sub-Saharan Africa,Non-metallic minerals,short_lived,2008,1.6379087832200527
Sub-Saharan Africa,Non-metallic minerals,short_lived,2009,1.6242560818477176
Sub-Saharan Africa,Non-metallic minerals,short_lived,2010,1.9896688883856903
Sub-Saharan Africa,Non-metallic minerals,short_lived,2011,2.017517209939689
Sub-Saharan Africa,Non-metallic minerals,short_lived,2012,2.0665929247654673
Sub-Saharan Africa,Non-metallic minerals,short_lived,2013,2.1413586488757597
Sub-Saharan Africa,Non-metallic minerals,short_lived,2014,2.1745801514739056
Sub-Saharan Africa,Non-metallic minerals,short_lived,2015,2.3005792932384446
Sub-Saharan Africa,Non-metallic minerals,short_lived,2016,2.4637151631295002
